epoch,grad/last_mlp,grad/lm_head,grad/q_head,grad/total_norm,step,train/accuracy,train/early_halt_rate,train/exact_accuracy,train/lm_loss,train/lr,train/q_halt_accuracy,train/q_halt_loss,train/steps,val/accuracy,val/exact_accuracy,val/lm_loss,val/loss,val/q_halt_accuracy,val/q_halt_loss,val/steps
0,1.195733904838562,0.7103027105331421,0.01671496406197548,3.0866875648498535,49,0.14453125,0.0,0.0,2.1131354556632704,2.4500000108673703e-06,1.0,0.006715297698974609,16.0,,,,,,,
0,1.1953293085098267,0.6714808940887451,0.01682407781481743,3.083482503890991,99,0.1484375,0.0,0.0,2.1001779822825184,4.949999947712058e-06,1.0,0.006715297698974609,16.0,,,,,,,
0,1.158194899559021,0.6633428931236267,0.015458407811820507,2.979405403137207,149,0.17578125,0.0,0.0,2.0008916555753213,7.449999884556746e-06,1.0,0.006560802459716797,16.0,,,,,,,
0,1.1912841796875,0.6723097562789917,0.016027729958295822,3.0733442306518555,199,0.23046875,0.0,0.0,1.9455200331315745,9.950000276148785e-06,1.0,0.006491035223007202,16.0,,,,,,,
0,1.1357637643814087,0.6734185814857483,0.01601417176425457,2.926079750061035,249,0.228515625,0.0,0.0,1.8508197951547762,1.2450000212993473e-05,1.0,0.006299525499343872,16.0,,,,,,,
0,1.0356420278549194,0.6287912726402283,0.017780767753720284,2.7032504081726074,299,0.259765625,0.0,0.0,1.7094970107872907,1.495000014983816e-05,1.0,0.005945086479187012,16.0,,,,,,,
1,0.8890626430511475,0.5446773767471313,0.020076125860214233,2.364471912384033,349,0.263671875,0.0,0.0,1.593862947145778,1.745000008668285e-05,1.0,0.005294963717460632,16.0,,,,,,,
1,0.6575387120246887,0.425167977809906,0.021064631640911102,1.741214632987976,399,0.306640625,0.0,0.0,1.4276749296411049,1.9949999114032835e-05,1.0,0.004255637526512146,16.0,,,,,,,
1,0.3983793556690216,0.26982569694519043,0.022230682894587517,1.0091394186019897,449,0.34375,0.0,0.0,1.381798969466904,2.2449999960372224e-05,1.0,0.0032170265913009644,16.0,,,,,,,
1,0.2779277563095093,0.19504769146442413,0.018407568335533142,0.6855099201202393,499,0.40234375,0.0,0.0,1.3548968808762212,2.4950000806711614e-05,1.0,0.002250373363494873,16.0,,,,,,,
1,0.27961990237236023,0.1842317283153534,0.014062583446502686,0.7046538591384888,549,0.458984375,0.0,0.0,1.2877098421754056,2.74499998340616e-05,1.0,0.001657634973526001,16.0,,,,,,,
1,0.35316818952560425,0.23144662380218506,0.010664300061762333,0.9158806800842285,599,0.5,0.0,0.0,1.1970842448862853,2.995000068040099e-05,1.0,0.0013071894645690918,16.0,,,,,,,
2,0.4560956656932831,0.3258951008319855,0.00757115101441741,1.2112354040145874,649,0.5703125,0.0,0.0,1.0242883335322075,3.2449999707750976e-05,1.0,0.0009190291166305542,16.0,,,,,,,
2,0.44022104144096375,0.2556403577327728,0.006250706966966391,1.1998066902160645,699,0.65234375,0.0,0.0,0.9232587996623072,3.4950000554090366e-05,1.0,0.0010524839162826538,16.0,,,,,,,
2,0.3866710960865021,0.23928490281105042,0.006744430400431156,1.1154948472976685,749,0.724609375,0.0,0.0,0.7531898004931818,3.7450001400429755e-05,1.0,0.0010889023542404175,16.0,,,,,,,
2,0.3367457985877991,0.21428892016410828,0.34834054112434387,1.0204297304153442,799,0.822265625,0.0,0.03125,0.5361400936812539,3.994999860879034e-05,0.96875,0.2023903727531433,16.0,,,,,,,
2,0.3882559835910797,0.24804207682609558,0.7658497095108032,1.3633337020874023,849,0.884765625,0.0,0.25,0.3923093427587179,4.244999945512973e-05,0.75,1.3007316589355469,16.0,,,,,,,
2,0.32922273874282837,0.17109812796115875,0.8911597728729248,1.3037036657333374,899,0.890625,0.0,0.28125,0.3823162380606133,4.495000030146912e-05,0.71875,1.2719117403030396,16.0,,,,,,,
3,0.34057238698005676,0.15418781340122223,2.4687283039093018,2.66975998878479,949,0.94140625,0.0,0.59375,0.2839402441905492,4.745000114780851e-05,0.40625,1.8573851585388184,16.0,,,,,,,
3,0.3326202630996704,0.17656652629375458,3.1553397178649902,3.2571167945861816,999,0.9609375,0.0,0.71875,0.20680288099507607,4.994999835616909e-05,0.28125,1.165574073791504,16.0,,,,,,,
3,0.2741581201553345,0.19908979535102844,2.354340076446533,2.4440791606903076,1049,0.9659090638160706,1.0,0.6363636255264282,0.22969675301865425,5.244999920250848e-05,0.6363636255264282,0.7014521360397339,4.545454502105713,,,,,,,
3,0.25746825337409973,0.1304541975259781,0.41865473985671997,0.9114116430282593,1099,0.8916666507720947,1.0,0.46666666865348816,0.2847875308721555,5.495000004884787e-05,0.46666666865348816,0.7042219042778015,1.2666666507720947,,,,,,,
3,0.2377878874540329,0.1144505962729454,0.6800136566162109,1.041834831237793,1149,0.9399999976158142,1.0,0.6800000071525574,0.2619036402943178,5.745000089518726e-05,0.6800000071525574,0.5436834692955017,1.6399999856948853,,,,,,,
3,0.38561344146728516,0.10470689088106155,1.3249469995498657,2.0623891353607178,1199,0.9895833134651184,1.0,0.875,0.1784402671140366,5.995000174152665e-05,0.875,0.4563992917537689,1.125,,,,,,,
4,0.38685643672943115,0.10511934012174606,1.1822924613952637,1.969468116760254,1249,0.9719827771186829,1.0,0.8275862336158752,0.13286532315154342,6.245000258786604e-05,0.8275862336158752,0.521416187286377,1.3448275327682495,,,,,,,
4,0.3496302664279938,0.0847678855061531,0.6150892376899719,1.2312846183776855,1299,0.9807692170143127,1.0,0.8846153616905212,0.12747091130609686,6.494999979622662e-05,0.8846153616905212,0.34234529733657837,1.307692289352417,,,,,,,
4,0.20529170334339142,0.06970220804214478,0.2597106397151947,0.7153187990188599,1349,0.9624999761581421,1.0,0.8666666746139526,0.1616238769511259,6.74499970045872e-05,0.8666666746139526,0.2734082341194153,1.2666666507720947,,,,,,,
4,0.2151760309934616,0.036698222160339355,0.40276843309402466,0.8335310816764832,1399,0.9666666388511658,1.0,0.8999999761581421,0.23840953803559906,6.99500014889054e-05,0.8999999761581421,0.2159261405467987,1.2999999523162842,,,,,,,
4,0.2213204801082611,0.06302020698785782,0.5986084938049316,1.1570501327514648,1449,0.9866071343421936,1.0,0.8928571343421936,0.08743231545412825,7.244999869726598e-05,0.8928571343421936,0.2706586718559265,1.1428571939468384,,,,,,,
4,0.3569323718547821,0.04817275330424309,0.575494647026062,1.6110588312149048,1499,0.9977678656578064,1.0,0.9642857313156128,0.07304765768435106,7.495000318158418e-05,0.9642857313156128,0.13742414116859436,1.1071428060531616,,,,,,,
4,0.25861039757728577,0.03894949331879616,0.3258949816226959,0.9507701396942139,1549,1.0,1.0,1.0,0.06500989799763049,7.745000038994476e-05,1.0,0.1828974038362503,1.1739130020141602,,,,,,,
5,0.14475220441818237,0.06004387140274048,0.2244579941034317,0.535664975643158,1599,0.9903846383094788,1.0,0.8846153616905212,0.09136759111461926,7.994999759830534e-05,0.8846153616905212,0.2714959979057312,1.192307710647583,,,,,,,
5,0.21839678287506104,0.039788585156202316,0.3039100468158722,0.8282201886177063,1649,0.9955357313156128,1.0,0.9285714030265808,0.06494917805631416,8.245000208262354e-05,0.9285714030265808,0.24502670764923096,1.0714285373687744,,,,,,,
5,0.18320830166339874,0.026461398229002953,0.4552360475063324,0.9450073838233948,1699,0.9888392686843872,1.0,0.9285714030265808,0.08961045849340804,8.494999929098412e-05,0.9285714030265808,0.2041431963443756,1.0714285373687744,,,,,,,
5,0.19892333447933197,0.05287153273820877,0.23789256811141968,0.7700753211975098,1749,0.9919354915618896,1.0,0.9677419066429138,0.06126277224413956,8.74499964993447e-05,0.9677419066429138,0.12071891129016876,1.419354796409607,,,,,,,
5,0.28713634610176086,0.08316680788993835,0.44983431696891785,1.2190017700195312,1799,0.9791666865348816,1.0,0.9259259104728699,0.11361434553187799,8.99500009836629e-05,0.9259259104728699,0.17157286405563354,1.296296238899231,,,,,,,
5,0.11086420714855194,0.02083294652402401,0.29054075479507446,0.5642847418785095,1849,0.9814814925193787,1.0,0.9629629850387573,0.14187942145188998,9.244999819202349e-05,0.9629629850387573,0.24619153141975403,1.2222222089767456,,,,,,,
6,0.2153572291135788,0.025487510487437248,0.21073392033576965,0.9182094931602478,1899,1.0,1.0,1.0,0.15654135583585616,9.495000267634168e-05,1.0,0.06574521213769913,1.0370370149612427,,,,,,,
6,0.19864757359027863,0.038051679730415344,0.24968986213207245,0.8424791097640991,1949,1.0,1.0,1.0,0.022446529222227125,9.744999988470227e-05,1.0,0.009454005397856236,1.0333333015441895,,,,,,,
6,0.2744687497615814,0.05505043640732765,0.4996798634529114,1.085465669631958,1999,1.0,1.0,1.0,0.03292496158573867,9.994999709306285e-05,1.0,0.03318743407726288,1.137930989265442,,,,,,,
6,0.15303833782672882,0.024585707113146782,0.2354128658771515,0.620957612991333,2049,1.0,1.0,1.0,0.018820265531594556,9.999999747378752e-05,1.0,0.013500427827239037,1.0,,,,,,,
6,0.12975256145000458,0.03394412621855736,0.10045703500509262,0.4844902455806732,2099,0.9729166626930237,1.0,0.8999999761581421,0.14340153665501235,9.999999747378752e-05,0.8999999761581421,0.2593989968299866,1.100000023841858,,,,,,,
6,0.18391607701778412,0.038575515151023865,0.15285615622997284,0.8409357666969299,2149,1.0,1.0,1.0,0.023316680623105466,9.999999747378752e-05,1.0,0.01049778237938881,1.25,,,,,,,
7,0.23015441000461578,0.038265276700258255,0.4188159704208374,1.1521602869033813,2199,1.0,1.0,1.0,0.01792247255683453,9.999999747378752e-05,1.0,0.0234417375177145,1.0714285373687744,,,,,,,
7,0.049922678619623184,0.01033493597060442,0.1051439717411995,0.23650169372558594,2249,1.0,1.0,1.0,0.05514692734098338,9.999999747378752e-05,1.0,0.16266338527202606,1.1363636255264282,,,,,,,
7,0.2272738367319107,0.05779550224542618,0.15007056295871735,0.9755913019180298,2299,1.0,1.0,1.0,0.09413214475865153,9.999999747378752e-05,1.0,0.0651024803519249,1.115384578704834,,,,,,,
7,0.25524264574050903,0.05295092239975929,0.2243763953447342,1.1232662200927734,2349,1.0,1.0,1.0,0.029168702179982686,9.999999747378752e-05,1.0,0.02629445493221283,1.2142857313156128,,,,,,,
7,0.13636034727096558,0.038313668221235275,0.2263966053724289,0.610885500907898,2399,1.0,1.0,1.0,0.016002339804164527,9.999999747378752e-05,1.0,0.0622018501162529,1.0967742204666138,,,,,,,
7,0.03563961014151573,0.01493410486727953,0.051918890327215195,0.14342550933361053,2449,1.0,1.0,1.0,0.08784651699992127,9.999999747378752e-05,1.0,0.07223697006702423,1.0,,,,,,,
8,0.09745992720127106,0.010202274657785892,0.20323719084262848,0.4398174285888672,2499,1.0,1.0,1.0,0.01496942717712987,9.999999747378752e-05,1.0,0.0017335277516394854,1.137930989265442,,,,,,,
8,0.16793876886367798,0.012313536368310452,0.32829615473747253,0.7499276995658875,2549,1.0,1.0,1.0,0.015596874447988544,9.999999747378752e-05,1.0,0.008584655821323395,1.1428571939468384,,,,,,,
8,0.17643442749977112,0.03440667316317558,0.4498794376850128,0.7778809070587158,2599,1.0,1.0,1.0,0.04229913518098698,9.999999747378752e-05,1.0,0.022450929507613182,1.137930989265442,,,,,,,
8,0.17653436958789825,0.039375100284814835,0.3312889635562897,0.8253071308135986,2649,0.9732142686843872,1.0,0.9285714030265808,0.14395589307742895,9.999999747378752e-05,0.9285714030265808,0.2800103425979614,1.4285714626312256,,,,,,,
8,0.05058002844452858,0.009901314973831177,0.10295869410037994,0.2443898767232895,2699,0.9972826242446899,1.0,0.95652174949646,0.018295744530533883,9.999999747378752e-05,0.95652174949646,0.03447471931576729,1.1304347515106201,,,,,,,
8,0.27093741297721863,0.029975824058055878,0.6293971538543701,1.2621028423309326,2749,1.0,1.0,1.0,0.0995993377735146,9.999999747378752e-05,1.0,0.1154586523771286,1.1200000047683716,,,,,,,
8,0.12562888860702515,0.008019979111850262,0.2659302055835724,0.5544459819793701,2799,1.0,1.0,1.0,0.01952363160546086,9.999999747378752e-05,1.0,0.019679799675941467,1.137930989265442,,,,,,,
9,0.00848445575684309,0.006301713176071644,0.03650684654712677,0.05236654728651047,2849,0.9977678656578064,1.0,0.9642857313156128,0.015394815829564059,9.999999747378752e-05,0.9642857313156128,0.04402996599674225,1.0,,,,,,,
9,0.09893868118524551,0.021759673953056335,0.05672139301896095,0.44274410605430603,2899,1.0,1.0,1.0,0.08125824812311042,9.999999747378752e-05,1.0,0.05252387374639511,1.2307692766189575,,,,,,,
9,0.008102486841380596,0.007441970519721508,0.006625102832913399,0.028178615495562553,2949,0.973557710647583,1.0,0.9230769276618958,0.11133018558472312,9.999999747378752e-05,0.9230769276618958,0.23545943200588226,1.192307710647583,,,,,,,
9,0.1651298701763153,0.013471282087266445,0.4755541980266571,0.9036903977394104,2999,1.0,1.0,1.0,0.011232529887651646,9.999999747378752e-05,1.0,0.006300522945821285,1.0666667222976685,,,,,,,
9,0.004319185856729746,0.005935494787991047,0.017492199316620827,0.022122349590063095,3049,1.0,1.0,1.0,0.01082512041858329,9.999999747378752e-05,1.0,0.003015826689079404,1.1333333253860474,,,,,,,
9,0.23175187408924103,0.08702325820922852,0.37249064445495605,0.9769291877746582,3099,1.0,1.0,1.0,0.01104769347384599,9.999999747378752e-05,1.0,0.011704806238412857,1.1071428060531616,,,,,,,
9,,,,,3119,,,,,,,,,0.9986138939857483,0.9969757795333862,0.024548329412937164,0.04173504561185837,0.9979838728904724,0.034373436123132706,16.0
10,0.00447270181030035,0.005832042079418898,0.010261335410177708,0.01591941900551319,3149,1.0,1.0,1.0,0.01009256009027933,9.999999747378752e-05,1.0,0.008705535903573036,1.0714285373687744,,,,,,,
10,0.09528755396604538,0.020019743591547012,0.09157175570726395,0.36682018637657166,3199,1.0,1.0,1.0,0.010241068256876323,9.999999747378752e-05,1.0,0.002140671480447054,1.1071428060531616,,,,,,,
10,0.008029188960790634,0.005266319960355759,0.01948988437652588,0.03858058154582977,3249,1.0,1.0,1.0,0.016658708963537466,9.999999747378752e-05,1.0,0.014827731065452099,1.1111111640930176,,,,,,,
10,0.1091795489192009,0.0307682566344738,0.1681351512670517,0.4766641855239868,3299,1.0,1.0,1.0,0.010000787619364869,9.999999747378752e-05,1.0,0.0007024021469987929,1.2142857313156128,,,,,,,
10,0.016974644735455513,0.004445608705282211,0.05316917598247528,0.09617021679878235,3349,1.0,1.0,1.0,0.12814972924623352,9.999999747378752e-05,1.0,0.14356166124343872,1.192307710647583,,,,,,,
10,0.1739688515663147,0.04119259491562843,0.22752103209495544,0.8319900035858154,3399,1.0,1.0,1.0,0.009225876223659946,9.999999747378752e-05,1.0,0.004180319607257843,1.034482717514038,,,,,,,
11,0.07463535666465759,0.017810966819524765,0.13562561571598053,0.3356495499610901,3449,0.9979166388511658,1.0,0.9666666388511658,0.011905783331330345,9.999999747378752e-05,0.9666666388511658,0.0852028951048851,1.1333333253860474,,,,,,,
11,0.013351239264011383,0.005531174596399069,0.03645207732915878,0.059030599892139435,3499,1.0,1.0,1.0,0.009176541424411632,9.999999747378752e-05,1.0,0.0020282340701669455,1.1785714626312256,,,,,,,
11,0.0038859702181071043,0.004509462509304285,0.009956731460988522,0.01265808567404747,3549,0.9979838728904724,1.0,0.9677419066429138,0.01578919943911961,9.999999747378752e-05,0.9677419066429138,0.04408690705895424,1.0322580337524414,,,,,,,
11,0.13372613489627838,0.005205800291150808,0.3250375986099243,0.6379300355911255,3599,1.0,1.0,1.0,0.010175825827786356,9.999999747378752e-05,1.0,0.034275054931640625,1.1111111640930176,,,,,,,
11,0.03335981070995331,0.006657287012785673,0.0789453387260437,0.16185860335826874,3649,1.0,1.0,1.0,0.10825098558884018,9.999999747378752e-05,1.0,0.007110566832125187,1.1034482717514038,,,,,,,
11,0.03329185023903847,0.006151137873530388,0.07700810581445694,0.14541755616664886,3699,1.0,1.0,1.0,0.00856403988766771,9.999999747378752e-05,1.0,0.0008087382302619517,1.137930989265442,,,,,,,
12,0.052199386060237885,0.003836059710010886,0.09050974249839783,0.24483318626880646,3749,0.984375,1.0,0.9642857313156128,0.06959511667378832,9.999999747378752e-05,0.9642857313156128,0.03348735347390175,1.25,,,,,,,
12,0.1279831826686859,0.011563673615455627,0.3453458249568939,0.5781922340393066,3799,1.0,1.0,1.0,0.033632773003101774,9.999999747378752e-05,1.0,0.03780985623598099,1.1428571939468384,,,,,,,
12,0.1867465227842331,0.009043026715517044,0.31339070200920105,0.9838631749153137,3849,1.0,1.0,1.0,0.0076422294021022096,9.999999747378752e-05,1.0,0.002603657776489854,1.100000023841858,,,,,,,
12,0.0019749021157622337,0.003150220727548003,0.008091583847999573,0.009751294739544392,3899,1.0,1.0,1.0,0.007191266369309524,9.999999747378752e-05,1.0,0.0010380956809967756,1.034482717514038,,,,,,,
12,0.06601794064044952,0.0038783771451562643,0.18145444989204407,0.34255048632621765,3949,1.0,1.0,1.0,0.008644326098555373,9.999999747378752e-05,1.0,0.014430169947445393,1.0714285373687744,,,,,,,
12,0.009338687174022198,0.0032661722507327795,0.027066247537732124,0.0456477515399456,3999,1.0,1.0,1.0,0.006911730113903952,9.999999747378752e-05,1.0,0.0017442955868318677,1.0967742204666138,,,,,,,
12,0.16336123645305634,0.019360288977622986,0.3661454916000366,0.8140302896499634,4049,1.0,1.0,1.0,0.009223989211592667,9.999999747378752e-05,1.0,0.031384505331516266,1.076923131942749,,,,,,,
13,0.15809005498886108,0.021851347759366035,0.4503093361854553,0.8202344179153442,4099,1.0,1.0,1.0,0.007180497753779953,9.999999747378752e-05,1.0,0.0008878194494172931,1.25,,,,,,,
13,0.0024980243761092424,0.0029241149313747883,0.00999272521585226,0.01206029113382101,4149,0.9937499761581421,1.0,0.9666666388511658,0.02668341705820685,9.999999747378752e-05,0.9666666388511658,0.08501117676496506,1.2000000476837158,,,,,,,
13,0.02155855856835842,0.004257401451468468,0.05919402092695236,0.11822254210710526,4199,1.0,1.0,1.0,0.0063144209746195425,9.999999747378752e-05,1.0,0.0022569773718714714,1.034482717514038,,,,,,,
13,0.01885964348912239,0.0025763651356101036,0.05066872388124466,0.10732715576887131,4249,1.0,1.0,1.0,0.006402800725008714,9.999999747378752e-05,1.0,0.000398692034650594,1.1612902879714966,,,,,,,
13,0.0012471778318285942,0.002398802898824215,0.006008366122841835,0.007054397836327553,4299,1.0,1.0,1.0,0.006421946167194937,9.999999747378752e-05,1.0,0.041327908635139465,1.0666667222976685,,,,,,,
13,0.0184963159263134,0.0023875620681792498,0.04965171962976456,0.08693567663431168,4349,1.0,1.0,1.0,0.010335573902750937,9.999999747378752e-05,1.0,0.01524721272289753,1.1111111640930176,,,,,,,
14,0.0021055706311017275,0.002297875937074423,0.009555977769196033,0.012604259885847569,4399,1.0,1.0,1.0,0.005689091297798033,9.999999747378752e-05,1.0,0.003950967453420162,1.2142857313156128,,,,,,,
14,0.01668710820376873,0.0020919807720929384,0.05058329552412033,0.08956905454397202,4449,1.0,1.0,1.0,0.006186459312585518,9.999999747378752e-05,1.0,0.015969613566994667,1.0399999618530273,,,,,,,
14,0.011093735694885254,0.0026802965439856052,0.03397592529654503,0.052340541034936905,4499,0.9979166388511658,1.0,0.9666666388511658,0.012549223032392504,9.999999747378752e-05,0.9666666388511658,0.05663434416055679,1.1333333253860474,,,,,,,
14,0.026105966418981552,0.0028315617237240076,0.07671339064836502,0.1341000646352768,4549,1.0,1.0,1.0,0.006667844496993156,9.999999747378752e-05,1.0,0.009188550524413586,1.1785714626312256,,,,,,,
14,0.0030420911498367786,0.0021437667310237885,0.013728301972150803,0.01840941235423088,4599,0.9955357313156128,1.0,0.9642857313156128,0.0767997579918957,9.999999747378752e-05,0.9642857313156128,0.0763278380036354,1.0714285373687744,,,,,,,
14,0.01707644574344158,0.004034449812024832,0.041734158992767334,0.07528850436210632,4649,1.0,1.0,1.0,0.024862709907375106,9.999999747378752e-05,1.0,0.003209370421245694,1.034482717514038,,,,,,,
15,0.0017354512820020318,0.0022019788157194853,0.008960295468568802,0.010411902330815792,4699,1.0,1.0,1.0,0.005472314957571037,9.999999747378752e-05,1.0,0.0011964680161327124,1.1666666269302368,,,,,,,
15,0.06435342133045197,0.004821574315428734,0.16035285592079163,0.29374223947525024,4749,1.0,1.0,1.0,0.005704852420506053,9.999999747378752e-05,1.0,0.0008710113470442593,1.1666666269302368,,,,,,,
15,0.002969907596707344,0.0021899244748055935,0.012171735987067223,0.017222613096237183,4799,0.9892241358757019,1.0,0.9655172228813171,0.042023128519305085,9.999999747378752e-05,0.9655172228813171,0.07372159510850906,1.0,,,,,,,
15,0.07488052546977997,0.0058354041539132595,0.23561079800128937,0.3866080343723297,4849,1.0,1.0,1.0,0.006083945342595629,9.999999747378752e-05,1.0,0.017778921872377396,1.0689655542373657,,,,,,,
15,0.019135355949401855,0.0025200475938618183,0.04564135521650314,0.08946335315704346,4899,1.0,1.0,1.0,0.005474123004434329,9.999999747378752e-05,1.0,0.0006147356471046805,1.100000023841858,,,,,,,
15,0.022723594680428505,0.0019471137784421444,0.048987437039613724,0.09875089675188065,4949,1.0,1.0,1.0,0.03589654328174205,9.999999747378752e-05,1.0,0.0030354196205735207,1.2222222089767456,,,,,,,
16,0.042371202260255814,0.002086551859974861,0.09718101471662521,0.1894199550151825,4999,1.0,1.0,1.0,0.007308415769522134,9.999999747378752e-05,1.0,0.013239729218184948,1.1935484409332275,,,,,,,
16,0.07513920217752457,0.0034694799687713385,0.18620829284191132,0.4261409342288971,5049,1.0,1.0,1.0,0.006523604693745315,9.999999747378752e-05,1.0,0.0017961189150810242,1.0740740299224854,,,,,,,
16,0.0017245622584596276,0.0018499409779906273,0.007169757969677448,0.008027667179703712,5099,0.9976851940155029,1.0,0.9629629850387573,0.013647991986565432,9.999999747378752e-05,0.9629629850387573,0.19286537170410156,1.1111111640930176,,,,,,,
16,0.0022195978090167046,0.0019610016606748104,0.006711636204272509,0.010387266986072063,5149,1.0,1.0,1.0,0.005142049777694211,9.999999747378752e-05,1.0,0.0007008622633293271,1.0967742204666138,,,,,,,
16,0.0013439211761578918,0.0017793140141293406,0.0042057884857058525,0.0052722422406077385,5199,0.9866071343421936,1.0,0.9642857313156128,0.046491299387940874,9.999999747378752e-05,0.9642857313156128,0.11371497809886932,1.1785714626312256,,,,,,,
16,0.0013926276005804539,0.0016366487834602594,0.008214391767978668,0.009639941155910492,5249,1.0,1.0,1.0,0.0048247293440731465,9.999999747378752e-05,1.0,0.002188943326473236,1.1612902879714966,,,,,,,
16,0.07363098114728928,0.0049815005622804165,0.17709548771381378,0.38937488198280334,5299,1.0,1.0,1.0,0.004603438114327189,9.999999747378752e-05,1.0,0.0013076231116428971,1.225806474685669,,,,,,,
17,0.006764756515622139,0.002427685307338834,0.009126748889684677,0.03595265373587608,5349,1.0,1.0,1.0,0.004662900948008625,9.999999747378752e-05,1.0,0.0008181520970538259,1.2307692766189575,,,,,,,
17,0.07667693495750427,0.002103144768625498,0.21570298075675964,0.33338823914527893,5399,1.0,1.0,1.0,0.005014486535425592,9.999999747378752e-05,1.0,0.041639626026153564,1.0967742204666138,,,,,,,
17,0.02066473290324211,0.0016788027714937925,0.047122929245233536,0.10763238370418549,5449,1.0,1.0,1.0,0.0057349373723455475,9.999999747378752e-05,1.0,0.06111891567707062,1.2173912525177002,,,,,,,
17,0.0013699937844648957,0.0016691443743184209,0.006085344590246677,0.007090688217431307,5499,1.0,1.0,1.0,0.006256841780909682,9.999999747378752e-05,1.0,0.008909453637897968,1.0689655542373657,,,,,,,
17,0.0049903239123523235,0.0021357459481805563,0.01610974781215191,0.02693132311105728,5549,1.0,1.0,1.0,0.004853555711430599,9.999999747378752e-05,1.0,0.001453518052585423,1.2000000476837158,,,,,,,
17,0.0018793204799294472,0.001754398108460009,0.007813316769897938,0.009518185630440712,5599,1.0,1.0,1.0,0.0046573827048929685,9.999999747378752e-05,1.0,0.0005906505975872278,1.0689655542373657,,,,,,,
18,0.05408616364002228,0.0016513868467882276,0.11287736892700195,0.270388126373291,5649,1.0,1.0,1.0,0.005405817817116861,9.999999747378752e-05,1.0,0.012480936013162136,1.1034482717514038,,,,,,,
18,0.0018556697759777308,0.0017117972020059824,0.004385334439575672,0.005689722951501608,5699,1.0,1.0,1.0,0.0043577654751488885,9.999999747378752e-05,1.0,0.007421782240271568,1.100000023841858,,,,,,,
18,0.011429324746131897,0.00210739579051733,0.029177963733673096,0.0592065304517746,5749,1.0,1.0,1.0,0.005209780626655326,9.999999747378752e-05,1.0,0.001512410817667842,1.0333333015441895,,,,,,,
18,0.035023920238018036,0.005201996769756079,0.07172834873199463,0.183540940284729,5799,1.0,1.0,1.0,0.006404698481609936,9.999999747378752e-05,1.0,0.002014254219830036,1.137930989265442,,,,,,,
18,0.0033180846367031336,0.0015491330996155739,0.015460038557648659,0.02032594196498394,5849,1.0,1.0,1.0,0.005491295901619368,9.999999747378752e-05,1.0,0.13582772016525269,1.034482717514038,,,,,,,
18,0.00826351623982191,0.0025806829798966646,0.0206683911383152,0.04046224430203438,5899,1.0,1.0,1.0,0.004568331483978268,9.999999747378752e-05,1.0,0.00189701106864959,1.1785714626312256,,,,,,,
19,0.0818500742316246,0.027070777490735054,0.16086219251155853,0.27404308319091797,5949,0.9879032373428345,1.0,0.9354838728904724,0.05237202083354503,9.999999747378752e-05,0.9354838728904724,0.17587001621723175,1.1290322542190552,,,,,,,
19,0.07742621004581451,0.00823222752660513,0.25116944313049316,0.3487476706504822,5999,1.0,1.0,1.0,0.004683930508607317,9.999999747378752e-05,1.0,0.0031727012246847153,1.0370370149612427,,,,,,,
19,0.030140481889247894,0.006727385334670544,0.09045363962650299,0.16754992306232452,6049,1.0,1.0,1.0,0.04846471491729955,9.999999747378752e-05,1.0,0.02432646043598652,1.185185194015503,,,,,,,
19,0.004960451740771532,0.0015303725376725197,0.01858668401837349,0.026433389633893967,6099,1.0,1.0,1.0,0.007044653266543163,9.999999747378752e-05,1.0,0.011918548494577408,1.3448275327682495,,,,,,,
19,0.0012756835203617811,0.0015203449875116348,0.0047615268267691135,0.00539924344047904,6149,1.0,1.0,1.0,0.004184985087219615,9.999999747378752e-05,1.0,0.0009974652202799916,1.0322580337524414,,,,,,,
19,0.0014818488853052258,0.00151301478035748,0.004117205273360014,0.005085777025669813,6199,1.0,1.0,1.0,0.004570459845210336,9.999999747378752e-05,1.0,0.0007504168897867203,1.0666667222976685,,,,,,,
19,,,,,6239,,,,,,,,,0.9995589852333069,0.9989919066429138,0.005569495726376772,0.006580636836588383,0.9989919066429138,0.0020222815219312906,16.0
20,0.0017094077775254846,0.0014758262550458312,0.004208758939057589,0.0056040920317173,6249,1.0,1.0,1.0,0.00420967648550312,9.999999747378752e-05,1.0,0.00031671140459366143,1.185185194015503,,,,,,,
20,0.006627806928008795,0.0017168193589895964,0.02002379298210144,0.030327539891004562,6299,1.0,1.0,1.0,0.003968562200542473,9.999999747378752e-05,1.0,0.004531283862888813,1.137930989265442,,,,,,,
20,0.001588628627359867,0.0013187458971515298,0.006936762016266584,0.008702830411493778,6349,1.0,1.0,1.0,0.003917637199153419,9.999999747378752e-05,1.0,0.0027365023270249367,1.0740740299224854,,,,,,,
20,0.12771813571453094,0.02346559427678585,0.05365833267569542,0.7109253406524658,6399,1.0,1.0,1.0,0.004604385987761565,9.999999747378752e-05,1.0,0.0034137668553739786,1.0645161867141724,,,,,,,
20,0.0013722899602726102,0.0013352814130485058,0.0024966394994407892,0.0041039069183170795,6449,0.9979838728904724,1.0,0.9677419066429138,0.01682756490325303,9.999999747378752e-05,0.9677419066429138,0.04989580437541008,1.0645161867141724,,,,,,,
20,0.0026490348391234875,0.001231494708918035,0.009331083856523037,0.015431438572704792,6499,1.0,1.0,1.0,0.003713795193839488,9.999999747378752e-05,1.0,0.0011997739784419537,1.0666667222976685,,,,,,,
20,0.004783873911947012,0.0017899968661367893,0.009809494018554688,0.020525360479950905,6549,1.0,1.0,1.0,0.003954646258210501,9.999999747378752e-05,1.0,0.00125449663028121,1.03125,,,,,,,
21,0.010503936558961868,0.0018076859414577484,0.024585332721471786,0.05653076246380806,6599,1.0,1.0,1.0,0.0036910638887366295,9.999999747378752e-05,1.0,0.002611997537314892,1.0333333015441895,,,,,,,
21,0.0029066039714962244,0.0011521639535203576,0.011826304718852043,0.014635915867984295,6649,1.0,1.0,1.0,0.003928609605619011,9.999999747378752e-05,1.0,0.0005907327868044376,1.0357142686843872,,,,,,,
21,0.001281732227653265,0.0012314486084505916,0.002567433752119541,0.003938280511647463,6699,1.0,1.0,1.0,0.003695394376667355,9.999999747378752e-05,1.0,0.001292710192501545,1.034482717514038,,,,,,,
21,0.05806407332420349,0.001853215042501688,0.175587460398674,0.3021215498447418,6749,1.0,1.0,1.0,0.0038574570490454317,9.999999747378752e-05,1.0,0.0004790942766703665,1.137930989265442,,,,,,,
21,0.0023511515464633703,0.0012689057039096951,0.007675955072045326,0.01318618655204773,6799,1.0,1.0,1.0,0.0035415079553148565,9.999999747378752e-05,1.0,0.00033152743708342314,1.0714285373687744,,,,,,,
21,0.0007186748553067446,0.001094608218409121,0.002844219096004963,0.0033906346652656794,6849,0.9979166388511658,1.0,0.9666666388511658,0.004816344300305062,9.999999747378752e-05,0.9666666388511658,0.18012386560440063,1.100000023841858,,,,,,,
22,0.05812959745526314,0.001038200338371098,0.18704603612422943,0.23068952560424805,6899,1.0,1.0,1.0,0.00358073028738874,9.999999747378752e-05,1.0,0.0005502149579115212,1.1666666269302368,,,,,,,
22,0.005456107668578625,0.0015827909810468554,0.011885039508342743,0.025282124057412148,6949,1.0,1.0,1.0,0.0033477434089321328,9.999999747378752e-05,1.0,0.0005482104024849832,1.137930989265442,,,,,,,
22,0.07464528828859329,0.002562909387052059,0.20793814957141876,0.4436037838459015,6999,1.0,1.0,1.0,0.00323393204114687,9.999999747378752e-05,1.0,0.001678979373537004,1.1428571939468384,,,,,,,
22,0.03318638354539871,0.0010142030660063028,0.09060653299093246,0.16457118093967438,7049,1.0,1.0,1.0,0.0036349513539938854,9.999999747378752e-05,1.0,0.00013938985648564994,1.2142857313156128,,,,,,,
22,0.001242408761754632,0.0010596556821838021,0.0019123118836432695,0.0035495548509061337,7099,1.0,1.0,1.0,0.0031718060950782505,9.999999747378752e-05,1.0,0.05833044275641441,1.1034482717514038,,,,,,,
22,0.07825344055891037,0.0036510510835796595,0.23150554299354553,0.4184245467185974,7149,0.9916666746139526,1.0,0.9666666388511658,0.03339590589504817,9.999999747378752e-05,0.9666666388511658,0.034062709659338,1.2333333492279053,,,,,,,
23,0.1617172360420227,0.024964822456240654,0.3170340657234192,0.71727454662323,7199,1.0,1.0,1.0,0.003554560483973117,9.999999747378752e-05,1.0,0.00041539641097187996,1.1290322542190552,,,,,,,
23,0.07332269102334976,0.002729486208409071,0.20919109880924225,0.368681937456131,7249,1.0,1.0,1.0,0.0032985245056107253,9.999999747378752e-05,1.0,0.0010638987878337502,1.0666667222976685,,,,,,,
23,0.021048016846179962,0.0019295421661809087,0.06659943610429764,0.09574521332979202,7299,1.0,1.0,1.0,0.00312251742944874,9.999999747378752e-05,1.0,0.003128168173134327,1.034482717514038,,,,,,,
23,0.0011701120529323816,0.0010103697422891855,0.004449124913662672,0.005309296306222677,7349,1.0,1.0,1.0,0.003326165220435332,9.999999747378752e-05,1.0,0.00023894135665614158,1.0,,,,,,,
23,0.06223030388355255,0.003341313451528549,0.1466233730316162,0.2538774013519287,7399,0.9979166388511658,1.0,0.9666666388511658,0.006064803866335391,9.999999747378752e-05,0.9666666388511658,0.1867445558309555,1.0333333015441895,,,,,,,
23,0.01743251457810402,0.0016441388288512826,0.04130786284804344,0.08446995168924332,7449,1.0,1.0,1.0,0.003183374916099703,9.999999747378752e-05,1.0,0.0002081346174236387,1.03125,,,,,,,
24,0.0015743315452709794,0.0008852237951941788,0.006618321407586336,0.008373948745429516,7499,1.0,1.0,1.0,0.003023530369900688,9.999999747378752e-05,1.0,0.0014791315188631415,1.1724138259887695,,,,,,,
24,0.13322441279888153,0.030782032757997513,0.18652646243572235,0.6218892335891724,7549,1.0,1.0,1.0,0.003749596116315055,9.999999747378752e-05,1.0,0.013902544975280762,1.137930989265442,,,,,,,
24,0.0036750677973031998,0.0011015422642230988,0.010839125141501427,0.017777949571609497,7599,1.0,1.0,1.0,0.004400553243779789,9.999999747378752e-05,1.0,0.011758850887417793,1.1071428060531616,,,,,,,
24,0.01528620533645153,0.0016280270647257566,0.035521578043699265,0.06633903831243515,7649,1.0,1.0,1.0,0.003229892575937237,9.999999747378752e-05,1.0,0.00032428401755169034,1.1071428060531616,,,,,,,
24,0.10609674453735352,0.0030586228240281343,0.33204102516174316,0.509128987789154,7699,1.0,1.0,1.0,0.003190300971224899,9.999999747378752e-05,1.0,0.001264703692868352,1.034482717514038,,,,,,,
24,0.0008432478061877191,0.0008900734246708453,0.002388685243204236,0.0029210972134023905,7749,1.0,1.0,1.0,0.0029430906195930242,9.999999747378752e-05,1.0,0.0007187906303443015,1.1333333253860474,,,,,,,
24,0.001168354065157473,0.0008985191234387457,0.0014684915076941252,0.003067527199164033,7799,1.0,1.0,1.0,0.0028531591753405364,9.999999747378752e-05,1.0,0.002159823663532734,1.1071428060531616,,,,,,,
25,0.0052012125961482525,0.0008158483542501926,0.015569954179227352,0.022070040926337242,7849,1.0,1.0,1.0,0.0029524699287389582,9.999999747378752e-05,1.0,0.00350907351821661,1.0967742204666138,,,,,,,
25,0.07983541488647461,0.004213134758174419,0.25902730226516724,0.38871508836746216,7899,1.0,1.0,1.0,0.0038241013519228774,9.999999747378752e-05,1.0,0.0016769838985055685,1.1034482717514038,,,,,,,
25,0.061961784958839417,0.004766163881868124,0.17056035995483398,0.31837034225463867,7949,1.0,1.0,1.0,0.004111383453378073,9.999999747378752e-05,1.0,0.0004688768822234124,1.0357142686843872,,,,,,,
25,0.009060043841600418,0.0011742307106032968,0.02223355509340763,0.04557301849126816,7999,1.0,1.0,1.0,0.0029131155908367376,9.999999747378752e-05,1.0,0.000933439121581614,1.0333333015441895,,,,,,,
25,0.0009258590871468186,0.0008462562691420317,0.003297302173450589,0.003771562594920397,8049,0.9838709831237793,1.0,0.9677419066429138,0.11548791527979314,9.999999747378752e-05,0.9677419066429138,0.2495599389076233,1.0967742204666138,,,,,,,
25,0.0006861857837066054,0.000773909327108413,0.0038685372564941645,0.004944366402924061,8099,1.0,1.0,1.0,0.003058264194974984,9.999999747378752e-05,1.0,0.002674445742741227,1.0689655542373657,,,,,,,
26,0.027789106592535973,0.00144751719199121,0.08254192769527435,0.12766195833683014,8149,1.0,1.0,1.0,0.002988085800414279,9.999999747378752e-05,1.0,0.0003570146218407899,1.0645161867141724,,,,,,,
26,0.023743728175759315,0.0016946912510320544,0.05791054293513298,0.12367726117372513,8199,1.0,1.0,1.0,0.0028978030602774623,9.999999747378752e-05,1.0,0.00045506033347919583,1.1785714626312256,,,,,,,
26,0.0009588294778950512,0.0008332555880770087,0.0022531230933964252,0.0027706283144652843,8249,0.9977678656578064,1.0,0.9642857313156128,0.008209325383224744,9.999999747378752e-05,0.9642857313156128,0.17280681431293488,1.1428571939468384,,,,,,,
26,0.026977352797985077,0.0010079877683892846,0.0653095617890358,0.13665206730365753,8299,1.0,1.0,1.0,0.0031174615409980365,9.999999747378752e-05,1.0,0.000671256915666163,1.1666666269302368,,,,,,,
26,0.03104923479259014,0.0010806974023580551,0.05397221818566322,0.16779623925685883,8349,0.9925000071525574,1.0,0.9599999785423279,0.03820764327294485,9.999999747378752e-05,0.9599999785423279,0.030303217470645905,1.0800000429153442,,,,,,,
26,0.0009219978819601238,0.0008123746956698596,0.0020074141211807728,0.002644820837303996,8399,1.0,1.0,1.0,0.0027179256576288064,9.999999747378752e-05,1.0,0.0007686452008783817,1.0689655542373657,,,,,,,
27,0.003874319139868021,0.0007661908748559654,0.011317920871078968,0.014393542893230915,8449,1.0,1.0,1.0,0.002698148203375539,9.999999747378752e-05,1.0,0.0010355748236179352,1.1034482717514038,,,,,,,
27,0.012830793857574463,0.0007920405478216708,0.03742276877164841,0.04834343120455742,8499,1.0,1.0,1.0,0.002958615210417922,9.999999747378752e-05,1.0,0.00014916507643647492,1.100000023841858,,,,,,,
27,0.005134039092808962,0.0011642919853329659,0.011348553001880646,0.022726180031895638,8549,1.0,1.0,1.0,0.0029290868358970547,9.999999747378752e-05,1.0,0.0007034324808046222,1.09375,,,,,,,
27,0.017141718417406082,0.0008426454151049256,0.042624540627002716,0.07005108147859573,8599,1.0,1.0,1.0,0.0029036643565069336,9.999999747378752e-05,1.0,0.0003482720348984003,1.1071428060531616,,,,,,,
27,0.006916782818734646,0.0008371926378458738,0.0151874590665102,0.03447011485695839,8649,1.0,1.0,1.0,0.0029129881284708204,9.999999747378752e-05,1.0,0.0006822451250627637,1.0714285373687744,,,,,,,
27,0.039097100496292114,0.0034617246128618717,0.08965041488409042,0.18170873820781708,8699,1.0,1.0,1.0,0.0027900136875401017,9.999999747378752e-05,1.0,0.0007340500596910715,1.0666667222976685,,,,,,,
28,0.0845116600394249,0.0057510631158947945,0.2285066694021225,0.3947129547595978,8749,1.0,1.0,1.0,0.0028373175378301886,9.999999747378752e-05,1.0,0.006999477744102478,1.1785714626312256,,,,,,,
28,0.002190370112657547,0.0009341741097159684,0.004267978481948376,0.008377695456147194,8799,1.0,1.0,1.0,0.0032719903029318235,9.999999747378752e-05,1.0,0.00030872548813931644,1.1785714626312256,,,,,,,
28,0.0008316381135955453,0.000769576639868319,0.0021006569731980562,0.002571472432464361,8849,1.0,1.0,1.0,0.0027095239939450787,9.999999747378752e-05,1.0,0.0002439295349176973,1.0,,,,,,,
28,0.005913027562201023,0.0012218807823956013,0.013809511438012123,0.023683367297053337,8899,1.0,1.0,1.0,0.0025748543705782726,9.999999747378752e-05,1.0,0.0014181947335600853,1.0333333015441895,,,,,,,
28,0.14435753226280212,0.002306421520188451,0.3138453960418701,0.6878975033760071,8949,1.0,1.0,1.0,0.002909922449526951,9.999999747378752e-05,1.0,0.0014591687358915806,1.2000000476837158,,,,,,,
28,0.0018286955310031772,0.0009147621458396316,0.002289643045514822,0.0038204086013138294,8999,1.0,1.0,1.0,0.0030847273813482752,9.999999747378752e-05,1.0,0.001507989945821464,1.0,,,,,,,
29,0.001334122964181006,0.0008366904803551733,0.0023355844896286726,0.003146314760670066,9049,1.0,1.0,1.0,0.0029445753537761625,9.999999747378752e-05,1.0,0.00023266093921847641,1.1071428060531616,,,,,,,
29,0.1567356437444687,0.04033443331718445,0.24140509963035583,0.5355117321014404,9099,1.0,1.0,1.0,0.002751171683540253,9.999999747378752e-05,1.0,0.0007060071220621467,1.0370370149612427,,,,,,,
29,0.00111223547719419,0.0007762800087220967,0.0016005710931494832,0.0027329707518219948,9149,1.0,1.0,1.0,0.0030037798263652985,9.999999747378752e-05,1.0,0.002717604860663414,1.225806474685669,,,,,,,
29,0.0010377673897892237,0.000717509479727596,0.005255778785794973,0.006086709443479776,9199,1.0,1.0,1.0,0.0025663923046450737,9.999999747378752e-05,1.0,0.0007135482155717909,1.1071428060531616,,,,,,,
29,0.000810624856967479,0.000735375564545393,0.0036011876072734594,0.0041442676447331905,9249,1.0,1.0,1.0,0.002637445998244862,9.999999747378752e-05,1.0,0.0011868473375216126,1.100000023841858,,,,,,,
29,0.002808310789987445,0.0007589663146063685,0.0075807166285812855,0.011299188248813152,9299,1.0,1.0,1.0,0.0027360750022309517,9.999999747378752e-05,1.0,0.001004769466817379,1.1724138259887695,,,,,,,
29,0.0011957670794799924,0.0007775155245326459,0.0017033984186127782,0.002941445680335164,9349,1.0,1.0,1.0,0.0027712667672019718,9.999999747378752e-05,1.0,0.00022097790497355163,1.1111111640930176,,,,,,,
29,,,,,9359,,,,,,,,,1.0,1.0,0.0027730113361030817,0.002950788475573063,1.0,0.0003555543371476233,16.0
30,0.008649896830320358,0.0014714974677190185,0.016628652811050415,0.03750194236636162,9399,1.0,1.0,1.0,0.002757056982070789,9.999999747378752e-05,1.0,0.0002404602273600176,1.1333333253860474,,,,,,,
30,0.0903305783867836,0.005507443565875292,0.2832786738872528,0.439862996339798,9449,1.0,1.0,1.0,0.0025307088341866854,9.999999747378752e-05,1.0,0.0015166130615398288,1.185185194015503,,,,,,,
30,0.08614269644021988,0.0046936143189668655,0.295777291059494,0.5083186626434326,9499,0.987500011920929,1.0,0.9666666388511658,0.032460969380731904,9.999999747378752e-05,0.9666666388511658,0.02255331724882126,1.0333333015441895,,,,,,,
30,0.02199956215918064,0.0007630924810655415,0.06024039909243584,0.09953147172927856,9549,1.0,1.0,1.0,0.0025440526254075723,9.999999747378752e-05,1.0,0.0004578443185891956,1.1538461446762085,,,,,,,
30,0.0006513817352242768,0.0006714760675095022,0.003223140025511384,0.003676532069221139,9599,1.0,1.0,1.0,0.002242896109616352,9.999999747378752e-05,1.0,0.0038857809267938137,1.034482717514038,,,,,,,
30,0.17057541012763977,0.02008648030459881,0.3888554871082306,0.7861039042472839,9649,1.0,1.0,1.0,0.002592693296698129,9.999999747378752e-05,1.0,0.0006658429047092795,1.137930989265442,,,,,,,
31,0.0009565913933329284,0.0006583892973139882,0.004491989500820637,0.005597923882305622,9699,1.0,1.0,1.0,0.0030036464663058928,9.999999747378752e-05,1.0,0.00037115084705874324,1.0333333015441895,,,,,,,
31,0.056907765567302704,0.008064975030720234,0.0669560432434082,0.303021103143692,9749,1.0,1.0,1.0,0.0029942143027472446,9.999999747378752e-05,1.0,0.001945815747603774,1.3478261232376099,,,,,,,
31,0.011318467557430267,0.0009776827646419406,0.03068639524281025,0.06185702234506607,9799,1.0,1.0,1.0,0.0025532930942507447,9.999999747378752e-05,1.0,0.0001602357078809291,1.0689655542373657,,,,,,,
31,0.0007242842693813145,0.0006449781940318644,0.0016604212578386068,0.002049339236691594,9849,1.0,1.0,1.0,0.0023130216324758522,9.999999747378752e-05,1.0,0.0007437512977048755,1.1333333253860474,,,,,,,
31,0.0005392825114540756,0.00060749874683097,0.0025747008621692657,0.0029693625401705503,9899,1.0,1.0,1.0,0.0023641550526082708,9.999999747378752e-05,1.0,0.003115927567705512,1.1666666269302368,,,,,,,
31,0.005300347227603197,0.001313268905505538,0.011295914649963379,0.019427921622991562,9949,1.0,1.0,1.0,0.002396786047935179,9.999999747378752e-05,1.0,0.0012306049466133118,1.0384615659713745,,,,,,,
32,0.009006684646010399,0.00239541451446712,0.014975671656429768,0.0316743403673172,9999,1.0,1.0,1.0,0.002539913985499998,9.999999747378752e-05,1.0,0.00014898774679750204,1.0357142686843872,,,,,,,
32,0.006779562681913376,0.0018024735618382692,0.010492051020264626,0.02402431331574917,10049,1.0,1.0,1.0,0.002352786213864112,9.999999747378752e-05,1.0,0.002417167415842414,1.1428571939468384,,,,,,,
32,0.0008369738352485001,0.0006271923193708062,0.0014046126743778586,0.0022361152805387974,10099,1.0,1.0,1.0,0.0023057241544258474,9.999999747378752e-05,1.0,0.00017716718139126897,1.1428571939468384,,,,,,,
32,0.0026338472962379456,0.0005556477117352188,0.007864163257181644,0.009858131408691406,10149,1.0,1.0,1.0,0.0021727178299124107,9.999999747378752e-05,1.0,0.0006933407858014107,1.0333333015441895,,,,,,,
32,0.004855087026953697,0.0006297756917774677,0.011623314581811428,0.01892557553946972,10199,1.0,1.0,1.0,0.002279942173289522,9.999999747378752e-05,1.0,0.00988162774592638,1.034482717514038,,,,,,,
32,0.0007374606211669743,0.0005519274855032563,0.0029682584572583437,0.0035754244308918715,10249,1.0,1.0,1.0,0.0021590135467781943,9.999999747378752e-05,1.0,0.0014149234630167484,1.034482717514038,,,,,,,
33,0.0033357127103954554,0.00059027987299487,0.007159766741096973,0.012929937802255154,10299,1.0,1.0,1.0,0.0022710264562509777,9.999999747378752e-05,1.0,0.00015929456276353449,1.137930989265442,,,,,,,
33,0.0009067495702765882,0.0005794235039502382,0.002207689918577671,0.002706815954297781,10349,1.0,1.0,1.0,0.0022499699993540675,9.999999747378752e-05,1.0,0.00012867129407823086,1.1071428060531616,,,,,,,
33,0.004207414109259844,0.0013015078147873282,0.007119981572031975,0.015080339275300503,10399,1.0,1.0,1.0,0.002172758029673366,9.999999747378752e-05,1.0,0.0001837057643570006,1.0357142686843872,,,,,,,
33,0.0019355230033397675,0.0005149412318132818,0.0059805503115057945,0.00833013653755188,10449,1.0,1.0,1.0,0.0020526140539551233,9.999999747378752e-05,1.0,0.0017158427508547902,1.2142857313156128,,,,,,,
33,0.10490071773529053,0.0013897973112761974,0.3257606029510498,0.4719739258289337,10499,1.0,1.0,1.0,0.0020689375997252043,9.999999747378752e-05,1.0,0.005286897532641888,1.0384615659713745,,,,,,,
33,0.0006539575406350195,0.000533375539816916,0.001714299782179296,0.0020450784359127283,10549,1.0,1.0,1.0,0.0021894415161733756,9.999999747378752e-05,1.0,0.0002162461169064045,1.03125,,,,,,,
33,0.009072288870811462,0.001857966068200767,0.010280228219926357,0.023890705779194832,10599,1.0,1.0,1.0,0.0035773536587658393,9.999999747378752e-05,1.0,0.0019075496820732951,1.137930989265442,,,,,,,
34,0.0008368273847736418,0.0005582663579843938,0.001977331703528762,0.0025789232458919287,10649,1.0,1.0,1.0,0.0020598198320275,9.999999747378752e-05,1.0,0.0010213125497102737,1.1481481790542603,,,,,,,
34,0.007809712551534176,0.0004999577649869025,0.014922180213034153,0.030340401455760002,10699,1.0,1.0,1.0,0.0020568443946496788,9.999999747378752e-05,1.0,0.00020915183995384723,1.115384578704834,,,,,,,
34,0.031807251274585724,0.0005194160621613264,0.05749708414077759,0.10191476345062256,10749,1.0,1.0,1.0,0.0021535504986609404,9.999999747378752e-05,1.0,0.005124012939631939,1.1071428060531616,,,,,,,
34,0.01897970587015152,0.001516523421742022,0.05260833352804184,0.08469105511903763,10799,1.0,1.0,1.0,0.03307124667975524,9.999999747378752e-05,1.0,0.026626702398061752,1.0800000429153442,,,,,,,
34,0.008322760462760925,0.000605726323556155,0.018437368795275688,0.02870318852365017,10849,1.0,1.0,1.0,0.002236208685781298,9.999999747378752e-05,1.0,0.00010419361933600157,1.1111111640930176,,,,,,,
34,0.23756347596645355,0.021422848105430603,0.35149577260017395,1.0768879652023315,10899,1.0,1.0,1.0,0.0021293211940476425,9.999999747378752e-05,1.0,0.0013538385974243283,1.0,,,,,,,
35,0.0010201100958511233,0.0004817320150323212,0.003999777603894472,0.004889517556875944,10949,1.0,1.0,1.0,0.0019927911183948103,9.999999747378752e-05,1.0,0.0003508604713715613,1.0967742204666138,,,,,,,
35,0.0010753972455859184,0.000489738886244595,0.0033322609961032867,0.004226551856845617,10999,1.0,1.0,1.0,0.0020521909780746314,9.999999747378752e-05,1.0,0.0002266457595396787,1.0689655542373657,,,,,,,
35,0.0005057945963926613,0.00046748912427574396,0.001383409253321588,0.0016655095387250185,11049,1.0,1.0,1.0,0.0018571486683369343,9.999999747378752e-05,1.0,0.00019636168144643307,1.185185194015503,,,,,,,
35,0.0001629468606552109,0.0004221664275974035,0.0014742667553946376,0.0015806512674316764,11099,1.0,1.0,1.0,0.0017474919254548177,9.999999747378752e-05,1.0,0.00016373014659620821,1.1428571939468384,,,,,,,
35,0.030044924467802048,0.00039914442459121346,0.054914649575948715,0.09638429433107376,11149,1.0,1.0,1.0,0.0017767268874154447,9.999999747378752e-05,1.0,0.0009717124630697072,1.0322580337524414,,,,,,,
35,0.0009194673039019108,0.00046347311581484973,0.001881906297057867,0.0027909877244383097,11199,1.0,1.0,1.0,0.0021701190965839443,9.999999747378752e-05,1.0,0.0030521429143846035,1.137930989265442,,,,,,,
36,0.0008867287542670965,0.00048370534204877913,0.0013593892799690366,0.0018876889953389764,11249,1.0,1.0,1.0,0.001915450749521755,9.999999747378752e-05,1.0,0.00018120261665899307,1.15625,,,,,,,
36,0.0007109702564775944,0.0004525546682998538,0.0011952145723626018,0.0015708851860836148,11299,1.0,1.0,1.0,0.001865989787508481,9.999999747378752e-05,1.0,0.00010396060679340735,1.185185194015503,,,,,,,
36,0.00035058241337537766,0.0004153817135374993,0.0009950214298442006,0.0011847440619021654,11349,1.0,1.0,1.0,0.0017539078282256802,9.999999747378752e-05,1.0,0.00014145768363960087,1.159999966621399,,,,,,,
36,0.0003435217950027436,0.0003873790265060961,0.0012278880458325148,0.0014852823223918676,11399,1.0,1.0,1.0,0.0016870928532505495,9.999999747378752e-05,1.0,8.416364289587364e-05,1.100000023841858,,,,,,,
36,0.00045458792010322213,0.00039700150955468416,0.0010195347713306546,0.001297857379540801,11449,1.0,1.0,1.0,0.0024747383223818007,9.999999747378752e-05,1.0,0.00024576770374551415,1.1071428060531616,,,,,,,
36,0.02039390616118908,0.00446980819106102,0.019582778215408325,0.05458856001496315,11499,1.0,1.0,1.0,0.0019641998393779246,9.999999747378752e-05,1.0,0.0025650723837316036,1.115384578704834,,,,,,,
37,0.16964226961135864,0.02323387935757637,0.34729257225990295,0.5905653834342957,11549,1.0,1.0,1.0,0.002787810191832175,9.999999747378752e-05,1.0,0.0029781432822346687,1.2666666507720947,,,,,,,
37,0.004723952151834965,0.0004288011696189642,0.011920610442757607,0.02119443006813526,11599,1.0,1.0,1.0,0.003776521375159571,9.999999747378752e-05,1.0,0.027436882257461548,1.0645161867141724,,,,,,,
37,0.10512708872556686,0.005678955465555191,0.23114071786403656,0.391372948884964,11649,1.0,1.0,1.0,0.0033910001402111343,9.999999747378752e-05,1.0,0.017219984903931618,1.1724138259887695,,,,,,,
37,0.18135951459407806,0.02099550887942314,0.15310975909233093,0.5808423161506653,11699,1.0,1.0,1.0,0.0039008517773617317,9.999999747378752e-05,1.0,0.05393844097852707,1.1071428060531616,,,,,,,
37,0.00074402941390872,0.0004388259840197861,0.0004829527752008289,0.001385188428685069,11749,1.0,1.0,1.0,0.0019019732002144465,9.999999747378752e-05,1.0,0.00033319066278636456,1.0967742204666138,,,,,,,
37,0.028558677062392235,0.003014413872733712,0.040174275636672974,0.10760019719600677,11799,1.0,1.0,1.0,0.010278214044967256,9.999999747378752e-05,1.0,0.019102290272712708,1.2692307233810425,,,,,,,
37,0.00044281574082560837,0.00040931199328042567,0.0007604999700561166,0.0010818305891007185,11849,1.0,1.0,1.0,0.0017673911801748187,9.999999747378752e-05,1.0,8.874386548995972e-05,1.076923131942749,,,,,,,
38,0.00038327131187543273,0.000401853903895244,0.0008919209358282387,0.0011228866642341018,11899,1.0,1.0,1.0,0.0017016324909718433,9.999999747378752e-05,1.0,0.00010558721260167658,1.0333333015441895,,,,,,,
38,0.20406422019004822,0.007008737418800592,0.35059913992881775,0.6947396993637085,11949,1.0,1.0,1.0,0.0017789500677712366,9.999999747378752e-05,1.0,0.0034735307563096285,1.0,,,,,,,
38,0.008581019937992096,0.0008267427911050618,0.014250479638576508,0.03277306631207466,11999,1.0,1.0,1.0,0.001830228758199967,9.999999747378752e-05,1.0,0.0004881693748757243,1.0333333015441895,,,,,,,
38,0.14356476068496704,0.007077621296048164,0.32853963971138,0.5920954942703247,12049,1.0,1.0,1.0,0.0018878538108519519,9.999999747378752e-05,1.0,0.0011606207117438316,1.2068965435028076,,,,,,,
38,0.004141884855926037,0.0004925861721858382,0.009305214509367943,0.019083114340901375,12099,1.0,1.0,1.0,0.001917338836901812,9.999999747378752e-05,1.0,0.002805752446874976,1.0357142686843872,,,,,,,
38,0.14837929606437683,0.0020897137001156807,0.3065417408943176,0.6127903461456299,12149,1.0,1.0,1.0,0.0018453359445582645,9.999999747378752e-05,1.0,0.0009140945039689541,1.1666666269302368,,,,,,,
39,0.025753146037459373,0.004839810077100992,0.06532561033964157,0.11516668647527695,12199,1.0,1.0,1.0,0.00193884220401628,9.999999747378752e-05,1.0,0.000942594138905406,1.192307710647583,,,,,,,
39,0.014213727787137032,0.0014391870936378837,0.015969563275575638,0.05399665609002113,12249,1.0,1.0,1.0,0.00331073419858295,9.999999747378752e-05,1.0,0.01053193025290966,1.25,,,,,,,
39,0.0011872751638293266,0.0005050209583714604,0.0012076551793143153,0.002194336848333478,12299,1.0,1.0,1.0,0.002325633484213011,9.999999747378752e-05,1.0,9.855101234279573e-05,1.1785714626312256,,,,,,,
39,0.0011589117348194122,0.00041000929195433855,0.0036305380053818226,0.005010194610804319,12349,0.9976851940155029,1.0,0.9629629850387573,0.00771187177495628,9.999999747378752e-05,0.9629629850387573,0.03262397646903992,1.0370370149612427,,,,,,,
39,0.0010827927617356181,0.0004442310018930584,0.003019569907337427,0.004110528621822596,12399,1.0,1.0,1.0,0.002353472085693601,9.999999747378752e-05,1.0,0.0014614937826991081,1.1666666269302368,,,,,,,
39,0.0016033033607527614,0.0004396437725517899,0.004230727441608906,0.007008856628090143,12449,1.0,1.0,1.0,0.0018850512878005898,9.999999747378752e-05,1.0,0.004846765194088221,1.034482717514038,,,,,,,
39,,,,,12479,,,,,,,,,1.0,1.0,0.0018428999464958906,0.0020718814339488745,1.0,0.0004579623928293586,16.0
40,0.001197163830511272,0.00050818279851228,0.0013894318835809827,0.0021483805030584335,12499,1.0,1.0,1.0,0.0018939016155414255,9.999999747378752e-05,1.0,0.00011098147660959512,1.1290322542190552,,,,,,,
40,0.0004111499583814293,0.00040593030280433595,0.0013366378843784332,0.0015097130089998245,12549,1.0,1.0,1.0,0.0022035421634285365,9.999999747378752e-05,1.0,0.0015686987899243832,1.076923131942749,,,,,,,
40,0.23487326502799988,0.012207111343741417,0.617512047290802,1.2770346403121948,12599,1.0,1.0,1.0,0.007635317066190546,9.999999747378752e-05,1.0,0.046870917081832886,1.0357142686843872,,,,,,,
40,0.0012200981145724654,0.00046349791227839887,0.0035002469085156918,0.0046262056566774845,12649,1.0,1.0,1.0,0.0018630768900565016,9.999999747378752e-05,1.0,0.0005776765756309032,1.2068965435028076,,,,,,,
40,0.0044261920265853405,0.0010647547896951437,0.003758140839636326,0.01643504574894905,12699,1.0,1.0,1.0,0.0017332734529356736,9.999999747378752e-05,1.0,0.00014983932487666607,1.0333333015441895,,,,,,,
40,0.00027052726363763213,0.0003785437729675323,0.0009377184323966503,0.0010789443040266633,12749,0.9937499761581421,1.0,0.9666666388511658,0.04282778874744464,9.999999747378752e-05,0.9666666388511658,0.1799524426460266,1.100000023841858,,,,,,,
41,0.009021619334816933,0.0014883384574204683,0.012958476319909096,0.03449563682079315,12799,1.0,1.0,1.0,0.0017635164520472023,9.999999747378752e-05,1.0,0.0002383766113780439,1.1200000047683716,,,,,,,
41,0.11514279246330261,0.003998914267867804,0.26898670196533203,0.6227194666862488,12849,1.0,1.0,1.0,0.0017279880067897567,9.999999747378752e-05,1.0,0.00019955521565862,1.1428571939468384,,,,,,,
41,0.004508586600422859,0.00110111222602427,0.0029703709296882153,0.013343202881515026,12899,1.0,1.0,1.0,0.0018178074283952783,9.999999747378752e-05,1.0,7.260282291099429e-05,1.115384578704834,,,,,,,
41,0.15231171250343323,0.015188097953796387,0.345286101102829,0.5826664566993713,12949,1.0,1.0,1.0,0.00205869906512142,9.999999747378752e-05,1.0,0.000911090464796871,1.1612902879714966,,,,,,,
41,0.0005627037025988102,0.00041475941543467343,0.0014874887419864535,0.0019048834219574928,12999,1.0,1.0,1.0,0.0017714956322593684,9.999999747378752e-05,1.0,0.00018386496230959892,1.1071428060531616,,,,,,,
41,0.004794747103005648,0.00107451225630939,0.004160604905337095,0.020679470151662827,13049,1.0,1.0,1.0,0.0023786801615743565,9.999999747378752e-05,1.0,0.0013009149115532637,1.0689655542373657,,,,,,,
41,0.00558286439627409,0.0004231375642120838,0.011807571165263653,0.02131037600338459,13099,1.0,1.0,1.0,0.0017869364420074966,9.999999747378752e-05,1.0,0.00094097841065377,1.1724138259887695,,,,,,,
42,0.05118406563997269,0.001762079307809472,0.11427617818117142,0.2306593805551529,13149,1.0,1.0,1.0,0.0019196712723509451,9.999999747378752e-05,1.0,0.0001605705765541643,1.137930989265442,,,,,,,
42,0.0008731213747523725,0.0004447367100510746,0.0007636355003342032,0.0015893860254436731,13199,1.0,1.0,1.0,0.0017170834542447294,9.999999747378752e-05,1.0,0.00042235018918290734,1.0967742204666138,,,,,,,
42,0.0004173272172920406,0.00039813740295358,0.0015000954736024141,0.001750645344145596,13249,1.0,1.0,1.0,0.0018520565382830708,9.999999747378752e-05,1.0,8.055560465436429e-05,1.0357142686843872,,,,,,,
42,0.003227625507861376,0.0011603047605603933,0.0029510955791920424,0.009548370726406574,13299,1.0,1.0,1.0,0.001709261871938744,9.999999747378752e-05,1.0,0.0016724724555388093,1.137930989265442,,,,,,,
42,0.001026429352350533,0.00039678948814980686,0.0030955553520470858,0.00428227661177516,13349,1.0,1.0,1.0,0.0017786525948720667,9.999999747378752e-05,1.0,0.00015705262194387615,1.0645161867141724,,,,,,,
42,0.005982580594718456,0.001243900042027235,0.0044584632851183414,0.020363561809062958,13399,0.9959677457809448,1.0,0.9677419066429138,0.0074574547757568065,9.999999747378752e-05,0.9677419066429138,0.03469813987612724,1.0967742204666138,,,,,,,
43,0.009103011339902878,0.001430018455721438,0.01496671698987484,0.03795185312628746,13449,1.0,1.0,1.0,0.001705365259826077,9.999999747378752e-05,1.0,0.00020351285638753325,1.034482717514038,,,,,,,
43,0.0005137361004017293,0.00036626102519221604,0.0020164030138403177,0.0024309216532856226,13499,1.0,1.0,1.0,0.0016805917565898799,9.999999747378752e-05,1.0,0.00010491948341950774,1.1034482717514038,,,,,,,
43,0.0005542424623854458,0.00037259564851410687,0.0008385017863474786,0.001238182419911027,13549,1.0,1.0,1.0,0.0015965975173558174,9.999999747378752e-05,1.0,0.0005393599858507514,1.2068965435028076,,,,,,,
43,0.0005080908304080367,0.0003587073879316449,0.0013410226674750447,0.001746052410453558,13599,1.0,1.0,1.0,0.0015756840182813573,9.999999747378752e-05,1.0,0.00014042237307876348,1.137930989265442,,,,,,,
43,0.006553926970809698,0.0003399070701561868,0.015335911884903908,0.021187538281083107,13649,1.0,1.0,1.0,0.0015652836626050375,9.999999747378752e-05,1.0,0.00023748425883240998,1.0689655542373657,,,,,,,
43,0.0009521422325633466,0.00033971789525821805,0.0030132895335555077,0.003789314068853855,13699,1.0,1.0,1.0,0.0016013282073388503,9.999999747378752e-05,1.0,0.0008447670843452215,1.0666667222976685,,,,,,,
44,0.007346812169998884,0.00039159992593340576,0.01240457221865654,0.023983806371688843,13749,1.0,1.0,1.0,0.00190085097575272,9.999999747378752e-05,1.0,0.002268059877678752,1.25,,,,,,,
44,0.002000941429287195,0.00037382563459686935,0.004672122187912464,0.007517407648265362,13799,1.0,1.0,1.0,0.0016954157650448613,9.999999747378752e-05,1.0,0.00019647349836304784,1.1071428060531616,,,,,,,
44,0.0003902150201611221,0.00034316227538511157,0.0009146590018644929,0.0011341096833348274,13849,1.0,1.0,1.0,0.11947110187622637,9.999999747378752e-05,1.0,0.1859956532716751,1.1785714626312256,,,,,,,
44,0.0011865115957334638,0.0003707428404595703,0.002565941074863076,0.0033770331647247076,13899,1.0,1.0,1.0,0.0016304093490462535,9.999999747378752e-05,1.0,0.0005215745768509805,1.0645161867141724,,,,,,,
44,0.0031526093371212482,0.00036018507671542466,0.0077917384915053844,0.011759857647120953,13949,1.0,1.0,1.0,0.002762352933014351,9.999999747378752e-05,1.0,0.000241434492636472,1.0967742204666138,,,,,,,
44,0.0011031586909666657,0.0003513950505293906,0.002965085208415985,0.003493190510198474,13999,1.0,1.0,1.0,0.0015518987097731538,9.999999747378752e-05,1.0,0.00063771300483495,1.076923131942749,,,,,,,
45,0.21909888088703156,0.01786649040877819,0.3214901089668274,0.7625809907913208,14049,1.0,1.0,1.0,0.0016904684070782896,9.999999747378752e-05,1.0,0.0012563428608700633,1.0357142686843872,,,,,,,
45,0.057732269167900085,0.0017596128163859248,0.12091105431318283,0.22774600982666016,14099,1.0,1.0,1.0,0.0016552783691043522,9.999999747378752e-05,1.0,0.00010530886356718838,1.0,,,,,,,
45,0.00114971655420959,0.0004166355065535754,0.0009086965583264828,0.0018985092174261808,14149,1.0,1.0,1.0,0.0017587578411841637,9.999999747378752e-05,1.0,8.400381921092048e-05,1.100000023841858,,,,,,,
45,0.0009228914859704673,0.0003480669984128326,0.00335630401968956,0.004407352302223444,14199,1.0,1.0,1.0,0.001660233778597999,9.999999747378752e-05,1.0,0.004824523814022541,1.0740740299224854,,,,,,,
45,0.000872714095748961,0.00038907030830159783,0.0019462083000689745,0.0024021819699555635,14249,1.0,1.0,1.0,0.0016683109029386684,9.999999747378752e-05,1.0,0.0002047235902864486,1.1612902879714966,,,,,,,
45,0.0027521150186657906,0.0003296963404864073,0.006899251136928797,0.009678388945758343,14299,1.0,1.0,1.0,0.0022889225381709398,9.999999747378752e-05,1.0,0.0037273664493113756,1.0740740299224854,,,,,,,
45,0.0006314514321275055,0.00036143939360044897,0.0011803192319348454,0.0015557670267298818,14349,1.0,1.0,1.0,0.001638273072664835,9.999999747378752e-05,1.0,0.00011668841762002558,1.1034482717514038,,,,,,,
46,0.0006068658549338579,0.0003578119503799826,0.0010314848041161895,0.001426170114427805,14399,1.0,1.0,1.0,0.0020758350611913053,9.999999747378752e-05,1.0,0.002004775917157531,1.1785714626312256,,,,,,,
46,0.005100089590996504,0.0003962731279898435,0.00941590964794159,0.014421622268855572,14449,1.0,1.0,1.0,0.0015750902290656743,9.999999747378752e-05,1.0,0.00011214497499167919,1.296296238899231,,,,,,,
46,0.1603115200996399,0.002095702337101102,0.349067747592926,0.6898359060287476,14499,1.0,1.0,1.0,0.001660313604451377,9.999999747378752e-05,1.0,0.00023471241001971066,1.1724138259887695,,,,,,,
46,0.008462146855890751,0.00042036763625219464,0.017484338954091072,0.0311006810516119,14549,1.0,1.0,1.0,0.0015279337800306499,9.999999747378752e-05,1.0,0.00014243528130464256,1.137930989265442,,,,,,,
46,0.00037471699761226773,0.0003279437078163028,0.0014970055781304836,0.0017088071908801794,14599,1.0,1.0,1.0,0.0015271136003885463,9.999999747378752e-05,1.0,0.00033478112891316414,1.1428571939468384,,,,,,,
46,0.004262331407517195,0.00033637514570727944,0.0067543708719313145,0.013282441534101963,14649,1.0,1.0,1.0,0.0016315134975289497,9.999999747378752e-05,1.0,9.747231524670497e-05,1.0357142686843872,,,,,,,
47,0.0006588613614439964,0.0003474737168289721,0.0007432006532326341,0.0013581373495981097,14699,1.0,1.0,1.0,0.14966682297818054,9.999999747378752e-05,1.0,0.006713495589792728,1.1724138259887695,,,,,,,
47,0.1415267288684845,0.012749598361551762,0.36497485637664795,0.6718477606773376,14749,1.0,1.0,1.0,0.0017390589610606565,9.999999747378752e-05,1.0,0.0004390185931697488,1.115384578704834,,,,,,,
47,0.0039000946562737226,0.0008364022942259908,0.005570782348513603,0.00870001781731844,14799,1.0,1.0,1.0,0.005217566608714716,9.999999747378752e-05,1.0,0.0040831491351127625,1.0322580337524414,,,,,,,
47,0.0025489304680377245,0.00037521476042456925,0.006838194560259581,0.008962923660874367,14849,1.0,1.0,1.0,0.0016198957443702895,9.999999747378752e-05,1.0,0.0029464864637702703,1.1034482717514038,,,,,,,
47,0.0013071824796497822,0.0003977311425842345,0.0032919656950980425,0.004371350631117821,14899,1.0,1.0,1.0,0.0017803585009398735,9.999999747378752e-05,1.0,0.00014340458437800407,1.0740740299224854,,,,,,,
47,0.00211422354914248,0.0004023766960017383,0.00573778199031949,0.008518984541296959,14949,1.0,1.0,1.0,0.0016891199475647931,9.999999747378752e-05,1.0,0.0004082829982507974,1.1034482717514038,,,,,,,
48,0.15069584548473358,0.0027259793132543564,0.34331509470939636,0.577210009098053,14999,1.0,1.0,1.0,0.0017490504848279038,9.999999747378752e-05,1.0,0.0003490050439722836,1.1333333253860474,,,,,,,
48,0.0008415158372372389,0.0003933865518774837,0.0013914868468418717,0.0019013048149645329,15049,1.0,1.0,1.0,0.0016388144435254296,9.999999747378752e-05,1.0,0.00020003042300231755,1.1290322542190552,,,,,,,
48,0.00033128264476545155,0.00033589015947654843,0.001376260188408196,0.001505762105807662,15099,1.0,1.0,1.0,0.0015305620801121587,9.999999747378752e-05,1.0,0.0001179606988443993,1.1333333253860474,,,,,,,
48,0.00018014748638961464,0.000314493227051571,0.0013040867634117603,0.001412620535120368,15149,1.0,1.0,1.0,0.0014407661464452158,9.999999747378752e-05,1.0,9.384095028508455e-05,1.03125,,,,,,,
48,0.0004443188081495464,0.0003161006316076964,0.0006160639459267259,0.0010381959145888686,15199,1.0,1.0,1.0,0.0014945583835650905,9.999999747378752e-05,1.0,6.652922456851229e-05,1.0666667222976685,,,,,,,
48,0.0007200612453743815,0.00028912004199810326,0.0019514958839863539,0.0024400060065090656,15249,1.0,1.0,1.0,0.0018400820125863272,9.999999747378752e-05,1.0,0.011276934295892715,1.125,,,,,,,
49,0.0471973791718483,0.0033297508489340544,0.10458240658044815,0.2146819829940796,15299,1.0,1.0,1.0,0.0015107228792763257,9.999999747378752e-05,1.0,0.0001097834319807589,1.137930989265442,,,,,,,
49,0.0008787249680608511,0.0003092208644375205,0.002461077645421028,0.00301066180691123,15349,1.0,1.0,1.0,0.0014141610878405939,9.999999747378752e-05,1.0,0.0021211649291217327,1.1333333253860474,,,,,,,
49,0.0005622393218800426,0.0003203008382115513,0.0009608829277567565,0.0012706706766039133,15399,1.0,1.0,1.0,0.0014884862222264196,9.999999747378752e-05,1.0,0.00011100276606157422,1.2000000476837158,,,,,,,
49,0.0005081811104901135,0.00032191420905292034,0.001055559958331287,0.0013297965051606297,15449,1.0,1.0,1.0,0.0015254448604447319,9.999999747378752e-05,1.0,0.00015764569980092347,1.115384578704834,,,,,,,
49,0.0015011968789622188,0.00029502331744879484,0.003613485721871257,0.004613255150616169,15499,1.0,1.0,1.0,0.0013995134770462382,9.999999747378752e-05,1.0,0.0010733758099377155,1.0689655542373657,,,,,,,
49,0.0044282060116529465,0.00036879407707601786,0.0086024459451437,0.014235963113605976,15549,1.0,1.0,1.0,0.0014872668502263278,9.999999747378752e-05,1.0,0.0003254451439715922,1.1071428060531616,,,,,,,
49,0.030255122110247612,0.00032070098677650094,0.06129589304327965,0.08560343086719513,15599,1.0,1.0,1.0,0.0015734500048466423,9.999999747378752e-05,1.0,0.0004109155561309308,1.137930989265442,,,,,,,
49,,,,,15599,,,,,,,,,1.0,1.0,0.0014764847001060843,0.0016128915594890714,1.0,0.00027281386428512633,16.0
50,0.0015726638957858086,0.0003367594617884606,0.003255838295444846,0.004387829918414354,15649,1.0,1.0,1.0,0.0015289119071726681,9.999999747378752e-05,1.0,0.00013222235429566354,1.115384578704834,,,,,,,
50,0.0006288927397690713,0.0003258226497564465,0.0010397095466032624,0.0014350962592288852,15699,1.0,1.0,1.0,0.0016390944937490221,9.999999747378752e-05,1.0,6.972238043090329e-05,1.159999966621399,,,,,,,
50,0.0009159111068584025,0.000361958344001323,0.0008882078109309077,0.0016406303038820624,15749,1.0,1.0,1.0,0.0016711781953294255,9.999999747378752e-05,1.0,0.0016495953314006329,1.0333333015441895,,,,,,,
50,0.0012811366468667984,0.0003597958420868963,0.0031912392005324364,0.0042223455384373665,15799,1.0,1.0,1.0,0.001453275219984793,9.999999747378752e-05,1.0,0.00011668153456412256,1.1333333253860474,,,,,,,
50,0.0008467030129395425,0.0003101281763520092,0.002542192814871669,0.00313123338855803,15849,0.998046875,1.0,0.96875,0.004757135131847643,9.999999747378752e-05,0.96875,0.06949495524168015,1.15625,,,,,,,
50,0.015639159828424454,0.00033457251265645027,0.0401163212954998,0.05523771420121193,15899,1.0,1.0,1.0,0.0015032746171678016,9.999999747378752e-05,1.0,7.839826866984367e-05,1.1333333253860474,,,,,,,
51,0.001278785290196538,0.0003428859927225858,0.0023426213301718235,0.0036883812863379717,15949,1.0,1.0,1.0,0.0013948883397039424,9.999999747378752e-05,1.0,0.00022608066501561552,1.0333333015441895,,,,,,,
51,0.0002801220689434558,0.00028210377786308527,0.000993334804661572,0.0010989013826474547,15999,1.0,1.0,1.0,0.0017813210290286183,9.999999747378752e-05,1.0,0.0008050594478845596,1.0666667222976685,,,,,,,
51,0.0006599685875698924,0.0003099358291365206,0.0006679380894638598,0.0013219862012192607,16049,0.9977678656578064,1.0,0.9642857313156128,0.017096763095867544,9.999999747378752e-05,0.9642857313156128,0.17990104854106903,1.0714285373687744,,,,,,,
51,0.002701706252992153,0.00027887136093340814,0.006432786118239164,0.008989235386252403,16099,1.0,1.0,1.0,0.0014039996199769157,9.999999747378752e-05,1.0,0.00029939430532976985,1.0357142686843872,,,,,,,
51,0.00044595927465707064,0.0002905223809648305,0.0011911675101146102,0.0013975042384117842,16149,1.0,1.0,1.0,0.0014438254997749117,9.999999747378752e-05,1.0,9.59504977799952e-05,1.0645161867141724,,,,,,,
51,0.0005165616748854518,0.00029041708330623806,0.0017720976611599326,0.0020940336398780346,16199,1.0,1.0,1.0,0.001427118603195715,9.999999747378752e-05,1.0,0.0003427924821153283,1.1034482717514038,,,,,,,
52,0.01131681352853775,0.0021276928018778563,0.0069854846224188805,0.03327919542789459,16249,1.0,1.0,1.0,0.0014499555679829885,9.999999747378752e-05,1.0,0.0003008886124007404,1.1428571939468384,,,,,,,
52,0.001031246269121766,0.00026417229673825204,0.0030314840842038393,0.003813214832916856,16299,1.0,1.0,1.0,0.001323761864611849,9.999999747378752e-05,1.0,0.0013700100826099515,1.1666666269302368,,,,,,,
52,0.0004759449220728129,0.0002862422843463719,0.0014627630589529872,0.0016857690643519163,16349,1.0,1.0,1.0,0.0013982901874997557,9.999999747378752e-05,1.0,0.0021315477788448334,1.0645161867141724,,,,,,,
52,0.0008384381071664393,0.0003235628246329725,0.001605330384336412,0.002026128116995096,16399,1.0,1.0,1.0,0.0014928154976237766,9.999999747378752e-05,1.0,0.00017036302597261965,1.0689655542373657,,,,,,,
52,0.0007259747362695634,0.00030833229538984597,0.0014686331851407886,0.0019724888261407614,16449,1.0,1.0,1.0,0.001394122448350332,9.999999747378752e-05,1.0,0.00011882466787938029,1.1428571939468384,,,,,,,
52,0.00030938678537495434,0.00027233391301706433,0.0011194228427484632,0.0012469080975279212,16499,1.0,1.0,1.0,0.0013126548582111516,9.999999747378752e-05,1.0,0.00011468360025901347,1.0645161867141724,,,,,,,
53,0.0006742961704730988,0.0002919646503869444,0.0007233127835206687,0.0012254136381670833,16549,1.0,1.0,1.0,0.001384363927095304,9.999999747378752e-05,1.0,0.000143277837196365,1.09375,,,,,,,
53,0.00104262656532228,0.0002964750165119767,0.002036495367065072,0.0033397867809981108,16599,1.0,1.0,1.0,0.0014162134837363935,9.999999747378752e-05,1.0,9.518714796286076e-05,1.1666666269302368,,,,,,,
53,0.0008634065161459148,0.0003051364328712225,0.000493554282002151,0.0014845575205981731,16649,1.0,1.0,1.0,0.0014839029688576723,9.999999747378752e-05,1.0,0.0012309642042964697,1.076923131942749,,,,,,,
53,0.00041798705933615565,0.0002788225538097322,0.000934516720008105,0.0011805335525423288,16699,1.0,1.0,1.0,0.0024170292675300426,9.999999747378752e-05,1.0,0.005045211408287287,1.1935484409332275,,,,,,,
53,0.004403913859277964,0.00035699171712622046,0.010778187774121761,0.013918316923081875,16749,1.0,1.0,1.0,0.0014626705947121464,9.999999747378752e-05,1.0,0.0020781010389328003,1.115384578704834,,,,,,,
53,0.0026831994764506817,0.00031108627445064485,0.00689032394438982,0.008659331128001213,16799,1.0,1.0,1.0,0.0014492964615133224,9.999999747378752e-05,1.0,0.00043549551628530025,1.034482717514038,,,,,,,
54,0.07071532309055328,0.009311809204518795,0.18123210966587067,0.30645543336868286,16849,1.0,1.0,1.0,0.012960861175490192,9.999999747378752e-05,1.0,0.0466763861477375,1.2692307233810425,,,,,,,
54,0.2955012917518616,0.04031551256775856,0.3436835706233978,1.1064941883087158,16899,1.0,1.0,1.0,0.0014371882027895068,9.999999747378752e-05,1.0,0.000544319860637188,1.0740740299224854,,,,,,,
54,0.0005828883731737733,0.0003062644100282341,0.00116443051956594,0.001436492777429521,16949,1.0,1.0,1.0,0.0017429946231935015,9.999999747378752e-05,1.0,0.00022830822854302824,1.2413792610168457,,,,,,,
54,0.004298599902540445,0.0008971414063125849,0.0015194412553682923,0.007146946154534817,16999,1.0,1.0,1.0,0.001803084731024294,9.999999747378752e-05,1.0,0.000196683089598082,1.115384578704834,,,,,,,
54,0.1817958801984787,0.023861104622483253,0.33643272519111633,0.6406533122062683,17049,1.0,1.0,1.0,0.0014951676056870551,9.999999747378752e-05,1.0,0.001508440705947578,1.2666666507720947,,,,,,,
54,0.000605582317803055,0.0003102791088167578,0.0013612937182188034,0.001719195395708084,17099,1.0,1.0,1.0,0.0014809504502662023,9.999999747378752e-05,1.0,0.00010477894102223217,1.1071428060531616,,,,,,,
54,0.00040436661220155656,0.00028879879391752183,0.0013918011682108045,0.0017333534779027104,17149,1.0,1.0,1.0,0.0013900202058219487,9.999999747378752e-05,1.0,0.0001398746098857373,1.1724138259887695,,,,,,,
55,0.000729819352272898,0.0002792425511870533,0.0024404977448284626,0.0030681155622005463,17199,1.0,1.0,1.0,0.0013061686896001343,9.999999747378752e-05,1.0,9.135690925177187e-05,1.25,,,,,,,
55,0.00014262160402722657,0.0002597455750219524,0.0009086751379072666,0.0009967164369300008,17249,1.0,1.0,1.0,0.001334600950914342,9.999999747378752e-05,1.0,0.0006491943495348096,1.0322580337524414,,,,,,,
55,0.0005989353521727026,0.00027476740069687366,0.0014778916956856847,0.001860220916569233,17299,1.0,1.0,1.0,0.0013054154813022668,9.999999747378752e-05,1.0,8.138231351040304e-05,1.0322580337524414,,,,,,,
55,0.27038148045539856,0.014850643463432789,0.3504284620285034,0.9923483729362488,17349,1.0,1.0,1.0,0.0016086197758965054,9.999999747378752e-05,1.0,0.011306661181151867,1.034482717514038,,,,,,,
55,0.0006160417106002569,0.00028128398116678,0.0005300038610585034,0.0010702689178287983,17399,1.0,1.0,1.0,0.001351759922849007,9.999999747378752e-05,1.0,0.0031755620148032904,1.034482717514038,,,,,,,
55,0.0016834604321047664,0.00031990237766876817,0.0032750118989497423,0.0044167921878397465,17449,1.0,1.0,1.0,0.0013074485605956941,9.999999747378752e-05,1.0,0.000173086256836541,1.2333333492279053,,,,,,,
56,0.08281009644269943,0.002964642597362399,0.22890198230743408,0.3686184585094452,17499,1.0,1.0,1.0,0.0021025208461260972,9.999999747378752e-05,1.0,0.0032726956997066736,1.2142857313156128,,,,,,,
56,0.0018362031551077962,0.0002922238491009921,0.004022342152893543,0.005797357764095068,17549,1.0,1.0,1.0,0.0013736654106085281,9.999999747378752e-05,1.0,0.00013468098768498749,1.1071428060531616,,,,,,,
56,0.00040867930511012673,0.00027839309768751264,0.0007245731540024281,0.0009912699460983276,17599,1.0,1.0,1.0,0.0013138079391080526,9.999999747378752e-05,1.0,0.00012809279724024236,1.185185194015503,,,,,,,
56,0.02771422266960144,0.00040014588739722967,0.0660603791475296,0.09674087911844254,17649,1.0,1.0,1.0,0.0013692632872434546,9.999999747378752e-05,1.0,0.00019823716138489544,1.1034482717514038,,,,,,,
56,0.0022159148938953876,0.000350349786458537,0.003927926998585463,0.00583528121933341,17699,1.0,1.0,1.0,0.0014967756978852404,9.999999747378752e-05,1.0,0.0006156548042781651,1.100000023841858,,,,,,,
56,0.0005974170053377748,0.00028874402050860226,0.001664878218434751,0.0023240556474775076,17749,1.0,1.0,1.0,0.0014555918224559762,9.999999747378752e-05,1.0,0.00019794015679508448,1.2758620977401733,,,,,,,
57,0.14561580121517181,0.0021200482733547688,0.3352886140346527,0.5181516408920288,17799,0.9821428656578064,1.0,0.9642857313156128,0.04219367480074368,9.999999747378752e-05,0.9642857313156128,0.04324432089924812,1.0357142686843872,,,,,,,
57,0.005638981703668833,0.0003374229127075523,0.011034228838980198,0.020492717623710632,17849,0.9919354915618896,1.0,0.9677419066429138,0.02460841852895246,9.999999747378752e-05,0.9677419066429138,0.08077000826597214,1.0645161867141724,,,,,,,
57,0.09755198657512665,0.0015210575656965375,0.24723313748836517,0.38883665204048157,17899,1.0,1.0,1.0,0.0014932049560304266,9.999999747378752e-05,1.0,0.00022491347044706345,1.0322580337524414,,,,,,,
57,0.001421749358996749,0.0003360731643624604,0.003374024061486125,0.005287416744977236,17949,1.0,1.0,1.0,0.00441160491214132,9.999999747378752e-05,1.0,0.0056688301265239716,1.076923131942749,,,,,,,
57,0.0009571614791639149,0.0003202069492544979,0.001766254543326795,0.002460716525092721,17999,1.0,1.0,1.0,0.0014858375038068567,9.999999747378752e-05,1.0,0.0001405403163516894,1.1071428060531616,,,,,,,
57,0.0019110020948573947,0.0004570901801344007,0.000893735617864877,0.0029369390103965998,18049,1.0,1.0,1.0,0.001580672635419286,9.999999747378752e-05,1.0,0.0001082731323549524,1.137930989265442,,,,,,,
58,0.0011037809308618307,0.00032208662014454603,0.002348631387576461,0.003058366710320115,18099,1.0,1.0,1.0,0.0014038452820696963,9.999999747378752e-05,1.0,0.00026499605155549943,1.1785714626312256,,,,,,,
58,0.0006282668909989297,0.00030786264687776566,0.001509417430497706,0.001802261103875935,18149,1.0,1.0,1.0,0.0014285162140720757,9.999999747378752e-05,1.0,0.00045706896344199777,1.0370370149612427,,,,,,,
58,0.00041685381438583136,0.00029067680588923395,0.0010267917532473803,0.0012223051162436604,18199,1.0,1.0,1.0,0.0014010348370859214,9.999999747378752e-05,1.0,0.00011175901454407722,1.0,,,,,,,
58,0.00018092621758114547,0.0002668366360012442,0.0011627344647422433,0.0012456271797418594,18249,1.0,1.0,1.0,0.001311556036348705,9.999999747378752e-05,1.0,0.00011302392522338778,1.1935484409332275,,,,,,,
58,0.0277514960616827,0.0022109700366854668,0.051094017922878265,0.09809253364801407,18299,1.0,1.0,1.0,0.0013173799564909425,9.999999747378752e-05,1.0,0.0004836635198444128,1.1333333253860474,,,,,,,
58,0.016782574355602264,0.002064449479803443,0.03184016793966293,0.04974798113107681,18349,1.0,1.0,1.0,0.007441175945602079,9.999999747378752e-05,1.0,0.01236263383179903,1.1481481790542603,,,,,,,
58,0.037160977721214294,0.001989714801311493,0.06443727016448975,0.11775330454111099,18399,1.0,1.0,1.0,0.0017769141286239029,9.999999747378752e-05,1.0,0.010121408849954605,1.1333333253860474,,,,,,,
59,0.24285376071929932,0.0019491735147312284,0.22083422541618347,0.8601370453834534,18449,1.0,1.0,1.0,0.002698881185953814,9.999999747378752e-05,1.0,0.0022295366507023573,1.137930989265442,,,,,,,
59,0.1099880263209343,0.004719132091850042,0.20132847130298615,0.391407310962677,18499,0.982758641242981,1.0,0.9655172228813171,0.11018171560922402,9.999999747378752e-05,0.9655172228813171,0.16163289546966553,1.0689655542373657,,,,,,,
59,0.018983488902449608,0.00332083273679018,0.01726890169084072,0.0488399937748909,18549,1.0,1.0,1.0,0.0019105197222367347,9.999999747378752e-05,1.0,0.0013390558306127787,1.137930989265442,,,,,,,
59,0.005320459604263306,0.0010042480425909162,0.004394346848130226,0.012756618671119213,18599,1.0,1.0,1.0,0.001556000124250457,9.999999747378752e-05,1.0,0.0018657842883840203,1.185185194015503,,,,,,,
59,0.008684514090418816,0.0017940986435860395,0.004981162957847118,0.02560325711965561,18649,1.0,1.0,1.0,0.0015536798389431594,9.999999747378752e-05,1.0,0.00017643437604419887,1.1724138259887695,,,,,,,
59,0.0007183332927525043,0.0003242069506086409,0.0015392821514979005,0.002208757447078824,18699,1.0,1.0,1.0,0.001384618599182882,9.999999747378752e-05,1.0,0.000799982575699687,1.2000000476837158,,,,,,,
59,,,,,18719,,,,,,,,,1.0,1.0,0.0013237710809335113,0.0016056210733950138,1.0,0.0005637002177536488,16.0
60,0.0013125826371833682,0.0003465721965767443,0.002110315952450037,0.002873683348298073,18749,0.9879032373428345,1.0,0.9677419066429138,0.03253700536383636,9.999999747378752e-05,0.9677419066429138,0.023020707070827484,1.1290322542190552,,,,,,,
60,0.12356521189212799,0.02266395464539528,0.24545331299304962,0.4702620506286621,18799,1.0,1.0,1.0,0.004778875970800546,9.999999747378752e-05,1.0,0.1430763602256775,1.1935484409332275,,,,,,,
60,0.10348396003246307,0.006107013206928968,0.24914443492889404,0.4535540044307709,18849,1.0,1.0,1.0,0.001597364220787184,9.999999747378752e-05,1.0,0.000480127171613276,1.0714285373687744,,,,,,,
60,0.021118972450494766,0.0016152083408087492,0.057012271136045456,0.09317199885845184,18899,1.0,1.0,1.0,0.003145061548057527,9.999999747378752e-05,1.0,0.0049530514515936375,1.0714285373687744,,,,,,,
60,0.06448637694120407,0.005267221946269274,0.21590052545070648,0.2984127402305603,18949,1.0,1.0,1.0,0.0016131621896073413,9.999999747378752e-05,1.0,0.0003273594775237143,1.1724138259887695,,,,,,,
60,0.004594297613948584,0.0010073342127725482,0.005192829295992851,0.013773297891020775,18999,1.0,1.0,1.0,0.0015421589501074312,9.999999747378752e-05,1.0,0.00014912913320586085,1.2068965435028076,,,,,,,
61,0.0003967156517319381,0.00031097952160052955,0.0011487402953207493,0.0013037766329944134,19049,1.0,1.0,1.0,0.0014281686723188881,9.999999747378752e-05,1.0,0.00013557556667365134,1.137930989265442,,,,,,,
61,0.0004237846005707979,0.00029968650778755546,0.0010945381363853812,0.0012795579386875033,19099,1.0,1.0,1.0,0.0014129999755406737,9.999999747378752e-05,1.0,9.250091534340754e-05,1.0,,,,,,,
61,0.0012682602973654866,0.0002909284085035324,0.0032594427466392517,0.003853762289509177,19149,1.0,1.0,1.0,0.0015121568341519929,9.999999747378752e-05,1.0,0.0005511766066774726,1.115384578704834,,,,,,,
61,0.02960032783448696,0.0023177405819296837,0.08225564658641815,0.10502438992261887,19199,1.0,1.0,1.0,0.0016267297074559323,9.999999747378752e-05,1.0,0.002709070686250925,1.1724138259887695,,,,,,,
61,0.0008843804826028645,0.00034494814462959766,0.0012165707303211093,0.0018050371436402202,19249,1.0,1.0,1.0,0.0015334622061581897,9.999999747378752e-05,1.0,0.00010556494817137718,1.2333333492279053,,,,,,,
61,0.0007006505620665848,0.00031199216027744114,0.002228093333542347,0.0027264163363724947,19299,1.0,1.0,1.0,0.001499582026675631,9.999999747378752e-05,1.0,0.0014047643635421991,1.1290322542190552,,,,,,,
62,0.0006477029528468847,0.0003229498688597232,0.001559742377139628,0.0019724012818187475,19349,1.0,1.0,1.0,0.0014969714907549468,9.999999747378752e-05,1.0,0.00037696471554227173,1.0357142686843872,,,,,,,
62,0.00034182285889983177,0.00029264914337545633,0.001581641030497849,0.001743205008096993,19399,1.0,1.0,1.0,0.0014080775398933791,9.999999747378752e-05,1.0,0.00014058404485695064,1.1034482717514038,,,,,,,
62,0.0001613307831576094,0.00027279354981146753,0.0009279041551053524,0.000991094158962369,19449,1.0,1.0,1.0,0.001337427549423222,9.999999747378752e-05,1.0,0.00010631169425323606,1.1333333253860474,,,,,,,
62,0.007168565411120653,0.001053095213137567,0.005293204914778471,0.018535597249865532,19499,1.0,1.0,1.0,0.0025197348434172033,9.999999747378752e-05,1.0,0.008949787355959415,1.0,,,,,,,
62,0.004767851438373327,0.0003169047413393855,0.007548840716481209,0.013145441189408302,19549,1.0,1.0,1.0,0.0029199521521502425,9.999999747378752e-05,1.0,0.00882677175104618,1.1333333253860474,,,,,,,
62,0.0007047512917779386,0.0003151422133669257,0.0008954101940616965,0.0015000576386228204,19599,1.0,1.0,1.0,0.001488965325251623,9.999999747378752e-05,1.0,6.32279843557626e-05,1.2000000476837158,,,,,,,
62,0.12040255218744278,0.014413034543395042,0.25402671098709106,0.4978943467140198,19649,1.0,1.0,1.0,0.0013971343793019845,9.999999747378752e-05,1.0,0.00021978034055791795,1.076923131942749,,,,,,,
63,0.0033992177341133356,0.00029320965404622257,0.008195868693292141,0.012154540047049522,19699,1.0,1.0,1.0,0.0014492484004680031,9.999999747378752e-05,1.0,0.002948806155472994,1.2222222089767456,,,,,,,
63,0.003036128357052803,0.0003385041782166809,0.006029142532497644,0.010810266248881817,19749,1.0,1.0,1.0,0.29415793209186203,9.999999747378752e-05,1.0,0.3085412383079529,1.47826087474823,,,,,,,
63,0.08454792946577072,0.014778656885027885,0.19684642553329468,0.34568244218826294,19799,1.0,1.0,1.0,0.0017835663676618733,9.999999747378752e-05,1.0,0.0021433737128973007,1.1071428060531616,,,,,,,
63,0.01136399619281292,0.000406762701459229,0.028300771489739418,0.04389845207333565,19849,1.0,1.0,1.0,0.0015723398578687958,9.999999747378752e-05,1.0,0.0017516522202640772,1.0800000429153442,,,,,,,
63,0.0009337502415291965,0.00032901763916015625,0.0025156550109386444,0.003307080827653408,19899,1.0,1.0,1.0,0.0014256732360940266,9.999999747378752e-05,1.0,0.0007081283838488162,1.1724138259887695,,,,,,,
63,0.0006289922748692334,0.0002868774172384292,0.0020232500974088907,0.002678059507161379,19949,1.0,1.0,1.0,0.0014702386828901925,9.999999747378752e-05,1.0,0.00017298382590524852,1.1666666269302368,,,,,,,
64,0.0007400528993457556,0.0003056325076613575,0.0010942515218630433,0.0016206292202696204,19999,1.0,1.0,1.0,0.0014931314047430281,9.999999747378752e-05,1.0,0.0013848049566149712,1.0333333015441895,,,,,,,
64,0.0010381863685324788,0.0003248073044233024,0.0012663680827245116,0.0018877623369917274,20049,1.0,1.0,1.0,0.0014291068283423345,9.999999747378752e-05,1.0,0.00010056913015432656,1.034482717514038,,,,,,,
64,0.0009367748280055821,0.0002842957619577646,0.0023179163690656424,0.003215556498616934,20099,0.9807692170143127,1.0,0.9615384340286255,0.11611299548594657,9.999999747378752e-05,0.9615384340286255,0.2442343682050705,1.2692307233810425,,,,,,,
64,0.004005034454166889,0.00031622059759683907,0.00864336546510458,0.01368686743080616,20149,1.0,1.0,1.0,0.004855671034162207,9.999999747378752e-05,1.0,0.008226623758673668,1.1071428060531616,,,,,,,
64,0.004689058288931847,0.0010248565813526511,0.0014501523692160845,0.011485263705253601,20199,1.0,1.0,1.0,0.005651002367906083,9.999999747378752e-05,1.0,0.027574846521019936,1.0714285373687744,,,,,,,
64,0.004140353295952082,0.0002835586201399565,0.00892168190330267,0.013033128343522549,20249,1.0,1.0,1.0,0.014127035899420576,9.999999747378752e-05,1.0,0.013513839803636074,1.0689655542373657,,,,,,,
65,0.0007503995439037681,0.00032095256028696895,0.0008208713261410594,0.0015037341509014368,20299,0.9975961446762085,1.0,0.9615384340286255,0.08669299514385616,9.999999747378752e-05,0.9615384340286255,0.15110529959201813,1.1538461446762085,,,,,,,
65,0.0037933788262307644,0.0006649408023804426,0.005427237134426832,0.008997855708003044,20349,1.0,1.0,1.0,0.0016594175034829305,9.999999747378752e-05,1.0,0.0001229113549925387,1.0,,,,,,,
65,0.0005814659525640309,0.0003114952996838838,0.0009924487676471472,0.0013126482954248786,20399,1.0,1.0,1.0,0.0015273155560551201,9.999999747378752e-05,1.0,0.005527769215404987,1.1666666269302368,,,,,,,
65,0.001804089522920549,0.000317546131554991,0.004248876590281725,0.006199491210281849,20449,1.0,1.0,1.0,0.001447979469231307,9.999999747378752e-05,1.0,0.0001801241305656731,1.09375,,,,,,,
65,0.01133841834962368,0.0012620181078091264,0.024751273915171623,0.03617458790540695,20499,1.0,1.0,1.0,0.0015108573656077433,9.999999747378752e-05,1.0,7.858793833293021e-05,1.1290322542190552,,,,,,,
65,0.0005366201512515545,0.000309304625261575,0.0012854411033913493,0.0015373611822724342,20549,1.0,1.0,1.0,0.0014808307480588963,9.999999747378752e-05,1.0,0.00010524519893806428,1.1290322542190552,,,,,,,
66,0.007932535372674465,0.00029665709007531404,0.01120495144277811,0.026251737028360367,20599,1.0,1.0,1.0,0.0013920450701049186,9.999999747378752e-05,1.0,0.00016115198377519846,1.1724138259887695,,,,,,,
66,0.00851900689303875,0.0003118673921562731,0.018572350963950157,0.027284719049930573,20649,0.995192289352417,1.0,0.9615384340286255,0.0069811699442773765,9.999999747378752e-05,0.9615384340286255,0.03856440633535385,1.0384615659713745,,,,,,,
66,0.012521017342805862,0.002424165839329362,0.005020509473979473,0.03256360441446304,20699,1.0,1.0,1.0,0.0014385956879460248,9.999999747378752e-05,1.0,0.0001478796621086076,1.0322580337524414,,,,,,,
66,0.010868426412343979,0.002090834081172943,0.0027307458221912384,0.022729219868779182,20749,1.0,1.0,1.0,0.001586785236509315,9.999999747378752e-05,1.0,0.0001327373320236802,1.1428571939468384,,,,,,,
66,0.1445479542016983,0.011024470441043377,0.3506804406642914,0.4948401153087616,20799,1.0,1.0,1.0,0.0014416341500343923,9.999999747378752e-05,1.0,0.0017277987208217382,1.2000000476837158,,,,,,,
66,0.014213398098945618,0.0015224746894091368,0.01896602474153042,0.04147320240736008,20849,0.9976851940155029,1.0,0.9629629850387573,0.004048875220785165,9.999999747378752e-05,0.9629629850387573,0.18617156147956848,1.2222222089767456,,,,,,,
66,0.001061315299011767,0.0003545236249919981,0.002405677456408739,0.002975733485072851,20899,1.0,1.0,1.0,0.0015583710556584976,9.999999747378752e-05,1.0,0.0002323509834241122,1.0357142686843872,,,,,,,
67,0.0009087022626772523,0.0003415413375478238,0.0019835266284644604,0.0025809230282902718,20949,1.0,1.0,1.0,0.001680367919297114,9.999999747378752e-05,1.0,0.00045311867143027484,1.0689655542373657,,,,,,,
67,0.035021960735321045,0.0036385084968060255,0.05346802994608879,0.1349930614233017,20999,1.0,1.0,1.0,0.001919961010391568,9.999999747378752e-05,1.0,0.0009736967622302473,1.100000023841858,,,,,,,
67,0.011378778144717216,0.0018895240500569344,0.004225000273436308,0.024503493681550026,21049,1.0,1.0,1.0,0.0017740683483430228,9.999999747378752e-05,1.0,0.00015845414600335062,1.0800000429153442,,,,,,,
67,0.0013125124387443066,0.0003903909819200635,0.001083010109141469,0.0024260457139462233,21099,1.0,1.0,1.0,0.0015059442607674026,9.999999747378752e-05,1.0,0.00016766326734796166,1.296296238899231,,,,,,,
67,0.00044093377073295414,0.0003162752836942673,0.0013653446221724153,0.001533880946226418,21149,1.0,1.0,1.0,0.0015315849873048524,9.999999747378752e-05,1.0,0.00030669645639136434,1.0645161867141724,,,,,,,
67,0.21074801683425903,0.030970189720392227,0.31984272599220276,0.5342267155647278,21199,1.0,1.0,1.0,0.001560933873447043,9.999999747378752e-05,1.0,0.0005223220796324313,1.0322580337524414,,,,,,,
68,0.0028308467008173466,0.0003395778185222298,0.006329494062811136,0.009639554657042027,21249,1.0,1.0,1.0,0.0016072630407266617,9.999999747378752e-05,1.0,0.00011153351806569844,1.1111111640930176,,,,,,,
68,0.0007295880350284278,0.0003374618827365339,0.0017840293003246188,0.0023873294703662395,21299,1.0,1.0,1.0,0.001457841981308087,9.999999747378752e-05,1.0,0.0006199743365868926,1.1034482717514038,,,,,,,
68,0.006081561092287302,0.0003553381247911602,0.012161779217422009,0.016429206356406212,21349,1.0,1.0,1.0,0.0021134880221603805,9.999999747378752e-05,1.0,0.0038483417592942715,1.0689655542373657,,,,,,,
68,0.0007201741682365537,0.000339117570547387,0.0012924629263579845,0.001690506935119629,21399,1.0,1.0,1.0,0.0015282902118756894,9.999999747378752e-05,1.0,0.0005207337089814246,1.0625,,,,,,,
68,0.02214730903506279,0.0027369090821594,0.04880145937204361,0.07969971001148224,21449,1.0,1.0,1.0,0.0015601487770630605,9.999999747378752e-05,1.0,0.00013286815374158323,1.1785714626312256,,,,,,,
68,0.0005075648659840226,0.00032056387863121927,0.001135285128839314,0.0014119851402938366,21499,1.0,1.0,1.0,0.001422293046283997,9.999999747378752e-05,1.0,0.0003703021793626249,1.0740740299224854,,,,,,,
69,0.005651923827826977,0.00029993694624863565,0.012704542838037014,0.016988927498459816,21549,1.0,1.0,1.0,0.0018590315244567492,9.999999747378752e-05,1.0,0.018744396045804024,1.3225806951522827,,,,,,,
69,0.0013879119651392102,0.0003430393699090928,0.003188042202964425,0.003830209607258439,21599,1.0,1.0,1.0,0.0017866815755308999,9.999999747378752e-05,1.0,0.0007067769765853882,1.0714285373687744,,,,,,,
69,0.03860049694776535,0.0028557905461639166,0.11602962762117386,0.18321463465690613,21649,0.9978448152542114,1.0,0.9655172228813171,0.0036932857878296354,9.999999747378752e-05,0.9655172228813171,0.13738977909088135,1.0689655542373657,,,,,,,
69,0.008076716214418411,0.0008217100403271616,0.015500727109611034,0.028135400265455246,21699,1.0,1.0,1.0,0.0017042000481235428,9.999999747378752e-05,1.0,0.00014538421237375587,1.0689655542373657,,,,,,,
69,0.0022648475132882595,0.0003516242140904069,0.005355105269700289,0.007277035154402256,21749,1.0,1.0,1.0,0.0017067384540611949,9.999999747378752e-05,1.0,0.0031621064990758896,1.0714285373687744,,,,,,,
69,0.0008340376080013812,0.00036315841134637594,0.0013001037295907736,0.0018248195992782712,21799,1.0,1.0,1.0,0.001574407805732933,9.999999747378752e-05,1.0,0.0002004361158469692,1.0740740299224854,,,,,,,
69,,,,,21839,,,,,,,,,1.0,1.0,0.0014217699645087123,0.0015295806806534529,1.0,0.0002156211412511766,16.0
70,0.0025315547827631235,0.0003977376618422568,0.006053282879292965,0.009018085896968842,21849,1.0,1.0,1.0,0.0016100773244254944,9.999999747378752e-05,1.0,0.00016927129763644189,1.4814814329147339,,,,,,,
70,0.00036287945113144815,0.00031085460796020925,0.0012225343380123377,0.0013580257073044777,21899,1.0,1.0,1.0,0.001446814467201847,9.999999747378752e-05,1.0,0.00015966646606102586,1.159999966621399,,,,,,,
70,0.00040816894033923745,0.00030547805363312364,0.0012737265788018703,0.0014253127155825496,21949,1.0,1.0,1.0,0.0014267692218333568,9.999999747378752e-05,1.0,0.00011948039173148572,1.0740740299224854,,,,,,,
70,0.0034671348985284567,0.00033399774110876024,0.00427039060741663,0.010035749524831772,21999,1.0,1.0,1.0,0.0015455476250748996,9.999999747378752e-05,1.0,0.00010411348921479657,1.1428571939468384,,,,,,,
70,0.3778834044933319,0.05659082159399986,0.2879883646965027,1.1525791883468628,22049,1.0,1.0,1.0,0.0023506093881945685,9.999999747378752e-05,1.0,0.005415665451437235,1.1034482717514038,,,,,,,
70,0.06999494135379791,0.00249546580016613,0.1360866278409958,0.2688344419002533,22099,1.0,1.0,1.0,0.0014613266505288085,9.999999747378752e-05,1.0,0.0005406949785538018,1.1666666269302368,,,,,,,
70,0.0010562367970123887,0.00034231881727464497,0.002286413684487343,0.0028096798341721296,22149,1.0,1.0,1.0,0.0017756053100931066,9.999999747378752e-05,1.0,0.00047381053445860744,1.0645161867141724,,,,,,,
71,0.0010765832848846912,0.00035919126821681857,0.0016477761091664433,0.0022767006885260344,22199,1.0,1.0,1.0,0.0015064619557369507,9.999999747378752e-05,1.0,0.0001292495580855757,1.0,,,,,,,
71,0.0004964672843925655,0.00032170681515708566,0.001573006040416658,0.0017552145291119814,22249,1.0,1.0,1.0,0.0014464874539511603,9.999999747378752e-05,1.0,0.00017948364256881177,1.1333333253860474,,,,,,,
71,0.0005378186469897628,0.00030808005249127746,0.002068326808512211,0.0023598449770361185,22299,1.0,1.0,1.0,0.0015990891783669036,9.999999747378752e-05,1.0,0.0013858057791367173,1.2000000476837158,,,,,,,
71,0.0011463017435744405,0.00030822050757706165,0.0033302437514066696,0.003949800971895456,22349,1.0,1.0,1.0,0.0015539801961089975,9.999999747378752e-05,1.0,0.0017075265059247613,1.0,,,,,,,
71,0.09645979106426239,0.0041907718405127525,0.13760557770729065,0.3872488737106323,22399,1.0,1.0,1.0,0.0016170483744902663,9.999999747378752e-05,1.0,0.0001589073071954772,1.1666666269302368,,,,,,,
71,0.0009443842573091388,0.00035841797944158316,0.0012213799636811018,0.0018463461892679334,22449,1.0,1.0,1.0,0.0016025256646455784,9.999999747378752e-05,1.0,0.00012369471369311213,1.09375,,,,,,,
72,0.0007844793726690114,0.00035010333522222936,0.0015582154737785459,0.001997185405343771,22499,1.0,1.0,1.0,0.0015416976054737062,9.999999747378752e-05,1.0,0.00011269076640019193,1.0384615659713745,,,,,,,
72,0.032103706151247025,0.0040055220015347,0.012499061413109303,0.06419876217842102,22549,1.0,1.0,1.0,0.0014792318465082148,9.999999747378752e-05,1.0,0.0030890549533069134,1.2580645084381104,,,,,,,
72,0.0014598534908145666,0.000331720249960199,0.004545906558632851,0.005390966776758432,22599,1.0,1.0,1.0,0.002163697976207723,9.999999747378752e-05,1.0,0.02014210820198059,1.1333333253860474,,,,,,,
72,0.007285682950168848,0.00036588090006262064,0.016024567186832428,0.025782311335206032,22649,1.0,1.0,1.0,0.0015277519917122396,9.999999747378752e-05,1.0,0.001603950746357441,1.0740740299224854,,,,,,,
72,0.000714832276571542,0.0003343096759635955,0.002444945275783539,0.0027722856029868126,22699,1.0,1.0,1.0,0.0015981732119107238,9.999999747378752e-05,1.0,0.00012046244228258729,1.1785714626312256,,,,,,,
72,0.10894275456666946,0.029985196888446808,0.13841423392295837,0.2753537893295288,22749,1.0,1.0,1.0,0.0015538916269346714,9.999999747378752e-05,1.0,0.00016220664838328958,1.225806474685669,,,,,,,
73,0.001068354002200067,0.00037771923234686255,0.0015770208556205034,0.002991580404341221,22799,1.0,1.0,1.0,0.0021980259716189087,9.999999747378752e-05,1.0,0.0077515048906207085,1.125,,,,,,,
73,0.022239835932850838,0.0007366545614786446,0.05000828206539154,0.07997764647006989,22849,1.0,1.0,1.0,0.0016547754011873473,9.999999747378752e-05,1.0,0.00025910441763699055,1.034482717514038,,,,,,,
73,0.0063913920894265175,0.0009721602546051145,0.004173838999122381,0.016309086233377457,22899,1.0,1.0,1.0,0.0015711417108458608,9.999999747378752e-05,1.0,0.00011383036326151341,1.185185194015503,,,,,,,
73,0.010835870169103146,0.0014273772248998284,0.0028144405223429203,0.023537153378129005,22949,1.0,1.0,1.0,0.001975545302389601,9.999999747378752e-05,1.0,0.00232916371896863,1.1428571939468384,,,,,,,
73,0.0008474445203319192,0.000349142006598413,0.00135191495064646,0.0018846058519557118,22999,1.0,1.0,1.0,0.0014941212189760666,9.999999747378752e-05,1.0,0.0005274268914945424,1.0384615659713745,,,,,,,
73,0.0004634244251064956,0.00032817511237226427,0.0016483116196468472,0.0018244617385789752,23049,1.0,1.0,1.0,0.0014999634387251677,9.999999747378752e-05,1.0,0.0001214285075548105,1.1333333253860474,,,,,,,
74,0.008427968248724937,0.0013313833624124527,0.012192324735224247,0.023940548300743103,23099,1.0,1.0,1.0,0.0016771456117699959,9.999999747378752e-05,1.0,0.00010951216972898692,1.115384578704834,,,,,,,
74,0.0010347460629418492,0.00036363184335641563,0.0017212328966706991,0.0028383515309542418,23149,1.0,1.0,1.0,0.0015558642242151548,9.999999747378752e-05,1.0,0.0001093663668143563,1.1111111640930176,,,,,,,
74,0.0020721950568258762,0.0003129843680653721,0.0043823798187077045,0.0067162346094846725,23199,1.0,1.0,1.0,0.0014979838073474628,9.999999747378752e-05,1.0,0.00012065083137713373,1.1538461446762085,,,,,,,
74,0.0008918895036913455,0.0003394906525500119,0.0017926839645951986,0.0022655779030174017,23249,1.0,1.0,1.0,0.0015703099248793912,9.999999747378752e-05,1.0,0.00023859897919464856,1.137930989265442,,,,,,,
74,0.000990070402622223,0.00031461703474633396,0.002984582679346204,0.003681279718875885,23299,1.0,1.0,1.0,0.0015034268237974044,9.999999747378752e-05,1.0,0.00032666928018443286,1.0322580337524414,,,,,,,
74,0.0012202286161482334,0.00031928555108606815,0.0033298132475465536,0.004327819216996431,23349,1.0,1.0,1.0,0.001550289294643382,9.999999747378752e-05,1.0,0.003048989921808243,1.2666666507720947,,,,,,,
74,0.0005512969219125807,0.0003151626151520759,0.0017287193331867456,0.002086890861392021,23399,1.0,1.0,1.0,0.00147035447204558,9.999999747378752e-05,1.0,9.769637836143374e-05,1.0740740299224854,,,,,,,
75,0.00046880453010089695,0.0003124305803794414,0.0010627757292240858,0.001372070051729679,23449,1.0,1.0,1.0,0.0014892006511893685,9.999999747378752e-05,1.0,0.00021866406314074993,1.0333333015441895,,,,,,,
75,0.0008517789538018405,0.00031990569550544024,0.002351856091991067,0.002901767147704959,23499,1.0,1.0,1.0,0.001486971373906775,9.999999747378752e-05,1.0,0.0001108223368646577,1.0689655542373657,,,,,,,
75,0.0006203926168382168,0.00031494037830270827,0.0014119020197540522,0.0016816625138744712,23549,1.0,1.0,1.0,0.09593906926587642,9.999999747378752e-05,1.0,0.02025105059146881,1.1481481790542603,,,,,,,
75,0.1322905719280243,0.04067567363381386,0.1775311827659607,0.41018128395080566,23599,1.0,1.0,1.0,0.001753687741002993,9.999999747378752e-05,1.0,0.00036010282929055393,1.100000023841858,,,,,,,
75,0.004230297636240721,0.0004032271390315145,0.009303809143602848,0.015469471924006939,23649,1.0,1.0,1.0,0.0022021442469697602,9.999999747378752e-05,1.0,0.0029207668267190456,1.1111111640930176,,,,,,,
75,0.16061313450336456,0.011754808016121387,0.2810817062854767,0.5568619966506958,23699,1.0,1.0,1.0,0.002412444931625367,9.999999747378752e-05,1.0,0.0011039725504815578,1.1666666269302368,,,,,,,
76,0.0009441045112907887,0.0003690283338073641,0.001510315341874957,0.002083845203742385,23749,1.0,1.0,1.0,0.0162648286760839,9.999999747378752e-05,1.0,0.0056351725943386555,1.1428571939468384,,,,,,,
76,0.06519974023103714,0.005000959150493145,0.12424741685390472,0.2395835667848587,23799,1.0,1.0,1.0,0.0018572431515708897,9.999999747378752e-05,1.0,0.0011103617725893855,1.1071428060531616,,,,,,,
76,0.004645239561796188,0.0004192292399238795,0.00922346394509077,0.014549950137734413,23849,1.0,1.0,1.0,0.003077630093219504,9.999999747378752e-05,1.0,0.0006359008839353919,1.1333333253860474,,,,,,,
76,0.0007347769569605589,0.0003435271792113781,0.0019653597846627235,0.0022602786775678396,23899,1.0,1.0,1.0,0.0016014229946674384,9.999999747378752e-05,1.0,0.00014909944729879498,1.1428571939468384,,,,,,,
76,0.032524388283491135,0.005219125188887119,0.007614725269377232,0.0630219355225563,23949,1.0,1.0,1.0,0.0015605915498109633,9.999999747378752e-05,1.0,0.0004702962760347873,1.1612902879714966,,,,,,,
76,0.0013137046480551362,0.00033905188320204616,0.0037362247239798307,0.004645443055778742,23999,1.0,1.0,1.0,0.0015299252602946076,9.999999747378752e-05,1.0,0.00012134008284192532,1.0,,,,,,,
77,0.002292397664859891,0.00033238495234400034,0.004857278428971767,0.006350333336740732,24049,0.9879807829856873,1.0,0.9615384340286255,0.03680170992803286,9.999999747378752e-05,0.9615384340286255,0.12522733211517334,1.2692307233810425,,,,,,,
77,0.012686258181929588,0.0003677205240819603,0.024442413821816444,0.04035594314336777,24099,1.0,1.0,1.0,0.0015877551515657978,9.999999747378752e-05,1.0,0.00011127449397463351,1.137930989265442,,,,,,,
77,0.0011600885773077607,0.00036967842606827617,0.0024311067536473274,0.003487464739009738,24149,1.0,1.0,1.0,0.0015112071246394425,9.999999747378752e-05,1.0,0.00016243947902694345,1.1666666269302368,,,,,,,
77,0.00038036928162910044,0.0003217201156076044,0.0011779890628531575,0.0013463833602145314,24199,1.0,1.0,1.0,0.08362761963357884,9.999999747378752e-05,1.0,0.0043740663677453995,1.0384615659713745,,,,,,,
77,0.011326897889375687,0.001999218249693513,0.0012928141513839364,0.0233853068202734,24249,1.0,1.0,1.0,0.0017562460094933344,9.999999747378752e-05,1.0,0.003622609656304121,1.0714285373687744,,,,,,,
77,0.001170325675047934,0.00038391168345697224,0.00143413373734802,0.002117915078997612,24299,1.0,1.0,1.0,0.0015703009939516737,9.999999747378752e-05,1.0,0.00013357363059185445,1.100000023841858,,,,,,,
78,0.0005190373049117625,0.00033733114833012223,0.001058781985193491,0.001356635126285255,24349,1.0,1.0,1.0,0.001510674143901897,9.999999747378752e-05,1.0,0.0001168726448668167,1.0322580337524414,,,,,,,
78,0.00030918914126232266,0.0003083753399550915,0.0014921057736501098,0.0016069922130554914,24399,1.0,1.0,1.0,0.00360700425552736,9.999999747378752e-05,1.0,0.0995984822511673,1.0967742204666138,,,,,,,
78,0.08131805807352066,0.004075966309756041,0.24825918674468994,0.3869588077068329,24449,1.0,1.0,1.0,0.002517037242979913,9.999999747378752e-05,1.0,0.004460441879928112,1.1290322542190552,,,,,,,
78,0.21901115775108337,0.020396854728460312,0.3503246009349823,0.6430181264877319,24499,1.0,1.0,1.0,0.0016648062336677288,9.999999747378752e-05,1.0,0.000943803577683866,1.100000023841858,,,,,,,
78,0.0006121135083958507,0.0003409564960747957,0.0011453216429799795,0.0014567708130925894,24549,1.0,1.0,1.0,0.0015218193574394736,9.999999747378752e-05,1.0,0.00012095560668967664,1.0689655542373657,,,,,,,
78,0.00026507876464165747,0.00031275657238438725,0.0011007909197360277,0.001196333090774715,24599,1.0,1.0,1.0,0.001439441864618757,9.999999747378752e-05,1.0,0.00013130588922649622,1.100000023841858,,,,,,,
79,0.0006145083461888134,0.00032247763010673225,0.0010345239425078034,0.0013710965868085623,24649,1.0,1.0,1.0,0.0014968902519171393,9.999999747378752e-05,1.0,0.0001821461773943156,1.0357142686843872,,,,,,,
79,0.0016239768592640758,0.0003395960957277566,0.0035556238144636154,0.00571405841037631,24699,1.0,1.0,1.0,0.0015242337117272091,9.999999747378752e-05,1.0,0.00015662262740079314,1.1666666269302368,,,,,,,
79,0.001399883651174605,0.0003424989408813417,0.0031341216526925564,0.004242525901645422,24749,1.0,1.0,1.0,0.001537113469438434,9.999999747378752e-05,1.0,0.00033459701808169484,1.137930989265442,,,,,,,
79,0.025762733072042465,0.0018846348393708467,0.06713835895061493,0.11024381220340729,24799,1.0,1.0,1.0,0.001473831682699689,9.999999747378752e-05,1.0,0.001286196056753397,1.137930989265442,,,,,,,
79,0.000716478971298784,0.00032076906063593924,0.002049702685326338,0.0026664731558412313,24849,1.0,1.0,1.0,0.0017505904565008198,9.999999747378752e-05,1.0,0.0016867534723132849,1.0800000429153442,,,,,,,
79,0.0061711822636425495,0.0011206123745068908,0.0009332639165222645,0.008902217261493206,24899,1.0,1.0,1.0,0.0017247685580960511,9.999999747378752e-05,1.0,0.00010950790601782501,1.1290322542190552,,,,,,,
79,0.000464190321508795,0.0003203568048775196,0.0010817036963999271,0.0013123690150678158,24949,1.0,1.0,1.0,0.0014870937809717836,9.999999747378752e-05,1.0,0.0001795048883650452,1.0333333015441895,,,,,,,
79,,,,,24959,,,,,,,,,1.0,1.0,0.00143287586979568,0.0015418188413605094,1.0,0.00021788598678540438,16.0
80,0.0007171225151978433,0.0003196272882632911,0.0019997742492705584,0.0024841800332069397,24999,1.0,1.0,1.0,0.00155670193731374,9.999999747378752e-05,1.0,8.035459904931486e-05,1.0357142686843872,,,,,,,
80,0.0009211550350300968,0.00032500328961759806,0.0019848442170768976,0.0027813955675810575,25049,1.0,1.0,1.0,0.0015958958189737091,9.999999747378752e-05,1.0,0.00034784633317030966,1.159999966621399,,,,,,,
80,0.0063677639700472355,0.0006713386974297464,0.009651977568864822,0.022715600207448006,25099,1.0,1.0,1.0,0.0015067495051272932,9.999999747378752e-05,1.0,0.00036946358159184456,1.100000023841858,,,,,,,
80,0.0326831229031086,0.0003351065388415009,0.0720372349023819,0.12144066393375397,25149,1.0,1.0,1.0,0.02219928714836907,9.999999747378752e-05,1.0,0.01796443574130535,1.1333333253860474,,,,,,,
80,0.002600067760795355,0.0005390301812440157,0.002935633296146989,0.005116308107972145,25199,1.0,1.0,1.0,0.0016199906958209872,9.999999747378752e-05,1.0,0.0007860056357458234,1.1666666269302368,,,,,,,
80,0.0649474635720253,0.0026302607730031013,0.1449836790561676,0.312369167804718,25249,1.0,1.0,1.0,0.0017269830559431632,9.999999747378752e-05,1.0,0.00031844922341406345,1.1071428060531616,,,,,,,
81,0.0007619063835591078,0.0003519261663313955,0.001235090079717338,0.001717591774649918,25299,1.0,1.0,1.0,0.0016122873980948392,9.999999747378752e-05,1.0,0.00047015081509016454,1.100000023841858,,,,,,,
81,0.0011437844950705767,0.0003506028151605278,0.0030409544706344604,0.0036357382778078318,25349,1.0,1.0,1.0,0.021190979848612748,9.999999747378752e-05,1.0,0.011228187941014767,1.2068965435028076,,,,,,,
81,0.02528436854481697,0.0039633880369365215,0.022813910618424416,0.05448822304606438,25399,1.0,1.0,1.0,0.0016102482631872436,9.999999747378752e-05,1.0,0.0005105562740936875,1.1333333253860474,,,,,,,
81,0.006078918930143118,0.0011034152703359723,0.005954835098236799,0.01450515165925026,25449,1.0,1.0,1.0,0.001565625909101972,9.999999747378752e-05,1.0,0.00018490428919903934,1.0714285373687744,,,,,,,
81,0.00047833219286985695,0.0003375844389665872,0.0014227547217160463,0.0016064754454419017,25499,1.0,1.0,1.0,0.0024022335441224586,9.999999747378752e-05,1.0,0.0016341311857104301,1.0666667222976685,,,,,,,
81,0.0006581044290214777,0.00035331444814801216,0.0013833933044224977,0.0017256588907912374,25549,1.0,1.0,1.0,0.0036078637741247645,9.999999747378752e-05,1.0,0.0011614704271778464,1.0689655542373657,,,,,,,
82,0.0005303507787175477,0.0003207686240784824,0.0018062182934954762,0.0020475140772759914,25599,1.0,1.0,1.0,0.0014932264549159702,9.999999747378752e-05,1.0,0.0007556205382570624,1.076923131942749,,,,,,,
82,0.005740859545767307,0.0003280768287368119,0.013009083457291126,0.01725001446902752,25649,1.0,1.0,1.0,0.0015007239698493515,9.999999747378752e-05,1.0,0.0005166562041267753,1.1935484409332275,,,,,,,
82,0.018219033256173134,0.0013654469512403011,0.031304046511650085,0.07167132198810577,25699,1.0,1.0,1.0,0.001778983703664787,9.999999747378752e-05,1.0,0.00047904971870593727,1.100000023841858,,,,,,,
82,0.0012150286929681897,0.0003732822369784117,0.0025766638573259115,0.0033031837083399296,25749,1.0,1.0,1.0,0.0016090904823017494,9.999999747378752e-05,1.0,0.0003625862009357661,1.08695650100708,,,,,,,
82,0.0007928390405140817,0.00034789551864378154,0.002171596512198448,0.0025277563836425543,25799,1.0,1.0,1.0,0.0015545556380968481,9.999999747378752e-05,1.0,0.00019545186660252512,1.0714285373687744,,,,,,,
82,0.00033389782765880227,0.0003250268055126071,0.0012746702414005995,0.0013969362480565906,25849,1.0,1.0,1.0,0.001467226268426197,9.999999747378752e-05,1.0,0.00015542679466307163,1.192307710647583,,,,,,,
83,0.00012751494068652391,0.00029662405722774565,0.001044425880536437,0.0011045279679819942,25899,1.0,1.0,1.0,0.0014041969506436932,9.999999747378752e-05,1.0,0.00011157400876982138,1.0740740299224854,,,,,,,
83,0.013427278026938438,0.0003165521193295717,0.03052498959004879,0.04359060898423195,25949,1.0,1.0,1.0,0.0015636509738826663,9.999999747378752e-05,1.0,0.0009924776386469603,1.1481481790542603,,,,,,,
83,0.0005315350717864931,0.00030966734630055726,0.001318055670708418,0.0015492463717237115,25999,1.0,1.0,1.0,0.001434571721376579,9.999999747378752e-05,1.0,0.0001933505991473794,1.0370370149612427,,,,,,,
83,0.00041778525337576866,0.0002994233800563961,0.001301510608755052,0.0014768523396924138,26049,1.0,1.0,1.0,0.001419832210290964,9.999999747378752e-05,1.0,0.0007847033557482064,1.137930989265442,,,,,,,
83,0.0006271196180023253,0.0003085463831666857,0.0013628712622448802,0.0017169290222227573,26099,1.0,1.0,1.0,0.0014320016196606171,9.999999747378752e-05,1.0,8.907231676857919e-05,1.0357142686843872,,,,,,,
83,0.0010791139211505651,0.0002870885073207319,0.0029160822741687298,0.0034327683970332146,26149,1.0,1.0,1.0,0.0013712657225873695,9.999999747378752e-05,1.0,0.0003284690610598773,1.1333333253860474,,,,,,,
83,0.006630597170442343,0.00028174780891276896,0.014060409739613533,0.018307607620954514,26199,1.0,1.0,1.0,0.0013518739930174013,9.999999747378752e-05,1.0,0.0016533026937395334,1.0689655542373657,,,,,,,
84,0.00242835795506835,0.00028992313309572637,0.005870725028216839,0.007790804840624332,26249,1.0,1.0,1.0,0.001471053770462882,9.999999747378752e-05,1.0,0.00010240148549200967,1.1481481790542603,,,,,,,
84,0.04007092863321304,0.0021558876615017653,0.11557433754205704,0.1995798647403717,26299,0.9959677457809448,1.0,0.9354838728904724,0.013969727552968677,9.999999747378752e-05,0.9354838728904724,0.11470232903957367,1.1612902879714966,,,,,,,
84,0.004938784055411816,0.0010609966702759266,0.00618455046787858,0.014752315357327461,26349,1.0,1.0,1.0,0.001464007421291367,9.999999747378752e-05,1.0,8.054643694777042e-05,1.0689655542373657,,,,,,,
84,0.0005061784759163857,0.0003110890102107078,0.000776706961914897,0.0011646765051409602,26399,1.0,1.0,1.0,0.0014560396140056156,9.999999747378752e-05,1.0,0.001849547028541565,1.1290322542190552,,,,,,,
84,0.0010372314136475325,0.0003103054768871516,0.002659318968653679,0.0033136236015707254,26449,1.0,1.0,1.0,0.0014988895638419287,9.999999747378752e-05,1.0,0.00016731333744246513,1.1111111640930176,,,,,,,
84,0.0009545789216645062,0.00032218045089393854,0.0025693669449537992,0.003405223600566387,26499,1.0,1.0,1.0,0.0013998981865195135,9.999999747378752e-05,1.0,0.0001187828165711835,1.1666666269302368,,,,,,,
85,0.0001727793423924595,0.00028857108554802835,0.0011100124102085829,0.0011800182983279228,26549,1.0,1.0,1.0,0.001418436565207512,9.999999747378752e-05,1.0,0.0022446250077337027,1.115384578704834,,,,,,,
85,0.0005797390476800501,0.00030777533538639545,0.0008925770525820553,0.0012523909099400043,26599,1.0,1.0,1.0,0.0013824254128318634,9.999999747378752e-05,1.0,0.0001061714137904346,1.3571428060531616,,,,,,,
85,0.00017884168482851237,0.00028254365315660834,0.0009316885261796415,0.0010163165861740708,26649,1.0,1.0,1.0,0.0013278817937034783,9.999999747378752e-05,1.0,0.00011631628149189055,1.0322580337524414,,,,,,,
85,0.0024262801744043827,0.0002687464002519846,0.003924949560314417,0.005750372540205717,26699,1.0,1.0,1.0,0.0013760858447678008,9.999999747378752e-05,1.0,0.0006296930368989706,1.0740740299224854,,,,,,,
85,0.005786030553281307,0.0003271039167884737,0.012123499065637589,0.01946677640080452,26749,1.0,1.0,1.0,0.0014382550790904892,9.999999747378752e-05,1.0,6.65922270854935e-05,1.1724138259887695,,,,,,,
85,0.0004630054463632405,0.0002857254585251212,0.0007023486541584134,0.0010398634476587176,26799,1.0,1.0,1.0,0.0014647987035764066,9.999999747378752e-05,1.0,0.00018210726557299495,1.1612902879714966,,,,,,,
86,0.0007190352771431208,0.0003071098471991718,0.0007326712948270142,0.0013013605494052172,26849,1.0,1.0,1.0,0.0014020906305301196,9.999999747378752e-05,1.0,9.162933565676212e-05,1.1935484409332275,,,,,,,
86,0.0024524847976863384,0.00032175728119909763,0.004787846934050322,0.006700413301587105,26899,1.0,1.0,1.0,0.001451331427786023,9.999999747378752e-05,1.0,0.0004204263095743954,1.0714285373687744,,,,,,,
86,0.18395577371120453,0.038334786891937256,0.17794683575630188,0.4357619285583496,26949,1.0,1.0,1.0,0.0018926009489087618,9.999999747378752e-05,1.0,0.0010762460296973586,1.0370370149612427,,,,,,,
86,0.0007409960962831974,0.0003145603695884347,0.00103855412453413,0.001523663871921599,26999,1.0,1.0,1.0,0.0015457707873078983,9.999999747378752e-05,1.0,0.0004125482519157231,1.185185194015503,,,,,,,
86,0.02064901404082775,0.002101670252159238,0.07567163556814194,0.11467541754245758,27049,1.0,1.0,1.0,0.0014148195228408818,9.999999747378752e-05,1.0,0.0001549920707475394,1.1200000047683716,,,,,,,
86,0.047427281737327576,0.0014232188696041703,0.15406428277492523,0.22747761011123657,27099,1.0,1.0,1.0,0.0014433723487061328,9.999999747378752e-05,1.0,0.00043838657438755035,1.0666667222976685,,,,,,,
87,0.05325291305780411,0.0021316073834896088,0.14233919978141785,0.20686396956443787,27149,0.9907407164573669,1.0,0.9629629850387573,0.015611261233769453,9.999999747378752e-05,0.9629629850387573,0.034120507538318634,1.0370370149612427,,,,,,,
87,0.0005198762519285083,0.000305408175336197,0.001133861020207405,0.0014202691381797194,27199,0.9956896305084229,1.0,0.9655172228813171,0.00793040524310088,9.999999747378752e-05,0.9655172228813171,0.13530725240707397,1.137930989265442,,,,,,,
87,0.0004187157319393009,0.00029555350192822516,0.0009664067765697837,0.0012039726134389639,27249,1.0,1.0,1.0,0.0014103240166266947,9.999999747378752e-05,1.0,0.00010505739192012697,1.1935484409332275,,,,,,,
87,0.0001865754893515259,0.0002749932755250484,0.0010287259938195348,0.0011048945598304272,27299,1.0,1.0,1.0,0.0013342991323850046,9.999999747378752e-05,1.0,0.00010543736425461248,1.0689655542373657,,,,,,,
87,0.13423767685890198,0.0025167737621814013,0.34504950046539307,0.4673215448856354,27349,1.0,1.0,1.0,0.0012696942645326686,9.999999747378752e-05,1.0,0.0003857612609863281,1.1612902879714966,,,,,,,
87,0.20381249487400055,0.016560249030590057,0.34370505809783936,0.5932889580726624,27399,1.0,1.0,1.0,0.0014044612455078286,9.999999747378752e-05,1.0,0.002191042760387063,1.0645161867141724,,,,,,,
87,0.000640713085886091,0.00029610382625833154,0.0006916012498550117,0.0012949241790920496,27449,1.0,1.0,1.0,0.0016031447614531136,9.999999747378752e-05,1.0,0.0002734159352257848,1.2666666507720947,,,,,,,
88,0.0006662128726020455,0.00028694988577626646,0.001091187004931271,0.0018436388345435262,27499,1.0,1.0,1.0,0.0013216853525527118,9.999999747378752e-05,1.0,7.24482088116929e-05,1.0689655542373657,,,,,,,
88,0.00034036432043649256,0.0002700168697629124,0.0008037826628424227,0.0009647657861933112,27549,1.0,1.0,1.0,0.00135553346549968,9.999999747378752e-05,1.0,0.00010113064490724355,1.034482717514038,,,,,,,
88,0.0004350358503870666,0.0002784593671094626,0.0006181522039696574,0.00095714395865798,27599,1.0,1.0,1.0,0.002086447024157211,9.999999747378752e-05,1.0,0.0006148581742309034,1.0333333015441895,,,,,,,
88,0.015659458935260773,0.0012461345177143812,0.02934836968779564,0.05372198671102524,27649,1.0,1.0,1.0,0.004031105545702683,9.999999747378752e-05,1.0,0.002379131503403187,1.100000023841858,,,,,,,
88,0.0002861477551050484,0.0002648932859301567,0.001042793388478458,0.0011671831598505378,27699,1.0,1.0,1.0,0.0012972336937320445,9.999999747378752e-05,1.0,6.185015081427991e-05,1.1071428060531616,,,,,,,
88,0.00020563714497257024,0.00025860805180855095,0.0006548504461534321,0.0007735766121186316,27749,1.0,1.0,1.0,0.0015931461555551722,9.999999747378752e-05,1.0,0.00011545408051460981,1.0,,,,,,,
89,0.01066429540514946,0.0002513385552447289,0.020831767469644547,0.03424280136823654,27799,1.0,1.0,1.0,0.0013065364489749875,9.999999747378752e-05,1.0,5.133929516887292e-05,1.0370370149612427,,,,,,,
89,0.05408242344856262,0.0011212402023375034,0.14169789850711823,0.22203519940376282,27849,1.0,1.0,1.0,0.0013306478519897048,9.999999747378752e-05,1.0,0.00012556425645016134,1.1071428060531616,,,,,,,
89,0.37770381569862366,0.0582110621035099,0.2912617027759552,1.41180419921875,27899,1.0,1.0,1.0,0.049729971530002075,9.999999747378752e-05,1.0,0.026819685474038124,1.0714285373687744,,,,,,,
89,0.2362370789051056,0.014303382486104965,0.3501775562763214,0.8134011626243591,27949,0.9977678656578064,1.0,0.9642857313156128,0.005737577133738793,9.999999747378752e-05,0.9642857313156128,0.05226360261440277,1.2142857313156128,,,,,,,
89,0.0010867042001336813,0.00030457545653916895,0.002171545522287488,0.0030543808825314045,27999,1.0,1.0,1.0,0.0013503830287372302,9.999999747378752e-05,1.0,0.00014323691721074283,1.1428571939468384,,,,,,,
89,0.0003698691725730896,0.00027209892868995667,0.0009736933279782534,0.0012044851901009679,28049,1.0,1.0,1.0,0.0012970826675950333,9.999999747378752e-05,1.0,0.0001183079948532395,1.1724138259887695,,,,,,,
89,,,,,28079,,,,,,,,,1.0,1.0,0.001320527051575482,0.0013843186898157,1.0,0.0001275835675187409,16.0
90,0.031003102660179138,0.0012529029045253992,0.06834986805915833,0.09540697932243347,28099,1.0,1.0,1.0,0.0013233073045466107,9.999999747378752e-05,1.0,0.0004621018306352198,1.0666667222976685,,,,,,,
90,0.00033342340611852705,0.00026526785222813487,0.0011563011212274432,0.0013210042379796505,28149,1.0,1.0,1.0,0.0013310208022177753,9.999999747378752e-05,1.0,0.00013931056309957057,1.2000000476837158,,,,,,,
90,0.001434934325516224,0.00028111677966080606,0.003762557404115796,0.005230430513620377,28199,1.0,1.0,1.0,0.0013562469768054976,9.999999747378752e-05,1.0,0.000624273787252605,1.1785714626312256,,,,,,,
90,0.0007297841366380453,0.00029139284742996097,0.0008888440788723528,0.0016288149636238813,28249,1.0,1.0,1.0,0.0014242775425427697,9.999999747378752e-05,1.0,0.00019434108980931342,1.2068965435028076,,,,,,,
90,0.0004930896684527397,0.0002779930946417153,0.0006287270225584507,0.0011146960314363241,28299,1.0,1.0,1.0,0.0013337449208170537,9.999999747378752e-05,1.0,9.766840958036482e-05,1.0967742204666138,,,,,,,
90,0.0003106595540884882,0.00026022247038781643,0.0007946723490022123,0.0009543040068820119,28349,1.0,1.0,1.0,0.001255912468337354,9.999999747378752e-05,1.0,0.00016186527500394732,1.0689655542373657,,,,,,,
91,0.0022962219081819057,0.00029193912632763386,0.005678121000528336,0.00882032047957182,28399,1.0,1.0,1.0,0.0013480590724358518,9.999999747378752e-05,1.0,9.053446410689503e-05,1.076923131942749,,,,,,,
91,0.001035145833157003,0.0002616487327031791,0.0019331914372742176,0.0033370032906532288,28449,1.0,1.0,1.0,0.0013032945617840908,9.999999747378752e-05,1.0,0.00011088654719060287,1.0740740299224854,,,,,,,
91,0.2749672830104828,0.04184797406196594,0.21171796321868896,0.8446618914604187,28499,0.99609375,1.0,0.96875,0.005886940841067477,9.999999747378752e-05,0.96875,0.05332476273179054,1.09375,,,,,,,
91,0.0015601763734593987,0.0002900442050304264,0.003514824667945504,0.0049495636485517025,28549,1.0,1.0,1.0,0.001415678148880307,9.999999747378752e-05,1.0,0.00015063941827975214,1.0357142686843872,,,,,,,
91,0.0016202855622395873,0.0003510517708491534,0.0028024015482515097,0.004397503100335598,28599,0.990234375,1.0,0.96875,0.03411757899979132,9.999999747378752e-05,0.96875,0.030717121437191963,1.0625,,,,,,,
91,0.0006303779664449394,0.00028620610828511417,0.0008094445802271366,0.0012585835065692663,28649,1.0,1.0,1.0,0.0013528852493748748,9.999999747378752e-05,1.0,8.91698437044397e-05,1.0645161867141724,,,,,,,
91,0.10399569571018219,0.0020371468272060156,0.2929922938346863,0.47900649905204773,28699,1.0,1.0,1.0,0.00615427041602023,9.999999747378752e-05,1.0,0.02646593563258648,1.034482717514038,,,,,,,
92,0.04865226894617081,0.0033236476592719555,0.07853873074054718,0.1518891155719757,28749,1.0,1.0,1.0,0.0017758831595124606,9.999999747378752e-05,1.0,0.0003846920735668391,1.296296238899231,,,,,,,
92,0.00557629344984889,0.000920899910852313,0.002818299923092127,0.01088761817663908,28799,1.0,1.0,1.0,0.0013756117975526187,9.999999747378752e-05,1.0,9.217287879437208e-05,1.0,,,,,,,
92,0.0032028905116021633,0.0002907710149884224,0.006812629755586386,0.011199147440493107,28849,1.0,1.0,1.0,0.0013367579301028065,9.999999747378752e-05,1.0,0.0001026145982905291,1.185185194015503,,,,,,,
92,0.0002646342618390918,0.00026947923470288515,0.0008769605774432421,0.0010064110392704606,28899,1.0,1.0,1.0,0.0012874908690079572,9.999999747378752e-05,1.0,9.889912325888872e-05,1.25,,,,,,,
92,0.00017815180763136595,0.0002549249620642513,0.0009486888884566724,0.0010190341854467988,28949,1.0,1.0,1.0,0.0012796690381194032,9.999999747378752e-05,1.0,0.0018447530455887318,1.1785714626312256,,,,,,,
92,0.18944020569324493,0.02926778420805931,0.2749207615852356,0.5596365928649902,28999,1.0,1.0,1.0,0.0013968871416544571,9.999999747378752e-05,1.0,0.0005384865216910839,1.0740740299224854,,,,,,,
93,0.0022470129188150167,0.0003721191023942083,0.003398831933736801,0.005263659171760082,29049,1.0,1.0,1.0,0.0013491920514046652,9.999999747378752e-05,1.0,0.00014798445045016706,1.1111111640930176,,,,,,,
93,0.00042952506919391453,0.00027041847351938486,0.0011544448789209127,0.0013823916669934988,29099,1.0,1.0,1.0,0.0012983000546745508,9.999999747378752e-05,1.0,0.00016767243505455554,1.2666666507720947,,,,,,,
93,0.00032400080817751586,0.0002568192139733583,0.0012797071831300855,0.0014672173419967294,29149,1.0,1.0,1.0,0.0013227305870402355,9.999999747378752e-05,1.0,0.00041065196273848414,1.1034482717514038,,,,,,,
93,0.012660198844969273,0.002026101341471076,0.0032529281452298164,0.03885290399193764,29199,1.0,1.0,1.0,0.0012795285387825856,9.999999747378752e-05,1.0,0.0004455375310499221,1.1333333253860474,,,,,,,
93,0.0016956222243607044,0.000261201144894585,0.004205433186143637,0.005360238254070282,29249,1.0,1.0,1.0,0.0012774692570764485,9.999999747378752e-05,1.0,0.0005903298151679337,1.0689655542373657,,,,,,,
93,0.0005906443693675101,0.0002623233012855053,0.0015660650096833706,0.002001701621338725,29299,1.0,1.0,1.0,0.0013657381021928805,9.999999747378752e-05,1.0,0.0003171396383550018,1.0,,,,,,,
94,0.008491341955959797,0.00027926103211939335,0.016977351158857346,0.03210493549704552,29349,1.0,1.0,1.0,0.0013140590901313288,9.999999747378752e-05,1.0,7.272447692230344e-05,1.0322580337524414,,,,,,,
94,0.000527934986166656,0.0002642189501784742,0.00100523023866117,0.0013108858838677406,29399,1.0,1.0,1.0,0.0013367048420524735,9.999999747378752e-05,1.0,0.00026761210756376386,1.137930989265442,,,,,,,
94,0.00047457090113312006,0.00025835016276687384,0.0010196767980232835,0.0013525180984288454,29449,1.0,1.0,1.0,0.0012703114035645235,9.999999747378752e-05,1.0,8.457685908069834e-05,1.1333333253860474,,,,,,,
94,0.06154009327292442,0.0025571153964847326,0.18212106823921204,0.2659904956817627,29499,1.0,1.0,1.0,0.0014389866351768588,9.999999747378752e-05,1.0,0.002198907546699047,1.185185194015503,,,,,,,
94,0.0005820188671350479,0.00027585210045799613,0.0007699107518419623,0.0011641769669950008,29549,1.0,1.0,1.0,0.001313308118841904,9.999999747378752e-05,1.0,8.074795914581046e-05,1.076923131942749,,,,,,,
94,0.012757557444274426,0.002706240862607956,0.00457509933039546,0.026399020105600357,29599,1.0,1.0,1.0,0.0013061115386982989,9.999999747378752e-05,1.0,0.0003827751788776368,1.1333333253860474,,,,,,,
95,0.013982390984892845,0.0021064409520477057,0.0160409864038229,0.04116693511605263,29649,1.0,1.0,1.0,0.00153046522201722,9.999999747378752e-05,1.0,0.0015748633304610848,1.0967742204666138,,,,,,,
95,0.0003865020989906043,0.00025500525953248143,0.000845614355057478,0.0010809777304530144,29699,1.0,1.0,1.0,0.0012645971125127818,9.999999747378752e-05,1.0,9.306896390626207e-05,1.0689655542373657,,,,,,,
95,0.0001601065305294469,0.00023892060562502593,0.0007434271974489093,0.0008245539502240717,29749,1.0,1.0,1.0,0.0012062702688268377,9.999999747378752e-05,1.0,7.651100168004632e-05,1.0714285373687744,,,,,,,
95,0.13652373850345612,0.0066182599402964115,0.3161683976650238,0.5818807482719421,29799,0.9892241358757019,1.0,0.931034505367279,0.05766903089637255,9.999999747378752e-05,0.931034505367279,0.145310640335083,1.1034482717514038,,,,,,,
95,0.0006048434297554195,0.0002525039599277079,0.000953717390075326,0.0012918503489345312,29849,1.0,1.0,1.0,0.0012575879769656899,9.999999747378752e-05,1.0,8.373780292458832e-05,1.1034482717514038,,,,,,,
95,0.0005198661237955093,0.0002508728648535907,0.0010611193720251322,0.0013406964717432857,29899,1.0,1.0,1.0,0.0019034170505185665,9.999999747378752e-05,1.0,0.0017644314793869853,1.1071428060531616,,,,,,,
95,0.00046243384713307023,0.00025148040731437504,0.0009058426949195564,0.0012104568304494023,29949,1.0,1.0,1.0,0.0012571664995100706,9.999999747378752e-05,1.0,7.374052074737847e-05,1.0967742204666138,,,,,,,
96,0.00037883271579630673,0.0002509980695322156,0.0007788050570525229,0.0010343262692913413,29999,0.9814814925193787,1.0,0.9629629850387573,0.11213017371159878,9.999999747378752e-05,0.9629629850387573,0.045003458857536316,1.1481481790542603,,,,,,,
96,0.008197863586246967,0.00023913041513878852,0.014743897132575512,0.027545113116502762,30049,1.0,1.0,1.0,0.001390276702729167,9.999999747378752e-05,1.0,4.1798957681749016e-05,1.1724138259887695,,,,,,,
96,0.0011609733337536454,0.00029655409161932766,0.0005518337711691856,0.001919203088618815,30099,1.0,1.0,1.0,0.0015402720119786282,9.999999747378752e-05,1.0,0.000373391667380929,1.192307710647583,,,,,,,
96,0.004948240704834461,0.0008915856597013772,0.002827012212947011,0.01068402361124754,30149,1.0,1.0,1.0,0.001429694082711857,9.999999747378752e-05,1.0,0.00041514699114486575,1.0689655542373657,,,,,,,
96,0.000871641153935343,0.0002733021101448685,0.0018458373378962278,0.0026417376939207315,30199,1.0,1.0,1.0,0.0017934125835343518,9.999999747378752e-05,1.0,0.005849071312695742,1.2413792610168457,,,,,,,
96,0.043903376907110214,0.0023752206470817327,0.06953810900449753,0.12400579452514648,30249,1.0,1.0,1.0,0.0012985893970191697,9.999999747378752e-05,1.0,0.00012406634050421417,1.1034482717514038,,,,,,,
97,0.000564259069506079,0.00026027674903161824,0.0010232188506051898,0.0013027495006099343,30299,1.0,1.0,1.0,0.0012445270764719128,9.999999747378752e-05,1.0,8.61258085933514e-05,1.034482717514038,,,,,,,
97,0.048060834407806396,0.003289329120889306,0.06911952793598175,0.1588488221168518,30349,1.0,1.0,1.0,0.001308899100700952,9.999999747378752e-05,1.0,5.3098596254130825e-05,1.0714285373687744,,,,,,,
97,0.013128873892128468,0.0025727783795446157,0.0035883209202438593,0.042875826358795166,30399,1.0,1.0,1.0,0.0012464312949886818,9.999999747378752e-05,1.0,0.0002623720793053508,1.1428571939468384,,,,,,,
97,0.0008602169109508395,0.00026104561402462423,0.002270425669848919,0.00289481901563704,30449,0.9895833134651184,1.0,0.9666666388511658,0.06744876935906051,9.999999747378752e-05,0.9666666388511658,0.16251200437545776,1.100000023841858,,,,,,,
97,0.00733095733448863,0.0002815033949445933,0.016929758712649345,0.023811044171452522,30499,1.0,1.0,1.0,0.0014816647900511497,9.999999747378752e-05,1.0,0.029382945969700813,1.034482717514038,,,,,,,
97,0.0024684828240424395,0.0002938171091955155,0.005206005182117224,0.007026087027043104,30549,1.0,1.0,1.0,0.0013472629710810887,9.999999747378752e-05,1.0,0.0005202192114666104,1.225806474685669,,,,,,,
98,0.0004859260516241193,0.00025562691735103726,0.0015105772763490677,0.0018052106024697423,30599,1.0,1.0,1.0,0.0013486768091575895,9.999999747378752e-05,1.0,0.0003876227419823408,1.1612902879714966,,,,,,,
98,0.0017534879734739661,0.0003013914974872023,0.004279103595763445,0.005419181659817696,30649,0.9937499761581421,1.0,0.9666666388511658,0.019026143428323972,9.999999747378752e-05,0.9666666388511658,0.07084434479475021,1.0666667222976685,,,,,,,
98,0.0007797001162543893,0.0002754367596935481,0.0021030555944889784,0.002748939674347639,30699,1.0,1.0,1.0,0.0013152607478490888,9.999999747378752e-05,1.0,0.0017557030078023672,1.0645161867141724,,,,,,,
98,0.0011903264094144106,0.00028679659590125084,0.0033435318619012833,0.004345504101365805,30749,1.0,1.0,1.0,0.0013339997696270656,9.999999747378752e-05,1.0,0.00027222034987062216,1.1111111640930176,,,,,,,
98,0.0020878606010228395,0.00034959521144628525,0.004995411261916161,0.006470186170190573,30799,1.0,1.0,1.0,0.006611274914489335,9.999999747378752e-05,1.0,0.03597726300358772,1.1785714626312256,,,,,,,
98,0.07746311277151108,0.02652401104569435,0.1951933652162552,0.31181588768959045,30849,1.0,1.0,1.0,0.001618199530752142,9.999999747378752e-05,1.0,0.0004969565197825432,1.0333333015441895,,,,,,,
99,0.0006427150219678879,0.0002890074101742357,0.001730318064801395,0.002082361141219735,30899,1.0,1.0,1.0,0.0013740800040008584,9.999999747378752e-05,1.0,0.0002109429333359003,1.25,,,,,,,
99,0.0003483332402538508,0.00026911424356512725,0.0012277866480872035,0.0013789323857054114,30949,1.0,1.0,1.0,0.0013183054418867556,9.999999747378752e-05,1.0,0.00015177251771092415,1.2333333492279053,,,,,,,
99,0.0001409891847288236,0.0002531406353227794,0.0009574681171216071,0.0010214687790721655,30999,1.0,1.0,1.0,0.0012597470744233094,9.999999747378752e-05,1.0,0.00012161623453721404,1.25,,,,,,,
99,0.00037099598557688296,0.00026336335577070713,0.000714658061042428,0.0009964240016415715,31049,1.0,1.0,1.0,0.0013186015464259396,9.999999747378752e-05,1.0,0.00011006671411450952,1.1666666269302368,,,,,,,
99,0.00835692323744297,0.0002975327370222658,0.014528423547744751,0.025308487936854362,31099,1.0,1.0,1.0,0.0014215378904224422,9.999999747378752e-05,1.0,0.0006962737534195185,1.1333333253860474,,,,,,,
99,0.021011242642998695,0.001784422085620463,0.03454939275979996,0.0666767805814743,31149,1.0,1.0,1.0,0.011322798844413399,9.999999747378752e-05,1.0,0.008685356937348843,1.1071428060531616,,,,,,,
99,0.024608662351965904,0.001125478302128613,0.06135380640625954,0.10660435259342194,31199,0.9700000286102295,1.0,0.9599999785423279,0.16597112112440038,9.999999747378752e-05,0.9599999785423279,0.2052866667509079,1.1200000047683716,,,,,,,
99,,,,,31199,,,,,,,,,1.0,1.0,0.001226507592946291,0.0014914312632754445,1.0,0.000529848039150238,16.0
