[exp8038] phase=begin_no_pretrained_loads_or_generations elapsed_s=0.000 completed=0 pending=0
[exp8038] phase=input_contracts_before elapsed_s=0.001 completed=0 pending=0
[exp8038] phase=qualified_small_head_load_before elapsed_s=0.049 completed=0 pending=0
[exp8038] phase=qualified_small_head_load_after elapsed_s=0.049 completed=0 pending=0
[exp8038] phase=methods_code_budgets_identity_frozen elapsed_s=0.663 completed=0 pending=0
[exp8038] phase=benchmark_before elapsed_s=0.709 completed=0 pending=20480
[exp8038] phase=small_head_load_before elapsed_s=0.709 completed=0 pending=20480
[exp8038] phase=small_head_load_after elapsed_s=0.710 completed=0 pending=20480
[exp8038] phase=block_recent64_seed_101 elapsed_s=0.801 completed=35 pending=20445
[exp8038] phase=block_recent64_seed_101 elapsed_s=0.856 completed=51 pending=20429
[exp8038] phase=stream_recent64_seed_101 elapsed_s=0.895 completed=64 pending=20416
[exp8038] phase=block_recent64_seed_101 elapsed_s=0.912 completed=67 pending=20413
[exp8038] phase=block_recent64_seed_101 elapsed_s=0.972 completed=83 pending=20397
[exp8038] phase=block_recent64_seed_101 elapsed_s=1.034 completed=100 pending=20380
[exp8038] phase=block_recent64_seed_101 elapsed_s=1.098 completed=116 pending=20364
[exp8038] phase=stream_recent64_seed_101 elapsed_s=1.134 completed=128 pending=20352
[exp8038] phase=block_recent64_seed_101 elapsed_s=1.155 completed=132 pending=20348
[exp8038] phase=block_recent64_seed_101 elapsed_s=1.212 completed=149 pending=20331
[exp8038] phase=block_recent64_seed_101 elapsed_s=1.271 completed=165 pending=20315
[exp8038] phase=block_recent64_seed_101 elapsed_s=1.330 completed=181 pending=20299
[exp8038] phase=stream_recent64_seed_101 elapsed_s=1.366 completed=192 pending=20288
[exp8038] phase=block_recent64_seed_101 elapsed_s=1.393 completed=197 pending=20283
[exp8038] phase=block_recent64_seed_101 elapsed_s=1.454 completed=213 pending=20267
[exp8038] phase=block_recent64_seed_101 elapsed_s=1.511 completed=229 pending=20251
[exp8038] phase=block_recent64_seed_101 elapsed_s=1.570 completed=245 pending=20235
[exp8038] phase=stream_recent64_seed_101 elapsed_s=1.613 completed=256 pending=20224
[exp8038] phase=small_head_load_before elapsed_s=1.615 completed=256 pending=20224
[exp8038] phase=small_head_load_after elapsed_s=1.616 completed=256 pending=20224
[exp8038] phase=block_cumulative_seed_101 elapsed_s=1.721 completed=291 pending=20189
[exp8038] phase=block_cumulative_seed_101 elapsed_s=1.788 completed=307 pending=20173
[exp8038] phase=stream_cumulative_seed_101 elapsed_s=1.828 completed=320 pending=20160
[exp8038] phase=block_cumulative_seed_101 elapsed_s=1.849 completed=323 pending=20157
[exp8038] phase=block_cumulative_seed_101 elapsed_s=1.908 completed=339 pending=20141
[exp8038] phase=block_cumulative_seed_101 elapsed_s=1.974 completed=356 pending=20124
[exp8038] phase=block_cumulative_seed_101 elapsed_s=2.059 completed=372 pending=20108
[exp8038] phase=stream_cumulative_seed_101 elapsed_s=2.097 completed=384 pending=20096
[exp8038] phase=block_cumulative_seed_101 elapsed_s=2.119 completed=388 pending=20092
[exp8038] phase=block_cumulative_seed_101 elapsed_s=2.181 completed=405 pending=20075
[exp8038] phase=block_cumulative_seed_101 elapsed_s=2.241 completed=421 pending=20059
[exp8038] phase=block_cumulative_seed_101 elapsed_s=2.304 completed=437 pending=20043
[exp8038] phase=stream_cumulative_seed_101 elapsed_s=2.340 completed=448 pending=20032
[exp8038] phase=block_cumulative_seed_101 elapsed_s=2.368 completed=453 pending=20027
[exp8038] phase=block_cumulative_seed_101 elapsed_s=2.435 completed=469 pending=20011
[exp8038] phase=block_cumulative_seed_101 elapsed_s=2.498 completed=485 pending=19995
[exp8038] phase=block_cumulative_seed_101 elapsed_s=2.558 completed=501 pending=19979
[exp8038] phase=stream_cumulative_seed_101 elapsed_s=2.592 completed=512 pending=19968
[exp8038] phase=small_head_load_before elapsed_s=2.594 completed=512 pending=19968
[exp8038] phase=small_head_load_after elapsed_s=2.595 completed=512 pending=19968
[exp8038] phase=block_newest16_seed_101 elapsed_s=2.698 completed=547 pending=19933
[exp8038] phase=block_newest16_seed_101 elapsed_s=2.763 completed=563 pending=19917
[exp8038] phase=stream_newest16_seed_101 elapsed_s=2.809 completed=576 pending=19904
[exp8038] phase=block_newest16_seed_101 elapsed_s=2.828 completed=579 pending=19901
[exp8038] phase=block_newest16_seed_101 elapsed_s=2.886 completed=595 pending=19885
[exp8038] phase=block_newest16_seed_101 elapsed_s=2.950 completed=612 pending=19868
[exp8038] phase=block_newest16_seed_101 elapsed_s=3.012 completed=628 pending=19852
[exp8038] phase=stream_newest16_seed_101 elapsed_s=3.054 completed=640 pending=19840
[exp8038] phase=block_newest16_seed_101 elapsed_s=3.080 completed=644 pending=19836
[exp8038] phase=block_newest16_seed_101 elapsed_s=3.152 completed=661 pending=19819
[exp8038] phase=block_newest16_seed_101 elapsed_s=3.211 completed=677 pending=19803
[exp8038] phase=block_newest16_seed_101 elapsed_s=3.270 completed=693 pending=19787
[exp8038] phase=stream_newest16_seed_101 elapsed_s=3.305 completed=704 pending=19776
[exp8038] phase=block_newest16_seed_101 elapsed_s=3.332 completed=709 pending=19771
[exp8038] phase=block_newest16_seed_101 elapsed_s=3.399 completed=725 pending=19755
[exp8038] phase=block_newest16_seed_101 elapsed_s=3.568 completed=741 pending=19739
[exp8038] phase=block_newest16_seed_101 elapsed_s=3.636 completed=757 pending=19723
[exp8038] phase=stream_newest16_seed_101 elapsed_s=3.671 completed=768 pending=19712
[exp8038] phase=small_head_load_before elapsed_s=3.673 completed=768 pending=19712
[exp8038] phase=small_head_load_after elapsed_s=3.674 completed=768 pending=19712
[exp8038] phase=block_frozen_no_write_seed_101 elapsed_s=3.772 completed=803 pending=19677
[exp8038] phase=block_frozen_no_write_seed_101 elapsed_s=3.836 completed=819 pending=19661
[exp8038] phase=stream_frozen_no_write_seed_101 elapsed_s=3.881 completed=832 pending=19648
[exp8038] phase=block_frozen_no_write_seed_101 elapsed_s=3.901 completed=835 pending=19645
[exp8038] phase=block_frozen_no_write_seed_101 elapsed_s=3.963 completed=851 pending=19629
[exp8038] phase=block_frozen_no_write_seed_101 elapsed_s=4.025 completed=868 pending=19612
[exp8038] phase=block_frozen_no_write_seed_101 elapsed_s=4.086 completed=884 pending=19596
[exp8038] phase=stream_frozen_no_write_seed_101 elapsed_s=4.126 completed=896 pending=19584
[exp8038] phase=block_frozen_no_write_seed_101 elapsed_s=4.149 completed=900 pending=19580
[exp8038] phase=block_frozen_no_write_seed_101 elapsed_s=4.217 completed=917 pending=19563
[exp8038] phase=block_frozen_no_write_seed_101 elapsed_s=4.283 completed=933 pending=19547
[exp8038] phase=block_frozen_no_write_seed_101 elapsed_s=4.341 completed=949 pending=19531
[exp8038] phase=stream_frozen_no_write_seed_101 elapsed_s=4.376 completed=960 pending=19520
[exp8038] phase=block_frozen_no_write_seed_101 elapsed_s=4.401 completed=965 pending=19515
[exp8038] phase=block_frozen_no_write_seed_101 elapsed_s=4.465 completed=981 pending=19499
[exp8038] phase=block_frozen_no_write_seed_101 elapsed_s=4.529 completed=997 pending=19483
[exp8038] phase=block_frozen_no_write_seed_101 elapsed_s=4.596 completed=1013 pending=19467
[exp8038] phase=stream_frozen_no_write_seed_101 elapsed_s=4.630 completed=1024 pending=19456
[exp8038] phase=small_head_load_before elapsed_s=4.632 completed=1024 pending=19456
[exp8038] phase=small_head_load_after elapsed_s=4.633 completed=1024 pending=19456
[exp8038] phase=block_recent64_seed_102 elapsed_s=4.728 completed=1059 pending=19421
[exp8038] phase=block_recent64_seed_102 elapsed_s=4.789 completed=1075 pending=19405
[exp8038] phase=stream_recent64_seed_102 elapsed_s=4.833 completed=1088 pending=19392
[exp8038] phase=block_recent64_seed_102 elapsed_s=4.853 completed=1091 pending=19389
[exp8038] phase=block_recent64_seed_102 elapsed_s=4.922 completed=1107 pending=19373
[exp8038] phase=block_recent64_seed_102 elapsed_s=4.993 completed=1124 pending=19356
[exp8038] phase=block_recent64_seed_102 elapsed_s=5.054 completed=1140 pending=19340
[exp8038] phase=stream_recent64_seed_102 elapsed_s=5.092 completed=1152 pending=19328
[exp8038] phase=block_recent64_seed_102 elapsed_s=5.114 completed=1156 pending=19324
[exp8038] phase=block_recent64_seed_102 elapsed_s=5.180 completed=1173 pending=19307
[exp8038] phase=block_recent64_seed_102 elapsed_s=5.252 completed=1189 pending=19291
[exp8038] phase=block_recent64_seed_102 elapsed_s=5.314 completed=1205 pending=19275
[exp8038] phase=stream_recent64_seed_102 elapsed_s=5.347 completed=1216 pending=19264
[exp8038] phase=block_recent64_seed_102 elapsed_s=5.373 completed=1221 pending=19259
[exp8038] phase=block_recent64_seed_102 elapsed_s=5.434 completed=1237 pending=19243
[exp8038] phase=block_recent64_seed_102 elapsed_s=5.497 completed=1253 pending=19227
[exp8038] phase=block_recent64_seed_102 elapsed_s=5.563 completed=1269 pending=19211
[exp8038] phase=stream_recent64_seed_102 elapsed_s=5.603 completed=1280 pending=19200
[exp8038] phase=small_head_load_before elapsed_s=5.605 completed=1280 pending=19200
[exp8038] phase=small_head_load_after elapsed_s=5.605 completed=1280 pending=19200
[exp8038] phase=block_cumulative_seed_102 elapsed_s=5.701 completed=1315 pending=19165
[exp8038] phase=block_cumulative_seed_102 elapsed_s=5.762 completed=1331 pending=19149
[exp8038] phase=stream_cumulative_seed_102 elapsed_s=5.804 completed=1344 pending=19136
[exp8038] phase=block_cumulative_seed_102 elapsed_s=5.824 completed=1347 pending=19133
[exp8038] phase=block_cumulative_seed_102 elapsed_s=5.892 completed=1363 pending=19117
[exp8038] phase=block_cumulative_seed_102 elapsed_s=5.964 completed=1380 pending=19100
[exp8038] phase=block_cumulative_seed_102 elapsed_s=6.023 completed=1396 pending=19084
[exp8038] phase=stream_cumulative_seed_102 elapsed_s=6.061 completed=1408 pending=19072
[exp8038] phase=block_cumulative_seed_102 elapsed_s=6.084 completed=1412 pending=19068
[exp8038] phase=block_cumulative_seed_102 elapsed_s=6.150 completed=1429 pending=19051
[exp8038] phase=block_cumulative_seed_102 elapsed_s=6.216 completed=1445 pending=19035
[exp8038] phase=block_cumulative_seed_102 elapsed_s=6.284 completed=1461 pending=19019
[exp8038] phase=stream_cumulative_seed_102 elapsed_s=6.320 completed=1472 pending=19008
[exp8038] phase=block_cumulative_seed_102 elapsed_s=6.346 completed=1477 pending=19003
[exp8038] phase=block_cumulative_seed_102 elapsed_s=6.405 completed=1493 pending=18987
[exp8038] phase=block_cumulative_seed_102 elapsed_s=6.473 completed=1509 pending=18971
[exp8038] phase=block_cumulative_seed_102 elapsed_s=6.534 completed=1525 pending=18955
[exp8038] phase=stream_cumulative_seed_102 elapsed_s=6.569 completed=1536 pending=18944
[exp8038] phase=small_head_load_before elapsed_s=6.571 completed=1536 pending=18944
[exp8038] phase=small_head_load_after elapsed_s=6.572 completed=1536 pending=18944
[exp8038] phase=block_newest16_seed_102 elapsed_s=6.670 completed=1571 pending=18909
[exp8038] phase=block_newest16_seed_102 elapsed_s=6.728 completed=1587 pending=18893
[exp8038] phase=stream_newest16_seed_102 elapsed_s=6.770 completed=1600 pending=18880
[exp8038] phase=block_newest16_seed_102 elapsed_s=6.789 completed=1603 pending=18877
[exp8038] phase=block_newest16_seed_102 elapsed_s=6.853 completed=1619 pending=18861
[exp8038] phase=block_newest16_seed_102 elapsed_s=6.923 completed=1636 pending=18844
[exp8038] phase=block_newest16_seed_102 elapsed_s=6.991 completed=1652 pending=18828
[exp8038] phase=stream_newest16_seed_102 elapsed_s=7.027 completed=1664 pending=18816
[exp8038] phase=block_newest16_seed_102 elapsed_s=7.049 completed=1668 pending=18812
[exp8038] phase=block_newest16_seed_102 elapsed_s=7.113 completed=1685 pending=18795
[exp8038] phase=block_newest16_seed_102 elapsed_s=7.177 completed=1701 pending=18779
[exp8038] phase=block_newest16_seed_102 elapsed_s=7.242 completed=1717 pending=18763
[exp8038] phase=stream_newest16_seed_102 elapsed_s=7.281 completed=1728 pending=18752
[exp8038] phase=block_newest16_seed_102 elapsed_s=7.310 completed=1733 pending=18747
[exp8038] phase=block_newest16_seed_102 elapsed_s=7.368 completed=1749 pending=18731
[exp8038] phase=block_newest16_seed_102 elapsed_s=7.428 completed=1765 pending=18715
[exp8038] phase=block_newest16_seed_102 elapsed_s=7.492 completed=1781 pending=18699
[exp8038] phase=stream_newest16_seed_102 elapsed_s=7.528 completed=1792 pending=18688
[exp8038] phase=small_head_load_before elapsed_s=7.530 completed=1792 pending=18688
[exp8038] phase=small_head_load_after elapsed_s=7.530 completed=1792 pending=18688
[exp8038] phase=block_frozen_no_write_seed_102 elapsed_s=7.635 completed=1827 pending=18653
[exp8038] phase=block_frozen_no_write_seed_102 elapsed_s=7.695 completed=1843 pending=18637
[exp8038] phase=stream_frozen_no_write_seed_102 elapsed_s=7.736 completed=1856 pending=18624
[exp8038] phase=block_frozen_no_write_seed_102 elapsed_s=7.754 completed=1859 pending=18621
[exp8038] phase=block_frozen_no_write_seed_102 elapsed_s=7.815 completed=1875 pending=18605
[exp8038] phase=block_frozen_no_write_seed_102 elapsed_s=8.064 completed=1892 pending=18588
[exp8038] phase=block_frozen_no_write_seed_102 elapsed_s=8.125 completed=1908 pending=18572
[exp8038] phase=stream_frozen_no_write_seed_102 elapsed_s=8.164 completed=1920 pending=18560
[exp8038] phase=block_frozen_no_write_seed_102 elapsed_s=8.185 completed=1924 pending=18556
[exp8038] phase=block_frozen_no_write_seed_102 elapsed_s=8.247 completed=1941 pending=18539
[exp8038] phase=block_frozen_no_write_seed_102 elapsed_s=8.309 completed=1957 pending=18523
[exp8038] phase=block_frozen_no_write_seed_102 elapsed_s=8.373 completed=1973 pending=18507
[exp8038] phase=stream_frozen_no_write_seed_102 elapsed_s=8.411 completed=1984 pending=18496
[exp8038] phase=block_frozen_no_write_seed_102 elapsed_s=8.439 completed=1989 pending=18491
[exp8038] phase=block_frozen_no_write_seed_102 elapsed_s=8.504 completed=2005 pending=18475
[exp8038] phase=block_frozen_no_write_seed_102 elapsed_s=8.567 completed=2021 pending=18459
[exp8038] phase=block_frozen_no_write_seed_102 elapsed_s=8.628 completed=2037 pending=18443
[exp8038] phase=stream_frozen_no_write_seed_102 elapsed_s=8.665 completed=2048 pending=18432
[exp8038] phase=small_head_load_before elapsed_s=8.667 completed=2048 pending=18432
[exp8038] phase=small_head_load_after elapsed_s=8.668 completed=2048 pending=18432
[exp8038] phase=block_recent64_seed_103 elapsed_s=8.782 completed=2083 pending=18397
[exp8038] phase=block_recent64_seed_103 elapsed_s=8.847 completed=2099 pending=18381
[exp8038] phase=stream_recent64_seed_103 elapsed_s=8.887 completed=2112 pending=18368
[exp8038] phase=block_recent64_seed_103 elapsed_s=8.906 completed=2115 pending=18365
[exp8038] phase=block_recent64_seed_103 elapsed_s=8.968 completed=2131 pending=18349
[exp8038] phase=block_recent64_seed_103 elapsed_s=9.035 completed=2148 pending=18332
[exp8038] phase=block_recent64_seed_103 elapsed_s=9.101 completed=2164 pending=18316
[exp8038] phase=stream_recent64_seed_103 elapsed_s=9.146 completed=2176 pending=18304
[exp8038] phase=block_recent64_seed_103 elapsed_s=9.177 completed=2180 pending=18300
[exp8038] phase=block_recent64_seed_103 elapsed_s=9.371 completed=2197 pending=18283
[exp8038] phase=block_recent64_seed_103 elapsed_s=9.434 completed=2213 pending=18267
[exp8038] phase=block_recent64_seed_103 elapsed_s=9.496 completed=2229 pending=18251
[exp8038] phase=stream_recent64_seed_103 elapsed_s=9.533 completed=2240 pending=18240
[exp8038] phase=block_recent64_seed_103 elapsed_s=9.561 completed=2245 pending=18235
[exp8038] phase=block_recent64_seed_103 elapsed_s=9.632 completed=2261 pending=18219
[exp8038] phase=block_recent64_seed_103 elapsed_s=9.692 completed=2277 pending=18203
[exp8038] phase=block_recent64_seed_103 elapsed_s=9.752 completed=2293 pending=18187
[exp8038] phase=stream_recent64_seed_103 elapsed_s=9.786 completed=2304 pending=18176
[exp8038] phase=small_head_load_before elapsed_s=9.788 completed=2304 pending=18176
[exp8038] phase=small_head_load_after elapsed_s=9.789 completed=2304 pending=18176
[exp8038] phase=block_cumulative_seed_103 elapsed_s=9.893 completed=2339 pending=18141
[exp8038] phase=block_cumulative_seed_103 elapsed_s=9.962 completed=2355 pending=18125
[exp8038] phase=stream_cumulative_seed_103 elapsed_s=10.007 completed=2368 pending=18112
[exp8038] phase=block_cumulative_seed_103 elapsed_s=10.026 completed=2371 pending=18109
[exp8038] phase=block_cumulative_seed_103 elapsed_s=10.086 completed=2387 pending=18093
[exp8038] phase=block_cumulative_seed_103 elapsed_s=10.152 completed=2404 pending=18076
[exp8038] phase=block_cumulative_seed_103 elapsed_s=10.217 completed=2420 pending=18060
[exp8038] phase=stream_cumulative_seed_103 elapsed_s=10.259 completed=2432 pending=18048
[exp8038] phase=block_cumulative_seed_103 elapsed_s=10.284 completed=2436 pending=18044
[exp8038] phase=block_cumulative_seed_103 elapsed_s=10.352 completed=2453 pending=18027
[exp8038] phase=block_cumulative_seed_103 elapsed_s=10.412 completed=2469 pending=18011
[exp8038] phase=block_cumulative_seed_103 elapsed_s=10.473 completed=2485 pending=17995
[exp8038] phase=stream_cumulative_seed_103 elapsed_s=10.508 completed=2496 pending=17984
[exp8038] phase=block_cumulative_seed_103 elapsed_s=10.537 completed=2501 pending=17979
[exp8038] phase=block_cumulative_seed_103 elapsed_s=10.604 completed=2517 pending=17963
[exp8038] phase=block_cumulative_seed_103 elapsed_s=10.673 completed=2533 pending=17947
[exp8038] phase=block_cumulative_seed_103 elapsed_s=10.733 completed=2549 pending=17931
[exp8038] phase=stream_cumulative_seed_103 elapsed_s=10.768 completed=2560 pending=17920
[exp8038] phase=small_head_load_before elapsed_s=10.770 completed=2560 pending=17920
[exp8038] phase=small_head_load_after elapsed_s=10.771 completed=2560 pending=17920
[exp8038] phase=block_newest16_seed_103 elapsed_s=10.870 completed=2595 pending=17885
[exp8038] phase=block_newest16_seed_103 elapsed_s=10.937 completed=2611 pending=17869
[exp8038] phase=stream_newest16_seed_103 elapsed_s=10.984 completed=2624 pending=17856
[exp8038] phase=block_newest16_seed_103 elapsed_s=11.006 completed=2627 pending=17853
[exp8038] phase=block_newest16_seed_103 elapsed_s=11.072 completed=2643 pending=17837
[exp8038] phase=block_newest16_seed_103 elapsed_s=11.136 completed=2660 pending=17820
[exp8038] phase=block_newest16_seed_103 elapsed_s=11.198 completed=2676 pending=17804
[exp8038] phase=stream_newest16_seed_103 elapsed_s=11.238 completed=2688 pending=17792
[exp8038] phase=block_newest16_seed_103 elapsed_s=11.382 completed=2692 pending=17788
[exp8038] phase=block_newest16_seed_103 elapsed_s=11.584 completed=2709 pending=17771
[exp8038] phase=block_newest16_seed_103 elapsed_s=11.645 completed=2725 pending=17755
[exp8038] phase=block_newest16_seed_103 elapsed_s=11.705 completed=2741 pending=17739
[exp8038] phase=stream_newest16_seed_103 elapsed_s=11.740 completed=2752 pending=17728
[exp8038] phase=block_newest16_seed_103 elapsed_s=11.768 completed=2757 pending=17723
[exp8038] phase=block_newest16_seed_103 elapsed_s=11.833 completed=2773 pending=17707
[exp8038] phase=block_newest16_seed_103 elapsed_s=11.901 completed=2789 pending=17691
[exp8038] phase=block_newest16_seed_103 elapsed_s=11.966 completed=2805 pending=17675
[exp8038] phase=stream_newest16_seed_103 elapsed_s=12.000 completed=2816 pending=17664
[exp8038] phase=small_head_load_before elapsed_s=12.002 completed=2816 pending=17664
[exp8038] phase=small_head_load_after elapsed_s=12.002 completed=2816 pending=17664
[exp8038] phase=block_frozen_no_write_seed_103 elapsed_s=12.099 completed=2851 pending=17629
[exp8038] phase=block_frozen_no_write_seed_103 elapsed_s=12.163 completed=2867 pending=17613
[exp8038] phase=stream_frozen_no_write_seed_103 elapsed_s=12.208 completed=2880 pending=17600
[exp8038] phase=block_frozen_no_write_seed_103 elapsed_s=12.229 completed=2883 pending=17597
[exp8038] phase=block_frozen_no_write_seed_103 elapsed_s=12.291 completed=2899 pending=17581
[exp8038] phase=block_frozen_no_write_seed_103 elapsed_s=12.352 completed=2916 pending=17564
[exp8038] phase=block_frozen_no_write_seed_103 elapsed_s=12.413 completed=2932 pending=17548
[exp8038] phase=stream_frozen_no_write_seed_103 elapsed_s=12.453 completed=2944 pending=17536
[exp8038] phase=block_frozen_no_write_seed_103 elapsed_s=12.476 completed=2948 pending=17532
[exp8038] phase=block_frozen_no_write_seed_103 elapsed_s=12.688 completed=2965 pending=17515
[exp8038] phase=block_frozen_no_write_seed_103 elapsed_s=12.765 completed=2981 pending=17499
[exp8038] phase=block_frozen_no_write_seed_103 elapsed_s=12.824 completed=2997 pending=17483
[exp8038] phase=stream_frozen_no_write_seed_103 elapsed_s=12.866 completed=3008 pending=17472
[exp8038] phase=block_frozen_no_write_seed_103 elapsed_s=12.890 completed=3013 pending=17467
[exp8038] phase=block_frozen_no_write_seed_103 elapsed_s=12.948 completed=3029 pending=17451
[exp8038] phase=block_frozen_no_write_seed_103 elapsed_s=13.141 completed=3045 pending=17435
[exp8038] phase=block_frozen_no_write_seed_103 elapsed_s=13.205 completed=3061 pending=17419
[exp8038] phase=stream_frozen_no_write_seed_103 elapsed_s=13.404 completed=3072 pending=17408
[exp8038] phase=small_head_load_before elapsed_s=13.405 completed=3072 pending=17408
[exp8038] phase=small_head_load_after elapsed_s=13.406 completed=3072 pending=17408
[exp8038] phase=block_recent64_seed_104 elapsed_s=13.501 completed=3107 pending=17373
[exp8038] phase=block_recent64_seed_104 elapsed_s=13.563 completed=3123 pending=17357
[exp8038] phase=stream_recent64_seed_104 elapsed_s=13.606 completed=3136 pending=17344
[exp8038] phase=block_recent64_seed_104 elapsed_s=13.627 completed=3139 pending=17341
[exp8038] phase=block_recent64_seed_104 elapsed_s=13.896 completed=3155 pending=17325
[exp8038] phase=block_recent64_seed_104 elapsed_s=13.961 completed=3172 pending=17308
[exp8038] phase=block_recent64_seed_104 elapsed_s=14.020 completed=3188 pending=17292
[exp8038] phase=stream_recent64_seed_104 elapsed_s=14.058 completed=3200 pending=17280
[exp8038] phase=block_recent64_seed_104 elapsed_s=14.082 completed=3204 pending=17276
[exp8038] phase=block_recent64_seed_104 elapsed_s=14.151 completed=3221 pending=17259
[exp8038] phase=block_recent64_seed_104 elapsed_s=14.217 completed=3237 pending=17243
[exp8038] phase=block_recent64_seed_104 elapsed_s=14.278 completed=3253 pending=17227
[exp8038] phase=stream_recent64_seed_104 elapsed_s=14.311 completed=3264 pending=17216
[exp8038] phase=block_recent64_seed_104 elapsed_s=14.336 completed=3269 pending=17211
[exp8038] phase=block_recent64_seed_104 elapsed_s=14.397 completed=3285 pending=17195
[exp8038] phase=block_recent64_seed_104 elapsed_s=14.460 completed=3301 pending=17179
[exp8038] phase=block_recent64_seed_104 elapsed_s=14.525 completed=3317 pending=17163
[exp8038] phase=stream_recent64_seed_104 elapsed_s=14.563 completed=3328 pending=17152
[exp8038] phase=small_head_load_before elapsed_s=14.564 completed=3328 pending=17152
[exp8038] phase=small_head_load_after elapsed_s=14.565 completed=3328 pending=17152
[exp8038] phase=block_cumulative_seed_104 elapsed_s=14.655 completed=3363 pending=17117
[exp8038] phase=block_cumulative_seed_104 elapsed_s=14.715 completed=3379 pending=17101
[exp8038] phase=stream_cumulative_seed_104 elapsed_s=14.765 completed=3392 pending=17088
[exp8038] phase=block_cumulative_seed_104 elapsed_s=14.783 completed=3395 pending=17085
[exp8038] phase=block_cumulative_seed_104 elapsed_s=14.854 completed=3411 pending=17069
[exp8038] phase=block_cumulative_seed_104 elapsed_s=14.922 completed=3428 pending=17052
[exp8038] phase=block_cumulative_seed_104 elapsed_s=14.984 completed=3444 pending=17036
[exp8038] phase=stream_cumulative_seed_104 elapsed_s=15.021 completed=3456 pending=17024
[exp8038] phase=block_cumulative_seed_104 elapsed_s=15.044 completed=3460 pending=17020
[exp8038] phase=block_cumulative_seed_104 elapsed_s=15.110 completed=3477 pending=17003
[exp8038] phase=block_cumulative_seed_104 elapsed_s=15.178 completed=3493 pending=16987
[exp8038] phase=block_cumulative_seed_104 elapsed_s=15.243 completed=3509 pending=16971
[exp8038] phase=stream_cumulative_seed_104 elapsed_s=15.277 completed=3520 pending=16960
[exp8038] phase=block_cumulative_seed_104 elapsed_s=15.303 completed=3525 pending=16955
[exp8038] phase=block_cumulative_seed_104 elapsed_s=15.365 completed=3541 pending=16939
[exp8038] phase=block_cumulative_seed_104 elapsed_s=15.435 completed=3557 pending=16923
[exp8038] phase=block_cumulative_seed_104 elapsed_s=15.503 completed=3573 pending=16907
[exp8038] phase=stream_cumulative_seed_104 elapsed_s=15.549 completed=3584 pending=16896
[exp8038] phase=small_head_load_before elapsed_s=15.551 completed=3584 pending=16896
[exp8038] phase=small_head_load_after elapsed_s=15.553 completed=3584 pending=16896
[exp8038] phase=block_newest16_seed_104 elapsed_s=15.665 completed=3619 pending=16861
[exp8038] phase=block_newest16_seed_104 elapsed_s=15.736 completed=3635 pending=16845
[exp8038] phase=stream_newest16_seed_104 elapsed_s=15.785 completed=3648 pending=16832
[exp8038] phase=block_newest16_seed_104 elapsed_s=15.808 completed=3651 pending=16829
[exp8038] phase=block_newest16_seed_104 elapsed_s=15.876 completed=3667 pending=16813
[exp8038] phase=block_newest16_seed_104 elapsed_s=15.950 completed=3684 pending=16796
[exp8038] phase=block_newest16_seed_104 elapsed_s=16.011 completed=3700 pending=16780
[exp8038] phase=stream_newest16_seed_104 elapsed_s=16.049 completed=3712 pending=16768
[exp8038] phase=block_newest16_seed_104 elapsed_s=16.072 completed=3716 pending=16764
[exp8038] phase=block_newest16_seed_104 elapsed_s=16.139 completed=3733 pending=16747
[exp8038] phase=block_newest16_seed_104 elapsed_s=16.205 completed=3749 pending=16731
[exp8038] phase=block_newest16_seed_104 elapsed_s=16.275 completed=3765 pending=16715
[exp8038] phase=stream_newest16_seed_104 elapsed_s=16.308 completed=3776 pending=16704
[exp8038] phase=block_newest16_seed_104 elapsed_s=16.333 completed=3781 pending=16699
[exp8038] phase=block_newest16_seed_104 elapsed_s=16.392 completed=3797 pending=16683
[exp8038] phase=block_newest16_seed_104 elapsed_s=16.455 completed=3813 pending=16667
[exp8038] phase=block_newest16_seed_104 elapsed_s=16.710 completed=3829 pending=16651
[exp8038] phase=stream_newest16_seed_104 elapsed_s=16.749 completed=3840 pending=16640
[exp8038] phase=small_head_load_before elapsed_s=16.751 completed=3840 pending=16640
[exp8038] phase=small_head_load_after elapsed_s=16.753 completed=3840 pending=16640
[exp8038] phase=block_frozen_no_write_seed_104 elapsed_s=16.854 completed=3875 pending=16605
[exp8038] phase=block_frozen_no_write_seed_104 elapsed_s=16.913 completed=3891 pending=16589
[exp8038] phase=stream_frozen_no_write_seed_104 elapsed_s=16.965 completed=3904 pending=16576
[exp8038] phase=block_frozen_no_write_seed_104 elapsed_s=16.985 completed=3907 pending=16573
[exp8038] phase=block_frozen_no_write_seed_104 elapsed_s=17.047 completed=3923 pending=16557
[exp8038] phase=block_frozen_no_write_seed_104 elapsed_s=17.118 completed=3940 pending=16540
[exp8038] phase=block_frozen_no_write_seed_104 elapsed_s=17.179 completed=3956 pending=16524
[exp8038] phase=stream_frozen_no_write_seed_104 elapsed_s=17.217 completed=3968 pending=16512
[exp8038] phase=block_frozen_no_write_seed_104 elapsed_s=17.239 completed=3972 pending=16508
[exp8038] phase=block_frozen_no_write_seed_104 elapsed_s=17.305 completed=3989 pending=16491
[exp8038] phase=block_frozen_no_write_seed_104 elapsed_s=17.370 completed=4005 pending=16475
[exp8038] phase=block_frozen_no_write_seed_104 elapsed_s=17.437 completed=4021 pending=16459
[exp8038] phase=stream_frozen_no_write_seed_104 elapsed_s=17.475 completed=4032 pending=16448
[exp8038] phase=block_frozen_no_write_seed_104 elapsed_s=17.499 completed=4037 pending=16443
[exp8038] phase=block_frozen_no_write_seed_104 elapsed_s=17.714 completed=4053 pending=16427
[exp8038] phase=block_frozen_no_write_seed_104 elapsed_s=17.779 completed=4069 pending=16411
[exp8038] phase=block_frozen_no_write_seed_104 elapsed_s=17.844 completed=4085 pending=16395
[exp8038] phase=stream_frozen_no_write_seed_104 elapsed_s=17.883 completed=4096 pending=16384
[exp8038] phase=small_head_load_before elapsed_s=17.885 completed=4096 pending=16384
[exp8038] phase=small_head_load_after elapsed_s=17.885 completed=4096 pending=16384
[exp8038] phase=block_recent64_seed_105 elapsed_s=17.991 completed=4131 pending=16349
[exp8038] phase=block_recent64_seed_105 elapsed_s=18.058 completed=4147 pending=16333
[exp8038] phase=stream_recent64_seed_105 elapsed_s=18.099 completed=4160 pending=16320
[exp8038] phase=block_recent64_seed_105 elapsed_s=18.119 completed=4163 pending=16317
[exp8038] phase=block_recent64_seed_105 elapsed_s=18.181 completed=4179 pending=16301
[exp8038] phase=block_recent64_seed_105 elapsed_s=18.250 completed=4196 pending=16284
[exp8038] phase=block_recent64_seed_105 elapsed_s=18.315 completed=4212 pending=16268
[exp8038] phase=stream_recent64_seed_105 elapsed_s=18.351 completed=4224 pending=16256
[exp8038] phase=block_recent64_seed_105 elapsed_s=18.375 completed=4228 pending=16252
[exp8038] phase=block_recent64_seed_105 elapsed_s=18.440 completed=4245 pending=16235
[exp8038] phase=block_recent64_seed_105 elapsed_s=18.505 completed=4261 pending=16219
[exp8038] phase=block_recent64_seed_105 elapsed_s=18.571 completed=4277 pending=16203
[exp8038] phase=stream_recent64_seed_105 elapsed_s=18.611 completed=4288 pending=16192
[exp8038] phase=block_recent64_seed_105 elapsed_s=18.640 completed=4293 pending=16187
[exp8038] phase=block_recent64_seed_105 elapsed_s=18.699 completed=4309 pending=16171
[exp8038] phase=block_recent64_seed_105 elapsed_s=18.768 completed=4325 pending=16155
[exp8038] phase=block_recent64_seed_105 elapsed_s=18.836 completed=4341 pending=16139
[exp8038] phase=stream_recent64_seed_105 elapsed_s=18.876 completed=4352 pending=16128
[exp8038] phase=small_head_load_before elapsed_s=18.878 completed=4352 pending=16128
[exp8038] phase=small_head_load_after elapsed_s=18.879 completed=4352 pending=16128
[exp8038] phase=block_cumulative_seed_105 elapsed_s=18.987 completed=4387 pending=16093
[exp8038] phase=block_cumulative_seed_105 elapsed_s=19.046 completed=4403 pending=16077
[exp8038] phase=stream_cumulative_seed_105 elapsed_s=19.086 completed=4416 pending=16064
[exp8038] phase=block_cumulative_seed_105 elapsed_s=19.106 completed=4419 pending=16061
[exp8038] phase=block_cumulative_seed_105 elapsed_s=19.169 completed=4435 pending=16045
[exp8038] phase=block_cumulative_seed_105 elapsed_s=19.239 completed=4452 pending=16028
[exp8038] phase=block_cumulative_seed_105 elapsed_s=19.306 completed=4468 pending=16012
[exp8038] phase=stream_cumulative_seed_105 elapsed_s=19.345 completed=4480 pending=16000
[exp8038] phase=block_cumulative_seed_105 elapsed_s=19.368 completed=4484 pending=15996
[exp8038] phase=block_cumulative_seed_105 elapsed_s=19.431 completed=4501 pending=15979
[exp8038] phase=block_cumulative_seed_105 elapsed_s=19.500 completed=4517 pending=15963
[exp8038] phase=block_cumulative_seed_105 elapsed_s=19.561 completed=4533 pending=15947
[exp8038] phase=stream_cumulative_seed_105 elapsed_s=19.596 completed=4544 pending=15936
[exp8038] phase=block_cumulative_seed_105 elapsed_s=19.624 completed=4549 pending=15931
[exp8038] phase=block_cumulative_seed_105 elapsed_s=19.686 completed=4565 pending=15915
[exp8038] phase=block_cumulative_seed_105 elapsed_s=19.748 completed=4581 pending=15899
[exp8038] phase=block_cumulative_seed_105 elapsed_s=19.810 completed=4597 pending=15883
[exp8038] phase=stream_cumulative_seed_105 elapsed_s=19.848 completed=4608 pending=15872
[exp8038] phase=small_head_load_before elapsed_s=19.850 completed=4608 pending=15872
[exp8038] phase=small_head_load_after elapsed_s=19.851 completed=4608 pending=15872
[exp8038] phase=block_newest16_seed_105 elapsed_s=19.959 completed=4643 pending=15837
[exp8038] phase=block_newest16_seed_105 elapsed_s=20.024 completed=4659 pending=15821
[exp8038] phase=stream_newest16_seed_105 elapsed_s=20.067 completed=4672 pending=15808
[exp8038] phase=block_newest16_seed_105 elapsed_s=20.086 completed=4675 pending=15805
[exp8038] phase=block_newest16_seed_105 elapsed_s=20.149 completed=4691 pending=15789
[exp8038] phase=block_newest16_seed_105 elapsed_s=20.218 completed=4708 pending=15772
[exp8038] phase=block_newest16_seed_105 elapsed_s=20.286 completed=4724 pending=15756
[exp8038] phase=stream_newest16_seed_105 elapsed_s=20.329 completed=4736 pending=15744
[exp8038] phase=block_newest16_seed_105 elapsed_s=20.351 completed=4740 pending=15740
[exp8038] phase=block_newest16_seed_105 elapsed_s=20.414 completed=4757 pending=15723
[exp8038] phase=block_newest16_seed_105 elapsed_s=20.477 completed=4773 pending=15707
[exp8038] phase=block_newest16_seed_105 elapsed_s=20.541 completed=4789 pending=15691
[exp8038] phase=stream_newest16_seed_105 elapsed_s=20.580 completed=4800 pending=15680
[exp8038] phase=block_newest16_seed_105 elapsed_s=20.609 completed=4805 pending=15675
[exp8038] phase=block_newest16_seed_105 elapsed_s=20.684 completed=4821 pending=15659
[exp8038] phase=block_newest16_seed_105 elapsed_s=20.743 completed=4837 pending=15643
[exp8038] phase=block_newest16_seed_105 elapsed_s=20.805 completed=4853 pending=15627
[exp8038] phase=stream_newest16_seed_105 elapsed_s=20.841 completed=4864 pending=15616
[exp8038] phase=small_head_load_before elapsed_s=20.843 completed=4864 pending=15616
[exp8038] phase=small_head_load_after elapsed_s=20.844 completed=4864 pending=15616
[exp8038] phase=block_frozen_no_write_seed_105 elapsed_s=20.948 completed=4899 pending=15581
[exp8038] phase=block_frozen_no_write_seed_105 elapsed_s=21.008 completed=4915 pending=15565
[exp8038] phase=stream_frozen_no_write_seed_105 elapsed_s=21.048 completed=4928 pending=15552
[exp8038] phase=block_frozen_no_write_seed_105 elapsed_s=21.066 completed=4931 pending=15549
[exp8038] phase=block_frozen_no_write_seed_105 elapsed_s=21.126 completed=4947 pending=15533
[exp8038] phase=block_frozen_no_write_seed_105 elapsed_s=21.192 completed=4964 pending=15516
[exp8038] phase=block_frozen_no_write_seed_105 elapsed_s=21.259 completed=4980 pending=15500
[exp8038] phase=stream_frozen_no_write_seed_105 elapsed_s=21.301 completed=4992 pending=15488
[exp8038] phase=block_frozen_no_write_seed_105 elapsed_s=21.431 completed=4996 pending=15484
[exp8038] phase=block_frozen_no_write_seed_105 elapsed_s=21.496 completed=5013 pending=15467
[exp8038] phase=block_frozen_no_write_seed_105 elapsed_s=21.557 completed=5029 pending=15451
[exp8038] phase=block_frozen_no_write_seed_105 elapsed_s=21.620 completed=5045 pending=15435
[exp8038] phase=stream_frozen_no_write_seed_105 elapsed_s=21.658 completed=5056 pending=15424
[exp8038] phase=block_frozen_no_write_seed_105 elapsed_s=21.687 completed=5061 pending=15419
[exp8038] phase=block_frozen_no_write_seed_105 elapsed_s=21.755 completed=5077 pending=15403
[exp8038] phase=block_frozen_no_write_seed_105 elapsed_s=21.813 completed=5093 pending=15387
[exp8038] phase=block_frozen_no_write_seed_105 elapsed_s=22.072 completed=5109 pending=15371
[exp8038] phase=stream_frozen_no_write_seed_105 elapsed_s=22.108 completed=5120 pending=15360
[exp8038] phase=small_head_load_before elapsed_s=22.110 completed=5120 pending=15360
[exp8038] phase=small_head_load_after elapsed_s=22.110 completed=5120 pending=15360
[exp8038] phase=block_recent64_seed_106 elapsed_s=22.214 completed=5155 pending=15325
[exp8038] phase=block_recent64_seed_106 elapsed_s=22.282 completed=5171 pending=15309
[exp8038] phase=stream_recent64_seed_106 elapsed_s=22.325 completed=5184 pending=15296
[exp8038] phase=block_recent64_seed_106 elapsed_s=22.344 completed=5187 pending=15293
[exp8038] phase=block_recent64_seed_106 elapsed_s=22.405 completed=5203 pending=15277
[exp8038] phase=block_recent64_seed_106 elapsed_s=22.473 completed=5220 pending=15260
[exp8038] phase=block_recent64_seed_106 elapsed_s=22.538 completed=5236 pending=15244
[exp8038] phase=stream_recent64_seed_106 elapsed_s=22.581 completed=5248 pending=15232
[exp8038] phase=block_recent64_seed_106 elapsed_s=22.615 completed=5252 pending=15228
[exp8038] phase=block_recent64_seed_106 elapsed_s=22.678 completed=5269 pending=15211
[exp8038] phase=block_recent64_seed_106 elapsed_s=22.741 completed=5285 pending=15195
[exp8038] phase=block_recent64_seed_106 elapsed_s=22.804 completed=5301 pending=15179
[exp8038] phase=stream_recent64_seed_106 elapsed_s=22.842 completed=5312 pending=15168
[exp8038] phase=block_recent64_seed_106 elapsed_s=22.870 completed=5317 pending=15163
[exp8038] phase=block_recent64_seed_106 elapsed_s=22.939 completed=5333 pending=15147
[exp8038] phase=block_recent64_seed_106 elapsed_s=23.003 completed=5349 pending=15131
[exp8038] phase=block_recent64_seed_106 elapsed_s=23.066 completed=5365 pending=15115
[exp8038] phase=stream_recent64_seed_106 elapsed_s=23.101 completed=5376 pending=15104
[exp8038] phase=small_head_load_before elapsed_s=23.102 completed=5376 pending=15104
[exp8038] phase=small_head_load_after elapsed_s=23.103 completed=5376 pending=15104
[exp8038] phase=block_cumulative_seed_106 elapsed_s=23.206 completed=5411 pending=15069
[exp8038] phase=block_cumulative_seed_106 elapsed_s=23.274 completed=5427 pending=15053
[exp8038] phase=stream_cumulative_seed_106 elapsed_s=23.320 completed=5440 pending=15040
[exp8038] phase=block_cumulative_seed_106 elapsed_s=23.340 completed=5443 pending=15037
[exp8038] phase=block_cumulative_seed_106 elapsed_s=23.400 completed=5459 pending=15021
[exp8038] phase=block_cumulative_seed_106 elapsed_s=23.468 completed=5476 pending=15004
[exp8038] phase=block_cumulative_seed_106 elapsed_s=23.535 completed=5492 pending=14988
[exp8038] phase=stream_cumulative_seed_106 elapsed_s=23.577 completed=5504 pending=14976
[exp8038] phase=block_cumulative_seed_106 elapsed_s=23.602 completed=5508 pending=14972
[exp8038] phase=block_cumulative_seed_106 elapsed_s=23.673 completed=5525 pending=14955
[exp8038] phase=block_cumulative_seed_106 elapsed_s=23.734 completed=5541 pending=14939
[exp8038] phase=block_cumulative_seed_106 elapsed_s=23.798 completed=5557 pending=14923
[exp8038] phase=stream_cumulative_seed_106 elapsed_s=23.835 completed=5568 pending=14912
[exp8038] phase=block_cumulative_seed_106 elapsed_s=23.864 completed=5573 pending=14907
[exp8038] phase=block_cumulative_seed_106 elapsed_s=23.932 completed=5589 pending=14891
[exp8038] phase=block_cumulative_seed_106 elapsed_s=24.002 completed=5605 pending=14875
[exp8038] phase=block_cumulative_seed_106 elapsed_s=24.071 completed=5621 pending=14859
[exp8038] phase=stream_cumulative_seed_106 elapsed_s=24.104 completed=5632 pending=14848
[exp8038] phase=small_head_load_before elapsed_s=24.106 completed=5632 pending=14848
[exp8038] phase=small_head_load_after elapsed_s=24.107 completed=5632 pending=14848
[exp8038] phase=block_newest16_seed_106 elapsed_s=24.205 completed=5667 pending=14813
[exp8038] phase=block_newest16_seed_106 elapsed_s=24.269 completed=5683 pending=14797
[exp8038] phase=stream_newest16_seed_106 elapsed_s=24.315 completed=5696 pending=14784
[exp8038] phase=block_newest16_seed_106 elapsed_s=24.335 completed=5699 pending=14781
[exp8038] phase=block_newest16_seed_106 elapsed_s=24.395 completed=5715 pending=14765
[exp8038] phase=block_newest16_seed_106 elapsed_s=24.472 completed=5732 pending=14748
[exp8038] phase=block_newest16_seed_106 elapsed_s=24.539 completed=5748 pending=14732
[exp8038] phase=stream_newest16_seed_106 elapsed_s=24.581 completed=5760 pending=14720
[exp8038] phase=block_newest16_seed_106 elapsed_s=24.607 completed=5764 pending=14716
[exp8038] phase=block_newest16_seed_106 elapsed_s=24.679 completed=5781 pending=14699
[exp8038] phase=block_newest16_seed_106 elapsed_s=24.741 completed=5797 pending=14683
[exp8038] phase=block_newest16_seed_106 elapsed_s=24.805 completed=5813 pending=14667
[exp8038] phase=stream_newest16_seed_106 elapsed_s=24.842 completed=5824 pending=14656
[exp8038] phase=block_newest16_seed_106 elapsed_s=24.871 completed=5829 pending=14651
[exp8038] phase=block_newest16_seed_106 elapsed_s=24.938 completed=5845 pending=14635
[exp8038] phase=block_newest16_seed_106 elapsed_s=25.007 completed=5861 pending=14619
[exp8038] phase=block_newest16_seed_106 elapsed_s=25.068 completed=5877 pending=14603
[exp8038] phase=stream_newest16_seed_106 elapsed_s=25.104 completed=5888 pending=14592
[exp8038] phase=small_head_load_before elapsed_s=25.106 completed=5888 pending=14592
[exp8038] phase=small_head_load_after elapsed_s=25.107 completed=5888 pending=14592
[exp8038] phase=block_frozen_no_write_seed_106 elapsed_s=25.211 completed=5923 pending=14557
[exp8038] phase=block_frozen_no_write_seed_106 elapsed_s=25.278 completed=5939 pending=14541
[exp8038] phase=stream_frozen_no_write_seed_106 elapsed_s=25.326 completed=5952 pending=14528
[exp8038] phase=block_frozen_no_write_seed_106 elapsed_s=25.345 completed=5955 pending=14525
[exp8038] phase=block_frozen_no_write_seed_106 elapsed_s=25.405 completed=5971 pending=14509
[exp8038] phase=block_frozen_no_write_seed_106 elapsed_s=25.470 completed=5988 pending=14492
[exp8038] phase=block_frozen_no_write_seed_106 elapsed_s=25.542 completed=6004 pending=14476
[exp8038] phase=stream_frozen_no_write_seed_106 elapsed_s=25.779 completed=6016 pending=14464
[exp8038] phase=block_frozen_no_write_seed_106 elapsed_s=25.802 completed=6020 pending=14460
[exp8038] phase=block_frozen_no_write_seed_106 elapsed_s=26.009 completed=6037 pending=14443
[exp8038] phase=block_frozen_no_write_seed_106 elapsed_s=26.071 completed=6053 pending=14427
[exp8038] phase=block_frozen_no_write_seed_106 elapsed_s=26.133 completed=6069 pending=14411
[exp8038] phase=stream_frozen_no_write_seed_106 elapsed_s=26.167 completed=6080 pending=14400
[exp8038] phase=block_frozen_no_write_seed_106 elapsed_s=26.192 completed=6085 pending=14395
[exp8038] phase=block_frozen_no_write_seed_106 elapsed_s=26.255 completed=6101 pending=14379
[exp8038] phase=block_frozen_no_write_seed_106 elapsed_s=26.322 completed=6117 pending=14363
[exp8038] phase=block_frozen_no_write_seed_106 elapsed_s=26.390 completed=6133 pending=14347
[exp8038] phase=stream_frozen_no_write_seed_106 elapsed_s=26.430 completed=6144 pending=14336
[exp8038] phase=small_head_load_before elapsed_s=26.432 completed=6144 pending=14336
[exp8038] phase=small_head_load_after elapsed_s=26.433 completed=6144 pending=14336
[exp8038] phase=block_recent64_seed_107 elapsed_s=26.531 completed=6179 pending=14301
[exp8038] phase=block_recent64_seed_107 elapsed_s=26.597 completed=6195 pending=14285
[exp8038] phase=stream_recent64_seed_107 elapsed_s=26.645 completed=6208 pending=14272
[exp8038] phase=block_recent64_seed_107 elapsed_s=26.667 completed=6211 pending=14269
[exp8038] phase=block_recent64_seed_107 elapsed_s=26.737 completed=6227 pending=14253
[exp8038] phase=block_recent64_seed_107 elapsed_s=26.807 completed=6244 pending=14236
[exp8038] phase=block_recent64_seed_107 elapsed_s=26.870 completed=6260 pending=14220
[exp8038] phase=stream_recent64_seed_107 elapsed_s=26.909 completed=6272 pending=14208
[exp8038] phase=block_recent64_seed_107 elapsed_s=26.933 completed=6276 pending=14204
[exp8038] phase=block_recent64_seed_107 elapsed_s=27.006 completed=6293 pending=14187
[exp8038] phase=block_recent64_seed_107 elapsed_s=27.076 completed=6309 pending=14171
[exp8038] phase=block_recent64_seed_107 elapsed_s=27.141 completed=6325 pending=14155
[exp8038] phase=stream_recent64_seed_107 elapsed_s=27.176 completed=6336 pending=14144
[exp8038] phase=block_recent64_seed_107 elapsed_s=27.203 completed=6341 pending=14139
[exp8038] phase=block_recent64_seed_107 elapsed_s=27.275 completed=6357 pending=14123
[exp8038] phase=block_recent64_seed_107 elapsed_s=27.337 completed=6373 pending=14107
[exp8038] phase=block_recent64_seed_107 elapsed_s=27.398 completed=6389 pending=14091
[exp8038] phase=stream_recent64_seed_107 elapsed_s=27.437 completed=6400 pending=14080
[exp8038] phase=small_head_load_before elapsed_s=27.438 completed=6400 pending=14080
[exp8038] phase=small_head_load_after elapsed_s=27.439 completed=6400 pending=14080
[exp8038] phase=block_cumulative_seed_107 elapsed_s=27.536 completed=6435 pending=14045
[exp8038] phase=block_cumulative_seed_107 elapsed_s=27.602 completed=6451 pending=14029
[exp8038] phase=stream_cumulative_seed_107 elapsed_s=27.648 completed=6464 pending=14016
[exp8038] phase=block_cumulative_seed_107 elapsed_s=27.669 completed=6467 pending=14013
[exp8038] phase=block_cumulative_seed_107 elapsed_s=27.739 completed=6483 pending=13997
[exp8038] phase=block_cumulative_seed_107 elapsed_s=27.807 completed=6500 pending=13980
[exp8038] phase=block_cumulative_seed_107 elapsed_s=27.869 completed=6516 pending=13964
[exp8038] phase=stream_cumulative_seed_107 elapsed_s=27.910 completed=6528 pending=13952
[exp8038] phase=block_cumulative_seed_107 elapsed_s=27.934 completed=6532 pending=13948
[exp8038] phase=block_cumulative_seed_107 elapsed_s=28.005 completed=6549 pending=13931
[exp8038] phase=block_cumulative_seed_107 elapsed_s=28.075 completed=6565 pending=13915
[exp8038] phase=block_cumulative_seed_107 elapsed_s=28.140 completed=6581 pending=13899
[exp8038] phase=stream_cumulative_seed_107 elapsed_s=28.174 completed=6592 pending=13888
[exp8038] phase=block_cumulative_seed_107 elapsed_s=28.202 completed=6597 pending=13883
[exp8038] phase=block_cumulative_seed_107 elapsed_s=28.268 completed=6613 pending=13867
[exp8038] phase=block_cumulative_seed_107 elapsed_s=28.336 completed=6629 pending=13851
[exp8038] phase=block_cumulative_seed_107 elapsed_s=28.418 completed=6645 pending=13835
[exp8038] phase=stream_cumulative_seed_107 elapsed_s=28.457 completed=6656 pending=13824
[exp8038] phase=small_head_load_before elapsed_s=28.458 completed=6656 pending=13824
[exp8038] phase=small_head_load_after elapsed_s=28.459 completed=6656 pending=13824
[exp8038] phase=block_newest16_seed_107 elapsed_s=28.557 completed=6691 pending=13789
[exp8038] phase=block_newest16_seed_107 elapsed_s=28.622 completed=6707 pending=13773
[exp8038] phase=stream_newest16_seed_107 elapsed_s=28.668 completed=6720 pending=13760
[exp8038] phase=block_newest16_seed_107 elapsed_s=28.689 completed=6723 pending=13757
[exp8038] phase=block_newest16_seed_107 elapsed_s=28.761 completed=6739 pending=13741
[exp8038] phase=block_newest16_seed_107 elapsed_s=28.827 completed=6756 pending=13724
[exp8038] phase=block_newest16_seed_107 elapsed_s=29.074 completed=6772 pending=13708
[exp8038] phase=stream_newest16_seed_107 elapsed_s=29.116 completed=6784 pending=13696
[exp8038] phase=block_newest16_seed_107 elapsed_s=29.142 completed=6788 pending=13692
[exp8038] phase=block_newest16_seed_107 elapsed_s=29.346 completed=6805 pending=13675
[exp8038] phase=block_newest16_seed_107 elapsed_s=29.416 completed=6821 pending=13659
[exp8038] phase=block_newest16_seed_107 elapsed_s=29.476 completed=6837 pending=13643
[exp8038] phase=stream_newest16_seed_107 elapsed_s=29.511 completed=6848 pending=13632
[exp8038] phase=block_newest16_seed_107 elapsed_s=29.678 completed=6853 pending=13627
[exp8038] phase=block_newest16_seed_107 elapsed_s=29.743 completed=6869 pending=13611
[exp8038] phase=block_newest16_seed_107 elapsed_s=29.980 completed=6885 pending=13595
[exp8038] phase=block_newest16_seed_107 elapsed_s=30.050 completed=6901 pending=13579
[exp8038] phase=stream_newest16_seed_107 elapsed_s=30.090 completed=6912 pending=13568
[exp8038] phase=small_head_load_before elapsed_s=30.091 completed=6912 pending=13568
[exp8038] phase=small_head_load_after elapsed_s=30.092 completed=6912 pending=13568
[exp8038] phase=block_frozen_no_write_seed_107 elapsed_s=30.187 completed=6947 pending=13533
[exp8038] phase=block_frozen_no_write_seed_107 elapsed_s=30.251 completed=6963 pending=13517
[exp8038] phase=stream_frozen_no_write_seed_107 elapsed_s=30.296 completed=6976 pending=13504
[exp8038] phase=block_frozen_no_write_seed_107 elapsed_s=30.316 completed=6979 pending=13501
[exp8038] phase=block_frozen_no_write_seed_107 elapsed_s=30.384 completed=6995 pending=13485
[exp8038] phase=block_frozen_no_write_seed_107 elapsed_s=30.454 completed=7012 pending=13468
[exp8038] phase=block_frozen_no_write_seed_107 elapsed_s=30.515 completed=7028 pending=13452
[exp8038] phase=stream_frozen_no_write_seed_107 elapsed_s=30.555 completed=7040 pending=13440
[exp8038] phase=block_frozen_no_write_seed_107 elapsed_s=30.578 completed=7044 pending=13436
[exp8038] phase=block_frozen_no_write_seed_107 elapsed_s=30.648 completed=7061 pending=13419
[exp8038] phase=block_frozen_no_write_seed_107 elapsed_s=30.717 completed=7077 pending=13403
[exp8038] phase=block_frozen_no_write_seed_107 elapsed_s=30.792 completed=7093 pending=13387
[exp8038] phase=stream_frozen_no_write_seed_107 elapsed_s=30.832 completed=7104 pending=13376
[exp8038] phase=block_frozen_no_write_seed_107 elapsed_s=30.860 completed=7109 pending=13371
[exp8038] phase=block_frozen_no_write_seed_107 elapsed_s=30.923 completed=7125 pending=13355
[exp8038] phase=block_frozen_no_write_seed_107 elapsed_s=30.988 completed=7141 pending=13339
[exp8038] phase=block_frozen_no_write_seed_107 elapsed_s=31.056 completed=7157 pending=13323
[exp8038] phase=stream_frozen_no_write_seed_107 elapsed_s=31.096 completed=7168 pending=13312
[exp8038] phase=small_head_load_before elapsed_s=31.098 completed=7168 pending=13312
[exp8038] phase=small_head_load_after elapsed_s=31.099 completed=7168 pending=13312
[exp8038] phase=block_recent64_seed_108 elapsed_s=31.201 completed=7203 pending=13277
[exp8038] phase=block_recent64_seed_108 elapsed_s=31.386 completed=7219 pending=13261
[exp8038] phase=stream_recent64_seed_108 elapsed_s=31.432 completed=7232 pending=13248
[exp8038] phase=block_recent64_seed_108 elapsed_s=31.453 completed=7235 pending=13245
[exp8038] phase=block_recent64_seed_108 elapsed_s=31.521 completed=7251 pending=13229
[exp8038] phase=block_recent64_seed_108 elapsed_s=31.594 completed=7268 pending=13212
[exp8038] phase=block_recent64_seed_108 elapsed_s=31.659 completed=7284 pending=13196
[exp8038] phase=stream_recent64_seed_108 elapsed_s=31.697 completed=7296 pending=13184
[exp8038] phase=block_recent64_seed_108 elapsed_s=31.720 completed=7300 pending=13180
[exp8038] phase=block_recent64_seed_108 elapsed_s=31.789 completed=7317 pending=13163
[exp8038] phase=block_recent64_seed_108 elapsed_s=31.856 completed=7333 pending=13147
[exp8038] phase=block_recent64_seed_108 elapsed_s=31.925 completed=7349 pending=13131
[exp8038] phase=stream_recent64_seed_108 elapsed_s=31.965 completed=7360 pending=13120
[exp8038] phase=block_recent64_seed_108 elapsed_s=31.994 completed=7365 pending=13115
[exp8038] phase=block_recent64_seed_108 elapsed_s=32.057 completed=7381 pending=13099
[exp8038] phase=block_recent64_seed_108 elapsed_s=32.121 completed=7397 pending=13083
[exp8038] phase=block_recent64_seed_108 elapsed_s=32.188 completed=7413 pending=13067
[exp8038] phase=stream_recent64_seed_108 elapsed_s=32.228 completed=7424 pending=13056
[exp8038] phase=small_head_load_before elapsed_s=32.230 completed=7424 pending=13056
[exp8038] phase=small_head_load_after elapsed_s=32.231 completed=7424 pending=13056
[exp8038] phase=block_cumulative_seed_108 elapsed_s=32.495 completed=7459 pending=13021
[exp8038] phase=block_cumulative_seed_108 elapsed_s=32.564 completed=7475 pending=13005
[exp8038] phase=stream_cumulative_seed_108 elapsed_s=32.607 completed=7488 pending=12992
[exp8038] phase=block_cumulative_seed_108 elapsed_s=32.627 completed=7491 pending=12989
[exp8038] phase=block_cumulative_seed_108 elapsed_s=32.692 completed=7507 pending=12973
[exp8038] phase=block_cumulative_seed_108 elapsed_s=32.766 completed=7524 pending=12956
[exp8038] phase=block_cumulative_seed_108 elapsed_s=32.836 completed=7540 pending=12940
[exp8038] phase=stream_cumulative_seed_108 elapsed_s=32.876 completed=7552 pending=12928
[exp8038] phase=block_cumulative_seed_108 elapsed_s=32.899 completed=7556 pending=12924
[exp8038] phase=block_cumulative_seed_108 elapsed_s=32.977 completed=7573 pending=12907
[exp8038] phase=block_cumulative_seed_108 elapsed_s=33.043 completed=7589 pending=12891
[exp8038] phase=block_cumulative_seed_108 elapsed_s=33.112 completed=7605 pending=12875
[exp8038] phase=stream_cumulative_seed_108 elapsed_s=33.150 completed=7616 pending=12864
[exp8038] phase=block_cumulative_seed_108 elapsed_s=33.180 completed=7621 pending=12859
[exp8038] phase=block_cumulative_seed_108 elapsed_s=33.245 completed=7637 pending=12843
[exp8038] phase=block_cumulative_seed_108 elapsed_s=33.306 completed=7653 pending=12827
[exp8038] phase=block_cumulative_seed_108 elapsed_s=33.369 completed=7669 pending=12811
[exp8038] phase=stream_cumulative_seed_108 elapsed_s=33.404 completed=7680 pending=12800
[exp8038] phase=small_head_load_before elapsed_s=33.406 completed=7680 pending=12800
[exp8038] phase=small_head_load_after elapsed_s=33.407 completed=7680 pending=12800
[exp8038] phase=block_newest16_seed_108 elapsed_s=33.699 completed=7715 pending=12765
[exp8038] phase=block_newest16_seed_108 elapsed_s=33.767 completed=7731 pending=12749
[exp8038] phase=stream_newest16_seed_108 elapsed_s=33.807 completed=7744 pending=12736
[exp8038] phase=block_newest16_seed_108 elapsed_s=33.826 completed=7747 pending=12733
[exp8038] phase=block_newest16_seed_108 elapsed_s=33.886 completed=7763 pending=12717
[exp8038] phase=block_newest16_seed_108 elapsed_s=33.951 completed=7780 pending=12700
[exp8038] phase=block_newest16_seed_108 elapsed_s=34.015 completed=7796 pending=12684
[exp8038] phase=stream_newest16_seed_108 elapsed_s=34.055 completed=7808 pending=12672
[exp8038] phase=block_newest16_seed_108 elapsed_s=34.081 completed=7812 pending=12668
[exp8038] phase=block_newest16_seed_108 elapsed_s=34.146 completed=7829 pending=12651
[exp8038] phase=block_newest16_seed_108 elapsed_s=34.212 completed=7845 pending=12635
[exp8038] phase=block_newest16_seed_108 elapsed_s=34.270 completed=7861 pending=12619
[exp8038] phase=stream_newest16_seed_108 elapsed_s=34.305 completed=7872 pending=12608
[exp8038] phase=block_newest16_seed_108 elapsed_s=34.331 completed=7877 pending=12603
[exp8038] phase=block_newest16_seed_108 elapsed_s=34.502 completed=7893 pending=12587
[exp8038] phase=block_newest16_seed_108 elapsed_s=34.568 completed=7909 pending=12571
[exp8038] phase=block_newest16_seed_108 elapsed_s=34.805 completed=7925 pending=12555
[exp8038] phase=stream_newest16_seed_108 elapsed_s=34.840 completed=7936 pending=12544
[exp8038] phase=small_head_load_before elapsed_s=34.842 completed=7936 pending=12544
[exp8038] phase=small_head_load_after elapsed_s=34.843 completed=7936 pending=12544
[exp8038] phase=block_frozen_no_write_seed_108 elapsed_s=34.938 completed=7971 pending=12509
[exp8038] phase=block_frozen_no_write_seed_108 elapsed_s=35.158 completed=7987 pending=12493
[exp8038] phase=stream_frozen_no_write_seed_108 elapsed_s=35.204 completed=8000 pending=12480
[exp8038] phase=block_frozen_no_write_seed_108 elapsed_s=35.224 completed=8003 pending=12477
[exp8038] phase=block_frozen_no_write_seed_108 elapsed_s=35.282 completed=8019 pending=12461
[exp8038] phase=block_frozen_no_write_seed_108 elapsed_s=35.347 completed=8036 pending=12444
[exp8038] phase=block_frozen_no_write_seed_108 elapsed_s=35.406 completed=8052 pending=12428
[exp8038] phase=stream_frozen_no_write_seed_108 elapsed_s=35.446 completed=8064 pending=12416
[exp8038] phase=block_frozen_no_write_seed_108 elapsed_s=35.470 completed=8068 pending=12412
[exp8038] phase=block_frozen_no_write_seed_108 elapsed_s=35.539 completed=8085 pending=12395
[exp8038] phase=block_frozen_no_write_seed_108 elapsed_s=35.600 completed=8101 pending=12379
[exp8038] phase=block_frozen_no_write_seed_108 elapsed_s=35.658 completed=8117 pending=12363
[exp8038] phase=stream_frozen_no_write_seed_108 elapsed_s=35.692 completed=8128 pending=12352
[exp8038] phase=block_frozen_no_write_seed_108 elapsed_s=35.717 completed=8133 pending=12347
[exp8038] phase=block_frozen_no_write_seed_108 elapsed_s=35.778 completed=8149 pending=12331
[exp8038] phase=block_frozen_no_write_seed_108 elapsed_s=35.840 completed=8165 pending=12315
[exp8038] phase=block_frozen_no_write_seed_108 elapsed_s=35.906 completed=8181 pending=12299
[exp8038] phase=stream_frozen_no_write_seed_108 elapsed_s=35.940 completed=8192 pending=12288
[exp8038] phase=small_head_load_before elapsed_s=35.942 completed=8192 pending=12288
[exp8038] phase=small_head_load_after elapsed_s=35.942 completed=8192 pending=12288
[exp8038] phase=block_recent64_seed_109 elapsed_s=36.047 completed=8227 pending=12253
[exp8038] phase=block_recent64_seed_109 elapsed_s=36.106 completed=8243 pending=12237
[exp8038] phase=stream_recent64_seed_109 elapsed_s=36.146 completed=8256 pending=12224
[exp8038] phase=block_recent64_seed_109 elapsed_s=36.312 completed=8259 pending=12221
[exp8038] phase=block_recent64_seed_109 elapsed_s=36.377 completed=8275 pending=12205
[exp8038] phase=block_recent64_seed_109 elapsed_s=36.442 completed=8292 pending=12188
[exp8038] phase=block_recent64_seed_109 elapsed_s=36.501 completed=8308 pending=12172
[exp8038] phase=stream_recent64_seed_109 elapsed_s=36.540 completed=8320 pending=12160
[exp8038] phase=block_recent64_seed_109 elapsed_s=36.715 completed=8324 pending=12156
[exp8038] phase=block_recent64_seed_109 elapsed_s=36.915 completed=8341 pending=12139
[exp8038] phase=block_recent64_seed_109 elapsed_s=36.984 completed=8357 pending=12123
[exp8038] phase=block_recent64_seed_109 elapsed_s=37.049 completed=8373 pending=12107
[exp8038] phase=stream_recent64_seed_109 elapsed_s=37.082 completed=8384 pending=12096
[exp8038] phase=block_recent64_seed_109 elapsed_s=37.217 completed=8389 pending=12091
[exp8038] phase=block_recent64_seed_109 elapsed_s=37.279 completed=8405 pending=12075
[exp8038] phase=block_recent64_seed_109 elapsed_s=37.341 completed=8421 pending=12059
[exp8038] phase=block_recent64_seed_109 elapsed_s=37.405 completed=8437 pending=12043
[exp8038] phase=stream_recent64_seed_109 elapsed_s=37.444 completed=8448 pending=12032
[exp8038] phase=small_head_load_before elapsed_s=37.446 completed=8448 pending=12032
[exp8038] phase=small_head_load_after elapsed_s=37.615 completed=8448 pending=12032
[exp8038] phase=block_cumulative_seed_109 elapsed_s=37.921 completed=8483 pending=11997
[exp8038] phase=block_cumulative_seed_109 elapsed_s=37.986 completed=8499 pending=11981
[exp8038] phase=stream_cumulative_seed_109 elapsed_s=38.030 completed=8512 pending=11968
[exp8038] phase=block_cumulative_seed_109 elapsed_s=38.049 completed=8515 pending=11965
[exp8038] phase=block_cumulative_seed_109 elapsed_s=38.114 completed=8531 pending=11949
[exp8038] phase=block_cumulative_seed_109 elapsed_s=38.183 completed=8548 pending=11932
[exp8038] phase=block_cumulative_seed_109 elapsed_s=38.248 completed=8564 pending=11916
[exp8038] phase=stream_cumulative_seed_109 elapsed_s=38.284 completed=8576 pending=11904
[exp8038] phase=block_cumulative_seed_109 elapsed_s=38.306 completed=8580 pending=11900
[exp8038] phase=block_cumulative_seed_109 elapsed_s=38.377 completed=8597 pending=11883
[exp8038] phase=block_cumulative_seed_109 elapsed_s=38.436 completed=8613 pending=11867
[exp8038] phase=block_cumulative_seed_109 elapsed_s=38.497 completed=8629 pending=11851
[exp8038] phase=stream_cumulative_seed_109 elapsed_s=38.532 completed=8640 pending=11840
[exp8038] phase=block_cumulative_seed_109 elapsed_s=38.559 completed=8645 pending=11835
[exp8038] phase=block_cumulative_seed_109 elapsed_s=38.618 completed=8661 pending=11819
[exp8038] phase=block_cumulative_seed_109 elapsed_s=38.678 completed=8677 pending=11803
[exp8038] phase=block_cumulative_seed_109 elapsed_s=38.742 completed=8693 pending=11787
[exp8038] phase=stream_cumulative_seed_109 elapsed_s=38.778 completed=8704 pending=11776
[exp8038] phase=small_head_load_before elapsed_s=38.780 completed=8704 pending=11776
[exp8038] phase=small_head_load_after elapsed_s=38.781 completed=8704 pending=11776
[exp8038] phase=block_newest16_seed_109 elapsed_s=39.005 completed=8739 pending=11741
[exp8038] phase=block_newest16_seed_109 elapsed_s=39.068 completed=8755 pending=11725
[exp8038] phase=stream_newest16_seed_109 elapsed_s=39.108 completed=8768 pending=11712
[exp8038] phase=block_newest16_seed_109 elapsed_s=39.127 completed=8771 pending=11709
[exp8038] phase=block_newest16_seed_109 elapsed_s=39.187 completed=8787 pending=11693
[exp8038] phase=block_newest16_seed_109 elapsed_s=39.253 completed=8804 pending=11676
[exp8038] phase=block_newest16_seed_109 elapsed_s=39.317 completed=8820 pending=11660
[exp8038] phase=stream_newest16_seed_109 elapsed_s=39.360 completed=8832 pending=11648
[exp8038] phase=block_newest16_seed_109 elapsed_s=39.384 completed=8836 pending=11644
[exp8038] phase=block_newest16_seed_109 elapsed_s=39.629 completed=8853 pending=11627
[exp8038] phase=block_newest16_seed_109 elapsed_s=39.692 completed=8869 pending=11611
[exp8038] phase=block_newest16_seed_109 elapsed_s=39.753 completed=8885 pending=11595
[exp8038] phase=stream_newest16_seed_109 elapsed_s=39.789 completed=8896 pending=11584
[exp8038] phase=block_newest16_seed_109 elapsed_s=39.817 completed=8901 pending=11579
[exp8038] phase=block_newest16_seed_109 elapsed_s=39.881 completed=8917 pending=11563
[exp8038] phase=block_newest16_seed_109 elapsed_s=39.946 completed=8933 pending=11547
[exp8038] phase=block_newest16_seed_109 elapsed_s=40.009 completed=8949 pending=11531
[exp8038] phase=stream_newest16_seed_109 elapsed_s=40.045 completed=8960 pending=11520
[exp8038] phase=small_head_load_before elapsed_s=40.046 completed=8960 pending=11520
[exp8038] phase=small_head_load_after elapsed_s=40.047 completed=8960 pending=11520
[exp8038] phase=block_frozen_no_write_seed_109 elapsed_s=40.147 completed=8995 pending=11485
[exp8038] phase=block_frozen_no_write_seed_109 elapsed_s=40.206 completed=9011 pending=11469
[exp8038] phase=stream_frozen_no_write_seed_109 elapsed_s=40.248 completed=9024 pending=11456
[exp8038] phase=block_frozen_no_write_seed_109 elapsed_s=40.267 completed=9027 pending=11453
[exp8038] phase=block_frozen_no_write_seed_109 elapsed_s=40.325 completed=9043 pending=11437
[exp8038] phase=block_frozen_no_write_seed_109 elapsed_s=40.386 completed=9060 pending=11420
[exp8038] phase=block_frozen_no_write_seed_109 elapsed_s=40.448 completed=9076 pending=11404
[exp8038] phase=stream_frozen_no_write_seed_109 elapsed_s=40.488 completed=9088 pending=11392
[exp8038] phase=block_frozen_no_write_seed_109 elapsed_s=40.512 completed=9092 pending=11388
[exp8038] phase=block_frozen_no_write_seed_109 elapsed_s=40.581 completed=9109 pending=11371
[exp8038] phase=block_frozen_no_write_seed_109 elapsed_s=40.657 completed=9125 pending=11355
[exp8038] phase=block_frozen_no_write_seed_109 elapsed_s=40.714 completed=9141 pending=11339
[exp8038] phase=stream_frozen_no_write_seed_109 elapsed_s=40.749 completed=9152 pending=11328
[exp8038] phase=block_frozen_no_write_seed_109 elapsed_s=40.774 completed=9157 pending=11323
[exp8038] phase=block_frozen_no_write_seed_109 elapsed_s=40.836 completed=9173 pending=11307
[exp8038] phase=block_frozen_no_write_seed_109 elapsed_s=40.901 completed=9189 pending=11291
[exp8038] phase=block_frozen_no_write_seed_109 elapsed_s=40.964 completed=9205 pending=11275
[exp8038] phase=stream_frozen_no_write_seed_109 elapsed_s=40.997 completed=9216 pending=11264
[exp8038] phase=small_head_load_before elapsed_s=40.999 completed=9216 pending=11264
[exp8038] phase=small_head_load_after elapsed_s=40.999 completed=9216 pending=11264
[exp8038] phase=block_recent64_seed_110 elapsed_s=41.093 completed=9251 pending=11229
[exp8038] phase=block_recent64_seed_110 elapsed_s=41.156 completed=9267 pending=11213
[exp8038] phase=stream_recent64_seed_110 elapsed_s=41.199 completed=9280 pending=11200
[exp8038] phase=block_recent64_seed_110 elapsed_s=41.220 completed=9283 pending=11197
[exp8038] phase=block_recent64_seed_110 elapsed_s=41.289 completed=9299 pending=11181
[exp8038] phase=block_recent64_seed_110 elapsed_s=41.351 completed=9316 pending=11164
[exp8038] phase=block_recent64_seed_110 elapsed_s=41.410 completed=9332 pending=11148
[exp8038] phase=stream_recent64_seed_110 elapsed_s=41.449 completed=9344 pending=11136
[exp8038] phase=block_recent64_seed_110 elapsed_s=41.472 completed=9348 pending=11132
[exp8038] phase=block_recent64_seed_110 elapsed_s=41.553 completed=9365 pending=11115
[exp8038] phase=block_recent64_seed_110 elapsed_s=41.741 completed=9381 pending=11099
[exp8038] phase=block_recent64_seed_110 elapsed_s=41.942 completed=9397 pending=11083
[exp8038] phase=stream_recent64_seed_110 elapsed_s=41.976 completed=9408 pending=11072
[exp8038] phase=block_recent64_seed_110 elapsed_s=42.002 completed=9413 pending=11067
[exp8038] phase=block_recent64_seed_110 elapsed_s=42.066 completed=9429 pending=11051
[exp8038] phase=block_recent64_seed_110 elapsed_s=42.130 completed=9445 pending=11035
[exp8038] phase=block_recent64_seed_110 elapsed_s=42.194 completed=9461 pending=11019
[exp8038] phase=stream_recent64_seed_110 elapsed_s=42.232 completed=9472 pending=11008
[exp8038] phase=small_head_load_before elapsed_s=42.234 completed=9472 pending=11008
[exp8038] phase=small_head_load_after elapsed_s=42.235 completed=9472 pending=11008
[exp8038] phase=block_cumulative_seed_110 elapsed_s=42.331 completed=9507 pending=10973
[exp8038] phase=block_cumulative_seed_110 elapsed_s=42.391 completed=9523 pending=10957
[exp8038] phase=stream_cumulative_seed_110 elapsed_s=42.434 completed=9536 pending=10944
[exp8038] phase=block_cumulative_seed_110 elapsed_s=42.453 completed=9539 pending=10941
[exp8038] phase=block_cumulative_seed_110 elapsed_s=42.516 completed=9555 pending=10925
[exp8038] phase=block_cumulative_seed_110 elapsed_s=42.587 completed=9572 pending=10908
[exp8038] phase=block_cumulative_seed_110 elapsed_s=42.647 completed=9588 pending=10892
[exp8038] phase=stream_cumulative_seed_110 elapsed_s=42.684 completed=9600 pending=10880
[exp8038] phase=block_cumulative_seed_110 elapsed_s=42.706 completed=9604 pending=10876
[exp8038] phase=block_cumulative_seed_110 elapsed_s=42.772 completed=9621 pending=10859
[exp8038] phase=block_cumulative_seed_110 elapsed_s=42.836 completed=9637 pending=10843
[exp8038] phase=block_cumulative_seed_110 elapsed_s=42.903 completed=9653 pending=10827
[exp8038] phase=stream_cumulative_seed_110 elapsed_s=42.941 completed=9664 pending=10816
[exp8038] phase=block_cumulative_seed_110 elapsed_s=42.968 completed=9669 pending=10811
[exp8038] phase=block_cumulative_seed_110 elapsed_s=43.149 completed=9685 pending=10795
[exp8038] phase=block_cumulative_seed_110 elapsed_s=43.222 completed=9701 pending=10779
[exp8038] phase=block_cumulative_seed_110 elapsed_s=43.293 completed=9717 pending=10763
[exp8038] phase=stream_cumulative_seed_110 elapsed_s=43.342 completed=9728 pending=10752
[exp8038] phase=small_head_load_before elapsed_s=43.344 completed=9728 pending=10752
[exp8038] phase=small_head_load_after elapsed_s=43.345 completed=9728 pending=10752
[exp8038] phase=block_newest16_seed_110 elapsed_s=43.460 completed=9763 pending=10717
[exp8038] phase=block_newest16_seed_110 elapsed_s=43.653 completed=9779 pending=10701
[exp8038] phase=stream_newest16_seed_110 elapsed_s=43.696 completed=9792 pending=10688
[exp8038] phase=block_newest16_seed_110 elapsed_s=43.716 completed=9795 pending=10685
[exp8038] phase=block_newest16_seed_110 elapsed_s=43.778 completed=9811 pending=10669
[exp8038] phase=block_newest16_seed_110 elapsed_s=43.848 completed=9828 pending=10652
[exp8038] phase=block_newest16_seed_110 elapsed_s=43.913 completed=9844 pending=10636
[exp8038] phase=stream_newest16_seed_110 elapsed_s=43.953 completed=9856 pending=10624
[exp8038] phase=block_newest16_seed_110 elapsed_s=44.153 completed=9860 pending=10620
[exp8038] phase=block_newest16_seed_110 elapsed_s=44.218 completed=9877 pending=10603
[exp8038] phase=block_newest16_seed_110 elapsed_s=44.280 completed=9893 pending=10587
[exp8038] phase=block_newest16_seed_110 elapsed_s=44.342 completed=9909 pending=10571
[exp8038] phase=stream_newest16_seed_110 elapsed_s=44.379 completed=9920 pending=10560
[exp8038] phase=block_newest16_seed_110 elapsed_s=44.406 completed=9925 pending=10555
[exp8038] phase=block_newest16_seed_110 elapsed_s=44.472 completed=9941 pending=10539
[exp8038] phase=block_newest16_seed_110 elapsed_s=44.531 completed=9957 pending=10523
[exp8038] phase=block_newest16_seed_110 elapsed_s=44.591 completed=9973 pending=10507
[exp8038] phase=stream_newest16_seed_110 elapsed_s=44.626 completed=9984 pending=10496
[exp8038] phase=small_head_load_before elapsed_s=44.628 completed=9984 pending=10496
[exp8038] phase=small_head_load_after elapsed_s=44.629 completed=9984 pending=10496
[exp8038] phase=block_frozen_no_write_seed_110 elapsed_s=44.729 completed=10019 pending=10461
[exp8038] phase=block_frozen_no_write_seed_110 elapsed_s=44.794 completed=10035 pending=10445
[exp8038] phase=stream_frozen_no_write_seed_110 elapsed_s=44.838 completed=10048 pending=10432
[exp8038] phase=block_frozen_no_write_seed_110 elapsed_s=44.855 completed=10051 pending=10429
[exp8038] phase=block_frozen_no_write_seed_110 elapsed_s=45.104 completed=10067 pending=10413
[exp8038] phase=block_frozen_no_write_seed_110 elapsed_s=45.169 completed=10084 pending=10396
[exp8038] phase=block_frozen_no_write_seed_110 elapsed_s=45.232 completed=10100 pending=10380
[exp8038] phase=stream_frozen_no_write_seed_110 elapsed_s=45.279 completed=10112 pending=10368
[exp8038] phase=block_frozen_no_write_seed_110 elapsed_s=45.300 completed=10116 pending=10364
[exp8038] phase=block_frozen_no_write_seed_110 elapsed_s=45.361 completed=10133 pending=10347
[exp8038] phase=block_frozen_no_write_seed_110 elapsed_s=45.615 completed=10149 pending=10331
[exp8038] phase=block_frozen_no_write_seed_110 elapsed_s=45.675 completed=10165 pending=10315
[exp8038] phase=stream_frozen_no_write_seed_110 elapsed_s=45.710 completed=10176 pending=10304
[exp8038] phase=block_frozen_no_write_seed_110 elapsed_s=45.737 completed=10181 pending=10299
[exp8038] phase=block_frozen_no_write_seed_110 elapsed_s=45.800 completed=10197 pending=10283
[exp8038] phase=block_frozen_no_write_seed_110 elapsed_s=45.866 completed=10213 pending=10267
[exp8038] phase=block_frozen_no_write_seed_110 elapsed_s=45.925 completed=10229 pending=10251
[exp8038] phase=stream_frozen_no_write_seed_110 elapsed_s=46.089 completed=10240 pending=10240
[exp8038] phase=small_head_load_before elapsed_s=46.091 completed=10240 pending=10240
[exp8038] phase=small_head_load_after elapsed_s=46.092 completed=10240 pending=10240
[exp8038] phase=block_recent64_seed_111 elapsed_s=46.188 completed=10275 pending=10205
[exp8038] phase=block_recent64_seed_111 elapsed_s=46.261 completed=10291 pending=10189
[exp8038] phase=stream_recent64_seed_111 elapsed_s=46.305 completed=10304 pending=10176
[exp8038] phase=block_recent64_seed_111 elapsed_s=46.326 completed=10307 pending=10173
[exp8038] phase=block_recent64_seed_111 elapsed_s=46.391 completed=10323 pending=10157
[exp8038] phase=block_recent64_seed_111 elapsed_s=46.453 completed=10340 pending=10140
[exp8038] phase=block_recent64_seed_111 elapsed_s=46.513 completed=10356 pending=10124
[exp8038] phase=stream_recent64_seed_111 elapsed_s=46.553 completed=10368 pending=10112
[exp8038] phase=block_recent64_seed_111 elapsed_s=46.577 completed=10372 pending=10108
[exp8038] phase=block_recent64_seed_111 elapsed_s=46.645 completed=10389 pending=10091
[exp8038] phase=block_recent64_seed_111 elapsed_s=46.713 completed=10405 pending=10075
[exp8038] phase=block_recent64_seed_111 elapsed_s=46.771 completed=10421 pending=10059
[exp8038] phase=stream_recent64_seed_111 elapsed_s=46.804 completed=10432 pending=10048
[exp8038] phase=block_recent64_seed_111 elapsed_s=46.831 completed=10437 pending=10043
[exp8038] phase=block_recent64_seed_111 elapsed_s=46.892 completed=10453 pending=10027
[exp8038] phase=block_recent64_seed_111 elapsed_s=46.956 completed=10469 pending=10011
[exp8038] phase=block_recent64_seed_111 elapsed_s=47.029 completed=10485 pending=9995
[exp8038] phase=stream_recent64_seed_111 elapsed_s=47.062 completed=10496 pending=9984
[exp8038] phase=small_head_load_before elapsed_s=47.064 completed=10496 pending=9984
[exp8038] phase=small_head_load_after elapsed_s=47.064 completed=10496 pending=9984
[exp8038] phase=block_cumulative_seed_111 elapsed_s=47.158 completed=10531 pending=9949
[exp8038] phase=block_cumulative_seed_111 elapsed_s=47.219 completed=10547 pending=9933
[exp8038] phase=stream_cumulative_seed_111 elapsed_s=47.261 completed=10560 pending=9920
[exp8038] phase=block_cumulative_seed_111 elapsed_s=47.281 completed=10563 pending=9917
[exp8038] phase=block_cumulative_seed_111 elapsed_s=47.346 completed=10579 pending=9901
[exp8038] phase=block_cumulative_seed_111 elapsed_s=47.416 completed=10596 pending=9884
[exp8038] phase=block_cumulative_seed_111 elapsed_s=47.474 completed=10612 pending=9868
[exp8038] phase=stream_cumulative_seed_111 elapsed_s=47.512 completed=10624 pending=9856
[exp8038] phase=block_cumulative_seed_111 elapsed_s=47.535 completed=10628 pending=9852
[exp8038] phase=block_cumulative_seed_111 elapsed_s=47.602 completed=10645 pending=9835
[exp8038] phase=block_cumulative_seed_111 elapsed_s=47.667 completed=10661 pending=9819
[exp8038] phase=block_cumulative_seed_111 elapsed_s=47.735 completed=10677 pending=9803
[exp8038] phase=stream_cumulative_seed_111 elapsed_s=47.771 completed=10688 pending=9792
[exp8038] phase=block_cumulative_seed_111 elapsed_s=47.797 completed=10693 pending=9787
[exp8038] phase=block_cumulative_seed_111 elapsed_s=47.856 completed=10709 pending=9771
[exp8038] phase=block_cumulative_seed_111 elapsed_s=47.918 completed=10725 pending=9755
[exp8038] phase=block_cumulative_seed_111 elapsed_s=48.174 completed=10741 pending=9739
[exp8038] phase=stream_cumulative_seed_111 elapsed_s=48.212 completed=10752 pending=9728
[exp8038] phase=small_head_load_before elapsed_s=48.214 completed=10752 pending=9728
[exp8038] phase=small_head_load_after elapsed_s=48.215 completed=10752 pending=9728
[exp8038] phase=block_newest16_seed_111 elapsed_s=48.318 completed=10787 pending=9693
[exp8038] phase=block_newest16_seed_111 elapsed_s=48.376 completed=10803 pending=9677
[exp8038] phase=stream_newest16_seed_111 elapsed_s=48.417 completed=10816 pending=9664
[exp8038] phase=block_newest16_seed_111 elapsed_s=48.436 completed=10819 pending=9661
[exp8038] phase=block_newest16_seed_111 elapsed_s=48.498 completed=10835 pending=9645
[exp8038] phase=block_newest16_seed_111 elapsed_s=48.677 completed=10852 pending=9628
[exp8038] phase=block_newest16_seed_111 elapsed_s=48.753 completed=10868 pending=9612
[exp8038] phase=stream_newest16_seed_111 elapsed_s=48.790 completed=10880 pending=9600
[exp8038] phase=block_newest16_seed_111 elapsed_s=48.812 completed=10884 pending=9596
[exp8038] phase=block_newest16_seed_111 elapsed_s=48.874 completed=10901 pending=9579
[exp8038] phase=block_newest16_seed_111 elapsed_s=48.935 completed=10917 pending=9563
[exp8038] phase=block_newest16_seed_111 elapsed_s=48.998 completed=10933 pending=9547
[exp8038] phase=stream_newest16_seed_111 elapsed_s=49.035 completed=10944 pending=9536
[exp8038] phase=block_newest16_seed_111 elapsed_s=49.063 completed=10949 pending=9531
[exp8038] phase=block_newest16_seed_111 elapsed_s=49.126 completed=10965 pending=9515
[exp8038] phase=block_newest16_seed_111 elapsed_s=49.183 completed=10981 pending=9499
[exp8038] phase=block_newest16_seed_111 elapsed_s=49.380 completed=10997 pending=9483
[exp8038] phase=stream_newest16_seed_111 elapsed_s=49.416 completed=11008 pending=9472
[exp8038] phase=small_head_load_before elapsed_s=49.418 completed=11008 pending=9472
[exp8038] phase=small_head_load_after elapsed_s=49.419 completed=11008 pending=9472
[exp8038] phase=block_frozen_no_write_seed_111 elapsed_s=49.519 completed=11043 pending=9437
[exp8038] phase=block_frozen_no_write_seed_111 elapsed_s=49.585 completed=11059 pending=9421
[exp8038] phase=stream_frozen_no_write_seed_111 elapsed_s=49.624 completed=11072 pending=9408
[exp8038] phase=block_frozen_no_write_seed_111 elapsed_s=49.642 completed=11075 pending=9405
[exp8038] phase=block_frozen_no_write_seed_111 elapsed_s=49.699 completed=11091 pending=9389
[exp8038] phase=block_frozen_no_write_seed_111 elapsed_s=49.935 completed=11108 pending=9372
[exp8038] phase=block_frozen_no_write_seed_111 elapsed_s=49.998 completed=11124 pending=9356
[exp8038] phase=stream_frozen_no_write_seed_111 elapsed_s=50.040 completed=11136 pending=9344
[exp8038] phase=block_frozen_no_write_seed_111 elapsed_s=50.064 completed=11140 pending=9340
[exp8038] phase=block_frozen_no_write_seed_111 elapsed_s=50.130 completed=11157 pending=9323
[exp8038] phase=block_frozen_no_write_seed_111 elapsed_s=50.187 completed=11173 pending=9307
[exp8038] phase=block_frozen_no_write_seed_111 elapsed_s=50.245 completed=11189 pending=9291
[exp8038] phase=stream_frozen_no_write_seed_111 elapsed_s=50.291 completed=11200 pending=9280
[exp8038] phase=block_frozen_no_write_seed_111 elapsed_s=50.317 completed=11205 pending=9275
[exp8038] phase=block_frozen_no_write_seed_111 elapsed_s=50.485 completed=11221 pending=9259
[exp8038] phase=block_frozen_no_write_seed_111 elapsed_s=50.550 completed=11237 pending=9243
[exp8038] phase=block_frozen_no_write_seed_111 elapsed_s=50.740 completed=11253 pending=9227
[exp8038] phase=stream_frozen_no_write_seed_111 elapsed_s=50.774 completed=11264 pending=9216
[exp8038] phase=small_head_load_before elapsed_s=50.776 completed=11264 pending=9216
[exp8038] phase=small_head_load_after elapsed_s=50.777 completed=11264 pending=9216
[exp8038] phase=block_recent64_seed_112 elapsed_s=50.873 completed=11299 pending=9181
[exp8038] phase=block_recent64_seed_112 elapsed_s=50.936 completed=11315 pending=9165
[exp8038] phase=stream_recent64_seed_112 elapsed_s=50.980 completed=11328 pending=9152
[exp8038] phase=block_recent64_seed_112 elapsed_s=51.002 completed=11331 pending=9149
[exp8038] phase=block_recent64_seed_112 elapsed_s=51.061 completed=11347 pending=9133
[exp8038] phase=block_recent64_seed_112 elapsed_s=51.124 completed=11364 pending=9116
[exp8038] phase=block_recent64_seed_112 elapsed_s=51.185 completed=11380 pending=9100
[exp8038] phase=stream_recent64_seed_112 elapsed_s=51.224 completed=11392 pending=9088
[exp8038] phase=block_recent64_seed_112 elapsed_s=51.248 completed=11396 pending=9084
[exp8038] phase=block_recent64_seed_112 elapsed_s=51.491 completed=11413 pending=9067
[exp8038] phase=block_recent64_seed_112 elapsed_s=51.556 completed=11429 pending=9051
[exp8038] phase=block_recent64_seed_112 elapsed_s=51.614 completed=11445 pending=9035
[exp8038] phase=stream_recent64_seed_112 elapsed_s=51.648 completed=11456 pending=9024
[exp8038] phase=block_recent64_seed_112 elapsed_s=51.675 completed=11461 pending=9019
[exp8038] phase=block_recent64_seed_112 elapsed_s=51.736 completed=11477 pending=9003
[exp8038] phase=block_recent64_seed_112 elapsed_s=51.800 completed=11493 pending=8987
[exp8038] phase=block_recent64_seed_112 elapsed_s=51.867 completed=11509 pending=8971
[exp8038] phase=stream_recent64_seed_112 elapsed_s=51.901 completed=11520 pending=8960
[exp8038] phase=small_head_load_before elapsed_s=51.903 completed=11520 pending=8960
[exp8038] phase=small_head_load_after elapsed_s=51.904 completed=11520 pending=8960
[exp8038] phase=block_cumulative_seed_112 elapsed_s=51.996 completed=11555 pending=8925
[exp8038] phase=block_cumulative_seed_112 elapsed_s=52.057 completed=11571 pending=8909
[exp8038] phase=stream_cumulative_seed_112 elapsed_s=52.101 completed=11584 pending=8896
[exp8038] phase=block_cumulative_seed_112 elapsed_s=52.121 completed=11587 pending=8893
[exp8038] phase=block_cumulative_seed_112 elapsed_s=52.186 completed=11603 pending=8877
[exp8038] phase=block_cumulative_seed_112 elapsed_s=52.253 completed=11620 pending=8860
[exp8038] phase=block_cumulative_seed_112 elapsed_s=52.320 completed=11636 pending=8844
[exp8038] phase=stream_cumulative_seed_112 elapsed_s=52.356 completed=11648 pending=8832
[exp8038] phase=block_cumulative_seed_112 elapsed_s=52.496 completed=11652 pending=8828
[exp8038] phase=block_cumulative_seed_112 elapsed_s=52.565 completed=11669 pending=8811
[exp8038] phase=block_cumulative_seed_112 elapsed_s=52.630 completed=11685 pending=8795
[exp8038] phase=block_cumulative_seed_112 elapsed_s=52.696 completed=11701 pending=8779
[exp8038] phase=stream_cumulative_seed_112 elapsed_s=52.730 completed=11712 pending=8768
[exp8038] phase=block_cumulative_seed_112 elapsed_s=52.756 completed=11717 pending=8763
[exp8038] phase=block_cumulative_seed_112 elapsed_s=52.817 completed=11733 pending=8747
[exp8038] phase=block_cumulative_seed_112 elapsed_s=52.880 completed=11749 pending=8731
[exp8038] phase=block_cumulative_seed_112 elapsed_s=52.945 completed=11765 pending=8715
[exp8038] phase=stream_cumulative_seed_112 elapsed_s=52.982 completed=11776 pending=8704
[exp8038] phase=small_head_load_before elapsed_s=52.984 completed=11776 pending=8704
[exp8038] phase=small_head_load_after elapsed_s=52.985 completed=11776 pending=8704
[exp8038] phase=block_newest16_seed_112 elapsed_s=53.083 completed=11811 pending=8669
[exp8038] phase=block_newest16_seed_112 elapsed_s=53.141 completed=11827 pending=8653
[exp8038] phase=stream_newest16_seed_112 elapsed_s=53.183 completed=11840 pending=8640
[exp8038] phase=block_newest16_seed_112 elapsed_s=53.202 completed=11843 pending=8637
[exp8038] phase=block_newest16_seed_112 elapsed_s=53.266 completed=11859 pending=8621
[exp8038] phase=block_newest16_seed_112 elapsed_s=53.334 completed=11876 pending=8604
[exp8038] phase=block_newest16_seed_112 elapsed_s=53.398 completed=11892 pending=8588
[exp8038] phase=stream_newest16_seed_112 elapsed_s=53.435 completed=11904 pending=8576
[exp8038] phase=block_newest16_seed_112 elapsed_s=53.457 completed=11908 pending=8572
[exp8038] phase=block_newest16_seed_112 elapsed_s=53.522 completed=11925 pending=8555
[exp8038] phase=block_newest16_seed_112 elapsed_s=53.589 completed=11941 pending=8539
[exp8038] phase=block_newest16_seed_112 elapsed_s=53.655 completed=11957 pending=8523
[exp8038] phase=stream_newest16_seed_112 elapsed_s=53.693 completed=11968 pending=8512
[exp8038] phase=block_newest16_seed_112 elapsed_s=53.721 completed=11973 pending=8507
[exp8038] phase=block_newest16_seed_112 elapsed_s=53.780 completed=11989 pending=8491
[exp8038] phase=block_newest16_seed_112 elapsed_s=53.847 completed=12005 pending=8475
[exp8038] phase=block_newest16_seed_112 elapsed_s=53.906 completed=12021 pending=8459
[exp8038] phase=stream_newest16_seed_112 elapsed_s=53.941 completed=12032 pending=8448
[exp8038] phase=small_head_load_before elapsed_s=53.942 completed=12032 pending=8448
[exp8038] phase=small_head_load_after elapsed_s=53.943 completed=12032 pending=8448
[exp8038] phase=block_frozen_no_write_seed_112 elapsed_s=54.041 completed=12067 pending=8413
[exp8038] phase=block_frozen_no_write_seed_112 elapsed_s=54.099 completed=12083 pending=8397
[exp8038] phase=stream_frozen_no_write_seed_112 elapsed_s=54.142 completed=12096 pending=8384
[exp8038] phase=block_frozen_no_write_seed_112 elapsed_s=54.160 completed=12099 pending=8381
[exp8038] phase=block_frozen_no_write_seed_112 elapsed_s=54.229 completed=12115 pending=8365
[exp8038] phase=block_frozen_no_write_seed_112 elapsed_s=54.299 completed=12132 pending=8348
[exp8038] phase=block_frozen_no_write_seed_112 elapsed_s=54.365 completed=12148 pending=8332
[exp8038] phase=stream_frozen_no_write_seed_112 elapsed_s=54.408 completed=12160 pending=8320
[exp8038] phase=block_frozen_no_write_seed_112 elapsed_s=54.430 completed=12164 pending=8316
[exp8038] phase=block_frozen_no_write_seed_112 elapsed_s=54.643 completed=12181 pending=8299
[exp8038] phase=block_frozen_no_write_seed_112 elapsed_s=54.704 completed=12197 pending=8283
[exp8038] phase=block_frozen_no_write_seed_112 elapsed_s=54.766 completed=12213 pending=8267
[exp8038] phase=stream_frozen_no_write_seed_112 elapsed_s=54.804 completed=12224 pending=8256
[exp8038] phase=block_frozen_no_write_seed_112 elapsed_s=54.831 completed=12229 pending=8251
[exp8038] phase=block_frozen_no_write_seed_112 elapsed_s=54.896 completed=12245 pending=8235
[exp8038] phase=block_frozen_no_write_seed_112 elapsed_s=54.953 completed=12261 pending=8219
[exp8038] phase=block_frozen_no_write_seed_112 elapsed_s=55.012 completed=12277 pending=8203
[exp8038] phase=stream_frozen_no_write_seed_112 elapsed_s=55.048 completed=12288 pending=8192
[exp8038] phase=small_head_load_before elapsed_s=55.050 completed=12288 pending=8192
[exp8038] phase=small_head_load_after elapsed_s=55.051 completed=12288 pending=8192
[exp8038] phase=block_recent64_seed_113 elapsed_s=55.152 completed=12323 pending=8157
[exp8038] phase=block_recent64_seed_113 elapsed_s=55.219 completed=12339 pending=8141
[exp8038] phase=stream_recent64_seed_113 elapsed_s=55.258 completed=12352 pending=8128
[exp8038] phase=block_recent64_seed_113 elapsed_s=55.276 completed=12355 pending=8125
[exp8038] phase=block_recent64_seed_113 elapsed_s=55.336 completed=12371 pending=8109
[exp8038] phase=block_recent64_seed_113 elapsed_s=55.407 completed=12388 pending=8092
[exp8038] phase=block_recent64_seed_113 elapsed_s=55.467 completed=12404 pending=8076
[exp8038] phase=stream_recent64_seed_113 elapsed_s=55.505 completed=12416 pending=8064
[exp8038] phase=block_recent64_seed_113 elapsed_s=55.528 completed=12420 pending=8060
[exp8038] phase=block_recent64_seed_113 elapsed_s=55.592 completed=12437 pending=8043
[exp8038] phase=block_recent64_seed_113 elapsed_s=55.651 completed=12453 pending=8027
[exp8038] phase=block_recent64_seed_113 elapsed_s=55.711 completed=12469 pending=8011
[exp8038] phase=stream_recent64_seed_113 elapsed_s=55.747 completed=12480 pending=8000
[exp8038] phase=block_recent64_seed_113 elapsed_s=55.775 completed=12485 pending=7995
[exp8038] phase=block_recent64_seed_113 elapsed_s=55.842 completed=12501 pending=7979
[exp8038] phase=block_recent64_seed_113 elapsed_s=55.907 completed=12517 pending=7963
[exp8038] phase=block_recent64_seed_113 elapsed_s=55.966 completed=12533 pending=7947
[exp8038] phase=stream_recent64_seed_113 elapsed_s=56.000 completed=12544 pending=7936
[exp8038] phase=small_head_load_before elapsed_s=56.002 completed=12544 pending=7936
[exp8038] phase=small_head_load_after elapsed_s=56.002 completed=12544 pending=7936
[exp8038] phase=block_cumulative_seed_113 elapsed_s=56.102 completed=12579 pending=7901
[exp8038] phase=block_cumulative_seed_113 elapsed_s=56.169 completed=12595 pending=7885
[exp8038] phase=stream_cumulative_seed_113 elapsed_s=56.214 completed=12608 pending=7872
[exp8038] phase=block_cumulative_seed_113 elapsed_s=56.235 completed=12611 pending=7869
[exp8038] phase=block_cumulative_seed_113 elapsed_s=56.295 completed=12627 pending=7853
[exp8038] phase=block_cumulative_seed_113 elapsed_s=56.358 completed=12644 pending=7836
[exp8038] phase=block_cumulative_seed_113 elapsed_s=56.421 completed=12660 pending=7820
[exp8038] phase=stream_cumulative_seed_113 elapsed_s=56.461 completed=12672 pending=7808
[exp8038] phase=block_cumulative_seed_113 elapsed_s=56.485 completed=12676 pending=7804
[exp8038] phase=block_cumulative_seed_113 elapsed_s=56.556 completed=12693 pending=7787
[exp8038] phase=block_cumulative_seed_113 elapsed_s=56.618 completed=12709 pending=7771
[exp8038] phase=block_cumulative_seed_113 elapsed_s=56.678 completed=12725 pending=7755
[exp8038] phase=stream_cumulative_seed_113 elapsed_s=56.713 completed=12736 pending=7744
[exp8038] phase=block_cumulative_seed_113 elapsed_s=56.739 completed=12741 pending=7739
[exp8038] phase=block_cumulative_seed_113 elapsed_s=56.809 completed=12757 pending=7723
[exp8038] phase=block_cumulative_seed_113 elapsed_s=56.867 completed=12773 pending=7707
[exp8038] phase=block_cumulative_seed_113 elapsed_s=56.928 completed=12789 pending=7691
[exp8038] phase=stream_cumulative_seed_113 elapsed_s=56.963 completed=12800 pending=7680
[exp8038] phase=small_head_load_before elapsed_s=56.964 completed=12800 pending=7680
[exp8038] phase=small_head_load_after elapsed_s=56.965 completed=12800 pending=7680
[exp8038] phase=block_newest16_seed_113 elapsed_s=57.060 completed=12835 pending=7645
[exp8038] phase=block_newest16_seed_113 elapsed_s=57.123 completed=12851 pending=7629
[exp8038] phase=stream_newest16_seed_113 elapsed_s=57.167 completed=12864 pending=7616
[exp8038] phase=block_newest16_seed_113 elapsed_s=57.189 completed=12867 pending=7613
[exp8038] phase=block_newest16_seed_113 elapsed_s=57.256 completed=12883 pending=7597
[exp8038] phase=block_newest16_seed_113 elapsed_s=57.318 completed=12900 pending=7580
[exp8038] phase=block_newest16_seed_113 elapsed_s=57.377 completed=12916 pending=7564
[exp8038] phase=stream_newest16_seed_113 elapsed_s=57.416 completed=12928 pending=7552
[exp8038] phase=block_newest16_seed_113 elapsed_s=57.439 completed=12932 pending=7548
[exp8038] phase=block_newest16_seed_113 elapsed_s=57.507 completed=12949 pending=7531
[exp8038] phase=block_newest16_seed_113 elapsed_s=57.573 completed=12965 pending=7515
[exp8038] phase=block_newest16_seed_113 elapsed_s=57.637 completed=12981 pending=7499
[exp8038] phase=stream_newest16_seed_113 elapsed_s=57.670 completed=12992 pending=7488
[exp8038] phase=block_newest16_seed_113 elapsed_s=57.695 completed=12997 pending=7483
[exp8038] phase=block_newest16_seed_113 elapsed_s=57.756 completed=13013 pending=7467
[exp8038] phase=block_newest16_seed_113 elapsed_s=57.827 completed=13029 pending=7451
[exp8038] phase=block_newest16_seed_113 elapsed_s=57.893 completed=13045 pending=7435
[exp8038] phase=stream_newest16_seed_113 elapsed_s=57.932 completed=13056 pending=7424
[exp8038] phase=small_head_load_before elapsed_s=57.934 completed=13056 pending=7424
[exp8038] phase=small_head_load_after elapsed_s=57.935 completed=13056 pending=7424
[exp8038] phase=block_frozen_no_write_seed_113 elapsed_s=58.029 completed=13091 pending=7389
[exp8038] phase=block_frozen_no_write_seed_113 elapsed_s=58.088 completed=13107 pending=7373
[exp8038] phase=stream_frozen_no_write_seed_113 elapsed_s=58.260 completed=13120 pending=7360
[exp8038] phase=block_frozen_no_write_seed_113 elapsed_s=58.427 completed=13123 pending=7357
[exp8038] phase=block_frozen_no_write_seed_113 elapsed_s=58.500 completed=13139 pending=7341
[exp8038] phase=block_frozen_no_write_seed_113 elapsed_s=58.561 completed=13156 pending=7324
[exp8038] phase=block_frozen_no_write_seed_113 elapsed_s=58.619 completed=13172 pending=7308
[exp8038] phase=stream_frozen_no_write_seed_113 elapsed_s=58.657 completed=13184 pending=7296
[exp8038] phase=block_frozen_no_write_seed_113 elapsed_s=58.679 completed=13188 pending=7292
[exp8038] phase=block_frozen_no_write_seed_113 elapsed_s=58.743 completed=13205 pending=7275
[exp8038] phase=block_frozen_no_write_seed_113 elapsed_s=58.812 completed=13221 pending=7259
[exp8038] phase=block_frozen_no_write_seed_113 elapsed_s=58.878 completed=13237 pending=7243
[exp8038] phase=stream_frozen_no_write_seed_113 elapsed_s=58.916 completed=13248 pending=7232
[exp8038] phase=block_frozen_no_write_seed_113 elapsed_s=58.940 completed=13253 pending=7227
[exp8038] phase=block_frozen_no_write_seed_113 elapsed_s=59.004 completed=13269 pending=7211
[exp8038] phase=block_frozen_no_write_seed_113 elapsed_s=59.070 completed=13285 pending=7195
[exp8038] phase=block_frozen_no_write_seed_113 elapsed_s=59.133 completed=13301 pending=7179
[exp8038] phase=stream_frozen_no_write_seed_113 elapsed_s=59.169 completed=13312 pending=7168
[exp8038] phase=small_head_load_before elapsed_s=59.171 completed=13312 pending=7168
[exp8038] phase=small_head_load_after elapsed_s=59.172 completed=13312 pending=7168
[exp8038] phase=block_recent64_seed_114 elapsed_s=59.276 completed=13347 pending=7133
[exp8038] phase=block_recent64_seed_114 elapsed_s=59.335 completed=13363 pending=7117
[exp8038] phase=stream_recent64_seed_114 elapsed_s=59.377 completed=13376 pending=7104
[exp8038] phase=block_recent64_seed_114 elapsed_s=59.396 completed=13379 pending=7101
[exp8038] phase=block_recent64_seed_114 elapsed_s=59.459 completed=13395 pending=7085
[exp8038] phase=block_recent64_seed_114 elapsed_s=59.528 completed=13412 pending=7068
[exp8038] phase=block_recent64_seed_114 elapsed_s=59.596 completed=13428 pending=7052
[exp8038] phase=stream_recent64_seed_114 elapsed_s=59.633 completed=13440 pending=7040
[exp8038] phase=block_recent64_seed_114 elapsed_s=59.655 completed=13444 pending=7036
[exp8038] phase=block_recent64_seed_114 elapsed_s=59.719 completed=13461 pending=7019
[exp8038] phase=block_recent64_seed_114 elapsed_s=59.780 completed=13477 pending=7003
[exp8038] phase=block_recent64_seed_114 elapsed_s=59.847 completed=13493 pending=6987
[exp8038] phase=stream_recent64_seed_114 elapsed_s=59.885 completed=13504 pending=6976
[exp8038] phase=block_recent64_seed_114 elapsed_s=59.920 completed=13509 pending=6971
[exp8038] phase=block_recent64_seed_114 elapsed_s=59.979 completed=13525 pending=6955
[exp8038] phase=block_recent64_seed_114 elapsed_s=60.037 completed=13541 pending=6939
[exp8038] phase=block_recent64_seed_114 elapsed_s=60.096 completed=13557 pending=6923
[exp8038] phase=stream_recent64_seed_114 elapsed_s=60.132 completed=13568 pending=6912
[exp8038] phase=small_head_load_before elapsed_s=60.134 completed=13568 pending=6912
[exp8038] phase=small_head_load_after elapsed_s=60.135 completed=13568 pending=6912
[exp8038] phase=block_cumulative_seed_114 elapsed_s=60.238 completed=13603 pending=6877
[exp8038] phase=block_cumulative_seed_114 elapsed_s=60.305 completed=13619 pending=6861
[exp8038] phase=stream_cumulative_seed_114 elapsed_s=60.350 completed=13632 pending=6848
[exp8038] phase=block_cumulative_seed_114 elapsed_s=60.369 completed=13635 pending=6845
[exp8038] phase=block_cumulative_seed_114 elapsed_s=60.585 completed=13651 pending=6829
[exp8038] phase=block_cumulative_seed_114 elapsed_s=60.651 completed=13668 pending=6812
[exp8038] phase=block_cumulative_seed_114 elapsed_s=60.714 completed=13684 pending=6796
[exp8038] phase=stream_cumulative_seed_114 elapsed_s=60.756 completed=13696 pending=6784
[exp8038] phase=block_cumulative_seed_114 elapsed_s=60.781 completed=13700 pending=6780
[exp8038] phase=block_cumulative_seed_114 elapsed_s=60.852 completed=13717 pending=6763
[exp8038] phase=block_cumulative_seed_114 elapsed_s=60.913 completed=13733 pending=6747
[exp8038] phase=block_cumulative_seed_114 elapsed_s=60.974 completed=13749 pending=6731
[exp8038] phase=stream_cumulative_seed_114 elapsed_s=61.009 completed=13760 pending=6720
[exp8038] phase=block_cumulative_seed_114 elapsed_s=61.036 completed=13765 pending=6715
[exp8038] phase=block_cumulative_seed_114 elapsed_s=61.103 completed=13781 pending=6699
[exp8038] phase=block_cumulative_seed_114 elapsed_s=61.171 completed=13797 pending=6683
[exp8038] phase=block_cumulative_seed_114 elapsed_s=61.240 completed=13813 pending=6667
[exp8038] phase=stream_cumulative_seed_114 elapsed_s=61.275 completed=13824 pending=6656
[exp8038] phase=small_head_load_before elapsed_s=61.277 completed=13824 pending=6656
[exp8038] phase=small_head_load_after elapsed_s=61.278 completed=13824 pending=6656
[exp8038] phase=block_newest16_seed_114 elapsed_s=61.374 completed=13859 pending=6621
[exp8038] phase=block_newest16_seed_114 elapsed_s=61.435 completed=13875 pending=6605
[exp8038] phase=stream_newest16_seed_114 elapsed_s=61.480 completed=13888 pending=6592
[exp8038] phase=block_newest16_seed_114 elapsed_s=61.500 completed=13891 pending=6589
[exp8038] phase=block_newest16_seed_114 elapsed_s=61.567 completed=13907 pending=6573
[exp8038] phase=block_newest16_seed_114 elapsed_s=61.629 completed=13924 pending=6556
[exp8038] phase=block_newest16_seed_114 elapsed_s=61.689 completed=13940 pending=6540
[exp8038] phase=stream_newest16_seed_114 elapsed_s=61.736 completed=13952 pending=6528
[exp8038] phase=block_newest16_seed_114 elapsed_s=61.760 completed=13956 pending=6524
[exp8038] phase=block_newest16_seed_114 elapsed_s=61.826 completed=13973 pending=6507
[exp8038] phase=block_newest16_seed_114 elapsed_s=61.892 completed=13989 pending=6491
[exp8038] phase=block_newest16_seed_114 elapsed_s=61.959 completed=14005 pending=6475
[exp8038] phase=stream_newest16_seed_114 elapsed_s=61.996 completed=14016 pending=6464
[exp8038] phase=block_newest16_seed_114 elapsed_s=62.021 completed=14021 pending=6459
[exp8038] phase=block_newest16_seed_114 elapsed_s=62.080 completed=14037 pending=6443
[exp8038] phase=block_newest16_seed_114 elapsed_s=62.142 completed=14053 pending=6427
[exp8038] phase=block_newest16_seed_114 elapsed_s=62.208 completed=14069 pending=6411
[exp8038] phase=stream_newest16_seed_114 elapsed_s=62.244 completed=14080 pending=6400
[exp8038] phase=small_head_load_before elapsed_s=62.246 completed=14080 pending=6400
[exp8038] phase=small_head_load_after elapsed_s=62.247 completed=14080 pending=6400
[exp8038] phase=block_frozen_no_write_seed_114 elapsed_s=62.531 completed=14115 pending=6365
[exp8038] phase=block_frozen_no_write_seed_114 elapsed_s=62.590 completed=14131 pending=6349
[exp8038] phase=stream_frozen_no_write_seed_114 elapsed_s=62.631 completed=14144 pending=6336
[exp8038] phase=block_frozen_no_write_seed_114 elapsed_s=62.649 completed=14147 pending=6333
[exp8038] phase=block_frozen_no_write_seed_114 elapsed_s=62.710 completed=14163 pending=6317
[exp8038] phase=block_frozen_no_write_seed_114 elapsed_s=62.776 completed=14180 pending=6300
[exp8038] phase=block_frozen_no_write_seed_114 elapsed_s=62.841 completed=14196 pending=6284
[exp8038] phase=stream_frozen_no_write_seed_114 elapsed_s=62.884 completed=14208 pending=6272
[exp8038] phase=block_frozen_no_write_seed_114 elapsed_s=62.907 completed=14212 pending=6268
[exp8038] phase=block_frozen_no_write_seed_114 elapsed_s=62.969 completed=14229 pending=6251
[exp8038] phase=block_frozen_no_write_seed_114 elapsed_s=63.028 completed=14245 pending=6235
[exp8038] phase=block_frozen_no_write_seed_114 elapsed_s=63.207 completed=14261 pending=6219
[exp8038] phase=stream_frozen_no_write_seed_114 elapsed_s=63.244 completed=14272 pending=6208
[exp8038] phase=block_frozen_no_write_seed_114 elapsed_s=63.280 completed=14277 pending=6203
[exp8038] phase=block_frozen_no_write_seed_114 elapsed_s=63.338 completed=14293 pending=6187
[exp8038] phase=block_frozen_no_write_seed_114 elapsed_s=63.396 completed=14309 pending=6171
[exp8038] phase=block_frozen_no_write_seed_114 elapsed_s=63.455 completed=14325 pending=6155
[exp8038] phase=stream_frozen_no_write_seed_114 elapsed_s=63.489 completed=14336 pending=6144
[exp8038] phase=small_head_load_before elapsed_s=63.491 completed=14336 pending=6144
[exp8038] phase=small_head_load_after elapsed_s=63.492 completed=14336 pending=6144
[exp8038] phase=block_recent64_seed_115 elapsed_s=63.591 completed=14371 pending=6109
[exp8038] phase=block_recent64_seed_115 elapsed_s=63.655 completed=14387 pending=6093
[exp8038] phase=stream_recent64_seed_115 elapsed_s=63.703 completed=14400 pending=6080
[exp8038] phase=block_recent64_seed_115 elapsed_s=63.729 completed=14403 pending=6077
[exp8038] phase=block_recent64_seed_115 elapsed_s=63.795 completed=14419 pending=6061
[exp8038] phase=block_recent64_seed_115 elapsed_s=63.859 completed=14436 pending=6044
[exp8038] phase=block_recent64_seed_115 elapsed_s=63.921 completed=14452 pending=6028
[exp8038] phase=stream_recent64_seed_115 elapsed_s=63.962 completed=14464 pending=6016
[exp8038] phase=block_recent64_seed_115 elapsed_s=63.986 completed=14468 pending=6012
[exp8038] phase=block_recent64_seed_115 elapsed_s=64.056 completed=14485 pending=5995
[exp8038] phase=block_recent64_seed_115 elapsed_s=64.124 completed=14501 pending=5979
[exp8038] phase=block_recent64_seed_115 elapsed_s=64.185 completed=14517 pending=5963
[exp8038] phase=stream_recent64_seed_115 elapsed_s=64.218 completed=14528 pending=5952
[exp8038] phase=block_recent64_seed_115 elapsed_s=64.244 completed=14533 pending=5947
[exp8038] phase=block_recent64_seed_115 elapsed_s=64.306 completed=14549 pending=5931
[exp8038] phase=block_recent64_seed_115 elapsed_s=64.370 completed=14565 pending=5915
[exp8038] phase=block_recent64_seed_115 elapsed_s=64.436 completed=14581 pending=5899
[exp8038] phase=stream_recent64_seed_115 elapsed_s=64.475 completed=14592 pending=5888
[exp8038] phase=small_head_load_before elapsed_s=64.477 completed=14592 pending=5888
[exp8038] phase=small_head_load_after elapsed_s=64.478 completed=14592 pending=5888
[exp8038] phase=block_cumulative_seed_115 elapsed_s=64.573 completed=14627 pending=5853
[exp8038] phase=block_cumulative_seed_115 elapsed_s=64.633 completed=14643 pending=5837
[exp8038] phase=stream_cumulative_seed_115 elapsed_s=64.677 completed=14656 pending=5824
[exp8038] phase=block_cumulative_seed_115 elapsed_s=64.696 completed=14659 pending=5821
[exp8038] phase=block_cumulative_seed_115 elapsed_s=64.765 completed=14675 pending=5805
[exp8038] phase=block_cumulative_seed_115 elapsed_s=64.828 completed=14692 pending=5788
[exp8038] phase=block_cumulative_seed_115 elapsed_s=64.888 completed=14708 pending=5772
[exp8038] phase=stream_cumulative_seed_115 elapsed_s=64.925 completed=14720 pending=5760
[exp8038] phase=block_cumulative_seed_115 elapsed_s=64.948 completed=14724 pending=5756
[exp8038] phase=block_cumulative_seed_115 elapsed_s=65.014 completed=14741 pending=5739
[exp8038] phase=block_cumulative_seed_115 elapsed_s=65.077 completed=14757 pending=5723
[exp8038] phase=block_cumulative_seed_115 elapsed_s=65.143 completed=14773 pending=5707
[exp8038] phase=stream_cumulative_seed_115 elapsed_s=65.181 completed=14784 pending=5696
[exp8038] phase=block_cumulative_seed_115 elapsed_s=65.212 completed=14789 pending=5691
[exp8038] phase=block_cumulative_seed_115 elapsed_s=65.271 completed=14805 pending=5675
[exp8038] phase=block_cumulative_seed_115 elapsed_s=65.332 completed=14821 pending=5659
[exp8038] phase=block_cumulative_seed_115 elapsed_s=65.395 completed=14837 pending=5643
[exp8038] phase=stream_cumulative_seed_115 elapsed_s=65.431 completed=14848 pending=5632
[exp8038] phase=small_head_load_before elapsed_s=65.433 completed=14848 pending=5632
[exp8038] phase=small_head_load_after elapsed_s=65.433 completed=14848 pending=5632
[exp8038] phase=block_newest16_seed_115 elapsed_s=65.547 completed=14883 pending=5597
[exp8038] phase=block_newest16_seed_115 elapsed_s=65.612 completed=14899 pending=5581
[exp8038] phase=stream_newest16_seed_115 elapsed_s=65.652 completed=14912 pending=5568
[exp8038] phase=block_newest16_seed_115 elapsed_s=65.671 completed=14915 pending=5565
[exp8038] phase=block_newest16_seed_115 elapsed_s=65.732 completed=14931 pending=5549
[exp8038] phase=block_newest16_seed_115 elapsed_s=65.798 completed=14948 pending=5532
[exp8038] phase=block_newest16_seed_115 elapsed_s=65.968 completed=14964 pending=5516
[exp8038] phase=stream_newest16_seed_115 elapsed_s=66.011 completed=14976 pending=5504
[exp8038] phase=block_newest16_seed_115 elapsed_s=66.037 completed=14980 pending=5500
[exp8038] phase=block_newest16_seed_115 elapsed_s=66.105 completed=14997 pending=5483
[exp8038] phase=block_newest16_seed_115 elapsed_s=66.166 completed=15013 pending=5467
[exp8038] phase=block_newest16_seed_115 elapsed_s=66.228 completed=15029 pending=5451
[exp8038] phase=stream_newest16_seed_115 elapsed_s=66.265 completed=15040 pending=5440
[exp8038] phase=block_newest16_seed_115 elapsed_s=66.298 completed=15045 pending=5435
[exp8038] phase=block_newest16_seed_115 elapsed_s=66.356 completed=15061 pending=5419
[exp8038] phase=block_newest16_seed_115 elapsed_s=66.416 completed=15077 pending=5403
[exp8038] phase=block_newest16_seed_115 elapsed_s=66.475 completed=15093 pending=5387
[exp8038] phase=stream_newest16_seed_115 elapsed_s=66.510 completed=15104 pending=5376
[exp8038] phase=small_head_load_before elapsed_s=66.511 completed=15104 pending=5376
[exp8038] phase=small_head_load_after elapsed_s=66.512 completed=15104 pending=5376
[exp8038] phase=block_frozen_no_write_seed_115 elapsed_s=66.759 completed=15139 pending=5341
[exp8038] phase=block_frozen_no_write_seed_115 elapsed_s=66.822 completed=15155 pending=5325
[exp8038] phase=stream_frozen_no_write_seed_115 elapsed_s=66.867 completed=15168 pending=5312
[exp8038] phase=block_frozen_no_write_seed_115 elapsed_s=66.888 completed=15171 pending=5309
[exp8038] phase=block_frozen_no_write_seed_115 elapsed_s=66.952 completed=15187 pending=5293
[exp8038] phase=block_frozen_no_write_seed_115 elapsed_s=67.014 completed=15204 pending=5276
[exp8038] phase=block_frozen_no_write_seed_115 elapsed_s=67.074 completed=15220 pending=5260
[exp8038] phase=stream_frozen_no_write_seed_115 elapsed_s=67.112 completed=15232 pending=5248
[exp8038] phase=block_frozen_no_write_seed_115 elapsed_s=67.136 completed=15236 pending=5244
[exp8038] phase=block_frozen_no_write_seed_115 elapsed_s=67.204 completed=15253 pending=5227
[exp8038] phase=block_frozen_no_write_seed_115 elapsed_s=67.269 completed=15269 pending=5211
[exp8038] phase=block_frozen_no_write_seed_115 elapsed_s=67.331 completed=15285 pending=5195
[exp8038] phase=stream_frozen_no_write_seed_115 elapsed_s=67.365 completed=15296 pending=5184
[exp8038] phase=block_frozen_no_write_seed_115 elapsed_s=67.390 completed=15301 pending=5179
[exp8038] phase=block_frozen_no_write_seed_115 elapsed_s=67.450 completed=15317 pending=5163
[exp8038] phase=block_frozen_no_write_seed_115 elapsed_s=67.516 completed=15333 pending=5147
[exp8038] phase=block_frozen_no_write_seed_115 elapsed_s=67.580 completed=15349 pending=5131
[exp8038] phase=stream_frozen_no_write_seed_115 elapsed_s=67.619 completed=15360 pending=5120
[exp8038] phase=small_head_load_before elapsed_s=67.621 completed=15360 pending=5120
[exp8038] phase=small_head_load_after elapsed_s=67.622 completed=15360 pending=5120
[exp8038] phase=block_recent64_seed_116 elapsed_s=67.722 completed=15395 pending=5085
[exp8038] phase=block_recent64_seed_116 elapsed_s=67.790 completed=15411 pending=5069
[exp8038] phase=stream_recent64_seed_116 elapsed_s=67.833 completed=15424 pending=5056
[exp8038] phase=block_recent64_seed_116 elapsed_s=67.852 completed=15427 pending=5053
[exp8038] phase=block_recent64_seed_116 elapsed_s=67.922 completed=15443 pending=5037
[exp8038] phase=block_recent64_seed_116 elapsed_s=67.985 completed=15460 pending=5020
[exp8038] phase=block_recent64_seed_116 elapsed_s=68.046 completed=15476 pending=5004
[exp8038] phase=stream_recent64_seed_116 elapsed_s=68.083 completed=15488 pending=4992
[exp8038] phase=block_recent64_seed_116 elapsed_s=68.105 completed=15492 pending=4988
[exp8038] phase=block_recent64_seed_116 elapsed_s=68.168 completed=15509 pending=4971
[exp8038] phase=block_recent64_seed_116 elapsed_s=68.232 completed=15525 pending=4955
[exp8038] phase=block_recent64_seed_116 elapsed_s=68.297 completed=15541 pending=4939
[exp8038] phase=stream_recent64_seed_116 elapsed_s=68.335 completed=15552 pending=4928
[exp8038] phase=block_recent64_seed_116 elapsed_s=68.365 completed=15557 pending=4923
[exp8038] phase=block_recent64_seed_116 elapsed_s=68.431 completed=15573 pending=4907
[exp8038] phase=block_recent64_seed_116 elapsed_s=68.491 completed=15589 pending=4891
[exp8038] phase=block_recent64_seed_116 elapsed_s=68.552 completed=15605 pending=4875
[exp8038] phase=stream_recent64_seed_116 elapsed_s=68.588 completed=15616 pending=4864
[exp8038] phase=small_head_load_before elapsed_s=68.590 completed=15616 pending=4864
[exp8038] phase=small_head_load_after elapsed_s=68.591 completed=15616 pending=4864
[exp8038] phase=block_cumulative_seed_116 elapsed_s=68.692 completed=15651 pending=4829
[exp8038] phase=block_cumulative_seed_116 elapsed_s=68.759 completed=15667 pending=4813
[exp8038] phase=stream_cumulative_seed_116 elapsed_s=68.804 completed=15680 pending=4800
[exp8038] phase=block_cumulative_seed_116 elapsed_s=68.823 completed=15683 pending=4797
[exp8038] phase=block_cumulative_seed_116 elapsed_s=68.882 completed=15699 pending=4781
[exp8038] phase=block_cumulative_seed_116 elapsed_s=68.948 completed=15716 pending=4764
[exp8038] phase=block_cumulative_seed_116 elapsed_s=69.184 completed=15732 pending=4748
[exp8038] phase=stream_cumulative_seed_116 elapsed_s=69.227 completed=15744 pending=4736
[exp8038] phase=block_cumulative_seed_116 elapsed_s=69.252 completed=15748 pending=4732
[exp8038] phase=block_cumulative_seed_116 elapsed_s=69.332 completed=15765 pending=4715
[exp8038] phase=block_cumulative_seed_116 elapsed_s=69.395 completed=15781 pending=4699
[exp8038] phase=block_cumulative_seed_116 elapsed_s=69.456 completed=15797 pending=4683
[exp8038] phase=stream_cumulative_seed_116 elapsed_s=69.490 completed=15808 pending=4672
[exp8038] phase=block_cumulative_seed_116 elapsed_s=69.525 completed=15813 pending=4667
[exp8038] phase=block_cumulative_seed_116 elapsed_s=69.584 completed=15829 pending=4651
[exp8038] phase=block_cumulative_seed_116 elapsed_s=69.645 completed=15845 pending=4635
[exp8038] phase=block_cumulative_seed_116 elapsed_s=69.709 completed=15861 pending=4619
[exp8038] phase=stream_cumulative_seed_116 elapsed_s=69.742 completed=15872 pending=4608
[exp8038] phase=small_head_load_before elapsed_s=69.744 completed=15872 pending=4608
[exp8038] phase=small_head_load_after elapsed_s=69.745 completed=15872 pending=4608
[exp8038] phase=block_newest16_seed_116 elapsed_s=69.839 completed=15907 pending=4573
[exp8038] phase=block_newest16_seed_116 elapsed_s=69.910 completed=15923 pending=4557
[exp8038] phase=stream_newest16_seed_116 elapsed_s=69.955 completed=15936 pending=4544
[exp8038] phase=block_newest16_seed_116 elapsed_s=69.976 completed=15939 pending=4541
[exp8038] phase=block_newest16_seed_116 elapsed_s=70.043 completed=15955 pending=4525
[exp8038] phase=block_newest16_seed_116 elapsed_s=70.111 completed=15972 pending=4508
[exp8038] phase=block_newest16_seed_116 elapsed_s=70.170 completed=15988 pending=4492
[exp8038] phase=stream_newest16_seed_116 elapsed_s=70.210 completed=16000 pending=4480
[exp8038] phase=block_newest16_seed_116 elapsed_s=70.232 completed=16004 pending=4476
[exp8038] phase=block_newest16_seed_116 elapsed_s=70.299 completed=16021 pending=4459
[exp8038] phase=block_newest16_seed_116 elapsed_s=70.364 completed=16037 pending=4443
[exp8038] phase=block_newest16_seed_116 elapsed_s=70.432 completed=16053 pending=4427
[exp8038] phase=stream_newest16_seed_116 elapsed_s=70.470 completed=16064 pending=4416
[exp8038] phase=block_newest16_seed_116 elapsed_s=70.495 completed=16069 pending=4411
[exp8038] phase=block_newest16_seed_116 elapsed_s=70.554 completed=16085 pending=4395
[exp8038] phase=block_newest16_seed_116 elapsed_s=70.615 completed=16101 pending=4379
[exp8038] phase=block_newest16_seed_116 elapsed_s=70.678 completed=16117 pending=4363
[exp8038] phase=stream_newest16_seed_116 elapsed_s=70.714 completed=16128 pending=4352
[exp8038] phase=small_head_load_before elapsed_s=70.716 completed=16128 pending=4352
[exp8038] phase=small_head_load_after elapsed_s=70.717 completed=16128 pending=4352
[exp8038] phase=block_frozen_no_write_seed_116 elapsed_s=70.822 completed=16163 pending=4317
[exp8038] phase=block_frozen_no_write_seed_116 elapsed_s=70.879 completed=16179 pending=4301
[exp8038] phase=stream_frozen_no_write_seed_116 elapsed_s=70.921 completed=16192 pending=4288
[exp8038] phase=block_frozen_no_write_seed_116 elapsed_s=70.940 completed=16195 pending=4285
[exp8038] phase=block_frozen_no_write_seed_116 elapsed_s=71.006 completed=16211 pending=4269
[exp8038] phase=block_frozen_no_write_seed_116 elapsed_s=71.070 completed=16228 pending=4252
[exp8038] phase=block_frozen_no_write_seed_116 elapsed_s=71.132 completed=16244 pending=4236
[exp8038] phase=stream_frozen_no_write_seed_116 elapsed_s=71.171 completed=16256 pending=4224
[exp8038] phase=block_frozen_no_write_seed_116 elapsed_s=71.396 completed=16260 pending=4220
[exp8038] phase=block_frozen_no_write_seed_116 elapsed_s=71.459 completed=16277 pending=4203
[exp8038] phase=block_frozen_no_write_seed_116 elapsed_s=71.519 completed=16293 pending=4187
[exp8038] phase=block_frozen_no_write_seed_116 elapsed_s=71.581 completed=16309 pending=4171
[exp8038] phase=stream_frozen_no_write_seed_116 elapsed_s=71.618 completed=16320 pending=4160
[exp8038] phase=block_frozen_no_write_seed_116 elapsed_s=71.645 completed=16325 pending=4155
[exp8038] phase=block_frozen_no_write_seed_116 elapsed_s=71.712 completed=16341 pending=4139
[exp8038] phase=block_frozen_no_write_seed_116 elapsed_s=71.773 completed=16357 pending=4123
[exp8038] phase=block_frozen_no_write_seed_116 elapsed_s=71.948 completed=16373 pending=4107
[exp8038] phase=stream_frozen_no_write_seed_116 elapsed_s=71.984 completed=16384 pending=4096
[exp8038] phase=small_head_load_before elapsed_s=71.986 completed=16384 pending=4096
[exp8038] phase=small_head_load_after elapsed_s=71.986 completed=16384 pending=4096
[exp8038] phase=block_recent64_seed_117 elapsed_s=72.302 completed=16419 pending=4061
[exp8038] phase=block_recent64_seed_117 elapsed_s=72.372 completed=16435 pending=4045
[exp8038] phase=stream_recent64_seed_117 elapsed_s=72.419 completed=16448 pending=4032
[exp8038] phase=block_recent64_seed_117 elapsed_s=72.440 completed=16451 pending=4029
[exp8038] phase=block_recent64_seed_117 elapsed_s=72.500 completed=16467 pending=4013
[exp8038] phase=block_recent64_seed_117 elapsed_s=72.564 completed=16484 pending=3996
[exp8038] phase=block_recent64_seed_117 elapsed_s=72.627 completed=16500 pending=3980
[exp8038] phase=stream_recent64_seed_117 elapsed_s=72.668 completed=16512 pending=3968
[exp8038] phase=block_recent64_seed_117 elapsed_s=72.692 completed=16516 pending=3964
[exp8038] phase=block_recent64_seed_117 elapsed_s=72.764 completed=16533 pending=3947
[exp8038] phase=block_recent64_seed_117 elapsed_s=72.828 completed=16549 pending=3931
[exp8038] phase=block_recent64_seed_117 elapsed_s=72.888 completed=16565 pending=3915
[exp8038] phase=stream_recent64_seed_117 elapsed_s=72.930 completed=16576 pending=3904
[exp8038] phase=block_recent64_seed_117 elapsed_s=72.956 completed=16581 pending=3899
[exp8038] phase=block_recent64_seed_117 elapsed_s=73.015 completed=16597 pending=3883
[exp8038] phase=block_recent64_seed_117 elapsed_s=73.077 completed=16613 pending=3867
[exp8038] phase=block_recent64_seed_117 elapsed_s=73.139 completed=16629 pending=3851
[exp8038] phase=stream_recent64_seed_117 elapsed_s=73.173 completed=16640 pending=3840
[exp8038] phase=small_head_load_before elapsed_s=73.175 completed=16640 pending=3840
[exp8038] phase=small_head_load_after elapsed_s=73.176 completed=16640 pending=3840
[exp8038] phase=block_cumulative_seed_117 elapsed_s=73.271 completed=16675 pending=3805
[exp8038] phase=block_cumulative_seed_117 elapsed_s=73.343 completed=16691 pending=3789
[exp8038] phase=stream_cumulative_seed_117 elapsed_s=73.387 completed=16704 pending=3776
[exp8038] phase=block_cumulative_seed_117 elapsed_s=73.408 completed=16707 pending=3773
[exp8038] phase=block_cumulative_seed_117 elapsed_s=73.474 completed=16723 pending=3757
[exp8038] phase=block_cumulative_seed_117 elapsed_s=73.544 completed=16740 pending=3740
[exp8038] phase=block_cumulative_seed_117 elapsed_s=73.604 completed=16756 pending=3724
[exp8038] phase=stream_cumulative_seed_117 elapsed_s=73.642 completed=16768 pending=3712
[exp8038] phase=block_cumulative_seed_117 elapsed_s=73.665 completed=16772 pending=3708
[exp8038] phase=block_cumulative_seed_117 elapsed_s=73.733 completed=16789 pending=3691
[exp8038] phase=block_cumulative_seed_117 elapsed_s=73.799 completed=16805 pending=3675
[exp8038] phase=block_cumulative_seed_117 elapsed_s=73.868 completed=16821 pending=3659
[exp8038] phase=stream_cumulative_seed_117 elapsed_s=73.906 completed=16832 pending=3648
[exp8038] phase=block_cumulative_seed_117 elapsed_s=73.931 completed=16837 pending=3643
[exp8038] phase=block_cumulative_seed_117 elapsed_s=73.992 completed=16853 pending=3627
[exp8038] phase=block_cumulative_seed_117 elapsed_s=74.055 completed=16869 pending=3611
[exp8038] phase=block_cumulative_seed_117 elapsed_s=74.120 completed=16885 pending=3595
[exp8038] phase=stream_cumulative_seed_117 elapsed_s=74.157 completed=16896 pending=3584
[exp8038] phase=small_head_load_before elapsed_s=74.159 completed=16896 pending=3584
[exp8038] phase=small_head_load_after elapsed_s=74.159 completed=16896 pending=3584
[exp8038] phase=block_newest16_seed_117 elapsed_s=74.415 completed=16931 pending=3549
[exp8038] phase=block_newest16_seed_117 elapsed_s=74.473 completed=16947 pending=3533
[exp8038] phase=stream_newest16_seed_117 elapsed_s=74.514 completed=16960 pending=3520
[exp8038] phase=block_newest16_seed_117 elapsed_s=74.541 completed=16963 pending=3517
[exp8038] phase=block_newest16_seed_117 elapsed_s=74.600 completed=16979 pending=3501
[exp8038] phase=block_newest16_seed_117 elapsed_s=74.663 completed=16996 pending=3484
[exp8038] phase=block_newest16_seed_117 elapsed_s=74.729 completed=17012 pending=3468
[exp8038] phase=stream_newest16_seed_117 elapsed_s=74.770 completed=17024 pending=3456
[exp8038] phase=block_newest16_seed_117 elapsed_s=74.792 completed=17028 pending=3452
[exp8038] phase=block_newest16_seed_117 elapsed_s=74.856 completed=17045 pending=3435
[exp8038] phase=block_newest16_seed_117 elapsed_s=74.917 completed=17061 pending=3419
[exp8038] phase=block_newest16_seed_117 elapsed_s=74.981 completed=17077 pending=3403
[exp8038] phase=stream_newest16_seed_117 elapsed_s=75.019 completed=17088 pending=3392
[exp8038] phase=block_newest16_seed_117 elapsed_s=75.047 completed=17093 pending=3387
[exp8038] phase=block_newest16_seed_117 elapsed_s=75.115 completed=17109 pending=3371
[exp8038] phase=block_newest16_seed_117 elapsed_s=75.177 completed=17125 pending=3355
[exp8038] phase=block_newest16_seed_117 elapsed_s=75.239 completed=17141 pending=3339
[exp8038] phase=stream_newest16_seed_117 elapsed_s=75.276 completed=17152 pending=3328
[exp8038] phase=small_head_load_before elapsed_s=75.277 completed=17152 pending=3328
[exp8038] phase=small_head_load_after elapsed_s=75.278 completed=17152 pending=3328
[exp8038] phase=block_frozen_no_write_seed_117 elapsed_s=75.377 completed=17187 pending=3293
[exp8038] phase=block_frozen_no_write_seed_117 elapsed_s=75.443 completed=17203 pending=3277
[exp8038] phase=stream_frozen_no_write_seed_117 elapsed_s=75.490 completed=17216 pending=3264
[exp8038] phase=block_frozen_no_write_seed_117 elapsed_s=75.510 completed=17219 pending=3261
[exp8038] phase=block_frozen_no_write_seed_117 elapsed_s=75.568 completed=17235 pending=3245
[exp8038] phase=block_frozen_no_write_seed_117 elapsed_s=75.631 completed=17252 pending=3228
[exp8038] phase=block_frozen_no_write_seed_117 elapsed_s=75.694 completed=17268 pending=3212
[exp8038] phase=stream_frozen_no_write_seed_117 elapsed_s=75.736 completed=17280 pending=3200
[exp8038] phase=block_frozen_no_write_seed_117 elapsed_s=75.760 completed=17284 pending=3196
[exp8038] phase=block_frozen_no_write_seed_117 elapsed_s=75.830 completed=17301 pending=3179
[exp8038] phase=block_frozen_no_write_seed_117 elapsed_s=75.893 completed=17317 pending=3163
[exp8038] phase=block_frozen_no_write_seed_117 elapsed_s=75.951 completed=17333 pending=3147
[exp8038] phase=stream_frozen_no_write_seed_117 elapsed_s=75.997 completed=17344 pending=3136
[exp8038] phase=block_frozen_no_write_seed_117 elapsed_s=76.023 completed=17349 pending=3131
[exp8038] phase=block_frozen_no_write_seed_117 elapsed_s=76.270 completed=17365 pending=3115
[exp8038] phase=block_frozen_no_write_seed_117 elapsed_s=76.331 completed=17381 pending=3099
[exp8038] phase=block_frozen_no_write_seed_117 elapsed_s=76.574 completed=17397 pending=3083
[exp8038] phase=stream_frozen_no_write_seed_117 elapsed_s=76.608 completed=17408 pending=3072
[exp8038] phase=small_head_load_before elapsed_s=76.610 completed=17408 pending=3072
[exp8038] phase=small_head_load_after elapsed_s=76.610 completed=17408 pending=3072
[exp8038] phase=block_recent64_seed_118 elapsed_s=76.708 completed=17443 pending=3037
[exp8038] phase=block_recent64_seed_118 elapsed_s=76.773 completed=17459 pending=3021
[exp8038] phase=stream_recent64_seed_118 elapsed_s=76.817 completed=17472 pending=3008
[exp8038] phase=block_recent64_seed_118 elapsed_s=76.838 completed=17475 pending=3005
[exp8038] phase=block_recent64_seed_118 elapsed_s=76.909 completed=17491 pending=2989
[exp8038] phase=block_recent64_seed_118 elapsed_s=76.977 completed=17508 pending=2972
[exp8038] phase=block_recent64_seed_118 elapsed_s=77.037 completed=17524 pending=2956
[exp8038] phase=stream_recent64_seed_118 elapsed_s=77.075 completed=17536 pending=2944
[exp8038] phase=block_recent64_seed_118 elapsed_s=77.098 completed=17540 pending=2940
[exp8038] phase=block_recent64_seed_118 elapsed_s=77.166 completed=17557 pending=2923
[exp8038] phase=block_recent64_seed_118 elapsed_s=77.233 completed=17573 pending=2907
[exp8038] phase=block_recent64_seed_118 elapsed_s=77.303 completed=17589 pending=2891
[exp8038] phase=stream_recent64_seed_118 elapsed_s=77.348 completed=17600 pending=2880
[exp8038] phase=block_recent64_seed_118 elapsed_s=77.375 completed=17605 pending=2875
[exp8038] phase=block_recent64_seed_118 elapsed_s=77.436 completed=17621 pending=2859
[exp8038] phase=block_recent64_seed_118 elapsed_s=77.498 completed=17637 pending=2843
[exp8038] phase=block_recent64_seed_118 elapsed_s=77.564 completed=17653 pending=2827
[exp8038] phase=stream_recent64_seed_118 elapsed_s=77.602 completed=17664 pending=2816
[exp8038] phase=small_head_load_before elapsed_s=77.604 completed=17664 pending=2816
[exp8038] phase=small_head_load_after elapsed_s=77.605 completed=17664 pending=2816
[exp8038] phase=block_cumulative_seed_118 elapsed_s=77.713 completed=17699 pending=2781
[exp8038] phase=block_cumulative_seed_118 elapsed_s=77.773 completed=17715 pending=2765
[exp8038] phase=stream_cumulative_seed_118 elapsed_s=77.821 completed=17728 pending=2752
[exp8038] phase=block_cumulative_seed_118 elapsed_s=77.840 completed=17731 pending=2749
[exp8038] phase=block_cumulative_seed_118 elapsed_s=77.900 completed=17747 pending=2733
[exp8038] phase=block_cumulative_seed_118 elapsed_s=77.966 completed=17764 pending=2716
[exp8038] phase=block_cumulative_seed_118 elapsed_s=78.031 completed=17780 pending=2700
[exp8038] phase=stream_cumulative_seed_118 elapsed_s=78.071 completed=17792 pending=2688
[exp8038] phase=block_cumulative_seed_118 elapsed_s=78.093 completed=17796 pending=2684
[exp8038] phase=block_cumulative_seed_118 elapsed_s=78.158 completed=17813 pending=2667
[exp8038] phase=block_cumulative_seed_118 elapsed_s=78.221 completed=17829 pending=2651
[exp8038] phase=block_cumulative_seed_118 elapsed_s=78.289 completed=17845 pending=2635
[exp8038] phase=stream_cumulative_seed_118 elapsed_s=78.327 completed=17856 pending=2624
[exp8038] phase=block_cumulative_seed_118 elapsed_s=78.357 completed=17861 pending=2619
[exp8038] phase=block_cumulative_seed_118 elapsed_s=78.428 completed=17877 pending=2603
[exp8038] phase=block_cumulative_seed_118 elapsed_s=78.491 completed=17893 pending=2587
[exp8038] phase=block_cumulative_seed_118 elapsed_s=78.552 completed=17909 pending=2571
[exp8038] phase=stream_cumulative_seed_118 elapsed_s=78.588 completed=17920 pending=2560
[exp8038] phase=small_head_load_before elapsed_s=78.590 completed=17920 pending=2560
[exp8038] phase=small_head_load_after elapsed_s=78.591 completed=17920 pending=2560
[exp8038] phase=block_newest16_seed_118 elapsed_s=78.824 completed=17955 pending=2525
[exp8038] phase=block_newest16_seed_118 elapsed_s=78.892 completed=17971 pending=2509
[exp8038] phase=stream_newest16_seed_118 elapsed_s=78.938 completed=17984 pending=2496
[exp8038] phase=block_newest16_seed_118 elapsed_s=78.957 completed=17987 pending=2493
[exp8038] phase=block_newest16_seed_118 elapsed_s=79.016 completed=18003 pending=2477
[exp8038] phase=block_newest16_seed_118 elapsed_s=79.082 completed=18020 pending=2460
[exp8038] phase=block_newest16_seed_118 elapsed_s=79.144 completed=18036 pending=2444
[exp8038] phase=stream_newest16_seed_118 elapsed_s=79.186 completed=18048 pending=2432
[exp8038] phase=block_newest16_seed_118 elapsed_s=79.211 completed=18052 pending=2428
[exp8038] phase=block_newest16_seed_118 elapsed_s=79.286 completed=18069 pending=2411
[exp8038] phase=block_newest16_seed_118 elapsed_s=79.350 completed=18085 pending=2395
[exp8038] phase=block_newest16_seed_118 elapsed_s=79.416 completed=18101 pending=2379
[exp8038] phase=stream_newest16_seed_118 elapsed_s=79.451 completed=18112 pending=2368
[exp8038] phase=block_newest16_seed_118 elapsed_s=79.476 completed=18117 pending=2363
[exp8038] phase=block_newest16_seed_118 elapsed_s=79.539 completed=18133 pending=2347
[exp8038] phase=block_newest16_seed_118 elapsed_s=79.603 completed=18149 pending=2331
[exp8038] phase=block_newest16_seed_118 elapsed_s=79.670 completed=18165 pending=2315
[exp8038] phase=stream_newest16_seed_118 elapsed_s=79.704 completed=18176 pending=2304
[exp8038] phase=small_head_load_before elapsed_s=79.706 completed=18176 pending=2304
[exp8038] phase=small_head_load_after elapsed_s=79.706 completed=18176 pending=2304
[exp8038] phase=block_frozen_no_write_seed_118 elapsed_s=79.801 completed=18211 pending=2269
[exp8038] phase=block_frozen_no_write_seed_118 elapsed_s=79.865 completed=18227 pending=2253
[exp8038] phase=stream_frozen_no_write_seed_118 elapsed_s=79.911 completed=18240 pending=2240
[exp8038] phase=block_frozen_no_write_seed_118 elapsed_s=79.930 completed=18243 pending=2237
[exp8038] phase=block_frozen_no_write_seed_118 elapsed_s=79.999 completed=18259 pending=2221
[exp8038] phase=block_frozen_no_write_seed_118 elapsed_s=80.067 completed=18276 pending=2204
[exp8038] phase=block_frozen_no_write_seed_118 elapsed_s=80.126 completed=18292 pending=2188
[exp8038] phase=stream_frozen_no_write_seed_118 elapsed_s=80.166 completed=18304 pending=2176
[exp8038] phase=block_frozen_no_write_seed_118 elapsed_s=80.189 completed=18308 pending=2172
[exp8038] phase=block_frozen_no_write_seed_118 elapsed_s=80.259 completed=18325 pending=2155
[exp8038] phase=block_frozen_no_write_seed_118 elapsed_s=80.326 completed=18341 pending=2139
[exp8038] phase=block_frozen_no_write_seed_118 elapsed_s=80.395 completed=18357 pending=2123
[exp8038] phase=stream_frozen_no_write_seed_118 elapsed_s=80.431 completed=18368 pending=2112
[exp8038] phase=block_frozen_no_write_seed_118 elapsed_s=80.456 completed=18373 pending=2107
[exp8038] phase=block_frozen_no_write_seed_118 elapsed_s=80.517 completed=18389 pending=2091
[exp8038] phase=block_frozen_no_write_seed_118 elapsed_s=80.580 completed=18405 pending=2075
[exp8038] phase=block_frozen_no_write_seed_118 elapsed_s=80.645 completed=18421 pending=2059
[exp8038] phase=stream_frozen_no_write_seed_118 elapsed_s=80.685 completed=18432 pending=2048
[exp8038] phase=small_head_load_before elapsed_s=80.686 completed=18432 pending=2048
[exp8038] phase=small_head_load_after elapsed_s=80.687 completed=18432 pending=2048
[exp8038] phase=block_recent64_seed_119 elapsed_s=80.792 completed=18467 pending=2013
[exp8038] phase=block_recent64_seed_119 elapsed_s=80.860 completed=18483 pending=1997
[exp8038] phase=stream_recent64_seed_119 elapsed_s=80.901 completed=18496 pending=1984
[exp8038] phase=block_recent64_seed_119 elapsed_s=80.920 completed=18499 pending=1981
[exp8038] phase=block_recent64_seed_119 elapsed_s=80.982 completed=18515 pending=1965
[exp8038] phase=block_recent64_seed_119 elapsed_s=81.062 completed=18532 pending=1948
[exp8038] phase=block_recent64_seed_119 elapsed_s=81.129 completed=18548 pending=1932
[exp8038] phase=stream_recent64_seed_119 elapsed_s=81.168 completed=18560 pending=1920
[exp8038] phase=block_recent64_seed_119 elapsed_s=81.192 completed=18564 pending=1916
[exp8038] phase=block_recent64_seed_119 elapsed_s=81.257 completed=18581 pending=1899
[exp8038] phase=block_recent64_seed_119 elapsed_s=81.320 completed=18597 pending=1883
[exp8038] phase=block_recent64_seed_119 elapsed_s=81.387 completed=18613 pending=1867
[exp8038] phase=stream_recent64_seed_119 elapsed_s=81.425 completed=18624 pending=1856
[exp8038] phase=block_recent64_seed_119 elapsed_s=81.456 completed=18629 pending=1851
[exp8038] phase=block_recent64_seed_119 elapsed_s=81.525 completed=18645 pending=1835
[exp8038] phase=block_recent64_seed_119 elapsed_s=81.585 completed=18661 pending=1819
[exp8038] phase=block_recent64_seed_119 elapsed_s=81.648 completed=18677 pending=1803
[exp8038] phase=stream_recent64_seed_119 elapsed_s=81.684 completed=18688 pending=1792
[exp8038] phase=small_head_load_before elapsed_s=81.686 completed=18688 pending=1792
[exp8038] phase=small_head_load_after elapsed_s=81.687 completed=18688 pending=1792
[exp8038] phase=block_cumulative_seed_119 elapsed_s=81.795 completed=18723 pending=1757
[exp8038] phase=block_cumulative_seed_119 elapsed_s=81.864 completed=18739 pending=1741
[exp8038] phase=stream_cumulative_seed_119 elapsed_s=81.908 completed=18752 pending=1728
[exp8038] phase=block_cumulative_seed_119 elapsed_s=81.926 completed=18755 pending=1725
[exp8038] phase=block_cumulative_seed_119 elapsed_s=82.106 completed=18771 pending=1709
[exp8038] phase=block_cumulative_seed_119 elapsed_s=82.173 completed=18788 pending=1692
[exp8038] phase=block_cumulative_seed_119 elapsed_s=82.239 completed=18804 pending=1676
[exp8038] phase=stream_cumulative_seed_119 elapsed_s=82.284 completed=18816 pending=1664
[exp8038] phase=block_cumulative_seed_119 elapsed_s=82.311 completed=18820 pending=1660
[exp8038] phase=block_cumulative_seed_119 elapsed_s=82.383 completed=18837 pending=1643
[exp8038] phase=block_cumulative_seed_119 elapsed_s=82.452 completed=18853 pending=1627
[exp8038] phase=block_cumulative_seed_119 elapsed_s=82.515 completed=18869 pending=1611
[exp8038] phase=stream_cumulative_seed_119 elapsed_s=82.550 completed=18880 pending=1600
[exp8038] phase=block_cumulative_seed_119 elapsed_s=82.578 completed=18885 pending=1595
[exp8038] phase=block_cumulative_seed_119 elapsed_s=82.643 completed=18901 pending=1579
[exp8038] phase=block_cumulative_seed_119 elapsed_s=82.714 completed=18917 pending=1563
[exp8038] phase=block_cumulative_seed_119 elapsed_s=82.779 completed=18933 pending=1547
[exp8038] phase=stream_cumulative_seed_119 elapsed_s=82.813 completed=18944 pending=1536
[exp8038] phase=small_head_load_before elapsed_s=82.815 completed=18944 pending=1536
[exp8038] phase=small_head_load_after elapsed_s=82.816 completed=18944 pending=1536
[exp8038] phase=block_newest16_seed_119 elapsed_s=82.915 completed=18979 pending=1501
[exp8038] phase=block_newest16_seed_119 elapsed_s=82.986 completed=18995 pending=1485
[exp8038] phase=stream_newest16_seed_119 elapsed_s=83.034 completed=19008 pending=1472
[exp8038] phase=block_newest16_seed_119 elapsed_s=83.055 completed=19011 pending=1469
[exp8038] phase=block_newest16_seed_119 elapsed_s=83.125 completed=19027 pending=1453
[exp8038] phase=block_newest16_seed_119 elapsed_s=83.189 completed=19044 pending=1436
[exp8038] phase=block_newest16_seed_119 elapsed_s=83.250 completed=19060 pending=1420
[exp8038] phase=stream_newest16_seed_119 elapsed_s=83.291 completed=19072 pending=1408
[exp8038] phase=block_newest16_seed_119 elapsed_s=83.316 completed=19076 pending=1404
[exp8038] phase=block_newest16_seed_119 elapsed_s=83.388 completed=19093 pending=1387
[exp8038] phase=block_newest16_seed_119 elapsed_s=83.459 completed=19109 pending=1371
[exp8038] phase=block_newest16_seed_119 elapsed_s=83.523 completed=19125 pending=1355
[exp8038] phase=stream_newest16_seed_119 elapsed_s=83.558 completed=19136 pending=1344
[exp8038] phase=block_newest16_seed_119 elapsed_s=83.585 completed=19141 pending=1339
[exp8038] phase=block_newest16_seed_119 elapsed_s=83.650 completed=19157 pending=1323
[exp8038] phase=block_newest16_seed_119 elapsed_s=83.716 completed=19173 pending=1307
[exp8038] phase=block_newest16_seed_119 elapsed_s=83.785 completed=19189 pending=1291
[exp8038] phase=stream_newest16_seed_119 elapsed_s=83.826 completed=19200 pending=1280
[exp8038] phase=small_head_load_before elapsed_s=83.828 completed=19200 pending=1280
[exp8038] phase=small_head_load_after elapsed_s=83.828 completed=19200 pending=1280
[exp8038] phase=block_frozen_no_write_seed_119 elapsed_s=83.934 completed=19235 pending=1245
[exp8038] phase=block_frozen_no_write_seed_119 elapsed_s=83.995 completed=19251 pending=1229
[exp8038] phase=stream_frozen_no_write_seed_119 elapsed_s=84.039 completed=19264 pending=1216
[exp8038] phase=block_frozen_no_write_seed_119 elapsed_s=84.059 completed=19267 pending=1213
[exp8038] phase=block_frozen_no_write_seed_119 elapsed_s=84.126 completed=19283 pending=1197
[exp8038] phase=block_frozen_no_write_seed_119 elapsed_s=84.197 completed=19300 pending=1180
[exp8038] phase=block_frozen_no_write_seed_119 elapsed_s=84.261 completed=19316 pending=1164
[exp8038] phase=stream_frozen_no_write_seed_119 elapsed_s=84.495 completed=19328 pending=1152
[exp8038] phase=block_frozen_no_write_seed_119 elapsed_s=84.518 completed=19332 pending=1148
[exp8038] phase=block_frozen_no_write_seed_119 elapsed_s=84.586 completed=19349 pending=1131
[exp8038] phase=block_frozen_no_write_seed_119 elapsed_s=84.653 completed=19365 pending=1115
[exp8038] phase=block_frozen_no_write_seed_119 elapsed_s=84.721 completed=19381 pending=1099
[exp8038] phase=stream_frozen_no_write_seed_119 elapsed_s=84.761 completed=19392 pending=1088
[exp8038] phase=block_frozen_no_write_seed_119 elapsed_s=84.789 completed=19397 pending=1083
[exp8038] phase=block_frozen_no_write_seed_119 elapsed_s=84.849 completed=19413 pending=1067
[exp8038] phase=block_frozen_no_write_seed_119 elapsed_s=84.910 completed=19429 pending=1051
[exp8038] phase=block_frozen_no_write_seed_119 elapsed_s=84.987 completed=19445 pending=1035
[exp8038] phase=stream_frozen_no_write_seed_119 elapsed_s=85.027 completed=19456 pending=1024
[exp8038] phase=small_head_load_before elapsed_s=85.029 completed=19456 pending=1024
[exp8038] phase=small_head_load_after elapsed_s=85.030 completed=19456 pending=1024
[exp8038] phase=block_recent64_seed_120 elapsed_s=85.141 completed=19491 pending=989
[exp8038] phase=block_recent64_seed_120 elapsed_s=85.203 completed=19507 pending=973
[exp8038] phase=stream_recent64_seed_120 elapsed_s=85.245 completed=19520 pending=960
[exp8038] phase=block_recent64_seed_120 elapsed_s=85.265 completed=19523 pending=957
[exp8038] phase=block_recent64_seed_120 elapsed_s=85.469 completed=19539 pending=941
[exp8038] phase=block_recent64_seed_120 elapsed_s=85.539 completed=19556 pending=924
[exp8038] phase=block_recent64_seed_120 elapsed_s=85.609 completed=19572 pending=908
[exp8038] phase=stream_recent64_seed_120 elapsed_s=85.653 completed=19584 pending=896
[exp8038] phase=block_recent64_seed_120 elapsed_s=85.680 completed=19588 pending=892
[exp8038] phase=block_recent64_seed_120 elapsed_s=85.752 completed=19605 pending=875
[exp8038] phase=block_recent64_seed_120 elapsed_s=85.816 completed=19621 pending=859
[exp8038] phase=block_recent64_seed_120 elapsed_s=85.882 completed=19637 pending=843
[exp8038] phase=stream_recent64_seed_120 elapsed_s=85.921 completed=19648 pending=832
[exp8038] phase=block_recent64_seed_120 elapsed_s=85.950 completed=19653 pending=827
[exp8038] phase=block_recent64_seed_120 elapsed_s=86.019 completed=19669 pending=811
[exp8038] phase=block_recent64_seed_120 elapsed_s=86.274 completed=19685 pending=795
[exp8038] phase=block_recent64_seed_120 elapsed_s=86.336 completed=19701 pending=779
[exp8038] phase=stream_recent64_seed_120 elapsed_s=86.373 completed=19712 pending=768
[exp8038] phase=small_head_load_before elapsed_s=86.375 completed=19712 pending=768
[exp8038] phase=small_head_load_after elapsed_s=86.376 completed=19712 pending=768
[exp8038] phase=block_cumulative_seed_120 elapsed_s=86.482 completed=19747 pending=733
[exp8038] phase=block_cumulative_seed_120 elapsed_s=86.553 completed=19763 pending=717
[exp8038] phase=stream_cumulative_seed_120 elapsed_s=86.601 completed=19776 pending=704
[exp8038] phase=block_cumulative_seed_120 elapsed_s=86.621 completed=19779 pending=701
[exp8038] phase=block_cumulative_seed_120 elapsed_s=86.681 completed=19795 pending=685
[exp8038] phase=block_cumulative_seed_120 elapsed_s=86.748 completed=19812 pending=668
[exp8038] phase=block_cumulative_seed_120 elapsed_s=86.976 completed=19828 pending=652
[exp8038] phase=stream_cumulative_seed_120 elapsed_s=87.020 completed=19840 pending=640
[exp8038] phase=block_cumulative_seed_120 elapsed_s=87.047 completed=19844 pending=636
[exp8038] phase=block_cumulative_seed_120 elapsed_s=87.121 completed=19861 pending=619
[exp8038] phase=block_cumulative_seed_120 elapsed_s=87.186 completed=19877 pending=603
[exp8038] phase=block_cumulative_seed_120 elapsed_s=87.249 completed=19893 pending=587
[exp8038] phase=stream_cumulative_seed_120 elapsed_s=87.289 completed=19904 pending=576
[exp8038] phase=block_cumulative_seed_120 elapsed_s=87.319 completed=19909 pending=571
[exp8038] phase=block_cumulative_seed_120 elapsed_s=87.387 completed=19925 pending=555
[exp8038] phase=block_cumulative_seed_120 elapsed_s=87.457 completed=19941 pending=539
[exp8038] phase=block_cumulative_seed_120 elapsed_s=87.527 completed=19957 pending=523
[exp8038] phase=stream_cumulative_seed_120 elapsed_s=87.571 completed=19968 pending=512
[exp8038] phase=small_head_load_before elapsed_s=87.573 completed=19968 pending=512
[exp8038] phase=small_head_load_after elapsed_s=87.573 completed=19968 pending=512
[exp8038] phase=block_newest16_seed_120 elapsed_s=87.672 completed=20003 pending=477
[exp8038] phase=block_newest16_seed_120 elapsed_s=87.739 completed=20019 pending=461
[exp8038] phase=stream_newest16_seed_120 elapsed_s=87.787 completed=20032 pending=448
[exp8038] phase=block_newest16_seed_120 elapsed_s=87.809 completed=20035 pending=445
[exp8038] phase=block_newest16_seed_120 elapsed_s=87.879 completed=20051 pending=429
[exp8038] phase=block_newest16_seed_120 elapsed_s=87.946 completed=20068 pending=412
[exp8038] phase=block_newest16_seed_120 elapsed_s=88.183 completed=20084 pending=396
[exp8038] phase=stream_newest16_seed_120 elapsed_s=88.226 completed=20096 pending=384
[exp8038] phase=block_newest16_seed_120 elapsed_s=88.252 completed=20100 pending=380
[exp8038] phase=block_newest16_seed_120 elapsed_s=88.325 completed=20117 pending=363
[exp8038] phase=block_newest16_seed_120 elapsed_s=88.395 completed=20133 pending=347
[exp8038] phase=block_newest16_seed_120 elapsed_s=88.465 completed=20149 pending=331
[exp8038] phase=stream_newest16_seed_120 elapsed_s=88.500 completed=20160 pending=320
[exp8038] phase=block_newest16_seed_120 elapsed_s=88.528 completed=20165 pending=315
[exp8038] phase=block_newest16_seed_120 elapsed_s=88.593 completed=20181 pending=299
[exp8038] phase=block_newest16_seed_120 elapsed_s=88.662 completed=20197 pending=283
[exp8038] phase=block_newest16_seed_120 elapsed_s=88.732 completed=20213 pending=267
[exp8038] phase=stream_newest16_seed_120 elapsed_s=88.773 completed=20224 pending=256
[exp8038] phase=small_head_load_before elapsed_s=88.775 completed=20224 pending=256
[exp8038] phase=small_head_load_after elapsed_s=88.775 completed=20224 pending=256
[exp8038] phase=block_frozen_no_write_seed_120 elapsed_s=89.007 completed=20259 pending=221
[exp8038] phase=block_frozen_no_write_seed_120 elapsed_s=89.069 completed=20275 pending=205
[exp8038] phase=stream_frozen_no_write_seed_120 elapsed_s=89.117 completed=20288 pending=192
[exp8038] phase=block_frozen_no_write_seed_120 elapsed_s=89.136 completed=20291 pending=189
[exp8038] phase=block_frozen_no_write_seed_120 elapsed_s=89.200 completed=20307 pending=173
[exp8038] phase=block_frozen_no_write_seed_120 elapsed_s=89.270 completed=20324 pending=156
[exp8038] phase=block_frozen_no_write_seed_120 elapsed_s=89.339 completed=20340 pending=140
[exp8038] phase=stream_frozen_no_write_seed_120 elapsed_s=89.385 completed=20352 pending=128
[exp8038] phase=block_frozen_no_write_seed_120 elapsed_s=89.417 completed=20356 pending=124
[exp8038] phase=block_frozen_no_write_seed_120 elapsed_s=89.483 completed=20373 pending=107
[exp8038] phase=block_frozen_no_write_seed_120 elapsed_s=89.545 completed=20389 pending=91
[exp8038] phase=block_frozen_no_write_seed_120 elapsed_s=89.608 completed=20405 pending=75
[exp8038] phase=stream_frozen_no_write_seed_120 elapsed_s=89.646 completed=20416 pending=64
[exp8038] phase=block_frozen_no_write_seed_120 elapsed_s=89.674 completed=20421 pending=59
[exp8038] phase=block_frozen_no_write_seed_120 elapsed_s=89.738 completed=20437 pending=43
[exp8038] phase=block_frozen_no_write_seed_120 elapsed_s=89.797 completed=20453 pending=27
[exp8038] phase=block_frozen_no_write_seed_120 elapsed_s=89.857 completed=20469 pending=11
[exp8038] phase=stream_frozen_no_write_seed_120 elapsed_s=89.893 completed=20480 pending=0
[exp8038] phase=benchmark_after_trajectories_sealed elapsed_s=89.965 completed=20480 pending=0
[exp8038] phase=owned_validation_before elapsed_s=92.146 completed=0 pending=0
[exp7303-validation] before_subprocess unit_consumers_e2e015_019 elapsed_s=0.000 unit=1/9
[exp7303-validation] subprocess_outstanding unit_consumers_e2e015_019 elapsed_s=30.001
[exp7303-validation] subprocess_outstanding unit_consumers_e2e015_019 elapsed_s=60.002
[exp7303-validation] subprocess_outstanding unit_consumers_e2e015_019 elapsed_s=90.002
[exp7303-validation] subprocess_outstanding unit_consumers_e2e015_019 elapsed_s=120.002
[exp7303-validation:unit_consumers_e2e015_019] ..............................................                           [100%]
[exp7303-validation:unit_consumers_e2e015_019] 46 passed in 115.74s (0:01:55)
[exp7303-validation] after_subprocess unit_consumers_e2e015_019 elapsed_s=121.866 exit=0 unit=1/9
[exp7303-validation] before_subprocess coverage_combine elapsed_s=0.000 unit=2/9
[exp7303-validation:coverage_combine] Combined 1 file
[exp7303-validation] after_subprocess coverage_combine elapsed_s=0.052 exit=0 unit=2/9
[exp7303-validation] before_subprocess coverage_report elapsed_s=0.000 unit=3/9
[exp7303-validation:coverage_report] Name                                                             Stmts   Miss  Cover   Missing
[exp7303-validation:coverage_report] ----------------------------------------------------------------------------------------------
[exp7303-validation:coverage_report] python/carnot/experiment_8038_v696_windowed_online_learning.py     169      6    96%   292-293, 372, 483-485
[exp7303-validation:coverage_report] python/carnot/verify/windowed_online_8038.py                       208      2    99%   120-121
[exp7303-validation:coverage_report] ----------------------------------------------------------------------------------------------
[exp7303-validation:coverage_report] TOTAL                                                              377      8    98%
[exp7303-validation:coverage_report] Coverage failure: total of 98 is less than fail-under=100
[exp7303-validation] after_subprocess coverage_report elapsed_s=0.087 exit=2 unit=3/9
[exp7303-validation] before_subprocess coverage_json elapsed_s=0.000 unit=4/9
[exp7303-validation:coverage_json] Wrote JSON report to /tmp/carnot-8038-r0lk_s1m/coverage.json
[exp7303-validation] after_subprocess coverage_json elapsed_s=0.074 exit=0 unit=4/9
[exp7303-validation] before_subprocess ruff_check elapsed_s=0.000 unit=5/9
[exp7303-validation:ruff_check] All checks passed!
[exp7303-validation] after_subprocess ruff_check elapsed_s=0.014 exit=0 unit=5/9
[exp7303-validation] before_subprocess ruff_format elapsed_s=0.000 unit=6/9
[exp7303-validation:ruff_format] 4 files already formatted
[exp7303-validation] after_subprocess ruff_format elapsed_s=0.010 exit=0 unit=6/9
[exp7303-validation] before_subprocess strict_mypy elapsed_s=0.000 unit=7/9
[exp7303-validation:strict_mypy] pyproject.toml: note: unused section(s): module = ['carnot.autoresearch.*', 'carnot.benchmarks.*', 'carnot.embeddings.*', 'carnot.embeddings.fast_embedding', 'carnot.embeddings.jepa_energy', 'carnot.extraction.*', 'carnot.hardware.*', 'carnot.inference.*', 'carnot.pipeline.*', 'carnot.pipeline.agentic', 'carnot.pipeline.gemma_loader', 'carnot.pipeline.grammar_constrained_decoder', 'carnot.pipeline.verify_repair', 'carnot.probes.*', 'carnot.probes.drift_probe', 'carnot.samplers.parallel_ising', 'carnot.sampling._vendored_thrml.*', 'carnot.training.capo_loss', 'carnot.training.nce', 'carnot.training.score_matching', 'carnot.training.snl']
[exp7303-validation:strict_mypy] Success: no issues found in 3 source files
[exp7303-validation] after_subprocess strict_mypy elapsed_s=0.100 exit=0 unit=7/9
[exp7303-validation] before_subprocess spec_coverage elapsed_s=0.000 unit=8/9
[exp7303-validation:spec_coverage] OK: All tests reference specification requirements.
[exp7303-validation] after_subprocess spec_coverage elapsed_s=0.033 exit=0 unit=8/9
[exp7303-validation] before_subprocess repository_health elapsed_s=0.000 unit=9/9
[exp7303-validation:repository_health] ============================= test session starts ==============================
[exp7303-validation:repository_health] platform linux -- Python 3.12.13, pytest-9.0.3, pluggy-1.6.0
[exp7303-validation:repository_health] rootdir: /home/ianblenke/github.com/ianblenke/carnot
[exp7303-validation:repository_health] configfile: pyproject.toml
[exp7303-validation:repository_health] plugins: xdist-3.8.0, jaxtyping-0.3.10, cov-7.1.0, hydra-core-1.3.3, anyio-4.13.0, hypothesis-6.155.2
[exp7303-validation:repository_health] created: 4/4 workers
[exp7303-validation] subprocess_outstanding repository_health elapsed_s=30.001
[exp7303-validation] subprocess_outstanding repository_health elapsed_s=60.001
[exp7303-validation] subprocess_outstanding repository_health elapsed_s=90.001
[exp7303-validation:repository_health] 4 workers [74903 items]
[exp7303-validation:repository_health] 
[exp7303-validation:repository_health] ........................................................................ [  0%]
[exp7303-validation:repository_health] ........................................................................ [  0%]
[exp7303-validation:repository_health] ........................................................................ [  0%]
[exp7303-validation:repository_health] ........................................................................ [  0%]
[exp7303-validation:repository_health] ........................................................................ [  0%]
[exp7303-validation:repository_health] ........................................................................ [  0%]
[exp7303-validation:repository_health] ........................................................................ [  0%]
[exp7303-validation:repository_health] ..............................................................F......... [  0%]
[exp7303-validation:repository_health] F....................................................................... [  0%]
[exp7303-validation:repository_health] ........................................................................ [  0%]
[exp7303-validation:repository_health] ........................................................................ [  1%]
[exp7303-validation:repository_health] ........................................................................ [  1%]
[exp7303-validation:repository_health] .........................................F.....F.F...................... [  1%]
[exp7303-validation:repository_health] ........................................................................ [  1%]
[exp7303-validation:repository_health] ........................................................................ [  1%]
[exp7303-validation:repository_health] ..................................................F..................... [  1%]
[exp7303-validation:repository_health] ........................................................................ [  1%]
[exp7303-validation:repository_health] ...........Fssssss........s..........................................F.F [  1%]
[exp7303-validation:repository_health] FF................................................................F..... [  1%]
[exp7303-validation:repository_health] .F...F.................................................................. [  1%]
[exp7303-validation:repository_health] ........................................................................ [  2%]
[exp7303-validation:repository_health] ........................................................................ [  2%]
[exp7303-validation:repository_health] .......................................ssssssss.ssssssss................ [  2%]
[exp7303-validation:repository_health] ..F.................................................F................... [  2%]
[exp7303-validation:repository_health] ......................................F................................. [  2%]
[exp7303-validation] subprocess_outstanding repository_health elapsed_s=120.002
[exp7303-validation:repository_health] ........................................................................ [  2%]
[exp7303-validation:repository_health] ........................................................................ [  2%]
[exp7303-validation:repository_health] F.....................................F................................. [  2%]
[exp7303-validation:repository_health] .........................................FF............................. [  2%]
[exp7303-validation:repository_health] ........................................................................ [  2%]
[exp7303-validation:repository_health] ........................................................................ [  2%]
[exp7303-validation:repository_health] ........................................................................ [  3%]
[exp7303-validation:repository_health] ........................................................................ [  3%]
[exp7303-validation:repository_health] ........................................................................ [  3%]
[exp7303-validation] subprocess_outstanding repository_health elapsed_s=150.002
[exp7303-validation:repository_health] ..........F................F...........F.......F........................ [  3%]
[exp7303-validation:repository_health] ........................................................................ [  3%]
[exp7303-validation:repository_health] ........................................................................ [  3%]
[exp7303-validation:repository_health] ........................................................................ [  3%]
[exp7303-validation:repository_health] ........................................................................ [  3%]
[exp7303-validation:repository_health] ........................................................................ [  3%]
[exp7303-validation:repository_health] ........................................................................ [  3%]
[exp7303-validation:repository_health] ........................................................................ [  4%]
[exp7303-validation:repository_health] ........................................................................ [  4%]
[exp7303-validation:repository_health] ........................................................................ [  4%]
[exp7303-validation:repository_health] ........................................................................ [  4%]
[exp7303-validation:repository_health] ........................................................................ [  4%]
[exp7303-validation:repository_health] ...........................s............................................ [  4%]
[exp7303-validation:repository_health] ........................................................................ [  4%]
[exp7303-validation:repository_health] .....................................................................F.. [  4%]
[exp7303-validation:repository_health] ........................................................................ [  4%]
[exp7303-validation:repository_health] ........................................................................ [  4%]
[exp7303-validation:repository_health] ........................................................................ [  4%]
[exp7303-validation:repository_health] ........................................................................ [  5%]
[exp7303-validation:repository_health] ........................................................................ [  5%]
[exp7303-validation:repository_health] ........................................................................ [  5%]
[exp7303-validation] subprocess_outstanding repository_health elapsed_s=180.002
[exp7303-validation:repository_health] /home/ianblenke/github.com/ianblenke/carnot/.venv/lib/python3.12/site-packages/_pytest/main.py:353: PluggyTeardownRaisedWarning: A plugin raised an exception during an old-style hookwrapper teardown.
[exp7303-validation:repository_health] Plugin: 139803180462256, Hook: pytest_sessionfinish
[exp7303-validation:repository_health] OSError: cannot send (already closed?)
[exp7303-validation:repository_health] For more information see https://pluggy.readthedocs.io/en/stable/api_reference.html#pluggy.PluggyTeardownRaisedWarning
[exp7303-validation:repository_health]   config.hook.pytest_sessionfinish(
[exp7303-validation:repository_health] /home/ianblenke/github.com/ianblenke/carnot/.venv/lib/python3.12/site-packages/_pytest/main.py:353: PluggyTeardownRaisedWarning: A plugin raised an exception during an old-style hookwrapper teardown.
[exp7303-validation:repository_health] Plugin: 140719259044896, Hook: pytest_sessionfinish
[exp7303-validation:repository_health] OSError: cannot send (already closed?)
[exp7303-validation:repository_health] For more information see https://pluggy.readthedocs.io/en/stable/api_reference.html#pluggy.PluggyTeardownRaisedWarning
[exp7303-validation:repository_health]   config.hook.pytest_sessionfinish(
[exp7303-validation:repository_health] /home/ianblenke/github.com/ianblenke/carnot/.venv/lib/python3.12/site-packages/_pytest/main.py:353: PluggyTeardownRaisedWarning: A plugin raised an exception during an old-style hookwrapper teardown.
[exp7303-validation:repository_health] Plugin: 140287972168464, Hook: pytest_sessionfinish
[exp7303-validation:repository_health] OSError: cannot send (already closed?)
[exp7303-validation:repository_health] For more information see https://pluggy.readthedocs.io/en/stable/api_reference.html#pluggy.PluggyTeardownRaisedWarning
[exp7303-validation:repository_health]   config.hook.pytest_sessionfinish(
[exp7303-validation:repository_health] /home/ianblenke/github.com/ianblenke/carnot/.venv/lib/python3.12/site-packages/_pytest/main.py:353: PluggyTeardownRaisedWarning: A plugin raised an exception during an old-style hookwrapper teardown.
[exp7303-validation:repository_health] Plugin: 139709439903984, Hook: pytest_sessionfinish
[exp7303-validation:repository_health] OSError: cannot send (already closed?)
[exp7303-validation:repository_health] For more information see https://pluggy.readthedocs.io/en/stable/api_reference.html#pluggy.PluggyTeardownRaisedWarning
[exp7303-validation:repository_health]   config.hook.pytest_sessionfinish(
[exp7303-validation] after_subprocess repository_health elapsed_s=205.576 exit=-15 unit=9/9
[exp8038] phase=owned_validation_after elapsed_s=419.959 completed=0 pending=0
[exp8038] phase=publication_before elapsed_s=420.217 completed=0 pending=0
[exp7303-validation] before_subprocess cold_reduction elapsed_s=0.000 unit=1/3
[exp7303-validation:cold_reduction] [exp8038] phase=begin_no_pretrained_loads_or_generations elapsed_s=0.000 completed=0 pending=0
[exp7303-validation:cold_reduction] {"passed": true, "sha256": "sha256:201b0141dd01703c174c42186073286f377fa3de91cc6c1884a0b1839833fef6"}
[exp7303-validation] after_subprocess cold_reduction elapsed_s=5.038 exit=0 unit=1/3
[exp7303-validation] before_subprocess adversarial elapsed_s=0.000 unit=2/3
[exp7303-validation:adversarial] {
[exp7303-validation:adversarial]   "reports": [
[exp7303-validation:adversarial]     {
[exp7303-validation:adversarial]       "artifact": "/home/ianblenke/github.com/ianblenke/carnot/results/raw/experiment_8038_v696_windowed_online_learning/terminal_candidate.json",
[exp7303-validation:adversarial]       "loaded": true,
[exp7303-validation:adversarial]       "exp_id": 8038,
[exp7303-validation:adversarial]       "title": "",
[exp7303-validation:adversarial]       "honest_verdict": "complete_disqualified_windowed_checks",
[exp7303-validation:adversarial]       "flag_count": 0,
[exp7303-validation:adversarial]       "max_severity": -1,
[exp7303-validation:adversarial]       "flags": [],
[exp7303-validation:adversarial]       "gate_version": "197e0a5eacacb09ce6607ae8bdfd507498082857f0d02ec2003a62c251b69a24"
[exp7303-validation:adversarial]     }
[exp7303-validation:adversarial]   ],
[exp7303-validation:adversarial]   "flagged_count": 0
[exp7303-validation:adversarial] }
[exp7303-validation] subprocess_outstanding adversarial elapsed_s=30.001
[exp7303-validation] after_subprocess adversarial elapsed_s=30.092 exit=0 unit=2/3
[exp7303-validation] before_subprocess strict_rows elapsed_s=0.000 unit=3/3
[exp7303-validation:strict_rows] 
[exp7303-validation:strict_rows] verdict-row-consistency: checked 1, skipped 0 (no per-unit rows), unreadable 0.
[exp7303-validation:strict_rows]   No row/verdict contradictions among the artifacts that could be checked.
[exp7303-validation] after_subprocess strict_rows elapsed_s=0.830 exit=0 unit=3/3
[exp7303-validation] before_subprocess cold_reduction elapsed_s=0.000 unit=1/3
[exp7303-validation:cold_reduction] [exp8038] phase=begin_no_pretrained_loads_or_generations elapsed_s=0.000 completed=0 pending=0
[exp7303-validation:cold_reduction] {"passed": true, "sha256": "sha256:201b0141dd01703c174c42186073286f377fa3de91cc6c1884a0b1839833fef6"}
[exp7303-validation] after_subprocess cold_reduction elapsed_s=4.461 exit=0 unit=1/3
[exp7303-validation] before_subprocess adversarial elapsed_s=0.000 unit=2/3
[exp7303-validation:adversarial] {
[exp7303-validation:adversarial]   "reports": [
[exp7303-validation:adversarial]     {
[exp7303-validation:adversarial]       "artifact": "/home/ianblenke/github.com/ianblenke/carnot/results/experiment_8038_v696_windowed_online_learning.json",
[exp7303-validation:adversarial]       "loaded": true,
[exp7303-validation:adversarial]       "exp_id": 8038,
[exp7303-validation:adversarial]       "title": "",
[exp7303-validation:adversarial]       "honest_verdict": "complete_disqualified_windowed_checks",
[exp7303-validation:adversarial]       "flag_count": 0,
[exp7303-validation:adversarial]       "max_severity": -1,
[exp7303-validation:adversarial]       "flags": [],
[exp7303-validation:adversarial]       "gate_version": "197e0a5eacacb09ce6607ae8bdfd507498082857f0d02ec2003a62c251b69a24"
[exp7303-validation:adversarial]     }
[exp7303-validation:adversarial]   ],
[exp7303-validation:adversarial]   "flagged_count": 0
[exp7303-validation:adversarial] }
[exp7303-validation] after_subprocess adversarial elapsed_s=29.078 exit=0 unit=2/3
[exp7303-validation] before_subprocess strict_rows elapsed_s=0.000 unit=3/3
[exp7303-validation:strict_rows] 
[exp7303-validation:strict_rows] verdict-row-consistency: checked 1, skipped 0 (no per-unit rows), unreadable 0.
[exp7303-validation:strict_rows]   No row/verdict contradictions among the artifacts that could be checked.
[exp7303-validation] after_subprocess strict_rows elapsed_s=0.809 exit=0 unit=3/3
[exp8038] phase=publication_after elapsed_s=492.819 completed=0 pending=0
