[exp8078] phase=start_preconditions elapsed_s=0.000 completed=0 pending=0
[exp8040] phase=native_library_load_before elapsed_s=0.109 completed=0 pending=0
[exp8040] phase=native_library_load_after elapsed_s=0.112 completed=0 pending=0
[exp8078] phase=benchmark_before elapsed_s=0.049 completed=0 pending=1260
[exp8078] phase=benchmark_quartet_before elapsed_s=0.049 completed=0 pending=1260
[exp8078] phase=cache_population_before elapsed_s=0.051 completed=0 pending=32
[exp8078] phase=cache_population elapsed_s=0.095 completed=1 pending=31
[exp8078] phase=cache_population elapsed_s=0.131 completed=2 pending=30
[exp8078] phase=cache_population elapsed_s=0.171 completed=3 pending=29
[exp8078] phase=cache_population elapsed_s=0.319 completed=4 pending=28
[exp8078] phase=cache_population elapsed_s=0.432 completed=5 pending=27
[exp8078] phase=cache_population elapsed_s=0.462 completed=6 pending=26
[exp8078] phase=cache_population elapsed_s=0.483 completed=7 pending=25
[exp8078] phase=cache_population elapsed_s=0.515 completed=8 pending=24
[exp8078] phase=cache_population elapsed_s=0.573 completed=9 pending=23
[exp8078] phase=cache_population elapsed_s=0.690 completed=10 pending=22
[exp8078] phase=cache_population elapsed_s=0.705 completed=11 pending=21
[exp8078] phase=cache_population elapsed_s=0.732 completed=12 pending=20
[exp8078] phase=cache_population elapsed_s=0.786 completed=13 pending=19
[exp8078] phase=cache_population elapsed_s=0.936 completed=14 pending=18
[exp8078] phase=cache_population elapsed_s=0.961 completed=15 pending=17
[exp8078] phase=cache_population elapsed_s=0.966 completed=16 pending=16
[exp8078] phase=cache_population elapsed_s=1.101 completed=17 pending=15
[exp8078] phase=cache_population elapsed_s=1.220 completed=18 pending=14
[exp8078] phase=cache_population elapsed_s=1.282 completed=19 pending=13
[exp8078] phase=cache_population elapsed_s=1.310 completed=20 pending=12
[exp8078] phase=cache_population elapsed_s=1.314 completed=21 pending=11
[exp8078] phase=cache_population elapsed_s=1.355 completed=22 pending=10
[exp8078] phase=cache_population elapsed_s=1.390 completed=23 pending=9
[exp8078] phase=cache_population elapsed_s=1.425 completed=24 pending=8
[exp8078] phase=cache_population elapsed_s=1.487 completed=25 pending=7
[exp8078] phase=cache_population elapsed_s=1.507 completed=26 pending=6
[exp8078] phase=cache_population elapsed_s=1.554 completed=27 pending=5
[exp8078] phase=cache_population elapsed_s=1.585 completed=28 pending=4
[exp8078] phase=cache_population elapsed_s=1.636 completed=29 pending=3
[exp8078] phase=cache_population elapsed_s=1.684 completed=30 pending=2
[exp8078] phase=cache_population elapsed_s=1.771 completed=31 pending=1
[exp8078] phase=cache_population elapsed_s=1.821 completed=32 pending=0
[exp8078] phase=cache_population_after elapsed_s=1.821 completed=32 pending=0
[exp8078] phase=benchmark_transaction_before elapsed_s=1.821 completed=0 pending=1260
[exp8078] phase=benchmark_transaction_after elapsed_s=1.828 completed=1 pending=1259
[exp8078] phase=cache_population_before elapsed_s=1.830 completed=0 pending=32
[exp8078] phase=cache_population elapsed_s=1.862 completed=1 pending=31
[exp8078] phase=cache_population elapsed_s=1.901 completed=2 pending=30
[exp8078] phase=cache_population elapsed_s=1.941 completed=3 pending=29
[exp8078] phase=cache_population elapsed_s=2.092 completed=4 pending=28
[exp8078] phase=cache_population elapsed_s=2.205 completed=5 pending=27
[exp8078] phase=cache_population elapsed_s=2.235 completed=6 pending=26
[exp8078] phase=cache_population elapsed_s=2.256 completed=7 pending=25
[exp8078] phase=cache_population elapsed_s=2.283 completed=8 pending=24
[exp8078] phase=cache_population elapsed_s=2.339 completed=9 pending=23
[exp8078] phase=cache_population elapsed_s=2.457 completed=10 pending=22
[exp8078] phase=cache_population elapsed_s=2.473 completed=11 pending=21
[exp8078] phase=cache_population elapsed_s=2.500 completed=12 pending=20
[exp8078] phase=cache_population elapsed_s=2.555 completed=13 pending=19
[exp8078] phase=cache_population elapsed_s=2.704 completed=14 pending=18
[exp8078] phase=cache_population elapsed_s=2.728 completed=15 pending=17
[exp8078] phase=cache_population elapsed_s=2.734 completed=16 pending=16
[exp8078] phase=cache_population elapsed_s=2.874 completed=17 pending=15
[exp8078] phase=cache_population elapsed_s=2.996 completed=18 pending=14
[exp8078] phase=cache_population elapsed_s=3.066 completed=19 pending=13
[exp8078] phase=cache_population elapsed_s=3.095 completed=20 pending=12
[exp8078] phase=cache_population elapsed_s=3.100 completed=21 pending=11
[exp8078] phase=cache_population elapsed_s=3.140 completed=22 pending=10
[exp8078] phase=cache_population elapsed_s=3.180 completed=23 pending=9
[exp8078] phase=cache_population elapsed_s=3.215 completed=24 pending=8
[exp8078] phase=cache_population elapsed_s=3.277 completed=25 pending=7
[exp8078] phase=cache_population elapsed_s=3.295 completed=26 pending=6
[exp8078] phase=cache_population elapsed_s=3.349 completed=27 pending=5
[exp8078] phase=cache_population elapsed_s=3.380 completed=28 pending=4
[exp8078] phase=cache_population elapsed_s=3.422 completed=29 pending=3
[exp8078] phase=cache_population elapsed_s=3.464 completed=30 pending=2
[exp8078] phase=cache_population elapsed_s=3.551 completed=31 pending=1
[exp8078] phase=cache_population elapsed_s=3.601 completed=32 pending=0
[exp8078] phase=cache_population_after elapsed_s=3.601 completed=32 pending=0
[exp8078] phase=benchmark_transaction_before elapsed_s=3.601 completed=1 pending=1259
[exp8078] phase=benchmark_transaction_after elapsed_s=3.615 completed=2 pending=1258
[exp8078] phase=benchmark_transaction_before elapsed_s=3.615 completed=2 pending=1258
[exp8078] phase=benchmark_transaction_after elapsed_s=4.832 completed=3 pending=1257
[exp8078] phase=benchmark_transaction_before elapsed_s=4.833 completed=3 pending=1257
[exp8078] phase=benchmark_transaction_after elapsed_s=6.060 completed=4 pending=1256
[exp8078] phase=benchmark_quartet_after elapsed_s=6.064 completed=4 pending=1256
[exp8078] phase=benchmark_quartet_before elapsed_s=6.064 completed=4 pending=1256
[exp8078] phase=benchmark_transaction_before elapsed_s=6.064 completed=4 pending=1256
[exp8078] phase=benchmark_transaction_after elapsed_s=6.109 completed=5 pending=1255
[exp8078] phase=benchmark_transaction_before elapsed_s=6.109 completed=5 pending=1255
[exp8078] phase=benchmark_transaction_after elapsed_s=6.146 completed=6 pending=1254
[exp8078] phase=cache_population_before elapsed_s=6.152 completed=0 pending=8
[exp8078] phase=cache_population elapsed_s=6.184 completed=1 pending=7
[exp8078] phase=cache_population elapsed_s=6.224 completed=2 pending=6
[exp8078] phase=cache_population elapsed_s=6.251 completed=3 pending=5
[exp8078] phase=cache_population elapsed_s=6.409 completed=4 pending=4
[exp8078] phase=cache_population elapsed_s=6.525 completed=5 pending=3
[exp8078] phase=cache_population elapsed_s=6.554 completed=6 pending=2
[exp8078] phase=cache_population elapsed_s=6.579 completed=7 pending=1
[exp8078] phase=cache_population elapsed_s=6.603 completed=8 pending=0
[exp8078] phase=cache_population_after elapsed_s=6.603 completed=8 pending=0
[exp8078] phase=benchmark_transaction_before elapsed_s=6.603 completed=6 pending=1254
[exp8078] phase=benchmark_transaction_after elapsed_s=6.607 completed=7 pending=1253
[exp8078] phase=cache_population_before elapsed_s=6.609 completed=0 pending=8
[exp8078] phase=cache_population elapsed_s=6.646 completed=1 pending=7
[exp8078] phase=cache_population elapsed_s=6.681 completed=2 pending=6
[exp8078] phase=cache_population elapsed_s=6.713 completed=3 pending=5
[exp8078] phase=cache_population elapsed_s=6.871 completed=4 pending=4
[exp8078] phase=cache_population elapsed_s=6.984 completed=5 pending=3
[exp8078] phase=cache_population elapsed_s=7.015 completed=6 pending=2
[exp8078] phase=cache_population elapsed_s=7.037 completed=7 pending=1
[exp8078] phase=cache_population elapsed_s=7.061 completed=8 pending=0
[exp8078] phase=cache_population_after elapsed_s=7.061 completed=8 pending=0
[exp8078] phase=benchmark_transaction_before elapsed_s=7.061 completed=7 pending=1253
[exp8078] phase=benchmark_transaction_after elapsed_s=7.088 completed=8 pending=1252
[exp8078] phase=benchmark_quartet_after elapsed_s=7.090 completed=8 pending=1252
[exp8078] phase=benchmark_quartet_before elapsed_s=7.090 completed=8 pending=1252
[exp8078] phase=benchmark_transaction_before elapsed_s=7.090 completed=8 pending=1252
[exp8078] phase=benchmark_transaction_after elapsed_s=7.125 completed=9 pending=1251
[exp8078] phase=cache_population_before elapsed_s=7.127 completed=0 pending=8
[exp8078] phase=cache_population elapsed_s=7.158 completed=1 pending=7
[exp8078] phase=cache_population elapsed_s=7.193 completed=2 pending=6
[exp8078] phase=cache_population elapsed_s=7.220 completed=3 pending=5
[exp8078] phase=cache_population elapsed_s=7.373 completed=4 pending=4
[exp8078] phase=cache_population elapsed_s=7.493 completed=5 pending=3
[exp8078] phase=cache_population elapsed_s=7.523 completed=6 pending=2
[exp8078] phase=cache_population elapsed_s=7.550 completed=7 pending=1
[exp8078] phase=cache_population elapsed_s=7.580 completed=8 pending=0
[exp8078] phase=cache_population_after elapsed_s=7.580 completed=8 pending=0
[exp8078] phase=benchmark_transaction_before elapsed_s=7.580 completed=9 pending=1251
[exp8078] phase=benchmark_transaction_after elapsed_s=7.608 completed=10 pending=1250
[exp8078] phase=benchmark_transaction_before elapsed_s=7.608 completed=10 pending=1250
[exp8078] phase=benchmark_transaction_after elapsed_s=7.684 completed=11 pending=1249
[exp8078] phase=cache_population_before elapsed_s=7.688 completed=0 pending=8
[exp8078] phase=cache_population elapsed_s=7.723 completed=1 pending=7
[exp8078] phase=cache_population elapsed_s=7.768 completed=2 pending=6
[exp8078] phase=cache_population elapsed_s=7.795 completed=3 pending=5
[exp8078] phase=cache_population elapsed_s=7.947 completed=4 pending=4
[exp8078] phase=cache_population elapsed_s=8.060 completed=5 pending=3
[exp8078] phase=cache_population elapsed_s=8.089 completed=6 pending=2
[exp8078] phase=cache_population elapsed_s=8.129 completed=7 pending=1
[exp8078] phase=cache_population elapsed_s=8.153 completed=8 pending=0
[exp8078] phase=cache_population_after elapsed_s=8.153 completed=8 pending=0
[exp8078] phase=benchmark_transaction_before elapsed_s=8.153 completed=11 pending=1249
[exp8078] phase=benchmark_transaction_after elapsed_s=8.190 completed=12 pending=1248
[exp8078] phase=benchmark_quartet_after elapsed_s=8.191 completed=12 pending=1248
[exp8078] phase=benchmark_quartet_before elapsed_s=8.193 completed=12 pending=1248
[exp8078] phase=benchmark_transaction_before elapsed_s=8.193 completed=12 pending=1248
[exp8078] phase=benchmark_transaction_after elapsed_s=9.431 completed=13 pending=1247
[exp8078] phase=benchmark_transaction_before elapsed_s=9.431 completed=13 pending=1247
[exp8078] phase=benchmark_transaction_after elapsed_s=10.703 completed=14 pending=1246
[exp8078] phase=benchmark_transaction_before elapsed_s=10.703 completed=14 pending=1246
[exp8078] phase=benchmark_transaction_after elapsed_s=11.971 completed=15 pending=1245
[exp8078] phase=benchmark_transaction_before elapsed_s=11.971 completed=15 pending=1245
[exp8078] phase=benchmark_transaction_after elapsed_s=13.186 completed=16 pending=1244
[exp8078] phase=benchmark_quartet_after elapsed_s=13.189 completed=16 pending=1244
[exp8078] phase=benchmark_quartet_before elapsed_s=13.190 completed=16 pending=1244
[exp8078] phase=benchmark_transaction_before elapsed_s=13.190 completed=16 pending=1244
[exp8078] phase=benchmark_transaction_after elapsed_s=13.224 completed=17 pending=1243
[exp8078] phase=benchmark_transaction_before elapsed_s=13.224 completed=17 pending=1243
[exp8078] phase=benchmark_transaction_after elapsed_s=13.426 completed=18 pending=1242
[exp8078] phase=benchmark_transaction_before elapsed_s=13.426 completed=18 pending=1242
[exp8078] phase=benchmark_transaction_after elapsed_s=13.461 completed=19 pending=1241
[exp8078] phase=benchmark_transaction_before elapsed_s=13.461 completed=19 pending=1241
[exp8078] phase=benchmark_transaction_after elapsed_s=13.695 completed=20 pending=1240
[exp8078] phase=benchmark_quartet_after elapsed_s=13.696 completed=20 pending=1240
[exp8078] phase=benchmark_quartet_before elapsed_s=13.697 completed=20 pending=1240
[exp8078] phase=benchmark_transaction_before elapsed_s=13.698 completed=20 pending=1240
[exp8078] phase=benchmark_transaction_after elapsed_s=13.733 completed=21 pending=1239
[exp8078] phase=benchmark_transaction_before elapsed_s=13.733 completed=21 pending=1239
[exp8078] phase=benchmark_transaction_after elapsed_s=13.768 completed=22 pending=1238
[exp8078] phase=benchmark_transaction_before elapsed_s=13.768 completed=22 pending=1238
[exp8078] phase=benchmark_transaction_after elapsed_s=13.801 completed=23 pending=1237
[exp8078] phase=benchmark_transaction_before elapsed_s=13.801 completed=23 pending=1237
[exp8078] phase=benchmark_transaction_after elapsed_s=13.834 completed=24 pending=1236
[exp8078] phase=benchmark_quartet_after elapsed_s=13.836 completed=24 pending=1236
[exp8078] phase=benchmark_quartet_before elapsed_s=13.836 completed=24 pending=1236
[exp8078] phase=benchmark_transaction_before elapsed_s=13.836 completed=24 pending=1236
[exp8078] phase=benchmark_transaction_after elapsed_s=15.053 completed=25 pending=1235
[exp8078] phase=benchmark_transaction_before elapsed_s=15.054 completed=25 pending=1235
[exp8078] phase=benchmark_transaction_after elapsed_s=16.411 completed=26 pending=1234
[exp8078] phase=benchmark_transaction_before elapsed_s=16.412 completed=26 pending=1234
[exp8078] phase=benchmark_transaction_after elapsed_s=17.648 completed=27 pending=1233
[exp8078] phase=benchmark_transaction_before elapsed_s=17.648 completed=27 pending=1233
[exp8078] phase=benchmark_transaction_after elapsed_s=18.927 completed=28 pending=1232
[exp8078] phase=benchmark_quartet_after elapsed_s=18.932 completed=28 pending=1232
[exp8078] phase=benchmark_quartet_before elapsed_s=18.932 completed=28 pending=1232
[exp8078] phase=benchmark_transaction_before elapsed_s=18.932 completed=28 pending=1232
[exp8078] phase=benchmark_transaction_after elapsed_s=18.973 completed=29 pending=1231
[exp8078] phase=benchmark_transaction_before elapsed_s=18.973 completed=29 pending=1231
[exp8078] phase=benchmark_transaction_after elapsed_s=19.013 completed=30 pending=1230
[exp8078] phase=benchmark_transaction_before elapsed_s=19.013 completed=30 pending=1230
[exp8078] phase=benchmark_transaction_after elapsed_s=19.051 completed=31 pending=1229
[exp8078] phase=benchmark_transaction_before elapsed_s=19.051 completed=31 pending=1229
[exp8078] phase=benchmark_transaction_after elapsed_s=19.087 completed=32 pending=1228
[exp8078] phase=benchmark_quartet_after elapsed_s=19.089 completed=32 pending=1228
[exp8078] phase=benchmark_quartet_before elapsed_s=19.089 completed=32 pending=1228
[exp8078] phase=benchmark_transaction_before elapsed_s=19.089 completed=32 pending=1228
[exp8078] phase=benchmark_transaction_after elapsed_s=19.125 completed=33 pending=1227
[exp8078] phase=benchmark_transaction_before elapsed_s=19.125 completed=33 pending=1227
[exp8078] phase=benchmark_transaction_after elapsed_s=19.166 completed=34 pending=1226
[exp8078] phase=benchmark_transaction_before elapsed_s=19.166 completed=34 pending=1226
[exp8078] phase=benchmark_transaction_after elapsed_s=19.205 completed=35 pending=1225
[exp8078] phase=benchmark_transaction_before elapsed_s=19.205 completed=35 pending=1225
[exp8078] phase=benchmark_transaction_after elapsed_s=19.244 completed=36 pending=1224
[exp8078] phase=benchmark_quartet_after elapsed_s=19.246 completed=36 pending=1224
[exp8078] phase=benchmark_quartet_before elapsed_s=19.246 completed=36 pending=1224
[exp8078] phase=benchmark_transaction_before elapsed_s=19.246 completed=36 pending=1224
[exp8078] phase=benchmark_transaction_after elapsed_s=20.527 completed=37 pending=1223
[exp8078] phase=benchmark_transaction_before elapsed_s=20.527 completed=37 pending=1223
[exp8078] phase=benchmark_transaction_after elapsed_s=21.808 completed=38 pending=1222
[exp8078] phase=benchmark_transaction_before elapsed_s=21.808 completed=38 pending=1222
[exp8078] phase=benchmark_transaction_after elapsed_s=23.126 completed=39 pending=1221
[exp8078] phase=benchmark_transaction_before elapsed_s=23.127 completed=39 pending=1221
[exp8078] phase=benchmark_transaction_after elapsed_s=24.454 completed=40 pending=1220
[exp8078] phase=benchmark_quartet_after elapsed_s=24.459 completed=40 pending=1220
[exp8078] phase=benchmark_quartet_before elapsed_s=24.459 completed=40 pending=1220
[exp8078] phase=benchmark_transaction_before elapsed_s=24.459 completed=40 pending=1220
[exp8078] phase=benchmark_transaction_after elapsed_s=24.530 completed=41 pending=1219
[exp8078] phase=benchmark_transaction_before elapsed_s=24.531 completed=41 pending=1219
[exp8078] phase=benchmark_transaction_after elapsed_s=24.602 completed=42 pending=1218
[exp8078] phase=benchmark_transaction_before elapsed_s=24.602 completed=42 pending=1218
[exp8078] phase=benchmark_transaction_after elapsed_s=24.680 completed=43 pending=1217
[exp8078] phase=benchmark_transaction_before elapsed_s=24.680 completed=43 pending=1217
[exp8078] phase=benchmark_transaction_after elapsed_s=24.922 completed=44 pending=1216
[exp8078] phase=benchmark_quartet_after elapsed_s=24.928 completed=44 pending=1216
[exp8078] phase=benchmark_quartet_before elapsed_s=24.928 completed=44 pending=1216
[exp8078] phase=benchmark_transaction_before elapsed_s=24.929 completed=44 pending=1216
[exp8078] phase=benchmark_transaction_after elapsed_s=25.095 completed=45 pending=1215
[exp8078] phase=benchmark_transaction_before elapsed_s=25.095 completed=45 pending=1215
[exp8078] phase=benchmark_transaction_after elapsed_s=25.347 completed=46 pending=1214
[exp8078] phase=benchmark_transaction_before elapsed_s=25.347 completed=46 pending=1214
[exp8078] phase=benchmark_transaction_after elapsed_s=25.498 completed=47 pending=1213
[exp8078] phase=benchmark_transaction_before elapsed_s=25.498 completed=47 pending=1213
[exp8078] phase=benchmark_transaction_after elapsed_s=25.758 completed=48 pending=1212
[exp8078] phase=benchmark_quartet_after elapsed_s=25.760 completed=48 pending=1212
[exp8078] phase=benchmark_quartet_before elapsed_s=25.760 completed=48 pending=1212
[exp8078] phase=benchmark_transaction_before elapsed_s=25.760 completed=48 pending=1212
[exp8078] phase=benchmark_transaction_after elapsed_s=27.036 completed=49 pending=1211
[exp8078] phase=benchmark_transaction_before elapsed_s=27.037 completed=49 pending=1211
[exp8078] phase=benchmark_transaction_after elapsed_s=27.042 completed=50 pending=1210
[exp8078] phase=benchmark_transaction_before elapsed_s=27.042 completed=50 pending=1210
[exp8078] phase=benchmark_transaction_after elapsed_s=27.048 completed=51 pending=1209
[exp8078] phase=benchmark_transaction_before elapsed_s=27.048 completed=51 pending=1209
[exp8078] phase=benchmark_transaction_after elapsed_s=28.320 completed=52 pending=1208
[exp8078] phase=benchmark_quartet_after elapsed_s=28.324 completed=52 pending=1208
[exp8078] phase=benchmark_quartet_before elapsed_s=28.324 completed=52 pending=1208
[exp8078] phase=benchmark_transaction_before elapsed_s=28.324 completed=52 pending=1208
[exp8078] phase=benchmark_transaction_after elapsed_s=28.397 completed=53 pending=1207
[exp8078] phase=benchmark_transaction_before elapsed_s=28.397 completed=53 pending=1207
[exp8078] phase=benchmark_transaction_after elapsed_s=28.402 completed=54 pending=1206
[exp8078] phase=benchmark_transaction_before elapsed_s=28.402 completed=54 pending=1206
[exp8078] phase=benchmark_transaction_after elapsed_s=28.413 completed=55 pending=1205
[exp8078] phase=benchmark_transaction_before elapsed_s=28.413 completed=55 pending=1205
[exp8078] phase=benchmark_transaction_after elapsed_s=28.482 completed=56 pending=1204
[exp8078] phase=benchmark_quartet_after elapsed_s=28.483 completed=56 pending=1204
[exp8078] phase=benchmark_quartet_before elapsed_s=28.483 completed=56 pending=1204
[exp8078] phase=benchmark_transaction_before elapsed_s=28.483 completed=56 pending=1204
[exp8078] phase=benchmark_transaction_after elapsed_s=28.493 completed=57 pending=1203
[exp8078] phase=benchmark_transaction_before elapsed_s=28.493 completed=57 pending=1203
[exp8078] phase=benchmark_transaction_after elapsed_s=28.497 completed=58 pending=1202
[exp8078] phase=benchmark_transaction_before elapsed_s=28.497 completed=58 pending=1202
[exp8078] phase=benchmark_transaction_after elapsed_s=28.571 completed=59 pending=1201
[exp8078] phase=benchmark_transaction_before elapsed_s=28.571 completed=59 pending=1201
[exp8078] phase=benchmark_transaction_after elapsed_s=28.640 completed=60 pending=1200
[exp8078] phase=benchmark_quartet_after elapsed_s=28.641 completed=60 pending=1200
[exp8078] phase=benchmark_quartet_before elapsed_s=28.643 completed=60 pending=1200
[exp8078] phase=benchmark_transaction_before elapsed_s=28.643 completed=60 pending=1200
[exp8078] phase=benchmark_transaction_after elapsed_s=30.012 completed=61 pending=1199
[exp8078] phase=benchmark_transaction_before elapsed_s=30.013 completed=61 pending=1199
[exp8078] phase=benchmark_transaction_after elapsed_s=31.294 completed=62 pending=1198
[exp8078] phase=benchmark_transaction_before elapsed_s=31.294 completed=62 pending=1198
[exp8078] phase=benchmark_transaction_after elapsed_s=32.663 completed=63 pending=1197
[exp8078] phase=benchmark_transaction_before elapsed_s=32.664 completed=63 pending=1197
[exp8078] phase=benchmark_transaction_after elapsed_s=33.940 completed=64 pending=1196
[exp8078] phase=benchmark_quartet_after elapsed_s=33.943 completed=64 pending=1196
[exp8078] phase=benchmark_quartet_before elapsed_s=33.944 completed=64 pending=1196
[exp8078] phase=benchmark_transaction_before elapsed_s=33.944 completed=64 pending=1196
[exp8078] phase=benchmark_transaction_after elapsed_s=34.027 completed=65 pending=1195
[exp8078] phase=benchmark_transaction_before elapsed_s=34.027 completed=65 pending=1195
[exp8078] phase=benchmark_transaction_after elapsed_s=34.133 completed=66 pending=1194
[exp8078] phase=benchmark_transaction_before elapsed_s=34.133 completed=66 pending=1194
[exp8078] phase=benchmark_transaction_after elapsed_s=34.254 completed=67 pending=1193
[exp8078] phase=benchmark_transaction_before elapsed_s=34.254 completed=67 pending=1193
[exp8078] phase=benchmark_transaction_after elapsed_s=34.333 completed=68 pending=1192
[exp8078] phase=benchmark_quartet_after elapsed_s=34.334 completed=68 pending=1192
[exp8078] phase=benchmark_quartet_before elapsed_s=34.336 completed=68 pending=1192
[exp8078] phase=benchmark_transaction_before elapsed_s=34.336 completed=68 pending=1192
[exp8078] phase=benchmark_transaction_after elapsed_s=34.414 completed=69 pending=1191
[exp8078] phase=benchmark_transaction_before elapsed_s=34.414 completed=69 pending=1191
[exp8078] phase=benchmark_transaction_after elapsed_s=34.488 completed=70 pending=1190
[exp8078] phase=benchmark_transaction_before elapsed_s=34.488 completed=70 pending=1190
[exp8078] phase=benchmark_transaction_after elapsed_s=34.563 completed=71 pending=1189
[exp8078] phase=benchmark_transaction_before elapsed_s=34.563 completed=71 pending=1189
[exp8078] phase=benchmark_transaction_after elapsed_s=34.646 completed=72 pending=1188
[exp8078] phase=benchmark_quartet_after elapsed_s=34.647 completed=72 pending=1188
[exp8078] phase=benchmark_quartet_before elapsed_s=34.647 completed=72 pending=1188
[exp8078] phase=benchmark_transaction_before elapsed_s=34.647 completed=72 pending=1188
[exp8078] phase=benchmark_transaction_after elapsed_s=36.056 completed=73 pending=1187
[exp8078] phase=benchmark_transaction_before elapsed_s=36.056 completed=73 pending=1187
[exp8078] phase=benchmark_transaction_after elapsed_s=37.616 completed=74 pending=1186
[exp8078] phase=benchmark_transaction_before elapsed_s=37.616 completed=74 pending=1186
[exp8078] phase=benchmark_transaction_after elapsed_s=38.932 completed=75 pending=1185
[exp8078] phase=benchmark_transaction_before elapsed_s=38.932 completed=75 pending=1185
[exp8078] phase=benchmark_transaction_after elapsed_s=40.266 completed=76 pending=1184
[exp8078] phase=benchmark_quartet_after elapsed_s=40.269 completed=76 pending=1184
[exp8078] phase=benchmark_quartet_before elapsed_s=40.269 completed=76 pending=1184
[exp8078] phase=benchmark_transaction_before elapsed_s=40.270 completed=76 pending=1184
[exp8078] phase=benchmark_transaction_after elapsed_s=40.508 completed=77 pending=1183
[exp8078] phase=benchmark_transaction_before elapsed_s=40.508 completed=77 pending=1183
[exp8078] phase=benchmark_transaction_after elapsed_s=40.759 completed=78 pending=1182
[exp8078] phase=benchmark_transaction_before elapsed_s=40.759 completed=78 pending=1182
[exp8078] phase=benchmark_transaction_after elapsed_s=40.986 completed=79 pending=1181
[exp8078] phase=benchmark_transaction_before elapsed_s=40.986 completed=79 pending=1181
[exp8078] phase=benchmark_transaction_after elapsed_s=41.216 completed=80 pending=1180
[exp8078] phase=benchmark_quartet_after elapsed_s=41.217 completed=80 pending=1180
[exp8078] phase=benchmark_quartet_before elapsed_s=41.217 completed=80 pending=1180
[exp8078] phase=benchmark_transaction_before elapsed_s=41.217 completed=80 pending=1180
[exp8078] phase=benchmark_transaction_after elapsed_s=41.446 completed=81 pending=1179
[exp8078] phase=benchmark_transaction_before elapsed_s=41.446 completed=81 pending=1179
[exp8078] phase=benchmark_transaction_after elapsed_s=41.681 completed=82 pending=1178
[exp8078] phase=benchmark_transaction_before elapsed_s=41.681 completed=82 pending=1178
[exp8078] phase=benchmark_transaction_after elapsed_s=41.909 completed=83 pending=1177
[exp8078] phase=benchmark_transaction_before elapsed_s=41.910 completed=83 pending=1177
[exp8078] phase=benchmark_transaction_after elapsed_s=42.161 completed=84 pending=1176
[exp8078] phase=benchmark_quartet_after elapsed_s=42.162 completed=84 pending=1176
[exp8078] phase=benchmark_quartet_before elapsed_s=42.163 completed=84 pending=1176
[exp8078] phase=benchmark_transaction_before elapsed_s=42.164 completed=84 pending=1176
[exp8078] phase=benchmark_transaction_after elapsed_s=43.477 completed=85 pending=1175
[exp8078] phase=benchmark_transaction_before elapsed_s=43.477 completed=85 pending=1175
[exp8078] phase=benchmark_transaction_after elapsed_s=44.896 completed=86 pending=1174
[exp8078] phase=benchmark_transaction_before elapsed_s=44.896 completed=86 pending=1174
[exp8078] phase=benchmark_transaction_after elapsed_s=46.219 completed=87 pending=1173
[exp8078] phase=benchmark_transaction_before elapsed_s=46.220 completed=87 pending=1173
[exp8078] phase=benchmark_transaction_after elapsed_s=47.637 completed=88 pending=1172
[exp8078] phase=benchmark_quartet_after elapsed_s=47.640 completed=88 pending=1172
[exp8078] phase=benchmark_quartet_before elapsed_s=47.641 completed=88 pending=1172
[exp8078] phase=benchmark_transaction_before elapsed_s=47.641 completed=88 pending=1172
[exp8078] phase=benchmark_transaction_after elapsed_s=47.906 completed=89 pending=1171
[exp8078] phase=benchmark_transaction_before elapsed_s=47.906 completed=89 pending=1171
[exp8078] phase=benchmark_transaction_after elapsed_s=48.130 completed=90 pending=1170
[exp8078] phase=benchmark_transaction_before elapsed_s=48.130 completed=90 pending=1170
[exp8078] phase=benchmark_transaction_after elapsed_s=48.395 completed=91 pending=1169
[exp8078] phase=benchmark_transaction_before elapsed_s=48.395 completed=91 pending=1169
[exp8078] phase=benchmark_transaction_after elapsed_s=48.621 completed=92 pending=1168
[exp8078] phase=benchmark_quartet_after elapsed_s=48.623 completed=92 pending=1168
[exp8078] phase=benchmark_quartet_before elapsed_s=48.624 completed=92 pending=1168
[exp8078] phase=benchmark_transaction_before elapsed_s=48.624 completed=92 pending=1168
[exp8078] phase=benchmark_transaction_after elapsed_s=48.862 completed=93 pending=1167
[exp8078] phase=benchmark_transaction_before elapsed_s=48.862 completed=93 pending=1167
[exp8078] phase=benchmark_transaction_after elapsed_s=49.103 completed=94 pending=1166
[exp8078] phase=benchmark_transaction_before elapsed_s=49.103 completed=94 pending=1166
[exp8078] phase=benchmark_transaction_after elapsed_s=49.344 completed=95 pending=1165
[exp8078] phase=benchmark_transaction_before elapsed_s=49.344 completed=95 pending=1165
[exp8078] phase=benchmark_transaction_after elapsed_s=49.572 completed=96 pending=1164
[exp8078] phase=benchmark_quartet_after elapsed_s=49.574 completed=96 pending=1164
[exp8078] phase=benchmark_quartet_before elapsed_s=49.574 completed=96 pending=1164
[exp8078] phase=benchmark_transaction_before elapsed_s=49.574 completed=96 pending=1164
[exp8078] phase=benchmark_transaction_after elapsed_s=49.580 completed=97 pending=1163
[exp8078] phase=benchmark_transaction_before elapsed_s=49.581 completed=97 pending=1163
[exp8078] phase=benchmark_transaction_after elapsed_s=50.934 completed=98 pending=1162
[exp8078] phase=benchmark_transaction_before elapsed_s=50.934 completed=98 pending=1162
[exp8078] phase=benchmark_transaction_after elapsed_s=50.942 completed=99 pending=1161
[exp8078] phase=benchmark_transaction_before elapsed_s=50.942 completed=99 pending=1161
[exp8078] phase=benchmark_transaction_after elapsed_s=52.271 completed=100 pending=1160
[exp8078] phase=benchmark_quartet_after elapsed_s=52.274 completed=100 pending=1160
[exp8078] phase=benchmark_quartet_before elapsed_s=52.274 completed=100 pending=1160
[exp8078] phase=benchmark_transaction_before elapsed_s=52.274 completed=100 pending=1160
[exp8078] phase=benchmark_transaction_after elapsed_s=52.322 completed=101 pending=1159
[exp8078] phase=benchmark_transaction_before elapsed_s=52.322 completed=101 pending=1159
[exp8078] phase=benchmark_transaction_after elapsed_s=52.548 completed=102 pending=1158
[exp8078] phase=benchmark_transaction_before elapsed_s=52.548 completed=102 pending=1158
[exp8078] phase=benchmark_transaction_after elapsed_s=52.771 completed=103 pending=1157
[exp8078] phase=benchmark_transaction_before elapsed_s=52.772 completed=103 pending=1157
[exp8078] phase=benchmark_transaction_after elapsed_s=52.775 completed=104 pending=1156
[exp8078] phase=benchmark_quartet_after elapsed_s=52.777 completed=104 pending=1156
[exp8078] phase=benchmark_quartet_before elapsed_s=52.777 completed=104 pending=1156
[exp8078] phase=benchmark_transaction_before elapsed_s=52.777 completed=104 pending=1156
[exp8078] phase=benchmark_transaction_after elapsed_s=53.008 completed=105 pending=1155
[exp8078] phase=benchmark_transaction_before elapsed_s=53.008 completed=105 pending=1155
[exp8078] phase=benchmark_transaction_after elapsed_s=53.014 completed=106 pending=1154
[exp8078] phase=benchmark_transaction_before elapsed_s=53.014 completed=106 pending=1154
[exp8078] phase=benchmark_transaction_after elapsed_s=53.021 completed=107 pending=1153
[exp8078] phase=benchmark_transaction_before elapsed_s=53.021 completed=107 pending=1153
[exp8078] phase=benchmark_transaction_after elapsed_s=53.242 completed=108 pending=1152
[exp8078] phase=benchmark_quartet_after elapsed_s=53.243 completed=108 pending=1152
[exp8078] phase=benchmark_quartet_before elapsed_s=53.245 completed=108 pending=1152
[exp8078] phase=benchmark_transaction_before elapsed_s=53.245 completed=108 pending=1152
[exp8078] phase=benchmark_transaction_after elapsed_s=54.703 completed=109 pending=1151
[exp8078] phase=benchmark_transaction_before elapsed_s=54.703 completed=109 pending=1151
[exp8078] phase=benchmark_transaction_after elapsed_s=56.146 completed=110 pending=1150
[exp8078] phase=benchmark_transaction_before elapsed_s=56.146 completed=110 pending=1150
[exp8078] phase=benchmark_transaction_after elapsed_s=57.542 completed=111 pending=1149
[exp8078] phase=benchmark_transaction_before elapsed_s=57.542 completed=111 pending=1149
[exp8078] phase=benchmark_transaction_after elapsed_s=58.922 completed=112 pending=1148
[exp8078] phase=benchmark_quartet_after elapsed_s=58.926 completed=112 pending=1148
[exp8078] phase=benchmark_quartet_before elapsed_s=58.927 completed=112 pending=1148
[exp8078] phase=benchmark_transaction_before elapsed_s=58.927 completed=112 pending=1148
[exp8078] phase=benchmark_transaction_after elapsed_s=59.303 completed=113 pending=1147
[exp8078] phase=benchmark_transaction_before elapsed_s=59.303 completed=113 pending=1147
[exp8078] phase=benchmark_transaction_after elapsed_s=59.665 completed=114 pending=1146
[exp8078] phase=benchmark_transaction_before elapsed_s=59.666 completed=114 pending=1146
[exp8078] phase=benchmark_transaction_after elapsed_s=60.013 completed=115 pending=1145
[exp8078] phase=benchmark_transaction_before elapsed_s=60.013 completed=115 pending=1145
[exp8078] phase=benchmark_transaction_after elapsed_s=60.361 completed=116 pending=1144
[exp8078] phase=benchmark_quartet_after elapsed_s=60.390 completed=116 pending=1144
[exp8078] phase=benchmark_quartet_before elapsed_s=60.391 completed=116 pending=1144
[exp8078] phase=benchmark_transaction_before elapsed_s=60.391 completed=116 pending=1144
[exp8078] phase=benchmark_transaction_after elapsed_s=60.757 completed=117 pending=1143
[exp8078] phase=benchmark_transaction_before elapsed_s=60.757 completed=117 pending=1143
[exp8078] phase=benchmark_transaction_after elapsed_s=61.117 completed=118 pending=1142
[exp8078] phase=benchmark_transaction_before elapsed_s=61.117 completed=118 pending=1142
[exp8078] phase=benchmark_transaction_after elapsed_s=61.506 completed=119 pending=1141
[exp8078] phase=benchmark_transaction_before elapsed_s=61.506 completed=119 pending=1141
[exp8078] phase=benchmark_transaction_after elapsed_s=61.866 completed=120 pending=1140
[exp8078] phase=benchmark_quartet_after elapsed_s=61.868 completed=120 pending=1140
[exp8078] phase=benchmark_quartet_before elapsed_s=61.868 completed=120 pending=1140
[exp8078] phase=benchmark_transaction_before elapsed_s=61.868 completed=120 pending=1140
[exp8078] phase=benchmark_transaction_after elapsed_s=61.956 completed=121 pending=1139
[exp8078] phase=benchmark_transaction_before elapsed_s=61.956 completed=121 pending=1139
[exp8078] phase=benchmark_transaction_after elapsed_s=61.972 completed=122 pending=1138
[exp8078] phase=benchmark_transaction_before elapsed_s=61.973 completed=122 pending=1138
[exp8078] phase=benchmark_transaction_after elapsed_s=63.348 completed=123 pending=1137
[exp8078] phase=benchmark_transaction_before elapsed_s=63.349 completed=123 pending=1137
[exp8078] phase=benchmark_transaction_after elapsed_s=64.720 completed=124 pending=1136
[exp8078] phase=benchmark_quartet_after elapsed_s=64.743 completed=124 pending=1136
[exp8078] phase=benchmark_quartet_before elapsed_s=64.743 completed=124 pending=1136
[exp8078] phase=benchmark_transaction_before elapsed_s=64.744 completed=124 pending=1136
[exp8078] phase=benchmark_transaction_after elapsed_s=64.750 completed=125 pending=1135
[exp8078] phase=benchmark_transaction_before elapsed_s=64.750 completed=125 pending=1135
[exp8078] phase=benchmark_transaction_after elapsed_s=65.094 completed=126 pending=1134
[exp8078] phase=benchmark_transaction_before elapsed_s=65.094 completed=126 pending=1134
[exp8078] phase=benchmark_transaction_after elapsed_s=65.453 completed=127 pending=1133
[exp8078] phase=benchmark_transaction_before elapsed_s=65.453 completed=127 pending=1133
[exp8078] phase=benchmark_transaction_after elapsed_s=65.482 completed=128 pending=1132
[exp8078] phase=benchmark_quartet_after elapsed_s=65.486 completed=128 pending=1132
[exp8078] phase=benchmark_quartet_before elapsed_s=65.486 completed=128 pending=1132
[exp8078] phase=benchmark_transaction_before elapsed_s=65.487 completed=128 pending=1132
[exp8078] phase=benchmark_transaction_after elapsed_s=65.512 completed=129 pending=1131
[exp8078] phase=benchmark_transaction_before elapsed_s=65.512 completed=129 pending=1131
[exp8078] phase=benchmark_transaction_after elapsed_s=65.856 completed=130 pending=1130
[exp8078] phase=benchmark_transaction_before elapsed_s=65.856 completed=130 pending=1130
[exp8078] phase=benchmark_transaction_after elapsed_s=66.200 completed=131 pending=1129
[exp8078] phase=benchmark_transaction_before elapsed_s=66.200 completed=131 pending=1129
[exp8078] phase=benchmark_transaction_after elapsed_s=66.204 completed=132 pending=1128
[exp8078] phase=benchmark_quartet_after elapsed_s=66.205 completed=132 pending=1128
[exp8078] phase=benchmark_quartet_before elapsed_s=66.205 completed=132 pending=1128
[exp8078] phase=benchmark_transaction_before elapsed_s=66.206 completed=132 pending=1128
[exp8078] phase=benchmark_transaction_after elapsed_s=67.625 completed=133 pending=1127
[exp8078] phase=benchmark_transaction_before elapsed_s=67.626 completed=133 pending=1127
[exp8078] phase=benchmark_transaction_after elapsed_s=69.018 completed=134 pending=1126
[exp8078] phase=benchmark_transaction_before elapsed_s=69.018 completed=134 pending=1126
[exp8078] phase=benchmark_transaction_after elapsed_s=70.431 completed=135 pending=1125
[exp8078] phase=benchmark_transaction_before elapsed_s=70.431 completed=135 pending=1125
[exp8078] phase=benchmark_transaction_after elapsed_s=71.804 completed=136 pending=1124
[exp8078] phase=benchmark_quartet_after elapsed_s=71.807 completed=136 pending=1124
[exp8078] phase=benchmark_quartet_before elapsed_s=71.807 completed=136 pending=1124
[exp8078] phase=benchmark_transaction_before elapsed_s=71.807 completed=136 pending=1124
[exp8078] phase=benchmark_transaction_after elapsed_s=72.150 completed=137 pending=1123
[exp8078] phase=benchmark_transaction_before elapsed_s=72.150 completed=137 pending=1123
[exp8078] phase=benchmark_transaction_after elapsed_s=72.495 completed=138 pending=1122
[exp8078] phase=benchmark_transaction_before elapsed_s=72.495 completed=138 pending=1122
[exp8078] phase=benchmark_transaction_after elapsed_s=73.005 completed=139 pending=1121
[exp8078] phase=benchmark_transaction_before elapsed_s=73.005 completed=139 pending=1121
[exp8078] phase=benchmark_transaction_after elapsed_s=73.341 completed=140 pending=1120
[exp8078] phase=benchmark_quartet_after elapsed_s=73.343 completed=140 pending=1120
[exp8078] phase=benchmark_quartet_before elapsed_s=73.343 completed=140 pending=1120
[exp8078] phase=benchmark_transaction_before elapsed_s=73.343 completed=140 pending=1120
[exp8078] phase=benchmark_transaction_after elapsed_s=73.681 completed=141 pending=1119
[exp8078] phase=benchmark_transaction_before elapsed_s=73.681 completed=141 pending=1119
[exp8078] phase=benchmark_transaction_after elapsed_s=74.025 completed=142 pending=1118
[exp8078] phase=benchmark_transaction_before elapsed_s=74.025 completed=142 pending=1118
[exp8078] phase=benchmark_transaction_after elapsed_s=74.370 completed=143 pending=1117
[exp8078] phase=benchmark_transaction_before elapsed_s=74.370 completed=143 pending=1117
[exp8078] phase=benchmark_transaction_after elapsed_s=74.814 completed=144 pending=1116
[exp8078] phase=benchmark_quartet_after elapsed_s=74.816 completed=144 pending=1116
[exp8078] phase=benchmark_quartet_before elapsed_s=74.816 completed=144 pending=1116
[exp8078] phase=benchmark_transaction_before elapsed_s=74.816 completed=144 pending=1116
[exp8078] phase=benchmark_transaction_after elapsed_s=74.823 completed=145 pending=1115
[exp8078] phase=benchmark_transaction_before elapsed_s=74.823 completed=145 pending=1115
[exp8078] phase=benchmark_transaction_after elapsed_s=74.828 completed=146 pending=1114
[exp8078] phase=benchmark_transaction_before elapsed_s=74.829 completed=146 pending=1114
[exp8078] phase=benchmark_transaction_after elapsed_s=76.571 completed=147 pending=1113
[exp8078] phase=benchmark_transaction_before elapsed_s=76.571 completed=147 pending=1113
[exp8078] phase=benchmark_transaction_after elapsed_s=78.314 completed=148 pending=1112
[exp8078] phase=benchmark_quartet_after elapsed_s=78.317 completed=148 pending=1112
[exp8078] phase=benchmark_quartet_before elapsed_s=78.317 completed=148 pending=1112
[exp8078] phase=benchmark_transaction_before elapsed_s=78.318 completed=148 pending=1112
[exp8078] phase=benchmark_transaction_after elapsed_s=78.321 completed=149 pending=1111
[exp8078] phase=benchmark_transaction_before elapsed_s=78.321 completed=149 pending=1111
[exp8078] phase=benchmark_transaction_after elapsed_s=78.325 completed=150 pending=1110
[exp8078] phase=benchmark_transaction_before elapsed_s=78.325 completed=150 pending=1110
[exp8078] phase=benchmark_transaction_after elapsed_s=78.764 completed=151 pending=1109
[exp8078] phase=benchmark_transaction_before elapsed_s=78.764 completed=151 pending=1109
[exp8078] phase=benchmark_transaction_after elapsed_s=79.204 completed=152 pending=1108
[exp8078] phase=benchmark_quartet_after elapsed_s=79.205 completed=152 pending=1108
[exp8078] phase=benchmark_quartet_before elapsed_s=79.205 completed=152 pending=1108
[exp8078] phase=benchmark_transaction_before elapsed_s=79.206 completed=152 pending=1108
[exp8078] phase=benchmark_transaction_after elapsed_s=79.209 completed=153 pending=1107
[exp8078] phase=benchmark_transaction_before elapsed_s=79.209 completed=153 pending=1107
[exp8078] phase=benchmark_transaction_after elapsed_s=79.648 completed=154 pending=1106
[exp8078] phase=benchmark_transaction_before elapsed_s=79.648 completed=154 pending=1106
[exp8078] phase=benchmark_transaction_after elapsed_s=79.652 completed=155 pending=1105
[exp8078] phase=benchmark_transaction_before elapsed_s=79.652 completed=155 pending=1105
[exp8078] phase=benchmark_transaction_after elapsed_s=80.092 completed=156 pending=1104
[exp8078] phase=benchmark_quartet_after elapsed_s=80.093 completed=156 pending=1104
[exp8078] phase=benchmark_quartet_before elapsed_s=80.093 completed=156 pending=1104
[exp8078] phase=benchmark_transaction_before elapsed_s=80.094 completed=156 pending=1104
[exp8078] phase=benchmark_transaction_after elapsed_s=81.828 completed=157 pending=1103
[exp8078] phase=benchmark_transaction_before elapsed_s=81.829 completed=157 pending=1103
[exp8078] phase=benchmark_transaction_after elapsed_s=83.601 completed=158 pending=1102
[exp8078] phase=benchmark_transaction_before elapsed_s=83.601 completed=158 pending=1102
[exp8078] phase=benchmark_transaction_after elapsed_s=85.381 completed=159 pending=1101
[exp8078] phase=benchmark_transaction_before elapsed_s=85.381 completed=159 pending=1101
[exp8078] phase=benchmark_transaction_after elapsed_s=87.139 completed=160 pending=1100
[exp8078] phase=benchmark_quartet_after elapsed_s=87.143 completed=160 pending=1100
[exp8078] phase=benchmark_quartet_before elapsed_s=87.143 completed=160 pending=1100
[exp8078] phase=benchmark_transaction_before elapsed_s=87.143 completed=160 pending=1100
[exp8078] phase=benchmark_transaction_after elapsed_s=87.591 completed=161 pending=1099
[exp8078] phase=benchmark_transaction_before elapsed_s=87.591 completed=161 pending=1099
[exp8078] phase=benchmark_transaction_after elapsed_s=88.041 completed=162 pending=1098
[exp8078] phase=benchmark_transaction_before elapsed_s=88.041 completed=162 pending=1098
[exp8078] phase=benchmark_transaction_after elapsed_s=88.483 completed=163 pending=1097
[exp8078] phase=benchmark_transaction_before elapsed_s=88.483 completed=163 pending=1097
[exp8078] phase=benchmark_transaction_after elapsed_s=88.926 completed=164 pending=1096
[exp8078] phase=benchmark_quartet_after elapsed_s=88.928 completed=164 pending=1096
[exp8078] phase=benchmark_quartet_before elapsed_s=88.928 completed=164 pending=1096
[exp8078] phase=benchmark_transaction_before elapsed_s=88.928 completed=164 pending=1096
[exp8078] phase=benchmark_transaction_after elapsed_s=89.377 completed=165 pending=1095
[exp8078] phase=benchmark_transaction_before elapsed_s=89.377 completed=165 pending=1095
[exp8078] phase=benchmark_transaction_after elapsed_s=89.817 completed=166 pending=1094
[exp8078] phase=benchmark_transaction_before elapsed_s=89.817 completed=166 pending=1094
[exp8078] phase=benchmark_transaction_after elapsed_s=90.258 completed=167 pending=1093
[exp8078] phase=benchmark_transaction_before elapsed_s=90.259 completed=167 pending=1093
[exp8078] phase=benchmark_transaction_after elapsed_s=90.706 completed=168 pending=1092
[exp8078] phase=benchmark_quartet_after elapsed_s=90.708 completed=168 pending=1092
[exp8078] phase=benchmark_quartet_before elapsed_s=90.710 completed=168 pending=1092
[exp8078] phase=benchmark_transaction_before elapsed_s=90.710 completed=168 pending=1092
[exp8078] phase=benchmark_transaction_after elapsed_s=92.474 completed=169 pending=1091
[exp8078] phase=benchmark_transaction_before elapsed_s=92.474 completed=169 pending=1091
[exp8078] phase=benchmark_transaction_after elapsed_s=94.254 completed=170 pending=1090
[exp8078] phase=benchmark_transaction_before elapsed_s=94.255 completed=170 pending=1090
[exp8078] phase=benchmark_transaction_after elapsed_s=96.019 completed=171 pending=1089
[exp8078] phase=benchmark_transaction_before elapsed_s=96.019 completed=171 pending=1089
[exp8078] phase=benchmark_transaction_after elapsed_s=97.805 completed=172 pending=1088
[exp8078] phase=benchmark_quartet_after elapsed_s=97.810 completed=172 pending=1088
[exp8078] phase=benchmark_quartet_before elapsed_s=97.811 completed=172 pending=1088
[exp8078] phase=benchmark_transaction_before elapsed_s=97.811 completed=172 pending=1088
[exp8078] phase=benchmark_transaction_after elapsed_s=98.260 completed=173 pending=1087
[exp8078] phase=benchmark_transaction_before elapsed_s=98.260 completed=173 pending=1087
[exp8078] phase=benchmark_transaction_after elapsed_s=98.705 completed=174 pending=1086
[exp8078] phase=benchmark_transaction_before elapsed_s=98.705 completed=174 pending=1086
[exp8078] phase=benchmark_transaction_after elapsed_s=99.150 completed=175 pending=1085
[exp8078] phase=benchmark_transaction_before elapsed_s=99.150 completed=175 pending=1085
[exp8078] phase=benchmark_transaction_after elapsed_s=99.589 completed=176 pending=1084
[exp8078] phase=benchmark_quartet_after elapsed_s=99.591 completed=176 pending=1084
[exp8078] phase=benchmark_quartet_before elapsed_s=99.592 completed=176 pending=1084
[exp8078] phase=benchmark_transaction_before elapsed_s=99.592 completed=176 pending=1084
[exp8078] phase=benchmark_transaction_after elapsed_s=100.035 completed=177 pending=1083
[exp8078] phase=benchmark_transaction_before elapsed_s=100.035 completed=177 pending=1083
[exp8078] phase=benchmark_transaction_after elapsed_s=100.481 completed=178 pending=1082
[exp8078] phase=benchmark_transaction_before elapsed_s=100.481 completed=178 pending=1082
[exp8078] phase=benchmark_transaction_after elapsed_s=100.926 completed=179 pending=1081
[exp8078] phase=benchmark_transaction_before elapsed_s=100.926 completed=179 pending=1081
[exp8078] phase=benchmark_transaction_after elapsed_s=101.372 completed=180 pending=1080
[exp8078] phase=benchmark_quartet_after elapsed_s=101.374 completed=180 pending=1080
[exp8078] phase=benchmark_quartet_before elapsed_s=101.375 completed=180 pending=1080
[exp8078] phase=benchmark_transaction_before elapsed_s=101.376 completed=180 pending=1080
[exp8078] phase=benchmark_transaction_after elapsed_s=102.626 completed=181 pending=1079
[exp8078] phase=benchmark_transaction_before elapsed_s=102.627 completed=181 pending=1079
[exp8078] phase=benchmark_transaction_after elapsed_s=103.888 completed=182 pending=1078
[exp8078] phase=benchmark_transaction_before elapsed_s=103.889 completed=182 pending=1078
[exp8078] phase=benchmark_transaction_after elapsed_s=105.157 completed=183 pending=1077
[exp8078] phase=benchmark_transaction_before elapsed_s=105.157 completed=183 pending=1077
[exp8078] phase=benchmark_transaction_after elapsed_s=106.428 completed=184 pending=1076
[exp8078] phase=benchmark_quartet_after elapsed_s=106.431 completed=184 pending=1076
[exp8078] phase=benchmark_quartet_before elapsed_s=106.432 completed=184 pending=1076
[exp8078] phase=benchmark_transaction_before elapsed_s=106.432 completed=184 pending=1076
[exp8078] phase=benchmark_transaction_after elapsed_s=106.467 completed=185 pending=1075
[exp8078] phase=benchmark_transaction_before elapsed_s=106.467 completed=185 pending=1075
[exp8078] phase=benchmark_transaction_after elapsed_s=106.501 completed=186 pending=1074
[exp8078] phase=benchmark_transaction_before elapsed_s=106.501 completed=186 pending=1074
[exp8078] phase=benchmark_transaction_after elapsed_s=106.539 completed=187 pending=1073
[exp8078] phase=benchmark_transaction_before elapsed_s=106.540 completed=187 pending=1073
[exp8078] phase=benchmark_transaction_after elapsed_s=106.577 completed=188 pending=1072
[exp8078] phase=benchmark_quartet_after elapsed_s=106.578 completed=188 pending=1072
[exp8078] phase=benchmark_quartet_before elapsed_s=106.579 completed=188 pending=1072
[exp8078] phase=benchmark_transaction_before elapsed_s=106.579 completed=188 pending=1072
[exp8078] phase=benchmark_transaction_after elapsed_s=106.617 completed=189 pending=1071
[exp8078] phase=benchmark_transaction_before elapsed_s=106.617 completed=189 pending=1071
[exp8078] phase=benchmark_transaction_after elapsed_s=106.653 completed=190 pending=1070
[exp8078] phase=benchmark_transaction_before elapsed_s=106.653 completed=190 pending=1070
[exp8078] phase=benchmark_transaction_after elapsed_s=106.881 completed=191 pending=1069
[exp8078] phase=benchmark_transaction_before elapsed_s=106.881 completed=191 pending=1069
[exp8078] phase=benchmark_transaction_after elapsed_s=106.916 completed=192 pending=1068
[exp8078] phase=benchmark_quartet_after elapsed_s=106.917 completed=192 pending=1068
[exp8078] phase=benchmark_quartet_before elapsed_s=106.917 completed=192 pending=1068
[exp8078] phase=benchmark_transaction_before elapsed_s=106.917 completed=192 pending=1068
[exp8078] phase=benchmark_transaction_after elapsed_s=108.169 completed=193 pending=1067
[exp8078] phase=benchmark_transaction_before elapsed_s=108.169 completed=193 pending=1067
[exp8078] phase=benchmark_transaction_after elapsed_s=108.174 completed=194 pending=1066
[exp8078] phase=benchmark_transaction_before elapsed_s=108.175 completed=194 pending=1066
[exp8078] phase=benchmark_transaction_after elapsed_s=108.180 completed=195 pending=1065
[exp8078] phase=benchmark_transaction_before elapsed_s=108.180 completed=195 pending=1065
[exp8078] phase=benchmark_transaction_after elapsed_s=109.429 completed=196 pending=1064
[exp8078] phase=benchmark_quartet_after elapsed_s=109.432 completed=196 pending=1064
[exp8078] phase=benchmark_quartet_before elapsed_s=109.432 completed=196 pending=1064
[exp8078] phase=benchmark_transaction_before elapsed_s=109.432 completed=196 pending=1064
[exp8078] phase=benchmark_transaction_after elapsed_s=109.435 completed=197 pending=1063
[exp8078] phase=benchmark_transaction_before elapsed_s=109.436 completed=197 pending=1063
[exp8078] phase=benchmark_transaction_after elapsed_s=109.438 completed=198 pending=1062
[exp8078] phase=benchmark_transaction_before elapsed_s=109.439 completed=198 pending=1062
[exp8078] phase=benchmark_transaction_after elapsed_s=109.474 completed=199 pending=1061
[exp8078] phase=benchmark_transaction_before elapsed_s=109.474 completed=199 pending=1061
[exp8078] phase=benchmark_transaction_after elapsed_s=109.507 completed=200 pending=1060
[exp8078] phase=benchmark_quartet_after elapsed_s=109.509 completed=200 pending=1060
[exp8078] phase=benchmark_quartet_before elapsed_s=109.509 completed=200 pending=1060
[exp8078] phase=benchmark_transaction_before elapsed_s=109.509 completed=200 pending=1060
[exp8078] phase=benchmark_transaction_after elapsed_s=109.512 completed=201 pending=1059
[exp8078] phase=benchmark_transaction_before elapsed_s=109.512 completed=201 pending=1059
[exp8078] phase=benchmark_transaction_after elapsed_s=109.546 completed=202 pending=1058
[exp8078] phase=benchmark_transaction_before elapsed_s=109.547 completed=202 pending=1058
[exp8078] phase=benchmark_transaction_after elapsed_s=109.550 completed=203 pending=1057
[exp8078] phase=benchmark_transaction_before elapsed_s=109.550 completed=203 pending=1057
[exp8078] phase=benchmark_transaction_after elapsed_s=109.585 completed=204 pending=1056
[exp8078] phase=benchmark_quartet_after elapsed_s=109.586 completed=204 pending=1056
[exp8078] phase=benchmark_quartet_before elapsed_s=109.586 completed=204 pending=1056
[exp8078] phase=benchmark_transaction_before elapsed_s=109.586 completed=204 pending=1056
[exp8078] phase=benchmark_transaction_after elapsed_s=111.004 completed=205 pending=1055
[exp8078] phase=benchmark_transaction_before elapsed_s=111.004 completed=205 pending=1055
[exp8078] phase=benchmark_transaction_after elapsed_s=112.413 completed=206 pending=1054
[exp8078] phase=benchmark_transaction_before elapsed_s=112.413 completed=206 pending=1054
[exp8078] phase=benchmark_transaction_after elapsed_s=113.819 completed=207 pending=1053
[exp8078] phase=benchmark_transaction_before elapsed_s=113.819 completed=207 pending=1053
[exp8078] phase=benchmark_transaction_after elapsed_s=115.062 completed=208 pending=1052
[exp8078] phase=benchmark_quartet_after elapsed_s=115.065 completed=208 pending=1052
[exp8078] phase=benchmark_quartet_before elapsed_s=115.065 completed=208 pending=1052
[exp8078] phase=benchmark_transaction_before elapsed_s=115.065 completed=208 pending=1052
[exp8078] phase=benchmark_transaction_after elapsed_s=115.102 completed=209 pending=1051
[exp8078] phase=benchmark_transaction_before elapsed_s=115.102 completed=209 pending=1051
[exp8078] phase=benchmark_transaction_after elapsed_s=115.139 completed=210 pending=1050
[exp8078] phase=benchmark_transaction_before elapsed_s=115.139 completed=210 pending=1050
[exp8078] phase=benchmark_transaction_after elapsed_s=115.326 completed=211 pending=1049
[exp8078] phase=benchmark_transaction_before elapsed_s=115.326 completed=211 pending=1049
[exp8078] phase=benchmark_transaction_after elapsed_s=115.360 completed=212 pending=1048
[exp8078] phase=benchmark_quartet_after elapsed_s=115.361 completed=212 pending=1048
[exp8078] phase=benchmark_quartet_before elapsed_s=115.361 completed=212 pending=1048
[exp8078] phase=benchmark_transaction_before elapsed_s=115.361 completed=212 pending=1048
[exp8078] phase=benchmark_transaction_after elapsed_s=115.395 completed=213 pending=1047
[exp8078] phase=benchmark_transaction_before elapsed_s=115.395 completed=213 pending=1047
[exp8078] phase=benchmark_transaction_after elapsed_s=115.432 completed=214 pending=1046
[exp8078] phase=benchmark_transaction_before elapsed_s=115.432 completed=214 pending=1046
[exp8078] phase=benchmark_transaction_after elapsed_s=115.466 completed=215 pending=1045
[exp8078] phase=benchmark_transaction_before elapsed_s=115.466 completed=215 pending=1045
[exp8078] phase=benchmark_transaction_after elapsed_s=115.503 completed=216 pending=1044
[exp8078] phase=benchmark_quartet_after elapsed_s=115.504 completed=216 pending=1044
[exp8078] phase=benchmark_quartet_before elapsed_s=115.504 completed=216 pending=1044
[exp8078] phase=benchmark_transaction_before elapsed_s=115.505 completed=216 pending=1044
[exp8078] phase=benchmark_transaction_after elapsed_s=116.810 completed=217 pending=1043
[exp8078] phase=benchmark_transaction_before elapsed_s=116.810 completed=217 pending=1043
[exp8078] phase=benchmark_transaction_after elapsed_s=118.241 completed=218 pending=1042
[exp8078] phase=benchmark_transaction_before elapsed_s=118.241 completed=218 pending=1042
[exp8078] phase=benchmark_transaction_after elapsed_s=119.650 completed=219 pending=1041
[exp8078] phase=benchmark_transaction_before elapsed_s=119.650 completed=219 pending=1041
[exp8078] phase=benchmark_transaction_after elapsed_s=121.056 completed=220 pending=1040
[exp8078] phase=benchmark_quartet_after elapsed_s=121.060 completed=220 pending=1040
[exp8078] phase=benchmark_quartet_before elapsed_s=121.060 completed=220 pending=1040
[exp8078] phase=benchmark_transaction_before elapsed_s=121.060 completed=220 pending=1040
[exp8078] phase=benchmark_transaction_after elapsed_s=121.127 completed=221 pending=1039
[exp8078] phase=benchmark_transaction_before elapsed_s=121.127 completed=221 pending=1039
[exp8078] phase=benchmark_transaction_after elapsed_s=121.196 completed=222 pending=1038
[exp8078] phase=benchmark_transaction_before elapsed_s=121.197 completed=222 pending=1038
[exp8078] phase=benchmark_transaction_after elapsed_s=121.268 completed=223 pending=1037
[exp8078] phase=benchmark_transaction_before elapsed_s=121.268 completed=223 pending=1037
[exp8078] phase=benchmark_transaction_after elapsed_s=121.341 completed=224 pending=1036
[exp8078] phase=benchmark_quartet_after elapsed_s=121.342 completed=224 pending=1036
[exp8078] phase=benchmark_quartet_before elapsed_s=121.342 completed=224 pending=1036
[exp8078] phase=benchmark_transaction_before elapsed_s=121.342 completed=224 pending=1036
[exp8078] phase=benchmark_transaction_after elapsed_s=121.413 completed=225 pending=1035
[exp8078] phase=benchmark_transaction_before elapsed_s=121.413 completed=225 pending=1035
[exp8078] phase=benchmark_transaction_after elapsed_s=121.658 completed=226 pending=1034
[exp8078] phase=benchmark_transaction_before elapsed_s=121.658 completed=226 pending=1034
[exp8078] phase=benchmark_transaction_after elapsed_s=121.729 completed=227 pending=1033
[exp8078] phase=benchmark_transaction_before elapsed_s=121.729 completed=227 pending=1033
[exp8078] phase=benchmark_transaction_after elapsed_s=121.798 completed=228 pending=1032
[exp8078] phase=benchmark_quartet_after elapsed_s=121.799 completed=228 pending=1032
[exp8078] phase=benchmark_quartet_before elapsed_s=121.801 completed=228 pending=1032
[exp8078] phase=benchmark_transaction_before elapsed_s=121.801 completed=228 pending=1032
[exp8078] phase=benchmark_transaction_after elapsed_s=123.097 completed=229 pending=1031
[exp8078] phase=benchmark_transaction_before elapsed_s=123.097 completed=229 pending=1031
[exp8078] phase=benchmark_transaction_after elapsed_s=124.392 completed=230 pending=1030
[exp8078] phase=benchmark_transaction_before elapsed_s=124.392 completed=230 pending=1030
[exp8078] phase=benchmark_transaction_after elapsed_s=125.710 completed=231 pending=1029
[exp8078] phase=benchmark_transaction_before elapsed_s=125.710 completed=231 pending=1029
[exp8078] phase=benchmark_transaction_after elapsed_s=127.024 completed=232 pending=1028
[exp8078] phase=benchmark_quartet_after elapsed_s=127.027 completed=232 pending=1028
[exp8078] phase=benchmark_quartet_before elapsed_s=127.028 completed=232 pending=1028
[exp8078] phase=benchmark_transaction_before elapsed_s=127.029 completed=232 pending=1028
[exp8078] phase=benchmark_transaction_after elapsed_s=127.100 completed=233 pending=1027
[exp8078] phase=benchmark_transaction_before elapsed_s=127.100 completed=233 pending=1027
[exp8078] phase=benchmark_transaction_after elapsed_s=127.169 completed=234 pending=1026
[exp8078] phase=benchmark_transaction_before elapsed_s=127.169 completed=234 pending=1026
[exp8078] phase=benchmark_transaction_after elapsed_s=127.238 completed=235 pending=1025
[exp8078] phase=benchmark_transaction_before elapsed_s=127.238 completed=235 pending=1025
[exp8078] phase=benchmark_transaction_after elapsed_s=127.310 completed=236 pending=1024
[exp8078] phase=benchmark_quartet_after elapsed_s=127.312 completed=236 pending=1024
[exp8078] phase=benchmark_quartet_before elapsed_s=127.313 completed=236 pending=1024
[exp8078] phase=benchmark_transaction_before elapsed_s=127.313 completed=236 pending=1024
[exp8078] phase=benchmark_transaction_after elapsed_s=127.382 completed=237 pending=1023
[exp8078] phase=benchmark_transaction_before elapsed_s=127.382 completed=237 pending=1023
[exp8078] phase=benchmark_transaction_after elapsed_s=127.456 completed=238 pending=1022
[exp8078] phase=benchmark_transaction_before elapsed_s=127.456 completed=238 pending=1022
[exp8078] phase=benchmark_transaction_after elapsed_s=127.529 completed=239 pending=1021
[exp8078] phase=benchmark_transaction_before elapsed_s=127.529 completed=239 pending=1021
[exp8078] phase=benchmark_transaction_after elapsed_s=127.791 completed=240 pending=1020
[exp8078] phase=benchmark_quartet_after elapsed_s=127.793 completed=240 pending=1020
[exp8078] phase=benchmark_quartet_before elapsed_s=127.793 completed=240 pending=1020
[exp8078] phase=benchmark_transaction_before elapsed_s=127.793 completed=240 pending=1020
[exp8078] phase=benchmark_transaction_after elapsed_s=129.082 completed=241 pending=1019
[exp8078] phase=benchmark_transaction_before elapsed_s=129.082 completed=241 pending=1019
[exp8078] phase=benchmark_transaction_after elapsed_s=130.382 completed=242 pending=1018
[exp8078] phase=benchmark_transaction_before elapsed_s=130.382 completed=242 pending=1018
[exp8078] phase=benchmark_transaction_after elapsed_s=130.388 completed=243 pending=1017
[exp8078] phase=benchmark_transaction_before elapsed_s=130.389 completed=243 pending=1017
[exp8078] phase=benchmark_transaction_after elapsed_s=130.394 completed=244 pending=1016
[exp8078] phase=benchmark_quartet_after elapsed_s=130.397 completed=244 pending=1016
[exp8078] phase=benchmark_quartet_before elapsed_s=130.397 completed=244 pending=1016
[exp8078] phase=benchmark_transaction_before elapsed_s=130.397 completed=244 pending=1016
[exp8078] phase=benchmark_transaction_after elapsed_s=130.400 completed=245 pending=1015
[exp8078] phase=benchmark_transaction_before elapsed_s=130.400 completed=245 pending=1015
[exp8078] phase=benchmark_transaction_after elapsed_s=130.468 completed=246 pending=1014
[exp8078] phase=benchmark_transaction_before elapsed_s=130.468 completed=246 pending=1014
[exp8078] phase=benchmark_transaction_after elapsed_s=130.472 completed=247 pending=1013
[exp8078] phase=benchmark_transaction_before elapsed_s=130.472 completed=247 pending=1013
[exp8078] phase=benchmark_transaction_after elapsed_s=130.540 completed=248 pending=1012
[exp8078] phase=benchmark_quartet_after elapsed_s=130.542 completed=248 pending=1012
[exp8078] phase=benchmark_quartet_before elapsed_s=130.542 completed=248 pending=1012
[exp8078] phase=benchmark_transaction_before elapsed_s=130.542 completed=248 pending=1012
[exp8078] phase=benchmark_transaction_after elapsed_s=130.612 completed=249 pending=1011
[exp8078] phase=benchmark_transaction_before elapsed_s=130.612 completed=249 pending=1011
[exp8078] phase=benchmark_transaction_after elapsed_s=130.616 completed=250 pending=1010
[exp8078] phase=benchmark_transaction_before elapsed_s=130.616 completed=250 pending=1010
[exp8078] phase=benchmark_transaction_after elapsed_s=130.684 completed=251 pending=1009
[exp8078] phase=benchmark_transaction_before elapsed_s=130.685 completed=251 pending=1009
[exp8078] phase=benchmark_transaction_after elapsed_s=130.688 completed=252 pending=1008
[exp8078] phase=benchmark_quartet_after elapsed_s=130.689 completed=252 pending=1008
[exp8078] phase=benchmark_quartet_before elapsed_s=130.690 completed=252 pending=1008
[exp8078] phase=benchmark_transaction_before elapsed_s=130.690 completed=252 pending=1008
[exp8078] phase=benchmark_transaction_after elapsed_s=132.215 completed=253 pending=1007
[exp8078] phase=benchmark_transaction_before elapsed_s=132.215 completed=253 pending=1007
[exp8078] phase=benchmark_transaction_after elapsed_s=133.521 completed=254 pending=1006
[exp8078] phase=benchmark_transaction_before elapsed_s=133.521 completed=254 pending=1006
[exp8078] phase=benchmark_transaction_after elapsed_s=135.029 completed=255 pending=1005
[exp8078] phase=benchmark_transaction_before elapsed_s=135.029 completed=255 pending=1005
[exp8078] phase=benchmark_transaction_after elapsed_s=136.358 completed=256 pending=1004
[exp8078] phase=benchmark_quartet_after elapsed_s=136.361 completed=256 pending=1004
[exp8078] phase=benchmark_quartet_before elapsed_s=136.362 completed=256 pending=1004
[exp8078] phase=benchmark_transaction_before elapsed_s=136.362 completed=256 pending=1004
[exp8078] phase=benchmark_transaction_after elapsed_s=136.588 completed=257 pending=1003
[exp8078] phase=benchmark_transaction_before elapsed_s=136.589 completed=257 pending=1003
[exp8078] phase=benchmark_transaction_after elapsed_s=136.938 completed=258 pending=1002
[exp8078] phase=benchmark_transaction_before elapsed_s=136.938 completed=258 pending=1002
[exp8078] phase=benchmark_transaction_after elapsed_s=137.166 completed=259 pending=1001
[exp8078] phase=benchmark_transaction_before elapsed_s=137.166 completed=259 pending=1001
[exp8078] phase=benchmark_transaction_after elapsed_s=137.391 completed=260 pending=1000
[exp8078] phase=benchmark_quartet_after elapsed_s=137.393 completed=260 pending=1000
[exp8078] phase=benchmark_quartet_before elapsed_s=137.394 completed=260 pending=1000
[exp8078] phase=benchmark_transaction_before elapsed_s=137.394 completed=260 pending=1000
[exp8078] phase=benchmark_transaction_after elapsed_s=137.626 completed=261 pending=999
[exp8078] phase=benchmark_transaction_before elapsed_s=137.626 completed=261 pending=999
[exp8078] phase=benchmark_transaction_after elapsed_s=137.852 completed=262 pending=998
[exp8078] phase=benchmark_transaction_before elapsed_s=137.852 completed=262 pending=998
[exp8078] phase=benchmark_transaction_after elapsed_s=138.199 completed=263 pending=997
[exp8078] phase=benchmark_transaction_before elapsed_s=138.199 completed=263 pending=997
[exp8078] phase=benchmark_transaction_after elapsed_s=138.420 completed=264 pending=996
[exp8078] phase=benchmark_quartet_after elapsed_s=138.421 completed=264 pending=996
[exp8078] phase=benchmark_quartet_before elapsed_s=138.422 completed=264 pending=996
[exp8078] phase=benchmark_transaction_before elapsed_s=138.422 completed=264 pending=996
[exp8078] phase=benchmark_transaction_after elapsed_s=139.955 completed=265 pending=995
[exp8078] phase=benchmark_transaction_before elapsed_s=139.955 completed=265 pending=995
[exp8078] phase=benchmark_transaction_after elapsed_s=141.462 completed=266 pending=994
[exp8078] phase=benchmark_transaction_before elapsed_s=141.462 completed=266 pending=994
[exp8078] phase=benchmark_transaction_after elapsed_s=142.971 completed=267 pending=993
[exp8078] phase=benchmark_transaction_before elapsed_s=142.971 completed=267 pending=993
[exp8078] phase=benchmark_transaction_after elapsed_s=144.476 completed=268 pending=992
[exp8078] phase=benchmark_quartet_after elapsed_s=144.479 completed=268 pending=992
[exp8078] phase=benchmark_quartet_before elapsed_s=144.479 completed=268 pending=992
[exp8078] phase=benchmark_transaction_before elapsed_s=144.479 completed=268 pending=992
[exp8078] phase=benchmark_transaction_after elapsed_s=144.705 completed=269 pending=991
[exp8078] phase=benchmark_transaction_before elapsed_s=144.705 completed=269 pending=991
[exp8078] phase=benchmark_transaction_after elapsed_s=144.929 completed=270 pending=990
[exp8078] phase=benchmark_transaction_before elapsed_s=144.929 completed=270 pending=990
[exp8078] phase=benchmark_transaction_after elapsed_s=145.281 completed=271 pending=989
[exp8078] phase=benchmark_transaction_before elapsed_s=145.282 completed=271 pending=989
[exp8078] phase=benchmark_transaction_after elapsed_s=145.502 completed=272 pending=988
[exp8078] phase=benchmark_quartet_after elapsed_s=145.504 completed=272 pending=988
[exp8078] phase=benchmark_quartet_before elapsed_s=145.504 completed=272 pending=988
[exp8078] phase=benchmark_transaction_before elapsed_s=145.504 completed=272 pending=988
[exp8078] phase=benchmark_transaction_after elapsed_s=145.726 completed=273 pending=987
[exp8078] phase=benchmark_transaction_before elapsed_s=145.726 completed=273 pending=987
[exp8078] phase=benchmark_transaction_after elapsed_s=145.950 completed=274 pending=986
[exp8078] phase=benchmark_transaction_before elapsed_s=145.950 completed=274 pending=986
[exp8078] phase=benchmark_transaction_after elapsed_s=146.177 completed=275 pending=985
[exp8078] phase=benchmark_transaction_before elapsed_s=146.177 completed=275 pending=985
[exp8078] phase=benchmark_transaction_after elapsed_s=146.509 completed=276 pending=984
[exp8078] phase=benchmark_quartet_after elapsed_s=146.510 completed=276 pending=984
[exp8078] phase=benchmark_quartet_before elapsed_s=146.510 completed=276 pending=984
[exp8078] phase=benchmark_transaction_before elapsed_s=146.510 completed=276 pending=984
[exp8078] phase=benchmark_transaction_after elapsed_s=146.690 completed=277 pending=983
[exp8078] phase=benchmark_transaction_before elapsed_s=146.690 completed=277 pending=983
[exp8078] phase=benchmark_transaction_after elapsed_s=146.696 completed=278 pending=982
[exp8078] phase=benchmark_transaction_before elapsed_s=146.696 completed=278 pending=982
[exp8078] phase=benchmark_transaction_after elapsed_s=148.004 completed=279 pending=981
[exp8078] phase=benchmark_transaction_before elapsed_s=148.005 completed=279 pending=981
[exp8078] phase=benchmark_transaction_after elapsed_s=149.322 completed=280 pending=980
[exp8078] phase=benchmark_quartet_after elapsed_s=149.325 completed=280 pending=980
[exp8078] phase=benchmark_quartet_before elapsed_s=149.325 completed=280 pending=980
[exp8078] phase=benchmark_transaction_before elapsed_s=149.325 completed=280 pending=980
[exp8078] phase=benchmark_transaction_after elapsed_s=149.328 completed=281 pending=979
[exp8078] phase=benchmark_transaction_before elapsed_s=149.328 completed=281 pending=979
[exp8078] phase=benchmark_transaction_after elapsed_s=149.549 completed=282 pending=978
[exp8078] phase=benchmark_transaction_before elapsed_s=149.549 completed=282 pending=978
[exp8078] phase=benchmark_transaction_after elapsed_s=149.552 completed=283 pending=977
[exp8078] phase=benchmark_transaction_before elapsed_s=149.552 completed=283 pending=977
[exp8078] phase=benchmark_transaction_after elapsed_s=149.906 completed=284 pending=976
[exp8078] phase=benchmark_quartet_after elapsed_s=149.908 completed=284 pending=976
[exp8078] phase=benchmark_quartet_before elapsed_s=149.908 completed=284 pending=976
[exp8078] phase=benchmark_transaction_before elapsed_s=149.908 completed=284 pending=976
[exp8078] phase=benchmark_transaction_after elapsed_s=149.911 completed=285 pending=975
[exp8078] phase=benchmark_transaction_before elapsed_s=149.911 completed=285 pending=975
[exp8078] phase=benchmark_transaction_after elapsed_s=150.135 completed=286 pending=974
[exp8078] phase=benchmark_transaction_before elapsed_s=150.135 completed=286 pending=974
[exp8078] phase=benchmark_transaction_after elapsed_s=150.360 completed=287 pending=973
[exp8078] phase=benchmark_transaction_before elapsed_s=150.360 completed=287 pending=973
[exp8078] phase=benchmark_transaction_after elapsed_s=150.365 completed=288 pending=972
[exp8078] phase=benchmark_quartet_after elapsed_s=150.366 completed=288 pending=972
[exp8078] phase=benchmark_quartet_before elapsed_s=150.366 completed=288 pending=972
[exp8078] phase=benchmark_transaction_before elapsed_s=150.366 completed=288 pending=972
[exp8078] phase=benchmark_transaction_after elapsed_s=151.738 completed=289 pending=971
[exp8078] phase=benchmark_transaction_before elapsed_s=151.738 completed=289 pending=971
[exp8078] phase=benchmark_transaction_after elapsed_s=151.743 completed=290 pending=970
[exp8078] phase=benchmark_transaction_before elapsed_s=151.744 completed=290 pending=970
[exp8078] phase=benchmark_transaction_after elapsed_s=151.749 completed=291 pending=969
[exp8078] phase=benchmark_transaction_before elapsed_s=151.749 completed=291 pending=969
[exp8078] phase=benchmark_transaction_after elapsed_s=153.139 completed=292 pending=968
[exp8078] phase=benchmark_quartet_after elapsed_s=153.143 completed=292 pending=968
[exp8078] phase=benchmark_quartet_before elapsed_s=153.143 completed=292 pending=968
[exp8078] phase=benchmark_transaction_before elapsed_s=153.143 completed=292 pending=968
[exp8078] phase=benchmark_transaction_after elapsed_s=153.146 completed=293 pending=967
[exp8078] phase=benchmark_transaction_before elapsed_s=153.146 completed=293 pending=967
[exp8078] phase=benchmark_transaction_after elapsed_s=153.483 completed=294 pending=966
[exp8078] phase=benchmark_transaction_before elapsed_s=153.483 completed=294 pending=966
[exp8078] phase=benchmark_transaction_after elapsed_s=153.822 completed=295 pending=965
[exp8078] phase=benchmark_transaction_before elapsed_s=153.823 completed=295 pending=965
[exp8078] phase=benchmark_transaction_after elapsed_s=153.826 completed=296 pending=964
[exp8078] phase=benchmark_quartet_after elapsed_s=153.828 completed=296 pending=964
[exp8078] phase=benchmark_quartet_before elapsed_s=153.828 completed=296 pending=964
[exp8078] phase=benchmark_transaction_before elapsed_s=153.828 completed=296 pending=964
[exp8078] phase=benchmark_transaction_after elapsed_s=154.171 completed=297 pending=963
[exp8078] phase=benchmark_transaction_before elapsed_s=154.171 completed=297 pending=963
[exp8078] phase=benchmark_transaction_after elapsed_s=154.508 completed=298 pending=962
[exp8078] phase=benchmark_transaction_before elapsed_s=154.508 completed=298 pending=962
[exp8078] phase=benchmark_transaction_after elapsed_s=154.511 completed=299 pending=961
[exp8078] phase=benchmark_transaction_before elapsed_s=154.511 completed=299 pending=961
[exp8078] phase=benchmark_transaction_after elapsed_s=154.515 completed=300 pending=960
[exp8078] phase=benchmark_quartet_after elapsed_s=154.516 completed=300 pending=960
[exp8078] phase=benchmark_quartet_before elapsed_s=154.517 completed=300 pending=960
[exp8078] phase=benchmark_transaction_before elapsed_s=154.518 completed=300 pending=960
[exp8078] phase=benchmark_transaction_after elapsed_s=155.913 completed=301 pending=959
[exp8078] phase=benchmark_transaction_before elapsed_s=155.913 completed=301 pending=959
[exp8078] phase=benchmark_transaction_after elapsed_s=157.308 completed=302 pending=958
[exp8078] phase=benchmark_transaction_before elapsed_s=157.309 completed=302 pending=958
[exp8078] phase=benchmark_transaction_after elapsed_s=158.719 completed=303 pending=957
[exp8078] phase=benchmark_transaction_before elapsed_s=158.719 completed=303 pending=957
[exp8078] phase=benchmark_transaction_after elapsed_s=160.122 completed=304 pending=956
[exp8078] phase=benchmark_quartet_after elapsed_s=160.125 completed=304 pending=956
[exp8078] phase=benchmark_quartet_before elapsed_s=160.127 completed=304 pending=956
[exp8078] phase=benchmark_transaction_before elapsed_s=160.127 completed=304 pending=956
[exp8078] phase=benchmark_transaction_after elapsed_s=160.471 completed=305 pending=955
[exp8078] phase=benchmark_transaction_before elapsed_s=160.471 completed=305 pending=955
[exp8078] phase=benchmark_transaction_after elapsed_s=160.814 completed=306 pending=954
[exp8078] phase=benchmark_transaction_before elapsed_s=160.814 completed=306 pending=954
[exp8078] phase=benchmark_transaction_after elapsed_s=161.265 completed=307 pending=953
[exp8078] phase=benchmark_transaction_before elapsed_s=161.265 completed=307 pending=953
[exp8078] phase=benchmark_transaction_after elapsed_s=161.610 completed=308 pending=952
[exp8078] phase=benchmark_quartet_after elapsed_s=161.612 completed=308 pending=952
[exp8078] phase=benchmark_quartet_before elapsed_s=161.613 completed=308 pending=952
[exp8078] phase=benchmark_transaction_before elapsed_s=161.614 completed=308 pending=952
[exp8078] phase=benchmark_transaction_after elapsed_s=161.961 completed=309 pending=951
[exp8078] phase=benchmark_transaction_before elapsed_s=161.961 completed=309 pending=951
[exp8078] phase=benchmark_transaction_after elapsed_s=162.471 completed=310 pending=950
[exp8078] phase=benchmark_transaction_before elapsed_s=162.471 completed=310 pending=950
[exp8078] phase=benchmark_transaction_after elapsed_s=162.816 completed=311 pending=949
[exp8078] phase=benchmark_transaction_before elapsed_s=162.816 completed=311 pending=949
[exp8078] phase=benchmark_transaction_after elapsed_s=163.278 completed=312 pending=948
[exp8078] phase=benchmark_quartet_after elapsed_s=163.281 completed=312 pending=948
[exp8078] phase=benchmark_quartet_before elapsed_s=163.281 completed=312 pending=948
[exp8078] phase=benchmark_transaction_before elapsed_s=163.281 completed=312 pending=948
[exp8078] phase=benchmark_transaction_after elapsed_s=164.736 completed=313 pending=947
[exp8078] phase=benchmark_transaction_before elapsed_s=164.736 completed=313 pending=947
[exp8078] phase=benchmark_transaction_after elapsed_s=166.393 completed=314 pending=946
[exp8078] phase=benchmark_transaction_before elapsed_s=166.393 completed=314 pending=946
[exp8078] phase=benchmark_transaction_after elapsed_s=167.771 completed=315 pending=945
[exp8078] phase=benchmark_transaction_before elapsed_s=167.771 completed=315 pending=945
[exp8078] phase=benchmark_transaction_after elapsed_s=169.168 completed=316 pending=944
[exp8078] phase=benchmark_quartet_after elapsed_s=169.171 completed=316 pending=944
[exp8078] phase=benchmark_quartet_before elapsed_s=169.171 completed=316 pending=944
[exp8078] phase=benchmark_transaction_before elapsed_s=169.171 completed=316 pending=944
[exp8078] phase=benchmark_transaction_after elapsed_s=169.513 completed=317 pending=943
[exp8078] phase=benchmark_transaction_before elapsed_s=169.513 completed=317 pending=943
[exp8078] phase=benchmark_transaction_after elapsed_s=169.856 completed=318 pending=942
[exp8078] phase=benchmark_transaction_before elapsed_s=169.856 completed=318 pending=942
[exp8078] phase=benchmark_transaction_after elapsed_s=170.200 completed=319 pending=941
[exp8078] phase=benchmark_transaction_before elapsed_s=170.200 completed=319 pending=941
[exp8078] phase=benchmark_transaction_after elapsed_s=170.714 completed=320 pending=940
[exp8078] phase=benchmark_quartet_after elapsed_s=170.716 completed=320 pending=940
[exp8078] phase=benchmark_quartet_before elapsed_s=170.716 completed=320 pending=940
[exp8078] phase=benchmark_transaction_before elapsed_s=170.716 completed=320 pending=940
[exp8078] phase=benchmark_transaction_after elapsed_s=171.054 completed=321 pending=939
[exp8078] phase=benchmark_transaction_before elapsed_s=171.054 completed=321 pending=939
[exp8078] phase=benchmark_transaction_after elapsed_s=171.400 completed=322 pending=938
[exp8078] phase=benchmark_transaction_before elapsed_s=171.400 completed=322 pending=938
[exp8078] phase=benchmark_transaction_after elapsed_s=171.741 completed=323 pending=937
[exp8078] phase=benchmark_transaction_before elapsed_s=171.741 completed=323 pending=937
[exp8078] phase=benchmark_transaction_after elapsed_s=172.080 completed=324 pending=936
[exp8078] phase=benchmark_quartet_after elapsed_s=172.081 completed=324 pending=936
[exp8078] phase=benchmark_quartet_before elapsed_s=172.081 completed=324 pending=936
[exp8078] phase=benchmark_transaction_before elapsed_s=172.082 completed=324 pending=936
[exp8078] phase=benchmark_transaction_after elapsed_s=173.822 completed=325 pending=935
[exp8078] phase=benchmark_transaction_before elapsed_s=173.822 completed=325 pending=935
[exp8078] phase=benchmark_transaction_after elapsed_s=173.828 completed=326 pending=934
[exp8078] phase=benchmark_transaction_before elapsed_s=173.829 completed=326 pending=934
[exp8078] phase=benchmark_transaction_after elapsed_s=173.834 completed=327 pending=933
[exp8078] phase=benchmark_transaction_before elapsed_s=173.835 completed=327 pending=933
[exp8078] phase=benchmark_transaction_after elapsed_s=175.603 completed=328 pending=932
[exp8078] phase=benchmark_quartet_after elapsed_s=175.606 completed=328 pending=932
[exp8078] phase=benchmark_quartet_before elapsed_s=175.606 completed=328 pending=932
[exp8078] phase=benchmark_transaction_before elapsed_s=175.607 completed=328 pending=932
[exp8078] phase=benchmark_transaction_after elapsed_s=175.610 completed=329 pending=931
[exp8078] phase=benchmark_transaction_before elapsed_s=175.610 completed=329 pending=931
[exp8078] phase=benchmark_transaction_after elapsed_s=176.055 completed=330 pending=930
[exp8078] phase=benchmark_transaction_before elapsed_s=176.055 completed=330 pending=930
[exp8078] phase=benchmark_transaction_after elapsed_s=176.499 completed=331 pending=929
[exp8078] phase=benchmark_transaction_before elapsed_s=176.499 completed=331 pending=929
[exp8078] phase=benchmark_transaction_after elapsed_s=176.503 completed=332 pending=928
[exp8078] phase=benchmark_quartet_after elapsed_s=176.505 completed=332 pending=928
[exp8078] phase=benchmark_quartet_before elapsed_s=176.505 completed=332 pending=928
[exp8078] phase=benchmark_transaction_before elapsed_s=176.505 completed=332 pending=928
[exp8078] phase=benchmark_transaction_after elapsed_s=176.508 completed=333 pending=927
[exp8078] phase=benchmark_transaction_before elapsed_s=176.509 completed=333 pending=927
[exp8078] phase=benchmark_transaction_after elapsed_s=176.512 completed=334 pending=926
[exp8078] phase=benchmark_transaction_before elapsed_s=176.512 completed=334 pending=926
[exp8078] phase=benchmark_transaction_after elapsed_s=176.955 completed=335 pending=925
[exp8078] phase=benchmark_transaction_before elapsed_s=176.955 completed=335 pending=925
[exp8078] phase=benchmark_transaction_after elapsed_s=177.397 completed=336 pending=924
[exp8078] phase=benchmark_quartet_after elapsed_s=177.399 completed=336 pending=924
[exp8078] phase=benchmark_quartet_before elapsed_s=177.399 completed=336 pending=924
[exp8078] phase=benchmark_transaction_before elapsed_s=177.399 completed=336 pending=924
[exp8078] phase=benchmark_transaction_after elapsed_s=179.261 completed=337 pending=923
[exp8078] phase=benchmark_transaction_before elapsed_s=179.261 completed=337 pending=923
[exp8078] phase=benchmark_transaction_after elapsed_s=181.171 completed=338 pending=922
[exp8078] phase=benchmark_transaction_before elapsed_s=181.171 completed=338 pending=922
[exp8078] phase=benchmark_transaction_after elapsed_s=182.940 completed=339 pending=921
[exp8078] phase=benchmark_transaction_before elapsed_s=182.941 completed=339 pending=921
[exp8078] phase=benchmark_transaction_after elapsed_s=184.676 completed=340 pending=920
[exp8078] phase=benchmark_quartet_after elapsed_s=184.680 completed=340 pending=920
[exp8078] phase=benchmark_quartet_before elapsed_s=184.680 completed=340 pending=920
[exp8078] phase=benchmark_transaction_before elapsed_s=184.680 completed=340 pending=920
[exp8078] phase=benchmark_transaction_after elapsed_s=185.129 completed=341 pending=919
[exp8078] phase=benchmark_transaction_before elapsed_s=185.130 completed=341 pending=919
[exp8078] phase=benchmark_transaction_after elapsed_s=185.569 completed=342 pending=918
[exp8078] phase=benchmark_transaction_before elapsed_s=185.569 completed=342 pending=918
[exp8078] phase=benchmark_transaction_after elapsed_s=186.021 completed=343 pending=917
[exp8078] phase=benchmark_transaction_before elapsed_s=186.021 completed=343 pending=917
[exp8078] phase=benchmark_transaction_after elapsed_s=186.463 completed=344 pending=916
[exp8078] phase=benchmark_quartet_after elapsed_s=186.464 completed=344 pending=916
[exp8078] phase=benchmark_quartet_before elapsed_s=186.464 completed=344 pending=916
[exp8078] phase=benchmark_transaction_before elapsed_s=186.465 completed=344 pending=916
[exp8078] phase=benchmark_transaction_after elapsed_s=186.914 completed=345 pending=915
[exp8078] phase=benchmark_transaction_before elapsed_s=186.914 completed=345 pending=915
[exp8078] phase=benchmark_transaction_after elapsed_s=187.365 completed=346 pending=914
[exp8078] phase=benchmark_transaction_before elapsed_s=187.365 completed=346 pending=914
[exp8078] phase=benchmark_transaction_after elapsed_s=187.903 completed=347 pending=913
[exp8078] phase=benchmark_transaction_before elapsed_s=187.903 completed=347 pending=913
[exp8078] phase=benchmark_transaction_after elapsed_s=188.344 completed=348 pending=912
[exp8078] phase=benchmark_quartet_after elapsed_s=188.346 completed=348 pending=912
[exp8078] phase=benchmark_quartet_before elapsed_s=188.348 completed=348 pending=912
[exp8078] phase=benchmark_transaction_before elapsed_s=188.348 completed=348 pending=912
[exp8078] phase=benchmark_transaction_after elapsed_s=190.318 completed=349 pending=911
[exp8078] phase=benchmark_transaction_before elapsed_s=190.319 completed=349 pending=911
[exp8078] phase=benchmark_transaction_after elapsed_s=192.227 completed=350 pending=910
[exp8078] phase=benchmark_transaction_before elapsed_s=192.228 completed=350 pending=910
[exp8078] phase=benchmark_transaction_after elapsed_s=194.138 completed=351 pending=909
[exp8078] phase=benchmark_transaction_before elapsed_s=194.139 completed=351 pending=909
[exp8078] phase=benchmark_transaction_after elapsed_s=195.875 completed=352 pending=908
[exp8078] phase=benchmark_quartet_after elapsed_s=195.878 completed=352 pending=908
[exp8078] phase=benchmark_quartet_before elapsed_s=195.879 completed=352 pending=908
[exp8078] phase=benchmark_transaction_before elapsed_s=195.880 completed=352 pending=908
[exp8078] phase=benchmark_transaction_after elapsed_s=196.326 completed=353 pending=907
[exp8078] phase=benchmark_transaction_before elapsed_s=196.326 completed=353 pending=907
[exp8078] phase=benchmark_transaction_after elapsed_s=196.766 completed=354 pending=906
[exp8078] phase=benchmark_transaction_before elapsed_s=196.767 completed=354 pending=906
[exp8078] phase=benchmark_transaction_after elapsed_s=197.218 completed=355 pending=905
[exp8078] phase=benchmark_transaction_before elapsed_s=197.218 completed=355 pending=905
[exp8078] phase=benchmark_transaction_after elapsed_s=197.857 completed=356 pending=904
[exp8078] phase=benchmark_quartet_after elapsed_s=197.861 completed=356 pending=904
[exp8078] phase=benchmark_quartet_before elapsed_s=197.863 completed=356 pending=904
[exp8078] phase=benchmark_transaction_before elapsed_s=197.863 completed=356 pending=904
[exp8078] phase=benchmark_transaction_after elapsed_s=198.328 completed=357 pending=903
[exp8078] phase=benchmark_transaction_before elapsed_s=198.328 completed=357 pending=903
[exp8078] phase=benchmark_transaction_after elapsed_s=198.792 completed=358 pending=902
[exp8078] phase=benchmark_transaction_before elapsed_s=198.792 completed=358 pending=902
[exp8078] phase=benchmark_transaction_after elapsed_s=199.364 completed=359 pending=901
[exp8078] phase=benchmark_transaction_before elapsed_s=199.364 completed=359 pending=901
[exp8078] phase=benchmark_transaction_after elapsed_s=199.804 completed=360 pending=900
[exp8078] phase=benchmark_quartet_after elapsed_s=199.806 completed=360 pending=900
[exp8078] phase=benchmark_quartet_before elapsed_s=199.807 completed=360 pending=900
[exp8078] phase=benchmark_transaction_before elapsed_s=199.807 completed=360 pending=900
[exp8078] phase=benchmark_transaction_after elapsed_s=201.062 completed=361 pending=899
[exp8078] phase=benchmark_transaction_before elapsed_s=201.062 completed=361 pending=899
[exp8078] phase=benchmark_transaction_after elapsed_s=202.481 completed=362 pending=898
[exp8078] phase=benchmark_transaction_before elapsed_s=202.481 completed=362 pending=898
[exp8078] phase=benchmark_transaction_after elapsed_s=203.889 completed=363 pending=897
[exp8078] phase=benchmark_transaction_before elapsed_s=203.889 completed=363 pending=897
[exp8078] phase=benchmark_transaction_after elapsed_s=205.295 completed=364 pending=896
[exp8078] phase=benchmark_quartet_after elapsed_s=205.299 completed=364 pending=896
[exp8078] phase=benchmark_quartet_before elapsed_s=205.300 completed=364 pending=896
[exp8078] phase=benchmark_transaction_before elapsed_s=205.300 completed=364 pending=896
[exp8078] phase=benchmark_transaction_after elapsed_s=205.334 completed=365 pending=895
[exp8078] phase=benchmark_transaction_before elapsed_s=205.334 completed=365 pending=895
[exp8078] phase=benchmark_transaction_after elapsed_s=205.368 completed=366 pending=894
[exp8078] phase=benchmark_transaction_before elapsed_s=205.368 completed=366 pending=894
[exp8078] phase=benchmark_transaction_after elapsed_s=205.405 completed=367 pending=893
[exp8078] phase=benchmark_transaction_before elapsed_s=205.405 completed=367 pending=893
[exp8078] phase=benchmark_transaction_after elapsed_s=205.440 completed=368 pending=892
[exp8078] phase=benchmark_quartet_after elapsed_s=205.441 completed=368 pending=892
[exp8078] phase=benchmark_quartet_before elapsed_s=205.443 completed=368 pending=892
[exp8078] phase=benchmark_transaction_before elapsed_s=205.443 completed=368 pending=892
[exp8078] phase=benchmark_transaction_after elapsed_s=205.596 completed=369 pending=891
[exp8078] phase=benchmark_transaction_before elapsed_s=205.596 completed=369 pending=891
[exp8078] phase=benchmark_transaction_after elapsed_s=205.630 completed=370 pending=890
[exp8078] phase=benchmark_transaction_before elapsed_s=205.630 completed=370 pending=890
[exp8078] phase=benchmark_transaction_after elapsed_s=205.667 completed=371 pending=889
[exp8078] phase=benchmark_transaction_before elapsed_s=205.667 completed=371 pending=889
[exp8078] phase=benchmark_transaction_after elapsed_s=205.703 completed=372 pending=888
[exp8078] phase=benchmark_quartet_after elapsed_s=205.704 completed=372 pending=888
[exp8078] phase=benchmark_quartet_before elapsed_s=205.704 completed=372 pending=888
[exp8078] phase=benchmark_transaction_before elapsed_s=205.705 completed=372 pending=888
[exp8078] phase=benchmark_transaction_after elapsed_s=205.900 completed=373 pending=887
[exp8078] phase=benchmark_transaction_before elapsed_s=205.900 completed=373 pending=887
[exp8078] phase=benchmark_transaction_after elapsed_s=207.161 completed=374 pending=886
[exp8078] phase=benchmark_transaction_before elapsed_s=207.162 completed=374 pending=886
[exp8078] phase=benchmark_transaction_after elapsed_s=207.169 completed=375 pending=885
[exp8078] phase=benchmark_transaction_before elapsed_s=207.169 completed=375 pending=885
[exp8078] phase=benchmark_transaction_after elapsed_s=208.451 completed=376 pending=884
[exp8078] phase=benchmark_quartet_after elapsed_s=208.456 completed=376 pending=884
[exp8078] phase=benchmark_quartet_before elapsed_s=208.456 completed=376 pending=884
[exp8078] phase=benchmark_transaction_before elapsed_s=208.456 completed=376 pending=884
[exp8078] phase=benchmark_transaction_after elapsed_s=208.461 completed=377 pending=883
[exp8078] phase=benchmark_transaction_before elapsed_s=208.461 completed=377 pending=883
[exp8078] phase=benchmark_transaction_after elapsed_s=208.465 completed=378 pending=882
[exp8078] phase=benchmark_transaction_before elapsed_s=208.465 completed=378 pending=882
[exp8078] phase=benchmark_transaction_after elapsed_s=208.505 completed=379 pending=881
[exp8078] phase=benchmark_transaction_before elapsed_s=208.505 completed=379 pending=881
[exp8078] phase=benchmark_transaction_after elapsed_s=208.543 completed=380 pending=880
[exp8078] phase=benchmark_quartet_after elapsed_s=208.545 completed=380 pending=880
[exp8078] phase=benchmark_quartet_before elapsed_s=208.545 completed=380 pending=880
[exp8078] phase=benchmark_transaction_before elapsed_s=208.545 completed=380 pending=880
[exp8078] phase=benchmark_transaction_after elapsed_s=208.549 completed=381 pending=879
[exp8078] phase=benchmark_transaction_before elapsed_s=208.549 completed=381 pending=879
[exp8078] phase=benchmark_transaction_after elapsed_s=208.587 completed=382 pending=878
[exp8078] phase=benchmark_transaction_before elapsed_s=208.587 completed=382 pending=878
[exp8078] phase=benchmark_transaction_after elapsed_s=208.592 completed=383 pending=877
[exp8078] phase=benchmark_transaction_before elapsed_s=208.592 completed=383 pending=877
[exp8078] phase=benchmark_transaction_after elapsed_s=208.631 completed=384 pending=876
[exp8078] phase=benchmark_quartet_after elapsed_s=208.633 completed=384 pending=876
[exp8078] phase=benchmark_quartet_before elapsed_s=208.633 completed=384 pending=876
[exp8078] phase=benchmark_transaction_before elapsed_s=208.634 completed=384 pending=876
[exp8078] phase=benchmark_transaction_after elapsed_s=209.919 completed=385 pending=875
[exp8078] phase=benchmark_transaction_before elapsed_s=209.920 completed=385 pending=875
[exp8078] phase=benchmark_transaction_after elapsed_s=211.428 completed=386 pending=874
[exp8078] phase=benchmark_transaction_before elapsed_s=211.428 completed=386 pending=874
[exp8078] phase=benchmark_transaction_after elapsed_s=212.835 completed=387 pending=873
[exp8078] phase=benchmark_transaction_before elapsed_s=212.836 completed=387 pending=873
[exp8078] phase=benchmark_transaction_after elapsed_s=214.080 completed=388 pending=872
[exp8078] phase=benchmark_quartet_after elapsed_s=214.082 completed=388 pending=872
[exp8078] phase=benchmark_quartet_before elapsed_s=214.082 completed=388 pending=872
[exp8078] phase=benchmark_transaction_before elapsed_s=214.083 completed=388 pending=872
[exp8078] phase=benchmark_transaction_after elapsed_s=214.121 completed=389 pending=871
[exp8078] phase=benchmark_transaction_before elapsed_s=214.121 completed=389 pending=871
[exp8078] phase=benchmark_transaction_after elapsed_s=214.160 completed=390 pending=870
[exp8078] phase=benchmark_transaction_before elapsed_s=214.160 completed=390 pending=870
[exp8078] phase=benchmark_transaction_after elapsed_s=214.194 completed=391 pending=869
[exp8078] phase=benchmark_transaction_before elapsed_s=214.194 completed=391 pending=869
[exp8078] phase=benchmark_transaction_after elapsed_s=214.229 completed=392 pending=868
[exp8078] phase=benchmark_quartet_after elapsed_s=214.230 completed=392 pending=868
[exp8078] phase=benchmark_quartet_before elapsed_s=214.230 completed=392 pending=868
[exp8078] phase=benchmark_transaction_before elapsed_s=214.230 completed=392 pending=868
[exp8078] phase=benchmark_transaction_after elapsed_s=214.265 completed=393 pending=867
[exp8078] phase=benchmark_transaction_before elapsed_s=214.266 completed=393 pending=867
[exp8078] phase=benchmark_transaction_after elapsed_s=214.301 completed=394 pending=866
[exp8078] phase=benchmark_transaction_before elapsed_s=214.301 completed=394 pending=866
[exp8078] phase=benchmark_transaction_after elapsed_s=214.338 completed=395 pending=865
[exp8078] phase=benchmark_transaction_before elapsed_s=214.338 completed=395 pending=865
[exp8078] phase=benchmark_transaction_after elapsed_s=214.375 completed=396 pending=864
[exp8078] phase=benchmark_quartet_after elapsed_s=214.376 completed=396 pending=864
[exp8078] phase=benchmark_quartet_before elapsed_s=214.376 completed=396 pending=864
[exp8078] phase=benchmark_transaction_before elapsed_s=214.377 completed=396 pending=864
[exp8078] phase=benchmark_transaction_after elapsed_s=215.702 completed=397 pending=863
[exp8078] phase=benchmark_transaction_before elapsed_s=215.702 completed=397 pending=863
[exp8078] phase=benchmark_transaction_after elapsed_s=217.157 completed=398 pending=862
[exp8078] phase=benchmark_transaction_before elapsed_s=217.157 completed=398 pending=862
[exp8078] phase=benchmark_transaction_after elapsed_s=218.665 completed=399 pending=861
[exp8078] phase=benchmark_transaction_before elapsed_s=218.665 completed=399 pending=861
[exp8078] phase=benchmark_transaction_after elapsed_s=220.073 completed=400 pending=860
[exp8078] phase=benchmark_quartet_after elapsed_s=220.077 completed=400 pending=860
[exp8078] phase=benchmark_quartet_before elapsed_s=220.077 completed=400 pending=860
[exp8078] phase=benchmark_transaction_before elapsed_s=220.077 completed=400 pending=860
[exp8078] phase=benchmark_transaction_after elapsed_s=220.144 completed=401 pending=859
[exp8078] phase=benchmark_transaction_before elapsed_s=220.144 completed=401 pending=859
[exp8078] phase=benchmark_transaction_after elapsed_s=220.213 completed=402 pending=858
[exp8078] phase=benchmark_transaction_before elapsed_s=220.213 completed=402 pending=858
[exp8078] phase=benchmark_transaction_after elapsed_s=220.285 completed=403 pending=857
[exp8078] phase=benchmark_transaction_before elapsed_s=220.285 completed=403 pending=857
[exp8078] phase=benchmark_transaction_after elapsed_s=220.359 completed=404 pending=856
[exp8078] phase=benchmark_quartet_after elapsed_s=220.360 completed=404 pending=856
[exp8078] phase=benchmark_quartet_before elapsed_s=220.360 completed=404 pending=856
[exp8078] phase=benchmark_transaction_before elapsed_s=220.360 completed=404 pending=856
[exp8078] phase=benchmark_transaction_after elapsed_s=220.431 completed=405 pending=855
[exp8078] phase=benchmark_transaction_before elapsed_s=220.432 completed=405 pending=855
[exp8078] phase=benchmark_transaction_after elapsed_s=220.676 completed=406 pending=854
[exp8078] phase=benchmark_transaction_before elapsed_s=220.676 completed=406 pending=854
[exp8078] phase=benchmark_transaction_after elapsed_s=220.748 completed=407 pending=853
[exp8078] phase=benchmark_transaction_before elapsed_s=220.748 completed=407 pending=853
[exp8078] phase=benchmark_transaction_after elapsed_s=220.976 completed=408 pending=852
[exp8078] phase=benchmark_quartet_after elapsed_s=220.977 completed=408 pending=852
[exp8078] phase=benchmark_quartet_before elapsed_s=220.977 completed=408 pending=852
[exp8078] phase=benchmark_transaction_before elapsed_s=220.978 completed=408 pending=852
[exp8078] phase=benchmark_transaction_after elapsed_s=222.384 completed=409 pending=851
[exp8078] phase=benchmark_transaction_before elapsed_s=222.384 completed=409 pending=851
[exp8078] phase=benchmark_transaction_after elapsed_s=222.390 completed=410 pending=850
[exp8078] phase=benchmark_transaction_before elapsed_s=222.390 completed=410 pending=850
[exp8078] phase=benchmark_transaction_after elapsed_s=222.396 completed=411 pending=849
[exp8078] phase=benchmark_transaction_before elapsed_s=222.396 completed=411 pending=849
[exp8078] phase=benchmark_transaction_after elapsed_s=223.694 completed=412 pending=848
[exp8078] phase=benchmark_quartet_after elapsed_s=223.697 completed=412 pending=848
[exp8078] phase=benchmark_quartet_before elapsed_s=223.697 completed=412 pending=848
[exp8078] phase=benchmark_transaction_before elapsed_s=223.697 completed=412 pending=848
[exp8078] phase=benchmark_transaction_after elapsed_s=223.767 completed=413 pending=847
[exp8078] phase=benchmark_transaction_before elapsed_s=223.767 completed=413 pending=847
[exp8078] phase=benchmark_transaction_after elapsed_s=223.770 completed=414 pending=846
[exp8078] phase=benchmark_transaction_before elapsed_s=223.770 completed=414 pending=846
[exp8078] phase=benchmark_transaction_after elapsed_s=223.813 completed=415 pending=845
[exp8078] phase=benchmark_transaction_before elapsed_s=223.814 completed=415 pending=845
[exp8078] phase=benchmark_transaction_after elapsed_s=223.883 completed=416 pending=844
[exp8078] phase=benchmark_quartet_after elapsed_s=223.885 completed=416 pending=844
[exp8078] phase=benchmark_quartet_before elapsed_s=223.885 completed=416 pending=844
[exp8078] phase=benchmark_transaction_before elapsed_s=223.885 completed=416 pending=844
[exp8078] phase=benchmark_transaction_after elapsed_s=223.954 completed=417 pending=843
[exp8078] phase=benchmark_transaction_before elapsed_s=223.954 completed=417 pending=843
[exp8078] phase=benchmark_transaction_after elapsed_s=223.958 completed=418 pending=842
[exp8078] phase=benchmark_transaction_before elapsed_s=223.958 completed=418 pending=842
[exp8078] phase=benchmark_transaction_after elapsed_s=224.027 completed=419 pending=841
[exp8078] phase=benchmark_transaction_before elapsed_s=224.027 completed=419 pending=841
[exp8078] phase=benchmark_transaction_after elapsed_s=224.030 completed=420 pending=840
[exp8078] phase=benchmark_quartet_after elapsed_s=224.031 completed=420 pending=840
[exp8078] phase=benchmark_quartet_before elapsed_s=224.033 completed=420 pending=840
[exp8078] phase=benchmark_transaction_before elapsed_s=224.033 completed=420 pending=840
[exp8078] phase=benchmark_transaction_after elapsed_s=225.324 completed=421 pending=839
[exp8078] phase=benchmark_transaction_before elapsed_s=225.324 completed=421 pending=839
[exp8078] phase=benchmark_transaction_after elapsed_s=226.620 completed=422 pending=838
[exp8078] phase=benchmark_transaction_before elapsed_s=226.620 completed=422 pending=838
[exp8078] phase=benchmark_transaction_after elapsed_s=227.934 completed=423 pending=837
[exp8078] phase=benchmark_transaction_before elapsed_s=227.935 completed=423 pending=837
[exp8078] phase=benchmark_transaction_after elapsed_s=229.249 completed=424 pending=836
[exp8078] phase=benchmark_quartet_after elapsed_s=229.253 completed=424 pending=836
[exp8078] phase=benchmark_quartet_before elapsed_s=229.254 completed=424 pending=836
[exp8078] phase=benchmark_transaction_before elapsed_s=229.254 completed=424 pending=836
[exp8078] phase=benchmark_transaction_after elapsed_s=229.323 completed=425 pending=835
[exp8078] phase=benchmark_transaction_before elapsed_s=229.323 completed=425 pending=835
[exp8078] phase=benchmark_transaction_after elapsed_s=229.394 completed=426 pending=834
[exp8078] phase=benchmark_transaction_before elapsed_s=229.394 completed=426 pending=834
[exp8078] phase=benchmark_transaction_after elapsed_s=229.463 completed=427 pending=833
[exp8078] phase=benchmark_transaction_before elapsed_s=229.463 completed=427 pending=833
[exp8078] phase=benchmark_transaction_after elapsed_s=229.534 completed=428 pending=832
[exp8078] phase=benchmark_quartet_after elapsed_s=229.536 completed=428 pending=832
[exp8078] phase=benchmark_quartet_before elapsed_s=229.537 completed=428 pending=832
[exp8078] phase=benchmark_transaction_before elapsed_s=229.537 completed=428 pending=832
[exp8078] phase=benchmark_transaction_after elapsed_s=229.723 completed=429 pending=831
[exp8078] phase=benchmark_transaction_before elapsed_s=229.723 completed=429 pending=831
[exp8078] phase=benchmark_transaction_after elapsed_s=229.794 completed=430 pending=830
[exp8078] phase=benchmark_transaction_before elapsed_s=229.794 completed=430 pending=830
[exp8078] phase=benchmark_transaction_after elapsed_s=229.866 completed=431 pending=829
[exp8078] phase=benchmark_transaction_before elapsed_s=229.867 completed=431 pending=829
[exp8078] phase=benchmark_transaction_after elapsed_s=229.935 completed=432 pending=828
[exp8078] phase=benchmark_quartet_after elapsed_s=229.936 completed=432 pending=828
[exp8078] phase=benchmark_quartet_before elapsed_s=229.938 completed=432 pending=828
[exp8078] phase=benchmark_transaction_before elapsed_s=229.938 completed=432 pending=828
[exp8078] phase=benchmark_transaction_after elapsed_s=231.275 completed=433 pending=827
[exp8078] phase=benchmark_transaction_before elapsed_s=231.276 completed=433 pending=827
[exp8078] phase=benchmark_transaction_after elapsed_s=232.740 completed=434 pending=826
[exp8078] phase=benchmark_transaction_before elapsed_s=232.740 completed=434 pending=826
[exp8078] phase=benchmark_transaction_after elapsed_s=234.246 completed=435 pending=825
[exp8078] phase=benchmark_transaction_before elapsed_s=234.247 completed=435 pending=825
[exp8078] phase=benchmark_transaction_after elapsed_s=235.756 completed=436 pending=824
[exp8078] phase=benchmark_quartet_after elapsed_s=235.760 completed=436 pending=824
[exp8078] phase=benchmark_quartet_before elapsed_s=235.761 completed=436 pending=824
[exp8078] phase=benchmark_transaction_before elapsed_s=235.761 completed=436 pending=824
[exp8078] phase=benchmark_transaction_after elapsed_s=235.984 completed=437 pending=823
[exp8078] phase=benchmark_transaction_before elapsed_s=235.984 completed=437 pending=823
[exp8078] phase=benchmark_transaction_after elapsed_s=236.212 completed=438 pending=822
[exp8078] phase=benchmark_transaction_before elapsed_s=236.212 completed=438 pending=822
[exp8078] phase=benchmark_transaction_after elapsed_s=236.441 completed=439 pending=821
[exp8078] phase=benchmark_transaction_before elapsed_s=236.441 completed=439 pending=821
[exp8078] phase=benchmark_transaction_after elapsed_s=236.667 completed=440 pending=820
[exp8078] phase=benchmark_quartet_after elapsed_s=236.669 completed=440 pending=820
[exp8078] phase=benchmark_quartet_before elapsed_s=236.670 completed=440 pending=820
[exp8078] phase=benchmark_transaction_before elapsed_s=236.670 completed=440 pending=820
[exp8078] phase=benchmark_transaction_after elapsed_s=236.900 completed=441 pending=819
[exp8078] phase=benchmark_transaction_before elapsed_s=236.900 completed=441 pending=819
[exp8078] phase=benchmark_transaction_after elapsed_s=237.261 completed=442 pending=818
[exp8078] phase=benchmark_transaction_before elapsed_s=237.261 completed=442 pending=818
[exp8078] phase=benchmark_transaction_after elapsed_s=237.488 completed=443 pending=817
[exp8078] phase=benchmark_transaction_before elapsed_s=237.489 completed=443 pending=817
[exp8078] phase=benchmark_transaction_after elapsed_s=237.865 completed=444 pending=816
[exp8078] phase=benchmark_quartet_after elapsed_s=237.866 completed=444 pending=816
[exp8078] phase=benchmark_quartet_before elapsed_s=237.866 completed=444 pending=816
[exp8078] phase=benchmark_transaction_before elapsed_s=237.867 completed=444 pending=816
[exp8078] phase=benchmark_transaction_after elapsed_s=239.188 completed=445 pending=815
[exp8078] phase=benchmark_transaction_before elapsed_s=239.188 completed=445 pending=815
[exp8078] phase=benchmark_transaction_after elapsed_s=240.503 completed=446 pending=814
[exp8078] phase=benchmark_transaction_before elapsed_s=240.503 completed=446 pending=814
[exp8078] phase=benchmark_transaction_after elapsed_s=241.987 completed=447 pending=813
[exp8078] phase=benchmark_transaction_before elapsed_s=241.987 completed=447 pending=813
[exp8078] phase=benchmark_transaction_after elapsed_s=243.324 completed=448 pending=812
[exp8078] phase=benchmark_quartet_after elapsed_s=243.327 completed=448 pending=812
[exp8078] phase=benchmark_quartet_before elapsed_s=243.327 completed=448 pending=812
[exp8078] phase=benchmark_transaction_before elapsed_s=243.327 completed=448 pending=812
[exp8078] phase=benchmark_transaction_after elapsed_s=243.550 completed=449 pending=811
[exp8078] phase=benchmark_transaction_before elapsed_s=243.550 completed=449 pending=811
[exp8078] phase=benchmark_transaction_after elapsed_s=243.777 completed=450 pending=810
[exp8078] phase=benchmark_transaction_before elapsed_s=243.777 completed=450 pending=810
[exp8078] phase=benchmark_transaction_after elapsed_s=244.006 completed=451 pending=809
[exp8078] phase=benchmark_transaction_before elapsed_s=244.006 completed=451 pending=809
[exp8078] phase=benchmark_transaction_after elapsed_s=244.229 completed=452 pending=808
[exp8078] phase=benchmark_quartet_after elapsed_s=244.230 completed=452 pending=808
[exp8078] phase=benchmark_quartet_before elapsed_s=244.230 completed=452 pending=808
[exp8078] phase=benchmark_transaction_before elapsed_s=244.230 completed=452 pending=808
[exp8078] phase=benchmark_transaction_after elapsed_s=244.454 completed=453 pending=807
[exp8078] phase=benchmark_transaction_before elapsed_s=244.454 completed=453 pending=807
[exp8078] phase=benchmark_transaction_after elapsed_s=244.682 completed=454 pending=806
[exp8078] phase=benchmark_transaction_before elapsed_s=244.683 completed=454 pending=806
[exp8078] phase=benchmark_transaction_after elapsed_s=244.910 completed=455 pending=805
[exp8078] phase=benchmark_transaction_before elapsed_s=244.910 completed=455 pending=805
[exp8078] phase=benchmark_transaction_after elapsed_s=245.303 completed=456 pending=804
[exp8078] phase=benchmark_quartet_after elapsed_s=245.305 completed=456 pending=804
[exp8078] phase=benchmark_quartet_before elapsed_s=245.305 completed=456 pending=804
[exp8078] phase=benchmark_transaction_before elapsed_s=245.305 completed=456 pending=804
[exp8078] phase=benchmark_transaction_after elapsed_s=246.620 completed=457 pending=803
[exp8078] phase=benchmark_transaction_before elapsed_s=246.620 completed=457 pending=803
[exp8078] phase=benchmark_transaction_after elapsed_s=246.625 completed=458 pending=802
[exp8078] phase=benchmark_transaction_before elapsed_s=246.625 completed=458 pending=802
[exp8078] phase=benchmark_transaction_after elapsed_s=247.945 completed=459 pending=801
[exp8078] phase=benchmark_transaction_before elapsed_s=247.945 completed=459 pending=801
[exp8078] phase=benchmark_transaction_after elapsed_s=247.950 completed=460 pending=800
[exp8078] phase=benchmark_quartet_after elapsed_s=247.953 completed=460 pending=800
[exp8078] phase=benchmark_quartet_before elapsed_s=247.953 completed=460 pending=800
[exp8078] phase=benchmark_transaction_before elapsed_s=247.953 completed=460 pending=800
[exp8078] phase=benchmark_transaction_after elapsed_s=247.957 completed=461 pending=799
[exp8078] phase=benchmark_transaction_before elapsed_s=247.957 completed=461 pending=799
[exp8078] phase=benchmark_transaction_after elapsed_s=247.960 completed=462 pending=798
[exp8078] phase=benchmark_transaction_before elapsed_s=247.960 completed=462 pending=798
[exp8078] phase=benchmark_transaction_after elapsed_s=248.184 completed=463 pending=797
[exp8078] phase=benchmark_transaction_before elapsed_s=248.184 completed=463 pending=797
[exp8078] phase=benchmark_transaction_after elapsed_s=248.409 completed=464 pending=796
[exp8078] phase=benchmark_quartet_after elapsed_s=248.411 completed=464 pending=796
[exp8078] phase=benchmark_quartet_before elapsed_s=248.411 completed=464 pending=796
[exp8078] phase=benchmark_transaction_before elapsed_s=248.411 completed=464 pending=796
[exp8078] phase=benchmark_transaction_after elapsed_s=248.415 completed=465 pending=795
[exp8078] phase=benchmark_transaction_before elapsed_s=248.415 completed=465 pending=795
[exp8078] phase=benchmark_transaction_after elapsed_s=248.640 completed=466 pending=794
[exp8078] phase=benchmark_transaction_before elapsed_s=248.640 completed=466 pending=794
[exp8078] phase=benchmark_transaction_after elapsed_s=249.022 completed=467 pending=793
[exp8078] phase=benchmark_transaction_before elapsed_s=249.022 completed=467 pending=793
[exp8078] phase=benchmark_transaction_after elapsed_s=249.223 completed=468 pending=792
[exp8078] phase=benchmark_quartet_after elapsed_s=249.225 completed=468 pending=792
[exp8078] phase=benchmark_quartet_before elapsed_s=249.225 completed=468 pending=792
[exp8078] phase=benchmark_transaction_before elapsed_s=249.226 completed=468 pending=792
[exp8078] phase=benchmark_transaction_after elapsed_s=249.231 completed=469 pending=791
[exp8078] phase=benchmark_transaction_before elapsed_s=249.232 completed=469 pending=791
[exp8078] phase=benchmark_transaction_after elapsed_s=249.236 completed=470 pending=790
[exp8078] phase=benchmark_transaction_before elapsed_s=249.237 completed=470 pending=790
[exp8078] phase=benchmark_transaction_after elapsed_s=250.629 completed=471 pending=789
[exp8078] phase=benchmark_transaction_before elapsed_s=250.630 completed=471 pending=789
[exp8078] phase=benchmark_transaction_after elapsed_s=252.032 completed=472 pending=788
[exp8078] phase=benchmark_quartet_after elapsed_s=252.035 completed=472 pending=788
[exp8078] phase=benchmark_quartet_before elapsed_s=252.035 completed=472 pending=788
[exp8078] phase=benchmark_transaction_before elapsed_s=252.035 completed=472 pending=788
[exp8078] phase=benchmark_transaction_after elapsed_s=252.039 completed=473 pending=787
[exp8078] phase=benchmark_transaction_before elapsed_s=252.039 completed=473 pending=787
[exp8078] phase=benchmark_transaction_after elapsed_s=252.376 completed=474 pending=786
[exp8078] phase=benchmark_transaction_before elapsed_s=252.376 completed=474 pending=786
[exp8078] phase=benchmark_transaction_after elapsed_s=252.842 completed=475 pending=785
[exp8078] phase=benchmark_transaction_before elapsed_s=252.842 completed=475 pending=785
[exp8078] phase=benchmark_transaction_after elapsed_s=252.846 completed=476 pending=784
[exp8078] phase=benchmark_quartet_after elapsed_s=252.848 completed=476 pending=784
[exp8078] phase=benchmark_quartet_before elapsed_s=252.848 completed=476 pending=784
[exp8078] phase=benchmark_transaction_before elapsed_s=252.848 completed=476 pending=784
[exp8078] phase=benchmark_transaction_after elapsed_s=253.184 completed=477 pending=783
[exp8078] phase=benchmark_transaction_before elapsed_s=253.184 completed=477 pending=783
[exp8078] phase=benchmark_transaction_after elapsed_s=253.187 completed=478 pending=782
[exp8078] phase=benchmark_transaction_before elapsed_s=253.187 completed=478 pending=782
[exp8078] phase=benchmark_transaction_after elapsed_s=253.191 completed=479 pending=781
[exp8078] phase=benchmark_transaction_before elapsed_s=253.191 completed=479 pending=781
[exp8078] phase=benchmark_transaction_after elapsed_s=253.529 completed=480 pending=780
[exp8078] phase=benchmark_quartet_after elapsed_s=253.533 completed=480 pending=780
[exp8078] phase=benchmark_quartet_before elapsed_s=253.533 completed=480 pending=780
[exp8078] phase=benchmark_transaction_before elapsed_s=253.533 completed=480 pending=780
[exp8078] phase=benchmark_transaction_after elapsed_s=254.917 completed=481 pending=779
[exp8078] phase=benchmark_transaction_before elapsed_s=254.918 completed=481 pending=779
[exp8078] phase=benchmark_transaction_after elapsed_s=256.463 completed=482 pending=778
[exp8078] phase=benchmark_transaction_before elapsed_s=256.463 completed=482 pending=778
[exp8078] phase=benchmark_transaction_after elapsed_s=257.866 completed=483 pending=777
[exp8078] phase=benchmark_transaction_before elapsed_s=257.866 completed=483 pending=777
[exp8078] phase=benchmark_transaction_after elapsed_s=259.248 completed=484 pending=776
[exp8078] phase=benchmark_quartet_after elapsed_s=259.251 completed=484 pending=776
[exp8078] phase=benchmark_quartet_before elapsed_s=259.251 completed=484 pending=776
[exp8078] phase=benchmark_transaction_before elapsed_s=259.252 completed=484 pending=776
[exp8078] phase=benchmark_transaction_after elapsed_s=259.590 completed=485 pending=775
[exp8078] phase=benchmark_transaction_before elapsed_s=259.590 completed=485 pending=775
[exp8078] phase=benchmark_transaction_after elapsed_s=259.933 completed=486 pending=774
[exp8078] phase=benchmark_transaction_before elapsed_s=259.933 completed=486 pending=774
[exp8078] phase=benchmark_transaction_after elapsed_s=260.382 completed=487 pending=773
[exp8078] phase=benchmark_transaction_before elapsed_s=260.382 completed=487 pending=773
[exp8078] phase=benchmark_transaction_after elapsed_s=260.728 completed=488 pending=772
[exp8078] phase=benchmark_quartet_after elapsed_s=260.729 completed=488 pending=772
[exp8078] phase=benchmark_quartet_before elapsed_s=260.729 completed=488 pending=772
[exp8078] phase=benchmark_transaction_before elapsed_s=260.729 completed=488 pending=772
[exp8078] phase=benchmark_transaction_after elapsed_s=261.186 completed=489 pending=771
[exp8078] phase=benchmark_transaction_before elapsed_s=261.186 completed=489 pending=771
[exp8078] phase=benchmark_transaction_after elapsed_s=261.527 completed=490 pending=770
[exp8078] phase=benchmark_transaction_before elapsed_s=261.527 completed=490 pending=770
[exp8078] phase=benchmark_transaction_after elapsed_s=261.875 completed=491 pending=769
[exp8078] phase=benchmark_transaction_before elapsed_s=261.875 completed=491 pending=769
[exp8078] phase=benchmark_transaction_after elapsed_s=262.392 completed=492 pending=768
[exp8078] phase=benchmark_quartet_after elapsed_s=262.394 completed=492 pending=768
[exp8078] phase=benchmark_quartet_before elapsed_s=262.396 completed=492 pending=768
[exp8078] phase=benchmark_transaction_before elapsed_s=262.396 completed=492 pending=768
[exp8078] phase=benchmark_transaction_after elapsed_s=263.777 completed=493 pending=767
[exp8078] phase=benchmark_transaction_before elapsed_s=263.777 completed=493 pending=767
[exp8078] phase=benchmark_transaction_after elapsed_s=265.309 completed=494 pending=766
[exp8078] phase=benchmark_transaction_before elapsed_s=265.309 completed=494 pending=766
[exp8078] phase=benchmark_transaction_after elapsed_s=266.720 completed=495 pending=765
[exp8078] phase=benchmark_transaction_before elapsed_s=266.721 completed=495 pending=765
[exp8078] phase=benchmark_transaction_after elapsed_s=268.111 completed=496 pending=764
[exp8078] phase=benchmark_quartet_after elapsed_s=268.114 completed=496 pending=764
[exp8078] phase=benchmark_quartet_before elapsed_s=268.115 completed=496 pending=764
[exp8078] phase=benchmark_transaction_before elapsed_s=268.115 completed=496 pending=764
[exp8078] phase=benchmark_transaction_after elapsed_s=268.455 completed=497 pending=763
[exp8078] phase=benchmark_transaction_before elapsed_s=268.455 completed=497 pending=763
[exp8078] phase=benchmark_transaction_after elapsed_s=268.799 completed=498 pending=762
[exp8078] phase=benchmark_transaction_before elapsed_s=268.799 completed=498 pending=762
[exp8078] phase=benchmark_transaction_after elapsed_s=269.144 completed=499 pending=761
[exp8078] phase=benchmark_transaction_before elapsed_s=269.144 completed=499 pending=761
[exp8078] phase=benchmark_transaction_after elapsed_s=269.481 completed=500 pending=760
[exp8078] phase=benchmark_quartet_after elapsed_s=269.482 completed=500 pending=760
[exp8078] phase=benchmark_quartet_before elapsed_s=269.484 completed=500 pending=760
[exp8078] phase=benchmark_transaction_before elapsed_s=269.484 completed=500 pending=760
[exp8078] phase=benchmark_transaction_after elapsed_s=269.829 completed=501 pending=759
[exp8078] phase=benchmark_transaction_before elapsed_s=269.829 completed=501 pending=759
[exp8078] phase=benchmark_transaction_after elapsed_s=270.170 completed=502 pending=758
[exp8078] phase=benchmark_transaction_before elapsed_s=270.170 completed=502 pending=758
[exp8078] phase=benchmark_transaction_after elapsed_s=270.512 completed=503 pending=757
[exp8078] phase=benchmark_transaction_before elapsed_s=270.512 completed=503 pending=757
[exp8078] phase=benchmark_transaction_after elapsed_s=270.854 completed=504 pending=756
[exp8078] phase=benchmark_quartet_after elapsed_s=270.855 completed=504 pending=756
[exp8078] phase=benchmark_quartet_before elapsed_s=270.855 completed=504 pending=756
[exp8078] phase=benchmark_transaction_before elapsed_s=270.856 completed=504 pending=756
[exp8078] phase=benchmark_transaction_after elapsed_s=272.633 completed=505 pending=755
[exp8078] phase=benchmark_transaction_before elapsed_s=272.634 completed=505 pending=755
[exp8078] phase=benchmark_transaction_after elapsed_s=274.389 completed=506 pending=754
[exp8078] phase=benchmark_transaction_before elapsed_s=274.390 completed=506 pending=754
[exp8078] phase=benchmark_transaction_after elapsed_s=276.180 completed=507 pending=753
[exp8078] phase=benchmark_transaction_before elapsed_s=276.180 completed=507 pending=753
[exp8078] phase=benchmark_transaction_after elapsed_s=277.928 completed=508 pending=752
[exp8078] phase=benchmark_quartet_after elapsed_s=277.932 completed=508 pending=752
[exp8078] phase=benchmark_quartet_before elapsed_s=277.932 completed=508 pending=752
[exp8078] phase=benchmark_transaction_before elapsed_s=277.932 completed=508 pending=752
[exp8078] phase=benchmark_transaction_after elapsed_s=278.380 completed=509 pending=751
[exp8078] phase=benchmark_transaction_before elapsed_s=278.380 completed=509 pending=751
[exp8078] phase=benchmark_transaction_after elapsed_s=278.824 completed=510 pending=750
[exp8078] phase=benchmark_transaction_before elapsed_s=278.824 completed=510 pending=750
[exp8078] phase=benchmark_transaction_after elapsed_s=279.275 completed=511 pending=749
[exp8078] phase=benchmark_transaction_before elapsed_s=279.275 completed=511 pending=749
[exp8078] phase=benchmark_transaction_after elapsed_s=279.711 completed=512 pending=748
[exp8078] phase=benchmark_quartet_after elapsed_s=279.713 completed=512 pending=748
[exp8078] phase=benchmark_quartet_before elapsed_s=279.713 completed=512 pending=748
[exp8078] phase=benchmark_transaction_before elapsed_s=279.713 completed=512 pending=748
[exp8078] phase=benchmark_transaction_after elapsed_s=280.163 completed=513 pending=747
[exp8078] phase=benchmark_transaction_before elapsed_s=280.163 completed=513 pending=747
[exp8078] phase=benchmark_transaction_after elapsed_s=280.611 completed=514 pending=746
[exp8078] phase=benchmark_transaction_before elapsed_s=280.611 completed=514 pending=746
[exp8078] phase=benchmark_transaction_after elapsed_s=281.054 completed=515 pending=745
[exp8078] phase=benchmark_transaction_before elapsed_s=281.054 completed=515 pending=745
[exp8078] phase=benchmark_transaction_after elapsed_s=281.492 completed=516 pending=744
[exp8078] phase=benchmark_quartet_after elapsed_s=281.494 completed=516 pending=744
[exp8078] phase=benchmark_quartet_before elapsed_s=281.495 completed=516 pending=744
[exp8078] phase=benchmark_transaction_before elapsed_s=281.496 completed=516 pending=744
[exp8078] phase=benchmark_transaction_after elapsed_s=283.249 completed=517 pending=743
[exp8078] phase=benchmark_transaction_before elapsed_s=283.249 completed=517 pending=743
[exp8078] phase=benchmark_transaction_after elapsed_s=285.215 completed=518 pending=742
[exp8078] phase=benchmark_transaction_before elapsed_s=285.215 completed=518 pending=742
[exp8078] phase=benchmark_transaction_after elapsed_s=287.000 completed=519 pending=741
[exp8078] phase=benchmark_transaction_before elapsed_s=287.000 completed=519 pending=741
[exp8078] phase=benchmark_transaction_after elapsed_s=288.935 completed=520 pending=740
[exp8078] phase=benchmark_quartet_after elapsed_s=288.943 completed=520 pending=740
[exp8078] phase=benchmark_quartet_before elapsed_s=288.946 completed=520 pending=740
[exp8078] phase=benchmark_transaction_before elapsed_s=288.946 completed=520 pending=740
[exp8078] phase=benchmark_transaction_after elapsed_s=289.399 completed=521 pending=739
[exp8078] phase=benchmark_transaction_before elapsed_s=289.399 completed=521 pending=739
[exp8078] phase=benchmark_transaction_after elapsed_s=289.845 completed=522 pending=738
[exp8078] phase=benchmark_transaction_before elapsed_s=289.845 completed=522 pending=738
[exp8078] phase=benchmark_transaction_after elapsed_s=290.284 completed=523 pending=737
[exp8078] phase=benchmark_transaction_before elapsed_s=290.284 completed=523 pending=737
[exp8078] phase=benchmark_transaction_after elapsed_s=290.732 completed=524 pending=736
[exp8078] phase=benchmark_quartet_after elapsed_s=290.733 completed=524 pending=736
[exp8078] phase=benchmark_quartet_before elapsed_s=290.735 completed=524 pending=736
[exp8078] phase=benchmark_transaction_before elapsed_s=290.735 completed=524 pending=736
[exp8078] phase=benchmark_transaction_after elapsed_s=291.183 completed=525 pending=735
[exp8078] phase=benchmark_transaction_before elapsed_s=291.183 completed=525 pending=735
[exp8078] phase=benchmark_transaction_after elapsed_s=291.632 completed=526 pending=734
[exp8078] phase=benchmark_transaction_before elapsed_s=291.632 completed=526 pending=734
[exp8078] phase=benchmark_transaction_after elapsed_s=292.070 completed=527 pending=733
[exp8078] phase=benchmark_transaction_before elapsed_s=292.070 completed=527 pending=733
[exp8078] phase=benchmark_transaction_after elapsed_s=292.510 completed=528 pending=732
[exp8078] phase=benchmark_quartet_after elapsed_s=292.511 completed=528 pending=732
[exp8078] phase=benchmark_quartet_before elapsed_s=292.511 completed=528 pending=732
[exp8078] phase=benchmark_transaction_before elapsed_s=292.512 completed=528 pending=732
[exp8078] phase=benchmark_transaction_after elapsed_s=292.518 completed=529 pending=731
[exp8078] phase=benchmark_transaction_before elapsed_s=292.518 completed=529 pending=731
[exp8078] phase=benchmark_transaction_after elapsed_s=294.257 completed=530 pending=730
[exp8078] phase=benchmark_transaction_before elapsed_s=294.258 completed=530 pending=730
[exp8078] phase=benchmark_transaction_after elapsed_s=294.263 completed=531 pending=729
[exp8078] phase=benchmark_transaction_before elapsed_s=294.264 completed=531 pending=729
[exp8078] phase=benchmark_transaction_after elapsed_s=296.013 completed=532 pending=728
[exp8078] phase=benchmark_quartet_after elapsed_s=296.016 completed=532 pending=728
[exp8078] phase=benchmark_quartet_before elapsed_s=296.016 completed=532 pending=728
[exp8078] phase=benchmark_transaction_before elapsed_s=296.016 completed=532 pending=728
[exp8078] phase=benchmark_transaction_after elapsed_s=296.020 completed=533 pending=727
[exp8078] phase=benchmark_transaction_before elapsed_s=296.020 completed=533 pending=727
[exp8078] phase=benchmark_transaction_after elapsed_s=296.024 completed=534 pending=726
[exp8078] phase=benchmark_transaction_before elapsed_s=296.024 completed=534 pending=726
[exp8078] phase=benchmark_transaction_after elapsed_s=296.467 completed=535 pending=725
[exp8078] phase=benchmark_transaction_before elapsed_s=296.467 completed=535 pending=725
[exp8078] phase=benchmark_transaction_after elapsed_s=296.909 completed=536 pending=724
[exp8078] phase=benchmark_quartet_after elapsed_s=296.911 completed=536 pending=724
[exp8078] phase=benchmark_quartet_before elapsed_s=296.911 completed=536 pending=724
[exp8078] phase=benchmark_transaction_before elapsed_s=296.911 completed=536 pending=724
[exp8078] phase=benchmark_transaction_after elapsed_s=296.915 completed=537 pending=723
[exp8078] phase=benchmark_transaction_before elapsed_s=296.915 completed=537 pending=723
[exp8078] phase=benchmark_transaction_after elapsed_s=296.919 completed=538 pending=722
[exp8078] phase=benchmark_transaction_before elapsed_s=296.919 completed=538 pending=722
[exp8078] phase=benchmark_transaction_after elapsed_s=297.361 completed=539 pending=721
[exp8078] phase=benchmark_transaction_before elapsed_s=297.361 completed=539 pending=721
[exp8078] phase=benchmark_transaction_after elapsed_s=297.803 completed=540 pending=720
[exp8078] phase=benchmark_quartet_after elapsed_s=297.805 completed=540 pending=720
[exp8078] phase=benchmark_quartet_before elapsed_s=297.805 completed=540 pending=720
[exp8078] phase=benchmark_transaction_before elapsed_s=297.805 completed=540 pending=720
[exp8078] phase=benchmark_transaction_after elapsed_s=299.287 completed=541 pending=719
[exp8078] phase=benchmark_transaction_before elapsed_s=299.287 completed=541 pending=719
[exp8078] phase=benchmark_transaction_after elapsed_s=300.548 completed=542 pending=718
[exp8078] phase=benchmark_transaction_before elapsed_s=300.549 completed=542 pending=718
[exp8078] phase=benchmark_transaction_after elapsed_s=301.833 completed=543 pending=717
[exp8078] phase=benchmark_transaction_before elapsed_s=301.833 completed=543 pending=717
[exp8078] phase=benchmark_transaction_after elapsed_s=303.089 completed=544 pending=716
[exp8078] phase=benchmark_quartet_after elapsed_s=303.092 completed=544 pending=716
[exp8078] phase=benchmark_quartet_before elapsed_s=303.092 completed=544 pending=716
[exp8078] phase=benchmark_transaction_before elapsed_s=303.092 completed=544 pending=716
[exp8078] phase=benchmark_transaction_after elapsed_s=303.129 completed=545 pending=715
[exp8078] phase=benchmark_transaction_before elapsed_s=303.129 completed=545 pending=715
[exp8078] phase=benchmark_transaction_after elapsed_s=303.306 completed=546 pending=714
[exp8078] phase=benchmark_transaction_before elapsed_s=303.306 completed=546 pending=714
[exp8078] phase=benchmark_transaction_after elapsed_s=303.340 completed=547 pending=713
[exp8078] phase=benchmark_transaction_before elapsed_s=303.340 completed=547 pending=713
[exp8078] phase=benchmark_transaction_after elapsed_s=303.375 completed=548 pending=712
[exp8078] phase=benchmark_quartet_after elapsed_s=303.376 completed=548 pending=712
[exp8078] phase=benchmark_quartet_before elapsed_s=303.376 completed=548 pending=712
[exp8078] phase=benchmark_transaction_before elapsed_s=303.376 completed=548 pending=712
[exp8078] phase=benchmark_transaction_after elapsed_s=303.410 completed=549 pending=711
[exp8078] phase=benchmark_transaction_before elapsed_s=303.410 completed=549 pending=711
[exp8078] phase=benchmark_transaction_after elapsed_s=303.443 completed=550 pending=710
[exp8078] phase=benchmark_transaction_before elapsed_s=303.444 completed=550 pending=710
[exp8078] phase=benchmark_transaction_after elapsed_s=303.481 completed=551 pending=709
[exp8078] phase=benchmark_transaction_before elapsed_s=303.481 completed=551 pending=709
[exp8078] phase=benchmark_transaction_after elapsed_s=303.518 completed=552 pending=708
[exp8078] phase=benchmark_quartet_after elapsed_s=303.519 completed=552 pending=708
[exp8078] phase=benchmark_quartet_before elapsed_s=303.519 completed=552 pending=708
[exp8078] phase=benchmark_transaction_before elapsed_s=303.520 completed=552 pending=708
[exp8078] phase=benchmark_transaction_after elapsed_s=304.782 completed=553 pending=707
[exp8078] phase=benchmark_transaction_before elapsed_s=304.782 completed=553 pending=707
[exp8078] phase=benchmark_transaction_after elapsed_s=304.788 completed=554 pending=706
[exp8078] phase=benchmark_transaction_before elapsed_s=304.788 completed=554 pending=706
[exp8078] phase=benchmark_transaction_after elapsed_s=306.032 completed=555 pending=705
[exp8078] phase=benchmark_transaction_before elapsed_s=306.033 completed=555 pending=705
[exp8078] phase=benchmark_transaction_after elapsed_s=306.038 completed=556 pending=704
[exp8078] phase=benchmark_quartet_after elapsed_s=306.041 completed=556 pending=704
[exp8078] phase=benchmark_quartet_before elapsed_s=306.041 completed=556 pending=704
[exp8078] phase=benchmark_transaction_before elapsed_s=306.041 completed=556 pending=704
[exp8078] phase=benchmark_transaction_after elapsed_s=306.075 completed=557 pending=703
[exp8078] phase=benchmark_transaction_before elapsed_s=306.075 completed=557 pending=703
[exp8078] phase=benchmark_transaction_after elapsed_s=306.078 completed=558 pending=702
[exp8078] phase=benchmark_transaction_before elapsed_s=306.079 completed=558 pending=702
[exp8078] phase=benchmark_transaction_after elapsed_s=306.113 completed=559 pending=701
[exp8078] phase=benchmark_transaction_before elapsed_s=306.113 completed=559 pending=701
[exp8078] phase=benchmark_transaction_after elapsed_s=306.117 completed=560 pending=700
[exp8078] phase=benchmark_quartet_after elapsed_s=306.118 completed=560 pending=700
[exp8078] phase=benchmark_quartet_before elapsed_s=306.118 completed=560 pending=700
[exp8078] phase=benchmark_transaction_before elapsed_s=306.118 completed=560 pending=700
[exp8078] phase=benchmark_transaction_after elapsed_s=306.122 completed=561 pending=699
[exp8078] phase=benchmark_transaction_before elapsed_s=306.122 completed=561 pending=699
[exp8078] phase=benchmark_transaction_after elapsed_s=306.157 completed=562 pending=698
[exp8078] phase=benchmark_transaction_before elapsed_s=306.157 completed=562 pending=698
[exp8078] phase=benchmark_transaction_after elapsed_s=306.160 completed=563 pending=697
[exp8078] phase=benchmark_transaction_before elapsed_s=306.160 completed=563 pending=697
[exp8078] phase=benchmark_transaction_after elapsed_s=306.195 completed=564 pending=696
[exp8078] phase=benchmark_quartet_after elapsed_s=306.196 completed=564 pending=696
[exp8078] phase=benchmark_quartet_before elapsed_s=306.198 completed=564 pending=696
[exp8078] phase=benchmark_transaction_before elapsed_s=306.198 completed=564 pending=696
[exp8078] phase=benchmark_transaction_after elapsed_s=307.464 completed=565 pending=695
[exp8078] phase=benchmark_transaction_before elapsed_s=307.464 completed=565 pending=695
[exp8078] phase=benchmark_transaction_after elapsed_s=308.937 completed=566 pending=694
[exp8078] phase=benchmark_transaction_before elapsed_s=308.937 completed=566 pending=694
[exp8078] phase=benchmark_transaction_after elapsed_s=310.178 completed=567 pending=693
[exp8078] phase=benchmark_transaction_before elapsed_s=310.178 completed=567 pending=693
[exp8078] phase=benchmark_transaction_after elapsed_s=311.448 completed=568 pending=692
[exp8078] phase=benchmark_quartet_after elapsed_s=311.451 completed=568 pending=692
[exp8078] phase=benchmark_quartet_before elapsed_s=311.452 completed=568 pending=692
[exp8078] phase=benchmark_transaction_before elapsed_s=311.452 completed=568 pending=692
[exp8078] phase=benchmark_transaction_after elapsed_s=311.489 completed=569 pending=691
[exp8078] phase=benchmark_transaction_before elapsed_s=311.490 completed=569 pending=691
[exp8078] phase=benchmark_transaction_after elapsed_s=311.526 completed=570 pending=690
[exp8078] phase=benchmark_transaction_before elapsed_s=311.526 completed=570 pending=690
[exp8078] phase=benchmark_transaction_after elapsed_s=311.562 completed=571 pending=689
[exp8078] phase=benchmark_transaction_before elapsed_s=311.562 completed=571 pending=689
[exp8078] phase=benchmark_transaction_after elapsed_s=311.598 completed=572 pending=688
[exp8078] phase=benchmark_quartet_after elapsed_s=311.599 completed=572 pending=688
[exp8078] phase=benchmark_quartet_before elapsed_s=311.600 completed=572 pending=688
[exp8078] phase=benchmark_transaction_before elapsed_s=311.600 completed=572 pending=688
[exp8078] phase=benchmark_transaction_after elapsed_s=311.635 completed=573 pending=687
[exp8078] phase=benchmark_transaction_before elapsed_s=311.635 completed=573 pending=687
[exp8078] phase=benchmark_transaction_after elapsed_s=311.672 completed=574 pending=686
[exp8078] phase=benchmark_transaction_before elapsed_s=311.672 completed=574 pending=686
[exp8078] phase=benchmark_transaction_after elapsed_s=311.707 completed=575 pending=685
[exp8078] phase=benchmark_transaction_before elapsed_s=311.707 completed=575 pending=685
[exp8078] phase=benchmark_transaction_after elapsed_s=311.744 completed=576 pending=684
[exp8078] phase=benchmark_quartet_after elapsed_s=311.745 completed=576 pending=684
[exp8078] phase=benchmark_quartet_before elapsed_s=311.745 completed=576 pending=684
[exp8078] phase=benchmark_transaction_before elapsed_s=311.746 completed=576 pending=684
[exp8078] phase=benchmark_transaction_after elapsed_s=311.953 completed=577 pending=683
[exp8078] phase=benchmark_transaction_before elapsed_s=311.953 completed=577 pending=683
[exp8078] phase=benchmark_transaction_after elapsed_s=313.246 completed=578 pending=682
[exp8078] phase=benchmark_transaction_before elapsed_s=313.246 completed=578 pending=682
[exp8078] phase=benchmark_transaction_after elapsed_s=313.251 completed=579 pending=681
[exp8078] phase=benchmark_transaction_before elapsed_s=313.252 completed=579 pending=681
[exp8078] phase=benchmark_transaction_after elapsed_s=314.546 completed=580 pending=680
[exp8078] phase=benchmark_quartet_after elapsed_s=314.549 completed=580 pending=680
[exp8078] phase=benchmark_quartet_before elapsed_s=314.549 completed=580 pending=680
[exp8078] phase=benchmark_transaction_before elapsed_s=314.549 completed=580 pending=680
[exp8078] phase=benchmark_transaction_after elapsed_s=314.619 completed=581 pending=679
[exp8078] phase=benchmark_transaction_before elapsed_s=314.619 completed=581 pending=679
[exp8078] phase=benchmark_transaction_after elapsed_s=314.622 completed=582 pending=678
[exp8078] phase=benchmark_transaction_before elapsed_s=314.622 completed=582 pending=678
[exp8078] phase=benchmark_transaction_after elapsed_s=314.626 completed=583 pending=677
[exp8078] phase=benchmark_transaction_before elapsed_s=314.626 completed=583 pending=677
[exp8078] phase=benchmark_transaction_after elapsed_s=314.695 completed=584 pending=676
[exp8078] phase=benchmark_quartet_after elapsed_s=314.696 completed=584 pending=676
[exp8078] phase=benchmark_quartet_before elapsed_s=314.696 completed=584 pending=676
[exp8078] phase=benchmark_transaction_before elapsed_s=314.696 completed=584 pending=676
[exp8078] phase=benchmark_transaction_after elapsed_s=314.766 completed=585 pending=675
[exp8078] phase=benchmark_transaction_before elapsed_s=314.766 completed=585 pending=675
[exp8078] phase=benchmark_transaction_after elapsed_s=314.769 completed=586 pending=674
[exp8078] phase=benchmark_transaction_before elapsed_s=314.769 completed=586 pending=674
[exp8078] phase=benchmark_transaction_after elapsed_s=314.838 completed=587 pending=673
[exp8078] phase=benchmark_transaction_before elapsed_s=314.838 completed=587 pending=673
[exp8078] phase=benchmark_transaction_after elapsed_s=314.841 completed=588 pending=672
[exp8078] phase=benchmark_quartet_after elapsed_s=314.842 completed=588 pending=672
[exp8078] phase=benchmark_quartet_before elapsed_s=314.844 completed=588 pending=672
[exp8078] phase=benchmark_transaction_before elapsed_s=314.844 completed=588 pending=672
[exp8078] phase=benchmark_transaction_after elapsed_s=316.145 completed=589 pending=671
[exp8078] phase=benchmark_transaction_before elapsed_s=316.145 completed=589 pending=671
[exp8078] phase=benchmark_transaction_after elapsed_s=317.424 completed=590 pending=670
[exp8078] phase=benchmark_transaction_before elapsed_s=317.425 completed=590 pending=670
[exp8078] phase=benchmark_transaction_after elapsed_s=318.725 completed=591 pending=669
[exp8078] phase=benchmark_transaction_before elapsed_s=318.725 completed=591 pending=669
[exp8078] phase=benchmark_transaction_after elapsed_s=320.196 completed=592 pending=668
[exp8078] phase=benchmark_quartet_after elapsed_s=320.199 completed=592 pending=668
[exp8078] phase=benchmark_quartet_before elapsed_s=320.201 completed=592 pending=668
[exp8078] phase=benchmark_transaction_before elapsed_s=320.201 completed=592 pending=668
[exp8078] phase=benchmark_transaction_after elapsed_s=320.273 completed=593 pending=667
[exp8078] phase=benchmark_transaction_before elapsed_s=320.273 completed=593 pending=667
[exp8078] phase=benchmark_transaction_after elapsed_s=320.495 completed=594 pending=666
[exp8078] phase=benchmark_transaction_before elapsed_s=320.495 completed=594 pending=666
[exp8078] phase=benchmark_transaction_after elapsed_s=320.563 completed=595 pending=665
[exp8078] phase=benchmark_transaction_before elapsed_s=320.563 completed=595 pending=665
[exp8078] phase=benchmark_transaction_after elapsed_s=320.635 completed=596 pending=664
[exp8078] phase=benchmark_quartet_after elapsed_s=320.636 completed=596 pending=664
[exp8078] phase=benchmark_quartet_before elapsed_s=320.638 completed=596 pending=664
[exp8078] phase=benchmark_transaction_before elapsed_s=320.638 completed=596 pending=664
[exp8078] phase=benchmark_transaction_after elapsed_s=320.898 completed=597 pending=663
[exp8078] phase=benchmark_transaction_before elapsed_s=320.898 completed=597 pending=663
[exp8078] phase=benchmark_transaction_after elapsed_s=320.966 completed=598 pending=662
[exp8078] phase=benchmark_transaction_before elapsed_s=320.966 completed=598 pending=662
[exp8078] phase=benchmark_transaction_after elapsed_s=321.038 completed=599 pending=661
[exp8078] phase=benchmark_transaction_before elapsed_s=321.038 completed=599 pending=661
[exp8078] phase=benchmark_transaction_after elapsed_s=321.299 completed=600 pending=660
[exp8078] phase=benchmark_quartet_after elapsed_s=321.301 completed=600 pending=660
[exp8078] phase=benchmark_quartet_before elapsed_s=321.301 completed=600 pending=660
[exp8078] phase=benchmark_transaction_before elapsed_s=321.301 completed=600 pending=660
[exp8078] phase=benchmark_transaction_after elapsed_s=322.599 completed=601 pending=659
[exp8078] phase=benchmark_transaction_before elapsed_s=322.599 completed=601 pending=659
[exp8078] phase=benchmark_transaction_after elapsed_s=323.914 completed=602 pending=658
[exp8078] phase=benchmark_transaction_before elapsed_s=323.914 completed=602 pending=658
[exp8078] phase=benchmark_transaction_after elapsed_s=325.193 completed=603 pending=657
[exp8078] phase=benchmark_transaction_before elapsed_s=325.193 completed=603 pending=657
[exp8078] phase=benchmark_transaction_after elapsed_s=326.488 completed=604 pending=656
[exp8078] phase=benchmark_quartet_after elapsed_s=326.492 completed=604 pending=656
[exp8078] phase=benchmark_quartet_before elapsed_s=326.492 completed=604 pending=656
[exp8078] phase=benchmark_transaction_before elapsed_s=326.492 completed=604 pending=656
[exp8078] phase=benchmark_transaction_after elapsed_s=326.560 completed=605 pending=655
[exp8078] phase=benchmark_transaction_before elapsed_s=326.560 completed=605 pending=655
[exp8078] phase=benchmark_transaction_after elapsed_s=326.632 completed=606 pending=654
[exp8078] phase=benchmark_transaction_before elapsed_s=326.632 completed=606 pending=654
[exp8078] phase=benchmark_transaction_after elapsed_s=326.700 completed=607 pending=653
[exp8078] phase=benchmark_transaction_before elapsed_s=326.700 completed=607 pending=653
[exp8078] phase=benchmark_transaction_after elapsed_s=326.773 completed=608 pending=652
[exp8078] phase=benchmark_quartet_after elapsed_s=326.774 completed=608 pending=652
[exp8078] phase=benchmark_quartet_before elapsed_s=326.774 completed=608 pending=652
[exp8078] phase=benchmark_transaction_before elapsed_s=326.774 completed=608 pending=652
[exp8078] phase=benchmark_transaction_after elapsed_s=326.846 completed=609 pending=651
[exp8078] phase=benchmark_transaction_before elapsed_s=326.846 completed=609 pending=651
[exp8078] phase=benchmark_transaction_after elapsed_s=327.030 completed=610 pending=650
[exp8078] phase=benchmark_transaction_before elapsed_s=327.030 completed=610 pending=650
[exp8078] phase=benchmark_transaction_after elapsed_s=327.101 completed=611 pending=649
[exp8078] phase=benchmark_transaction_before elapsed_s=327.101 completed=611 pending=649
[exp8078] phase=benchmark_transaction_after elapsed_s=327.330 completed=612 pending=648
[exp8078] phase=benchmark_quartet_after elapsed_s=327.332 completed=612 pending=648
[exp8078] phase=benchmark_quartet_before elapsed_s=327.332 completed=612 pending=648
[exp8078] phase=benchmark_transaction_before elapsed_s=327.332 completed=612 pending=648
[exp8078] phase=benchmark_transaction_after elapsed_s=328.646 completed=613 pending=647
[exp8078] phase=benchmark_transaction_before elapsed_s=328.646 completed=613 pending=647
[exp8078] phase=benchmark_transaction_after elapsed_s=328.651 completed=614 pending=646
[exp8078] phase=benchmark_transaction_before elapsed_s=328.651 completed=614 pending=646
[exp8078] phase=benchmark_transaction_after elapsed_s=329.971 completed=615 pending=645
[exp8078] phase=benchmark_transaction_before elapsed_s=329.971 completed=615 pending=645
[exp8078] phase=benchmark_transaction_after elapsed_s=329.977 completed=616 pending=644
[exp8078] phase=benchmark_quartet_after elapsed_s=329.980 completed=616 pending=644
[exp8078] phase=benchmark_quartet_before elapsed_s=329.980 completed=616 pending=644
[exp8078] phase=benchmark_transaction_before elapsed_s=329.980 completed=616 pending=644
[exp8078] phase=benchmark_transaction_after elapsed_s=329.983 completed=617 pending=643
[exp8078] phase=benchmark_transaction_before elapsed_s=329.983 completed=617 pending=643
[exp8078] phase=benchmark_transaction_after elapsed_s=329.987 completed=618 pending=642
[exp8078] phase=benchmark_transaction_before elapsed_s=329.987 completed=618 pending=642
[exp8078] phase=benchmark_transaction_after elapsed_s=330.211 completed=619 pending=641
[exp8078] phase=benchmark_transaction_before elapsed_s=330.211 completed=619 pending=641
[exp8078] phase=benchmark_transaction_after elapsed_s=330.437 completed=620 pending=640
[exp8078] phase=benchmark_quartet_after elapsed_s=330.439 completed=620 pending=640
[exp8078] phase=benchmark_quartet_before elapsed_s=330.439 completed=620 pending=640
[exp8078] phase=benchmark_transaction_before elapsed_s=330.439 completed=620 pending=640
[exp8078] phase=benchmark_transaction_after elapsed_s=330.442 completed=621 pending=639
[exp8078] phase=benchmark_transaction_before elapsed_s=330.442 completed=621 pending=639
[exp8078] phase=benchmark_transaction_after elapsed_s=330.664 completed=622 pending=638
[exp8078] phase=benchmark_transaction_before elapsed_s=330.664 completed=622 pending=638
[exp8078] phase=benchmark_transaction_after elapsed_s=330.668 completed=623 pending=637
[exp8078] phase=benchmark_transaction_before elapsed_s=330.668 completed=623 pending=637
[exp8078] phase=benchmark_transaction_after elapsed_s=330.892 completed=624 pending=636
[exp8078] phase=benchmark_quartet_after elapsed_s=330.893 completed=624 pending=636
[exp8078] phase=benchmark_quartet_before elapsed_s=330.895 completed=624 pending=636
[exp8078] phase=benchmark_transaction_before elapsed_s=330.895 completed=624 pending=636
[exp8078] phase=benchmark_transaction_after elapsed_s=332.251 completed=625 pending=635
[exp8078] phase=benchmark_transaction_before elapsed_s=332.251 completed=625 pending=635
[exp8078] phase=benchmark_transaction_after elapsed_s=333.766 completed=626 pending=634
[exp8078] phase=benchmark_transaction_before elapsed_s=333.766 completed=626 pending=634
[exp8078] phase=benchmark_transaction_after elapsed_s=335.086 completed=627 pending=633
[exp8078] phase=benchmark_transaction_before elapsed_s=335.086 completed=627 pending=633
[exp8078] phase=benchmark_transaction_after elapsed_s=336.410 completed=628 pending=632
[exp8078] phase=benchmark_quartet_after elapsed_s=336.413 completed=628 pending=632
[exp8078] phase=benchmark_quartet_before elapsed_s=336.415 completed=628 pending=632
[exp8078] phase=benchmark_transaction_before elapsed_s=336.415 completed=628 pending=632
[exp8078] phase=benchmark_transaction_after elapsed_s=336.641 completed=629 pending=631
[exp8078] phase=benchmark_transaction_before elapsed_s=336.642 completed=629 pending=631
[exp8078] phase=benchmark_transaction_after elapsed_s=336.868 completed=630 pending=630
[exp8078] phase=benchmark_transaction_before elapsed_s=336.868 completed=630 pending=630
[exp8078] phase=benchmark_transaction_after elapsed_s=337.097 completed=631 pending=629
[exp8078] phase=benchmark_transaction_before elapsed_s=337.097 completed=631 pending=629
[exp8078] phase=benchmark_transaction_after elapsed_s=337.322 completed=632 pending=628
[exp8078] phase=benchmark_quartet_after elapsed_s=337.324 completed=632 pending=628
[exp8078] phase=benchmark_quartet_before elapsed_s=337.325 completed=632 pending=628
[exp8078] phase=benchmark_transaction_before elapsed_s=337.325 completed=632 pending=628
[exp8078] phase=benchmark_transaction_after elapsed_s=337.552 completed=633 pending=627
[exp8078] phase=benchmark_transaction_before elapsed_s=337.552 completed=633 pending=627
[exp8078] phase=benchmark_transaction_after elapsed_s=337.778 completed=634 pending=626
[exp8078] phase=benchmark_transaction_before elapsed_s=337.778 completed=634 pending=626
[exp8078] phase=benchmark_transaction_after elapsed_s=338.005 completed=635 pending=625
[exp8078] phase=benchmark_transaction_before elapsed_s=338.005 completed=635 pending=625
[exp8078] phase=benchmark_transaction_after elapsed_s=338.231 completed=636 pending=624
[exp8078] phase=benchmark_quartet_after elapsed_s=338.232 completed=636 pending=624
[exp8078] phase=benchmark_quartet_before elapsed_s=338.232 completed=636 pending=624
[exp8078] phase=benchmark_transaction_before elapsed_s=338.233 completed=636 pending=624
[exp8078] phase=benchmark_transaction_after elapsed_s=339.583 completed=637 pending=623
[exp8078] phase=benchmark_transaction_before elapsed_s=339.584 completed=637 pending=623
[exp8078] phase=benchmark_transaction_after elapsed_s=340.925 completed=638 pending=622
[exp8078] phase=benchmark_transaction_before elapsed_s=340.925 completed=638 pending=622
[exp8078] phase=benchmark_transaction_after elapsed_s=342.250 completed=639 pending=621
[exp8078] phase=benchmark_transaction_before elapsed_s=342.251 completed=639 pending=621
[exp8078] phase=benchmark_transaction_after elapsed_s=343.582 completed=640 pending=620
[exp8078] phase=benchmark_quartet_after elapsed_s=343.585 completed=640 pending=620
[exp8078] phase=benchmark_quartet_before elapsed_s=343.585 completed=640 pending=620
[exp8078] phase=benchmark_transaction_before elapsed_s=343.585 completed=640 pending=620
[exp8078] phase=benchmark_transaction_after elapsed_s=343.813 completed=641 pending=619
[exp8078] phase=benchmark_transaction_before elapsed_s=343.813 completed=641 pending=619
[exp8078] phase=benchmark_transaction_after elapsed_s=344.220 completed=642 pending=618
[exp8078] phase=benchmark_transaction_before elapsed_s=344.220 completed=642 pending=618
[exp8078] phase=benchmark_transaction_after elapsed_s=344.442 completed=643 pending=617
[exp8078] phase=benchmark_transaction_before elapsed_s=344.442 completed=643 pending=617
[exp8078] phase=benchmark_transaction_after elapsed_s=344.670 completed=644 pending=616
[exp8078] phase=benchmark_quartet_after elapsed_s=344.672 completed=644 pending=616
[exp8078] phase=benchmark_quartet_before elapsed_s=344.672 completed=644 pending=616
[exp8078] phase=benchmark_transaction_before elapsed_s=344.672 completed=644 pending=616
[exp8078] phase=benchmark_transaction_after elapsed_s=345.024 completed=645 pending=615
[exp8078] phase=benchmark_transaction_before elapsed_s=345.024 completed=645 pending=615
[exp8078] phase=benchmark_transaction_after elapsed_s=345.251 completed=646 pending=614
[exp8078] phase=benchmark_transaction_before elapsed_s=345.251 completed=646 pending=614
[exp8078] phase=benchmark_transaction_after elapsed_s=345.627 completed=647 pending=613
[exp8078] phase=benchmark_transaction_before elapsed_s=345.627 completed=647 pending=613
[exp8078] phase=benchmark_transaction_after elapsed_s=346.028 completed=648 pending=612
[exp8078] phase=benchmark_quartet_after elapsed_s=346.030 completed=648 pending=612
[exp8078] phase=benchmark_quartet_before elapsed_s=346.031 completed=648 pending=612
[exp8078] phase=benchmark_transaction_before elapsed_s=346.031 completed=648 pending=612
[exp8078] phase=benchmark_transaction_after elapsed_s=347.538 completed=649 pending=611
[exp8078] phase=benchmark_transaction_before elapsed_s=347.538 completed=649 pending=611
[exp8078] phase=benchmark_transaction_after elapsed_s=348.946 completed=650 pending=610
[exp8078] phase=benchmark_transaction_before elapsed_s=348.946 completed=650 pending=610
[exp8078] phase=benchmark_transaction_after elapsed_s=350.344 completed=651 pending=609
[exp8078] phase=benchmark_transaction_before elapsed_s=350.344 completed=651 pending=609
[exp8078] phase=benchmark_transaction_after elapsed_s=351.747 completed=652 pending=608
[exp8078] phase=benchmark_quartet_after elapsed_s=351.751 completed=652 pending=608
[exp8078] phase=benchmark_quartet_before elapsed_s=351.752 completed=652 pending=608
[exp8078] phase=benchmark_transaction_before elapsed_s=351.752 completed=652 pending=608
[exp8078] phase=benchmark_transaction_after elapsed_s=352.090 completed=653 pending=607
[exp8078] phase=benchmark_transaction_before elapsed_s=352.090 completed=653 pending=607
[exp8078] phase=benchmark_transaction_after elapsed_s=352.437 completed=654 pending=606
[exp8078] phase=benchmark_transaction_before elapsed_s=352.437 completed=654 pending=606
[exp8078] phase=benchmark_transaction_after elapsed_s=352.777 completed=655 pending=605
[exp8078] phase=benchmark_transaction_before elapsed_s=352.777 completed=655 pending=605
[exp8078] phase=benchmark_transaction_after elapsed_s=353.267 completed=656 pending=604
[exp8078] phase=benchmark_quartet_after elapsed_s=353.269 completed=656 pending=604
[exp8078] phase=benchmark_quartet_before elapsed_s=353.270 completed=656 pending=604
[exp8078] phase=benchmark_transaction_before elapsed_s=353.270 completed=656 pending=604
[exp8078] phase=benchmark_transaction_after elapsed_s=353.611 completed=657 pending=603
[exp8078] phase=benchmark_transaction_before elapsed_s=353.612 completed=657 pending=603
[exp8078] phase=benchmark_transaction_after elapsed_s=353.952 completed=658 pending=602
[exp8078] phase=benchmark_transaction_before elapsed_s=353.952 completed=658 pending=602
[exp8078] phase=benchmark_transaction_after elapsed_s=354.299 completed=659 pending=601
[exp8078] phase=benchmark_transaction_before elapsed_s=354.299 completed=659 pending=601
[exp8078] phase=benchmark_transaction_after elapsed_s=354.641 completed=660 pending=600
[exp8078] phase=benchmark_quartet_after elapsed_s=354.643 completed=660 pending=600
[exp8078] phase=benchmark_quartet_before elapsed_s=354.643 completed=660 pending=600
[exp8078] phase=benchmark_transaction_before elapsed_s=354.643 completed=660 pending=600
[exp8078] phase=benchmark_transaction_after elapsed_s=354.648 completed=661 pending=599
[exp8078] phase=benchmark_transaction_before elapsed_s=354.649 completed=661 pending=599
[exp8078] phase=benchmark_transaction_after elapsed_s=356.030 completed=662 pending=598
[exp8078] phase=benchmark_transaction_before elapsed_s=356.030 completed=662 pending=598
[exp8078] phase=benchmark_transaction_after elapsed_s=356.035 completed=663 pending=597
[exp8078] phase=benchmark_transaction_before elapsed_s=356.036 completed=663 pending=597
[exp8078] phase=benchmark_transaction_after elapsed_s=357.415 completed=664 pending=596
[exp8078] phase=benchmark_quartet_after elapsed_s=357.419 completed=664 pending=596
[exp8078] phase=benchmark_quartet_before elapsed_s=357.419 completed=664 pending=596
[exp8078] phase=benchmark_transaction_before elapsed_s=357.419 completed=664 pending=596
[exp8078] phase=benchmark_transaction_after elapsed_s=357.423 completed=665 pending=595
[exp8078] phase=benchmark_transaction_before elapsed_s=357.423 completed=665 pending=595
[exp8078] phase=benchmark_transaction_after elapsed_s=357.426 completed=666 pending=594
[exp8078] phase=benchmark_transaction_before elapsed_s=357.426 completed=666 pending=594
[exp8078] phase=benchmark_transaction_after elapsed_s=357.763 completed=667 pending=593
[exp8078] phase=benchmark_transaction_before elapsed_s=357.763 completed=667 pending=593
[exp8078] phase=benchmark_transaction_after elapsed_s=358.105 completed=668 pending=592
[exp8078] phase=benchmark_quartet_after elapsed_s=358.106 completed=668 pending=592
[exp8078] phase=benchmark_quartet_before elapsed_s=358.106 completed=668 pending=592
[exp8078] phase=benchmark_transaction_before elapsed_s=358.107 completed=668 pending=592
[exp8078] phase=benchmark_transaction_after elapsed_s=358.443 completed=669 pending=591
[exp8078] phase=benchmark_transaction_before elapsed_s=358.443 completed=669 pending=591
[exp8078] phase=benchmark_transaction_after elapsed_s=358.446 completed=670 pending=590
[exp8078] phase=benchmark_transaction_before elapsed_s=358.446 completed=670 pending=590
[exp8078] phase=benchmark_transaction_after elapsed_s=358.449 completed=671 pending=589
[exp8078] phase=benchmark_transaction_before elapsed_s=358.449 completed=671 pending=589
[exp8078] phase=benchmark_transaction_after elapsed_s=358.787 completed=672 pending=588
[exp8078] phase=benchmark_quartet_after elapsed_s=358.789 completed=672 pending=588
[exp8078] phase=benchmark_quartet_before elapsed_s=358.789 completed=672 pending=588
[exp8078] phase=benchmark_transaction_before elapsed_s=358.789 completed=672 pending=588
[exp8078] phase=benchmark_transaction_after elapsed_s=360.171 completed=673 pending=587
[exp8078] phase=benchmark_transaction_before elapsed_s=360.171 completed=673 pending=587
[exp8078] phase=benchmark_transaction_after elapsed_s=361.550 completed=674 pending=586
[exp8078] phase=benchmark_transaction_before elapsed_s=361.551 completed=674 pending=586
[exp8078] phase=benchmark_transaction_after elapsed_s=362.961 completed=675 pending=585
[exp8078] phase=benchmark_transaction_before elapsed_s=362.961 completed=675 pending=585
[exp8078] phase=benchmark_transaction_after elapsed_s=364.369 completed=676 pending=584
[exp8078] phase=benchmark_quartet_after elapsed_s=364.372 completed=676 pending=584
[exp8078] phase=benchmark_quartet_before elapsed_s=364.372 completed=676 pending=584
[exp8078] phase=benchmark_transaction_before elapsed_s=364.372 completed=676 pending=584
[exp8078] phase=benchmark_transaction_after elapsed_s=364.711 completed=677 pending=583
[exp8078] phase=benchmark_transaction_before elapsed_s=364.711 completed=677 pending=583
[exp8078] phase=benchmark_transaction_after elapsed_s=365.056 completed=678 pending=582
[exp8078] phase=benchmark_transaction_before elapsed_s=365.056 completed=678 pending=582
[exp8078] phase=benchmark_transaction_after elapsed_s=365.402 completed=679 pending=581
[exp8078] phase=benchmark_transaction_before elapsed_s=365.402 completed=679 pending=581
[exp8078] phase=benchmark_transaction_after elapsed_s=365.738 completed=680 pending=580
[exp8078] phase=benchmark_quartet_after elapsed_s=365.739 completed=680 pending=580
[exp8078] phase=benchmark_quartet_before elapsed_s=365.739 completed=680 pending=580
[exp8078] phase=benchmark_transaction_before elapsed_s=365.739 completed=680 pending=580
[exp8078] phase=benchmark_transaction_after elapsed_s=366.078 completed=681 pending=579
[exp8078] phase=benchmark_transaction_before elapsed_s=366.078 completed=681 pending=579
[exp8078] phase=benchmark_transaction_after elapsed_s=366.424 completed=682 pending=578
[exp8078] phase=benchmark_transaction_before elapsed_s=366.424 completed=682 pending=578
[exp8078] phase=benchmark_transaction_after elapsed_s=366.767 completed=683 pending=577
[exp8078] phase=benchmark_transaction_before elapsed_s=366.767 completed=683 pending=577
[exp8078] phase=benchmark_transaction_after elapsed_s=367.111 completed=684 pending=576
[exp8078] phase=benchmark_quartet_after elapsed_s=367.112 completed=684 pending=576
[exp8078] phase=benchmark_quartet_before elapsed_s=367.114 completed=684 pending=576
[exp8078] phase=benchmark_transaction_before elapsed_s=367.114 completed=684 pending=576
[exp8078] phase=benchmark_transaction_after elapsed_s=368.890 completed=685 pending=575
[exp8078] phase=benchmark_transaction_before elapsed_s=368.890 completed=685 pending=575
[exp8078] phase=benchmark_transaction_after elapsed_s=370.660 completed=686 pending=574
[exp8078] phase=benchmark_transaction_before elapsed_s=370.661 completed=686 pending=574
[exp8078] phase=benchmark_transaction_after elapsed_s=372.406 completed=687 pending=573
[exp8078] phase=benchmark_transaction_before elapsed_s=372.406 completed=687 pending=573
[exp8078] phase=benchmark_transaction_after elapsed_s=374.148 completed=688 pending=572
[exp8078] phase=benchmark_quartet_after elapsed_s=374.152 completed=688 pending=572
[exp8078] phase=benchmark_quartet_before elapsed_s=374.153 completed=688 pending=572
[exp8078] phase=benchmark_transaction_before elapsed_s=374.153 completed=688 pending=572
[exp8078] phase=benchmark_transaction_after elapsed_s=374.593 completed=689 pending=571
[exp8078] phase=benchmark_transaction_before elapsed_s=374.593 completed=689 pending=571
[exp8078] phase=benchmark_transaction_after elapsed_s=375.035 completed=690 pending=570
[exp8078] phase=benchmark_transaction_before elapsed_s=375.035 completed=690 pending=570
[exp8078] phase=benchmark_transaction_after elapsed_s=375.486 completed=691 pending=569
[exp8078] phase=benchmark_transaction_before elapsed_s=375.486 completed=691 pending=569
[exp8078] phase=benchmark_transaction_after elapsed_s=375.939 completed=692 pending=568
[exp8078] phase=benchmark_quartet_after elapsed_s=375.941 completed=692 pending=568
[exp8078] phase=benchmark_quartet_before elapsed_s=375.942 completed=692 pending=568
[exp8078] phase=benchmark_transaction_before elapsed_s=375.943 completed=692 pending=568
[exp8078] phase=benchmark_transaction_after elapsed_s=376.588 completed=693 pending=567
[exp8078] phase=benchmark_transaction_before elapsed_s=376.588 completed=693 pending=567
[exp8078] phase=benchmark_transaction_after elapsed_s=377.031 completed=694 pending=566
[exp8078] phase=benchmark_transaction_before elapsed_s=377.032 completed=694 pending=566
[exp8078] phase=benchmark_transaction_after elapsed_s=377.479 completed=695 pending=565
[exp8078] phase=benchmark_transaction_before elapsed_s=377.479 completed=695 pending=565
[exp8078] phase=benchmark_transaction_after elapsed_s=377.928 completed=696 pending=564
[exp8078] phase=benchmark_quartet_after elapsed_s=377.929 completed=696 pending=564
[exp8078] phase=benchmark_quartet_before elapsed_s=377.929 completed=696 pending=564
[exp8078] phase=benchmark_transaction_before elapsed_s=377.930 completed=696 pending=564
[exp8078] phase=benchmark_transaction_after elapsed_s=379.716 completed=697 pending=563
[exp8078] phase=benchmark_transaction_before elapsed_s=379.716 completed=697 pending=563
[exp8078] phase=benchmark_transaction_after elapsed_s=381.464 completed=698 pending=562
[exp8078] phase=benchmark_transaction_before elapsed_s=381.464 completed=698 pending=562
[exp8078] phase=benchmark_transaction_after elapsed_s=383.425 completed=699 pending=561
[exp8078] phase=benchmark_transaction_before elapsed_s=383.426 completed=699 pending=561
[exp8078] phase=benchmark_transaction_after elapsed_s=385.335 completed=700 pending=560
[exp8078] phase=benchmark_quartet_after elapsed_s=385.339 completed=700 pending=560
[exp8078] phase=benchmark_quartet_before elapsed_s=385.339 completed=700 pending=560
[exp8078] phase=benchmark_transaction_before elapsed_s=385.339 completed=700 pending=560
[exp8078] phase=benchmark_transaction_after elapsed_s=385.775 completed=701 pending=559
[exp8078] phase=benchmark_transaction_before elapsed_s=385.775 completed=701 pending=559
[exp8078] phase=benchmark_transaction_after elapsed_s=386.227 completed=702 pending=558
[exp8078] phase=benchmark_transaction_before elapsed_s=386.227 completed=702 pending=558
[exp8078] phase=benchmark_transaction_after elapsed_s=386.678 completed=703 pending=557
[exp8078] phase=benchmark_transaction_before elapsed_s=386.678 completed=703 pending=557
[exp8078] phase=benchmark_transaction_after elapsed_s=387.117 completed=704 pending=556
[exp8078] phase=benchmark_quartet_after elapsed_s=387.119 completed=704 pending=556
[exp8078] phase=benchmark_quartet_before elapsed_s=387.119 completed=704 pending=556
[exp8078] phase=benchmark_transaction_before elapsed_s=387.119 completed=704 pending=556
[exp8078] phase=benchmark_transaction_after elapsed_s=387.558 completed=705 pending=555
[exp8078] phase=benchmark_transaction_before elapsed_s=387.558 completed=705 pending=555
[exp8078] phase=benchmark_transaction_after elapsed_s=388.004 completed=706 pending=554
[exp8078] phase=benchmark_transaction_before elapsed_s=388.005 completed=706 pending=554
[exp8078] phase=benchmark_transaction_after elapsed_s=388.443 completed=707 pending=553
[exp8078] phase=benchmark_transaction_before elapsed_s=388.443 completed=707 pending=553
[exp8078] phase=benchmark_transaction_after elapsed_s=388.898 completed=708 pending=552
[exp8078] phase=benchmark_quartet_after elapsed_s=388.899 completed=708 pending=552
[exp8078] phase=benchmark_quartet_before elapsed_s=388.899 completed=708 pending=552
[exp8078] phase=benchmark_transaction_before elapsed_s=388.900 completed=708 pending=552
[exp8078] phase=benchmark_transaction_after elapsed_s=388.906 completed=709 pending=551
[exp8078] phase=benchmark_transaction_before elapsed_s=388.907 completed=709 pending=551
[exp8078] phase=benchmark_transaction_after elapsed_s=390.652 completed=710 pending=550
[exp8078] phase=benchmark_transaction_before elapsed_s=390.652 completed=710 pending=550
[exp8078] phase=benchmark_transaction_after elapsed_s=392.412 completed=711 pending=549
[exp8078] phase=benchmark_transaction_before elapsed_s=392.413 completed=711 pending=549
[exp8078] phase=benchmark_transaction_after elapsed_s=392.418 completed=712 pending=548
[exp8078] phase=benchmark_quartet_after elapsed_s=392.422 completed=712 pending=548
[exp8078] phase=benchmark_quartet_before elapsed_s=392.422 completed=712 pending=548
[exp8078] phase=benchmark_transaction_before elapsed_s=392.422 completed=712 pending=548
[exp8078] phase=benchmark_transaction_after elapsed_s=392.426 completed=713 pending=547
[exp8078] phase=benchmark_transaction_before elapsed_s=392.426 completed=713 pending=547
[exp8078] phase=benchmark_transaction_after elapsed_s=392.863 completed=714 pending=546
[exp8078] phase=benchmark_transaction_before elapsed_s=392.863 completed=714 pending=546
[exp8078] phase=benchmark_transaction_after elapsed_s=392.868 completed=715 pending=545
[exp8078] phase=benchmark_transaction_before elapsed_s=392.868 completed=715 pending=545
[exp8078] phase=benchmark_transaction_after elapsed_s=393.307 completed=716 pending=544
[exp8078] phase=benchmark_quartet_after elapsed_s=393.309 completed=716 pending=544
[exp8078] phase=benchmark_quartet_before elapsed_s=393.309 completed=716 pending=544
[exp8078] phase=benchmark_transaction_before elapsed_s=393.309 completed=716 pending=544
[exp8078] phase=benchmark_transaction_after elapsed_s=393.746 completed=717 pending=543
[exp8078] phase=benchmark_transaction_before elapsed_s=393.746 completed=717 pending=543
[exp8078] phase=benchmark_transaction_after elapsed_s=394.184 completed=718 pending=542
[exp8078] phase=benchmark_transaction_before elapsed_s=394.184 completed=718 pending=542
[exp8078] phase=benchmark_transaction_after elapsed_s=394.188 completed=719 pending=541
[exp8078] phase=benchmark_transaction_before elapsed_s=394.188 completed=719 pending=541
[exp8078] phase=benchmark_transaction_after elapsed_s=394.192 completed=720 pending=540
[exp8078] phase=benchmark_quartet_after elapsed_s=394.193 completed=720 pending=540
[exp8078] phase=benchmark_quartet_before elapsed_s=394.193 completed=720 pending=540
[exp8078] phase=benchmark_transaction_before elapsed_s=394.194 completed=720 pending=540
[exp8078] phase=benchmark_transaction_after elapsed_s=394.199 completed=721 pending=539
[exp8078] phase=benchmark_transaction_before elapsed_s=394.199 completed=721 pending=539
[exp8078] phase=benchmark_transaction_after elapsed_s=395.465 completed=722 pending=538
[exp8078] phase=benchmark_transaction_before elapsed_s=395.466 completed=722 pending=538
[exp8078] phase=benchmark_transaction_after elapsed_s=396.732 completed=723 pending=537
[exp8078] phase=benchmark_transaction_before elapsed_s=396.732 completed=723 pending=537
[exp8078] phase=benchmark_transaction_after elapsed_s=396.738 completed=724 pending=536
[exp8078] phase=benchmark_quartet_after elapsed_s=396.741 completed=724 pending=536
[exp8078] phase=benchmark_quartet_before elapsed_s=396.741 completed=724 pending=536
[exp8078] phase=benchmark_transaction_before elapsed_s=396.741 completed=724 pending=536
[exp8078] phase=benchmark_transaction_after elapsed_s=396.894 completed=725 pending=535
[exp8078] phase=benchmark_transaction_before elapsed_s=396.894 completed=725 pending=535
[exp8078] phase=benchmark_transaction_after elapsed_s=396.928 completed=726 pending=534
[exp8078] phase=benchmark_transaction_before elapsed_s=396.928 completed=726 pending=534
[exp8078] phase=benchmark_transaction_after elapsed_s=396.932 completed=727 pending=533
[exp8078] phase=benchmark_transaction_before elapsed_s=396.932 completed=727 pending=533
[exp8078] phase=benchmark_transaction_after elapsed_s=396.935 completed=728 pending=532
[exp8078] phase=benchmark_quartet_after elapsed_s=396.936 completed=728 pending=532
[exp8078] phase=benchmark_quartet_before elapsed_s=396.936 completed=728 pending=532
[exp8078] phase=benchmark_transaction_before elapsed_s=396.936 completed=728 pending=532
[exp8078] phase=benchmark_transaction_after elapsed_s=396.970 completed=729 pending=531
[exp8078] phase=benchmark_transaction_before elapsed_s=396.970 completed=729 pending=531
[exp8078] phase=benchmark_transaction_after elapsed_s=397.005 completed=730 pending=530
[exp8078] phase=benchmark_transaction_before elapsed_s=397.005 completed=730 pending=530
[exp8078] phase=benchmark_transaction_after elapsed_s=397.008 completed=731 pending=529
[exp8078] phase=benchmark_transaction_before elapsed_s=397.008 completed=731 pending=529
[exp8078] phase=benchmark_transaction_after elapsed_s=397.012 completed=732 pending=528
[exp8078] phase=benchmark_quartet_after elapsed_s=397.013 completed=732 pending=528
[exp8078] phase=benchmark_quartet_before elapsed_s=397.013 completed=732 pending=528
[exp8078] phase=benchmark_transaction_before elapsed_s=397.013 completed=732 pending=528
[exp8078] phase=benchmark_transaction_after elapsed_s=398.299 completed=733 pending=527
[exp8078] phase=benchmark_transaction_before elapsed_s=398.300 completed=733 pending=527
[exp8078] phase=benchmark_transaction_after elapsed_s=399.555 completed=734 pending=526
[exp8078] phase=benchmark_transaction_before elapsed_s=399.555 completed=734 pending=526
[exp8078] phase=benchmark_transaction_after elapsed_s=400.806 completed=735 pending=525
[exp8078] phase=benchmark_transaction_before elapsed_s=400.806 completed=735 pending=525
[exp8078] phase=benchmark_transaction_after elapsed_s=402.090 completed=736 pending=524
[exp8078] phase=benchmark_quartet_after elapsed_s=402.093 completed=736 pending=524
[exp8078] phase=benchmark_quartet_before elapsed_s=402.093 completed=736 pending=524
[exp8078] phase=benchmark_transaction_before elapsed_s=402.093 completed=736 pending=524
[exp8078] phase=benchmark_transaction_after elapsed_s=402.322 completed=737 pending=523
[exp8078] phase=benchmark_transaction_before elapsed_s=402.322 completed=737 pending=523
[exp8078] phase=benchmark_transaction_after elapsed_s=402.358 completed=738 pending=522
[exp8078] phase=benchmark_transaction_before elapsed_s=402.358 completed=738 pending=522
[exp8078] phase=benchmark_transaction_after elapsed_s=402.395 completed=739 pending=521
[exp8078] phase=benchmark_transaction_before elapsed_s=402.395 completed=739 pending=521
[exp8078] phase=benchmark_transaction_after elapsed_s=402.623 completed=740 pending=520
[exp8078] phase=benchmark_quartet_after elapsed_s=402.624 completed=740 pending=520
[exp8078] phase=benchmark_quartet_before elapsed_s=402.625 completed=740 pending=520
[exp8078] phase=benchmark_transaction_before elapsed_s=402.625 completed=740 pending=520
[exp8078] phase=benchmark_transaction_after elapsed_s=402.660 completed=741 pending=519
[exp8078] phase=benchmark_transaction_before elapsed_s=402.661 completed=741 pending=519
[exp8078] phase=benchmark_transaction_after elapsed_s=402.697 completed=742 pending=518
[exp8078] phase=benchmark_transaction_before elapsed_s=402.697 completed=742 pending=518
[exp8078] phase=benchmark_transaction_after elapsed_s=402.926 completed=743 pending=517
[exp8078] phase=benchmark_transaction_before elapsed_s=402.926 completed=743 pending=517
[exp8078] phase=benchmark_transaction_after elapsed_s=402.959 completed=744 pending=516
[exp8078] phase=benchmark_quartet_after elapsed_s=402.961 completed=744 pending=516
[exp8078] phase=benchmark_quartet_before elapsed_s=402.963 completed=744 pending=516
[exp8078] phase=benchmark_transaction_before elapsed_s=402.963 completed=744 pending=516
[exp8078] phase=benchmark_transaction_after elapsed_s=404.213 completed=745 pending=515
[exp8078] phase=benchmark_transaction_before elapsed_s=404.213 completed=745 pending=515
[exp8078] phase=benchmark_transaction_after elapsed_s=405.470 completed=746 pending=514
[exp8078] phase=benchmark_transaction_before elapsed_s=405.470 completed=746 pending=514
[exp8078] phase=benchmark_transaction_after elapsed_s=406.948 completed=747 pending=513
[exp8078] phase=benchmark_transaction_before elapsed_s=406.949 completed=747 pending=513
[exp8078] phase=benchmark_transaction_after elapsed_s=408.217 completed=748 pending=512
[exp8078] phase=benchmark_quartet_after elapsed_s=408.220 completed=748 pending=512
[exp8078] phase=benchmark_quartet_before elapsed_s=408.221 completed=748 pending=512
[exp8078] phase=benchmark_transaction_before elapsed_s=408.222 completed=748 pending=512
[exp8078] phase=benchmark_transaction_after elapsed_s=408.258 completed=749 pending=511
[exp8078] phase=benchmark_transaction_before elapsed_s=408.259 completed=749 pending=511
[exp8078] phase=benchmark_transaction_after elapsed_s=408.455 completed=750 pending=510
[exp8078] phase=benchmark_transaction_before elapsed_s=408.455 completed=750 pending=510
[exp8078] phase=benchmark_transaction_after elapsed_s=408.656 completed=751 pending=509
[exp8078] phase=benchmark_transaction_before elapsed_s=408.656 completed=751 pending=509
[exp8078] phase=benchmark_transaction_after elapsed_s=408.693 completed=752 pending=508
[exp8078] phase=benchmark_quartet_after elapsed_s=408.694 completed=752 pending=508
[exp8078] phase=benchmark_quartet_before elapsed_s=408.696 completed=752 pending=508
[exp8078] phase=benchmark_transaction_before elapsed_s=408.696 completed=752 pending=508
[exp8078] phase=benchmark_transaction_after elapsed_s=408.732 completed=753 pending=507
[exp8078] phase=benchmark_transaction_before elapsed_s=408.732 completed=753 pending=507
[exp8078] phase=benchmark_transaction_after elapsed_s=408.957 completed=754 pending=506
[exp8078] phase=benchmark_transaction_before elapsed_s=408.958 completed=754 pending=506
[exp8078] phase=benchmark_transaction_after elapsed_s=408.991 completed=755 pending=505
[exp8078] phase=benchmark_transaction_before elapsed_s=408.991 completed=755 pending=505
[exp8078] phase=benchmark_transaction_after elapsed_s=409.028 completed=756 pending=504
[exp8078] phase=benchmark_quartet_after elapsed_s=409.029 completed=756 pending=504
[exp8078] phase=benchmark_quartet_before elapsed_s=409.030 completed=756 pending=504
[exp8078] phase=benchmark_transaction_before elapsed_s=409.030 completed=756 pending=504
[exp8078] phase=benchmark_transaction_after elapsed_s=409.159 completed=757 pending=503
[exp8078] phase=benchmark_transaction_before elapsed_s=409.159 completed=757 pending=503
[exp8078] phase=benchmark_transaction_after elapsed_s=410.442 completed=758 pending=502
[exp8078] phase=benchmark_transaction_before elapsed_s=410.442 completed=758 pending=502
[exp8078] phase=benchmark_transaction_after elapsed_s=411.734 completed=759 pending=501
[exp8078] phase=benchmark_transaction_before elapsed_s=411.734 completed=759 pending=501
[exp8078] phase=benchmark_transaction_after elapsed_s=411.740 completed=760 pending=500
[exp8078] phase=benchmark_quartet_after elapsed_s=411.743 completed=760 pending=500
[exp8078] phase=benchmark_quartet_before elapsed_s=411.743 completed=760 pending=500
[exp8078] phase=benchmark_transaction_before elapsed_s=411.744 completed=760 pending=500
[exp8078] phase=benchmark_transaction_after elapsed_s=411.813 completed=761 pending=499
[exp8078] phase=benchmark_transaction_before elapsed_s=411.813 completed=761 pending=499
[exp8078] phase=benchmark_transaction_after elapsed_s=411.883 completed=762 pending=498
[exp8078] phase=benchmark_transaction_before elapsed_s=411.883 completed=762 pending=498
[exp8078] phase=benchmark_transaction_after elapsed_s=411.886 completed=763 pending=497
[exp8078] phase=benchmark_transaction_before elapsed_s=411.886 completed=763 pending=497
[exp8078] phase=benchmark_transaction_after elapsed_s=411.889 completed=764 pending=496
[exp8078] phase=benchmark_quartet_after elapsed_s=411.890 completed=764 pending=496
[exp8078] phase=benchmark_quartet_before elapsed_s=411.890 completed=764 pending=496
[exp8078] phase=benchmark_transaction_before elapsed_s=411.890 completed=764 pending=496
[exp8078] phase=benchmark_transaction_after elapsed_s=411.893 completed=765 pending=495
[exp8078] phase=benchmark_transaction_before elapsed_s=411.893 completed=765 pending=495
[exp8078] phase=benchmark_transaction_after elapsed_s=411.896 completed=766 pending=494
[exp8078] phase=benchmark_transaction_before elapsed_s=411.897 completed=766 pending=494
[exp8078] phase=benchmark_transaction_after elapsed_s=411.965 completed=767 pending=493
[exp8078] phase=benchmark_transaction_before elapsed_s=411.965 completed=767 pending=493
[exp8078] phase=benchmark_transaction_after elapsed_s=412.033 completed=768 pending=492
[exp8078] phase=benchmark_quartet_after elapsed_s=412.035 completed=768 pending=492
[exp8078] phase=benchmark_quartet_before elapsed_s=412.035 completed=768 pending=492
[exp8078] phase=benchmark_transaction_before elapsed_s=412.035 completed=768 pending=492
[exp8078] phase=benchmark_transaction_after elapsed_s=413.341 completed=769 pending=491
[exp8078] phase=benchmark_transaction_before elapsed_s=413.341 completed=769 pending=491
[exp8078] phase=benchmark_transaction_after elapsed_s=414.657 completed=770 pending=490
[exp8078] phase=benchmark_transaction_before elapsed_s=414.657 completed=770 pending=490
[exp8078] phase=benchmark_transaction_after elapsed_s=415.968 completed=771 pending=489
[exp8078] phase=benchmark_transaction_before elapsed_s=415.968 completed=771 pending=489
[exp8078] phase=benchmark_transaction_after elapsed_s=417.259 completed=772 pending=488
[exp8078] phase=benchmark_quartet_after elapsed_s=417.262 completed=772 pending=488
[exp8078] phase=benchmark_quartet_before elapsed_s=417.262 completed=772 pending=488
[exp8078] phase=benchmark_transaction_before elapsed_s=417.262 completed=772 pending=488
[exp8078] phase=benchmark_transaction_after elapsed_s=417.333 completed=773 pending=487
[exp8078] phase=benchmark_transaction_before elapsed_s=417.334 completed=773 pending=487
[exp8078] phase=benchmark_transaction_after elapsed_s=417.602 completed=774 pending=486
[exp8078] phase=benchmark_transaction_before elapsed_s=417.602 completed=774 pending=486
[exp8078] phase=benchmark_transaction_after elapsed_s=417.670 completed=775 pending=485
[exp8078] phase=benchmark_transaction_before elapsed_s=417.670 completed=775 pending=485
[exp8078] phase=benchmark_transaction_after elapsed_s=417.743 completed=776 pending=484
[exp8078] phase=benchmark_quartet_after elapsed_s=417.744 completed=776 pending=484
[exp8078] phase=benchmark_quartet_before elapsed_s=417.744 completed=776 pending=484
[exp8078] phase=benchmark_transaction_before elapsed_s=417.744 completed=776 pending=484
[exp8078] phase=benchmark_transaction_after elapsed_s=418.004 completed=777 pending=483
[exp8078] phase=benchmark_transaction_before elapsed_s=418.004 completed=777 pending=483
[exp8078] phase=benchmark_transaction_after elapsed_s=418.071 completed=778 pending=482
[exp8078] phase=benchmark_transaction_before elapsed_s=418.071 completed=778 pending=482
[exp8078] phase=benchmark_transaction_after elapsed_s=418.142 completed=779 pending=481
[exp8078] phase=benchmark_transaction_before elapsed_s=418.142 completed=779 pending=481
[exp8078] phase=benchmark_transaction_after elapsed_s=418.214 completed=780 pending=480
[exp8078] phase=benchmark_quartet_after elapsed_s=418.216 completed=780 pending=480
[exp8078] phase=benchmark_quartet_before elapsed_s=418.217 completed=780 pending=480
[exp8078] phase=benchmark_transaction_before elapsed_s=418.218 completed=780 pending=480
[exp8078] phase=benchmark_transaction_after elapsed_s=419.507 completed=781 pending=479
[exp8078] phase=benchmark_transaction_before elapsed_s=419.507 completed=781 pending=479
[exp8078] phase=benchmark_transaction_after elapsed_s=420.812 completed=782 pending=478
[exp8078] phase=benchmark_transaction_before elapsed_s=420.812 completed=782 pending=478
[exp8078] phase=benchmark_transaction_after elapsed_s=422.137 completed=783 pending=477
[exp8078] phase=benchmark_transaction_before elapsed_s=422.137 completed=783 pending=477
[exp8078] phase=benchmark_transaction_after elapsed_s=423.442 completed=784 pending=476
[exp8078] phase=benchmark_quartet_after elapsed_s=423.446 completed=784 pending=476
[exp8078] phase=benchmark_quartet_before elapsed_s=423.447 completed=784 pending=476
[exp8078] phase=benchmark_transaction_before elapsed_s=423.447 completed=784 pending=476
[exp8078] phase=benchmark_transaction_after elapsed_s=423.519 completed=785 pending=475
[exp8078] phase=benchmark_transaction_before elapsed_s=423.520 completed=785 pending=475
[exp8078] phase=benchmark_transaction_after elapsed_s=423.592 completed=786 pending=474
[exp8078] phase=benchmark_transaction_before elapsed_s=423.592 completed=786 pending=474
[exp8078] phase=benchmark_transaction_after elapsed_s=423.835 completed=787 pending=473
[exp8078] phase=benchmark_transaction_before elapsed_s=423.835 completed=787 pending=473
[exp8078] phase=benchmark_transaction_after elapsed_s=423.903 completed=788 pending=472
[exp8078] phase=benchmark_quartet_after elapsed_s=423.905 completed=788 pending=472
[exp8078] phase=benchmark_quartet_before elapsed_s=423.906 completed=788 pending=472
[exp8078] phase=benchmark_transaction_before elapsed_s=423.906 completed=788 pending=472
[exp8078] phase=benchmark_transaction_after elapsed_s=423.974 completed=789 pending=471
[exp8078] phase=benchmark_transaction_before elapsed_s=423.974 completed=789 pending=471
[exp8078] phase=benchmark_transaction_after elapsed_s=424.042 completed=790 pending=470
[exp8078] phase=benchmark_transaction_before elapsed_s=424.042 completed=790 pending=470
[exp8078] phase=benchmark_transaction_after elapsed_s=424.114 completed=791 pending=469
[exp8078] phase=benchmark_transaction_before elapsed_s=424.115 completed=791 pending=469
[exp8078] phase=benchmark_transaction_after elapsed_s=424.186 completed=792 pending=468
[exp8078] phase=benchmark_quartet_after elapsed_s=424.188 completed=792 pending=468
[exp8078] phase=benchmark_quartet_before elapsed_s=424.189 completed=792 pending=468
[exp8078] phase=benchmark_transaction_before elapsed_s=424.189 completed=792 pending=468
[exp8078] phase=benchmark_transaction_after elapsed_s=425.532 completed=793 pending=467
[exp8078] phase=benchmark_transaction_before elapsed_s=425.532 completed=793 pending=467
[exp8078] phase=benchmark_transaction_after elapsed_s=426.875 completed=794 pending=466
[exp8078] phase=benchmark_transaction_before elapsed_s=426.876 completed=794 pending=466
[exp8078] phase=benchmark_transaction_after elapsed_s=428.201 completed=795 pending=465
[exp8078] phase=benchmark_transaction_before elapsed_s=428.202 completed=795 pending=465
[exp8078] phase=benchmark_transaction_after elapsed_s=429.522 completed=796 pending=464
[exp8078] phase=benchmark_quartet_after elapsed_s=429.525 completed=796 pending=464
[exp8078] phase=benchmark_quartet_before elapsed_s=429.526 completed=796 pending=464
[exp8078] phase=benchmark_transaction_before elapsed_s=429.526 completed=796 pending=464
[exp8078] phase=benchmark_transaction_after elapsed_s=429.755 completed=797 pending=463
[exp8078] phase=benchmark_transaction_before elapsed_s=429.755 completed=797 pending=463
[exp8078] phase=benchmark_transaction_after elapsed_s=429.981 completed=798 pending=462
[exp8078] phase=benchmark_transaction_before elapsed_s=429.981 completed=798 pending=462
[exp8078] phase=benchmark_transaction_after elapsed_s=430.210 completed=799 pending=461
[exp8078] phase=benchmark_transaction_before elapsed_s=430.210 completed=799 pending=461
[exp8078] phase=benchmark_transaction_after elapsed_s=430.435 completed=800 pending=460
[exp8078] phase=benchmark_quartet_after elapsed_s=430.436 completed=800 pending=460
[exp8078] phase=benchmark_quartet_before elapsed_s=430.438 completed=800 pending=460
[exp8078] phase=benchmark_transaction_before elapsed_s=430.438 completed=800 pending=460
[exp8078] phase=benchmark_transaction_after elapsed_s=430.667 completed=801 pending=459
[exp8078] phase=benchmark_transaction_before elapsed_s=430.667 completed=801 pending=459
[exp8078] phase=benchmark_transaction_after elapsed_s=430.897 completed=802 pending=458
[exp8078] phase=benchmark_transaction_before elapsed_s=430.897 completed=802 pending=458
[exp8078] phase=benchmark_transaction_after elapsed_s=431.124 completed=803 pending=457
[exp8078] phase=benchmark_transaction_before elapsed_s=431.124 completed=803 pending=457
[exp8078] phase=benchmark_transaction_after elapsed_s=431.347 completed=804 pending=456
[exp8078] phase=benchmark_quartet_after elapsed_s=431.348 completed=804 pending=456
[exp8078] phase=benchmark_quartet_before elapsed_s=431.348 completed=804 pending=456
[exp8078] phase=benchmark_transaction_before elapsed_s=431.349 completed=804 pending=456
[exp8078] phase=benchmark_transaction_after elapsed_s=431.354 completed=805 pending=455
[exp8078] phase=benchmark_transaction_before elapsed_s=431.354 completed=805 pending=455
[exp8078] phase=benchmark_transaction_after elapsed_s=432.678 completed=806 pending=454
[exp8078] phase=benchmark_transaction_before elapsed_s=432.678 completed=806 pending=454
[exp8078] phase=benchmark_transaction_after elapsed_s=432.683 completed=807 pending=453
[exp8078] phase=benchmark_transaction_before elapsed_s=432.684 completed=807 pending=453
[exp8078] phase=benchmark_transaction_after elapsed_s=434.011 completed=808 pending=452
[exp8078] phase=benchmark_quartet_after elapsed_s=434.014 completed=808 pending=452
[exp8078] phase=benchmark_quartet_before elapsed_s=434.014 completed=808 pending=452
[exp8078] phase=benchmark_transaction_before elapsed_s=434.014 completed=808 pending=452
[exp8078] phase=benchmark_transaction_after elapsed_s=434.239 completed=809 pending=451
[exp8078] phase=benchmark_transaction_before elapsed_s=434.239 completed=809 pending=451
[exp8078] phase=benchmark_transaction_after elapsed_s=434.243 completed=810 pending=450
[exp8078] phase=benchmark_transaction_before elapsed_s=434.243 completed=810 pending=450
[exp8078] phase=benchmark_transaction_after elapsed_s=434.246 completed=811 pending=449
[exp8078] phase=benchmark_transaction_before elapsed_s=434.246 completed=811 pending=449
[exp8078] phase=benchmark_transaction_after elapsed_s=434.469 completed=812 pending=448
[exp8078] phase=benchmark_quartet_after elapsed_s=434.471 completed=812 pending=448
[exp8078] phase=benchmark_quartet_before elapsed_s=434.471 completed=812 pending=448
[exp8078] phase=benchmark_transaction_before elapsed_s=434.471 completed=812 pending=448
[exp8078] phase=benchmark_transaction_after elapsed_s=434.474 completed=813 pending=447
[exp8078] phase=benchmark_transaction_before elapsed_s=434.474 completed=813 pending=447
[exp8078] phase=benchmark_transaction_after elapsed_s=434.699 completed=814 pending=446
[exp8078] phase=benchmark_transaction_before elapsed_s=434.699 completed=814 pending=446
[exp8078] phase=benchmark_transaction_after elapsed_s=434.703 completed=815 pending=445
[exp8078] phase=benchmark_transaction_before elapsed_s=434.703 completed=815 pending=445
[exp8078] phase=benchmark_transaction_after elapsed_s=434.927 completed=816 pending=444
[exp8078] phase=benchmark_quartet_after elapsed_s=434.928 completed=816 pending=444
[exp8078] phase=benchmark_quartet_before elapsed_s=434.928 completed=816 pending=444
[exp8078] phase=benchmark_transaction_before elapsed_s=434.928 completed=816 pending=444
[exp8078] phase=benchmark_transaction_after elapsed_s=436.267 completed=817 pending=443
[exp8078] phase=benchmark_transaction_before elapsed_s=436.267 completed=817 pending=443
[exp8078] phase=benchmark_transaction_after elapsed_s=437.619 completed=818 pending=442
[exp8078] phase=benchmark_transaction_before elapsed_s=437.619 completed=818 pending=442
[exp8078] phase=benchmark_transaction_after elapsed_s=439.115 completed=819 pending=441
[exp8078] phase=benchmark_transaction_before elapsed_s=439.115 completed=819 pending=441
[exp8078] phase=benchmark_transaction_after elapsed_s=440.463 completed=820 pending=440
[exp8078] phase=benchmark_quartet_after elapsed_s=440.466 completed=820 pending=440
[exp8078] phase=benchmark_quartet_before elapsed_s=440.466 completed=820 pending=440
[exp8078] phase=benchmark_transaction_before elapsed_s=440.466 completed=820 pending=440
[exp8078] phase=benchmark_transaction_after elapsed_s=440.692 completed=821 pending=439
[exp8078] phase=benchmark_transaction_before elapsed_s=440.692 completed=821 pending=439
[exp8078] phase=benchmark_transaction_after elapsed_s=440.926 completed=822 pending=438
[exp8078] phase=benchmark_transaction_before elapsed_s=440.926 completed=822 pending=438
[exp8078] phase=benchmark_transaction_after elapsed_s=441.326 completed=823 pending=437
[exp8078] phase=benchmark_transaction_before elapsed_s=441.327 completed=823 pending=437
[exp8078] phase=benchmark_transaction_after elapsed_s=441.727 completed=824 pending=436
[exp8078] phase=benchmark_quartet_after elapsed_s=441.728 completed=824 pending=436
[exp8078] phase=benchmark_quartet_before elapsed_s=441.728 completed=824 pending=436
[exp8078] phase=benchmark_transaction_before elapsed_s=441.728 completed=824 pending=436
[exp8078] phase=benchmark_transaction_after elapsed_s=442.129 completed=825 pending=435
[exp8078] phase=benchmark_transaction_before elapsed_s=442.129 completed=825 pending=435
[exp8078] phase=benchmark_transaction_after elapsed_s=442.356 completed=826 pending=434
[exp8078] phase=benchmark_transaction_before elapsed_s=442.356 completed=826 pending=434
[exp8078] phase=benchmark_transaction_after elapsed_s=442.584 completed=827 pending=433
[exp8078] phase=benchmark_transaction_before elapsed_s=442.584 completed=827 pending=433
[exp8078] phase=benchmark_transaction_after elapsed_s=442.935 completed=828 pending=432
[exp8078] phase=benchmark_quartet_after elapsed_s=442.936 completed=828 pending=432
[exp8078] phase=benchmark_quartet_before elapsed_s=442.936 completed=828 pending=432
[exp8078] phase=benchmark_transaction_before elapsed_s=442.937 completed=828 pending=432
[exp8078] phase=benchmark_transaction_after elapsed_s=444.349 completed=829 pending=431
[exp8078] phase=benchmark_transaction_before elapsed_s=444.349 completed=829 pending=431
[exp8078] phase=benchmark_transaction_after elapsed_s=445.732 completed=830 pending=430
[exp8078] phase=benchmark_transaction_before elapsed_s=445.732 completed=830 pending=430
[exp8078] phase=benchmark_transaction_after elapsed_s=447.111 completed=831 pending=429
[exp8078] phase=benchmark_transaction_before elapsed_s=447.111 completed=831 pending=429
[exp8078] phase=benchmark_transaction_after elapsed_s=448.534 completed=832 pending=428
[exp8078] phase=benchmark_quartet_after elapsed_s=448.538 completed=832 pending=428
[exp8078] phase=benchmark_quartet_before elapsed_s=448.538 completed=832 pending=428
[exp8078] phase=benchmark_transaction_before elapsed_s=448.538 completed=832 pending=428
[exp8078] phase=benchmark_transaction_after elapsed_s=448.879 completed=833 pending=427
[exp8078] phase=benchmark_transaction_before elapsed_s=448.880 completed=833 pending=427
[exp8078] phase=benchmark_transaction_after elapsed_s=449.366 completed=834 pending=426
[exp8078] phase=benchmark_transaction_before elapsed_s=449.366 completed=834 pending=426
[exp8078] phase=benchmark_transaction_after elapsed_s=449.712 completed=835 pending=425
[exp8078] phase=benchmark_transaction_before elapsed_s=449.712 completed=835 pending=425
[exp8078] phase=benchmark_transaction_after elapsed_s=450.056 completed=836 pending=424
[exp8078] phase=benchmark_quartet_after elapsed_s=450.057 completed=836 pending=424
[exp8078] phase=benchmark_quartet_before elapsed_s=450.057 completed=836 pending=424
[exp8078] phase=benchmark_transaction_before elapsed_s=450.057 completed=836 pending=424
[exp8078] phase=benchmark_transaction_after elapsed_s=450.402 completed=837 pending=423
[exp8078] phase=benchmark_transaction_before elapsed_s=450.402 completed=837 pending=423
[exp8078] phase=benchmark_transaction_after elapsed_s=450.749 completed=838 pending=422
[exp8078] phase=benchmark_transaction_before elapsed_s=450.749 completed=838 pending=422
[exp8078] phase=benchmark_transaction_after elapsed_s=451.277 completed=839 pending=421
[exp8078] phase=benchmark_transaction_before elapsed_s=451.277 completed=839 pending=421
[exp8078] phase=benchmark_transaction_after elapsed_s=451.614 completed=840 pending=420
[exp8078] phase=benchmark_quartet_after elapsed_s=451.615 completed=840 pending=420
[exp8078] phase=benchmark_quartet_before elapsed_s=451.617 completed=840 pending=420
[exp8078] phase=benchmark_transaction_before elapsed_s=451.617 completed=840 pending=420
[exp8078] phase=benchmark_transaction_after elapsed_s=453.090 completed=841 pending=419
[exp8078] phase=benchmark_transaction_before elapsed_s=453.090 completed=841 pending=419
[exp8078] phase=benchmark_transaction_after elapsed_s=454.615 completed=842 pending=418
[exp8078] phase=benchmark_transaction_before elapsed_s=454.616 completed=842 pending=418
[exp8078] phase=benchmark_transaction_after elapsed_s=456.001 completed=843 pending=417
[exp8078] phase=benchmark_transaction_before elapsed_s=456.001 completed=843 pending=417
[exp8078] phase=benchmark_transaction_after elapsed_s=457.395 completed=844 pending=416
[exp8078] phase=benchmark_quartet_after elapsed_s=457.398 completed=844 pending=416
[exp8078] phase=benchmark_quartet_before elapsed_s=457.399 completed=844 pending=416
[exp8078] phase=benchmark_transaction_before elapsed_s=457.399 completed=844 pending=416
[exp8078] phase=benchmark_transaction_after elapsed_s=457.737 completed=845 pending=415
[exp8078] phase=benchmark_transaction_before elapsed_s=457.737 completed=845 pending=415
[exp8078] phase=benchmark_transaction_after elapsed_s=458.085 completed=846 pending=414
[exp8078] phase=benchmark_transaction_before elapsed_s=458.085 completed=846 pending=414
[exp8078] phase=benchmark_transaction_after elapsed_s=458.431 completed=847 pending=413
[exp8078] phase=benchmark_transaction_before elapsed_s=458.431 completed=847 pending=413
[exp8078] phase=benchmark_transaction_after elapsed_s=458.918 completed=848 pending=412
[exp8078] phase=benchmark_quartet_after elapsed_s=458.919 completed=848 pending=412
[exp8078] phase=benchmark_quartet_before elapsed_s=458.921 completed=848 pending=412
[exp8078] phase=benchmark_transaction_before elapsed_s=458.921 completed=848 pending=412
[exp8078] phase=benchmark_transaction_after elapsed_s=459.267 completed=849 pending=411
[exp8078] phase=benchmark_transaction_before elapsed_s=459.267 completed=849 pending=411
[exp8078] phase=benchmark_transaction_after elapsed_s=459.721 completed=850 pending=410
[exp8078] phase=benchmark_transaction_before elapsed_s=459.721 completed=850 pending=410
[exp8078] phase=benchmark_transaction_after elapsed_s=460.057 completed=851 pending=409
[exp8078] phase=benchmark_transaction_before elapsed_s=460.058 completed=851 pending=409
[exp8078] phase=benchmark_transaction_after elapsed_s=460.402 completed=852 pending=408
[exp8078] phase=benchmark_quartet_after elapsed_s=460.403 completed=852 pending=408
[exp8078] phase=benchmark_quartet_before elapsed_s=460.403 completed=852 pending=408
[exp8078] phase=benchmark_transaction_before elapsed_s=460.404 completed=852 pending=408
[exp8078] phase=benchmark_transaction_after elapsed_s=460.527 completed=853 pending=407
[exp8078] phase=benchmark_transaction_before elapsed_s=460.527 completed=853 pending=407
[exp8078] phase=benchmark_transaction_after elapsed_s=462.036 completed=854 pending=406
[exp8078] phase=benchmark_transaction_before elapsed_s=462.036 completed=854 pending=406
[exp8078] phase=benchmark_transaction_after elapsed_s=462.045 completed=855 pending=405
[exp8078] phase=benchmark_transaction_before elapsed_s=462.045 completed=855 pending=405
[exp8078] phase=benchmark_transaction_after elapsed_s=463.462 completed=856 pending=404
[exp8078] phase=benchmark_quartet_after elapsed_s=463.468 completed=856 pending=404
[exp8078] phase=benchmark_quartet_before elapsed_s=463.468 completed=856 pending=404
[exp8078] phase=benchmark_transaction_before elapsed_s=463.468 completed=856 pending=404
[exp8078] phase=benchmark_transaction_after elapsed_s=463.472 completed=857 pending=403
[exp8078] phase=benchmark_transaction_before elapsed_s=463.473 completed=857 pending=403
[exp8078] phase=benchmark_transaction_after elapsed_s=463.825 completed=858 pending=402
[exp8078] phase=benchmark_transaction_before elapsed_s=463.826 completed=858 pending=402
[exp8078] phase=benchmark_transaction_after elapsed_s=463.831 completed=859 pending=401
[exp8078] phase=benchmark_transaction_before elapsed_s=463.831 completed=859 pending=401
[exp8078] phase=benchmark_transaction_after elapsed_s=464.182 completed=860 pending=400
[exp8078] phase=benchmark_quartet_after elapsed_s=464.185 completed=860 pending=400
[exp8078] phase=benchmark_quartet_before elapsed_s=464.185 completed=860 pending=400
[exp8078] phase=benchmark_transaction_before elapsed_s=464.185 completed=860 pending=400
[exp8078] phase=benchmark_transaction_after elapsed_s=464.190 completed=861 pending=399
[exp8078] phase=benchmark_transaction_before elapsed_s=464.190 completed=861 pending=399
[exp8078] phase=benchmark_transaction_after elapsed_s=464.535 completed=862 pending=398
[exp8078] phase=benchmark_transaction_before elapsed_s=464.535 completed=862 pending=398
[exp8078] phase=benchmark_transaction_after elapsed_s=464.540 completed=863 pending=397
[exp8078] phase=benchmark_transaction_before elapsed_s=464.540 completed=863 pending=397
[exp8078] phase=benchmark_transaction_after elapsed_s=464.890 completed=864 pending=396
[exp8078] phase=benchmark_quartet_after elapsed_s=464.892 completed=864 pending=396
[exp8078] phase=benchmark_quartet_before elapsed_s=464.892 completed=864 pending=396
[exp8078] phase=benchmark_transaction_before elapsed_s=464.893 completed=864 pending=396
[exp8078] phase=benchmark_transaction_after elapsed_s=464.901 completed=865 pending=395
[exp8078] phase=benchmark_transaction_before elapsed_s=464.902 completed=865 pending=395
[exp8078] phase=benchmark_transaction_after elapsed_s=464.909 completed=866 pending=394
[exp8078] phase=benchmark_transaction_before elapsed_s=464.910 completed=866 pending=394
[exp8078] phase=benchmark_transaction_after elapsed_s=466.696 completed=867 pending=393
[exp8078] phase=benchmark_transaction_before elapsed_s=466.696 completed=867 pending=393
[exp8078] phase=benchmark_transaction_after elapsed_s=468.466 completed=868 pending=392
[exp8078] phase=benchmark_quartet_after elapsed_s=468.472 completed=868 pending=392
[exp8078] phase=benchmark_quartet_before elapsed_s=468.472 completed=868 pending=392
[exp8078] phase=benchmark_transaction_before elapsed_s=468.472 completed=868 pending=392
[exp8078] phase=benchmark_transaction_after elapsed_s=468.477 completed=869 pending=391
[exp8078] phase=benchmark_transaction_before elapsed_s=468.478 completed=869 pending=391
[exp8078] phase=benchmark_transaction_after elapsed_s=468.483 completed=870 pending=390
[exp8078] phase=benchmark_transaction_before elapsed_s=468.483 completed=870 pending=390
[exp8078] phase=benchmark_transaction_after elapsed_s=468.933 completed=871 pending=389
[exp8078] phase=benchmark_transaction_before elapsed_s=468.933 completed=871 pending=389
[exp8078] phase=benchmark_transaction_after elapsed_s=469.383 completed=872 pending=388
[exp8078] phase=benchmark_quartet_after elapsed_s=469.386 completed=872 pending=388
[exp8078] phase=benchmark_quartet_before elapsed_s=469.386 completed=872 pending=388
[exp8078] phase=benchmark_transaction_before elapsed_s=469.386 completed=872 pending=388
[exp8078] phase=benchmark_transaction_after elapsed_s=469.838 completed=873 pending=387
[exp8078] phase=benchmark_transaction_before elapsed_s=469.838 completed=873 pending=387
[exp8078] phase=benchmark_transaction_after elapsed_s=469.844 completed=874 pending=386
[exp8078] phase=benchmark_transaction_before elapsed_s=469.844 completed=874 pending=386
[exp8078] phase=benchmark_transaction_after elapsed_s=470.299 completed=875 pending=385
[exp8078] phase=benchmark_transaction_before elapsed_s=470.299 completed=875 pending=385
[exp8078] phase=benchmark_transaction_after elapsed_s=470.304 completed=876 pending=384
[exp8078] phase=benchmark_quartet_after elapsed_s=470.307 completed=876 pending=384
[exp8078] phase=benchmark_quartet_before elapsed_s=470.307 completed=876 pending=384
[exp8078] phase=benchmark_transaction_before elapsed_s=470.307 completed=876 pending=384
[exp8078] phase=benchmark_transaction_after elapsed_s=472.151 completed=877 pending=383
[exp8078] phase=benchmark_transaction_before elapsed_s=472.151 completed=877 pending=383
[exp8078] phase=benchmark_transaction_after elapsed_s=474.098 completed=878 pending=382
[exp8078] phase=benchmark_transaction_before elapsed_s=474.099 completed=878 pending=382
[exp8078] phase=benchmark_transaction_after elapsed_s=476.011 completed=879 pending=381
[exp8078] phase=benchmark_transaction_before elapsed_s=476.011 completed=879 pending=381
[exp8078] phase=benchmark_transaction_after elapsed_s=478.018 completed=880 pending=380
[exp8078] phase=benchmark_quartet_after elapsed_s=478.022 completed=880 pending=380
[exp8078] phase=benchmark_quartet_before elapsed_s=478.022 completed=880 pending=380
[exp8078] phase=benchmark_transaction_before elapsed_s=478.023 completed=880 pending=380
[exp8078] phase=benchmark_transaction_after elapsed_s=478.465 completed=881 pending=379
[exp8078] phase=benchmark_transaction_before elapsed_s=478.465 completed=881 pending=379
[exp8078] phase=benchmark_transaction_after elapsed_s=478.904 completed=882 pending=378
[exp8078] phase=benchmark_transaction_before elapsed_s=478.904 completed=882 pending=378
[exp8078] phase=benchmark_transaction_after elapsed_s=479.352 completed=883 pending=377
[exp8078] phase=benchmark_transaction_before elapsed_s=479.352 completed=883 pending=377
[exp8078] phase=benchmark_transaction_after elapsed_s=479.801 completed=884 pending=376
[exp8078] phase=benchmark_quartet_after elapsed_s=479.803 completed=884 pending=376
[exp8078] phase=benchmark_quartet_before elapsed_s=479.803 completed=884 pending=376
[exp8078] phase=benchmark_transaction_before elapsed_s=479.803 completed=884 pending=376
[exp8078] phase=benchmark_transaction_after elapsed_s=480.251 completed=885 pending=375
[exp8078] phase=benchmark_transaction_before elapsed_s=480.252 completed=885 pending=375
[exp8078] phase=benchmark_transaction_after elapsed_s=480.832 completed=886 pending=374
[exp8078] phase=benchmark_transaction_before elapsed_s=480.832 completed=886 pending=374
[exp8078] phase=benchmark_transaction_after elapsed_s=481.436 completed=887 pending=373
[exp8078] phase=benchmark_transaction_before elapsed_s=481.436 completed=887 pending=373
[exp8078] phase=benchmark_transaction_after elapsed_s=481.876 completed=888 pending=372
[exp8078] phase=benchmark_quartet_after elapsed_s=481.877 completed=888 pending=372
[exp8078] phase=benchmark_quartet_before elapsed_s=481.879 completed=888 pending=372
[exp8078] phase=benchmark_transaction_before elapsed_s=481.879 completed=888 pending=372
[exp8078] phase=benchmark_transaction_after elapsed_s=483.850 completed=889 pending=371
[exp8078] phase=benchmark_transaction_before elapsed_s=483.850 completed=889 pending=371
[exp8078] phase=benchmark_transaction_after elapsed_s=485.599 completed=890 pending=370
[exp8078] phase=benchmark_transaction_before elapsed_s=485.599 completed=890 pending=370
[exp8078] phase=benchmark_transaction_after elapsed_s=487.344 completed=891 pending=369
[exp8078] phase=benchmark_transaction_before elapsed_s=487.344 completed=891 pending=369
[exp8078] phase=benchmark_transaction_after elapsed_s=489.276 completed=892 pending=368
[exp8078] phase=benchmark_quartet_after elapsed_s=489.280 completed=892 pending=368
[exp8078] phase=benchmark_quartet_before elapsed_s=489.281 completed=892 pending=368
[exp8078] phase=benchmark_transaction_before elapsed_s=489.282 completed=892 pending=368
[exp8078] phase=benchmark_transaction_after elapsed_s=489.880 completed=893 pending=367
[exp8078] phase=benchmark_transaction_before elapsed_s=489.880 completed=893 pending=367
[exp8078] phase=benchmark_transaction_after elapsed_s=490.325 completed=894 pending=366
[exp8078] phase=benchmark_transaction_before elapsed_s=490.325 completed=894 pending=366
[exp8078] phase=benchmark_transaction_after elapsed_s=490.884 completed=895 pending=365
[exp8078] phase=benchmark_transaction_before elapsed_s=490.884 completed=895 pending=365
[exp8078] phase=benchmark_transaction_after elapsed_s=491.324 completed=896 pending=364
[exp8078] phase=benchmark_quartet_after elapsed_s=491.325 completed=896 pending=364
[exp8078] phase=benchmark_quartet_before elapsed_s=491.327 completed=896 pending=364
[exp8078] phase=benchmark_transaction_before elapsed_s=491.328 completed=896 pending=364
[exp8078] phase=benchmark_transaction_after elapsed_s=491.779 completed=897 pending=363
[exp8078] phase=benchmark_transaction_before elapsed_s=491.779 completed=897 pending=363
[exp8078] phase=benchmark_transaction_after elapsed_s=492.392 completed=898 pending=362
[exp8078] phase=benchmark_transaction_before elapsed_s=492.392 completed=898 pending=362
[exp8078] phase=benchmark_transaction_after elapsed_s=492.840 completed=899 pending=361
[exp8078] phase=benchmark_transaction_before elapsed_s=492.841 completed=899 pending=361
[exp8078] phase=benchmark_transaction_after elapsed_s=493.283 completed=900 pending=360
[exp8078] phase=benchmark_quartet_after elapsed_s=493.284 completed=900 pending=360
[exp8078] phase=benchmark_quartet_before elapsed_s=493.284 completed=900 pending=360
[exp8078] phase=benchmark_transaction_before elapsed_s=493.285 completed=900 pending=360
[exp8078] phase=benchmark_transaction_after elapsed_s=493.290 completed=901 pending=359
[exp8078] phase=benchmark_transaction_before elapsed_s=493.290 completed=901 pending=359
[exp8078] phase=benchmark_transaction_after elapsed_s=494.542 completed=902 pending=358
[exp8078] phase=benchmark_transaction_before elapsed_s=494.542 completed=902 pending=358
[exp8078] phase=benchmark_transaction_after elapsed_s=494.547 completed=903 pending=357
[exp8078] phase=benchmark_transaction_before elapsed_s=494.547 completed=903 pending=357
[exp8078] phase=benchmark_transaction_after elapsed_s=495.807 completed=904 pending=356
[exp8078] phase=benchmark_quartet_after elapsed_s=495.810 completed=904 pending=356
[exp8078] phase=benchmark_quartet_before elapsed_s=495.810 completed=904 pending=356
[exp8078] phase=benchmark_transaction_before elapsed_s=495.810 completed=904 pending=356
[exp8078] phase=benchmark_transaction_after elapsed_s=496.012 completed=905 pending=355
[exp8078] phase=benchmark_transaction_before elapsed_s=496.012 completed=905 pending=355
[exp8078] phase=benchmark_transaction_after elapsed_s=496.048 completed=906 pending=354
[exp8078] phase=benchmark_transaction_before elapsed_s=496.048 completed=906 pending=354
[exp8078] phase=benchmark_transaction_after elapsed_s=496.082 completed=907 pending=353
[exp8078] phase=benchmark_transaction_before elapsed_s=496.082 completed=907 pending=353
[exp8078] phase=benchmark_transaction_after elapsed_s=496.085 completed=908 pending=352
[exp8078] phase=benchmark_quartet_after elapsed_s=496.087 completed=908 pending=352
[exp8078] phase=benchmark_quartet_before elapsed_s=496.087 completed=908 pending=352
[exp8078] phase=benchmark_transaction_before elapsed_s=496.087 completed=908 pending=352
[exp8078] phase=benchmark_transaction_after elapsed_s=496.090 completed=909 pending=351
[exp8078] phase=benchmark_transaction_before elapsed_s=496.090 completed=909 pending=351
[exp8078] phase=benchmark_transaction_after elapsed_s=496.125 completed=910 pending=350
[exp8078] phase=benchmark_transaction_before elapsed_s=496.125 completed=910 pending=350
[exp8078] phase=benchmark_transaction_after elapsed_s=496.128 completed=911 pending=349
[exp8078] phase=benchmark_transaction_before elapsed_s=496.128 completed=911 pending=349
[exp8078] phase=benchmark_transaction_after elapsed_s=496.162 completed=912 pending=348
[exp8078] phase=benchmark_quartet_after elapsed_s=496.163 completed=912 pending=348
[exp8078] phase=benchmark_quartet_before elapsed_s=496.163 completed=912 pending=348
[exp8078] phase=benchmark_transaction_before elapsed_s=496.164 completed=912 pending=348
[exp8078] phase=benchmark_transaction_after elapsed_s=497.426 completed=913 pending=347
[exp8078] phase=benchmark_transaction_before elapsed_s=497.426 completed=913 pending=347
[exp8078] phase=benchmark_transaction_after elapsed_s=498.702 completed=914 pending=346
[exp8078] phase=benchmark_transaction_before elapsed_s=498.702 completed=914 pending=346
[exp8078] phase=benchmark_transaction_after elapsed_s=500.134 completed=915 pending=345
[exp8078] phase=benchmark_transaction_before elapsed_s=500.134 completed=915 pending=345
[exp8078] phase=benchmark_transaction_after elapsed_s=501.542 completed=916 pending=344
[exp8078] phase=benchmark_quartet_after elapsed_s=501.546 completed=916 pending=344
[exp8078] phase=benchmark_quartet_before elapsed_s=501.546 completed=916 pending=344
[exp8078] phase=benchmark_transaction_before elapsed_s=501.546 completed=916 pending=344
[exp8078] phase=benchmark_transaction_after elapsed_s=501.583 completed=917 pending=343
[exp8078] phase=benchmark_transaction_before elapsed_s=501.583 completed=917 pending=343
[exp8078] phase=benchmark_transaction_after elapsed_s=501.740 completed=918 pending=342
[exp8078] phase=benchmark_transaction_before elapsed_s=501.740 completed=918 pending=342
[exp8078] phase=benchmark_transaction_after elapsed_s=501.774 completed=919 pending=341
[exp8078] phase=benchmark_transaction_before elapsed_s=501.775 completed=919 pending=341
[exp8078] phase=benchmark_transaction_after elapsed_s=501.811 completed=920 pending=340
[exp8078] phase=benchmark_quartet_after elapsed_s=501.813 completed=920 pending=340
[exp8078] phase=benchmark_quartet_before elapsed_s=501.813 completed=920 pending=340
[exp8078] phase=benchmark_transaction_before elapsed_s=501.813 completed=920 pending=340
[exp8078] phase=benchmark_transaction_after elapsed_s=501.974 completed=921 pending=339
[exp8078] phase=benchmark_transaction_before elapsed_s=501.974 completed=921 pending=339
[exp8078] phase=benchmark_transaction_after elapsed_s=502.142 completed=922 pending=338
[exp8078] phase=benchmark_transaction_before elapsed_s=502.142 completed=922 pending=338
[exp8078] phase=benchmark_transaction_after elapsed_s=502.179 completed=923 pending=337
[exp8078] phase=benchmark_transaction_before elapsed_s=502.179 completed=923 pending=337
[exp8078] phase=benchmark_transaction_after elapsed_s=502.214 completed=924 pending=336
[exp8078] phase=benchmark_quartet_after elapsed_s=502.215 completed=924 pending=336
[exp8078] phase=benchmark_quartet_before elapsed_s=502.216 completed=924 pending=336
[exp8078] phase=benchmark_transaction_before elapsed_s=502.217 completed=924 pending=336
[exp8078] phase=benchmark_transaction_after elapsed_s=503.485 completed=925 pending=335
[exp8078] phase=benchmark_transaction_before elapsed_s=503.485 completed=925 pending=335
[exp8078] phase=benchmark_transaction_after elapsed_s=504.764 completed=926 pending=334
[exp8078] phase=benchmark_transaction_before elapsed_s=504.764 completed=926 pending=334
[exp8078] phase=benchmark_transaction_after elapsed_s=506.165 completed=927 pending=333
[exp8078] phase=benchmark_transaction_before elapsed_s=506.166 completed=927 pending=333
[exp8078] phase=benchmark_transaction_after elapsed_s=507.447 completed=928 pending=332
[exp8078] phase=benchmark_quartet_after elapsed_s=507.450 completed=928 pending=332
[exp8078] phase=benchmark_quartet_before elapsed_s=507.451 completed=928 pending=332
[exp8078] phase=benchmark_transaction_before elapsed_s=507.451 completed=928 pending=332
[exp8078] phase=benchmark_transaction_after elapsed_s=507.488 completed=929 pending=331
[exp8078] phase=benchmark_transaction_before elapsed_s=507.488 completed=929 pending=331
[exp8078] phase=benchmark_transaction_after elapsed_s=507.672 completed=930 pending=330
[exp8078] phase=benchmark_transaction_before elapsed_s=507.672 completed=930 pending=330
[exp8078] phase=benchmark_transaction_after elapsed_s=507.873 completed=931 pending=329
[exp8078] phase=benchmark_transaction_before elapsed_s=507.873 completed=931 pending=329
[exp8078] phase=benchmark_transaction_after elapsed_s=507.909 completed=932 pending=328
[exp8078] phase=benchmark_quartet_after elapsed_s=507.910 completed=932 pending=328
[exp8078] phase=benchmark_quartet_before elapsed_s=507.911 completed=932 pending=328
[exp8078] phase=benchmark_transaction_before elapsed_s=507.911 completed=932 pending=328
[exp8078] phase=benchmark_transaction_after elapsed_s=507.945 completed=933 pending=327
[exp8078] phase=benchmark_transaction_before elapsed_s=507.945 completed=933 pending=327
[exp8078] phase=benchmark_transaction_after elapsed_s=507.979 completed=934 pending=326
[exp8078] phase=benchmark_transaction_before elapsed_s=507.979 completed=934 pending=326
[exp8078] phase=benchmark_transaction_after elapsed_s=508.015 completed=935 pending=325
[exp8078] phase=benchmark_transaction_before elapsed_s=508.015 completed=935 pending=325
[exp8078] phase=benchmark_transaction_after elapsed_s=508.053 completed=936 pending=324
[exp8078] phase=benchmark_quartet_after elapsed_s=508.054 completed=936 pending=324
[exp8078] phase=benchmark_quartet_before elapsed_s=508.054 completed=936 pending=324
[exp8078] phase=benchmark_transaction_before elapsed_s=508.054 completed=936 pending=324
[exp8078] phase=benchmark_transaction_after elapsed_s=509.370 completed=937 pending=323
[exp8078] phase=benchmark_transaction_before elapsed_s=509.370 completed=937 pending=323
[exp8078] phase=benchmark_transaction_after elapsed_s=510.888 completed=938 pending=322
[exp8078] phase=benchmark_transaction_before elapsed_s=510.889 completed=938 pending=322
[exp8078] phase=benchmark_transaction_after elapsed_s=512.296 completed=939 pending=321
[exp8078] phase=benchmark_transaction_before elapsed_s=512.297 completed=939 pending=321
[exp8078] phase=benchmark_transaction_after elapsed_s=513.590 completed=940 pending=320
[exp8078] phase=benchmark_quartet_after elapsed_s=513.593 completed=940 pending=320
[exp8078] phase=benchmark_quartet_before elapsed_s=513.593 completed=940 pending=320
[exp8078] phase=benchmark_transaction_before elapsed_s=513.593 completed=940 pending=320
[exp8078] phase=benchmark_transaction_after elapsed_s=513.666 completed=941 pending=319
[exp8078] phase=benchmark_transaction_before elapsed_s=513.666 completed=941 pending=319
[exp8078] phase=benchmark_transaction_after elapsed_s=513.738 completed=942 pending=318
[exp8078] phase=benchmark_transaction_before elapsed_s=513.738 completed=942 pending=318
[exp8078] phase=benchmark_transaction_after elapsed_s=514.005 completed=943 pending=317
[exp8078] phase=benchmark_transaction_before elapsed_s=514.005 completed=943 pending=317
[exp8078] phase=benchmark_transaction_after elapsed_s=514.073 completed=944 pending=316
[exp8078] phase=benchmark_quartet_after elapsed_s=514.075 completed=944 pending=316
[exp8078] phase=benchmark_quartet_before elapsed_s=514.075 completed=944 pending=316
[exp8078] phase=benchmark_transaction_before elapsed_s=514.075 completed=944 pending=316
[exp8078] phase=benchmark_transaction_after elapsed_s=514.148 completed=945 pending=315
[exp8078] phase=benchmark_transaction_before elapsed_s=514.148 completed=945 pending=315
[exp8078] phase=benchmark_transaction_after elapsed_s=514.404 completed=946 pending=314
[exp8078] phase=benchmark_transaction_before elapsed_s=514.404 completed=946 pending=314
[exp8078] phase=benchmark_transaction_after elapsed_s=514.476 completed=947 pending=313
[exp8078] phase=benchmark_transaction_before elapsed_s=514.476 completed=947 pending=313
[exp8078] phase=benchmark_transaction_after elapsed_s=514.708 completed=948 pending=312
[exp8078] phase=benchmark_quartet_after elapsed_s=514.710 completed=948 pending=312
[exp8078] phase=benchmark_quartet_before elapsed_s=514.710 completed=948 pending=312
[exp8078] phase=benchmark_transaction_before elapsed_s=514.710 completed=948 pending=312
[exp8078] phase=benchmark_transaction_after elapsed_s=515.998 completed=949 pending=311
[exp8078] phase=benchmark_transaction_before elapsed_s=515.999 completed=949 pending=311
[exp8078] phase=benchmark_transaction_after elapsed_s=516.004 completed=950 pending=310
[exp8078] phase=benchmark_transaction_before elapsed_s=516.004 completed=950 pending=310
[exp8078] phase=benchmark_transaction_after elapsed_s=517.285 completed=951 pending=309
[exp8078] phase=benchmark_transaction_before elapsed_s=517.285 completed=951 pending=309
[exp8078] phase=benchmark_transaction_after elapsed_s=517.291 completed=952 pending=308
[exp8078] phase=benchmark_quartet_after elapsed_s=517.294 completed=952 pending=308
[exp8078] phase=benchmark_quartet_before elapsed_s=517.294 completed=952 pending=308
[exp8078] phase=benchmark_transaction_before elapsed_s=517.294 completed=952 pending=308
[exp8078] phase=benchmark_transaction_after elapsed_s=517.297 completed=953 pending=307
[exp8078] phase=benchmark_transaction_before elapsed_s=517.297 completed=953 pending=307
[exp8078] phase=benchmark_transaction_after elapsed_s=517.365 completed=954 pending=306
[exp8078] phase=benchmark_transaction_before elapsed_s=517.365 completed=954 pending=306
[exp8078] phase=benchmark_transaction_after elapsed_s=517.368 completed=955 pending=305
[exp8078] phase=benchmark_transaction_before elapsed_s=517.369 completed=955 pending=305
[exp8078] phase=benchmark_transaction_after elapsed_s=517.624 completed=956 pending=304
[exp8078] phase=benchmark_quartet_after elapsed_s=517.626 completed=956 pending=304
[exp8078] phase=benchmark_quartet_before elapsed_s=517.626 completed=956 pending=304
[exp8078] phase=benchmark_transaction_before elapsed_s=517.626 completed=956 pending=304
[exp8078] phase=benchmark_transaction_after elapsed_s=517.629 completed=957 pending=303
[exp8078] phase=benchmark_transaction_before elapsed_s=517.629 completed=957 pending=303
[exp8078] phase=benchmark_transaction_after elapsed_s=517.698 completed=958 pending=302
[exp8078] phase=benchmark_transaction_before elapsed_s=517.698 completed=958 pending=302
[exp8078] phase=benchmark_transaction_after elapsed_s=517.766 completed=959 pending=301
[exp8078] phase=benchmark_transaction_before elapsed_s=517.766 completed=959 pending=301
[exp8078] phase=benchmark_transaction_after elapsed_s=517.769 completed=960 pending=300
[exp8078] phase=benchmark_quartet_after elapsed_s=517.770 completed=960 pending=300
[exp8078] phase=benchmark_quartet_before elapsed_s=517.772 completed=960 pending=300
[exp8078] phase=benchmark_transaction_before elapsed_s=517.772 completed=960 pending=300
[exp8078] phase=benchmark_transaction_after elapsed_s=519.088 completed=961 pending=299
[exp8078] phase=benchmark_transaction_before elapsed_s=519.088 completed=961 pending=299
[exp8078] phase=benchmark_transaction_after elapsed_s=520.540 completed=962 pending=298
[exp8078] phase=benchmark_transaction_before elapsed_s=520.541 completed=962 pending=298
[exp8078] phase=benchmark_transaction_after elapsed_s=521.837 completed=963 pending=297
[exp8078] phase=benchmark_transaction_before elapsed_s=521.838 completed=963 pending=297
[exp8078] phase=benchmark_transaction_after elapsed_s=523.145 completed=964 pending=296
[exp8078] phase=benchmark_quartet_after elapsed_s=523.148 completed=964 pending=296
[exp8078] phase=benchmark_quartet_before elapsed_s=523.149 completed=964 pending=296
[exp8078] phase=benchmark_transaction_before elapsed_s=523.149 completed=964 pending=296
[exp8078] phase=benchmark_transaction_after elapsed_s=523.218 completed=965 pending=295
[exp8078] phase=benchmark_transaction_before elapsed_s=523.218 completed=965 pending=295
[exp8078] phase=benchmark_transaction_after elapsed_s=523.291 completed=966 pending=294
[exp8078] phase=benchmark_transaction_before elapsed_s=523.291 completed=966 pending=294
[exp8078] phase=benchmark_transaction_after elapsed_s=523.363 completed=967 pending=293
[exp8078] phase=benchmark_transaction_before elapsed_s=523.363 completed=967 pending=293
[exp8078] phase=benchmark_transaction_after elapsed_s=523.554 completed=968 pending=292
[exp8078] phase=benchmark_quartet_after elapsed_s=523.557 completed=968 pending=292
[exp8078] phase=benchmark_quartet_before elapsed_s=523.558 completed=968 pending=292
[exp8078] phase=benchmark_transaction_before elapsed_s=523.558 completed=968 pending=292
[exp8078] phase=benchmark_transaction_after elapsed_s=523.630 completed=969 pending=291
[exp8078] phase=benchmark_transaction_before elapsed_s=523.630 completed=969 pending=291
[exp8078] phase=benchmark_transaction_after elapsed_s=523.856 completed=970 pending=290
[exp8078] phase=benchmark_transaction_before elapsed_s=523.856 completed=970 pending=290
[exp8078] phase=benchmark_transaction_after elapsed_s=523.923 completed=971 pending=289
[exp8078] phase=benchmark_transaction_before elapsed_s=523.923 completed=971 pending=289
[exp8078] phase=benchmark_transaction_after elapsed_s=523.996 completed=972 pending=288
[exp8078] phase=benchmark_quartet_after elapsed_s=523.997 completed=972 pending=288
[exp8078] phase=benchmark_quartet_before elapsed_s=523.997 completed=972 pending=288
[exp8078] phase=benchmark_transaction_before elapsed_s=523.997 completed=972 pending=288
[exp8078] phase=benchmark_transaction_after elapsed_s=525.324 completed=973 pending=287
[exp8078] phase=benchmark_transaction_before elapsed_s=525.325 completed=973 pending=287
[exp8078] phase=benchmark_transaction_after elapsed_s=525.330 completed=974 pending=286
[exp8078] phase=benchmark_transaction_before elapsed_s=525.330 completed=974 pending=286
[exp8078] phase=benchmark_transaction_after elapsed_s=525.335 completed=975 pending=285
[exp8078] phase=benchmark_transaction_before elapsed_s=525.336 completed=975 pending=285
[exp8078] phase=benchmark_transaction_after elapsed_s=526.664 completed=976 pending=284
[exp8078] phase=benchmark_quartet_after elapsed_s=526.667 completed=976 pending=284
[exp8078] phase=benchmark_quartet_before elapsed_s=526.667 completed=976 pending=284
[exp8078] phase=benchmark_transaction_before elapsed_s=526.667 completed=976 pending=284
[exp8078] phase=benchmark_transaction_after elapsed_s=526.893 completed=977 pending=283
[exp8078] phase=benchmark_transaction_before elapsed_s=526.893 completed=977 pending=283
[exp8078] phase=benchmark_transaction_after elapsed_s=527.116 completed=978 pending=282
[exp8078] phase=benchmark_transaction_before elapsed_s=527.116 completed=978 pending=282
[exp8078] phase=benchmark_transaction_after elapsed_s=527.120 completed=979 pending=281
[exp8078] phase=benchmark_transaction_before elapsed_s=527.120 completed=979 pending=281
[exp8078] phase=benchmark_transaction_after elapsed_s=527.123 completed=980 pending=280
[exp8078] phase=benchmark_quartet_after elapsed_s=527.125 completed=980 pending=280
[exp8078] phase=benchmark_quartet_before elapsed_s=527.125 completed=980 pending=280
[exp8078] phase=benchmark_transaction_before elapsed_s=527.125 completed=980 pending=280
[exp8078] phase=benchmark_transaction_after elapsed_s=527.356 completed=981 pending=279
[exp8078] phase=benchmark_transaction_before elapsed_s=527.356 completed=981 pending=279
[exp8078] phase=benchmark_transaction_after elapsed_s=527.361 completed=982 pending=278
[exp8078] phase=benchmark_transaction_before elapsed_s=527.361 completed=982 pending=278
[exp8078] phase=benchmark_transaction_after elapsed_s=527.585 completed=983 pending=277
[exp8078] phase=benchmark_transaction_before elapsed_s=527.585 completed=983 pending=277
[exp8078] phase=benchmark_transaction_after elapsed_s=527.589 completed=984 pending=276
[exp8078] phase=benchmark_quartet_after elapsed_s=527.590 completed=984 pending=276
[exp8078] phase=benchmark_quartet_before elapsed_s=527.591 completed=984 pending=276
[exp8078] phase=benchmark_transaction_before elapsed_s=527.592 completed=984 pending=276
[exp8078] phase=benchmark_transaction_after elapsed_s=528.945 completed=985 pending=275
[exp8078] phase=benchmark_transaction_before elapsed_s=528.945 completed=985 pending=275
[exp8078] phase=benchmark_transaction_after elapsed_s=530.491 completed=986 pending=274
[exp8078] phase=benchmark_transaction_before elapsed_s=530.491 completed=986 pending=274
[exp8078] phase=benchmark_transaction_after elapsed_s=531.999 completed=987 pending=273
[exp8078] phase=benchmark_transaction_before elapsed_s=531.999 completed=987 pending=273
[exp8078] phase=benchmark_transaction_after elapsed_s=533.315 completed=988 pending=272
[exp8078] phase=benchmark_quartet_after elapsed_s=533.317 completed=988 pending=272
[exp8078] phase=benchmark_quartet_before elapsed_s=533.319 completed=988 pending=272
[exp8078] phase=benchmark_transaction_before elapsed_s=533.319 completed=988 pending=272
[exp8078] phase=benchmark_transaction_after elapsed_s=533.549 completed=989 pending=271
[exp8078] phase=benchmark_transaction_before elapsed_s=533.549 completed=989 pending=271
[exp8078] phase=benchmark_transaction_after elapsed_s=533.909 completed=990 pending=270
[exp8078] phase=benchmark_transaction_before elapsed_s=533.909 completed=990 pending=270
[exp8078] phase=benchmark_transaction_after elapsed_s=534.132 completed=991 pending=269
[exp8078] phase=benchmark_transaction_before elapsed_s=534.132 completed=991 pending=269
[exp8078] phase=benchmark_transaction_after elapsed_s=534.361 completed=992 pending=268
[exp8078] phase=benchmark_quartet_after elapsed_s=534.362 completed=992 pending=268
[exp8078] phase=benchmark_quartet_before elapsed_s=534.364 completed=992 pending=268
[exp8078] phase=benchmark_transaction_before elapsed_s=534.364 completed=992 pending=268
[exp8078] phase=benchmark_transaction_after elapsed_s=534.590 completed=993 pending=267
[exp8078] phase=benchmark_transaction_before elapsed_s=534.590 completed=993 pending=267
[exp8078] phase=benchmark_transaction_after elapsed_s=534.814 completed=994 pending=266
[exp8078] phase=benchmark_transaction_before elapsed_s=534.814 completed=994 pending=266
[exp8078] phase=benchmark_transaction_after elapsed_s=535.043 completed=995 pending=265
[exp8078] phase=benchmark_transaction_before elapsed_s=535.043 completed=995 pending=265
[exp8078] phase=benchmark_transaction_after elapsed_s=535.271 completed=996 pending=264
[exp8078] phase=benchmark_quartet_after elapsed_s=535.272 completed=996 pending=264
[exp8078] phase=benchmark_quartet_before elapsed_s=535.272 completed=996 pending=264
[exp8078] phase=benchmark_transaction_before elapsed_s=535.273 completed=996 pending=264
[exp8078] phase=benchmark_transaction_after elapsed_s=536.760 completed=997 pending=263
[exp8078] phase=benchmark_transaction_before elapsed_s=536.760 completed=997 pending=263
[exp8078] phase=benchmark_transaction_after elapsed_s=538.232 completed=998 pending=262
[exp8078] phase=benchmark_transaction_before elapsed_s=538.232 completed=998 pending=262
[exp8078] phase=benchmark_transaction_after elapsed_s=539.743 completed=999 pending=261
[exp8078] phase=benchmark_transaction_before elapsed_s=539.743 completed=999 pending=261
[exp8078] phase=benchmark_transaction_after elapsed_s=541.086 completed=1000 pending=260
[exp8078] phase=benchmark_quartet_after elapsed_s=541.092 completed=1000 pending=260
[exp8078] phase=benchmark_quartet_before elapsed_s=541.092 completed=1000 pending=260
[exp8078] phase=benchmark_transaction_before elapsed_s=541.092 completed=1000 pending=260
[exp8078] phase=benchmark_transaction_after elapsed_s=541.322 completed=1001 pending=259
[exp8078] phase=benchmark_transaction_before elapsed_s=541.322 completed=1001 pending=259
[exp8078] phase=benchmark_transaction_after elapsed_s=541.559 completed=1002 pending=258
[exp8078] phase=benchmark_transaction_before elapsed_s=541.559 completed=1002 pending=258
[exp8078] phase=benchmark_transaction_after elapsed_s=541.798 completed=1003 pending=257
[exp8078] phase=benchmark_transaction_before elapsed_s=541.798 completed=1003 pending=257
[exp8078] phase=benchmark_transaction_after elapsed_s=542.151 completed=1004 pending=256
[exp8078] phase=benchmark_quartet_after elapsed_s=542.153 completed=1004 pending=256
[exp8078] phase=benchmark_quartet_before elapsed_s=542.153 completed=1004 pending=256
[exp8078] phase=benchmark_transaction_before elapsed_s=542.153 completed=1004 pending=256
[exp8078] phase=benchmark_transaction_after elapsed_s=542.379 completed=1005 pending=255
[exp8078] phase=benchmark_transaction_before elapsed_s=542.379 completed=1005 pending=255
[exp8078] phase=benchmark_transaction_after elapsed_s=542.754 completed=1006 pending=254
[exp8078] phase=benchmark_transaction_before elapsed_s=542.754 completed=1006 pending=254
[exp8078] phase=benchmark_transaction_after elapsed_s=543.156 completed=1007 pending=253
[exp8078] phase=benchmark_transaction_before elapsed_s=543.156 completed=1007 pending=253
[exp8078] phase=benchmark_transaction_after elapsed_s=543.385 completed=1008 pending=252
[exp8078] phase=benchmark_quartet_after elapsed_s=543.386 completed=1008 pending=252
[exp8078] phase=benchmark_quartet_before elapsed_s=543.388 completed=1008 pending=252
[exp8078] phase=benchmark_transaction_before elapsed_s=543.388 completed=1008 pending=252
[exp8078] phase=benchmark_transaction_after elapsed_s=544.968 completed=1009 pending=251
[exp8078] phase=benchmark_transaction_before elapsed_s=544.968 completed=1009 pending=251
[exp8078] phase=benchmark_transaction_after elapsed_s=546.375 completed=1010 pending=250
[exp8078] phase=benchmark_transaction_before elapsed_s=546.375 completed=1010 pending=250
[exp8078] phase=benchmark_transaction_after elapsed_s=547.774 completed=1011 pending=249
[exp8078] phase=benchmark_transaction_before elapsed_s=547.775 completed=1011 pending=249
[exp8078] phase=benchmark_transaction_after elapsed_s=549.195 completed=1012 pending=248
[exp8078] phase=benchmark_quartet_after elapsed_s=549.198 completed=1012 pending=248
[exp8078] phase=benchmark_quartet_before elapsed_s=549.200 completed=1012 pending=248
[exp8078] phase=benchmark_transaction_before elapsed_s=549.200 completed=1012 pending=248
[exp8078] phase=benchmark_transaction_after elapsed_s=549.543 completed=1013 pending=247
[exp8078] phase=benchmark_transaction_before elapsed_s=549.543 completed=1013 pending=247
[exp8078] phase=benchmark_transaction_after elapsed_s=549.886 completed=1014 pending=246
[exp8078] phase=benchmark_transaction_before elapsed_s=549.886 completed=1014 pending=246
[exp8078] phase=benchmark_transaction_after elapsed_s=550.396 completed=1015 pending=245
[exp8078] phase=benchmark_transaction_before elapsed_s=550.396 completed=1015 pending=245
[exp8078] phase=benchmark_transaction_after elapsed_s=550.742 completed=1016 pending=244
[exp8078] phase=benchmark_quartet_after elapsed_s=550.744 completed=1016 pending=244
[exp8078] phase=benchmark_quartet_before elapsed_s=550.745 completed=1016 pending=244
[exp8078] phase=benchmark_transaction_before elapsed_s=550.745 completed=1016 pending=244
[exp8078] phase=benchmark_transaction_after elapsed_s=551.094 completed=1017 pending=243
[exp8078] phase=benchmark_transaction_before elapsed_s=551.094 completed=1017 pending=243
[exp8078] phase=benchmark_transaction_after elapsed_s=551.451 completed=1018 pending=242
[exp8078] phase=benchmark_transaction_before elapsed_s=551.451 completed=1018 pending=242
[exp8078] phase=benchmark_transaction_after elapsed_s=551.809 completed=1019 pending=241
[exp8078] phase=benchmark_transaction_before elapsed_s=551.809 completed=1019 pending=241
[exp8078] phase=benchmark_transaction_after elapsed_s=552.305 completed=1020 pending=240
[exp8078] phase=benchmark_quartet_after elapsed_s=552.307 completed=1020 pending=240
[exp8078] phase=benchmark_quartet_before elapsed_s=552.307 completed=1020 pending=240
[exp8078] phase=benchmark_transaction_before elapsed_s=552.307 completed=1020 pending=240
[exp8078] phase=benchmark_transaction_after elapsed_s=553.704 completed=1021 pending=239
[exp8078] phase=benchmark_transaction_before elapsed_s=553.704 completed=1021 pending=239
[exp8078] phase=benchmark_transaction_after elapsed_s=555.321 completed=1022 pending=238
[exp8078] phase=benchmark_transaction_before elapsed_s=555.322 completed=1022 pending=238
[exp8078] phase=benchmark_transaction_after elapsed_s=556.734 completed=1023 pending=237
[exp8078] phase=benchmark_transaction_before elapsed_s=556.735 completed=1023 pending=237
[exp8078] phase=benchmark_transaction_after elapsed_s=558.236 completed=1024 pending=236
[exp8078] phase=benchmark_quartet_after elapsed_s=558.240 completed=1024 pending=236
[exp8078] phase=benchmark_quartet_before elapsed_s=558.240 completed=1024 pending=236
[exp8078] phase=benchmark_transaction_before elapsed_s=558.240 completed=1024 pending=236
[exp8078] phase=benchmark_transaction_after elapsed_s=558.577 completed=1025 pending=235
[exp8078] phase=benchmark_transaction_before elapsed_s=558.577 completed=1025 pending=235
[exp8078] phase=benchmark_transaction_after elapsed_s=558.920 completed=1026 pending=234
[exp8078] phase=benchmark_transaction_before elapsed_s=558.920 completed=1026 pending=234
[exp8078] phase=benchmark_transaction_after elapsed_s=559.442 completed=1027 pending=233
[exp8078] phase=benchmark_transaction_before elapsed_s=559.442 completed=1027 pending=233
[exp8078] phase=benchmark_transaction_after elapsed_s=559.784 completed=1028 pending=232
[exp8078] phase=benchmark_quartet_after elapsed_s=559.785 completed=1028 pending=232
[exp8078] phase=benchmark_quartet_before elapsed_s=559.785 completed=1028 pending=232
[exp8078] phase=benchmark_transaction_before elapsed_s=559.785 completed=1028 pending=232
[exp8078] phase=benchmark_transaction_after elapsed_s=560.246 completed=1029 pending=231
[exp8078] phase=benchmark_transaction_before elapsed_s=560.246 completed=1029 pending=231
[exp8078] phase=benchmark_transaction_after elapsed_s=560.748 completed=1030 pending=230
[exp8078] phase=benchmark_transaction_before elapsed_s=560.748 completed=1030 pending=230
[exp8078] phase=benchmark_transaction_after elapsed_s=561.085 completed=1031 pending=229
[exp8078] phase=benchmark_transaction_before elapsed_s=561.085 completed=1031 pending=229
[exp8078] phase=benchmark_transaction_after elapsed_s=561.429 completed=1032 pending=228
[exp8078] phase=benchmark_quartet_after elapsed_s=561.430 completed=1032 pending=228
[exp8078] phase=benchmark_quartet_before elapsed_s=561.430 completed=1032 pending=228
[exp8078] phase=benchmark_transaction_before elapsed_s=561.431 completed=1032 pending=228
[exp8078] phase=benchmark_transaction_after elapsed_s=561.553 completed=1033 pending=227
[exp8078] phase=benchmark_transaction_before elapsed_s=561.553 completed=1033 pending=227
[exp8078] phase=benchmark_transaction_after elapsed_s=561.559 completed=1034 pending=226
[exp8078] phase=benchmark_transaction_before elapsed_s=561.559 completed=1034 pending=226
[exp8078] phase=benchmark_transaction_after elapsed_s=562.940 completed=1035 pending=225
[exp8078] phase=benchmark_transaction_before elapsed_s=562.940 completed=1035 pending=225
[exp8078] phase=benchmark_transaction_after elapsed_s=564.319 completed=1036 pending=224
[exp8078] phase=benchmark_quartet_after elapsed_s=564.322 completed=1036 pending=224
[exp8078] phase=benchmark_quartet_before elapsed_s=564.322 completed=1036 pending=224
[exp8078] phase=benchmark_transaction_before elapsed_s=564.323 completed=1036 pending=224
[exp8078] phase=benchmark_transaction_after elapsed_s=564.326 completed=1037 pending=223
[exp8078] phase=benchmark_transaction_before elapsed_s=564.326 completed=1037 pending=223
[exp8078] phase=benchmark_transaction_after elapsed_s=564.667 completed=1038 pending=222
[exp8078] phase=benchmark_transaction_before elapsed_s=564.667 completed=1038 pending=222
[exp8078] phase=benchmark_transaction_after elapsed_s=565.009 completed=1039 pending=221
[exp8078] phase=benchmark_transaction_before elapsed_s=565.009 completed=1039 pending=221
[exp8078] phase=benchmark_transaction_after elapsed_s=565.013 completed=1040 pending=220
[exp8078] phase=benchmark_quartet_after elapsed_s=565.014 completed=1040 pending=220
[exp8078] phase=benchmark_quartet_before elapsed_s=565.014 completed=1040 pending=220
[exp8078] phase=benchmark_transaction_before elapsed_s=565.014 completed=1040 pending=220
[exp8078] phase=benchmark_transaction_after elapsed_s=565.357 completed=1041 pending=219
[exp8078] phase=benchmark_transaction_before elapsed_s=565.357 completed=1041 pending=219
[exp8078] phase=benchmark_transaction_after elapsed_s=565.361 completed=1042 pending=218
[exp8078] phase=benchmark_transaction_before elapsed_s=565.361 completed=1042 pending=218
[exp8078] phase=benchmark_transaction_after elapsed_s=565.364 completed=1043 pending=217
[exp8078] phase=benchmark_transaction_before elapsed_s=565.364 completed=1043 pending=217
[exp8078] phase=benchmark_transaction_after elapsed_s=565.702 completed=1044 pending=216
[exp8078] phase=benchmark_quartet_after elapsed_s=565.704 completed=1044 pending=216
[exp8078] phase=benchmark_quartet_before elapsed_s=565.704 completed=1044 pending=216
[exp8078] phase=benchmark_transaction_before elapsed_s=565.704 completed=1044 pending=216
[exp8078] phase=benchmark_transaction_after elapsed_s=567.443 completed=1045 pending=215
[exp8078] phase=benchmark_transaction_before elapsed_s=567.443 completed=1045 pending=215
[exp8078] phase=benchmark_transaction_after elapsed_s=569.394 completed=1046 pending=214
[exp8078] phase=benchmark_transaction_before elapsed_s=569.395 completed=1046 pending=214
[exp8078] phase=benchmark_transaction_after elapsed_s=571.304 completed=1047 pending=213
[exp8078] phase=benchmark_transaction_before elapsed_s=571.304 completed=1047 pending=213
[exp8078] phase=benchmark_transaction_after elapsed_s=573.214 completed=1048 pending=212
[exp8078] phase=benchmark_quartet_after elapsed_s=573.218 completed=1048 pending=212
[exp8078] phase=benchmark_quartet_before elapsed_s=573.218 completed=1048 pending=212
[exp8078] phase=benchmark_transaction_before elapsed_s=573.219 completed=1048 pending=212
[exp8078] phase=benchmark_transaction_after elapsed_s=573.656 completed=1049 pending=211
[exp8078] phase=benchmark_transaction_before elapsed_s=573.656 completed=1049 pending=211
[exp8078] phase=benchmark_transaction_after elapsed_s=574.105 completed=1050 pending=210
[exp8078] phase=benchmark_transaction_before elapsed_s=574.105 completed=1050 pending=210
[exp8078] phase=benchmark_transaction_after elapsed_s=574.553 completed=1051 pending=209
[exp8078] phase=benchmark_transaction_before elapsed_s=574.554 completed=1051 pending=209
[exp8078] phase=benchmark_transaction_after elapsed_s=575.124 completed=1052 pending=208
[exp8078] phase=benchmark_quartet_after elapsed_s=575.127 completed=1052 pending=208
[exp8078] phase=benchmark_quartet_before elapsed_s=575.127 completed=1052 pending=208
[exp8078] phase=benchmark_transaction_before elapsed_s=575.127 completed=1052 pending=208
[exp8078] phase=benchmark_transaction_after elapsed_s=575.578 completed=1053 pending=207
[exp8078] phase=benchmark_transaction_before elapsed_s=575.578 completed=1053 pending=207
[exp8078] phase=benchmark_transaction_after elapsed_s=576.021 completed=1054 pending=206
[exp8078] phase=benchmark_transaction_before elapsed_s=576.021 completed=1054 pending=206
[exp8078] phase=benchmark_transaction_after elapsed_s=576.460 completed=1055 pending=205
[exp8078] phase=benchmark_transaction_before elapsed_s=576.460 completed=1055 pending=205
[exp8078] phase=benchmark_transaction_after elapsed_s=576.906 completed=1056 pending=204
[exp8078] phase=benchmark_quartet_after elapsed_s=576.908 completed=1056 pending=204
[exp8078] phase=benchmark_quartet_before elapsed_s=576.908 completed=1056 pending=204
[exp8078] phase=benchmark_transaction_before elapsed_s=576.908 completed=1056 pending=204
[exp8078] phase=benchmark_transaction_after elapsed_s=576.915 completed=1057 pending=203
[exp8078] phase=benchmark_transaction_before elapsed_s=576.915 completed=1057 pending=203
[exp8078] phase=benchmark_transaction_after elapsed_s=578.663 completed=1058 pending=202
[exp8078] phase=benchmark_transaction_before elapsed_s=578.664 completed=1058 pending=202
[exp8078] phase=benchmark_transaction_after elapsed_s=578.670 completed=1059 pending=201
[exp8078] phase=benchmark_transaction_before elapsed_s=578.670 completed=1059 pending=201
[exp8078] phase=benchmark_transaction_after elapsed_s=580.412 completed=1060 pending=200
[exp8078] phase=benchmark_quartet_after elapsed_s=580.416 completed=1060 pending=200
[exp8078] phase=benchmark_quartet_before elapsed_s=580.416 completed=1060 pending=200
[exp8078] phase=benchmark_transaction_before elapsed_s=580.416 completed=1060 pending=200
[exp8078] phase=benchmark_transaction_after elapsed_s=580.421 completed=1061 pending=199
[exp8078] phase=benchmark_transaction_before elapsed_s=580.421 completed=1061 pending=199
[exp8078] phase=benchmark_transaction_after elapsed_s=580.424 completed=1062 pending=198
[exp8078] phase=benchmark_transaction_before elapsed_s=580.425 completed=1062 pending=198
[exp8078] phase=benchmark_transaction_after elapsed_s=580.862 completed=1063 pending=197
[exp8078] phase=benchmark_transaction_before elapsed_s=580.862 completed=1063 pending=197
[exp8078] phase=benchmark_transaction_after elapsed_s=581.299 completed=1064 pending=196
[exp8078] phase=benchmark_quartet_after elapsed_s=581.301 completed=1064 pending=196
[exp8078] phase=benchmark_quartet_before elapsed_s=581.301 completed=1064 pending=196
[exp8078] phase=benchmark_transaction_before elapsed_s=581.301 completed=1064 pending=196
[exp8078] phase=benchmark_transaction_after elapsed_s=581.740 completed=1065 pending=195
[exp8078] phase=benchmark_transaction_before elapsed_s=581.740 completed=1065 pending=195
[exp8078] phase=benchmark_transaction_after elapsed_s=581.744 completed=1066 pending=194
[exp8078] phase=benchmark_transaction_before elapsed_s=581.744 completed=1066 pending=194
[exp8078] phase=benchmark_transaction_after elapsed_s=582.189 completed=1067 pending=193
[exp8078] phase=benchmark_transaction_before elapsed_s=582.189 completed=1067 pending=193
[exp8078] phase=benchmark_transaction_after elapsed_s=582.193 completed=1068 pending=192
[exp8078] phase=benchmark_quartet_after elapsed_s=582.195 completed=1068 pending=192
[exp8078] phase=benchmark_quartet_before elapsed_s=582.196 completed=1068 pending=192
[exp8078] phase=benchmark_transaction_before elapsed_s=582.196 completed=1068 pending=192
[exp8078] phase=benchmark_transaction_after elapsed_s=583.954 completed=1069 pending=191
[exp8078] phase=benchmark_transaction_before elapsed_s=583.954 completed=1069 pending=191
[exp8078] phase=benchmark_transaction_after elapsed_s=585.719 completed=1070 pending=190
[exp8078] phase=benchmark_transaction_before elapsed_s=585.719 completed=1070 pending=190
[exp8078] phase=benchmark_transaction_after elapsed_s=587.691 completed=1071 pending=189
[exp8078] phase=benchmark_transaction_before elapsed_s=587.691 completed=1071 pending=189
[exp8078] phase=benchmark_transaction_after elapsed_s=589.464 completed=1072 pending=188
[exp8078] phase=benchmark_quartet_after elapsed_s=589.468 completed=1072 pending=188
[exp8078] phase=benchmark_quartet_before elapsed_s=589.469 completed=1072 pending=188
[exp8078] phase=benchmark_transaction_before elapsed_s=589.469 completed=1072 pending=188
[exp8078] phase=benchmark_transaction_after elapsed_s=589.921 completed=1073 pending=187
[exp8078] phase=benchmark_transaction_before elapsed_s=589.921 completed=1073 pending=187
[exp8078] phase=benchmark_transaction_after elapsed_s=590.504 completed=1074 pending=186
[exp8078] phase=benchmark_transaction_before elapsed_s=590.504 completed=1074 pending=186
[exp8078] phase=benchmark_transaction_after elapsed_s=590.945 completed=1075 pending=185
[exp8078] phase=benchmark_transaction_before elapsed_s=590.945 completed=1075 pending=185
[exp8078] phase=benchmark_transaction_after elapsed_s=591.400 completed=1076 pending=184
[exp8078] phase=benchmark_quartet_after elapsed_s=591.402 completed=1076 pending=184
[exp8078] phase=benchmark_quartet_before elapsed_s=591.404 completed=1076 pending=184
[exp8078] phase=benchmark_transaction_before elapsed_s=591.404 completed=1076 pending=184
[exp8078] phase=benchmark_transaction_after elapsed_s=591.847 completed=1077 pending=183
[exp8078] phase=benchmark_transaction_before elapsed_s=591.848 completed=1077 pending=183
[exp8078] phase=benchmark_transaction_after elapsed_s=592.299 completed=1078 pending=182
[exp8078] phase=benchmark_transaction_before elapsed_s=592.299 completed=1078 pending=182
[exp8078] phase=benchmark_transaction_after elapsed_s=592.747 completed=1079 pending=181
[exp8078] phase=benchmark_transaction_before elapsed_s=592.747 completed=1079 pending=181
[exp8078] phase=benchmark_transaction_after elapsed_s=593.319 completed=1080 pending=180
[exp8078] phase=benchmark_quartet_after elapsed_s=593.321 completed=1080 pending=180
[exp8078] phase=benchmark_quartet_before elapsed_s=593.322 completed=1080 pending=180
[exp8078] phase=benchmark_transaction_before elapsed_s=593.322 completed=1080 pending=180
[exp8078] phase=benchmark_transaction_after elapsed_s=594.593 completed=1081 pending=179
[exp8078] phase=benchmark_transaction_before elapsed_s=594.594 completed=1081 pending=179
[exp8078] phase=benchmark_transaction_after elapsed_s=595.871 completed=1082 pending=178
[exp8078] phase=benchmark_transaction_before elapsed_s=595.871 completed=1082 pending=178
[exp8078] phase=benchmark_transaction_after elapsed_s=597.239 completed=1083 pending=177
[exp8078] phase=benchmark_transaction_before elapsed_s=597.239 completed=1083 pending=177
[exp8078] phase=benchmark_transaction_after elapsed_s=598.647 completed=1084 pending=176
[exp8078] phase=benchmark_quartet_after elapsed_s=598.650 completed=1084 pending=176
[exp8078] phase=benchmark_quartet_before elapsed_s=598.650 completed=1084 pending=176
[exp8078] phase=benchmark_transaction_before elapsed_s=598.650 completed=1084 pending=176
[exp8078] phase=benchmark_transaction_after elapsed_s=598.686 completed=1085 pending=175
[exp8078] phase=benchmark_transaction_before elapsed_s=598.686 completed=1085 pending=175
[exp8078] phase=benchmark_transaction_after elapsed_s=598.720 completed=1086 pending=174
[exp8078] phase=benchmark_transaction_before elapsed_s=598.721 completed=1086 pending=174
[exp8078] phase=benchmark_transaction_after elapsed_s=598.756 completed=1087 pending=173
[exp8078] phase=benchmark_transaction_before elapsed_s=598.757 completed=1087 pending=173
[exp8078] phase=benchmark_transaction_after elapsed_s=598.949 completed=1088 pending=172
[exp8078] phase=benchmark_quartet_after elapsed_s=598.950 completed=1088 pending=172
[exp8078] phase=benchmark_quartet_before elapsed_s=598.950 completed=1088 pending=172
[exp8078] phase=benchmark_transaction_before elapsed_s=598.950 completed=1088 pending=172
[exp8078] phase=benchmark_transaction_after elapsed_s=598.984 completed=1089 pending=171
[exp8078] phase=benchmark_transaction_before elapsed_s=598.984 completed=1089 pending=171
[exp8078] phase=benchmark_transaction_after elapsed_s=599.019 completed=1090 pending=170
[exp8078] phase=benchmark_transaction_before elapsed_s=599.019 completed=1090 pending=170
[exp8078] phase=benchmark_transaction_after elapsed_s=599.056 completed=1091 pending=169
[exp8078] phase=benchmark_transaction_before elapsed_s=599.056 completed=1091 pending=169
[exp8078] phase=benchmark_transaction_after elapsed_s=599.093 completed=1092 pending=168
[exp8078] phase=benchmark_quartet_after elapsed_s=599.094 completed=1092 pending=168
[exp8078] phase=benchmark_quartet_before elapsed_s=599.096 completed=1092 pending=168
[exp8078] phase=benchmark_transaction_before elapsed_s=599.096 completed=1092 pending=168
[exp8078] phase=benchmark_transaction_after elapsed_s=600.559 completed=1093 pending=167
[exp8078] phase=benchmark_transaction_before elapsed_s=600.559 completed=1093 pending=167
[exp8078] phase=benchmark_transaction_after elapsed_s=602.065 completed=1094 pending=166
[exp8078] phase=benchmark_transaction_before elapsed_s=602.065 completed=1094 pending=166
[exp8078] phase=benchmark_transaction_after elapsed_s=603.336 completed=1095 pending=165
[exp8078] phase=benchmark_transaction_before elapsed_s=603.336 completed=1095 pending=165
[exp8078] phase=benchmark_transaction_after elapsed_s=604.780 completed=1096 pending=164
[exp8078] phase=benchmark_quartet_after elapsed_s=604.783 completed=1096 pending=164
[exp8078] phase=benchmark_quartet_before elapsed_s=604.785 completed=1096 pending=164
[exp8078] phase=benchmark_transaction_before elapsed_s=604.785 completed=1096 pending=164
[exp8078] phase=benchmark_transaction_after elapsed_s=604.822 completed=1097 pending=163
[exp8078] phase=benchmark_transaction_before elapsed_s=604.822 completed=1097 pending=163
[exp8078] phase=benchmark_transaction_after elapsed_s=604.980 completed=1098 pending=162
[exp8078] phase=benchmark_transaction_before elapsed_s=604.980 completed=1098 pending=162
[exp8078] phase=benchmark_transaction_after elapsed_s=605.014 completed=1099 pending=161
[exp8078] phase=benchmark_transaction_before elapsed_s=605.014 completed=1099 pending=161
[exp8078] phase=benchmark_transaction_after elapsed_s=605.051 completed=1100 pending=160
[exp8078] phase=benchmark_quartet_after elapsed_s=605.053 completed=1100 pending=160
[exp8078] phase=benchmark_quartet_before elapsed_s=605.054 completed=1100 pending=160
[exp8078] phase=benchmark_transaction_before elapsed_s=605.054 completed=1100 pending=160
[exp8078] phase=benchmark_transaction_after elapsed_s=605.281 completed=1101 pending=159
[exp8078] phase=benchmark_transaction_before elapsed_s=605.281 completed=1101 pending=159
[exp8078] phase=benchmark_transaction_after elapsed_s=605.317 completed=1102 pending=158
[exp8078] phase=benchmark_transaction_before elapsed_s=605.317 completed=1102 pending=158
[exp8078] phase=benchmark_transaction_after elapsed_s=605.481 completed=1103 pending=157
[exp8078] phase=benchmark_transaction_before elapsed_s=605.481 completed=1103 pending=157
[exp8078] phase=benchmark_transaction_after elapsed_s=605.518 completed=1104 pending=156
[exp8078] phase=benchmark_quartet_after elapsed_s=605.519 completed=1104 pending=156
[exp8078] phase=benchmark_quartet_before elapsed_s=605.519 completed=1104 pending=156
[exp8078] phase=benchmark_transaction_before elapsed_s=605.519 completed=1104 pending=156
[exp8078] phase=benchmark_transaction_after elapsed_s=605.656 completed=1105 pending=155
[exp8078] phase=benchmark_transaction_before elapsed_s=605.657 completed=1105 pending=155
[exp8078] phase=benchmark_transaction_after elapsed_s=605.662 completed=1106 pending=154
[exp8078] phase=benchmark_transaction_before elapsed_s=605.662 completed=1106 pending=154
[exp8078] phase=benchmark_transaction_after elapsed_s=606.919 completed=1107 pending=153
[exp8078] phase=benchmark_transaction_before elapsed_s=606.919 completed=1107 pending=153
[exp8078] phase=benchmark_transaction_after elapsed_s=608.178 completed=1108 pending=152
[exp8078] phase=benchmark_quartet_after elapsed_s=608.181 completed=1108 pending=152
[exp8078] phase=benchmark_quartet_before elapsed_s=608.181 completed=1108 pending=152
[exp8078] phase=benchmark_transaction_before elapsed_s=608.181 completed=1108 pending=152
[exp8078] phase=benchmark_transaction_after elapsed_s=608.184 completed=1109 pending=151
[exp8078] phase=benchmark_transaction_before elapsed_s=608.184 completed=1109 pending=151
[exp8078] phase=benchmark_transaction_after elapsed_s=608.220 completed=1110 pending=150
[exp8078] phase=benchmark_transaction_before elapsed_s=608.220 completed=1110 pending=150
[exp8078] phase=benchmark_transaction_after elapsed_s=608.254 completed=1111 pending=149
[exp8078] phase=benchmark_transaction_before elapsed_s=608.254 completed=1111 pending=149
[exp8078] phase=benchmark_transaction_after elapsed_s=608.257 completed=1112 pending=148
[exp8078] phase=benchmark_quartet_after elapsed_s=608.259 completed=1112 pending=148
[exp8078] phase=benchmark_quartet_before elapsed_s=608.259 completed=1112 pending=148
[exp8078] phase=benchmark_transaction_before elapsed_s=608.259 completed=1112 pending=148
[exp8078] phase=benchmark_transaction_after elapsed_s=608.293 completed=1113 pending=147
[exp8078] phase=benchmark_transaction_before elapsed_s=608.293 completed=1113 pending=147
[exp8078] phase=benchmark_transaction_after elapsed_s=608.296 completed=1114 pending=146
[exp8078] phase=benchmark_transaction_before elapsed_s=608.296 completed=1114 pending=146
[exp8078] phase=benchmark_transaction_after elapsed_s=608.331 completed=1115 pending=145
[exp8078] phase=benchmark_transaction_before elapsed_s=608.331 completed=1115 pending=145
[exp8078] phase=benchmark_transaction_after elapsed_s=608.334 completed=1116 pending=144
[exp8078] phase=benchmark_quartet_after elapsed_s=608.335 completed=1116 pending=144
[exp8078] phase=benchmark_quartet_before elapsed_s=608.335 completed=1116 pending=144
[exp8078] phase=benchmark_transaction_before elapsed_s=608.335 completed=1116 pending=144
[exp8078] phase=benchmark_transaction_after elapsed_s=609.633 completed=1117 pending=143
[exp8078] phase=benchmark_transaction_before elapsed_s=609.633 completed=1117 pending=143
[exp8078] phase=benchmark_transaction_after elapsed_s=609.639 completed=1118 pending=142
[exp8078] phase=benchmark_transaction_before elapsed_s=609.639 completed=1118 pending=142
[exp8078] phase=benchmark_transaction_after elapsed_s=609.644 completed=1119 pending=141
[exp8078] phase=benchmark_transaction_before elapsed_s=609.644 completed=1119 pending=141
[exp8078] phase=benchmark_transaction_after elapsed_s=610.945 completed=1120 pending=140
[exp8078] phase=benchmark_quartet_after elapsed_s=610.948 completed=1120 pending=140
[exp8078] phase=benchmark_quartet_before elapsed_s=610.948 completed=1120 pending=140
[exp8078] phase=benchmark_transaction_before elapsed_s=610.948 completed=1120 pending=140
[exp8078] phase=benchmark_transaction_after elapsed_s=610.951 completed=1121 pending=139
[exp8078] phase=benchmark_transaction_before elapsed_s=610.951 completed=1121 pending=139
[exp8078] phase=benchmark_transaction_after elapsed_s=611.021 completed=1122 pending=138
[exp8078] phase=benchmark_transaction_before elapsed_s=611.021 completed=1122 pending=138
[exp8078] phase=benchmark_transaction_after elapsed_s=611.091 completed=1123 pending=137
[exp8078] phase=benchmark_transaction_before elapsed_s=611.091 completed=1123 pending=137
[exp8078] phase=benchmark_transaction_after elapsed_s=611.094 completed=1124 pending=136
[exp8078] phase=benchmark_quartet_after elapsed_s=611.095 completed=1124 pending=136
[exp8078] phase=benchmark_quartet_before elapsed_s=611.095 completed=1124 pending=136
[exp8078] phase=benchmark_transaction_before elapsed_s=611.095 completed=1124 pending=136
[exp8078] phase=benchmark_transaction_after elapsed_s=611.098 completed=1125 pending=135
[exp8078] phase=benchmark_transaction_before elapsed_s=611.098 completed=1125 pending=135
[exp8078] phase=benchmark_transaction_after elapsed_s=611.168 completed=1126 pending=134
[exp8078] phase=benchmark_transaction_before elapsed_s=611.168 completed=1126 pending=134
[exp8078] phase=benchmark_transaction_after elapsed_s=611.171 completed=1127 pending=133
[exp8078] phase=benchmark_transaction_before elapsed_s=611.172 completed=1127 pending=133
[exp8078] phase=benchmark_transaction_after elapsed_s=611.240 completed=1128 pending=132
[exp8078] phase=benchmark_quartet_after elapsed_s=611.241 completed=1128 pending=132
[exp8078] phase=benchmark_quartet_before elapsed_s=611.242 completed=1128 pending=132
[exp8078] phase=benchmark_transaction_before elapsed_s=611.243 completed=1128 pending=132
[exp8078] phase=benchmark_transaction_after elapsed_s=612.548 completed=1129 pending=131
[exp8078] phase=benchmark_transaction_before elapsed_s=612.548 completed=1129 pending=131
[exp8078] phase=benchmark_transaction_after elapsed_s=614.027 completed=1130 pending=130
[exp8078] phase=benchmark_transaction_before elapsed_s=614.027 completed=1130 pending=130
[exp8078] phase=benchmark_transaction_after elapsed_s=615.434 completed=1131 pending=129
[exp8078] phase=benchmark_transaction_before elapsed_s=615.435 completed=1131 pending=129
[exp8078] phase=benchmark_transaction_after elapsed_s=616.719 completed=1132 pending=128
[exp8078] phase=benchmark_quartet_after elapsed_s=616.722 completed=1132 pending=128
[exp8078] phase=benchmark_quartet_before elapsed_s=616.723 completed=1132 pending=128
[exp8078] phase=benchmark_transaction_before elapsed_s=616.723 completed=1132 pending=128
[exp8078] phase=benchmark_transaction_after elapsed_s=616.793 completed=1133 pending=127
[exp8078] phase=benchmark_transaction_before elapsed_s=616.793 completed=1133 pending=127
[exp8078] phase=benchmark_transaction_after elapsed_s=616.864 completed=1134 pending=126
[exp8078] phase=benchmark_transaction_before elapsed_s=616.864 completed=1134 pending=126
[exp8078] phase=benchmark_transaction_after elapsed_s=616.934 completed=1135 pending=125
[exp8078] phase=benchmark_transaction_before elapsed_s=616.934 completed=1135 pending=125
[exp8078] phase=benchmark_transaction_after elapsed_s=617.007 completed=1136 pending=124
[exp8078] phase=benchmark_quartet_after elapsed_s=617.008 completed=1136 pending=124
[exp8078] phase=benchmark_quartet_before elapsed_s=617.009 completed=1136 pending=124
[exp8078] phase=benchmark_transaction_before elapsed_s=617.010 completed=1136 pending=124
[exp8078] phase=benchmark_transaction_after elapsed_s=617.244 completed=1137 pending=123
[exp8078] phase=benchmark_transaction_before elapsed_s=617.244 completed=1137 pending=123
[exp8078] phase=benchmark_transaction_after elapsed_s=617.316 completed=1138 pending=122
[exp8078] phase=benchmark_transaction_before elapsed_s=617.316 completed=1138 pending=122
[exp8078] phase=benchmark_transaction_after elapsed_s=617.389 completed=1139 pending=121
[exp8078] phase=benchmark_transaction_before elapsed_s=617.389 completed=1139 pending=121
[exp8078] phase=benchmark_transaction_after elapsed_s=617.645 completed=1140 pending=120
[exp8078] phase=benchmark_quartet_after elapsed_s=617.647 completed=1140 pending=120
[exp8078] phase=benchmark_quartet_before elapsed_s=617.647 completed=1140 pending=120
[exp8078] phase=benchmark_transaction_before elapsed_s=617.647 completed=1140 pending=120
[exp8078] phase=benchmark_transaction_after elapsed_s=618.933 completed=1141 pending=119
[exp8078] phase=benchmark_transaction_before elapsed_s=618.933 completed=1141 pending=119
[exp8078] phase=benchmark_transaction_after elapsed_s=620.251 completed=1142 pending=118
[exp8078] phase=benchmark_transaction_before elapsed_s=620.252 completed=1142 pending=118
[exp8078] phase=benchmark_transaction_after elapsed_s=621.570 completed=1143 pending=117
[exp8078] phase=benchmark_transaction_before elapsed_s=621.570 completed=1143 pending=117
[exp8078] phase=benchmark_transaction_after elapsed_s=622.974 completed=1144 pending=116
[exp8078] phase=benchmark_quartet_after elapsed_s=622.977 completed=1144 pending=116
[exp8078] phase=benchmark_quartet_before elapsed_s=622.977 completed=1144 pending=116
[exp8078] phase=benchmark_transaction_before elapsed_s=622.977 completed=1144 pending=116
[exp8078] phase=benchmark_transaction_after elapsed_s=623.045 completed=1145 pending=115
[exp8078] phase=benchmark_transaction_before elapsed_s=623.045 completed=1145 pending=115
[exp8078] phase=benchmark_transaction_after elapsed_s=623.115 completed=1146 pending=114
[exp8078] phase=benchmark_transaction_before elapsed_s=623.115 completed=1146 pending=114
[exp8078] phase=benchmark_transaction_after elapsed_s=623.188 completed=1147 pending=113
[exp8078] phase=benchmark_transaction_before elapsed_s=623.188 completed=1147 pending=113
[exp8078] phase=benchmark_transaction_after elapsed_s=623.261 completed=1148 pending=112
[exp8078] phase=benchmark_quartet_after elapsed_s=623.262 completed=1148 pending=112
[exp8078] phase=benchmark_quartet_before elapsed_s=623.262 completed=1148 pending=112
[exp8078] phase=benchmark_transaction_before elapsed_s=623.262 completed=1148 pending=112
[exp8078] phase=benchmark_transaction_after elapsed_s=623.475 completed=1149 pending=111
[exp8078] phase=benchmark_transaction_before elapsed_s=623.475 completed=1149 pending=111
[exp8078] phase=benchmark_transaction_after elapsed_s=623.544 completed=1150 pending=110
[exp8078] phase=benchmark_transaction_before elapsed_s=623.545 completed=1150 pending=110
[exp8078] phase=benchmark_transaction_after elapsed_s=623.615 completed=1151 pending=109
[exp8078] phase=benchmark_transaction_before elapsed_s=623.615 completed=1151 pending=109
[exp8078] phase=benchmark_transaction_after elapsed_s=623.877 completed=1152 pending=108
[exp8078] phase=benchmark_quartet_after elapsed_s=623.879 completed=1152 pending=108
[exp8078] phase=benchmark_quartet_before elapsed_s=623.879 completed=1152 pending=108
[exp8078] phase=benchmark_transaction_before elapsed_s=623.879 completed=1152 pending=108
[exp8078] phase=benchmark_transaction_after elapsed_s=625.388 completed=1153 pending=107
[exp8078] phase=benchmark_transaction_before elapsed_s=625.388 completed=1153 pending=107
[exp8078] phase=benchmark_transaction_after elapsed_s=626.722 completed=1154 pending=106
[exp8078] phase=benchmark_transaction_before elapsed_s=626.722 completed=1154 pending=106
[exp8078] phase=benchmark_transaction_after elapsed_s=628.120 completed=1155 pending=105
[exp8078] phase=benchmark_transaction_before elapsed_s=628.120 completed=1155 pending=105
[exp8078] phase=benchmark_transaction_after elapsed_s=629.709 completed=1156 pending=104
[exp8078] phase=benchmark_quartet_after elapsed_s=629.713 completed=1156 pending=104
[exp8078] phase=benchmark_quartet_before elapsed_s=629.713 completed=1156 pending=104
[exp8078] phase=benchmark_transaction_before elapsed_s=629.714 completed=1156 pending=104
[exp8078] phase=benchmark_transaction_after elapsed_s=629.936 completed=1157 pending=103
[exp8078] phase=benchmark_transaction_before elapsed_s=629.936 completed=1157 pending=103
[exp8078] phase=benchmark_transaction_after elapsed_s=630.163 completed=1158 pending=102
[exp8078] phase=benchmark_transaction_before elapsed_s=630.164 completed=1158 pending=102
[exp8078] phase=benchmark_transaction_after elapsed_s=630.390 completed=1159 pending=101
[exp8078] phase=benchmark_transaction_before elapsed_s=630.390 completed=1159 pending=101
[exp8078] phase=benchmark_transaction_after elapsed_s=630.815 completed=1160 pending=100
[exp8078] phase=benchmark_quartet_after elapsed_s=630.818 completed=1160 pending=100
[exp8078] phase=benchmark_quartet_before elapsed_s=630.818 completed=1160 pending=100
[exp8078] phase=benchmark_transaction_before elapsed_s=630.818 completed=1160 pending=100
[exp8078] phase=benchmark_transaction_after elapsed_s=631.216 completed=1161 pending=99
[exp8078] phase=benchmark_transaction_before elapsed_s=631.216 completed=1161 pending=99
[exp8078] phase=benchmark_transaction_after elapsed_s=631.443 completed=1162 pending=98
[exp8078] phase=benchmark_transaction_before elapsed_s=631.443 completed=1162 pending=98
[exp8078] phase=benchmark_transaction_after elapsed_s=631.673 completed=1163 pending=97
[exp8078] phase=benchmark_transaction_before elapsed_s=631.673 completed=1163 pending=97
[exp8078] phase=benchmark_transaction_after elapsed_s=631.898 completed=1164 pending=96
[exp8078] phase=benchmark_quartet_after elapsed_s=631.900 completed=1164 pending=96
[exp8078] phase=benchmark_quartet_before elapsed_s=631.901 completed=1164 pending=96
[exp8078] phase=benchmark_transaction_before elapsed_s=631.901 completed=1164 pending=96
[exp8078] phase=benchmark_transaction_after elapsed_s=633.223 completed=1165 pending=95
[exp8078] phase=benchmark_transaction_before elapsed_s=633.223 completed=1165 pending=95
[exp8078] phase=benchmark_transaction_after elapsed_s=634.573 completed=1166 pending=94
[exp8078] phase=benchmark_transaction_before elapsed_s=634.573 completed=1166 pending=94
[exp8078] phase=benchmark_transaction_after elapsed_s=635.931 completed=1167 pending=93
[exp8078] phase=benchmark_transaction_before elapsed_s=635.932 completed=1167 pending=93
[exp8078] phase=benchmark_transaction_after elapsed_s=637.254 completed=1168 pending=92
[exp8078] phase=benchmark_quartet_after elapsed_s=637.256 completed=1168 pending=92
[exp8078] phase=benchmark_quartet_before elapsed_s=637.258 completed=1168 pending=92
[exp8078] phase=benchmark_transaction_before elapsed_s=637.258 completed=1168 pending=92
[exp8078] phase=benchmark_transaction_after elapsed_s=637.481 completed=1169 pending=91
[exp8078] phase=benchmark_transaction_before elapsed_s=637.481 completed=1169 pending=91
[exp8078] phase=benchmark_transaction_after elapsed_s=637.709 completed=1170 pending=90
[exp8078] phase=benchmark_transaction_before elapsed_s=637.710 completed=1170 pending=90
[exp8078] phase=benchmark_transaction_after elapsed_s=637.934 completed=1171 pending=89
[exp8078] phase=benchmark_transaction_before elapsed_s=637.934 completed=1171 pending=89
[exp8078] phase=benchmark_transaction_after elapsed_s=638.172 completed=1172 pending=88
[exp8078] phase=benchmark_quartet_after elapsed_s=638.174 completed=1172 pending=88
[exp8078] phase=benchmark_quartet_before elapsed_s=638.175 completed=1172 pending=88
[exp8078] phase=benchmark_transaction_before elapsed_s=638.175 completed=1172 pending=88
[exp8078] phase=benchmark_transaction_after elapsed_s=638.576 completed=1173 pending=87
[exp8078] phase=benchmark_transaction_before elapsed_s=638.576 completed=1173 pending=87
[exp8078] phase=benchmark_transaction_after elapsed_s=638.805 completed=1174 pending=86
[exp8078] phase=benchmark_transaction_before elapsed_s=638.805 completed=1174 pending=86
[exp8078] phase=benchmark_transaction_after elapsed_s=639.157 completed=1175 pending=85
[exp8078] phase=benchmark_transaction_before elapsed_s=639.158 completed=1175 pending=85
[exp8078] phase=benchmark_transaction_after elapsed_s=639.379 completed=1176 pending=84
[exp8078] phase=benchmark_quartet_after elapsed_s=639.381 completed=1176 pending=84
[exp8078] phase=benchmark_quartet_before elapsed_s=639.381 completed=1176 pending=84
[exp8078] phase=benchmark_transaction_before elapsed_s=639.381 completed=1176 pending=84
[exp8078] phase=benchmark_transaction_after elapsed_s=639.387 completed=1177 pending=83
[exp8078] phase=benchmark_transaction_before elapsed_s=639.387 completed=1177 pending=83
[exp8078] phase=benchmark_transaction_after elapsed_s=640.702 completed=1178 pending=82
[exp8078] phase=benchmark_transaction_before elapsed_s=640.702 completed=1178 pending=82
[exp8078] phase=benchmark_transaction_after elapsed_s=640.707 completed=1179 pending=81
[exp8078] phase=benchmark_transaction_before elapsed_s=640.707 completed=1179 pending=81
[exp8078] phase=benchmark_transaction_after elapsed_s=642.028 completed=1180 pending=80
[exp8078] phase=benchmark_quartet_after elapsed_s=642.031 completed=1180 pending=80
[exp8078] phase=benchmark_quartet_before elapsed_s=642.031 completed=1180 pending=80
[exp8078] phase=benchmark_transaction_before elapsed_s=642.031 completed=1180 pending=80
[exp8078] phase=benchmark_transaction_after elapsed_s=642.035 completed=1181 pending=79
[exp8078] phase=benchmark_transaction_before elapsed_s=642.035 completed=1181 pending=79
[exp8078] phase=benchmark_transaction_after elapsed_s=642.260 completed=1182 pending=78
[exp8078] phase=benchmark_transaction_before elapsed_s=642.260 completed=1182 pending=78
[exp8078] phase=benchmark_transaction_after elapsed_s=642.263 completed=1183 pending=77
[exp8078] phase=benchmark_transaction_before elapsed_s=642.263 completed=1183 pending=77
[exp8078] phase=benchmark_transaction_after elapsed_s=642.492 completed=1184 pending=76
[exp8078] phase=benchmark_quartet_after elapsed_s=642.493 completed=1184 pending=76
[exp8078] phase=benchmark_quartet_before elapsed_s=642.493 completed=1184 pending=76
[exp8078] phase=benchmark_transaction_before elapsed_s=642.493 completed=1184 pending=76
[exp8078] phase=benchmark_transaction_after elapsed_s=642.496 completed=1185 pending=75
[exp8078] phase=benchmark_transaction_before elapsed_s=642.496 completed=1185 pending=75
[exp8078] phase=benchmark_transaction_after elapsed_s=642.676 completed=1186 pending=74
[exp8078] phase=benchmark_transaction_before elapsed_s=642.676 completed=1186 pending=74
[exp8078] phase=benchmark_transaction_after elapsed_s=642.898 completed=1187 pending=73
[exp8078] phase=benchmark_transaction_before elapsed_s=642.898 completed=1187 pending=73
[exp8078] phase=benchmark_transaction_after elapsed_s=643.122 completed=1188 pending=72
[exp8078] phase=benchmark_quartet_after elapsed_s=643.124 completed=1188 pending=72
[exp8078] phase=benchmark_quartet_before elapsed_s=643.124 completed=1188 pending=72
[exp8078] phase=benchmark_transaction_before elapsed_s=643.125 completed=1188 pending=72
[exp8078] phase=benchmark_transaction_after elapsed_s=644.551 completed=1189 pending=71
[exp8078] phase=benchmark_transaction_before elapsed_s=644.551 completed=1189 pending=71
[exp8078] phase=benchmark_transaction_after elapsed_s=645.939 completed=1190 pending=70
[exp8078] phase=benchmark_transaction_before elapsed_s=645.939 completed=1190 pending=70
[exp8078] phase=benchmark_transaction_after elapsed_s=647.350 completed=1191 pending=69
[exp8078] phase=benchmark_transaction_before elapsed_s=647.350 completed=1191 pending=69
[exp8078] phase=benchmark_transaction_after elapsed_s=648.910 completed=1192 pending=68
[exp8078] phase=benchmark_quartet_after elapsed_s=648.913 completed=1192 pending=68
[exp8078] phase=benchmark_quartet_before elapsed_s=648.913 completed=1192 pending=68
[exp8078] phase=benchmark_transaction_before elapsed_s=648.914 completed=1192 pending=68
[exp8078] phase=benchmark_transaction_after elapsed_s=649.251 completed=1193 pending=67
[exp8078] phase=benchmark_transaction_before elapsed_s=649.251 completed=1193 pending=67
[exp8078] phase=benchmark_transaction_after elapsed_s=649.596 completed=1194 pending=66
[exp8078] phase=benchmark_transaction_before elapsed_s=649.596 completed=1194 pending=66
[exp8078] phase=benchmark_transaction_after elapsed_s=649.941 completed=1195 pending=65
[exp8078] phase=benchmark_transaction_before elapsed_s=649.941 completed=1195 pending=65
[exp8078] phase=benchmark_transaction_after elapsed_s=650.416 completed=1196 pending=64
[exp8078] phase=benchmark_quartet_after elapsed_s=650.418 completed=1196 pending=64
[exp8078] phase=benchmark_quartet_before elapsed_s=650.418 completed=1196 pending=64
[exp8078] phase=benchmark_transaction_before elapsed_s=650.418 completed=1196 pending=64
[exp8078] phase=benchmark_transaction_after elapsed_s=650.761 completed=1197 pending=63
[exp8078] phase=benchmark_transaction_before elapsed_s=650.761 completed=1197 pending=63
[exp8078] phase=benchmark_transaction_after elapsed_s=651.219 completed=1198 pending=62
[exp8078] phase=benchmark_transaction_before elapsed_s=651.219 completed=1198 pending=62
[exp8078] phase=benchmark_transaction_after elapsed_s=651.556 completed=1199 pending=61
[exp8078] phase=benchmark_transaction_before elapsed_s=651.556 completed=1199 pending=61
[exp8078] phase=benchmark_transaction_after elapsed_s=651.899 completed=1200 pending=60
[exp8078] phase=benchmark_quartet_after elapsed_s=651.901 completed=1200 pending=60
[exp8078] phase=benchmark_quartet_before elapsed_s=651.902 completed=1200 pending=60
[exp8078] phase=benchmark_transaction_before elapsed_s=651.903 completed=1200 pending=60
[exp8078] phase=benchmark_transaction_after elapsed_s=653.313 completed=1201 pending=59
[exp8078] phase=benchmark_transaction_before elapsed_s=653.314 completed=1201 pending=59
[exp8078] phase=benchmark_transaction_after elapsed_s=654.840 completed=1202 pending=58
[exp8078] phase=benchmark_transaction_before elapsed_s=654.841 completed=1202 pending=58
[exp8078] phase=benchmark_transaction_after elapsed_s=656.255 completed=1203 pending=57
[exp8078] phase=benchmark_transaction_before elapsed_s=656.255 completed=1203 pending=57
[exp8078] phase=benchmark_transaction_after elapsed_s=657.856 completed=1204 pending=56
[exp8078] phase=benchmark_quartet_after elapsed_s=657.859 completed=1204 pending=56
[exp8078] phase=benchmark_quartet_before elapsed_s=657.860 completed=1204 pending=56
[exp8078] phase=benchmark_transaction_before elapsed_s=657.861 completed=1204 pending=56
[exp8078] phase=benchmark_transaction_after elapsed_s=658.205 completed=1205 pending=55
[exp8078] phase=benchmark_transaction_before elapsed_s=658.205 completed=1205 pending=55
[exp8078] phase=benchmark_transaction_after elapsed_s=658.549 completed=1206 pending=54
[exp8078] phase=benchmark_transaction_before elapsed_s=658.549 completed=1206 pending=54
[exp8078] phase=benchmark_transaction_after elapsed_s=658.891 completed=1207 pending=53
[exp8078] phase=benchmark_transaction_before elapsed_s=658.891 completed=1207 pending=53
[exp8078] phase=benchmark_transaction_after elapsed_s=659.231 completed=1208 pending=52
[exp8078] phase=benchmark_quartet_after elapsed_s=659.233 completed=1208 pending=52
[exp8078] phase=benchmark_quartet_before elapsed_s=659.234 completed=1208 pending=52
[exp8078] phase=benchmark_transaction_before elapsed_s=659.234 completed=1208 pending=52
[exp8078] phase=benchmark_transaction_after elapsed_s=659.585 completed=1209 pending=51
[exp8078] phase=benchmark_transaction_before elapsed_s=659.585 completed=1209 pending=51
[exp8078] phase=benchmark_transaction_after elapsed_s=659.935 completed=1210 pending=50
[exp8078] phase=benchmark_transaction_before elapsed_s=659.935 completed=1210 pending=50
[exp8078] phase=benchmark_transaction_after elapsed_s=660.439 completed=1211 pending=49
[exp8078] phase=benchmark_transaction_before elapsed_s=660.439 completed=1211 pending=49
[exp8078] phase=benchmark_transaction_after elapsed_s=660.778 completed=1212 pending=48
[exp8078] phase=benchmark_quartet_after elapsed_s=660.780 completed=1212 pending=48
[exp8078] phase=benchmark_quartet_before elapsed_s=660.780 completed=1212 pending=48
[exp8078] phase=benchmark_transaction_before elapsed_s=660.780 completed=1212 pending=48
[exp8078] phase=benchmark_transaction_after elapsed_s=662.159 completed=1213 pending=47
[exp8078] phase=benchmark_transaction_before elapsed_s=662.159 completed=1213 pending=47
[exp8078] phase=benchmark_transaction_after elapsed_s=663.542 completed=1214 pending=46
[exp8078] phase=benchmark_transaction_before elapsed_s=663.542 completed=1214 pending=46
[exp8078] phase=benchmark_transaction_after elapsed_s=663.547 completed=1215 pending=45
[exp8078] phase=benchmark_transaction_before elapsed_s=663.547 completed=1215 pending=45
[exp8078] phase=benchmark_transaction_after elapsed_s=663.553 completed=1216 pending=44
[exp8078] phase=benchmark_quartet_after elapsed_s=663.556 completed=1216 pending=44
[exp8078] phase=benchmark_quartet_before elapsed_s=663.556 completed=1216 pending=44
[exp8078] phase=benchmark_transaction_before elapsed_s=663.556 completed=1216 pending=44
[exp8078] phase=benchmark_transaction_after elapsed_s=663.899 completed=1217 pending=43
[exp8078] phase=benchmark_transaction_before elapsed_s=663.899 completed=1217 pending=43
[exp8078] phase=benchmark_transaction_after elapsed_s=664.245 completed=1218 pending=42
[exp8078] phase=benchmark_transaction_before elapsed_s=664.245 completed=1218 pending=42
[exp8078] phase=benchmark_transaction_after elapsed_s=664.249 completed=1219 pending=41
[exp8078] phase=benchmark_transaction_before elapsed_s=664.249 completed=1219 pending=41
[exp8078] phase=benchmark_transaction_after elapsed_s=664.253 completed=1220 pending=40
[exp8078] phase=benchmark_quartet_after elapsed_s=664.254 completed=1220 pending=40
[exp8078] phase=benchmark_quartet_before elapsed_s=664.254 completed=1220 pending=40
[exp8078] phase=benchmark_transaction_before elapsed_s=664.254 completed=1220 pending=40
[exp8078] phase=benchmark_transaction_after elapsed_s=664.258 completed=1221 pending=39
[exp8078] phase=benchmark_transaction_before elapsed_s=664.258 completed=1221 pending=39
[exp8078] phase=benchmark_transaction_after elapsed_s=664.600 completed=1222 pending=38
[exp8078] phase=benchmark_transaction_before elapsed_s=664.600 completed=1222 pending=38
[exp8078] phase=benchmark_transaction_after elapsed_s=664.942 completed=1223 pending=37
[exp8078] phase=benchmark_transaction_before elapsed_s=664.942 completed=1223 pending=37
[exp8078] phase=benchmark_transaction_after elapsed_s=664.945 completed=1224 pending=36
[exp8078] phase=benchmark_quartet_after elapsed_s=664.947 completed=1224 pending=36
[exp8078] phase=benchmark_quartet_before elapsed_s=664.947 completed=1224 pending=36
[exp8078] phase=benchmark_transaction_before elapsed_s=664.947 completed=1224 pending=36
[exp8078] phase=benchmark_transaction_after elapsed_s=664.953 completed=1225 pending=35
[exp8078] phase=benchmark_transaction_before elapsed_s=664.953 completed=1225 pending=35
[exp8078] phase=benchmark_transaction_after elapsed_s=664.959 completed=1226 pending=34
[exp8078] phase=benchmark_transaction_before elapsed_s=664.959 completed=1226 pending=34
[exp8078] phase=benchmark_transaction_after elapsed_s=666.703 completed=1227 pending=33
[exp8078] phase=benchmark_transaction_before elapsed_s=666.703 completed=1227 pending=33
[exp8078] phase=benchmark_transaction_after elapsed_s=668.449 completed=1228 pending=32
[exp8078] phase=benchmark_quartet_after elapsed_s=668.453 completed=1228 pending=32
[exp8078] phase=benchmark_quartet_before elapsed_s=668.453 completed=1228 pending=32
[exp8078] phase=benchmark_transaction_before elapsed_s=668.453 completed=1228 pending=32
[exp8078] phase=benchmark_transaction_after elapsed_s=668.457 completed=1229 pending=31
[exp8078] phase=benchmark_transaction_before elapsed_s=668.457 completed=1229 pending=31
[exp8078] phase=benchmark_transaction_after elapsed_s=668.903 completed=1230 pending=30
[exp8078] phase=benchmark_transaction_before elapsed_s=668.903 completed=1230 pending=30
[exp8078] phase=benchmark_transaction_after elapsed_s=668.907 completed=1231 pending=29
[exp8078] phase=benchmark_transaction_before elapsed_s=668.907 completed=1231 pending=29
[exp8078] phase=benchmark_transaction_after elapsed_s=669.350 completed=1232 pending=28
[exp8078] phase=benchmark_quartet_after elapsed_s=669.352 completed=1232 pending=28
[exp8078] phase=benchmark_quartet_before elapsed_s=669.352 completed=1232 pending=28
[exp8078] phase=benchmark_transaction_before elapsed_s=669.352 completed=1232 pending=28
[exp8078] phase=benchmark_transaction_after elapsed_s=669.797 completed=1233 pending=27
[exp8078] phase=benchmark_transaction_before elapsed_s=669.797 completed=1233 pending=27
[exp8078] phase=benchmark_transaction_after elapsed_s=669.801 completed=1234 pending=26
[exp8078] phase=benchmark_transaction_before elapsed_s=669.801 completed=1234 pending=26
[exp8078] phase=benchmark_transaction_after elapsed_s=670.245 completed=1235 pending=25
[exp8078] phase=benchmark_transaction_before elapsed_s=670.245 completed=1235 pending=25
[exp8078] phase=benchmark_transaction_after elapsed_s=670.249 completed=1236 pending=24
[exp8078] phase=benchmark_quartet_after elapsed_s=670.251 completed=1236 pending=24
[exp8078] phase=benchmark_quartet_before elapsed_s=670.252 completed=1236 pending=24
[exp8078] phase=benchmark_transaction_before elapsed_s=670.253 completed=1236 pending=24
[exp8078] phase=benchmark_transaction_after elapsed_s=672.131 completed=1237 pending=23
[exp8078] phase=benchmark_transaction_before elapsed_s=672.131 completed=1237 pending=23
[exp8078] phase=benchmark_transaction_after elapsed_s=673.916 completed=1238 pending=22
[exp8078] phase=benchmark_transaction_before elapsed_s=673.917 completed=1238 pending=22
[exp8078] phase=benchmark_transaction_after elapsed_s=675.696 completed=1239 pending=21
[exp8078] phase=benchmark_transaction_before elapsed_s=675.696 completed=1239 pending=21
[exp8078] phase=benchmark_transaction_after elapsed_s=677.452 completed=1240 pending=20
[exp8078] phase=benchmark_quartet_after elapsed_s=677.455 completed=1240 pending=20
[exp8078] phase=benchmark_quartet_before elapsed_s=677.457 completed=1240 pending=20
[exp8078] phase=benchmark_transaction_before elapsed_s=677.457 completed=1240 pending=20
[exp8078] phase=benchmark_transaction_after elapsed_s=677.910 completed=1241 pending=19
[exp8078] phase=benchmark_transaction_before elapsed_s=677.910 completed=1241 pending=19
[exp8078] phase=benchmark_transaction_after elapsed_s=678.349 completed=1242 pending=18
[exp8078] phase=benchmark_transaction_before elapsed_s=678.349 completed=1242 pending=18
[exp8078] phase=benchmark_transaction_after elapsed_s=678.793 completed=1243 pending=17
[exp8078] phase=benchmark_transaction_before elapsed_s=678.793 completed=1243 pending=17
[exp8078] phase=benchmark_transaction_after elapsed_s=679.241 completed=1244 pending=16
[exp8078] phase=benchmark_quartet_after elapsed_s=679.243 completed=1244 pending=16
[exp8078] phase=benchmark_quartet_before elapsed_s=679.245 completed=1244 pending=16
[exp8078] phase=benchmark_transaction_before elapsed_s=679.245 completed=1244 pending=16
[exp8078] phase=benchmark_transaction_after elapsed_s=679.699 completed=1245 pending=15
[exp8078] phase=benchmark_transaction_before elapsed_s=679.699 completed=1245 pending=15
[exp8078] phase=benchmark_transaction_after elapsed_s=680.153 completed=1246 pending=14
[exp8078] phase=benchmark_transaction_before elapsed_s=680.153 completed=1246 pending=14
[exp8078] phase=benchmark_transaction_after elapsed_s=680.599 completed=1247 pending=13
[exp8078] phase=benchmark_transaction_before elapsed_s=680.599 completed=1247 pending=13
[exp8078] phase=benchmark_transaction_after elapsed_s=681.039 completed=1248 pending=12
[exp8078] phase=benchmark_quartet_after elapsed_s=681.041 completed=1248 pending=12
[exp8078] phase=benchmark_quartet_before elapsed_s=681.041 completed=1248 pending=12
[exp8078] phase=benchmark_transaction_before elapsed_s=681.041 completed=1248 pending=12
[exp8078] phase=benchmark_transaction_after elapsed_s=682.786 completed=1249 pending=11
[exp8078] phase=benchmark_transaction_before elapsed_s=682.786 completed=1249 pending=11
[exp8078] phase=benchmark_transaction_after elapsed_s=684.559 completed=1250 pending=10
[exp8078] phase=benchmark_transaction_before elapsed_s=684.559 completed=1250 pending=10
[exp8078] phase=benchmark_transaction_after elapsed_s=686.355 completed=1251 pending=9
[exp8078] phase=benchmark_transaction_before elapsed_s=686.355 completed=1251 pending=9
[exp8078] phase=benchmark_transaction_after elapsed_s=688.106 completed=1252 pending=8
[exp8078] phase=benchmark_quartet_after elapsed_s=688.110 completed=1252 pending=8
[exp8078] phase=benchmark_quartet_before elapsed_s=688.110 completed=1252 pending=8
[exp8078] phase=benchmark_transaction_before elapsed_s=688.110 completed=1252 pending=8
[exp8078] phase=benchmark_transaction_after elapsed_s=688.559 completed=1253 pending=7
[exp8078] phase=benchmark_transaction_before elapsed_s=688.559 completed=1253 pending=7
[exp8078] phase=benchmark_transaction_after elapsed_s=689.006 completed=1254 pending=6
[exp8078] phase=benchmark_transaction_before elapsed_s=689.006 completed=1254 pending=6
[exp8078] phase=benchmark_transaction_after elapsed_s=689.448 completed=1255 pending=5
[exp8078] phase=benchmark_transaction_before elapsed_s=689.448 completed=1255 pending=5
[exp8078] phase=benchmark_transaction_after elapsed_s=689.891 completed=1256 pending=4
[exp8078] phase=benchmark_quartet_after elapsed_s=689.893 completed=1256 pending=4
[exp8078] phase=benchmark_quartet_before elapsed_s=689.893 completed=1256 pending=4
[exp8078] phase=benchmark_transaction_before elapsed_s=689.893 completed=1256 pending=4
[exp8078] phase=benchmark_transaction_after elapsed_s=690.345 completed=1257 pending=3
[exp8078] phase=benchmark_transaction_before elapsed_s=690.346 completed=1257 pending=3
[exp8078] phase=benchmark_transaction_after elapsed_s=690.928 completed=1258 pending=2
[exp8078] phase=benchmark_transaction_before elapsed_s=690.929 completed=1258 pending=2
[exp8078] phase=benchmark_transaction_after elapsed_s=691.377 completed=1259 pending=1
[exp8078] phase=benchmark_transaction_before elapsed_s=691.377 completed=1259 pending=1
[exp8078] phase=benchmark_transaction_after elapsed_s=691.933 completed=1260 pending=0
[exp8078] phase=benchmark_quartet_after elapsed_s=691.936 completed=1260 pending=0
[exp8078] phase=benchmark_after elapsed_s=692.161 completed=1260 pending=0
[exp8078] phase=measurement_worker_exit elapsed_s=692.355 completed=1 pending=0
