ggml_cuda_init: found 2 CUDA devices (Total VRAM: 48247 MiB):
  Device 0: NVIDIA GeForce RTX 3090, compute capability 8.6, VMM: yes, VRAM: 24123 MiB
  Device 1: NVIDIA GeForce RTX 3090, compute capability 8.6, VMM: yes, VRAM: 24123 MiB
llama_model_loader: loaded meta data with 54 key-value pairs and 733 tensors from /home/ianblenke/.cache/huggingface/hub/models--unsloth--Qwen3.6-35B-A3B-GGUF/snapshots/a483e9e6cbd595906af30beda3187c2663a1118c/Qwen3.6-35B-A3B-UD-Q4_K_M.gguf (version GGUF V3 (latest))
llama_model_loader: Dumping metadata keys/values. Note: KV overrides do not apply in this output.
llama_model_loader: - kv   0:                       general.architecture str              = qwen35moe
llama_model_loader: - kv   1:                               general.type str              = model
llama_model_loader: - kv   2:                     general.sampling.top_k i32              = 20
llama_model_loader: - kv   3:                     general.sampling.top_p f32              = 0.950000
llama_model_loader: - kv   4:                      general.sampling.temp f32              = 1.000000
llama_model_loader: - kv   5:                               general.name str              = Qwen3.6-35B-A3B
llama_model_loader: - kv   6:                           general.basename str              = Qwen3.6-35B-A3B
llama_model_loader: - kv   7:                       general.quantized_by str              = Unsloth
llama_model_loader: - kv   8:                         general.size_label str              = 35B-A3B
llama_model_loader: - kv   9:                            general.license str              = apache-2.0
llama_model_loader: - kv  10:                       general.license.link str              = https://huggingface.co/Qwen/Qwen3.6-3...
llama_model_loader: - kv  11:                           general.repo_url str              = https://huggingface.co/unsloth
llama_model_loader: - kv  12:                   general.base_model.count u32              = 1
llama_model_loader: - kv  13:                  general.base_model.0.name str              = Qwen3.6 35B A3B
llama_model_loader: - kv  14:          general.base_model.0.organization str              = Qwen
llama_model_loader: - kv  15:              general.base_model.0.repo_url str              = https://huggingface.co/Qwen/Qwen3.6-3...
llama_model_loader: - kv  16:                               general.tags arr[str,3]       = ["qwen3_5_moe", "qwen", "image-text-t...
llama_model_loader: - kv  17:                      qwen35moe.block_count u32              = 40
llama_model_loader: - kv  18:                   qwen35moe.context_length u32              = 262144
llama_model_loader: - kv  19:                 qwen35moe.embedding_length u32              = 2048
llama_model_loader: - kv  20:             qwen35moe.attention.head_count u32              = 16
llama_model_loader: - kv  21:          qwen35moe.attention.head_count_kv u32              = 2
llama_model_loader: - kv  22:          qwen35moe.rope.dimension_sections arr[i32,4]       = [11, 11, 10, 0]
llama_model_loader: - kv  23:                   qwen35moe.rope.freq_base f32              = 10000000.000000
llama_model_loader: - kv  24: qwen35moe.attention.layer_norm_rms_epsilon f32              = 0.000001
llama_model_loader: - kv  25:                     qwen35moe.expert_count u32              = 256
llama_model_loader: - kv  26:                qwen35moe.expert_used_count u32              = 8
llama_model_loader: - kv  27:             qwen35moe.attention.key_length u32              = 256
llama_model_loader: - kv  28:           qwen35moe.attention.value_length u32              = 256
llama_model_loader: - kv  29:       qwen35moe.expert_feed_forward_length u32              = 512
llama_model_loader: - kv  30: qwen35moe.expert_shared_feed_forward_length u32              = 512
llama_model_loader: - kv  31:                  qwen35moe.ssm.conv_kernel u32              = 4
llama_model_loader: - kv  32:                   qwen35moe.ssm.state_size u32              = 128
llama_model_loader: - kv  33:                  qwen35moe.ssm.group_count u32              = 16
llama_model_loader: - kv  34:               qwen35moe.ssm.time_step_rank u32              = 32
llama_model_loader: - kv  35:                   qwen35moe.ssm.inner_size u32              = 4096
llama_model_loader: - kv  36:          qwen35moe.full_attention_interval u32              = 4
llama_model_loader: - kv  37:             qwen35moe.rope.dimension_count u32              = 64
llama_model_loader: - kv  38:                       tokenizer.ggml.model str              = gpt2
llama_model_loader: - kv  39:                         tokenizer.ggml.pre str              = qwen35
llama_model_loader: - kv  40:                      tokenizer.ggml.tokens arr[str,248320]  = ["!", "\"", "#", "$", "%", "&", "'", ...
llama_model_loader: - kv  41:                  tokenizer.ggml.token_type arr[i32,248320]  = [1, 1, 1, 1, 1, 1, 1, 1, 1, 1, 1, 1, ...
llama_model_loader: - kv  42:                      tokenizer.ggml.merges arr[str,247587]  = ["Ġ Ġ", "ĠĠ ĠĠ", "i n", "Ġ t",...
llama_model_loader: - kv  43:                tokenizer.ggml.eos_token_id u32              = 248046
llama_model_loader: - kv  44:            tokenizer.ggml.padding_token_id u32              = 248055
llama_model_loader: - kv  45:                tokenizer.ggml.bos_token_id u32              = 248044
llama_model_loader: - kv  46:               tokenizer.ggml.add_bos_token bool             = false
llama_model_loader: - kv  47:                    tokenizer.chat_template str              = {%- set image_count = namespace(value...
llama_model_loader: - kv  48:               general.quantization_version u32              = 2
llama_model_loader: - kv  49:                          general.file_type u32              = 15
llama_model_loader: - kv  50:                      quantize.imatrix.file str              = Qwen3.6-35B-A3B-GGUF/imatrix_unsloth....
llama_model_loader: - kv  51:                   quantize.imatrix.dataset str              = unsloth_calibration_Qwen3.6-35B-A3B.txt
llama_model_loader: - kv  52:             quantize.imatrix.entries_count u32              = 510
llama_model_loader: - kv  53:              quantize.imatrix.chunks_count u32              = 76
llama_model_loader: - type  f32:  361 tensors
llama_model_loader: - type q8_0:  251 tensors
llama_model_loader: - type q4_K:   80 tensors
llama_model_loader: - type q5_K:   37 tensors
llama_model_loader: - type q6_K:    4 tensors
print_info: file format = GGUF V3 (latest)
print_info: file type   = Q4_K - Medium
print_info: file size   = 20.60 GiB (5.11 BPW) 
llama_prepare_model_devices: using device CUDA0 (NVIDIA GeForce RTX 3090) (0000:03:00.0) - 23597 MiB free
llama_prepare_model_devices: using device CUDA1 (NVIDIA GeForce RTX 3090) (0000:62:00.0) - 23597 MiB free
init_tokenizer: initializing tokenizer for type 2
load: 0 unused tokens
load: control token: 248075 '<tts_text_bos_single>' is not marked as EOG
load: control token: 248073 '<tts_text_bos>' is not marked as EOG
load: control token: 248072 '<tts_pad>' is not marked as EOG
load: control token: 248071 '<|audio_end|>' is not marked as EOG
load: control token: 248061 '<|fim_middle|>' is not marked as EOG
load: control token: 248055 '<|vision_pad|>' is not marked as EOG
load: control token: 248052 '<|quad_end|>' is not marked as EOG
load: control token: 248049 '<|box_start|>' is not marked as EOG
load: control token: 248048 '<|object_ref_end|>' is not marked as EOG
load: control token: 248045 '<|im_start|>' is not marked as EOG
load: control token: 248057 '<|video_pad|>' is not marked as EOG
load: control token: 248070 '<|audio_start|>' is not marked as EOG
load: control token: 248056 '<|image_pad|>' is not marked as EOG
load: control token: 248054 '<|vision_end|>' is not marked as EOG
load: control token: 248060 '<|fim_prefix|>' is not marked as EOG
load: control token: 248050 '<|box_end|>' is not marked as EOG
load: control token: 248074 '<tts_text_eod>' is not marked as EOG
load: control token: 248053 '<|vision_start|>' is not marked as EOG
load: control token: 248062 '<|fim_suffix|>' is not marked as EOG
load: control token: 248047 '<|object_ref_start|>' is not marked as EOG
load: control token: 248051 '<|quad_start|>' is not marked as EOG
load: control token: 248076 '<|audio_pad|>' is not marked as EOG
load: printing all EOG tokens:
load:   - 248044 ('<|endoftext|>')
load:   - 248046 ('<|im_end|>')
load:   - 248063 ('<|fim_pad|>')
load:   - 248064 ('<|repo_name|>')
load:   - 248065 ('<|file_sep|>')
load: special tokens cache size = 33
load: token to piece cache size = 1.7581 MB
print_info: arch                  = qwen35moe
print_info: vocab_only            = 0
print_info: no_alloc              = 0
print_info: n_ctx_train           = 262144
print_info: n_embd_inp            = 2048
print_info: n_embd                = 2048
print_info: n_embd_out            = 2048
print_info: n_layer               = 40
print_info: n_layer_all           = 40
print_info: n_head                = 16
print_info: n_head_kv             = 2
print_info: n_rot                 = 64
print_info: n_swa                 = 0
print_info: is_swa_any            = 0
print_info: n_embd_head_k         = 256
print_info: n_embd_head_v         = 256
print_info: n_gqa                 = 8
print_info: n_embd_k_gqa          = 512
print_info: n_embd_v_gqa          = 512
print_info: f_norm_eps            = 0.0e+00
print_info: f_norm_rms_eps        = 1.0e-06
print_info: f_clamp_kqv           = 0.0e+00
print_info: f_max_alibi_bias      = 0.0e+00
print_info: f_logit_scale         = 0.0e+00
print_info: f_attn_scale          = 0.0e+00
print_info: f_attn_value_scale    = 0.0000
print_info: n_ff                  = 0
print_info: n_expert              = 256
print_info: n_expert_used         = 8
print_info: n_expert_groups       = 0
print_info: n_group_used          = 0
print_info: causal attn           = 1
print_info: pooling type          = -1
print_info: rope type             = 40
print_info: rope scaling          = linear
print_info: freq_base_train       = 10000000.0
print_info: freq_scale_train      = 1
print_info: n_ctx_orig_yarn       = 262144
print_info: rope_yarn_log_mul     = 0.0000
print_info: rope_finetuned        = unknown
print_info: mrope sections        = [11, 11, 10, 0]
print_info: ssm_d_conv            = 4
print_info: ssm_d_inner           = 4096
print_info: ssm_d_state           = 128
print_info: ssm_dt_rank           = 32
print_info: ssm_n_group           = 16
print_info: ssm_dt_b_c_rms        = 0
print_info: model type            = 35B.A3B
print_info: model params          = 34.66 B
print_info: general.name          = Qwen3.6-35B-A3B
print_info: vocab type            = BPE
print_info: n_vocab               = 248320
print_info: n_merges              = 247587
print_info: BOS token             = 248044 '<|endoftext|>'
print_info: EOS token             = 248046 '<|im_end|>'
print_info: EOT token             = 248046 '<|im_end|>'
print_info: PAD token             = 248055 '<|vision_pad|>'
print_info: LF token              = 198 'Ċ'
print_info: FIM PRE token         = 248060 '<|fim_prefix|>'
print_info: FIM SUF token         = 248062 '<|fim_suffix|>'
print_info: FIM MID token         = 248061 '<|fim_middle|>'
print_info: FIM PAD token         = 248063 '<|fim_pad|>'
print_info: FIM REP token         = 248064 '<|repo_name|>'
print_info: FIM SEP token         = 248065 '<|file_sep|>'
print_info: EOG token             = 248044 '<|endoftext|>'
print_info: EOG token             = 248046 '<|im_end|>'
print_info: EOG token             = 248063 '<|fim_pad|>'
print_info: EOG token             = 248064 '<|repo_name|>'
print_info: EOG token             = 248065 '<|file_sep|>'
print_info: max token length      = 256
load_tensors: loading model tensors, this can take a while... (mmap = true, direct_io = false)
load_tensors: layer   0 assigned to device CUDA0, is_swa = 0
load_tensors: layer   1 assigned to device CUDA0, is_swa = 0
load_tensors: layer   2 assigned to device CUDA0, is_swa = 0
load_tensors: layer   3 assigned to device CUDA0, is_swa = 0
load_tensors: layer   4 assigned to device CUDA0, is_swa = 0
load_tensors: layer   5 assigned to device CUDA0, is_swa = 0
load_tensors: layer   6 assigned to device CUDA0, is_swa = 0
load_tensors: layer   7 assigned to device CUDA0, is_swa = 0
load_tensors: layer   8 assigned to device CUDA0, is_swa = 0
load_tensors: layer   9 assigned to device CUDA0, is_swa = 0
load_tensors: layer  10 assigned to device CUDA0, is_swa = 0
load_tensors: layer  11 assigned to device CUDA0, is_swa = 0
load_tensors: layer  12 assigned to device CUDA0, is_swa = 0
load_tensors: layer  13 assigned to device CUDA0, is_swa = 0
load_tensors: layer  14 assigned to device CUDA0, is_swa = 0
load_tensors: layer  15 assigned to device CUDA0, is_swa = 0
load_tensors: layer  16 assigned to device CUDA0, is_swa = 0
load_tensors: layer  17 assigned to device CUDA0, is_swa = 0
load_tensors: layer  18 assigned to device CUDA0, is_swa = 0
load_tensors: layer  19 assigned to device CUDA0, is_swa = 0
load_tensors: layer  20 assigned to device CUDA0, is_swa = 0
load_tensors: layer  21 assigned to device CUDA1, is_swa = 0
load_tensors: layer  22 assigned to device CUDA1, is_swa = 0
load_tensors: layer  23 assigned to device CUDA1, is_swa = 0
load_tensors: layer  24 assigned to device CUDA1, is_swa = 0
load_tensors: layer  25 assigned to device CUDA1, is_swa = 0
load_tensors: layer  26 assigned to device CUDA1, is_swa = 0
load_tensors: layer  27 assigned to device CUDA1, is_swa = 0
load_tensors: layer  28 assigned to device CUDA1, is_swa = 0
load_tensors: layer  29 assigned to device CUDA1, is_swa = 0
load_tensors: layer  30 assigned to device CUDA1, is_swa = 0
load_tensors: layer  31 assigned to device CUDA1, is_swa = 0
load_tensors: layer  32 assigned to device CUDA1, is_swa = 0
load_tensors: layer  33 assigned to device CUDA1, is_swa = 0
load_tensors: layer  34 assigned to device CUDA1, is_swa = 0
load_tensors: layer  35 assigned to device CUDA1, is_swa = 0
load_tensors: layer  36 assigned to device CUDA1, is_swa = 0
load_tensors: layer  37 assigned to device CUDA1, is_swa = 0
load_tensors: layer  38 assigned to device CUDA1, is_swa = 0
load_tensors: layer  39 assigned to device CUDA1, is_swa = 0
load_tensors: layer  40 assigned to device CUDA1, is_swa = 0
create_tensor: loading tensor token_embd.weight
create_tensor: loading tensor output_norm.weight
create_tensor: loading tensor output.weight
create_tensor: loading tensor blk.0.attn_norm.weight
create_tensor: loading tensor blk.0.post_attention_norm.weight
create_tensor: loading tensor blk.0.attn_qkv.weight
create_tensor: loading tensor blk.0.attn_gate.weight
create_tensor: loading tensor blk.0.ssm_conv1d.weight
create_tensor: loading tensor blk.0.ssm_dt.bias
create_tensor: loading tensor blk.0.ssm_a
create_tensor: loading tensor blk.0.ssm_beta.weight
create_tensor: loading tensor blk.0.ssm_alpha.weight
create_tensor: loading tensor blk.0.ssm_norm.weight
create_tensor: loading tensor blk.0.ssm_out.weight
create_tensor: loading tensor blk.0.ffn_gate_inp.weight
create_tensor: loading tensor blk.0.ffn_down_exps.weight
create_tensor: loading tensor blk.0.ffn_gate_exps.weight
create_tensor: loading tensor blk.0.ffn_up_exps.weight
create_tensor: loading tensor blk.0.ffn_gate_inp_shexp.weight
create_tensor: loading tensor blk.0.ffn_gate_shexp.weight
create_tensor: loading tensor blk.0.ffn_up_shexp.weight
create_tensor: loading tensor blk.0.ffn_down_shexp.weight
create_tensor: loading tensor blk.1.attn_norm.weight
create_tensor: loading tensor blk.1.post_attention_norm.weight
create_tensor: loading tensor blk.1.attn_qkv.weight
create_tensor: loading tensor blk.1.attn_gate.weight
create_tensor: loading tensor blk.1.ssm_conv1d.weight
create_tensor: loading tensor blk.1.ssm_dt.bias
create_tensor: loading tensor blk.1.ssm_a
create_tensor: loading tensor blk.1.ssm_beta.weight
create_tensor: loading tensor blk.1.ssm_alpha.weight
create_tensor: loading tensor blk.1.ssm_norm.weight
create_tensor: loading tensor blk.1.ssm_out.weight
create_tensor: loading tensor blk.1.ffn_gate_inp.weight
create_tensor: loading tensor blk.1.ffn_down_exps.weight
create_tensor: loading tensor blk.1.ffn_gate_exps.weight
create_tensor: loading tensor blk.1.ffn_up_exps.weight
create_tensor: loading tensor blk.1.ffn_gate_inp_shexp.weight
create_tensor: loading tensor blk.1.ffn_gate_shexp.weight
create_tensor: loading tensor blk.1.ffn_up_shexp.weight
create_tensor: loading tensor blk.1.ffn_down_shexp.weight
create_tensor: loading tensor blk.2.attn_norm.weight
create_tensor: loading tensor blk.2.post_attention_norm.weight
create_tensor: loading tensor blk.2.attn_qkv.weight
create_tensor: loading tensor blk.2.attn_gate.weight
create_tensor: loading tensor blk.2.ssm_conv1d.weight
create_tensor: loading tensor blk.2.ssm_dt.bias
create_tensor: loading tensor blk.2.ssm_a
create_tensor: loading tensor blk.2.ssm_beta.weight
create_tensor: loading tensor blk.2.ssm_alpha.weight
create_tensor: loading tensor blk.2.ssm_norm.weight
create_tensor: loading tensor blk.2.ssm_out.weight
create_tensor: loading tensor blk.2.ffn_gate_inp.weight
create_tensor: loading tensor blk.2.ffn_down_exps.weight
create_tensor: loading tensor blk.2.ffn_gate_exps.weight
create_tensor: loading tensor blk.2.ffn_up_exps.weight
create_tensor: loading tensor blk.2.ffn_gate_inp_shexp.weight
create_tensor: loading tensor blk.2.ffn_gate_shexp.weight
create_tensor: loading tensor blk.2.ffn_up_shexp.weight
create_tensor: loading tensor blk.2.ffn_down_shexp.weight
create_tensor: loading tensor blk.3.attn_norm.weight
create_tensor: loading tensor blk.3.post_attention_norm.weight
create_tensor: loading tensor blk.3.attn_q.weight
create_tensor: loading tensor blk.3.attn_k.weight
create_tensor: loading tensor blk.3.attn_v.weight
create_tensor: loading tensor blk.3.attn_output.weight
create_tensor: loading tensor blk.3.attn_q_norm.weight
create_tensor: loading tensor blk.3.attn_k_norm.weight
create_tensor: loading tensor blk.3.ffn_gate_inp.weight
create_tensor: loading tensor blk.3.ffn_down_exps.weight
create_tensor: loading tensor blk.3.ffn_gate_exps.weight
create_tensor: loading tensor blk.3.ffn_up_exps.weight
create_tensor: loading tensor blk.3.ffn_gate_inp_shexp.weight
create_tensor: loading tensor blk.3.ffn_gate_shexp.weight
create_tensor: loading tensor blk.3.ffn_up_shexp.weight
create_tensor: loading tensor blk.3.ffn_down_shexp.weight
create_tensor: loading tensor blk.4.attn_norm.weight
create_tensor: loading tensor blk.4.post_attention_norm.weight
create_tensor: loading tensor blk.4.attn_qkv.weight
create_tensor: loading tensor blk.4.attn_gate.weight
create_tensor: loading tensor blk.4.ssm_conv1d.weight
create_tensor: loading tensor blk.4.ssm_dt.bias
create_tensor: loading tensor blk.4.ssm_a
create_tensor: loading tensor blk.4.ssm_beta.weight
create_tensor: loading tensor blk.4.ssm_alpha.weight
create_tensor: loading tensor blk.4.ssm_norm.weight
create_tensor: loading tensor blk.4.ssm_out.weight
create_tensor: loading tensor blk.4.ffn_gate_inp.weight
create_tensor: loading tensor blk.4.ffn_down_exps.weight
create_tensor: loading tensor blk.4.ffn_gate_exps.weight
create_tensor: loading tensor blk.4.ffn_up_exps.weight
create_tensor: loading tensor blk.4.ffn_gate_inp_shexp.weight
create_tensor: loading tensor blk.4.ffn_gate_shexp.weight
create_tensor: loading tensor blk.4.ffn_up_shexp.weight
create_tensor: loading tensor blk.4.ffn_down_shexp.weight
create_tensor: loading tensor blk.5.attn_norm.weight
create_tensor: loading tensor blk.5.post_attention_norm.weight
create_tensor: loading tensor blk.5.attn_qkv.weight
create_tensor: loading tensor blk.5.attn_gate.weight
create_tensor: loading tensor blk.5.ssm_conv1d.weight
create_tensor: loading tensor blk.5.ssm_dt.bias
create_tensor: loading tensor blk.5.ssm_a
create_tensor: loading tensor blk.5.ssm_beta.weight
create_tensor: loading tensor blk.5.ssm_alpha.weight
create_tensor: loading tensor blk.5.ssm_norm.weight
create_tensor: loading tensor blk.5.ssm_out.weight
create_tensor: loading tensor blk.5.ffn_gate_inp.weight
create_tensor: loading tensor blk.5.ffn_down_exps.weight
create_tensor: loading tensor blk.5.ffn_gate_exps.weight
create_tensor: loading tensor blk.5.ffn_up_exps.weight
create_tensor: loading tensor blk.5.ffn_gate_inp_shexp.weight
create_tensor: loading tensor blk.5.ffn_gate_shexp.weight
create_tensor: loading tensor blk.5.ffn_up_shexp.weight
create_tensor: loading tensor blk.5.ffn_down_shexp.weight
create_tensor: loading tensor blk.6.attn_norm.weight
create_tensor: loading tensor blk.6.post_attention_norm.weight
create_tensor: loading tensor blk.6.attn_qkv.weight
create_tensor: loading tensor blk.6.attn_gate.weight
create_tensor: loading tensor blk.6.ssm_conv1d.weight
create_tensor: loading tensor blk.6.ssm_dt.bias
create_tensor: loading tensor blk.6.ssm_a
create_tensor: loading tensor blk.6.ssm_beta.weight
create_tensor: loading tensor blk.6.ssm_alpha.weight
create_tensor: loading tensor blk.6.ssm_norm.weight
create_tensor: loading tensor blk.6.ssm_out.weight
create_tensor: loading tensor blk.6.ffn_gate_inp.weight
create_tensor: loading tensor blk.6.ffn_down_exps.weight
create_tensor: loading tensor blk.6.ffn_gate_exps.weight
create_tensor: loading tensor blk.6.ffn_up_exps.weight
create_tensor: loading tensor blk.6.ffn_gate_inp_shexp.weight
create_tensor: loading tensor blk.6.ffn_gate_shexp.weight
create_tensor: loading tensor blk.6.ffn_up_shexp.weight
create_tensor: loading tensor blk.6.ffn_down_shexp.weight
create_tensor: loading tensor blk.7.attn_norm.weight
create_tensor: loading tensor blk.7.post_attention_norm.weight
create_tensor: loading tensor blk.7.attn_q.weight
create_tensor: loading tensor blk.7.attn_k.weight
create_tensor: loading tensor blk.7.attn_v.weight
create_tensor: loading tensor blk.7.attn_output.weight
create_tensor: loading tensor blk.7.attn_q_norm.weight
create_tensor: loading tensor blk.7.attn_k_norm.weight
create_tensor: loading tensor blk.7.ffn_gate_inp.weight
create_tensor: loading tensor blk.7.ffn_down_exps.weight
create_tensor: loading tensor blk.7.ffn_gate_exps.weight
create_tensor: loading tensor blk.7.ffn_up_exps.weight
create_tensor: loading tensor blk.7.ffn_gate_inp_shexp.weight
create_tensor: loading tensor blk.7.ffn_gate_shexp.weight
create_tensor: loading tensor blk.7.ffn_up_shexp.weight
create_tensor: loading tensor blk.7.ffn_down_shexp.weight
create_tensor: loading tensor blk.8.attn_norm.weight
create_tensor: loading tensor blk.8.post_attention_norm.weight
create_tensor: loading tensor blk.8.attn_qkv.weight
create_tensor: loading tensor blk.8.attn_gate.weight
create_tensor: loading tensor blk.8.ssm_conv1d.weight
create_tensor: loading tensor blk.8.ssm_dt.bias
create_tensor: loading tensor blk.8.ssm_a
create_tensor: loading tensor blk.8.ssm_beta.weight
create_tensor: loading tensor blk.8.ssm_alpha.weight
create_tensor: loading tensor blk.8.ssm_norm.weight
create_tensor: loading tensor blk.8.ssm_out.weight
create_tensor: loading tensor blk.8.ffn_gate_inp.weight
create_tensor: loading tensor blk.8.ffn_down_exps.weight
create_tensor: loading tensor blk.8.ffn_gate_exps.weight
create_tensor: loading tensor blk.8.ffn_up_exps.weight
create_tensor: loading tensor blk.8.ffn_gate_inp_shexp.weight
create_tensor: loading tensor blk.8.ffn_gate_shexp.weight
create_tensor: loading tensor blk.8.ffn_up_shexp.weight
create_tensor: loading tensor blk.8.ffn_down_shexp.weight
create_tensor: loading tensor blk.9.attn_norm.weight
create_tensor: loading tensor blk.9.post_attention_norm.weight
create_tensor: loading tensor blk.9.attn_qkv.weight
create_tensor: loading tensor blk.9.attn_gate.weight
create_tensor: loading tensor blk.9.ssm_conv1d.weight
create_tensor: loading tensor blk.9.ssm_dt.bias
create_tensor: loading tensor blk.9.ssm_a
create_tensor: loading tensor blk.9.ssm_beta.weight
create_tensor: loading tensor blk.9.ssm_alpha.weight
create_tensor: loading tensor blk.9.ssm_norm.weight
create_tensor: loading tensor blk.9.ssm_out.weight
create_tensor: loading tensor blk.9.ffn_gate_inp.weight
create_tensor: loading tensor blk.9.ffn_down_exps.weight
create_tensor: loading tensor blk.9.ffn_gate_exps.weight
create_tensor: loading tensor blk.9.ffn_up_exps.weight
create_tensor: loading tensor blk.9.ffn_gate_inp_shexp.weight
create_tensor: loading tensor blk.9.ffn_gate_shexp.weight
create_tensor: loading tensor blk.9.ffn_up_shexp.weight
create_tensor: loading tensor blk.9.ffn_down_shexp.weight
create_tensor: loading tensor blk.10.attn_norm.weight
create_tensor: loading tensor blk.10.post_attention_norm.weight
create_tensor: loading tensor blk.10.attn_qkv.weight
create_tensor: loading tensor blk.10.attn_gate.weight
create_tensor: loading tensor blk.10.ssm_conv1d.weight
create_tensor: loading tensor blk.10.ssm_dt.bias
create_tensor: loading tensor blk.10.ssm_a
create_tensor: loading tensor blk.10.ssm_beta.weight
create_tensor: loading tensor blk.10.ssm_alpha.weight
create_tensor: loading tensor blk.10.ssm_norm.weight
create_tensor: loading tensor blk.10.ssm_out.weight
create_tensor: loading tensor blk.10.ffn_gate_inp.weight
create_tensor: loading tensor blk.10.ffn_down_exps.weight
create_tensor: loading tensor blk.10.ffn_gate_exps.weight
create_tensor: loading tensor blk.10.ffn_up_exps.weight
create_tensor: loading tensor blk.10.ffn_gate_inp_shexp.weight
create_tensor: loading tensor blk.10.ffn_gate_shexp.weight
create_tensor: loading tensor blk.10.ffn_up_shexp.weight
create_tensor: loading tensor blk.10.ffn_down_shexp.weight
create_tensor: loading tensor blk.11.attn_norm.weight
create_tensor: loading tensor blk.11.post_attention_norm.weight
create_tensor: loading tensor blk.11.attn_q.weight
create_tensor: loading tensor blk.11.attn_k.weight
create_tensor: loading tensor blk.11.attn_v.weight
create_tensor: loading tensor blk.11.attn_output.weight
create_tensor: loading tensor blk.11.attn_q_norm.weight
create_tensor: loading tensor blk.11.attn_k_norm.weight
create_tensor: loading tensor blk.11.ffn_gate_inp.weight
create_tensor: loading tensor blk.11.ffn_down_exps.weight
create_tensor: loading tensor blk.11.ffn_gate_exps.weight
create_tensor: loading tensor blk.11.ffn_up_exps.weight
create_tensor: loading tensor blk.11.ffn_gate_inp_shexp.weight
create_tensor: loading tensor blk.11.ffn_gate_shexp.weight
create_tensor: loading tensor blk.11.ffn_up_shexp.weight
create_tensor: loading tensor blk.11.ffn_down_shexp.weight
create_tensor: loading tensor blk.12.attn_norm.weight
create_tensor: loading tensor blk.12.post_attention_norm.weight
create_tensor: loading tensor blk.12.attn_qkv.weight
create_tensor: loading tensor blk.12.attn_gate.weight
create_tensor: loading tensor blk.12.ssm_conv1d.weight
create_tensor: loading tensor blk.12.ssm_dt.bias
create_tensor: loading tensor blk.12.ssm_a
create_tensor: loading tensor blk.12.ssm_beta.weight
create_tensor: loading tensor blk.12.ssm_alpha.weight
create_tensor: loading tensor blk.12.ssm_norm.weight
create_tensor: loading tensor blk.12.ssm_out.weight
create_tensor: loading tensor blk.12.ffn_gate_inp.weight
create_tensor: loading tensor blk.12.ffn_down_exps.weight
create_tensor: loading tensor blk.12.ffn_gate_exps.weight
create_tensor: loading tensor blk.12.ffn_up_exps.weight
create_tensor: loading tensor blk.12.ffn_gate_inp_shexp.weight
create_tensor: loading tensor blk.12.ffn_gate_shexp.weight
create_tensor: loading tensor blk.12.ffn_up_shexp.weight
create_tensor: loading tensor blk.12.ffn_down_shexp.weight
create_tensor: loading tensor blk.13.attn_norm.weight
create_tensor: loading tensor blk.13.post_attention_norm.weight
create_tensor: loading tensor blk.13.attn_qkv.weight
create_tensor: loading tensor blk.13.attn_gate.weight
create_tensor: loading tensor blk.13.ssm_conv1d.weight
create_tensor: loading tensor blk.13.ssm_dt.bias
create_tensor: loading tensor blk.13.ssm_a
create_tensor: loading tensor blk.13.ssm_beta.weight
create_tensor: loading tensor blk.13.ssm_alpha.weight
create_tensor: loading tensor blk.13.ssm_norm.weight
create_tensor: loading tensor blk.13.ssm_out.weight
create_tensor: loading tensor blk.13.ffn_gate_inp.weight
create_tensor: loading tensor blk.13.ffn_down_exps.weight
create_tensor: loading tensor blk.13.ffn_gate_exps.weight
create_tensor: loading tensor blk.13.ffn_up_exps.weight
create_tensor: loading tensor blk.13.ffn_gate_inp_shexp.weight
create_tensor: loading tensor blk.13.ffn_gate_shexp.weight
create_tensor: loading tensor blk.13.ffn_up_shexp.weight
create_tensor: loading tensor blk.13.ffn_down_shexp.weight
create_tensor: loading tensor blk.14.attn_norm.weight
create_tensor: loading tensor blk.14.post_attention_norm.weight
create_tensor: loading tensor blk.14.attn_qkv.weight
create_tensor: loading tensor blk.14.attn_gate.weight
create_tensor: loading tensor blk.14.ssm_conv1d.weight
create_tensor: loading tensor blk.14.ssm_dt.bias
create_tensor: loading tensor blk.14.ssm_a
create_tensor: loading tensor blk.14.ssm_beta.weight
create_tensor: loading tensor blk.14.ssm_alpha.weight
create_tensor: loading tensor blk.14.ssm_norm.weight
create_tensor: loading tensor blk.14.ssm_out.weight
create_tensor: loading tensor blk.14.ffn_gate_inp.weight
create_tensor: loading tensor blk.14.ffn_down_exps.weight
create_tensor: loading tensor blk.14.ffn_gate_exps.weight
create_tensor: loading tensor blk.14.ffn_up_exps.weight
create_tensor: loading tensor blk.14.ffn_gate_inp_shexp.weight
create_tensor: loading tensor blk.14.ffn_gate_shexp.weight
create_tensor: loading tensor blk.14.ffn_up_shexp.weight
create_tensor: loading tensor blk.14.ffn_down_shexp.weight
create_tensor: loading tensor blk.15.attn_norm.weight
create_tensor: loading tensor blk.15.post_attention_norm.weight
create_tensor: loading tensor blk.15.attn_q.weight
create_tensor: loading tensor blk.15.attn_k.weight
create_tensor: loading tensor blk.15.attn_v.weight
create_tensor: loading tensor blk.15.attn_output.weight
create_tensor: loading tensor blk.15.attn_q_norm.weight
create_tensor: loading tensor blk.15.attn_k_norm.weight
create_tensor: loading tensor blk.15.ffn_gate_inp.weight
create_tensor: loading tensor blk.15.ffn_down_exps.weight
create_tensor: loading tensor blk.15.ffn_gate_exps.weight
create_tensor: loading tensor blk.15.ffn_up_exps.weight
create_tensor: loading tensor blk.15.ffn_gate_inp_shexp.weight
create_tensor: loading tensor blk.15.ffn_gate_shexp.weight
create_tensor: loading tensor blk.15.ffn_up_shexp.weight
create_tensor: loading tensor blk.15.ffn_down_shexp.weight
create_tensor: loading tensor blk.16.attn_norm.weight
create_tensor: loading tensor blk.16.post_attention_norm.weight
create_tensor: loading tensor blk.16.attn_qkv.weight
create_tensor: loading tensor blk.16.attn_gate.weight
create_tensor: loading tensor blk.16.ssm_conv1d.weight
create_tensor: loading tensor blk.16.ssm_dt.bias
create_tensor: loading tensor blk.16.ssm_a
create_tensor: loading tensor blk.16.ssm_beta.weight
create_tensor: loading tensor blk.16.ssm_alpha.weight
create_tensor: loading tensor blk.16.ssm_norm.weight
create_tensor: loading tensor blk.16.ssm_out.weight
create_tensor: loading tensor blk.16.ffn_gate_inp.weight
create_tensor: loading tensor blk.16.ffn_down_exps.weight
create_tensor: loading tensor blk.16.ffn_gate_exps.weight
create_tensor: loading tensor blk.16.ffn_up_exps.weight
create_tensor: loading tensor blk.16.ffn_gate_inp_shexp.weight
create_tensor: loading tensor blk.16.ffn_gate_shexp.weight
create_tensor: loading tensor blk.16.ffn_up_shexp.weight
create_tensor: loading tensor blk.16.ffn_down_shexp.weight
create_tensor: loading tensor blk.17.attn_norm.weight
create_tensor: loading tensor blk.17.post_attention_norm.weight
create_tensor: loading tensor blk.17.attn_qkv.weight
create_tensor: loading tensor blk.17.attn_gate.weight
create_tensor: loading tensor blk.17.ssm_conv1d.weight
create_tensor: loading tensor blk.17.ssm_dt.bias
create_tensor: loading tensor blk.17.ssm_a
create_tensor: loading tensor blk.17.ssm_beta.weight
create_tensor: loading tensor blk.17.ssm_alpha.weight
create_tensor: loading tensor blk.17.ssm_norm.weight
create_tensor: loading tensor blk.17.ssm_out.weight
create_tensor: loading tensor blk.17.ffn_gate_inp.weight
create_tensor: loading tensor blk.17.ffn_down_exps.weight
create_tensor: loading tensor blk.17.ffn_gate_exps.weight
create_tensor: loading tensor blk.17.ffn_up_exps.weight
create_tensor: loading tensor blk.17.ffn_gate_inp_shexp.weight
create_tensor: loading tensor blk.17.ffn_gate_shexp.weight
create_tensor: loading tensor blk.17.ffn_up_shexp.weight
create_tensor: loading tensor blk.17.ffn_down_shexp.weight
create_tensor: loading tensor blk.18.attn_norm.weight
create_tensor: loading tensor blk.18.post_attention_norm.weight
create_tensor: loading tensor blk.18.attn_qkv.weight
create_tensor: loading tensor blk.18.attn_gate.weight
create_tensor: loading tensor blk.18.ssm_conv1d.weight
create_tensor: loading tensor blk.18.ssm_dt.bias
create_tensor: loading tensor blk.18.ssm_a
create_tensor: loading tensor blk.18.ssm_beta.weight
create_tensor: loading tensor blk.18.ssm_alpha.weight
create_tensor: loading tensor blk.18.ssm_norm.weight
create_tensor: loading tensor blk.18.ssm_out.weight
create_tensor: loading tensor blk.18.ffn_gate_inp.weight
create_tensor: loading tensor blk.18.ffn_down_exps.weight
create_tensor: loading tensor blk.18.ffn_gate_exps.weight
create_tensor: loading tensor blk.18.ffn_up_exps.weight
create_tensor: loading tensor blk.18.ffn_gate_inp_shexp.weight
create_tensor: loading tensor blk.18.ffn_gate_shexp.weight
create_tensor: loading tensor blk.18.ffn_up_shexp.weight
create_tensor: loading tensor blk.18.ffn_down_shexp.weight
create_tensor: loading tensor blk.19.attn_norm.weight
create_tensor: loading tensor blk.19.post_attention_norm.weight
create_tensor: loading tensor blk.19.attn_q.weight
create_tensor: loading tensor blk.19.attn_k.weight
create_tensor: loading tensor blk.19.attn_v.weight
create_tensor: loading tensor blk.19.attn_output.weight
create_tensor: loading tensor blk.19.attn_q_norm.weight
create_tensor: loading tensor blk.19.attn_k_norm.weight
create_tensor: loading tensor blk.19.ffn_gate_inp.weight
create_tensor: loading tensor blk.19.ffn_down_exps.weight
create_tensor: loading tensor blk.19.ffn_gate_exps.weight
create_tensor: loading tensor blk.19.ffn_up_exps.weight
create_tensor: loading tensor blk.19.ffn_gate_inp_shexp.weight
create_tensor: loading tensor blk.19.ffn_gate_shexp.weight
create_tensor: loading tensor blk.19.ffn_up_shexp.weight
create_tensor: loading tensor blk.19.ffn_down_shexp.weight
create_tensor: loading tensor blk.20.attn_norm.weight
create_tensor: loading tensor blk.20.post_attention_norm.weight
create_tensor: loading tensor blk.20.attn_qkv.weight
create_tensor: loading tensor blk.20.attn_gate.weight
create_tensor: loading tensor blk.20.ssm_conv1d.weight
create_tensor: loading tensor blk.20.ssm_dt.bias
create_tensor: loading tensor blk.20.ssm_a
create_tensor: loading tensor blk.20.ssm_beta.weight
create_tensor: loading tensor blk.20.ssm_alpha.weight
create_tensor: loading tensor blk.20.ssm_norm.weight
create_tensor: loading tensor blk.20.ssm_out.weight
create_tensor: loading tensor blk.20.ffn_gate_inp.weight
create_tensor: loading tensor blk.20.ffn_down_exps.weight
create_tensor: loading tensor blk.20.ffn_gate_exps.weight
create_tensor: loading tensor blk.20.ffn_up_exps.weight
create_tensor: loading tensor blk.20.ffn_gate_inp_shexp.weight
create_tensor: loading tensor blk.20.ffn_gate_shexp.weight
create_tensor: loading tensor blk.20.ffn_up_shexp.weight
create_tensor: loading tensor blk.20.ffn_down_shexp.weight
create_tensor: loading tensor blk.21.attn_norm.weight
create_tensor: loading tensor blk.21.post_attention_norm.weight
create_tensor: loading tensor blk.21.attn_qkv.weight
create_tensor: loading tensor blk.21.attn_gate.weight
create_tensor: loading tensor blk.21.ssm_conv1d.weight
create_tensor: loading tensor blk.21.ssm_dt.bias
create_tensor: loading tensor blk.21.ssm_a
create_tensor: loading tensor blk.21.ssm_beta.weight
create_tensor: loading tensor blk.21.ssm_alpha.weight
create_tensor: loading tensor blk.21.ssm_norm.weight
create_tensor: loading tensor blk.21.ssm_out.weight
create_tensor: loading tensor blk.21.ffn_gate_inp.weight
create_tensor: loading tensor blk.21.ffn_down_exps.weight
create_tensor: loading tensor blk.21.ffn_gate_exps.weight
create_tensor: loading tensor blk.21.ffn_up_exps.weight
create_tensor: loading tensor blk.21.ffn_gate_inp_shexp.weight
create_tensor: loading tensor blk.21.ffn_gate_shexp.weight
create_tensor: loading tensor blk.21.ffn_up_shexp.weight
create_tensor: loading tensor blk.21.ffn_down_shexp.weight
create_tensor: loading tensor blk.22.attn_norm.weight
create_tensor: loading tensor blk.22.post_attention_norm.weight
create_tensor: loading tensor blk.22.attn_qkv.weight
create_tensor: loading tensor blk.22.attn_gate.weight
create_tensor: loading tensor blk.22.ssm_conv1d.weight
create_tensor: loading tensor blk.22.ssm_dt.bias
create_tensor: loading tensor blk.22.ssm_a
create_tensor: loading tensor blk.22.ssm_beta.weight
create_tensor: loading tensor blk.22.ssm_alpha.weight
create_tensor: loading tensor blk.22.ssm_norm.weight
create_tensor: loading tensor blk.22.ssm_out.weight
create_tensor: loading tensor blk.22.ffn_gate_inp.weight
create_tensor: loading tensor blk.22.ffn_down_exps.weight
create_tensor: loading tensor blk.22.ffn_gate_exps.weight
create_tensor: loading tensor blk.22.ffn_up_exps.weight
create_tensor: loading tensor blk.22.ffn_gate_inp_shexp.weight
create_tensor: loading tensor blk.22.ffn_gate_shexp.weight
create_tensor: loading tensor blk.22.ffn_up_shexp.weight
create_tensor: loading tensor blk.22.ffn_down_shexp.weight
create_tensor: loading tensor blk.23.attn_norm.weight
create_tensor: loading tensor blk.23.post_attention_norm.weight
create_tensor: loading tensor blk.23.attn_q.weight
create_tensor: loading tensor blk.23.attn_k.weight
create_tensor: loading tensor blk.23.attn_v.weight
create_tensor: loading tensor blk.23.attn_output.weight
create_tensor: loading tensor blk.23.attn_q_norm.weight
create_tensor: loading tensor blk.23.attn_k_norm.weight
create_tensor: loading tensor blk.23.ffn_gate_inp.weight
create_tensor: loading tensor blk.23.ffn_down_exps.weight
create_tensor: loading tensor blk.23.ffn_gate_exps.weight
create_tensor: loading tensor blk.23.ffn_up_exps.weight
create_tensor: loading tensor blk.23.ffn_gate_inp_shexp.weight
create_tensor: loading tensor blk.23.ffn_gate_shexp.weight
create_tensor: loading tensor blk.23.ffn_up_shexp.weight
create_tensor: loading tensor blk.23.ffn_down_shexp.weight
create_tensor: loading tensor blk.24.attn_norm.weight
create_tensor: loading tensor blk.24.post_attention_norm.weight
create_tensor: loading tensor blk.24.attn_qkv.weight
create_tensor: loading tensor blk.24.attn_gate.weight
create_tensor: loading tensor blk.24.ssm_conv1d.weight
create_tensor: loading tensor blk.24.ssm_dt.bias
create_tensor: loading tensor blk.24.ssm_a
create_tensor: loading tensor blk.24.ssm_beta.weight
create_tensor: loading tensor blk.24.ssm_alpha.weight
create_tensor: loading tensor blk.24.ssm_norm.weight
create_tensor: loading tensor blk.24.ssm_out.weight
create_tensor: loading tensor blk.24.ffn_gate_inp.weight
create_tensor: loading tensor blk.24.ffn_down_exps.weight
create_tensor: loading tensor blk.24.ffn_gate_exps.weight
create_tensor: loading tensor blk.24.ffn_up_exps.weight
create_tensor: loading tensor blk.24.ffn_gate_inp_shexp.weight
create_tensor: loading tensor blk.24.ffn_gate_shexp.weight
create_tensor: loading tensor blk.24.ffn_up_shexp.weight
create_tensor: loading tensor blk.24.ffn_down_shexp.weight
create_tensor: loading tensor blk.25.attn_norm.weight
create_tensor: loading tensor blk.25.post_attention_norm.weight
create_tensor: loading tensor blk.25.attn_qkv.weight
create_tensor: loading tensor blk.25.attn_gate.weight
create_tensor: loading tensor blk.25.ssm_conv1d.weight
create_tensor: loading tensor blk.25.ssm_dt.bias
create_tensor: loading tensor blk.25.ssm_a
create_tensor: loading tensor blk.25.ssm_beta.weight
create_tensor: loading tensor blk.25.ssm_alpha.weight
create_tensor: loading tensor blk.25.ssm_norm.weight
create_tensor: loading tensor blk.25.ssm_out.weight
create_tensor: loading tensor blk.25.ffn_gate_inp.weight
create_tensor: loading tensor blk.25.ffn_down_exps.weight
create_tensor: loading tensor blk.25.ffn_gate_exps.weight
create_tensor: loading tensor blk.25.ffn_up_exps.weight
create_tensor: loading tensor blk.25.ffn_gate_inp_shexp.weight
create_tensor: loading tensor blk.25.ffn_gate_shexp.weight
create_tensor: loading tensor blk.25.ffn_up_shexp.weight
create_tensor: loading tensor blk.25.ffn_down_shexp.weight
create_tensor: loading tensor blk.26.attn_norm.weight
create_tensor: loading tensor blk.26.post_attention_norm.weight
create_tensor: loading tensor blk.26.attn_qkv.weight
create_tensor: loading tensor blk.26.attn_gate.weight
create_tensor: loading tensor blk.26.ssm_conv1d.weight
create_tensor: loading tensor blk.26.ssm_dt.bias
create_tensor: loading tensor blk.26.ssm_a
create_tensor: loading tensor blk.26.ssm_beta.weight
create_tensor: loading tensor blk.26.ssm_alpha.weight
create_tensor: loading tensor blk.26.ssm_norm.weight
create_tensor: loading tensor blk.26.ssm_out.weight
create_tensor: loading tensor blk.26.ffn_gate_inp.weight
create_tensor: loading tensor blk.26.ffn_down_exps.weight
create_tensor: loading tensor blk.26.ffn_gate_exps.weight
create_tensor: loading tensor blk.26.ffn_up_exps.weight
create_tensor: loading tensor blk.26.ffn_gate_inp_shexp.weight
create_tensor: loading tensor blk.26.ffn_gate_shexp.weight
create_tensor: loading tensor blk.26.ffn_up_shexp.weight
create_tensor: loading tensor blk.26.ffn_down_shexp.weight
create_tensor: loading tensor blk.27.attn_norm.weight
create_tensor: loading tensor blk.27.post_attention_norm.weight
create_tensor: loading tensor blk.27.attn_q.weight
create_tensor: loading tensor blk.27.attn_k.weight
create_tensor: loading tensor blk.27.attn_v.weight
create_tensor: loading tensor blk.27.attn_output.weight
create_tensor: loading tensor blk.27.attn_q_norm.weight
create_tensor: loading tensor blk.27.attn_k_norm.weight
create_tensor: loading tensor blk.27.ffn_gate_inp.weight
create_tensor: loading tensor blk.27.ffn_down_exps.weight
create_tensor: loading tensor blk.27.ffn_gate_exps.weight
create_tensor: loading tensor blk.27.ffn_up_exps.weight
create_tensor: loading tensor blk.27.ffn_gate_inp_shexp.weight
create_tensor: loading tensor blk.27.ffn_gate_shexp.weight
create_tensor: loading tensor blk.27.ffn_up_shexp.weight
create_tensor: loading tensor blk.27.ffn_down_shexp.weight
create_tensor: loading tensor blk.28.attn_norm.weight
create_tensor: loading tensor blk.28.post_attention_norm.weight
create_tensor: loading tensor blk.28.attn_qkv.weight
create_tensor: loading tensor blk.28.attn_gate.weight
create_tensor: loading tensor blk.28.ssm_conv1d.weight
create_tensor: loading tensor blk.28.ssm_dt.bias
create_tensor: loading tensor blk.28.ssm_a
create_tensor: loading tensor blk.28.ssm_beta.weight
create_tensor: loading tensor blk.28.ssm_alpha.weight
create_tensor: loading tensor blk.28.ssm_norm.weight
create_tensor: loading tensor blk.28.ssm_out.weight
create_tensor: loading tensor blk.28.ffn_gate_inp.weight
create_tensor: loading tensor blk.28.ffn_down_exps.weight
create_tensor: loading tensor blk.28.ffn_gate_exps.weight
create_tensor: loading tensor blk.28.ffn_up_exps.weight
create_tensor: loading tensor blk.28.ffn_gate_inp_shexp.weight
create_tensor: loading tensor blk.28.ffn_gate_shexp.weight
create_tensor: loading tensor blk.28.ffn_up_shexp.weight
create_tensor: loading tensor blk.28.ffn_down_shexp.weight
create_tensor: loading tensor blk.29.attn_norm.weight
create_tensor: loading tensor blk.29.post_attention_norm.weight
create_tensor: loading tensor blk.29.attn_qkv.weight
create_tensor: loading tensor blk.29.attn_gate.weight
create_tensor: loading tensor blk.29.ssm_conv1d.weight
create_tensor: loading tensor blk.29.ssm_dt.bias
create_tensor: loading tensor blk.29.ssm_a
create_tensor: loading tensor blk.29.ssm_beta.weight
create_tensor: loading tensor blk.29.ssm_alpha.weight
create_tensor: loading tensor blk.29.ssm_norm.weight
create_tensor: loading tensor blk.29.ssm_out.weight
create_tensor: loading tensor blk.29.ffn_gate_inp.weight
create_tensor: loading tensor blk.29.ffn_down_exps.weight
create_tensor: loading tensor blk.29.ffn_gate_exps.weight
create_tensor: loading tensor blk.29.ffn_up_exps.weight
create_tensor: loading tensor blk.29.ffn_gate_inp_shexp.weight
create_tensor: loading tensor blk.29.ffn_gate_shexp.weight
create_tensor: loading tensor blk.29.ffn_up_shexp.weight
create_tensor: loading tensor blk.29.ffn_down_shexp.weight
create_tensor: loading tensor blk.30.attn_norm.weight
create_tensor: loading tensor blk.30.post_attention_norm.weight
create_tensor: loading tensor blk.30.attn_qkv.weight
create_tensor: loading tensor blk.30.attn_gate.weight
create_tensor: loading tensor blk.30.ssm_conv1d.weight
create_tensor: loading tensor blk.30.ssm_dt.bias
create_tensor: loading tensor blk.30.ssm_a
create_tensor: loading tensor blk.30.ssm_beta.weight
create_tensor: loading tensor blk.30.ssm_alpha.weight
create_tensor: loading tensor blk.30.ssm_norm.weight
create_tensor: loading tensor blk.30.ssm_out.weight
create_tensor: loading tensor blk.30.ffn_gate_inp.weight
create_tensor: loading tensor blk.30.ffn_down_exps.weight
create_tensor: loading tensor blk.30.ffn_gate_exps.weight
create_tensor: loading tensor blk.30.ffn_up_exps.weight
create_tensor: loading tensor blk.30.ffn_gate_inp_shexp.weight
create_tensor: loading tensor blk.30.ffn_gate_shexp.weight
create_tensor: loading tensor blk.30.ffn_up_shexp.weight
create_tensor: loading tensor blk.30.ffn_down_shexp.weight
create_tensor: loading tensor blk.31.attn_norm.weight
create_tensor: loading tensor blk.31.post_attention_norm.weight
create_tensor: loading tensor blk.31.attn_q.weight
create_tensor: loading tensor blk.31.attn_k.weight
create_tensor: loading tensor blk.31.attn_v.weight
create_tensor: loading tensor blk.31.attn_output.weight
create_tensor: loading tensor blk.31.attn_q_norm.weight
create_tensor: loading tensor blk.31.attn_k_norm.weight
create_tensor: loading tensor blk.31.ffn_gate_inp.weight
create_tensor: loading tensor blk.31.ffn_down_exps.weight
create_tensor: loading tensor blk.31.ffn_gate_exps.weight
create_tensor: loading tensor blk.31.ffn_up_exps.weight
create_tensor: loading tensor blk.31.ffn_gate_inp_shexp.weight
create_tensor: loading tensor blk.31.ffn_gate_shexp.weight
create_tensor: loading tensor blk.31.ffn_up_shexp.weight
create_tensor: loading tensor blk.31.ffn_down_shexp.weight
create_tensor: loading tensor blk.32.attn_norm.weight
create_tensor: loading tensor blk.32.post_attention_norm.weight
create_tensor: loading tensor blk.32.attn_qkv.weight
create_tensor: loading tensor blk.32.attn_gate.weight
create_tensor: loading tensor blk.32.ssm_conv1d.weight
create_tensor: loading tensor blk.32.ssm_dt.bias
create_tensor: loading tensor blk.32.ssm_a
create_tensor: loading tensor blk.32.ssm_beta.weight
create_tensor: loading tensor blk.32.ssm_alpha.weight
create_tensor: loading tensor blk.32.ssm_norm.weight
create_tensor: loading tensor blk.32.ssm_out.weight
create_tensor: loading tensor blk.32.ffn_gate_inp.weight
create_tensor: loading tensor blk.32.ffn_down_exps.weight
create_tensor: loading tensor blk.32.ffn_gate_exps.weight
create_tensor: loading tensor blk.32.ffn_up_exps.weight
create_tensor: loading tensor blk.32.ffn_gate_inp_shexp.weight
create_tensor: loading tensor blk.32.ffn_gate_shexp.weight
create_tensor: loading tensor blk.32.ffn_up_shexp.weight
create_tensor: loading tensor blk.32.ffn_down_shexp.weight
create_tensor: loading tensor blk.33.attn_norm.weight
create_tensor: loading tensor blk.33.post_attention_norm.weight
create_tensor: loading tensor blk.33.attn_qkv.weight
create_tensor: loading tensor blk.33.attn_gate.weight
create_tensor: loading tensor blk.33.ssm_conv1d.weight
create_tensor: loading tensor blk.33.ssm_dt.bias
create_tensor: loading tensor blk.33.ssm_a
create_tensor: loading tensor blk.33.ssm_beta.weight
create_tensor: loading tensor blk.33.ssm_alpha.weight
create_tensor: loading tensor blk.33.ssm_norm.weight
create_tensor: loading tensor blk.33.ssm_out.weight
create_tensor: loading tensor blk.33.ffn_gate_inp.weight
create_tensor: loading tensor blk.33.ffn_down_exps.weight
create_tensor: loading tensor blk.33.ffn_gate_exps.weight
create_tensor: loading tensor blk.33.ffn_up_exps.weight
create_tensor: loading tensor blk.33.ffn_gate_inp_shexp.weight
create_tensor: loading tensor blk.33.ffn_gate_shexp.weight
create_tensor: loading tensor blk.33.ffn_up_shexp.weight
create_tensor: loading tensor blk.33.ffn_down_shexp.weight
create_tensor: loading tensor blk.34.attn_norm.weight
create_tensor: loading tensor blk.34.post_attention_norm.weight
create_tensor: loading tensor blk.34.attn_qkv.weight
create_tensor: loading tensor blk.34.attn_gate.weight
create_tensor: loading tensor blk.34.ssm_conv1d.weight
create_tensor: loading tensor blk.34.ssm_dt.bias
create_tensor: loading tensor blk.34.ssm_a
create_tensor: loading tensor blk.34.ssm_beta.weight
create_tensor: loading tensor blk.34.ssm_alpha.weight
create_tensor: loading tensor blk.34.ssm_norm.weight
create_tensor: loading tensor blk.34.ssm_out.weight
create_tensor: loading tensor blk.34.ffn_gate_inp.weight
create_tensor: loading tensor blk.34.ffn_down_exps.weight
create_tensor: loading tensor blk.34.ffn_gate_exps.weight
create_tensor: loading tensor blk.34.ffn_up_exps.weight
create_tensor: loading tensor blk.34.ffn_gate_inp_shexp.weight
create_tensor: loading tensor blk.34.ffn_gate_shexp.weight
create_tensor: loading tensor blk.34.ffn_up_shexp.weight
create_tensor: loading tensor blk.34.ffn_down_shexp.weight
create_tensor: loading tensor blk.35.attn_norm.weight
create_tensor: loading tensor blk.35.post_attention_norm.weight
create_tensor: loading tensor blk.35.attn_q.weight
create_tensor: loading tensor blk.35.attn_k.weight
create_tensor: loading tensor blk.35.attn_v.weight
create_tensor: loading tensor blk.35.attn_output.weight
create_tensor: loading tensor blk.35.attn_q_norm.weight
create_tensor: loading tensor blk.35.attn_k_norm.weight
create_tensor: loading tensor blk.35.ffn_gate_inp.weight
create_tensor: loading tensor blk.35.ffn_down_exps.weight
create_tensor: loading tensor blk.35.ffn_gate_exps.weight
create_tensor: loading tensor blk.35.ffn_up_exps.weight
create_tensor: loading tensor blk.35.ffn_gate_inp_shexp.weight
create_tensor: loading tensor blk.35.ffn_gate_shexp.weight
create_tensor: loading tensor blk.35.ffn_up_shexp.weight
create_tensor: loading tensor blk.35.ffn_down_shexp.weight
create_tensor: loading tensor blk.36.attn_norm.weight
create_tensor: loading tensor blk.36.post_attention_norm.weight
create_tensor: loading tensor blk.36.attn_qkv.weight
create_tensor: loading tensor blk.36.attn_gate.weight
create_tensor: loading tensor blk.36.ssm_conv1d.weight
create_tensor: loading tensor blk.36.ssm_dt.bias
create_tensor: loading tensor blk.36.ssm_a
create_tensor: loading tensor blk.36.ssm_beta.weight
create_tensor: loading tensor blk.36.ssm_alpha.weight
create_tensor: loading tensor blk.36.ssm_norm.weight
create_tensor: loading tensor blk.36.ssm_out.weight
create_tensor: loading tensor blk.36.ffn_gate_inp.weight
create_tensor: loading tensor blk.36.ffn_down_exps.weight
create_tensor: loading tensor blk.36.ffn_gate_exps.weight
create_tensor: loading tensor blk.36.ffn_up_exps.weight
create_tensor: loading tensor blk.36.ffn_gate_inp_shexp.weight
create_tensor: loading tensor blk.36.ffn_gate_shexp.weight
create_tensor: loading tensor blk.36.ffn_up_shexp.weight
create_tensor: loading tensor blk.36.ffn_down_shexp.weight
create_tensor: loading tensor blk.37.attn_norm.weight
create_tensor: loading tensor blk.37.post_attention_norm.weight
create_tensor: loading tensor blk.37.attn_qkv.weight
create_tensor: loading tensor blk.37.attn_gate.weight
create_tensor: loading tensor blk.37.ssm_conv1d.weight
create_tensor: loading tensor blk.37.ssm_dt.bias
create_tensor: loading tensor blk.37.ssm_a
create_tensor: loading tensor blk.37.ssm_beta.weight
create_tensor: loading tensor blk.37.ssm_alpha.weight
create_tensor: loading tensor blk.37.ssm_norm.weight
create_tensor: loading tensor blk.37.ssm_out.weight
create_tensor: loading tensor blk.37.ffn_gate_inp.weight
create_tensor: loading tensor blk.37.ffn_down_exps.weight
create_tensor: loading tensor blk.37.ffn_gate_exps.weight
create_tensor: loading tensor blk.37.ffn_up_exps.weight
create_tensor: loading tensor blk.37.ffn_gate_inp_shexp.weight
create_tensor: loading tensor blk.37.ffn_gate_shexp.weight
create_tensor: loading tensor blk.37.ffn_up_shexp.weight
create_tensor: loading tensor blk.37.ffn_down_shexp.weight
create_tensor: loading tensor blk.38.attn_norm.weight
create_tensor: loading tensor blk.38.post_attention_norm.weight
create_tensor: loading tensor blk.38.attn_qkv.weight
create_tensor: loading tensor blk.38.attn_gate.weight
create_tensor: loading tensor blk.38.ssm_conv1d.weight
create_tensor: loading tensor blk.38.ssm_dt.bias
create_tensor: loading tensor blk.38.ssm_a
create_tensor: loading tensor blk.38.ssm_beta.weight
create_tensor: loading tensor blk.38.ssm_alpha.weight
create_tensor: loading tensor blk.38.ssm_norm.weight
create_tensor: loading tensor blk.38.ssm_out.weight
create_tensor: loading tensor blk.38.ffn_gate_inp.weight
create_tensor: loading tensor blk.38.ffn_down_exps.weight
create_tensor: loading tensor blk.38.ffn_gate_exps.weight
create_tensor: loading tensor blk.38.ffn_up_exps.weight
create_tensor: loading tensor blk.38.ffn_gate_inp_shexp.weight
create_tensor: loading tensor blk.38.ffn_gate_shexp.weight
create_tensor: loading tensor blk.38.ffn_up_shexp.weight
create_tensor: loading tensor blk.38.ffn_down_shexp.weight
create_tensor: loading tensor blk.39.attn_norm.weight
create_tensor: loading tensor blk.39.post_attention_norm.weight
create_tensor: loading tensor blk.39.attn_q.weight
create_tensor: loading tensor blk.39.attn_k.weight
create_tensor: loading tensor blk.39.attn_v.weight
create_tensor: loading tensor blk.39.attn_output.weight
create_tensor: loading tensor blk.39.attn_q_norm.weight
create_tensor: loading tensor blk.39.attn_k_norm.weight
create_tensor: loading tensor blk.39.ffn_gate_inp.weight
create_tensor: loading tensor blk.39.ffn_down_exps.weight
create_tensor: loading tensor blk.39.ffn_gate_exps.weight
create_tensor: loading tensor blk.39.ffn_up_exps.weight
create_tensor: loading tensor blk.39.ffn_gate_inp_shexp.weight
create_tensor: loading tensor blk.39.ffn_gate_shexp.weight
create_tensor: loading tensor blk.39.ffn_up_shexp.weight
create_tensor: loading tensor blk.39.ffn_down_shexp.weight
done_getting_tensors: tensor 'token_embd.weight' (q8_0) (and 0 others) cannot be used with preferred buffer type CUDA_Host, using CPU instead
load_tensors: offloading output layer to GPU
load_tensors: offloading 39 repeating layers to GPU
load_tensors: offloaded 41/41 layers to GPU
load_tensors:   CPU_Mapped model buffer size =   515.31 MiB
load_tensors:        CUDA0 model buffer size = 10545.58 MiB
load_tensors:        CUDA1 model buffer size = 10037.76 MiB
..................................................................................................
llama_context: constructing llama_context
llama_context: n_seq_max     = 1
llama_context: n_ctx         = 16384
llama_context: n_ctx_seq     = 16384
llama_context: n_batch       = 2048
llama_context: n_ubatch      = 512
llama_context: causal_attn   = 1
llama_context: flash_attn    = disabled
llama_context: kv_unified    = false
llama_context: freq_base     = 10000000.0
llama_context: freq_scale    = 1
llama_context: n_rs_seq      = 0
llama_context: n_outputs_max = 2048
llama_context: n_ctx_seq (16384) < n_ctx_train (262144) -- the full capacity of the model will not be utilized
set_abort_callback: call
llama_context:  CUDA_Host  output buffer size =     0.95 MiB
llama_kv_cache: layer   0: filtered
llama_kv_cache: layer   1: filtered
llama_kv_cache: layer   2: filtered
llama_kv_cache: layer   3: dev = CUDA0
llama_kv_cache: layer   4: filtered
llama_kv_cache: layer   5: filtered
llama_kv_cache: layer   6: filtered
llama_kv_cache: layer   7: dev = CUDA0
llama_kv_cache: layer   8: filtered
llama_kv_cache: layer   9: filtered
llama_kv_cache: layer  10: filtered
llama_kv_cache: layer  11: dev = CUDA0
llama_kv_cache: layer  12: filtered
llama_kv_cache: layer  13: filtered
llama_kv_cache: layer  14: filtered
llama_kv_cache: layer  15: dev = CUDA0
llama_kv_cache: layer  16: filtered
llama_kv_cache: layer  17: filtered
llama_kv_cache: layer  18: filtered
llama_kv_cache: layer  19: dev = CUDA0
llama_kv_cache: layer  20: filtered
llama_kv_cache: layer  21: filtered
llama_kv_cache: layer  22: filtered
llama_kv_cache: layer  23: dev = CUDA1
llama_kv_cache: layer  24: filtered
llama_kv_cache: layer  25: filtered
llama_kv_cache: layer  26: filtered
llama_kv_cache: layer  27: dev = CUDA1
llama_kv_cache: layer  28: filtered
llama_kv_cache: layer  29: filtered
llama_kv_cache: layer  30: filtered
llama_kv_cache: layer  31: dev = CUDA1
llama_kv_cache: layer  32: filtered
llama_kv_cache: layer  33: filtered
llama_kv_cache: layer  34: filtered
llama_kv_cache: layer  35: dev = CUDA1
llama_kv_cache: layer  36: filtered
llama_kv_cache: layer  37: filtered
llama_kv_cache: layer  38: filtered
llama_kv_cache: layer  39: dev = CUDA1
llama_kv_cache:      CUDA0 KV buffer size =   160.00 MiB
llama_kv_cache:      CUDA1 KV buffer size =   160.00 MiB
llama_kv_cache: size =  320.00 MiB ( 16384 cells,  10 layers,  1/1 seqs), K (f16):  160.00 MiB, V (f16):  160.00 MiB
llama_kv_cache: attn_rot_k = 0, n_embd_head_k_all = 256
llama_kv_cache: attn_rot_v = 0, n_embd_head_k_all = 256
llama_memory_recurrent, layer   0: dev = CUDA0
llama_memory_recurrent, layer   1: dev = CUDA0
llama_memory_recurrent, layer   2: dev = CUDA0
llama_memory_recurrent: layer   3: skipped
llama_memory_recurrent, layer   4: dev = CUDA0
llama_memory_recurrent, layer   5: dev = CUDA0
llama_memory_recurrent, layer   6: dev = CUDA0
llama_memory_recurrent: layer   7: skipped
llama_memory_recurrent, layer   8: dev = CUDA0
llama_memory_recurrent, layer   9: dev = CUDA0
llama_memory_recurrent, layer  10: dev = CUDA0
llama_memory_recurrent: layer  11: skipped
llama_memory_recurrent, layer  12: dev = CUDA0
llama_memory_recurrent, layer  13: dev = CUDA0
llama_memory_recurrent, layer  14: dev = CUDA0
llama_memory_recurrent: layer  15: skipped
llama_memory_recurrent, layer  16: dev = CUDA0
llama_memory_recurrent, layer  17: dev = CUDA0
llama_memory_recurrent, layer  18: dev = CUDA0
llama_memory_recurrent: layer  19: skipped
llama_memory_recurrent, layer  20: dev = CUDA0
llama_memory_recurrent, layer  21: dev = CUDA1
llama_memory_recurrent, layer  22: dev = CUDA1
llama_memory_recurrent: layer  23: skipped
llama_memory_recurrent, layer  24: dev = CUDA1
llama_memory_recurrent, layer  25: dev = CUDA1
llama_memory_recurrent, layer  26: dev = CUDA1
llama_memory_recurrent: layer  27: skipped
llama_memory_recurrent, layer  28: dev = CUDA1
llama_memory_recurrent, layer  29: dev = CUDA1
llama_memory_recurrent, layer  30: dev = CUDA1
llama_memory_recurrent: layer  31: skipped
llama_memory_recurrent, layer  32: dev = CUDA1
llama_memory_recurrent, layer  33: dev = CUDA1
llama_memory_recurrent, layer  34: dev = CUDA1
llama_memory_recurrent: layer  35: skipped
llama_memory_recurrent, layer  36: dev = CUDA1
llama_memory_recurrent, layer  37: dev = CUDA1
llama_memory_recurrent, layer  38: dev = CUDA1
llama_memory_recurrent: layer  39: skipped
llama_memory_recurrent:      CUDA0 RS buffer size =    33.50 MiB
llama_memory_recurrent:      CUDA1 RS buffer size =    29.31 MiB
llama_memory_recurrent: size =   62.81 MiB (     1 cells,  40 layers,  1 seqs  0 rs_seq), R (f32):    2.81 MiB, S (f32):   60.00 MiB
llama_context: enumerating backends
llama_context: backend_ptrs.size() = 3
llama_context: pipeline parallelism enabled
sched_reserve: reserving ...
sched_reserve: max_nodes = 23456
sched_reserve: reserving full memory module
sched_reserve: worst-case: n_tokens = 512, n_seqs = 1, n_outputs = 1
sched_reserve: resolving fused Gated Delta Net support:
graph_reserve: reserving a graph for ubatch with n_tokens =    1, n_seqs =  1, n_outputs =    1
sched_reserve: fused Gated Delta Net (autoregressive) enabled
graph_reserve: reserving a graph for ubatch with n_tokens =   16, n_seqs =  1, n_outputs =   16
sched_reserve: fused Gated Delta Net (chunked) enabled
graph_reserve: reserving a graph for ubatch with n_tokens =  512, n_seqs =  1, n_outputs =  512
graph_reserve: reserving a graph for ubatch with n_tokens =    1, n_seqs =  1, n_outputs =    1
graph_reserve: reserving a graph for ubatch with n_tokens =  512, n_seqs =  1, n_outputs =  512
sched_reserve:      CUDA0 compute buffer size =   700.05 MiB
sched_reserve:      CUDA1 compute buffer size =   696.06 MiB
sched_reserve:  CUDA_Host compute buffer size =   144.06 MiB
sched_reserve: graph nodes  = 3777
sched_reserve: graph splits = 3
sched_reserve: reserve took 36.24 ms, sched copies = 4
CUDA : ARCHS = 860 | USE_GRAPHS = 1 | PEER_MAX_BATCH_SIZE = 128 | CPU : SSE3 = 1 | SSSE3 = 1 | AVX = 1 | AVX_VNNI = 1 | AVX2 = 1 | F16C = 1 | FMA = 1 | BMI2 = 1 | AVX512 = 1 | AVX512_VBMI = 1 | AVX512_VNNI = 1 | AVX512_BF16 = 1 | LLAMAFILE = 1 | OPENMP = 1 | REPACK = 1 | 
Model metadata: {'quantize.imatrix.chunks_count': '76', 'quantize.imatrix.file': 'Qwen3.6-35B-A3B-GGUF/imatrix_unsloth.gguf', 'general.file_type': '15', 'general.quantization_version': '2', 'tokenizer.ggml.padding_token_id': '248055', 'tokenizer.ggml.eos_token_id': '248046', 'tokenizer.ggml.model': 'gpt2', 'qwen35moe.full_attention_interval': '4', 'quantize.imatrix.entries_count': '510', 'qwen35moe.ssm.time_step_rank': '32', 'qwen35moe.ssm.group_count': '16', 'qwen35moe.ssm.state_size': '128', 'qwen35moe.expert_count': '256', 'tokenizer.ggml.pre': 'qwen35', 'general.license.link': 'https://huggingface.co/Qwen/Qwen3.6-35B-A3B/blob/main/LICENSE', 'tokenizer.ggml.add_bos_token': 'false', 'general.size_label': '35B-A3B', 'general.type': 'model', 'general.quantized_by': 'Unsloth', 'tokenizer.ggml.bos_token_id': '248044', 'general.name': 'Qwen3.6-35B-A3B', 'general.license': 'apache-2.0', 'qwen35moe.ssm.conv_kernel': '4', 'general.base_model.0.repo_url': 'https://huggingface.co/Qwen/Qwen3.6-35B-A3B', 'general.sampling.temp': '1.000000', 'tokenizer.chat_template': '{%- set image_count = namespace(value=0) %}\n{%- set video_count = namespace(value=0) %}\n{%- macro render_content(content, do_vision_count, is_system_content=false) %}\n    {%- if content is string %}\n        {{- content }}\n    {%- elif content is iterable and content is not mapping %}\n        {%- for item in content %}\n            {%- if \'image\' in item or \'image_url\' in item or item.type == \'image\' %}\n                {%- if is_system_content %}\n                    {{- raise_exception(\'System message cannot contain images.\') }}\n                {%- endif %}\n                {%- if do_vision_count %}\n                    {%- set image_count.value = image_count.value + 1 %}\n                {%- endif %}\n                {%- if add_vision_id %}\n                    {{- \'Picture \' ~ image_count.value ~ \': \' }}\n                {%- endif %}\n                {{- \'<|vision_start|><|image_pad|><|vision_end|>\' }}\n            {%- elif \'video\' in item or item.type == \'video\' %}\n                {%- if is_system_content %}\n                    {{- raise_exception(\'System message cannot contain videos.\') }}\n                {%- endif %}\n                {%- if do_vision_count %}\n                    {%- set video_count.value = video_count.value + 1 %}\n                {%- endif %}\n                {%- if add_vision_id %}\n                    {{- \'Video \' ~ video_count.value ~ \': \' }}\n                {%- endif %}\n                {{- \'<|vision_start|><|video_pad|><|vision_end|>\' }}\n            {%- elif \'text\' in item %}\n                {{- item.text }}\n            {%- else %}\n                {{- raise_exception(\'Unexpected item type in content.\') }}\n            {%- endif %}\n        {%- endfor %}\n    {%- elif content is none or content is undefined %}\n        {{- \'\' }}\n    {%- else %}\n        {{- raise_exception(\'Unexpected content type.\') }}\n    {%- endif %}\n{%- endmacro %}\n{%- if not messages %}\n    {{- raise_exception(\'No messages provided.\') }}\n{%- endif %}\n{%- set num_sys = 0 %}\n{%- set merged_system = \'\' %}\n{%- if messages[0].role == \'system\' or messages[0].role == \'developer\' %}\n    {%- set first = render_content(messages[0].content, false, true)|trim %}\n    {%- if messages|length > 1 and (messages[1].role == \'system\' or messages[1].role == \'developer\') %}\n        {%- set second = render_content(messages[1].content, false, true)|trim %}\n        {%- set merged_system = first + \'\\n\' + second %}\n        {%- set num_sys = 2 %}\n    {%- else %}\n        {%- set merged_system = first %}\n        {%- set num_sys = 1 %}\n    {%- endif %}\n{%- endif %}\n{%- if tools and tools is iterable and tools is not mapping %}\n    {{- \'<|im_start|>system\\n\' }}\n    {{- "# Tools\\n\\nYou have access to the following functions:\\n\\n<tools>" }}\n    {%- for tool in tools %}\n        {{- "\\n" }}\n        {{- tool | tojson }}\n    {%- endfor %}\n    {{- "\\n</tools>" }}\n    {{- \'\\n\\nIf you choose to call a function ONLY reply in the following format with NO suffix:\\n\\n<tool_call>\\n<function=example_function_name>\\n<parameter=example_parameter_1>\\nvalue_1\\n</parameter>\\n<parameter=example_parameter_2>\\nThis is the value for the second parameter\\nthat can span\\nmultiple lines\\n</parameter>\\n</function>\\n</tool_call>\\n\\n<IMPORTANT>\\nReminder:\\n- Function calls MUST follow the specified format: an inner <function=...></function> block must be nested within <tool_call></tool_call> XML tags\\n- Required parameters MUST be specified\\n- You may provide optional reasoning for your function call in natural language BEFORE the function call, but NOT after\\n- If there is no function call available, answer the question like normal with your current knowledge and do not tell the user about function calls\\n</IMPORTANT>\' }}\n    {%- if merged_system %}\n        {{- \'\\n\\n\' + merged_system }}\n    {%- endif %}\n    {{- \'<|im_end|>\\n\' }}\n{%- else %}\n    {%- if merged_system %}\n        {{- \'<|im_start|>system\\n\' + merged_system + \'<|im_end|>\\n\' }}\n    {%- endif %}\n{%- endif %}\n{%- set ns = namespace(multi_step_tool=true, last_query_index=messages|length - 1) %}\n{%- for message in messages[::-1] %}\n    {%- set index = (messages|length - 1) - loop.index0 %}\n    {%- if ns.multi_step_tool and message.role == "user" %}\n        {%- set content = render_content(message.content, false)|trim %}\n        {%- if not(content.startswith(\'<tool_response>\') and content.endswith(\'</tool_response>\')) %}\n            {%- set ns.multi_step_tool = false %}\n            {%- set ns.last_query_index = index %}\n        {%- endif %}\n    {%- endif %}\n{%- endfor %}\n{%- for message in messages %}\n    {%- if loop.index0 >= num_sys and message.role != "system" and message.role != "developer" %}\n    {%- set content = render_content(message.content, true)|trim %}\n    {%- if message.role == "user" %}\n        {{- \'<|im_start|>\' + message.role + \'\\n\' + content + \'<|im_end|>\' + \'\\n\' }}\n    {%- elif message.role == "assistant" %}\n        {%- set reasoning_content = \'\' %}\n        {%- if message.reasoning_content is string %}\n            {%- set reasoning_content = message.reasoning_content %}\n        {%- else %}\n            {%- if \'</think>\' in content %}\n                {%- set reasoning_content = content.split(\'</think>\')[0].rstrip(\'\\n\').split(\'<think>\')[-1].lstrip(\'\\n\') %}\n                {%- set content = content.split(\'</think>\')[-1].lstrip(\'\\n\') %}\n            {%- endif %}\n        {%- endif %}\n        {%- set reasoning_content = reasoning_content|trim %}\n        {%- if (preserve_thinking is defined and preserve_thinking is true) or (loop.index0 > ns.last_query_index) %}\n            {{- \'<|im_start|>\' + message.role + \'\\n<think>\\n\' + reasoning_content + \'\\n</think>\\n\\n\' + content }}\n        {%- else %}\n            {{- \'<|im_start|>\' + message.role + \'\\n\' + content }}\n        {%- endif %}\n        {%- if message.tool_calls and message.tool_calls is iterable and message.tool_calls is not mapping %}\n            {%- for tool_call in message.tool_calls %}\n                {%- if tool_call.function is defined %}\n                    {%- set tool_call = tool_call.function %}\n                {%- endif %}\n                {%- if loop.first %}\n                    {%- if content|trim %}\n                        {{- \'\\n\\n<tool_call>\\n<function=\' + tool_call.name + \'>\\n\' }}\n                    {%- else %}\n                        {{- \'<tool_call>\\n<function=\' + tool_call.name + \'>\\n\' }}\n                    {%- endif %}\n                {%- else %}\n                    {{- \'\\n<tool_call>\\n<function=\' + tool_call.name + \'>\\n\' }}\n                {%- endif %}\n                {%- if tool_call.arguments is mapping %}\n                    {%- for args_name in tool_call.arguments %}\n                        {%- set args_value = tool_call.arguments[args_name] %}\n                        {{- \'<parameter=\' + args_name + \'>\\n\' }}\n                        {%- set args_value = args_value | tojson | safe if args_value is mapping or (args_value is sequence and args_value is not string) else args_value | string %}\n                        {{- args_value }}\n                        {{- \'\\n</parameter>\\n\' }}\n                    {%- endfor %}\n                {%- endif %}\n                {{- \'</function>\\n</tool_call>\' }}\n            {%- endfor %}\n        {%- endif %}\n        {{- \'<|im_end|>\\n\' }}\n    {%- elif message.role == "tool" %}\n        {%- if loop.previtem and loop.previtem.role != "tool" %}\n            {{- \'<|im_start|>user\' }}\n        {%- endif %}\n        {{- \'\\n<tool_response>\\n\' }}\n        {{- content }}\n        {{- \'\\n</tool_response>\' }}\n        {%- if not loop.last and loop.nextitem.role != "tool" %}\n            {{- \'<|im_end|>\\n\' }}\n        {%- elif loop.last %}\n            {{- \'<|im_end|>\\n\' }}\n        {%- endif %}\n    {%- endif %}\n    {%- endif %}\n{%- endfor %}\n{%- if add_generation_prompt %}\n    {{- \'<|im_start|>assistant\\n\' }}\n    {%- if enable_thinking is defined and enable_thinking is false %}\n        {{- \'<think>\\n\\n</think>\\n\\n\' }}\n    {%- else %}\n        {{- \'<think>\\n\' }}\n    {%- endif %}\n{%- endif %}\n{#- Unsloth fixes - developer role, tool calling #}', 'qwen35moe.expert_used_count': '8', 'general.sampling.top_p': '0.950000', 'general.base_model.count': '1', 'general.base_model.0.organization': 'Qwen', 'qwen35moe.attention.key_length': '256', 'general.basename': 'Qwen3.6-35B-A3B', 'general.sampling.top_k': '20', 'qwen35moe.rope.dimension_count': '64', 'general.repo_url': 'https://huggingface.co/unsloth', 'qwen35moe.context_length': '262144', 'general.architecture': 'qwen35moe', 'quantize.imatrix.dataset': 'unsloth_calibration_Qwen3.6-35B-A3B.txt', 'general.base_model.0.name': 'Qwen3.6 35B A3B', 'qwen35moe.block_count': '40', 'qwen35moe.attention.value_length': '256', 'qwen35moe.ssm.inner_size': '4096', 'qwen35moe.expert_feed_forward_length': '512', 'qwen35moe.attention.head_count': '16', 'qwen35moe.attention.head_count_kv': '2', 'qwen35moe.rope.freq_base': '10000000.000000', 'qwen35moe.attention.layer_norm_rms_epsilon': '0.000001', 'qwen35moe.embedding_length': '2048', 'qwen35moe.expert_shared_feed_forward_length': '512'}
Available chat formats from metadata: chat_template.default
Using gguf chat template: {%- set image_count = namespace(value=0) %}
{%- set video_count = namespace(value=0) %}
{%- macro render_content(content, do_vision_count, is_system_content=false) %}
    {%- if content is string %}
        {{- content }}
    {%- elif content is iterable and content is not mapping %}
        {%- for item in content %}
            {%- if 'image' in item or 'image_url' in item or item.type == 'image' %}
                {%- if is_system_content %}
                    {{- raise_exception('System message cannot contain images.') }}
                {%- endif %}
                {%- if do_vision_count %}
                    {%- set image_count.value = image_count.value + 1 %}
                {%- endif %}
                {%- if add_vision_id %}
                    {{- 'Picture ' ~ image_count.value ~ ': ' }}
                {%- endif %}
                {{- '<|vision_start|><|image_pad|><|vision_end|>' }}
            {%- elif 'video' in item or item.type == 'video' %}
                {%- if is_system_content %}
                    {{- raise_exception('System message cannot contain videos.') }}
                {%- endif %}
                {%- if do_vision_count %}
                    {%- set video_count.value = video_count.value + 1 %}
                {%- endif %}
                {%- if add_vision_id %}
                    {{- 'Video ' ~ video_count.value ~ ': ' }}
                {%- endif %}
                {{- '<|vision_start|><|video_pad|><|vision_end|>' }}
            {%- elif 'text' in item %}
                {{- item.text }}
            {%- else %}
                {{- raise_exception('Unexpected item type in content.') }}
            {%- endif %}
        {%- endfor %}
    {%- elif content is none or content is undefined %}
        {{- '' }}
    {%- else %}
        {{- raise_exception('Unexpected content type.') }}
    {%- endif %}
{%- endmacro %}
{%- if not messages %}
    {{- raise_exception('No messages provided.') }}
{%- endif %}
{%- set num_sys = 0 %}
{%- set merged_system = '' %}
{%- if messages[0].role == 'system' or messages[0].role == 'developer' %}
    {%- set first = render_content(messages[0].content, false, true)|trim %}
    {%- if messages|length > 1 and (messages[1].role == 'system' or messages[1].role == 'developer') %}
        {%- set second = render_content(messages[1].content, false, true)|trim %}
        {%- set merged_system = first + '\n' + second %}
        {%- set num_sys = 2 %}
    {%- else %}
        {%- set merged_system = first %}
        {%- set num_sys = 1 %}
    {%- endif %}
{%- endif %}
{%- if tools and tools is iterable and tools is not mapping %}
    {{- '<|im_start|>system\n' }}
    {{- "# Tools\n\nYou have access to the following functions:\n\n<tools>" }}
    {%- for tool in tools %}
        {{- "\n" }}
        {{- tool | tojson }}
    {%- endfor %}
    {{- "\n</tools>" }}
    {{- '\n\nIf you choose to call a function ONLY reply in the following format with NO suffix:\n\n<tool_call>\n<function=example_function_name>\n<parameter=example_parameter_1>\nvalue_1\n</parameter>\n<parameter=example_parameter_2>\nThis is the value for the second parameter\nthat can span\nmultiple lines\n</parameter>\n</function>\n</tool_call>\n\n<IMPORTANT>\nReminder:\n- Function calls MUST follow the specified format: an inner <function=...></function> block must be nested within <tool_call></tool_call> XML tags\n- Required parameters MUST be specified\n- You may provide optional reasoning for your function call in natural language BEFORE the function call, but NOT after\n- If there is no function call available, answer the question like normal with your current knowledge and do not tell the user about function calls\n</IMPORTANT>' }}
    {%- if merged_system %}
        {{- '\n\n' + merged_system }}
    {%- endif %}
    {{- '<|im_end|>\n' }}
{%- else %}
    {%- if merged_system %}
        {{- '<|im_start|>system\n' + merged_system + '<|im_end|>\n' }}
    {%- endif %}
{%- endif %}
{%- set ns = namespace(multi_step_tool=true, last_query_index=messages|length - 1) %}
{%- for message in messages[::-1] %}
    {%- set index = (messages|length - 1) - loop.index0 %}
    {%- if ns.multi_step_tool and message.role == "user" %}
        {%- set content = render_content(message.content, false)|trim %}
        {%- if not(content.startswith('<tool_response>') and content.endswith('</tool_response>')) %}
            {%- set ns.multi_step_tool = false %}
            {%- set ns.last_query_index = index %}
        {%- endif %}
    {%- endif %}
{%- endfor %}
{%- for message in messages %}
    {%- if loop.index0 >= num_sys and message.role != "system" and message.role != "developer" %}
    {%- set content = render_content(message.content, true)|trim %}
    {%- if message.role == "user" %}
        {{- '<|im_start|>' + message.role + '\n' + content + '<|im_end|>' + '\n' }}
    {%- elif message.role == "assistant" %}
        {%- set reasoning_content = '' %}
        {%- if message.reasoning_content is string %}
            {%- set reasoning_content = message.reasoning_content %}
        {%- else %}
            {%- if '</think>' in content %}
                {%- set reasoning_content = content.split('</think>')[0].rstrip('\n').split('<think>')[-1].lstrip('\n') %}
                {%- set content = content.split('</think>')[-1].lstrip('\n') %}
            {%- endif %}
        {%- endif %}
        {%- set reasoning_content = reasoning_content|trim %}
        {%- if (preserve_thinking is defined and preserve_thinking is true) or (loop.index0 > ns.last_query_index) %}
            {{- '<|im_start|>' + message.role + '\n<think>\n' + reasoning_content + '\n</think>\n\n' + content }}
        {%- else %}
            {{- '<|im_start|>' + message.role + '\n' + content }}
        {%- endif %}
        {%- if message.tool_calls and message.tool_calls is iterable and message.tool_calls is not mapping %}
            {%- for tool_call in message.tool_calls %}
                {%- if tool_call.function is defined %}
                    {%- set tool_call = tool_call.function %}
                {%- endif %}
                {%- if loop.first %}
                    {%- if content|trim %}
                        {{- '\n\n<tool_call>\n<function=' + tool_call.name + '>\n' }}
                    {%- else %}
                        {{- '<tool_call>\n<function=' + tool_call.name + '>\n' }}
                    {%- endif %}
                {%- else %}
                    {{- '\n<tool_call>\n<function=' + tool_call.name + '>\n' }}
                {%- endif %}
                {%- if tool_call.arguments is mapping %}
                    {%- for args_name in tool_call.arguments %}
                        {%- set args_value = tool_call.arguments[args_name] %}
                        {{- '<parameter=' + args_name + '>\n' }}
                        {%- set args_value = args_value | tojson | safe if args_value is mapping or (args_value is sequence and args_value is not string) else args_value | string %}
                        {{- args_value }}
                        {{- '\n</parameter>\n' }}
                    {%- endfor %}
                {%- endif %}
                {{- '</function>\n</tool_call>' }}
            {%- endfor %}
        {%- endif %}
        {{- '<|im_end|>\n' }}
    {%- elif message.role == "tool" %}
        {%- if loop.previtem and loop.previtem.role != "tool" %}
            {{- '<|im_start|>user' }}
        {%- endif %}
        {{- '\n<tool_response>\n' }}
        {{- content }}
        {{- '\n</tool_response>' }}
        {%- if not loop.last and loop.nextitem.role != "tool" %}
            {{- '<|im_end|>\n' }}
        {%- elif loop.last %}
            {{- '<|im_end|>\n' }}
        {%- endif %}
    {%- endif %}
    {%- endif %}
{%- endfor %}
{%- if add_generation_prompt %}
    {{- '<|im_start|>assistant\n' }}
    {%- if enable_thinking is defined and enable_thinking is false %}
        {{- '<think>\n\n</think>\n\n' }}
    {%- else %}
        {{- '<think>\n' }}
    {%- endif %}
{%- endif %}
{#- Unsloth fixes - developer role, tool calling #}
Using chat eos_token: <|im_end|>
Using chat bos_token: <|endoftext|>
CUDA Graph id 31 reused
ggml_backend_cuda_graph_compute: CUDA graph warmup complete
CUDA Graph id 32 reused
ggml_backend_cuda_graph_compute: CUDA graph warmup complete
CUDA Graph id 31 reused
CUDA Graph id 32 reused
CUDA Graph id 31 reused
CUDA Graph id 32 reused
CUDA Graph id 31 reused
CUDA Graph id 32 reused
llama_perf_context_print:        load time =       8.07 ms
llama_perf_context_print: prompt eval time =       0.16 ms /   531 tokens (    0.00 ms per token, 3403846.15 tokens per second)
llama_perf_context_print:        eval time =      49.95 ms /     5 runs   (    9.99 ms per token,   100.10 tokens per second)
llama_perf_context_print:       total time =     959.14 ms /   536 tokens
llama_perf_context_print:    graphs reused =          4
Llama.generate: 32 prefix-match found but partial kv removal not supported, re-evaluating full prompt
ggml_backend_cuda_graph_compute: CUDA graph warmup reset
ggml_backend_cuda_graph_compute: CUDA graph warmup reset
CUDA Graph id 71 reused
ggml_backend_cuda_graph_compute: CUDA graph warmup complete
CUDA Graph id 72 reused
ggml_backend_cuda_graph_compute: CUDA graph warmup complete
CUDA Graph id 71 reused
CUDA Graph id 72 reused
CUDA Graph id 71 reused
CUDA Graph id 72 reused
CUDA Graph id 71 reused
CUDA Graph id 72 reused
llama_perf_context_print:        load time =       8.07 ms
llama_perf_context_print: prompt eval time =       0.15 ms /   548 tokens (    0.00 ms per token, 3677852.35 tokens per second)
llama_perf_context_print:        eval time =      37.87 ms /     5 runs   (    7.57 ms per token,   132.02 tokens per second)
llama_perf_context_print:       total time =    1420.49 ms /   553 tokens
llama_perf_context_print:    graphs reused =          4
Llama.generate: 41 prefix-match found but partial kv removal not supported, re-evaluating full prompt
ggml_backend_cuda_graph_compute: CUDA graph warmup reset
ggml_backend_cuda_graph_compute: CUDA graph warmup reset
CUDA Graph id 111 reused
ggml_backend_cuda_graph_compute: CUDA graph warmup complete
CUDA Graph id 112 reused
ggml_backend_cuda_graph_compute: CUDA graph warmup complete
CUDA Graph id 111 reused
CUDA Graph id 112 reused
CUDA Graph id 111 reused
CUDA Graph id 112 reused
CUDA Graph id 111 reused
CUDA Graph id 112 reused
llama_perf_context_print:        load time =       8.07 ms
llama_perf_context_print: prompt eval time =       0.18 ms /   684 tokens (    0.00 ms per token, 3697297.30 tokens per second)
llama_perf_context_print:        eval time =      38.75 ms /     5 runs   (    7.75 ms per token,   129.03 tokens per second)
llama_perf_context_print:       total time =    2148.80 ms /   689 tokens
llama_perf_context_print:    graphs reused =          4
Llama.generate: 32 prefix-match found but partial kv removal not supported, re-evaluating full prompt
ggml_backend_cuda_graph_compute: CUDA graph warmup reset
ggml_backend_cuda_graph_compute: CUDA graph warmup reset
CUDA Graph id 163 reused
ggml_backend_cuda_graph_compute: CUDA graph warmup complete
CUDA Graph id 164 reused
ggml_backend_cuda_graph_compute: CUDA graph warmup complete
CUDA Graph id 163 reused
CUDA Graph id 164 reused
CUDA Graph id 163 reused
CUDA Graph id 164 reused
CUDA Graph id 163 reused
CUDA Graph id 164 reused
llama_perf_context_print:        load time =       8.07 ms
llama_perf_context_print: prompt eval time =     355.15 ms /   531 tokens (    0.67 ms per token,  1495.13 tokens per second)
llama_perf_context_print:        eval time =      37.85 ms /     5 runs   (    7.57 ms per token,   132.11 tokens per second)
llama_perf_context_print:       total time =     507.68 ms /   536 tokens
llama_perf_context_print:    graphs reused =          4
Llama.generate: 32 prefix-match found but partial kv removal not supported, re-evaluating full prompt
ggml_backend_cuda_graph_compute: CUDA graph warmup reset
ggml_backend_cuda_graph_compute: CUDA graph warmup reset
CUDA Graph id 203 reused
ggml_backend_cuda_graph_compute: CUDA graph warmup complete
CUDA Graph id 204 reused
ggml_backend_cuda_graph_compute: CUDA graph warmup complete
CUDA Graph id 203 reused
CUDA Graph id 204 reused
CUDA Graph id 203 reused
CUDA Graph id 204 reused
CUDA Graph id 203 reused
CUDA Graph id 204 reused
llama_perf_context_print:        load time =       8.07 ms
llama_perf_context_print: prompt eval time =     439.87 ms /   685 tokens (    0.64 ms per token,  1557.28 tokens per second)
llama_perf_context_print:        eval time =      37.92 ms /     5 runs   (    7.58 ms per token,   131.87 tokens per second)
llama_perf_context_print:       total time =     597.87 ms /   690 tokens
llama_perf_context_print:    graphs reused =          4
Llama.generate: 41 prefix-match found but partial kv removal not supported, re-evaluating full prompt
ggml_backend_cuda_graph_compute: CUDA graph warmup reset
ggml_backend_cuda_graph_compute: CUDA graph warmup reset
CUDA Graph id 255 reused
ggml_backend_cuda_graph_compute: CUDA graph warmup complete
CUDA Graph id 256 reused
ggml_backend_cuda_graph_compute: CUDA graph warmup complete
CUDA Graph id 255 reused
CUDA Graph id 256 reused
CUDA Graph id 255 reused
CUDA Graph id 256 reused
CUDA Graph id 255 reused
CUDA Graph id 256 reused
llama_perf_context_print:        load time =       8.07 ms
llama_perf_context_print: prompt eval time =     368.80 ms /   548 tokens (    0.67 ms per token,  1485.88 tokens per second)
llama_perf_context_print:        eval time =      38.02 ms /     5 runs   (    7.60 ms per token,   131.51 tokens per second)
llama_perf_context_print:       total time =     522.09 ms /   553 tokens
llama_perf_context_print:    graphs reused =          4
Llama.generate: 32 prefix-match found but partial kv removal not supported, re-evaluating full prompt
ggml_backend_cuda_graph_compute: CUDA graph warmup reset
ggml_backend_cuda_graph_compute: CUDA graph warmup reset
CUDA Graph id 295 reused
ggml_backend_cuda_graph_compute: CUDA graph warmup complete
CUDA Graph id 296 reused
ggml_backend_cuda_graph_compute: CUDA graph warmup complete
CUDA Graph id 295 reused
CUDA Graph id 296 reused
CUDA Graph id 295 reused
CUDA Graph id 296 reused
CUDA Graph id 295 reused
CUDA Graph id 296 reused
llama_perf_context_print:        load time =       8.07 ms
llama_perf_context_print: prompt eval time =     354.10 ms /   528 tokens (    0.67 ms per token,  1491.09 tokens per second)
llama_perf_context_print:        eval time =      37.80 ms /     5 runs   (    7.56 ms per token,   132.26 tokens per second)
llama_perf_context_print:       total time =     495.46 ms /   533 tokens
llama_perf_context_print:    graphs reused =          4
Llama.generate: 32 prefix-match found but partial kv removal not supported, re-evaluating full prompt
ggml_backend_cuda_graph_compute: CUDA graph warmup reset
ggml_backend_cuda_graph_compute: CUDA graph warmup reset
CUDA Graph id 335 reused
ggml_backend_cuda_graph_compute: CUDA graph warmup complete
CUDA Graph id 336 reused
ggml_backend_cuda_graph_compute: CUDA graph warmup complete
CUDA Graph id 335 reused
CUDA Graph id 336 reused
CUDA Graph id 335 reused
CUDA Graph id 336 reused
CUDA Graph id 335 reused
CUDA Graph id 336 reused
llama_perf_context_print:        load time =       8.07 ms
llama_perf_context_print: prompt eval time =     465.52 ms /   681 tokens (    0.68 ms per token,  1462.89 tokens per second)
llama_perf_context_print:        eval time =      38.09 ms /     5 runs   (    7.62 ms per token,   131.26 tokens per second)
llama_perf_context_print:       total time =     613.77 ms /   686 tokens
llama_perf_context_print:    graphs reused =          4
Llama.generate: 41 prefix-match found but partial kv removal not supported, re-evaluating full prompt
ggml_backend_cuda_graph_compute: CUDA graph warmup reset
ggml_backend_cuda_graph_compute: CUDA graph warmup reset
CUDA Graph id 387 reused
ggml_backend_cuda_graph_compute: CUDA graph warmup complete
CUDA Graph id 388 reused
ggml_backend_cuda_graph_compute: CUDA graph warmup complete
CUDA Graph id 387 reused
CUDA Graph id 388 reused
CUDA Graph id 387 reused
CUDA Graph id 388 reused
CUDA Graph id 387 reused
CUDA Graph id 388 reused
llama_perf_context_print:        load time =       8.07 ms
llama_perf_context_print: prompt eval time =     363.85 ms /   545 tokens (    0.67 ms per token,  1497.89 tokens per second)
llama_perf_context_print:        eval time =      38.01 ms /     5 runs   (    7.60 ms per token,   131.55 tokens per second)
llama_perf_context_print:       total time =     507.91 ms /   550 tokens
llama_perf_context_print:    graphs reused =          4
Llama.generate: 32 prefix-match found but partial kv removal not supported, re-evaluating full prompt
ggml_backend_cuda_graph_compute: CUDA graph warmup reset
ggml_backend_cuda_graph_compute: CUDA graph warmup reset
CUDA Graph id 427 reused
ggml_backend_cuda_graph_compute: CUDA graph warmup complete
CUDA Graph id 428 reused
ggml_backend_cuda_graph_compute: CUDA graph warmup complete
CUDA Graph id 427 reused
CUDA Graph id 428 reused
CUDA Graph id 427 reused
CUDA Graph id 428 reused
CUDA Graph id 427 reused
CUDA Graph id 428 reused
llama_perf_context_print:        load time =       8.07 ms
llama_perf_context_print: prompt eval time =     361.46 ms /   525 tokens (    0.69 ms per token,  1452.45 tokens per second)
llama_perf_context_print:        eval time =      39.52 ms /     5 runs   (    7.90 ms per token,   126.51 tokens per second)
llama_perf_context_print:       total time =     498.76 ms /   530 tokens
llama_perf_context_print:    graphs reused =          4
Llama.generate: 32 prefix-match found but partial kv removal not supported, re-evaluating full prompt
ggml_backend_cuda_graph_compute: CUDA graph warmup reset
ggml_backend_cuda_graph_compute: CUDA graph warmup reset
CUDA Graph id 467 reused
ggml_backend_cuda_graph_compute: CUDA graph warmup complete
CUDA Graph id 468 reused
ggml_backend_cuda_graph_compute: CUDA graph warmup complete
CUDA Graph id 467 reused
CUDA Graph id 468 reused
CUDA Graph id 467 reused
CUDA Graph id 468 reused
CUDA Graph id 467 reused
CUDA Graph id 468 reused
llama_perf_context_print:        load time =       8.07 ms
llama_perf_context_print: prompt eval time =     362.37 ms /   542 tokens (    0.67 ms per token,  1495.72 tokens per second)
llama_perf_context_print:        eval time =      37.99 ms /     5 runs   (    7.60 ms per token,   131.60 tokens per second)
llama_perf_context_print:       total time =     503.96 ms /   547 tokens
llama_perf_context_print:    graphs reused =          4
Llama.generate: 41 prefix-match found but partial kv removal not supported, re-evaluating full prompt
ggml_backend_cuda_graph_compute: CUDA graph warmup reset
ggml_backend_cuda_graph_compute: CUDA graph warmup reset
CUDA Graph id 507 reused
ggml_backend_cuda_graph_compute: CUDA graph warmup complete
CUDA Graph id 508 reused
ggml_backend_cuda_graph_compute: CUDA graph warmup complete
CUDA Graph id 507 reused
CUDA Graph id 508 reused
CUDA Graph id 507 reused
CUDA Graph id 508 reused
CUDA Graph id 507 reused
CUDA Graph id 508 reused
llama_perf_context_print:        load time =       8.07 ms
llama_perf_context_print: prompt eval time =     439.77 ms /   681 tokens (    0.65 ms per token,  1548.52 tokens per second)
llama_perf_context_print:        eval time =      38.11 ms /     5 runs   (    7.62 ms per token,   131.19 tokens per second)
llama_perf_context_print:       total time =     588.32 ms /   686 tokens
llama_perf_context_print:    graphs reused =          4
Llama.generate: 32 prefix-match found but partial kv removal not supported, re-evaluating full prompt
ggml_backend_cuda_graph_compute: CUDA graph warmup reset
ggml_backend_cuda_graph_compute: CUDA graph warmup reset
CUDA Graph id 555 reused
ggml_backend_cuda_graph_compute: CUDA graph warmup complete
CUDA Graph id 556 reused
ggml_backend_cuda_graph_compute: CUDA graph warmup complete
CUDA Graph id 555 reused
CUDA Graph id 556 reused
CUDA Graph id 555 reused
CUDA Graph id 556 reused
CUDA Graph id 555 reused
CUDA Graph id 556 reused
llama_perf_context_print:        load time =       8.07 ms
llama_perf_context_print: prompt eval time =     321.97 ms /   475 tokens (    0.68 ms per token,  1475.28 tokens per second)
llama_perf_context_print:        eval time =      38.36 ms /     5 runs   (    7.67 ms per token,   130.34 tokens per second)
llama_perf_context_print:       total time =     462.66 ms /   480 tokens
llama_perf_context_print:    graphs reused =          4
Llama.generate: 32 prefix-match found but partial kv removal not supported, re-evaluating full prompt
ggml_backend_cuda_graph_compute: CUDA graph warmup reset
ggml_backend_cuda_graph_compute: CUDA graph warmup reset
CUDA Graph id 579 reused
ggml_backend_cuda_graph_compute: CUDA graph warmup complete
CUDA Graph id 580 reused
ggml_backend_cuda_graph_compute: CUDA graph warmup complete
CUDA Graph id 579 reused
CUDA Graph id 580 reused
CUDA Graph id 579 reused
CUDA Graph id 580 reused
CUDA Graph id 579 reused
CUDA Graph id 580 reused
llama_perf_context_print:        load time =       8.07 ms
llama_perf_context_print: prompt eval time =     329.95 ms /   492 tokens (    0.67 ms per token,  1491.13 tokens per second)
llama_perf_context_print:        eval time =      38.51 ms /     5 runs   (    7.70 ms per token,   129.84 tokens per second)
llama_perf_context_print:       total time =     470.92 ms /   497 tokens
llama_perf_context_print:    graphs reused =          4
Llama.generate: 41 prefix-match found but partial kv removal not supported, re-evaluating full prompt
ggml_backend_cuda_graph_compute: CUDA graph warmup reset
ggml_backend_cuda_graph_compute: CUDA graph warmup reset
CUDA Graph id 607 reused
ggml_backend_cuda_graph_compute: CUDA graph warmup complete
CUDA Graph id 608 reused
ggml_backend_cuda_graph_compute: CUDA graph warmup complete
CUDA Graph id 607 reused
CUDA Graph id 608 reused
CUDA Graph id 607 reused
CUDA Graph id 608 reused
CUDA Graph id 607 reused
CUDA Graph id 608 reused
llama_perf_context_print:        load time =       8.07 ms
llama_perf_context_print: prompt eval time =     421.46 ms /   629 tokens (    0.67 ms per token,  1492.42 tokens per second)
llama_perf_context_print:        eval time =      38.17 ms /     5 runs   (    7.63 ms per token,   130.98 tokens per second)
llama_perf_context_print:       total time =     569.06 ms /   634 tokens
llama_perf_context_print:    graphs reused =          4
Llama.generate: 32 prefix-match found but partial kv removal not supported, re-evaluating full prompt
ggml_backend_cuda_graph_compute: CUDA graph warmup reset
ggml_backend_cuda_graph_compute: CUDA graph warmup reset
CUDA Graph id 655 reused
ggml_backend_cuda_graph_compute: CUDA graph warmup complete
CUDA Graph id 656 reused
ggml_backend_cuda_graph_compute: CUDA graph warmup complete
CUDA Graph id 655 reused
CUDA Graph id 656 reused
CUDA Graph id 655 reused
CUDA Graph id 656 reused
CUDA Graph id 655 reused
CUDA Graph id 656 reused
llama_perf_context_print:        load time =       8.07 ms
llama_perf_context_print: prompt eval time =     321.42 ms /   475 tokens (    0.68 ms per token,  1477.81 tokens per second)
llama_perf_context_print:        eval time =      38.66 ms /     5 runs   (    7.73 ms per token,   129.32 tokens per second)
llama_perf_context_print:       total time =     462.03 ms /   480 tokens
llama_perf_context_print:    graphs reused =          4
Llama.generate: 32 prefix-match found but partial kv removal not supported, re-evaluating full prompt
ggml_backend_cuda_graph_compute: CUDA graph warmup reset
ggml_backend_cuda_graph_compute: CUDA graph warmup reset
CUDA Graph id 683 reused
ggml_backend_cuda_graph_compute: CUDA graph warmup complete
CUDA Graph id 684 reused
ggml_backend_cuda_graph_compute: CUDA graph warmup complete
CUDA Graph id 683 reused
CUDA Graph id 684 reused
CUDA Graph id 683 reused
CUDA Graph id 684 reused
CUDA Graph id 683 reused
CUDA Graph id 684 reused
llama_perf_context_print:        load time =       8.07 ms
llama_perf_context_print: prompt eval time =     421.69 ms /   631 tokens (    0.67 ms per token,  1496.37 tokens per second)
llama_perf_context_print:        eval time =      38.23 ms /     5 runs   (    7.65 ms per token,   130.79 tokens per second)
llama_perf_context_print:       total time =     566.09 ms /   636 tokens
llama_perf_context_print:    graphs reused =          4
Llama.generate: 41 prefix-match found but partial kv removal not supported, re-evaluating full prompt
ggml_backend_cuda_graph_compute: CUDA graph warmup reset
ggml_backend_cuda_graph_compute: CUDA graph warmup reset
CUDA Graph id 731 reused
ggml_backend_cuda_graph_compute: CUDA graph warmup complete
CUDA Graph id 732 reused
ggml_backend_cuda_graph_compute: CUDA graph warmup complete
CUDA Graph id 731 reused
CUDA Graph id 732 reused
CUDA Graph id 731 reused
CUDA Graph id 732 reused
CUDA Graph id 731 reused
CUDA Graph id 732 reused
llama_perf_context_print:        load time =       8.07 ms
llama_perf_context_print: prompt eval time =     330.31 ms /   492 tokens (    0.67 ms per token,  1489.51 tokens per second)
llama_perf_context_print:        eval time =      38.35 ms /     5 runs   (    7.67 ms per token,   130.39 tokens per second)
llama_perf_context_print:       total time =     472.55 ms /   497 tokens
llama_perf_context_print:    graphs reused =          4
Llama.generate: 32 prefix-match found but partial kv removal not supported, re-evaluating full prompt
ggml_backend_cuda_graph_compute: CUDA graph warmup reset
ggml_backend_cuda_graph_compute: CUDA graph warmup reset
CUDA Graph id 759 reused
ggml_backend_cuda_graph_compute: CUDA graph warmup complete
CUDA Graph id 760 reused
ggml_backend_cuda_graph_compute: CUDA graph warmup complete
CUDA Graph id 759 reused
CUDA Graph id 760 reused
CUDA Graph id 759 reused
CUDA Graph id 760 reused
CUDA Graph id 759 reused
CUDA Graph id 760 reused
llama_perf_context_print:        load time =       8.07 ms
llama_perf_context_print: prompt eval time =     420.67 ms /   642 tokens (    0.66 ms per token,  1526.13 tokens per second)
llama_perf_context_print:        eval time =      38.38 ms /     5 runs   (    7.68 ms per token,   130.28 tokens per second)
llama_perf_context_print:       total time =     563.82 ms /   647 tokens
llama_perf_context_print:    graphs reused =          4
Llama.generate: 32 prefix-match found but partial kv removal not supported, re-evaluating full prompt
ggml_backend_cuda_graph_compute: CUDA graph warmup reset
ggml_backend_cuda_graph_compute: CUDA graph warmup reset
CUDA Graph id 799 reused
ggml_backend_cuda_graph_compute: CUDA graph warmup complete
CUDA Graph id 800 reused
ggml_backend_cuda_graph_compute: CUDA graph warmup complete
CUDA Graph id 799 reused
CUDA Graph id 800 reused
CUDA Graph id 799 reused
CUDA Graph id 800 reused
CUDA Graph id 799 reused
CUDA Graph id 800 reused
llama_perf_context_print:        load time =       8.07 ms
llama_perf_context_print: prompt eval time =       0.23 ms /   796 tokens (    0.00 ms per token, 3537777.78 tokens per second)
llama_perf_context_print:        eval time =      39.22 ms /     5 runs   (    7.84 ms per token,   127.48 tokens per second)
llama_perf_context_print:       total time =    1943.55 ms /   801 tokens
llama_perf_context_print:    graphs reused =          4
ggml_backend_cuda_graph_compute: CUDA graph warmup reset
ggml_backend_cuda_graph_compute: CUDA graph warmup reset
Llama.generate: 41 prefix-match found but partial kv removal not supported, re-evaluating full prompt
CUDA Graph id 863 reused
ggml_backend_cuda_graph_compute: CUDA graph warmup complete
CUDA Graph id 864 reused
ggml_backend_cuda_graph_compute: CUDA graph warmup complete
CUDA Graph id 863 reused
CUDA Graph id 864 reused
CUDA Graph id 863 reused
CUDA Graph id 864 reused
CUDA Graph id 863 reused
CUDA Graph id 864 reused
llama_perf_context_print:        load time =       8.07 ms
llama_perf_context_print: prompt eval time =     428.60 ms /   659 tokens (    0.65 ms per token,  1537.57 tokens per second)
llama_perf_context_print:        eval time =      38.43 ms /     5 runs   (    7.69 ms per token,   130.11 tokens per second)
llama_perf_context_print:       total time =     579.08 ms /   664 tokens
llama_perf_context_print:    graphs reused =          4
Llama.generate: 32 prefix-match found but partial kv removal not supported, re-evaluating full prompt
ggml_backend_cuda_graph_compute: CUDA graph warmup reset
ggml_backend_cuda_graph_compute: CUDA graph warmup reset
CUDA Graph id 915 reused
ggml_backend_cuda_graph_compute: CUDA graph warmup complete
CUDA Graph id 916 reused
ggml_backend_cuda_graph_compute: CUDA graph warmup complete
CUDA Graph id 915 reused
CUDA Graph id 916 reused
CUDA Graph id 915 reused
CUDA Graph id 916 reused
CUDA Graph id 915 reused
CUDA Graph id 916 reused
llama_perf_context_print:        load time =       8.07 ms
llama_perf_context_print: prompt eval time =     419.65 ms /   642 tokens (    0.65 ms per token,  1529.83 tokens per second)
llama_perf_context_print:        eval time =      38.17 ms /     5 runs   (    7.63 ms per token,   130.98 tokens per second)
llama_perf_context_print:       total time =     568.74 ms /   647 tokens
llama_perf_context_print:    graphs reused =          4
Llama.generate: 32 prefix-match found but partial kv removal not supported, re-evaluating full prompt
ggml_backend_cuda_graph_compute: CUDA graph warmup reset
ggml_backend_cuda_graph_compute: CUDA graph warmup reset
CUDA Graph id 955 reused
ggml_backend_cuda_graph_compute: CUDA graph warmup complete
CUDA Graph id 956 reused
ggml_backend_cuda_graph_compute: CUDA graph warmup complete
CUDA Graph id 955 reused
CUDA Graph id 956 reused
CUDA Graph id 955 reused
CUDA Graph id 956 reused
CUDA Graph id 955 reused
CUDA Graph id 956 reused
llama_perf_context_print:        load time =       8.07 ms
llama_perf_context_print: prompt eval time =     427.90 ms /   659 tokens (    0.65 ms per token,  1540.07 tokens per second)
llama_perf_context_print:        eval time =      38.32 ms /     5 runs   (    7.66 ms per token,   130.48 tokens per second)
llama_perf_context_print:       total time =     575.15 ms /   664 tokens
llama_perf_context_print:    graphs reused =          4
Llama.generate: 41 prefix-match found but partial kv removal not supported, re-evaluating full prompt
ggml_backend_cuda_graph_compute: CUDA graph warmup reset
ggml_backend_cuda_graph_compute: CUDA graph warmup reset
CUDA Graph id 1007 reused
ggml_backend_cuda_graph_compute: CUDA graph warmup complete
CUDA Graph id 1008 reused
ggml_backend_cuda_graph_compute: CUDA graph warmup complete
CUDA Graph id 1007 reused
CUDA Graph id 1008 reused
CUDA Graph id 1007 reused
CUDA Graph id 1008 reused
CUDA Graph id 1007 reused
CUDA Graph id 1008 reused
llama_perf_context_print:        load time =       8.07 ms
llama_perf_context_print: prompt eval time =     493.26 ms /   796 tokens (    0.62 ms per token,  1613.74 tokens per second)
llama_perf_context_print:        eval time =      38.50 ms /     5 runs   (    7.70 ms per token,   129.86 tokens per second)
llama_perf_context_print:       total time =     646.46 ms /   801 tokens
llama_perf_context_print:    graphs reused =          4
ggml_backend_cuda_graph_compute: CUDA graph warmup reset
ggml_backend_cuda_graph_compute: CUDA graph warmup reset
Llama.generate: 32 prefix-match found but partial kv removal not supported, re-evaluating full prompt
CUDA Graph id 1067 reused
ggml_backend_cuda_graph_compute: CUDA graph warmup complete
CUDA Graph id 1068 reused
ggml_backend_cuda_graph_compute: CUDA graph warmup complete
CUDA Graph id 1067 reused
CUDA Graph id 1068 reused
CUDA Graph id 1067 reused
CUDA Graph id 1068 reused
CUDA Graph id 1067 reused
CUDA Graph id 1068 reused
llama_perf_context_print:        load time =       8.07 ms
llama_perf_context_print: prompt eval time =     320.62 ms /   472 tokens (    0.68 ms per token,  1472.14 tokens per second)
llama_perf_context_print:        eval time =      38.84 ms /     5 runs   (    7.77 ms per token,   128.72 tokens per second)
llama_perf_context_print:       total time =     462.08 ms /   477 tokens
llama_perf_context_print:    graphs reused =          4
Llama.generate: 32 prefix-match found but partial kv removal not supported, re-evaluating full prompt
ggml_backend_cuda_graph_compute: CUDA graph warmup reset
ggml_backend_cuda_graph_compute: CUDA graph warmup reset
CUDA Graph id 1091 reused
ggml_backend_cuda_graph_compute: CUDA graph warmup complete
CUDA Graph id 1092 reused
ggml_backend_cuda_graph_compute: CUDA graph warmup complete
CUDA Graph id 1091 reused
CUDA Graph id 1092 reused
CUDA Graph id 1091 reused
CUDA Graph id 1092 reused
CUDA Graph id 1091 reused
CUDA Graph id 1092 reused
llama_perf_context_print:        load time =       8.07 ms
llama_perf_context_print: prompt eval time =     329.18 ms /   489 tokens (    0.67 ms per token,  1485.52 tokens per second)
llama_perf_context_print:        eval time =      39.06 ms /     5 runs   (    7.81 ms per token,   128.02 tokens per second)
llama_perf_context_print:       total time =     472.02 ms /   494 tokens
llama_perf_context_print:    graphs reused =          4
Llama.generate: 41 prefix-match found but partial kv removal not supported, re-evaluating full prompt
ggml_backend_cuda_graph_compute: CUDA graph warmup reset
ggml_backend_cuda_graph_compute: CUDA graph warmup reset
CUDA Graph id 1119 reused
ggml_backend_cuda_graph_compute: CUDA graph warmup complete
CUDA Graph id 1120 reused
ggml_backend_cuda_graph_compute: CUDA graph warmup complete
CUDA Graph id 1119 reused
CUDA Graph id 1120 reused
CUDA Graph id 1119 reused
CUDA Graph id 1120 reused
CUDA Graph id 1119 reused
CUDA Graph id 1120 reused
llama_perf_context_print:        load time =       8.07 ms
llama_perf_context_print: prompt eval time =     420.08 ms /   625 tokens (    0.67 ms per token,  1487.82 tokens per second)
llama_perf_context_print:        eval time =      38.53 ms /     5 runs   (    7.71 ms per token,   129.77 tokens per second)
llama_perf_context_print:       total time =     567.07 ms /   630 tokens
llama_perf_context_print:    graphs reused =          4
Llama.generate: 32 prefix-match found but partial kv removal not supported, re-evaluating full prompt
ggml_backend_cuda_graph_compute: CUDA graph warmup reset
ggml_backend_cuda_graph_compute: CUDA graph warmup reset
CUDA Graph id 1167 reused
ggml_backend_cuda_graph_compute: CUDA graph warmup complete
CUDA Graph id 1168 reused
ggml_backend_cuda_graph_compute: CUDA graph warmup complete
CUDA Graph id 1167 reused
CUDA Graph id 1168 reused
CUDA Graph id 1167 reused
CUDA Graph id 1168 reused
CUDA Graph id 1167 reused
CUDA Graph id 1168 reused
llama_perf_context_print:        load time =       8.07 ms
llama_perf_context_print: prompt eval time =     320.65 ms /   472 tokens (    0.68 ms per token,  1472.02 tokens per second)
llama_perf_context_print:        eval time =      38.78 ms /     5 runs   (    7.76 ms per token,   128.92 tokens per second)
llama_perf_context_print:       total time =     461.89 ms /   477 tokens
llama_perf_context_print:    graphs reused =          4
Llama.generate: 32 prefix-match found but partial kv removal not supported, re-evaluating full prompt
ggml_backend_cuda_graph_compute: CUDA graph warmup reset
ggml_backend_cuda_graph_compute: CUDA graph warmup reset
CUDA Graph id 1195 reused
ggml_backend_cuda_graph_compute: CUDA graph warmup complete
CUDA Graph id 1196 reused
ggml_backend_cuda_graph_compute: CUDA graph warmup complete
CUDA Graph id 1195 reused
CUDA Graph id 1196 reused
CUDA Graph id 1195 reused
CUDA Graph id 1196 reused
CUDA Graph id 1195 reused
CUDA Graph id 1196 reused
llama_perf_context_print:        load time =       8.07 ms
llama_perf_context_print: prompt eval time =     420.28 ms /   626 tokens (    0.67 ms per token,  1489.48 tokens per second)
llama_perf_context_print:        eval time =      38.40 ms /     5 runs   (    7.68 ms per token,   130.20 tokens per second)
llama_perf_context_print:       total time =     571.32 ms /   631 tokens
llama_perf_context_print:    graphs reused =          4
Llama.generate: 41 prefix-match found but partial kv removal not supported, re-evaluating full prompt
ggml_backend_cuda_graph_compute: CUDA graph warmup reset
ggml_backend_cuda_graph_compute: CUDA graph warmup reset
CUDA Graph id 1243 reused
ggml_backend_cuda_graph_compute: CUDA graph warmup complete
CUDA Graph id 1244 reused
ggml_backend_cuda_graph_compute: CUDA graph warmup complete
CUDA Graph id 1243 reused
CUDA Graph id 1244 reused
CUDA Graph id 1243 reused
CUDA Graph id 1244 reused
CUDA Graph id 1243 reused
CUDA Graph id 1244 reused
llama_perf_context_print:        load time =       8.07 ms
llama_perf_context_print: prompt eval time =     329.27 ms /   489 tokens (    0.67 ms per token,  1485.11 tokens per second)
llama_perf_context_print:        eval time =      38.49 ms /     5 runs   (    7.70 ms per token,   129.90 tokens per second)
llama_perf_context_print:       total time =     470.69 ms /   494 tokens
llama_perf_context_print:    graphs reused =          4
Llama.generate: 32 prefix-match found but partial kv removal not supported, re-evaluating full prompt
ggml_backend_cuda_graph_compute: CUDA graph warmup reset
ggml_backend_cuda_graph_compute: CUDA graph warmup reset
CUDA Graph id 1267 reused
ggml_backend_cuda_graph_compute: CUDA graph warmup complete
CUDA Graph id 1268 reused
ggml_backend_cuda_graph_compute: CUDA graph warmup complete
CUDA Graph id 1267 reused
CUDA Graph id 1268 reused
CUDA Graph id 1267 reused
CUDA Graph id 1268 reused
CUDA Graph id 1267 reused
CUDA Graph id 1268 reused
llama_perf_context_print:        load time =       8.07 ms
llama_perf_context_print: prompt eval time =     345.95 ms /   470 tokens (    0.74 ms per token,  1358.56 tokens per second)
llama_perf_context_print:        eval time =      50.19 ms /     5 runs   (   10.04 ms per token,    99.63 tokens per second)
llama_perf_context_print:       total time =     496.07 ms /   475 tokens
llama_perf_context_print:    graphs reused =          4
Llama.generate: 32 prefix-match found but partial kv removal not supported, re-evaluating full prompt
ggml_backend_cuda_graph_compute: CUDA graph warmup reset
ggml_backend_cuda_graph_compute: CUDA graph warmup reset
CUDA Graph id 1295 reused
ggml_backend_cuda_graph_compute: CUDA graph warmup complete
CUDA Graph id 1296 reused
ggml_backend_cuda_graph_compute: CUDA graph warmup complete
CUDA Graph id 1295 reused
CUDA Graph id 1296 reused
CUDA Graph id 1295 reused
CUDA Graph id 1296 reused
CUDA Graph id 1295 reused
CUDA Graph id 1296 reused
llama_perf_context_print:        load time =       8.07 ms
llama_perf_context_print: prompt eval time =     416.61 ms /   623 tokens (    0.67 ms per token,  1495.41 tokens per second)
llama_perf_context_print:        eval time =      38.67 ms /     5 runs   (    7.73 ms per token,   129.30 tokens per second)
llama_perf_context_print:       total time =     564.76 ms /   628 tokens
llama_perf_context_print:    graphs reused =          4
Llama.generate: 41 prefix-match found but partial kv removal not supported, re-evaluating full prompt
ggml_backend_cuda_graph_compute: CUDA graph warmup reset
ggml_backend_cuda_graph_compute: CUDA graph warmup reset
CUDA Graph id 1343 reused
ggml_backend_cuda_graph_compute: CUDA graph warmup complete
CUDA Graph id 1344 reused
ggml_backend_cuda_graph_compute: CUDA graph warmup complete
CUDA Graph id 1343 reused
CUDA Graph id 1344 reused
CUDA Graph id 1343 reused
CUDA Graph id 1344 reused
CUDA Graph id 1343 reused
CUDA Graph id 1344 reused
llama_perf_context_print:        load time =       8.07 ms
llama_perf_context_print: prompt eval time =     328.53 ms /   487 tokens (    0.67 ms per token,  1482.36 tokens per second)
llama_perf_context_print:        eval time =      38.65 ms /     5 runs   (    7.73 ms per token,   129.38 tokens per second)
llama_perf_context_print:       total time =     471.73 ms /   492 tokens
llama_perf_context_print:    graphs reused =          4
Llama.generate: 32 prefix-match found but partial kv removal not supported, re-evaluating full prompt
ggml_backend_cuda_graph_compute: CUDA graph warmup reset
ggml_backend_cuda_graph_compute: CUDA graph warmup reset
CUDA Graph id 1367 reused
ggml_backend_cuda_graph_compute: CUDA graph warmup complete
CUDA Graph id 1368 reused
ggml_backend_cuda_graph_compute: CUDA graph warmup complete
CUDA Graph id 1367 reused
CUDA Graph id 1368 reused
CUDA Graph id 1367 reused
CUDA Graph id 1368 reused
CUDA Graph id 1367 reused
CUDA Graph id 1368 reused
llama_perf_context_print:        load time =       8.07 ms
llama_perf_context_print: prompt eval time =     318.96 ms /   467 tokens (    0.68 ms per token,  1464.12 tokens per second)
llama_perf_context_print:        eval time =      38.88 ms /     5 runs   (    7.78 ms per token,   128.59 tokens per second)
llama_perf_context_print:       total time =     461.33 ms /   472 tokens
llama_perf_context_print:    graphs reused =          4
Llama.generate: 32 prefix-match found but partial kv removal not supported, re-evaluating full prompt
ggml_backend_cuda_graph_compute: CUDA graph warmup reset
ggml_backend_cuda_graph_compute: CUDA graph warmup reset
CUDA Graph id 1391 reused
ggml_backend_cuda_graph_compute: CUDA graph warmup complete
CUDA Graph id 1392 reused
ggml_backend_cuda_graph_compute: CUDA graph warmup complete
CUDA Graph id 1391 reused
CUDA Graph id 1392 reused
CUDA Graph id 1391 reused
CUDA Graph id 1392 reused
CUDA Graph id 1391 reused
CUDA Graph id 1392 reused
llama_perf_context_print:        load time =       8.07 ms
llama_perf_context_print: prompt eval time =     328.16 ms /   484 tokens (    0.68 ms per token,  1474.91 tokens per second)
llama_perf_context_print:        eval time =      38.67 ms /     5 runs   (    7.73 ms per token,   129.31 tokens per second)
llama_perf_context_print:       total time =     468.54 ms /   489 tokens
llama_perf_context_print:    graphs reused =          4
Llama.generate: 41 prefix-match found but partial kv removal not supported, re-evaluating full prompt
ggml_backend_cuda_graph_compute: CUDA graph warmup reset
ggml_backend_cuda_graph_compute: CUDA graph warmup reset
CUDA Graph id 1419 reused
ggml_backend_cuda_graph_compute: CUDA graph warmup complete
CUDA Graph id 1420 reused
ggml_backend_cuda_graph_compute: CUDA graph warmup complete
CUDA Graph id 1419 reused
CUDA Graph id 1420 reused
CUDA Graph id 1419 reused
CUDA Graph id 1420 reused
CUDA Graph id 1419 reused
CUDA Graph id 1420 reused
llama_perf_context_print:        load time =       8.07 ms
llama_perf_context_print: prompt eval time =     438.92 ms /   613 tokens (    0.72 ms per token,  1396.62 tokens per second)
llama_perf_context_print:        eval time =      38.95 ms /     5 runs   (    7.79 ms per token,   128.37 tokens per second)
llama_perf_context_print:       total time =     586.77 ms /   618 tokens
llama_perf_context_print:    graphs reused =          4
ggml_backend_cuda_graph_compute: CUDA graph warmup reset
ggml_backend_cuda_graph_compute: CUDA graph warmup reset
Llama.generate: 32 prefix-match found but partial kv removal not supported, re-evaluating full prompt
CUDA Graph id 1471 reused
ggml_backend_cuda_graph_compute: CUDA graph warmup complete
CUDA Graph id 1472 reused
ggml_backend_cuda_graph_compute: CUDA graph warmup complete
CUDA Graph id 1471 reused
CUDA Graph id 1472 reused
CUDA Graph id 1471 reused
CUDA Graph id 1472 reused
CUDA Graph id 1471 reused
CUDA Graph id 1472 reused
llama_perf_context_print:        load time =       8.07 ms
llama_perf_context_print: prompt eval time =     423.90 ms /   650 tokens (    0.65 ms per token,  1533.39 tokens per second)
llama_perf_context_print:        eval time =      38.09 ms /     5 runs   (    7.62 ms per token,   131.26 tokens per second)
llama_perf_context_print:       total time =     565.56 ms /   655 tokens
llama_perf_context_print:    graphs reused =          4
Llama.generate: 32 prefix-match found but partial kv removal not supported, re-evaluating full prompt
ggml_backend_cuda_graph_compute: CUDA graph warmup reset
ggml_backend_cuda_graph_compute: CUDA graph warmup reset
CUDA Graph id 1511 reused
ggml_backend_cuda_graph_compute: CUDA graph warmup complete
CUDA Graph id 1512 reused
ggml_backend_cuda_graph_compute: CUDA graph warmup complete
CUDA Graph id 1511 reused
CUDA Graph id 1512 reused
CUDA Graph id 1511 reused
CUDA Graph id 1512 reused
CUDA Graph id 1511 reused
CUDA Graph id 1512 reused
llama_perf_context_print:        load time =       8.07 ms
llama_perf_context_print: prompt eval time =     431.50 ms /   667 tokens (    0.65 ms per token,  1545.77 tokens per second)
llama_perf_context_print:        eval time =      38.13 ms /     5 runs   (    7.63 ms per token,   131.12 tokens per second)
llama_perf_context_print:       total time =     578.98 ms /   672 tokens
llama_perf_context_print:    graphs reused =          4
Llama.generate: 666 prefix-match found but partial kv removal not supported, re-evaluating full prompt
ggml_backend_cuda_graph_compute: CUDA graph warmup reset
ggml_backend_cuda_graph_compute: CUDA graph warmup reset
CUDA Graph id 1563 reused
ggml_backend_cuda_graph_compute: CUDA graph warmup complete
CUDA Graph id 1564 reused
ggml_backend_cuda_graph_compute: CUDA graph warmup complete
CUDA Graph id 1563 reused
CUDA Graph id 1564 reused
CUDA Graph id 1563 reused
CUDA Graph id 1564 reused
CUDA Graph id 1563 reused
CUDA Graph id 1564 reused
llama_perf_context_print:        load time =       8.07 ms
llama_perf_context_print: prompt eval time =     431.64 ms /   667 tokens (    0.65 ms per token,  1545.25 tokens per second)
llama_perf_context_print:        eval time =      38.12 ms /     5 runs   (    7.62 ms per token,   131.18 tokens per second)
llama_perf_context_print:       total time =     577.82 ms /   672 tokens
llama_perf_context_print:    graphs reused =          4
Llama.generate: 32 prefix-match found but partial kv removal not supported, re-evaluating full prompt
ggml_backend_cuda_graph_compute: CUDA graph warmup reset
ggml_backend_cuda_graph_compute: CUDA graph warmup reset
CUDA Graph id 1615 reused
ggml_backend_cuda_graph_compute: CUDA graph warmup complete
CUDA Graph id 1616 reused
ggml_backend_cuda_graph_compute: CUDA graph warmup complete
CUDA Graph id 1615 reused
CUDA Graph id 1616 reused
CUDA Graph id 1615 reused
CUDA Graph id 1616 reused
CUDA Graph id 1615 reused
CUDA Graph id 1616 reused
llama_perf_context_print:        load time =       8.07 ms
llama_perf_context_print: prompt eval time =     424.72 ms /   650 tokens (    0.65 ms per token,  1530.41 tokens per second)
llama_perf_context_print:        eval time =      38.87 ms /     5 runs   (    7.77 ms per token,   128.65 tokens per second)
llama_perf_context_print:       total time =     571.95 ms /   655 tokens
llama_perf_context_print:    graphs reused =          4
Llama.generate: 32 prefix-match found but partial kv removal not supported, re-evaluating full prompt
ggml_backend_cuda_graph_compute: CUDA graph warmup reset
ggml_backend_cuda_graph_compute: CUDA graph warmup reset
CUDA Graph id 1655 reused
ggml_backend_cuda_graph_compute: CUDA graph warmup complete
CUDA Graph id 1656 reused
ggml_backend_cuda_graph_compute: CUDA graph warmup complete
CUDA Graph id 1655 reused
CUDA Graph id 1656 reused
CUDA Graph id 1655 reused
CUDA Graph id 1656 reused
CUDA Graph id 1655 reused
CUDA Graph id 1656 reused
llama_perf_context_print:        load time =       8.07 ms
llama_perf_context_print: prompt eval time =     493.15 ms /   796 tokens (    0.62 ms per token,  1614.11 tokens per second)
llama_perf_context_print:        eval time =      38.31 ms /     5 runs   (    7.66 ms per token,   130.51 tokens per second)
llama_perf_context_print:       total time =     644.94 ms /   801 tokens
llama_perf_context_print:    graphs reused =          4
Llama.generate: 43 prefix-match found but partial kv removal not supported, re-evaluating full prompt
CUDA Graph id 1703 reused
CUDA Graph id 1704 reused
CUDA Graph id 1703 reused
CUDA Graph id 1704 reused
CUDA Graph id 1703 reused
CUDA Graph id 1704 reused
CUDA Graph id 1703 reused
CUDA Graph id 1704 reused
llama_perf_context_print:        load time =       8.07 ms
llama_perf_context_print: prompt eval time =       0.22 ms /   806 tokens (    0.00 ms per token, 3680365.30 tokens per second)
llama_perf_context_print:        eval time =      35.62 ms /     5 runs   (    7.12 ms per token,   140.39 tokens per second)
llama_perf_context_print:       total time =    1232.88 ms /   811 tokens
llama_perf_context_print:    graphs reused =          4
Llama.generate: 32 prefix-match found but partial kv removal not supported, re-evaluating full prompt
ggml_backend_cuda_graph_compute: CUDA graph warmup reset
ggml_backend_cuda_graph_compute: CUDA graph warmup reset
CUDA Graph id 1767 reused
ggml_backend_cuda_graph_compute: CUDA graph warmup complete
CUDA Graph id 1768 reused
ggml_backend_cuda_graph_compute: CUDA graph warmup complete
CUDA Graph id 1767 reused
CUDA Graph id 1768 reused
CUDA Graph id 1767 reused
CUDA Graph id 1768 reused
CUDA Graph id 1767 reused
CUDA Graph id 1768 reused
llama_perf_context_print:        load time =       8.07 ms
llama_perf_context_print: prompt eval time =     421.32 ms /   642 tokens (    0.66 ms per token,  1523.79 tokens per second)
llama_perf_context_print:        eval time =      38.39 ms /     5 runs   (    7.68 ms per token,   130.24 tokens per second)
llama_perf_context_print:       total time =     567.27 ms /   647 tokens
llama_perf_context_print:    graphs reused =          4
Llama.generate: 32 prefix-match found but partial kv removal not supported, re-evaluating full prompt
ggml_backend_cuda_graph_compute: CUDA graph warmup reset
ggml_backend_cuda_graph_compute: CUDA graph warmup reset
CUDA Graph id 1807 reused
ggml_backend_cuda_graph_compute: CUDA graph warmup complete
CUDA Graph id 1808 reused
ggml_backend_cuda_graph_compute: CUDA graph warmup complete
CUDA Graph id 1807 reused
CUDA Graph id 1808 reused
CUDA Graph id 1807 reused
CUDA Graph id 1808 reused
CUDA Graph id 1807 reused
CUDA Graph id 1808 reused
llama_perf_context_print:        load time =       8.07 ms
llama_perf_context_print: prompt eval time =     429.16 ms /   659 tokens (    0.65 ms per token,  1535.55 tokens per second)
llama_perf_context_print:        eval time =      38.35 ms /     5 runs   (    7.67 ms per token,   130.38 tokens per second)
llama_perf_context_print:       total time =     580.84 ms /   664 tokens
llama_perf_context_print:    graphs reused =          4
Llama.generate: 658 prefix-match found but partial kv removal not supported, re-evaluating full prompt
ggml_backend_cuda_graph_compute: CUDA graph warmup reset
ggml_backend_cuda_graph_compute: CUDA graph warmup reset
CUDA Graph id 1859 reused
ggml_backend_cuda_graph_compute: CUDA graph warmup complete
CUDA Graph id 1860 reused
ggml_backend_cuda_graph_compute: CUDA graph warmup complete
CUDA Graph id 1859 reused
CUDA Graph id 1860 reused
CUDA Graph id 1859 reused
CUDA Graph id 1860 reused
CUDA Graph id 1859 reused
CUDA Graph id 1860 reused
llama_perf_context_print:        load time =       8.07 ms
llama_perf_context_print: prompt eval time =     428.93 ms /   659 tokens (    0.65 ms per token,  1536.37 tokens per second)
llama_perf_context_print:        eval time =      38.32 ms /     5 runs   (    7.66 ms per token,   130.49 tokens per second)
llama_perf_context_print:       total time =     580.39 ms /   664 tokens
llama_perf_context_print:    graphs reused =          4
Llama.generate: 32 prefix-match found but partial kv removal not supported, re-evaluating full prompt
ggml_backend_cuda_graph_compute: CUDA graph warmup reset
ggml_backend_cuda_graph_compute: CUDA graph warmup reset
CUDA Graph id 1911 reused
ggml_backend_cuda_graph_compute: CUDA graph warmup complete
CUDA Graph id 1912 reused
ggml_backend_cuda_graph_compute: CUDA graph warmup complete
CUDA Graph id 1911 reused
CUDA Graph id 1912 reused
CUDA Graph id 1911 reused
CUDA Graph id 1912 reused
CUDA Graph id 1911 reused
CUDA Graph id 1912 reused
llama_perf_context_print:        load time =       8.07 ms
llama_perf_context_print: prompt eval time =     408.90 ms /   610 tokens (    0.67 ms per token,  1491.81 tokens per second)
llama_perf_context_print:        eval time =      38.34 ms /     5 runs   (    7.67 ms per token,   130.40 tokens per second)
llama_perf_context_print:       total time =     558.11 ms /   615 tokens
llama_perf_context_print:    graphs reused =          4
Llama.generate: 32 prefix-match found but partial kv removal not supported, re-evaluating full prompt
ggml_backend_cuda_graph_compute: CUDA graph warmup reset
ggml_backend_cuda_graph_compute: CUDA graph warmup reset
CUDA Graph id 1951 reused
ggml_backend_cuda_graph_compute: CUDA graph warmup complete
CUDA Graph id 1952 reused
ggml_backend_cuda_graph_compute: CUDA graph warmup complete
ggml_backend_cuda_graph_compute: CUDA graph warmup reset
ggml_backend_cuda_graph_compute: CUDA graph warmup reset
CUDA Graph id 1955 reused
ggml_backend_cuda_graph_compute: CUDA graph warmup complete
CUDA Graph id 1956 reused
ggml_backend_cuda_graph_compute: CUDA graph warmup complete
CUDA Graph id 1955 reused
CUDA Graph id 1956 reused
llama_perf_context_print:        load time =       8.07 ms
llama_perf_context_print: prompt eval time =     485.32 ms /   766 tokens (    0.63 ms per token,  1578.35 tokens per second)
llama_perf_context_print:        eval time =      42.81 ms /     5 runs   (    8.56 ms per token,   116.81 tokens per second)
llama_perf_context_print:       total time =     639.99 ms /   771 tokens
llama_perf_context_print:    graphs reused =          3
Llama.generate: 43 prefix-match found but partial kv removal not supported, re-evaluating full prompt
ggml_backend_cuda_graph_compute: CUDA graph warmup reset
ggml_backend_cuda_graph_compute: CUDA graph warmup reset
CUDA Graph id 2007 reused
ggml_backend_cuda_graph_compute: CUDA graph warmup complete
CUDA Graph id 2008 reused
ggml_backend_cuda_graph_compute: CUDA graph warmup complete
CUDA Graph id 2007 reused
CUDA Graph id 2008 reused
CUDA Graph id 2007 reused
CUDA Graph id 2008 reused
CUDA Graph id 2007 reused
CUDA Graph id 2008 reused
llama_perf_context_print:        load time =       8.07 ms
llama_perf_context_print: prompt eval time =     483.35 ms /   761 tokens (    0.64 ms per token,  1574.43 tokens per second)
llama_perf_context_print:        eval time =      38.47 ms /     5 runs   (    7.69 ms per token,   129.96 tokens per second)
llama_perf_context_print:       total time =     638.72 ms /   766 tokens
llama_perf_context_print:    graphs reused =          4
Llama.generate: 32 prefix-match found but partial kv removal not supported, re-evaluating full prompt
ggml_backend_cuda_graph_compute: CUDA graph warmup reset
ggml_backend_cuda_graph_compute: CUDA graph warmup reset
CUDA Graph id 2059 reused
ggml_backend_cuda_graph_compute: CUDA graph warmup complete
CUDA Graph id 2060 reused
ggml_backend_cuda_graph_compute: CUDA graph warmup complete
CUDA Graph id 2059 reused
CUDA Graph id 2060 reused
CUDA Graph id 2059 reused
CUDA Graph id 2060 reused
CUDA Graph id 2059 reused
CUDA Graph id 2060 reused
llama_perf_context_print:        load time =       8.07 ms
llama_perf_context_print: prompt eval time =     359.22 ms /   534 tokens (    0.67 ms per token,  1486.56 tokens per second)
llama_perf_context_print:        eval time =      38.30 ms /     5 runs   (    7.66 ms per token,   130.53 tokens per second)
llama_perf_context_print:       total time =     505.46 ms /   539 tokens
llama_perf_context_print:    graphs reused =          4
Llama.generate: 32 prefix-match found but partial kv removal not supported, re-evaluating full prompt
ggml_backend_cuda_graph_compute: CUDA graph warmup reset
ggml_backend_cuda_graph_compute: CUDA graph warmup reset
CUDA Graph id 2099 reused
ggml_backend_cuda_graph_compute: CUDA graph warmup complete
CUDA Graph id 2100 reused
ggml_backend_cuda_graph_compute: CUDA graph warmup complete
CUDA Graph id 2099 reused
CUDA Graph id 2100 reused
CUDA Graph id 2099 reused
CUDA Graph id 2100 reused
CUDA Graph id 2099 reused
CUDA Graph id 2100 reused
llama_perf_context_print:        load time =       8.07 ms
llama_perf_context_print: prompt eval time =     369.51 ms /   551 tokens (    0.67 ms per token,  1491.15 tokens per second)
llama_perf_context_print:        eval time =      38.54 ms /     5 runs   (    7.71 ms per token,   129.73 tokens per second)
llama_perf_context_print:       total time =     515.75 ms /   556 tokens
llama_perf_context_print:    graphs reused =          4
Llama.generate: 550 prefix-match found but partial kv removal not supported, re-evaluating full prompt
ggml_backend_cuda_graph_compute: CUDA graph warmup reset
ggml_backend_cuda_graph_compute: CUDA graph warmup reset
CUDA Graph id 2139 reused
ggml_backend_cuda_graph_compute: CUDA graph warmup complete
CUDA Graph id 2140 reused
ggml_backend_cuda_graph_compute: CUDA graph warmup complete
CUDA Graph id 2139 reused
CUDA Graph id 2140 reused
CUDA Graph id 2139 reused
CUDA Graph id 2140 reused
CUDA Graph id 2139 reused
CUDA Graph id 2140 reused
llama_perf_context_print:        load time =       8.07 ms
llama_perf_context_print: prompt eval time =     373.00 ms /   551 tokens (    0.68 ms per token,  1477.21 tokens per second)
llama_perf_context_print:        eval time =      39.39 ms /     5 runs   (    7.88 ms per token,   126.95 tokens per second)
llama_perf_context_print:       total time =     521.61 ms /   556 tokens
llama_perf_context_print:    graphs reused =          4
Llama.generate: 32 prefix-match found but partial kv removal not supported, re-evaluating full prompt
ggml_backend_cuda_graph_compute: CUDA graph warmup reset
ggml_backend_cuda_graph_compute: CUDA graph warmup reset
CUDA Graph id 2179 reused
ggml_backend_cuda_graph_compute: CUDA graph warmup complete
CUDA Graph id 2180 reused
ggml_backend_cuda_graph_compute: CUDA graph warmup complete
CUDA Graph id 2179 reused
CUDA Graph id 2180 reused
CUDA Graph id 2179 reused
CUDA Graph id 2180 reused
CUDA Graph id 2179 reused
CUDA Graph id 2180 reused
llama_perf_context_print:        load time =       8.07 ms
llama_perf_context_print: prompt eval time =     359.33 ms /   534 tokens (    0.67 ms per token,  1486.08 tokens per second)
llama_perf_context_print:        eval time =      38.47 ms /     5 runs   (    7.69 ms per token,   129.97 tokens per second)
llama_perf_context_print:       total time =     506.87 ms /   539 tokens
llama_perf_context_print:    graphs reused =          4
Llama.generate: 32 prefix-match found but partial kv removal not supported, re-evaluating full prompt
ggml_backend_cuda_graph_compute: CUDA graph warmup reset
ggml_backend_cuda_graph_compute: CUDA graph warmup reset
CUDA Graph id 2219 reused
ggml_backend_cuda_graph_compute: CUDA graph warmup complete
CUDA Graph id 2220 reused
ggml_backend_cuda_graph_compute: CUDA graph warmup complete
CUDA Graph id 2219 reused
CUDA Graph id 2220 reused
CUDA Graph id 2219 reused
CUDA Graph id 2220 reused
CUDA Graph id 2219 reused
CUDA Graph id 2220 reused
llama_perf_context_print:        load time =       8.07 ms
llama_perf_context_print: prompt eval time =     442.94 ms /   685 tokens (    0.65 ms per token,  1546.48 tokens per second)
llama_perf_context_print:        eval time =      38.33 ms /     5 runs   (    7.67 ms per token,   130.44 tokens per second)
llama_perf_context_print:       total time =     597.01 ms /   690 tokens
llama_perf_context_print:    graphs reused =          4
Llama.generate: 43 prefix-match found but partial kv removal not supported, re-evaluating full prompt
ggml_backend_cuda_graph_compute: CUDA graph warmup reset
ggml_backend_cuda_graph_compute: CUDA graph warmup reset
CUDA Graph id 2271 reused
ggml_backend_cuda_graph_compute: CUDA graph warmup complete
CUDA Graph id 2272 reused
ggml_backend_cuda_graph_compute: CUDA graph warmup complete
CUDA Graph id 2271 reused
CUDA Graph id 2272 reused
CUDA Graph id 2271 reused
CUDA Graph id 2272 reused
CUDA Graph id 2271 reused
CUDA Graph id 2272 reused
llama_perf_context_print:        load time =       8.07 ms
llama_perf_context_print: prompt eval time =     442.14 ms /   685 tokens (    0.65 ms per token,  1549.28 tokens per second)
llama_perf_context_print:        eval time =      38.41 ms /     5 runs   (    7.68 ms per token,   130.18 tokens per second)
llama_perf_context_print:       total time =     595.22 ms /   690 tokens
llama_perf_context_print:    graphs reused =          4
Llama.generate: 32 prefix-match found but partial kv removal not supported, re-evaluating full prompt
ggml_backend_cuda_graph_compute: CUDA graph warmup reset
ggml_backend_cuda_graph_compute: CUDA graph warmup reset
CUDA Graph id 2319 reused
ggml_backend_cuda_graph_compute: CUDA graph warmup complete
CUDA Graph id 2320 reused
ggml_backend_cuda_graph_compute: CUDA graph warmup complete
CUDA Graph id 2319 reused
CUDA Graph id 2320 reused
CUDA Graph id 2319 reused
CUDA Graph id 2320 reused
CUDA Graph id 2319 reused
CUDA Graph id 2320 reused
llama_perf_context_print:        load time =       8.07 ms
llama_perf_context_print: prompt eval time =     321.13 ms /   472 tokens (    0.68 ms per token,  1469.79 tokens per second)
llama_perf_context_print:        eval time =      39.07 ms /     5 runs   (    7.81 ms per token,   127.98 tokens per second)
llama_perf_context_print:       total time =     462.46 ms /   477 tokens
llama_perf_context_print:    graphs reused =          4
Llama.generate: 32 prefix-match found but partial kv removal not supported, re-evaluating full prompt
ggml_backend_cuda_graph_compute: CUDA graph warmup reset
ggml_backend_cuda_graph_compute: CUDA graph warmup reset
CUDA Graph id 2343 reused
ggml_backend_cuda_graph_compute: CUDA graph warmup complete
CUDA Graph id 2344 reused
ggml_backend_cuda_graph_compute: CUDA graph warmup complete
CUDA Graph id 2343 reused
CUDA Graph id 2344 reused
CUDA Graph id 2343 reused
CUDA Graph id 2344 reused
CUDA Graph id 2343 reused
CUDA Graph id 2344 reused
llama_perf_context_print:        load time =       8.07 ms
llama_perf_context_print: prompt eval time =     330.31 ms /   489 tokens (    0.68 ms per token,  1480.42 tokens per second)
llama_perf_context_print:        eval time =      38.89 ms /     5 runs   (    7.78 ms per token,   128.58 tokens per second)
llama_perf_context_print:       total time =     475.71 ms /   494 tokens
llama_perf_context_print:    graphs reused =          4
Llama.generate: 41 prefix-match found but partial kv removal not supported, re-evaluating full prompt
ggml_backend_cuda_graph_compute: CUDA graph warmup reset
ggml_backend_cuda_graph_compute: CUDA graph warmup reset
CUDA Graph id 2371 reused
ggml_backend_cuda_graph_compute: CUDA graph warmup complete
CUDA Graph id 2372 reused
ggml_backend_cuda_graph_compute: CUDA graph warmup complete
CUDA Graph id 2371 reused
CUDA Graph id 2372 reused
CUDA Graph id 2371 reused
CUDA Graph id 2372 reused
CUDA Graph id 2371 reused
CUDA Graph id 2372 reused
llama_perf_context_print:        load time =       8.07 ms
llama_perf_context_print: prompt eval time =     414.61 ms /   620 tokens (    0.67 ms per token,  1495.38 tokens per second)
llama_perf_context_print:        eval time =      38.46 ms /     5 runs   (    7.69 ms per token,   130.01 tokens per second)
llama_perf_context_print:       total time =     566.22 ms /   625 tokens
llama_perf_context_print:    graphs reused =          4
Llama.generate: 32 prefix-match found but partial kv removal not supported, re-evaluating full prompt
ggml_backend_cuda_graph_compute: CUDA graph warmup reset
ggml_backend_cuda_graph_compute: CUDA graph warmup reset
CUDA Graph id 2419 reused
ggml_backend_cuda_graph_compute: CUDA graph warmup complete
CUDA Graph id 2420 reused
ggml_backend_cuda_graph_compute: CUDA graph warmup complete
CUDA Graph id 2419 reused
CUDA Graph id 2420 reused
CUDA Graph id 2419 reused
CUDA Graph id 2420 reused
CUDA Graph id 2419 reused
CUDA Graph id 2420 reused
llama_perf_context_print:        load time =       8.07 ms
llama_perf_context_print: prompt eval time =     309.65 ms /   449 tokens (    0.69 ms per token,  1450.02 tokens per second)
llama_perf_context_print:        eval time =      38.60 ms /     5 runs   (    7.72 ms per token,   129.52 tokens per second)
llama_perf_context_print:       total time =     454.12 ms /   454 tokens
llama_perf_context_print:    graphs reused =          4
Llama.generate: 32 prefix-match found but partial kv removal not supported, re-evaluating full prompt
ggml_backend_cuda_graph_compute: CUDA graph warmup reset
ggml_backend_cuda_graph_compute: CUDA graph warmup reset
CUDA Graph id 2447 reused
ggml_backend_cuda_graph_compute: CUDA graph warmup complete
CUDA Graph id 2448 reused
ggml_backend_cuda_graph_compute: CUDA graph warmup complete
CUDA Graph id 2447 reused
CUDA Graph id 2448 reused
CUDA Graph id 2447 reused
CUDA Graph id 2448 reused
CUDA Graph id 2447 reused
CUDA Graph id 2448 reused
llama_perf_context_print:        load time =       8.07 ms
llama_perf_context_print: prompt eval time =     404.98 ms /   600 tokens (    0.67 ms per token,  1481.57 tokens per second)
llama_perf_context_print:        eval time =      38.72 ms /     5 runs   (    7.74 ms per token,   129.15 tokens per second)
llama_perf_context_print:       total time =     555.90 ms /   605 tokens
llama_perf_context_print:    graphs reused =          4
Llama.generate: 41 prefix-match found but partial kv removal not supported, re-evaluating full prompt
ggml_backend_cuda_graph_compute: CUDA graph warmup reset
ggml_backend_cuda_graph_compute: CUDA graph warmup reset
CUDA Graph id 2483 reused
ggml_backend_cuda_graph_compute: CUDA graph warmup complete
CUDA Graph id 2484 reused
ggml_backend_cuda_graph_compute: CUDA graph warmup complete
CUDA Graph id 2483 reused
CUDA Graph id 2484 reused
CUDA Graph id 2483 reused
CUDA Graph id 2484 reused
CUDA Graph id 2483 reused
CUDA Graph id 2484 reused
llama_perf_context_print:        load time =       8.07 ms
llama_perf_context_print: prompt eval time =     318.39 ms /   466 tokens (    0.68 ms per token,  1463.62 tokens per second)
llama_perf_context_print:        eval time =      38.92 ms /     5 runs   (    7.78 ms per token,   128.48 tokens per second)
llama_perf_context_print:       total time =     466.06 ms /   471 tokens
llama_perf_context_print:    graphs reused =          4
Llama.generate: 32 prefix-match found but partial kv removal not supported, re-evaluating full prompt
ggml_backend_cuda_graph_compute: CUDA graph warmup reset
ggml_backend_cuda_graph_compute: CUDA graph warmup reset
CUDA Graph id 2507 reused
ggml_backend_cuda_graph_compute: CUDA graph warmup complete
CUDA Graph id 2508 reused
ggml_backend_cuda_graph_compute: CUDA graph warmup complete
CUDA Graph id 2507 reused
CUDA Graph id 2508 reused
CUDA Graph id 2507 reused
CUDA Graph id 2508 reused
CUDA Graph id 2507 reused
CUDA Graph id 2508 reused
llama_perf_context_print:        load time =       8.07 ms
llama_perf_context_print: prompt eval time =     339.77 ms /   505 tokens (    0.67 ms per token,  1486.29 tokens per second)
llama_perf_context_print:        eval time =      38.76 ms /     5 runs   (    7.75 ms per token,   129.01 tokens per second)
llama_perf_context_print:       total time =     483.33 ms /   510 tokens
llama_perf_context_print:    graphs reused =          4
Llama.generate: 32 prefix-match found but partial kv removal not supported, re-evaluating full prompt
ggml_backend_cuda_graph_compute: CUDA graph warmup reset
ggml_backend_cuda_graph_compute: CUDA graph warmup reset
CUDA Graph id 2535 reused
ggml_backend_cuda_graph_compute: CUDA graph warmup complete
CUDA Graph id 2536 reused
ggml_backend_cuda_graph_compute: CUDA graph warmup complete
CUDA Graph id 2535 reused
CUDA Graph id 2536 reused
CUDA Graph id 2535 reused
CUDA Graph id 2536 reused
CUDA Graph id 2535 reused
CUDA Graph id 2536 reused
llama_perf_context_print:        load time =       8.07 ms
llama_perf_context_print: prompt eval time =     426.70 ms /   653 tokens (    0.65 ms per token,  1530.34 tokens per second)
llama_perf_context_print:        eval time =      38.43 ms /     5 runs   (    7.69 ms per token,   130.09 tokens per second)
llama_perf_context_print:       total time =     579.20 ms /   658 tokens
llama_perf_context_print:    graphs reused =          4
Llama.generate: 43 prefix-match found but partial kv removal not supported, re-evaluating full prompt
ggml_backend_cuda_graph_compute: CUDA graph warmup reset
ggml_backend_cuda_graph_compute: CUDA graph warmup reset
CUDA Graph id 2587 reused
ggml_backend_cuda_graph_compute: CUDA graph warmup complete
CUDA Graph id 2588 reused
ggml_backend_cuda_graph_compute: CUDA graph warmup complete
CUDA Graph id 2587 reused
CUDA Graph id 2588 reused
CUDA Graph id 2587 reused
CUDA Graph id 2588 reused
CUDA Graph id 2587 reused
CUDA Graph id 2588 reused
llama_perf_context_print:        load time =       8.07 ms
llama_perf_context_print: prompt eval time =     429.78 ms /   660 tokens (    0.65 ms per token,  1535.68 tokens per second)
llama_perf_context_print:        eval time =      38.50 ms /     5 runs   (    7.70 ms per token,   129.88 tokens per second)
llama_perf_context_print:       total time =     582.97 ms /   665 tokens
llama_perf_context_print:    graphs reused =          4
Llama.generate: 32 prefix-match found but partial kv removal not supported, re-evaluating full prompt
ggml_backend_cuda_graph_compute: CUDA graph warmup reset
ggml_backend_cuda_graph_compute: CUDA graph warmup reset
CUDA Graph id 2639 reused
ggml_backend_cuda_graph_compute: CUDA graph warmup complete
CUDA Graph id 2640 reused
ggml_backend_cuda_graph_compute: CUDA graph warmup complete
CUDA Graph id 2639 reused
CUDA Graph id 2640 reused
CUDA Graph id 2639 reused
CUDA Graph id 2640 reused
CUDA Graph id 2639 reused
CUDA Graph id 2640 reused
llama_perf_context_print:        load time =       8.07 ms
llama_perf_context_print: prompt eval time =     355.71 ms /   528 tokens (    0.67 ms per token,  1484.36 tokens per second)
llama_perf_context_print:        eval time =      38.46 ms /     5 runs   (    7.69 ms per token,   130.00 tokens per second)
llama_perf_context_print:       total time =     503.02 ms /   533 tokens
llama_perf_context_print:    graphs reused =          4
Llama.generate: 32 prefix-match found but partial kv removal not supported, re-evaluating full prompt
ggml_backend_cuda_graph_compute: CUDA graph warmup reset
ggml_backend_cuda_graph_compute: CUDA graph warmup reset
CUDA Graph id 2679 reused
ggml_backend_cuda_graph_compute: CUDA graph warmup complete
CUDA Graph id 2680 reused
ggml_backend_cuda_graph_compute: CUDA graph warmup complete
CUDA Graph id 2679 reused
CUDA Graph id 2680 reused
CUDA Graph id 2679 reused
CUDA Graph id 2680 reused
CUDA Graph id 2679 reused
CUDA Graph id 2680 reused
llama_perf_context_print:        load time =       8.07 ms
llama_perf_context_print: prompt eval time =     366.99 ms /   545 tokens (    0.67 ms per token,  1485.05 tokens per second)
llama_perf_context_print:        eval time =      38.35 ms /     5 runs   (    7.67 ms per token,   130.36 tokens per second)
llama_perf_context_print:       total time =     516.53 ms /   550 tokens
llama_perf_context_print:    graphs reused =          4
Llama.generate: 544 prefix-match found but partial kv removal not supported, re-evaluating full prompt
ggml_backend_cuda_graph_compute: CUDA graph warmup reset
ggml_backend_cuda_graph_compute: CUDA graph warmup reset
CUDA Graph id 2719 reused
ggml_backend_cuda_graph_compute: CUDA graph warmup complete
CUDA Graph id 2720 reused
ggml_backend_cuda_graph_compute: CUDA graph warmup complete
CUDA Graph id 2719 reused
CUDA Graph id 2720 reused
CUDA Graph id 2719 reused
CUDA Graph id 2720 reused
CUDA Graph id 2719 reused
CUDA Graph id 2720 reused
llama_perf_context_print:        load time =       8.07 ms
llama_perf_context_print: prompt eval time =     366.32 ms /   545 tokens (    0.67 ms per token,  1487.77 tokens per second)
llama_perf_context_print:        eval time =      38.31 ms /     5 runs   (    7.66 ms per token,   130.51 tokens per second)
llama_perf_context_print:       total time =     514.34 ms /   550 tokens
llama_perf_context_print:    graphs reused =          4
Llama.generate: 32 prefix-match found but partial kv removal not supported, re-evaluating full prompt
ggml_backend_cuda_graph_compute: CUDA graph warmup reset
ggml_backend_cuda_graph_compute: CUDA graph warmup reset
CUDA Graph id 2759 reused
ggml_backend_cuda_graph_compute: CUDA graph warmup complete
CUDA Graph id 2760 reused
ggml_backend_cuda_graph_compute: CUDA graph warmup complete
CUDA Graph id 2759 reused
CUDA Graph id 2760 reused
CUDA Graph id 2759 reused
CUDA Graph id 2760 reused
CUDA Graph id 2759 reused
CUDA Graph id 2760 reused
llama_perf_context_print:        load time =       8.07 ms
llama_perf_context_print: prompt eval time =     369.96 ms /   550 tokens (    0.67 ms per token,  1486.64 tokens per second)
llama_perf_context_print:        eval time =      38.40 ms /     5 runs   (    7.68 ms per token,   130.22 tokens per second)
llama_perf_context_print:       total time =     519.11 ms /   555 tokens
llama_perf_context_print:    graphs reused =          4
Llama.generate: 32 prefix-match found but partial kv removal not supported, re-evaluating full prompt
ggml_backend_cuda_graph_compute: CUDA graph warmup reset
ggml_backend_cuda_graph_compute: CUDA graph warmup reset
CUDA Graph id 2799 reused
ggml_backend_cuda_graph_compute: CUDA graph warmup complete
CUDA Graph id 2800 reused
ggml_backend_cuda_graph_compute: CUDA graph warmup complete
CUDA Graph id 2799 reused
CUDA Graph id 2800 reused
CUDA Graph id 2799 reused
CUDA Graph id 2800 reused
CUDA Graph id 2799 reused
CUDA Graph id 2800 reused
llama_perf_context_print:        load time =       8.07 ms
llama_perf_context_print: prompt eval time =     456.88 ms /   705 tokens (    0.65 ms per token,  1543.06 tokens per second)
llama_perf_context_print:        eval time =      39.46 ms /     5 runs   (    7.89 ms per token,   126.70 tokens per second)
llama_perf_context_print:       total time =     615.96 ms /   710 tokens
llama_perf_context_print:    graphs reused =          4
Llama.generate: 41 prefix-match found but partial kv removal not supported, re-evaluating full prompt
ggml_backend_cuda_graph_compute: CUDA graph warmup reset
ggml_backend_cuda_graph_compute: CUDA graph warmup reset
CUDA Graph id 2851 reused
ggml_backend_cuda_graph_compute: CUDA graph warmup complete
CUDA Graph id 2852 reused
ggml_backend_cuda_graph_compute: CUDA graph warmup complete
CUDA Graph id 2851 reused
CUDA Graph id 2852 reused
CUDA Graph id 2851 reused
CUDA Graph id 2852 reused
CUDA Graph id 2851 reused
CUDA Graph id 2852 reused
llama_perf_context_print:        load time =       8.07 ms
llama_perf_context_print: prompt eval time =     383.07 ms /   567 tokens (    0.68 ms per token,  1480.15 tokens per second)
llama_perf_context_print:        eval time =      38.41 ms /     5 runs   (    7.68 ms per token,   130.17 tokens per second)
llama_perf_context_print:       total time =     532.83 ms /   572 tokens
llama_perf_context_print:    graphs reused =          4
Llama.generate: 32 prefix-match found but partial kv removal not supported, re-evaluating full prompt
ggml_backend_cuda_graph_compute: CUDA graph warmup reset
ggml_backend_cuda_graph_compute: CUDA graph warmup reset
CUDA Graph id 2891 reused
ggml_backend_cuda_graph_compute: CUDA graph warmup complete
CUDA Graph id 2892 reused
ggml_backend_cuda_graph_compute: CUDA graph warmup complete
CUDA Graph id 2891 reused
CUDA Graph id 2892 reused
CUDA Graph id 2891 reused
CUDA Graph id 2892 reused
CUDA Graph id 2891 reused
CUDA Graph id 2892 reused
llama_perf_context_print:        load time =       8.07 ms
llama_perf_context_print: prompt eval time =     369.20 ms /   547 tokens (    0.67 ms per token,  1481.56 tokens per second)
llama_perf_context_print:        eval time =      38.42 ms /     5 runs   (    7.68 ms per token,   130.14 tokens per second)
llama_perf_context_print:       total time =     515.84 ms /   552 tokens
llama_perf_context_print:    graphs reused =          4
Llama.generate: 32 prefix-match found but partial kv removal not supported, re-evaluating full prompt
ggml_backend_cuda_graph_compute: CUDA graph warmup reset
ggml_backend_cuda_graph_compute: CUDA graph warmup reset
CUDA Graph id 2931 reused
ggml_backend_cuda_graph_compute: CUDA graph warmup complete
CUDA Graph id 2932 reused
ggml_backend_cuda_graph_compute: CUDA graph warmup complete
CUDA Graph id 2931 reused
CUDA Graph id 2932 reused
CUDA Graph id 2931 reused
CUDA Graph id 2932 reused
CUDA Graph id 2931 reused
CUDA Graph id 2932 reused
llama_perf_context_print:        load time =       8.07 ms
llama_perf_context_print: prompt eval time =     383.58 ms /   564 tokens (    0.68 ms per token,  1470.37 tokens per second)
llama_perf_context_print:        eval time =      38.80 ms /     5 runs   (    7.76 ms per token,   128.87 tokens per second)
llama_perf_context_print:       total time =     534.36 ms /   569 tokens
llama_perf_context_print:    graphs reused =          4
Llama.generate: 41 prefix-match found but partial kv removal not supported, re-evaluating full prompt
ggml_backend_cuda_graph_compute: CUDA graph warmup reset
ggml_backend_cuda_graph_compute: CUDA graph warmup reset
CUDA Graph id 2971 reused
ggml_backend_cuda_graph_compute: CUDA graph warmup complete
CUDA Graph id 2972 reused
ggml_backend_cuda_graph_compute: CUDA graph warmup complete
CUDA Graph id 2971 reused
CUDA Graph id 2972 reused
CUDA Graph id 2971 reused
CUDA Graph id 2972 reused
CUDA Graph id 2971 reused
CUDA Graph id 2972 reused
llama_perf_context_print:        load time =       8.07 ms
llama_perf_context_print: prompt eval time =     451.75 ms /   701 tokens (    0.64 ms per token,  1551.76 tokens per second)
llama_perf_context_print:        eval time =      38.35 ms /     5 runs   (    7.67 ms per token,   130.37 tokens per second)
llama_perf_context_print:       total time =     606.51 ms /   706 tokens
llama_perf_context_print:    graphs reused =          4
~llama_context:      CUDA0 compute buffer size is 700.0474 MiB, matches expectation of 700.0474 MiB
~llama_context:      CUDA1 compute buffer size is 696.0552 MiB, matches expectation of 696.0552 MiB
~llama_context:  CUDA_Host compute buffer size is 144.0625 MiB, matches expectation of 144.0625 MiB
