epoch,grad/last_mlp,grad/lm_head,grad/q_head,grad/total_norm,step,train/accuracy,train/early_halt_rate,train/exact_accuracy,train/lm_loss,train/lr,train/q_halt_accuracy,train/q_halt_loss,train/steps,val/accuracy,val/exact_accuracy,val/lm_loss,val/loss,val/q_halt_accuracy,val/q_halt_loss,val/steps
8644,0.08642655611038208,0.00651947408914566,0.015156432054936886,0.4177669584751129,21249,0.8533951044082642,1.0,0.5625,0.6990100467216355,6.564219802385196e-05,1.0,0.007512594573199749,9.453125,,,,,,,
8694,0.25117382407188416,0.007973756641149521,0.03400962054729462,1.0328538417816162,21299,0.8476283550262451,1.0,0.5657894611358643,0.711458879990059,6.548789679072797e-05,0.9605262875556946,0.01562580093741417,8.802631378173828,,,,,,,
8699,,,,,21304,,,,,,,,,0.8129147291183472,0.44739583134651184,0.4691585898399353,0.47179943323135376,0.999218761920929,0.005281702149659395,16.0
8744,0.09139877557754517,0.006394707132130861,0.009180618450045586,0.40458354353904724,21349,0.809739351272583,1.0,0.47777777910232544,0.6898688362921019,6.533342821057886e-05,1.0,0.0019496819004416466,10.533333778381348,,,,,,,
8794,0.10340532660484314,0.005560474004596472,0.010490519925951958,0.5291972756385803,21399,0.8937908411026001,1.0,0.6911764740943909,0.6778075955323525,6.517880683531985e-05,1.0,0.002603681292384863,7.455882549285889,,,,,,,
8799,,,,,21404,,,,,,,,,0.8182420134544373,0.4619791805744171,0.4579755663871765,0.45996391773223877,0.9997395873069763,0.003976711072027683,16.0
8844,0.11207259446382523,0.007145684212446213,0.025187378749251366,0.7022438645362854,21449,0.8332552313804626,1.0,0.5063291192054749,0.6955482451369566,6.502402538899332e-05,1.0,0.009510005824267864,10.39240550994873,,,,,,,
8894,0.1287907361984253,0.006178215146064758,0.015934938564896584,0.6462839841842651,21499,0.812732458114624,1.0,0.4457831382751465,0.6937152482378723,6.48690911475569e-05,0.9879518151283264,0.007308188360184431,11.710843086242676,,,,,,,
8899,,,,,21504,,,,,,,,,0.8216917514801025,0.4739583432674408,0.44897982478141785,0.4520736038684845,0.9997395873069763,0.0061875456012785435,16.0
8944,0.09194232523441315,0.005449778866022825,0.024357015267014503,0.6319376230239868,21549,0.8212281465530396,1.0,0.4675324559211731,0.6859994304254711,6.471400411101058e-05,1.0,0.011988287791609764,10.571428298950195,,,,,,,
8994,0.09366848319768906,0.005827812943607569,0.00934634730219841,0.5332459807395935,21599,0.8264123201370239,1.0,0.43939393758773804,0.6922808694817372,6.455875700339675e-05,1.0,0.002810847945511341,11.07575798034668,,,,,,,
8999,,,,,21604,,,,,,,,,0.8268614411354065,0.48776042461395264,0.43917930126190186,0.4413169324398041,0.9997395873069763,0.004275163169950247,16.0
9044,0.08003763854503632,0.006021876819431782,0.017477096989750862,0.4650421738624573,21649,0.8251507878303528,1.0,0.4883720874786377,0.6822043163707759,6.440336437663063e-05,1.0,0.008132658898830414,10.162790298461914,,,,,,,
9094,0.13150329887866974,0.006428961176425219,0.018845142796635628,1.0208210945129395,21699,0.8699796795845032,1.0,0.594936728477478,0.6884039768157919,6.424782623071223e-05,0.9746835231781006,0.01177472434937954,9.329113960266113,,,,,,,
9099,,,,,21704,,,,,,,,,0.8300089240074158,0.4971354305744171,0.433777391910553,0.43594223260879517,0.9997395873069763,0.004329684656113386,16.0
9144,0.09861859679222107,0.006256645545363426,0.024234753102064133,0.47706642746925354,21749,0.8476362228393555,1.0,0.5243902206420898,0.6807388990736483,6.409213528968394e-05,0.9756097793579102,0.006902559660375118,9.987804412841797,,,,,,,
9194,0.11500337719917297,0.006889121141284704,0.03773112595081329,0.5894826054573059,21799,0.8699156045913696,1.0,0.6000000238418579,0.6827186812112431,6.393629882950336e-05,0.9578947424888611,0.009456818923354149,9.0,,,,,,,
9199,,,,,21804,,,,,,,,,0.833712637424469,0.5101562738418579,0.42580026388168335,0.4286726713180542,0.9994791746139526,0.00574483023956418,16.0
9244,0.12347473949193954,0.0076063512824475765,0.01890815980732441,0.7571931481361389,21849,0.8516494035720825,1.0,0.5573770403862,0.6953376564646236,6.378032412612811e-05,0.9836065769195557,0.012191678397357464,9.540983200073242,,,,,,,
9294,0.06491679698228836,0.006078685168176889,0.01214572973549366,0.35471588373184204,21899,0.8258895874023438,1.0,0.4852941036224365,0.6950339703401452,6.362420390360057e-05,1.0,0.003698484506458044,10.632352828979492,,,,,,,
9299,,,,,21904,,,,,,,,,0.8355967402458191,0.5143229365348816,0.42178866267204285,0.4244726002216339,1.0,0.005367853678762913,16.0
9344,0.06621669977903366,0.0068421997129917145,0.006897112354636192,0.3122798800468445,21949,0.842475414276123,1.0,0.5063291192054749,0.687528838715965,6.346794543787837e-05,1.0,0.0019737803377211094,9.96202564239502,,,,,,,
9394,0.1333930641412735,0.005449831951409578,0.023028777912259102,0.8171172738075256,21999,0.8565157651901245,1.0,0.5777778029441833,0.6816396567456193,6.331154145300388e-05,0.9888888597488403,0.019916141405701637,9.333333015441895,,,,,,,
9399,,,,,22004,,,,,,,,,0.8381236791610718,0.522656261920929,0.41704124212265015,0.4191736876964569,0.9997395873069763,0.004264896269887686,16.0
9444,0.1785803884267807,0.008339791558682919,0.028258999809622765,0.8394595384597778,22049,0.8387010097503662,1.0,0.52173912525177,0.6846944598368341,6.315500650089234e-05,0.97826087474823,0.008094191551208496,10.684782981872559,,,,,,,
9494,0.1000666618347168,0.006702964659780264,0.01803317666053772,0.5352115631103516,22099,0.8559670448303223,1.0,0.5454545617103577,0.6813183060595669,6.299833330558613e-05,1.0,0.009560097008943558,10.282828330993652,,,,,,,
9499,,,,,22104,,,,,,,,,0.8408018350601196,0.5291666388511658,0.41345006227493286,0.4157423675060272,0.9997395873069763,0.004584638401865959,16.0
9544,0.13635671138763428,0.007001650985330343,0.02678525820374489,0.742393970489502,22149,0.8577398061752319,1.0,0.5538461804389954,0.6928271681654303,6.284152914304286e-05,1.0,0.011095797643065453,9.476922988891602,,,,,,,
9594,0.1764952391386032,0.006377480924129486,0.022274447605013847,1.0090935230255127,22199,0.8425173759460449,1.0,0.5243902206420898,0.6900833287731879,6.268458673730493e-05,0.9878048896789551,0.013267738744616508,10.292682647705078,,,,,,,
9599,,,,,22204,,,,,,,,,0.8439493179321289,0.5395833253860474,0.4071007966995239,0.4097723066806793,1.0,0.005342952441424131,16.0
9644,0.2750472128391266,0.0064078886061906815,0.028518639504909515,1.5067795515060425,22249,0.8304398059844971,1.0,0.484375,0.6963549699255337,6.252752064028755e-05,1.0,0.012593368999660015,9.734375,,,,,,,
9694,0.13871930539608002,0.006646858062595129,0.026558227837085724,0.9578140377998352,22299,0.8959650993347168,1.0,0.6585366129875183,0.6676243817557388,6.237032357603312e-05,1.0,0.00783648993819952,8.707317352294922,,,,,,,
9699,,,,,22304,,,,,,,,,0.8433932065963745,0.5361979007720947,0.4083346128463745,0.41156259179115295,0.9997395873069763,0.006456045433878899,16.0
9744,0.20977506041526794,0.008086176589131355,0.018268192186951637,1.2956901788711548,22349,0.906768798828125,1.0,0.7126436829566956,0.6771812096207933,6.221299554454163e-05,1.0,0.009264983236789703,9.206896781921387,,,,,,,
9794,0.09853917360305786,0.006413696333765984,0.015046004205942154,0.5950799584388733,22399,0.837803304195404,1.0,0.5517241358757019,0.6862578832561896,6.20555438217707e-05,1.0,0.006764987017959356,9.28735637664795,,,,,,,
9799,,,,,22404,,,,,,,,,0.8448045253753662,0.5434895753860474,0.40284737944602966,0.4060083329677582,0.9997395873069763,0.006321879103779793,16.0
9844,0.18937760591506958,0.007896523922681808,0.01802453026175499,1.1302142143249512,22449,0.8665716648101807,1.0,0.5641025900840759,0.6928479338876358,6.189796840772033e-05,1.0,0.00876927562057972,9.474358558654785,,,,,,,
9894,0.13735584914684296,0.005474445875734091,0.020058196038007736,0.8763499855995178,22499,0.8456008434295654,1.0,0.5189873576164246,0.695853050473958,6.174027657834813e-05,0.9873417615890503,0.01341613195836544,9.683544158935547,,,,,,,
9899,,,,,22504,,,,,,,,,0.8475244045257568,0.5494791865348816,0.40034136176109314,0.4027172923088074,1.0,0.004751910921186209,16.0
9944,0.2078290581703186,0.007152301725000143,0.04797711968421936,1.0996118783950806,22549,0.8832002282142639,1.0,0.6666666865348816,0.6645884517779661,6.158246105769649e-05,1.0,0.01984190009534359,9.196078300476074,,,,,,,
9994,0.06811172515153885,0.006413527298718691,0.005902397911995649,0.36785706877708435,22599,0.8776655197143555,1.0,0.6136363744735718,0.6727740824781746,6.142452184576541e-05,1.0,0.0010380074381828308,8.795454978942871,,,,,,,
9999,,,,,22604,,,,,,,,,0.8480902910232544,0.553906261920929,0.39623504877090454,0.39874014258384705,1.0,0.005010133143514395,16.0
10044,0.1570146679878235,0.0053570992313325405,0.02000921592116356,0.8428425192832947,22649,0.8608641624450684,1.0,0.5799999833106995,0.6691961186530323,6.126647349447012e-05,0.9900000095367432,0.008153398521244526,9.779999732971191,,,,,,,
10094,0.08025329560041428,0.005917978007346392,0.013246672227978706,0.4379718601703644,22699,0.8734567761421204,1.0,0.5972222089767456,0.6907437840470282,6.110830145189539e-05,0.9722222089767456,0.006638572551310062,7.972222328186035,,,,,,,
10099,,,,,22704,,,,,,,,,0.8506526947021484,0.5611979365348816,0.39308300614356995,0.39552435278892517,1.0,0.0048826695419847965,16.0
10144,0.17998412251472473,0.0060180858708918095,0.03626801073551178,1.11720609664917,22749,0.8644689321517944,1.0,0.5714285969734192,0.6650031183451925,6.095002026995644e-05,0.9780219793319702,0.011936694383621216,9.604395866394043,,,,,,,
10194,0.11457166820764542,0.005912272725254297,0.020536284893751144,0.6272956132888794,22799,0.8777777552604675,1.0,0.6222222447395325,0.682710221345362,6.079162994865328e-05,0.9888888597488403,0.008806632831692696,8.911110877990723,,,,,,,
10199,,,,,22804,,,,,,,,,0.8516396880149841,0.5645833611488342,0.3905036151409149,0.392699658870697,1.0,0.00439199386164546,16.0
10244,0.250720351934433,0.00880267284810543,0.029767580330371857,1.0150614976882935,22849,0.8590753674507141,1.0,0.5957446694374084,0.6934321231381368,6.06331268500071e-05,0.9893617033958435,0.005922322627156973,10.297872543334961,,,,,,,
10294,0.09734408557415009,0.006222980562597513,0.01860087178647518,0.5053849816322327,22899,0.8762306571006775,1.0,0.6202531456947327,0.6752956902098913,6.047451461199671e-05,0.9873417615890503,0.00527286296710372,8.94936752319336,,,,,,,
10299,,,,,22904,,,,,,,,,0.852289080619812,0.5651041865348816,0.38990098237991333,0.3930271863937378,0.999218761920929,0.00625236751511693,16.0
10344,0.09853413701057434,0.0053425501100718975,0.010657609440386295,0.4770054221153259,22949,0.8812105059623718,1.0,0.6219512224197388,0.6792786232237097,6.0315793234622106e-05,1.0,0.00500316359102726,9.317072868347168,,,,,,,
10394,0.18286658823490143,0.008982975035905838,0.05484604462981224,1.2406772375106812,22999,0.9312999248504639,1.0,0.800000011920929,0.6662252016594612,6.01569699938409e-05,1.0,0.02094869129359722,7.235294342041016,,,,,,,
10399,,,,,23004,,,,,,,,,0.8533307313919067,0.5708333253860474,0.3883346617221832,0.39124345779418945,0.9997395873069763,0.005817570257931948,16.0
10444,0.1167006865143776,0.005347898695617914,0.018362008035182953,0.7180218696594238,23049,0.8725566267967224,1.0,0.5833333134651184,0.6646235384383925,5.99980448896531e-05,1.0,0.00835048221051693,9.302083015441895,,,,,,,
10494,0.11436664313077927,0.005917803384363651,0.019173406064510345,0.6674030423164368,23099,0.8793253302574158,1.0,0.6619718074798584,0.6724221286604677,5.9839014284079894e-05,1.0,0.007927341386675835,8.661972045898438,,,,,,,
10499,,,,,23104,,,,,,,,,0.8562597036361694,0.5778645873069763,0.3826967477798462,0.38600435853004456,0.9997395873069763,0.006615119054913521,16.0
10544,0.38985249400138855,0.005159889347851276,0.05013521760702133,2.1705493927001953,23149,0.8697111010551453,1.0,0.6407766938209534,0.6602131160485009,5.9679885453078896e-05,1.0,0.01906471699476242,9.077670097351074,,,,,,,
10594,0.1722826510667801,0.00800346676260233,0.024254443123936653,0.6410332322120667,23199,0.8758170008659363,1.0,0.6470588445663452,0.6841066295766778,5.9520658396650106e-05,0.9882352948188782,0.004403956234455109,9.235294342041016,,,,,,,
10599,,,,,23204,,,,,,,,,0.8572658896446228,0.585156261920929,0.3807664215564728,0.38327422738075256,1.0,0.0050156740471720695,16.0
10644,0.25280413031578064,0.005823215469717979,0.014477070420980453,1.3761826753616333,23249,0.8801097273826599,1.0,0.6222222447395325,0.6676743777618684,5.9361333114793524e-05,1.0,0.006968182977288961,9.399999618530273,,,,,,,
10694,0.16907723248004913,0.006735804956406355,0.024081407114863396,0.8610508441925049,23299,0.8439450860023499,1.0,0.5393258333206177,0.6890144331694238,5.9201916883466765e-05,1.0,0.008146699517965317,9.955056190490723,,,,,,,
10699,,,,,23304,,,,,,,,,0.8591949343681335,0.5877603888511658,0.3801378309726715,0.3840433657169342,0.9994791746139526,0.007811065297573805,16.0
10744,0.12856757640838623,0.006936847697943449,0.02980468049645424,0.7244115471839905,23349,0.8891487717628479,1.0,0.6315789222717285,0.671178833275079,5.9042402426712215e-05,1.0,0.016836224123835564,9.263157844543457,,,,,,,
10794,0.05935053899884224,0.005689875688403845,0.0074406214989721775,0.29578885436058044,23399,0.8481064438819885,1.0,0.5393258333206177,0.6722746454839342,5.8882800658466294e-05,1.0,0.002020003041252494,9.752808570861816,,,,,,,
10799,,,,,23404,,,,,,,,,0.8584393858909607,0.5885416865348816,0.3791292905807495,0.382440447807312,0.9997395873069763,0.006622305139899254,16.0
10844,0.07791735231876373,0.006542626768350601,0.005412767641246319,0.3640318512916565,23449,0.8780864477157593,1.0,0.6363636255264282,0.6727170527280573,5.8723107940750197e-05,1.0,0.0014889226295053959,8.715909004211426,,,,,,,
10894,0.32430458068847656,0.006471382454037666,0.034422505646944046,1.503793478012085,23499,0.8811559081077576,1.0,0.6373626589775085,0.6631897663176272,5.856332427356392e-05,1.0,0.014268814586102962,7.934065818786621,,,,,,,
10899,,,,,23504,,,,,,,,,0.8603877425193787,0.5942708253860474,0.3748101592063904,0.37691038846969604,0.9997395873069763,0.004200523253530264,16.0
10944,0.24646981060504913,0.006870084907859564,0.022674283012747765,1.5050352811813354,23549,0.866219699382782,1.0,0.6034482717514038,0.6778188910615672,5.840345693286508e-05,0.9913793206214905,0.016419146209955215,9.362069129943848,,,,,,,
10994,0.13326232135295868,0.006123029161244631,0.017575902864336967,0.7607336640357971,23599,0.8919434547424316,1.0,0.6494845151901245,0.6582799738619733,5.824350591865368e-05,1.0,0.011003172025084496,9.505154609680176,,,,,,,
10999,,,,,23604,,,,,,,,,0.8622139096260071,0.5992187261581421,0.3704626262187958,0.37265345454216003,1.0,0.004381611943244934,16.0
11044,0.12274028360843658,0.007837026380002499,0.014512177556753159,0.7605295777320862,23649,0.8804191946983337,1.0,0.604651153087616,0.6773894662516684,5.808347123092972e-05,1.0,0.009723781608045101,9.220930099487305,,,,,,,
11094,0.08839692920446396,0.006064543500542641,0.006882603280246258,0.4487742483615875,23699,0.9032695889472961,1.0,0.7142857313156128,0.6681368463379149,5.792335286969319e-05,1.0,0.0018259630305692554,7.901098728179932,,,,,,,
11099,,,,,23704,,,,,,,,,0.8635352253913879,0.6026041507720947,0.36816781759262085,0.3712386190891266,0.9997395873069763,0.006141482852399349,16.0
11144,0.14294065535068512,0.005582929588854313,0.01530142966657877,0.8353025317192078,23749,0.8204669952392578,1.0,0.4337349534034729,0.686385047772951,5.776315811090171e-05,0.9759036302566528,0.017011474817991257,11.265060424804688,,,,,,,
11194,0.05376068875193596,0.0057300240732729435,0.007930138148367405,0.2900359630584717,23799,0.9221620559692383,1.0,0.7439024448394775,0.6637192723412659,5.760288331657648e-05,1.0,0.001356623601168394,7.792683124542236,,,,,,,
11199,,,,,23804,,,,,,,,,0.8671681880950928,0.6148437261581421,0.3635854423046112,0.3666671812534332,0.9994791746139526,0.006163506768643856,16.0
11244,0.11822134256362915,0.005448174197226763,0.013196096755564213,0.6876028180122375,23849,0.8948148488998413,1.0,0.6800000071525574,0.670239288280496,5.7442535762675107e-05,0.9866666793823242,0.010563468560576439,8.146666526794434,,,,,,,
11294,0.10162488371133804,0.0050467560067772865,0.015367483720183372,0.5344765782356262,23899,0.896486222743988,1.0,0.6813187003135681,0.6723588043535896,5.728211181121878e-05,1.0,0.0042724572122097015,8.758241653442383,,,,,,,
11299,,,,,23904,,,,,,,,,0.8667824864387512,0.6151041388511658,0.3622957468032837,0.3651728928089142,0.9994791746139526,0.005754268262535334,16.0
11344,0.24636752903461456,0.005992134567350149,0.021856091916561127,1.3978307247161865,23949,0.8618334531784058,1.0,0.5744680762290955,0.672225035222682,5.712161510018632e-05,0.978723406791687,0.010129529982805252,9.659574508666992,,,,,,,
11394,0.1306552141904831,0.006828499026596546,0.02460029534995556,0.7410334348678589,23999,0.8812524080276489,1.0,0.6391752362251282,0.6815868743830081,5.696104562957771e-05,1.0,0.010629023425281048,8.814433097839355,,,,,,,
11399,,,,,24004,,,,,,,,,0.8675218820571899,0.6143229007720947,0.36196810007095337,0.3651253581047058,0.9994791746139526,0.006314525380730629,16.0
11444,0.14340730011463165,0.006355672143399715,0.02381228841841221,0.8920637369155884,24049,0.8974359631538391,1.0,0.6703296899795532,0.6710376660831896,5.680041067535058e-05,0.9890109896659851,0.013098606839776039,8.934065818786621,,,,,,,
11494,0.16347892582416534,0.008163237012922764,0.024146175011992455,0.6303874254226685,24099,0.8550069332122803,1.0,0.5555555820465088,0.6833093302141552,5.663970659952611e-05,0.9888888597488403,0.005807617679238319,9.899999618530273,,,,,,,
11499,,,,,24104,,,,,,,,,0.8686407208442688,0.6195312738418579,0.3589182198047638,0.36316144466400146,0.9994791746139526,0.008486388251185417,16.0
11544,0.10996656864881516,0.005881203804165125,0.021389290690422058,0.5077022314071655,24149,0.8606702089309692,1.0,0.5833333134651184,0.6823854410190517,5.647893704008311e-05,0.976190447807312,0.0075224912725389,8.690476417541504,,,,,,,
11594,0.1977997124195099,0.006681004539132118,0.01765025593340397,1.047050952911377,24199,0.8961727619171143,1.0,0.6399999856948853,0.6658323785287681,5.6318101997021586e-05,0.9800000190734863,0.009634332731366158,9.5600004196167,,,,,,,
11599,,,,,24204,,,,,,,,,0.8691937327384949,0.6197916865348816,0.3597349226474762,0.36261945962905884,0.9997395873069763,0.005769060458987951,16.0
11644,0.1471395492553711,0.00636254670098424,0.03480308875441551,0.9725306630134583,24249,0.8856738209724426,1.0,0.6770833134651184,0.6622730543159456,5.615720510832034e-05,1.0,0.011699589900672436,8.041666984558105,,,,,,,
11694,0.08913647383451462,0.007346418220549822,0.021552816033363342,0.43373146653175354,24299,0.8864734768867493,1.0,0.6739130616188049,0.6680080596119449,5.5996246373979375e-05,1.0,0.01388239860534668,9.1304349899292,,,,,,,
11699,,,,,24304,,,,,,,,,0.8697306513786316,0.6221354007720947,0.35900789499282837,0.36224082112312317,0.9997395873069763,0.006465887650847435,16.0
11744,0.1349305957555771,0.0067032636143267155,0.02722645364701748,0.7950766086578369,24349,0.9176453351974487,1.0,0.7317073345184326,0.6696487000889975,5.58352330699563e-05,0.9756097793579102,0.005746315699070692,7.4146342277526855,,,,,,,
11794,0.16130030155181885,0.006624546833336353,0.018484415486454964,0.9818934798240662,24399,0.8583053350448608,1.0,0.5681818127632141,0.671166071762828,5.567415792029351e-05,1.0,0.007367999758571386,9.204545021057129,,,,,,,
11799,,,,,24404,,,,,,,,,0.8718685507774353,0.6276041865348816,0.3545316755771637,0.3574903607368469,0.9997395873069763,0.005917394068092108,16.0
11844,0.0654212236404419,0.005577418953180313,0.006755041424185038,0.36702761054039,24449,0.9009746313095093,1.0,0.7157894968986511,0.655907752937013,5.551303183892742e-05,1.0,0.0019489250844344497,8.06315803527832,,,,,,,
11894,0.07368215918540955,0.005894761998206377,0.005186506547033787,0.3662221133708954,24499,0.8757309913635254,1.0,0.6184210777282715,0.683449290426388,5.535184754990041e-05,1.0,0.001670868950895965,9.039473533630371,,,,,,,
11899,,,,,24504,,,,,,,,,0.8751382231712341,0.639843761920929,0.34903302788734436,0.35217398405075073,0.9997395873069763,0.00628196494653821,16.0
11944,0.15466952323913574,0.005157478619366884,0.015065038576722145,0.9214057326316833,24549,0.8892014622688293,1.0,0.6582278609275818,0.6695015235660209,5.5190615967148915e-05,1.0,0.0035785245709121227,8.531645774841309,,,,,,,
11994,0.22191239893436432,0.006411214359104633,0.04842057451605797,0.9568953514099121,24599,0.9009800553321838,1.0,0.7010309100151062,0.660778141692743,5.502932981471531e-05,0.9793814420700073,0.021763702854514122,7.268041133880615,,,,,,,
11999,,,,,24604,,,,,,,,,0.8755658268928528,0.641406238079071,0.34619349241256714,0.3491693437099457,0.9997395873069763,0.005951610393822193,16.0
12044,0.2043769359588623,0.006748353596776724,0.011591212823987007,0.867621660232544,24649,0.9152336716651917,1.0,0.75,0.6512952258301301,5.4867996368557215e-05,0.9910714030265808,0.006150825880467892,7.535714149475098,,,,,,,
12094,0.18251711130142212,0.007316322531551123,0.0289144404232502,1.0139330625534058,24699,0.9044753313064575,1.0,0.6875,0.6665063251166844,5.4706619266653433e-05,0.9750000238418579,0.014841078780591488,7.912499904632568,,,,,,,
12099,,,,,24704,,,,,,,,,0.874334454536438,0.635937511920929,0.34843742847442627,0.35078585147857666,1.0,0.004696936346590519,16.0
12144,0.11396365612745285,0.005883492063730955,0.013374725356698036,0.6724916100502014,24749,0.819753110408783,1.0,0.46000000834465027,0.6782501549041676,5.454519487102516e-05,1.0,0.0073848143219947815,10.350000381469727,,,,,,,
12194,0.18034687638282776,0.007170535624027252,0.024730797857046127,1.2873077392578125,24799,0.8969404697418213,1.0,0.70652174949646,0.6629845781803411,5.43837268196512e-05,1.0,0.014259448274970055,7.91304349899292,,,,,,,
12199,,,,,24804,,,,,,,,,0.8763406276702881,0.6421874761581421,0.34581273794174194,0.34791988134384155,1.0,0.004214324988424778,16.0
12244,0.13789716362953186,0.007190168369561434,0.031356822699308395,0.9874773621559143,24849,0.8899828791618347,1.0,0.6582278609275818,0.6824657304636732,5.422221511253156e-05,1.0,0.012867376208305359,8.303797721862793,,,,,,,
12294,0.11183394491672516,0.007044434547424316,0.014396099373698235,0.7587429285049438,24899,0.8748970627784729,1.0,0.6333333253860474,0.6630143051710495,5.406066702562384e-05,0.9888888597488403,0.006866748444736004,8.522222518920898,,,,,,,
12299,,,,,24904,,,,,,,,,0.8775848746299744,0.6466146111488342,0.34252265095710754,0.3449159562587738,1.0,0.004786550998687744,16.0
12344,0.1934169977903366,0.006201675161719322,0.028070906177163124,0.8734589219093323,24949,0.8865919709205627,1.0,0.6744186282157898,0.6747008990965153,5.389907892094925e-05,0.9767441749572754,0.009774338454008102,7.860465049743652,,,,,,,
12394,0.25056713819503784,0.006695245858281851,0.016832362860441208,1.521791934967041,24999,0.9085460901260376,1.0,0.6990291476249695,0.6456620217720732,5.373745443648659e-05,0.9902912378311157,0.015789695084095,8.038834571838379,,,,,,,
12399,,,,,25004,,,,,,,,,0.8780800104141235,0.6481770873069763,0.34090086817741394,0.3433113098144531,1.0,0.004820977803319693,16.0
12444,0.15060703456401825,0.005941992625594139,0.016375595703721046,0.9055627584457397,25049,0.8944512605667114,1.0,0.6593406796455383,0.6632958475303294,5.357579721021466e-05,0.9780219793319702,0.009427597746253014,8.032966613769531,,,,,,,
12494,0.11772490292787552,0.005202121566981077,0.026118502020835876,0.4842587113380432,25099,0.9007306098937988,1.0,0.6836734414100647,0.6515354364253253,5.341410360415466e-05,1.0,0.004345206543803215,8.5,,,,,,,
12499,,,,,25104,,,,,,,,,0.8792213201522827,0.6526041626930237,0.3386562466621399,0.340839684009552,0.9997395873069763,0.004366885405033827,16.0
12544,0.09107271581888199,0.005029213149100542,0.01475271862000227,0.41217032074928284,25149,0.8928034901618958,1.0,0.6829268336296082,0.6763819749276286,5.3252380894264206e-05,1.0,0.0022273785434663296,8.02439022064209,,,,,,,
12594,0.1090046763420105,0.005432029254734516,0.01859312132000923,0.6500170230865479,25199,0.9201809167861938,1.0,0.7623762488365173,0.6446680002192493,5.3090629080543295e-05,0.9900990128517151,0.012775436043739319,7.029703140258789,,,,,,,
12599,,,,,25204,,,,,,,,,0.8793917298316956,0.6526041626930237,0.3377380669116974,0.3397689461708069,1.0,0.004061804618686438,16.0
12644,0.1345282942056656,0.00557733653113246,0.013690720312297344,0.9300218224525452,25249,0.874134361743927,1.0,0.6219512224197388,0.6713810612822864,5.2928848162991926e-05,0.9878048896789551,0.005322325974702835,7.963414669036865,,,,,,,
12694,0.34429237246513367,0.005869064014405012,0.03493975102901459,1.8843607902526855,25299,0.8924162983894348,1.0,0.6785714030265808,0.670513595042991,5.2767045417567715e-05,1.0,0.015676036477088928,8.119047164916992,,,,,,,
12699,,,,,25304,,,,,,,,,0.8834716081619263,0.6640625,0.3341251611709595,0.33643147349357605,1.0,0.0046125734224915504,16.0
12744,0.12783636152744293,0.007053996901959181,0.018773043528199196,0.8094170093536377,25349,0.9184436798095703,1.0,0.7676767706871033,0.6610158161523667,5.260521356831305e-05,0.9898989796638489,0.020009081810712814,7.323232173919678,,,,,,,
12794,0.10099659860134125,0.005827142391353846,0.012605447322130203,0.5003497004508972,25399,0.8944387435913086,1.0,0.6697247624397278,0.6519537003441576,5.244335989118554e-05,0.9908257126808167,0.004970295820385218,8.018348693847656,,,,,,,
12799,,,,,25404,,,,,,,,,0.8821437358856201,0.6583333611488342,0.3363156318664551,0.3384300768375397,1.0,0.004228904843330383,16.0
12844,0.1411498486995697,0.005640001036226749,0.02021276019513607,0.7557820081710815,25449,0.8617571592330933,1.0,0.5813953280448914,0.6701838984729399,5.228148802416399e-05,0.9767441749572754,0.006006493233144283,9.139534950256348,,,,,,,
12894,0.12062482535839081,0.0068498109467327595,0.01863660104572773,0.48957666754722595,25499,0.9031550288200378,1.0,0.6888889074325562,0.669594578180893,5.21195943292696e-05,0.9888888597488403,0.0033116580452769995,8.45555591583252,,,,,,,
12899,,,,,25504,,,,,,,,,0.8823785185813904,0.660937488079071,0.33424147963523865,0.3362449109554291,1.0,0.004006790462881327,16.0
12944,0.08364930748939514,0.006383843254297972,0.005410808138549328,0.3887160122394562,25549,0.878387987613678,1.0,0.5977011322975159,0.6645851879655643,5.1957686082459986e-05,1.0,0.0014145824825391173,9.390804290771484,,,,,,,
12994,0.10986272990703583,0.006467952858656645,0.010398655198514462,0.4562017023563385,25599,0.93586266040802,1.0,0.8048780560493469,0.6516236161120953,5.1795759645756334e-05,1.0,0.002986780134961009,6.097560882568359,,,,,,,
12999,,,,,25604,,,,,,,,,0.8826646208763123,0.663281261920929,0.3331364691257477,0.3354005515575409,1.0,0.00452816067263484,16.0
13044,0.248238205909729,0.005967777222394943,0.049566492438316345,1.110378623008728,25649,0.8821433186531067,1.0,0.6288659572601318,0.665270616445191,5.1633818657137454e-05,0.969072163105011,0.01750221475958824,8.391752243041992,,,,,,,
13094,0.11979353427886963,0.007079523988068104,0.01832479052245617,0.6017032265663147,25699,0.9032502174377441,1.0,0.6938775777816772,0.6551407433840737,5.147186675458215e-05,1.0,0.003110370598733425,8.540816307067871,,,,,,,
13099,,,,,25704,,,,,,,,,0.8820151686668396,0.660937488079071,0.3347635567188263,0.3366624414920807,1.0,0.0037977753672748804,16.0
13144,0.13714411854743958,0.005399765912443399,0.013890283182263374,0.7519633769989014,25749,0.9142725467681885,1.0,0.7289719581604004,0.6550935241653517,5.130990393809043e-05,0.9906542301177979,0.0063028051517903805,7.3271026611328125,,,,,,,
13194,0.17362146079540253,0.007678629830479622,0.026026034727692604,0.9090781211853027,25799,0.8912529349327087,1.0,0.6808510422706604,0.6657062940712858,5.114793384564109e-05,0.9893617033958435,0.013858082704246044,8.180850982666016,,,,,,,
13199,,,,,25804,,,,,,,,,0.884735107421875,0.6664062738418579,0.33012285828590393,0.33219003677368164,1.0,0.004134343937039375,16.0
13244,0.13238383829593658,0.005920920055359602,0.006278680171817541,0.634143590927124,25849,0.9043209552764893,1.0,0.7099999785423279,0.6471903912554102,5.098595647723414e-05,1.0,0.0021554171107709408,8.5600004196167,,,,,,,
13294,0.2936031222343445,0.005758280865848064,0.04111131653189659,1.5743703842163086,25899,0.8871251940727234,1.0,0.6571428775787354,0.6593150872974665,5.082397547084838e-05,1.0,0.020065614953637123,8.628571510314941,,,,,,,
13299,,,,,25904,,,,,,,,,0.8853619694709778,0.6721354126930237,0.3280788064002991,0.3302008807659149,1.0,0.0042441426776349545,16.0
13344,0.15308240056037903,0.005830761510878801,0.022552944719791412,1.0218539237976074,25949,0.8724279999732971,1.0,0.6321839094161987,0.6808077075581052,5.066198718850501e-05,1.0,0.00865076296031475,8.517241477966309,,,,,,,
13394,0.19367408752441406,0.005499082617461681,0.029798954725265503,1.0062178373336792,25999,0.9208360910415649,1.0,0.780701756477356,0.630398781953066,5.0499998906161636e-05,1.0,0.008994819596409798,7.166666507720947,,,,,,,
13399,,,,,26004,,,,,,,,,0.8858185410499573,0.6705729365348816,0.3293570578098297,0.3312220573425293,1.0,0.003730101976543665,16.0
13444,0.07094498723745346,0.00593855045735836,0.002301180502399802,0.32467785477638245,26049,0.8716301321983337,1.0,0.581632673740387,0.6706657558075403,5.0338010623818263e-05,1.0,0.00043874792754650116,8.591836929321289,,,,,,,
13494,0.10250303149223328,0.006882136221975088,0.012032551690936089,0.45372551679611206,26099,0.9155502915382385,1.0,0.7340425252914429,0.6587612725933356,5.01760259794537e-05,0.9893617033958435,0.0025637547951191664,7.287233829498291,,,,,,,
13499,,,,,26104,,,,,,,,,0.8851433396339417,0.6713541746139526,0.3283710181713104,0.33050692081451416,1.0,0.004271801095455885,16.0
13544,0.28872406482696533,0.007146005984395742,0.02228107862174511,1.5108578205108643,26149,0.9270482659339905,1.0,0.7777777910232544,0.6437622525040014,5.001404133508913e-05,0.9898989796638489,0.01651611551642418,6.535353660583496,,,,,,,
13594,0.21282438933849335,0.0061561004258692265,0.01168578490614891,0.9280080795288086,26199,0.9069135785102844,1.0,0.699999988079071,0.6670915500636212,4.985206396668218e-05,1.0,0.007553771138191223,7.849999904632568,,,,,,,
13599,,,,,26204,,,,,,,,,0.8858957290649414,0.6742187738418579,0.32675158977508545,0.3288816511631012,1.0,0.0042601898312568665,16.0
13644,0.39932698011398315,0.005946521647274494,0.04850591719150543,2.032090425491333,26249,0.8923988938331604,1.0,0.6764705777168274,0.6521942747915612,4.9690093874232844e-05,1.0,0.014396898448467255,8.901960372924805,,,,,,,
13694,0.15624231100082397,0.007451523095369339,0.03222809359431267,0.8825626373291016,26299,0.9151955842971802,1.0,0.7663551568984985,0.6536129488709037,4.952813105774112e-05,1.0,0.02087746374309063,7.4485979080200195,,,,,,,
13699,,,,,26304,,,,,,,,,0.8857510089874268,0.6729166507720947,0.32650846242904663,0.3285035192966461,0.9997395873069763,0.003990070894360542,16.0
13744,0.11330974102020264,0.005949255079030991,0.011406983248889446,0.7008145451545715,26349,0.8867102861404419,1.0,0.6470588445663452,0.6709846693441726,4.936617915518582e-05,1.0,0.0025364335160702467,8.764705657958984,,,,,,,
13794,0.21248896420001984,0.010004098527133465,0.01677258126437664,0.8416464924812317,26399,0.8956552743911743,1.0,0.682692289352417,0.6712017531912329,4.9204241804545745e-05,0.9903846383094788,0.009155282750725746,7.961538314819336,,,,,,,
13799,,,,,26404,,,,,,,,,0.8878955245018005,0.6807291507720947,0.32314884662628174,0.32513412833213806,1.0,0.003970594145357609,16.0
13844,0.13571694493293762,0.0047734687104821205,0.019153187051415443,0.750582218170166,26449,0.9014945030212402,1.0,0.6842105388641357,0.6400144422699484,4.904231536784209e-05,0.9894737005233765,0.01408451423048973,7.157894611358643,,,,,,,
13894,0.1224450096487999,0.006007338408380747,0.014118644408881664,0.6949750781059265,26499,0.8731284737586975,1.0,0.6276595592498779,0.658946921224785,4.8880407121032476e-05,0.9893617033958435,0.008207472041249275,8.595745086669922,,,,,,,
13899,,,,,26504,,,,,,,,,0.8877829313278198,0.6791666746139526,0.32395851612091064,0.32617858052253723,1.0,0.004440062213689089,16.0
13944,0.22981597483158112,0.0064621251076459885,0.02963184006512165,1.2228643894195557,26549,0.8953734636306763,1.0,0.6666666865348816,0.6515559782865517,4.871851342613809e-05,1.0,0.021558713167905807,8.808080673217773,,,,,,,
13994,0.1528741866350174,0.005234581883996725,0.02518405020236969,0.8275223970413208,26599,0.8962264060974121,1.0,0.6792452931404114,0.6551937326156082,4.8556637921137735e-05,0.9811320900917053,0.00587830413132906,8.330188751220703,,,,,,,
13999,,,,,26604,,,,,,,,,0.8879662156105042,0.678906261920929,0.3218325078487396,0.32421448826789856,1.0,0.004763984587043524,16.0
14044,0.10078322142362595,0.004391746129840612,0.01550704799592495,0.4831656813621521,26649,0.9033982753753662,1.0,0.7113401889801025,0.6503582596320403,4.839478788198903e-05,1.0,0.002803440671414137,8.659793853759766,,,,,,,
14094,0.17748519778251648,0.0068139792419970036,0.02267220988869667,1.1851788759231567,26699,0.8812681436538696,1.0,0.654321014881134,0.6738592164576943,4.8232956032734364e-05,0.9876543283462524,0.004371134098619223,8.123456954956055,,,,,,,
14099,,,,,26704,,,,,,,,,0.8916184902191162,0.6877604126930237,0.32004615664482117,0.32210779190063477,1.0,0.004123211372643709,16.0
14144,0.19857247173786163,0.005272532347589731,0.02826697751879692,1.294238567352295,26749,0.9326308965682983,1.0,0.8103448152542114,0.6419822324925999,4.8071149649331346e-05,1.0,0.01245330274105072,6.629310131072998,,,,,,,
14194,0.1458640843629837,0.006064608693122864,0.018927985802292824,1.1512675285339355,26799,0.9063180685043335,1.0,0.7254902124404907,0.6493189768967133,4.790936873177998e-05,0.9901960492134094,0.007367155514657497,8.264705657958984,,,,,,,
14199,,,,,26804,,,,,,,,,0.8906571865081787,0.6872395873069763,0.3189355134963989,0.32109126448631287,1.0,0.00431154016405344,16.0
14244,0.1568131446838379,0.007834644056856632,0.023270398378372192,0.9019418954849243,26849,0.916610598564148,1.0,0.7363636493682861,0.6409231224928997,4.7747616918059066e-05,1.0,0.013372182846069336,8.136363983154297,,,,,,,
14294,0.1151149645447731,0.005705255549401045,0.027016473934054375,0.5900807976722717,26899,0.9086199402809143,1.0,0.7142857313156128,0.6335281708499958,4.758589420816861e-05,0.9910714030265808,0.004922730382531881,8.616071701049805,,,,,,,
14299,,,,,26904,,,,,,,,,0.8883777260780334,0.680468738079071,0.32117030024528503,0.3233639597892761,1.0,0.004387276712805033,16.0
14344,0.20676010847091675,0.00717074004933238,0.013862320221960545,0.9597606658935547,26949,0.8870076537132263,1.0,0.6761904954910278,0.667308598494935,4.742420424008742e-05,0.9904761910438538,0.004316375590860844,8.485713958740234,,,,,,,
14394,0.23809564113616943,0.008149268105626106,0.026209356263279915,1.5058448314666748,26999,0.9193041920661926,1.0,0.7181817889213562,0.6382816394801532,4.7262543375836685e-05,0.9909090995788574,0.01828683540225029,7.854545593261719,,,,,,,
14399,,,,,27004,,,,,,,,,0.8900302052497864,0.6846354007720947,0.31935733556747437,0.3214449882507324,0.9997395873069763,0.004175379406660795,16.0
14444,0.07422825694084167,0.005606151185929775,0.0055474285036325455,0.354690819978714,27049,0.8799858093261719,1.0,0.6538461446762085,0.6437235618503212,4.710092252935283e-05,1.0,0.0014947038143873215,8.201923370361328,,,,,,,
14494,0.07345057278871536,0.005010406486690044,0.005703011993318796,0.40352287888526917,27099,0.9111344218254089,1.0,0.7358490824699402,0.64888288210711,4.6939334424678236e-05,1.0,0.001270498614758253,8.179244995117188,,,,,,,
14499,,,,,27104,,,,,,,,,0.8890174031257629,0.6812499761581421,0.3217848539352417,0.3247883915901184,0.9997395873069763,0.006007030140608549,16.0
14544,0.13942544162273407,0.0068217054940760136,0.02478533610701561,0.847953200340271,27149,0.9096519947052002,1.0,0.7386363744735718,0.6576209488882718,4.6777782699791715e-05,1.0,0.008358476683497429,7.261363506317139,,,,,,,
14594,0.07792086899280548,0.005003512836992741,0.007857223972678185,0.44895532727241516,27199,0.8853801488876343,1.0,0.6842105388641357,0.6470970670393493,4.661627463065088e-05,1.0,0.001567119499668479,7.884210586547852,,,,,,,
14599,,,,,27204,,,,,,,,,0.8904545903205872,0.684374988079071,0.320239394903183,0.32336723804473877,0.9994791746139526,0.006255643907934427,16.0
14644,0.14592194557189941,0.005922237411141396,0.014797146432101727,0.9136176109313965,27249,0.936236560344696,1.0,0.8131868243217468,0.6449249466567749,4.645480657927692e-05,0.9890109896659851,0.004761352203786373,6.329670429229736,,,,,,,
14694,0.19230659306049347,0.005344260483980179,0.00863619614392519,0.9417339563369751,27299,0.894361674785614,1.0,0.7010309100151062,0.6518996623976276,4.6293382183648646e-05,1.0,0.003709267359226942,8.030927658081055,,,,,,,
14699,,,,,27304,,,,,,,,,0.8920621275901794,0.692187488079071,0.3169707655906677,0.3191975951194763,1.0,0.004453705623745918,16.0
14744,0.14395256340503693,0.0053993514738976955,0.014337323606014252,0.7422384023666382,27349,0.9077381491661072,1.0,0.7232142686843872,0.6379072946097648,4.613200144376606e-05,0.9910714030265808,0.006894062273204327,7.455357074737549,,,,,,,
14794,0.21888700127601624,0.00568871945142746,0.015734130516648293,1.4550859928131104,27399,0.9200311899185181,1.0,0.7747747898101807,0.6528808068468177,4.597067163558677e-05,1.0,0.008145073428750038,6.963963985443115,,,,,,,
14799,,,,,27404,,,,,,,,,0.8932324051856995,0.6950520873069763,0.31523406505584717,0.31812581419944763,0.9997395873069763,0.005783483851701021,16.0
14844,0.12167800217866898,0.0051154023967683315,0.010736042633652687,0.8043990731239319,27449,0.893203854560852,1.0,0.6796116232872009,0.6597877288156686,4.5809385483153164e-05,0.9902912378311157,0.00543549470603466,7.902912616729736,,,,,,,
14894,0.24452118575572968,0.00884067453444004,0.018180839717388153,1.0795737504959106,27499,0.9441975355148315,1.0,0.8199999928474426,0.6532183207208728,4.564815026242286e-05,0.9900000095367432,0.010686367750167847,6.260000228881836,,,,,,,
14899,,,,,27504,,,,,,,,,0.8910782933235168,0.6893228888511658,0.31756392121315,0.3206549286842346,0.9997395873069763,0.006182047538459301,16.0
14944,0.17025434970855713,0.0074710664339363575,0.018450003117322922,0.9400808811187744,27549,0.8618977665901184,1.0,0.6176470518112183,0.6643253213449083,4.548696961137466e-05,0.9901960492134094,0.01132945902645588,9.450980186462402,,,,,,,
14994,0.08716325461864471,0.005281943827867508,0.012714832089841366,0.5160287618637085,27599,0.9227833151817322,1.0,0.7727272510528564,0.6459532560486464,4.532583989202976e-05,1.0,0.0035296734422445297,7.0545454025268555,,,,,,,
14999,,,,,27604,,,,,,,,,0.8926375508308411,0.6937500238418579,0.3151649832725525,0.31712237000465393,1.0,0.003914755769073963,16.0
15044,0.17053769528865814,0.007373458240181208,0.012403579428792,0.6882080435752869,27649,0.9138428568840027,1.0,0.7553191781044006,0.6581683650678398,4.516476838034578e-05,1.0,0.0048278444446623325,7.42553186416626,,,,,,,
15094,0.13390392065048218,0.006583375856280327,0.007009875029325485,0.9029476046562195,27699,0.8994527459144592,1.0,0.7216494679450989,0.6533971095694641,4.50037514383439e-05,1.0,0.002172106644138694,6.979381561279297,,,,,,,
15099,,,,,27704,,,,,,,,,0.8937017321586609,0.6976562738418579,0.31579965353012085,0.31877556443214417,0.9997395873069763,0.0059517971239984035,16.0
15144,0.10967462509870529,0.0064697666093707085,0.015258902683854103,0.6459675431251526,27749,0.9161853194236755,1.0,0.7339449524879456,0.6382676200032488,4.484279634198174e-05,0.9908257126808167,0.004659752827137709,7.192660331726074,,,,,,,
15194,0.13239574432373047,0.006270182318985462,0.018642229959368706,0.6999673247337341,27799,0.870537281036377,1.0,0.630630612373352,0.6578648985663165,4.4681899453280494e-05,0.9819819927215576,0.006042624823749065,9.054054260253906,,,,,,,
15199,,,,,27804,,,,,,,,,0.8946822881698608,0.6989583373069763,0.3114888370037079,0.3136082589626312,0.9997395873069763,0.004238814581185579,16.0
15244,0.2273675799369812,0.005867213476449251,0.016163861379027367,1.2494916915893555,27849,0.9354791045188904,1.0,0.8095238208770752,0.6621845163948739,4.452106441021897e-05,1.0,0.008247856050729752,7.273809432983398,,,,,,,
15294,0.1570781171321869,0.005344351287931204,0.019545160233974457,0.9883855581283569,27899,0.9105568528175354,1.0,0.7551020383834839,0.6399227440401144,4.436029485077597e-05,1.0,0.009107278659939766,7.377551078796387,,,,,,,
15299,,,,,27904,,,,,,,,,0.8942804932594299,0.6986979246139526,0.3120177686214447,0.3144242465496063,1.0,0.004813040141016245,16.0
15344,0.20721296966075897,0.008238479495048523,0.0189182311296463,0.9394652843475342,27949,0.9181621670722961,1.0,0.7525773048400879,0.6698968638153888,4.41995907749515e-05,1.0,0.006625339388847351,7.268041133880615,,,,,,,
15394,0.15515342354774475,0.0057337540201842785,0.013965998776257038,1.0157710313796997,27999,0.8968574404716492,1.0,0.6909090876579285,0.6378930913801729,4.403895218274556e-05,0.9909090995788574,0.004737029783427715,8.354545593261719,,,,,,,
15399,,,,,28004,,,,,,,,,0.8949170708656311,0.7007812261581421,0.3128265142440796,0.3169390857219696,0.999218761920929,0.008225124329328537,16.0
15444,0.31915074586868286,0.005614447873085737,0.0305705014616251,1.8742629289627075,28049,0.926366925239563,1.0,0.773809552192688,0.6506043063716987,4.387838635011576e-05,1.0,0.012462850660085678,7.1785712242126465,,,,,,,
15494,0.14237213134765625,0.005909728351980448,0.02800818718969822,0.9508393406867981,28099,0.906995952129364,1.0,0.723809540271759,0.6487326249942316,4.3717889639083296e-05,0.9809523820877075,0.016907483339309692,7.361904621124268,,,,,,,
15499,,,,,28104,,,,,,,,,0.8957690596580505,0.703906238079071,0.3078575134277344,0.31209880113601685,0.999218761920929,0.008482537232339382,16.0
15544,0.2401672750711441,0.007926677353680134,0.031095832586288452,1.269995093345642,28149,0.9232592582702637,1.0,0.7440000176429749,0.6338802657762805,4.355746568762697e-05,0.9679999947547913,0.011156611144542694,7.576000213623047,,,,,,,
15594,0.08339938521385193,0.005629462189972401,0.00699357595294714,0.505681574344635,28199,0.9010973572731018,1.0,0.7111111283302307,0.6593742388179493,4.339711449574679e-05,1.0,0.0013973892200738192,7.866666793823242,,,,,,,
15599,,,,,28204,,,,,,,,,0.89622563123703,0.7046874761581421,0.3084009885787964,0.3124726712703705,0.9994791746139526,0.008143364451825619,16.0
15644,0.12347164005041122,0.0054744635708630085,0.0184202641248703,0.7559797167778015,28249,0.9049708843231201,1.0,0.7105262875556946,0.6584701702652076,4.323683970142156e-05,0.9868420958518982,0.010458476841449738,7.6315789222717285,,,,,,,
15694,0.10429921746253967,0.005173529032617807,0.013257372193038464,0.6417993307113647,28299,0.8945472836494446,1.0,0.6770833134651184,0.6544164487500497,4.307664494263008e-05,0.9895833134651184,0.00596447940915823,7.635416507720947,,,,,,,
15699,,,,,28304,,,,,,,,,0.897469699382782,0.7088541388511658,0.30777549743652344,0.3110252022743225,0.9994791746139526,0.006499418057501316,16.0
15744,0.15445004403591156,0.0065075792372226715,0.026511549949645996,1.1910072565078735,28349,0.9097070693969727,1.0,0.7352941036224365,0.6574619966999393,4.291653021937236e-05,1.0,0.011596201919019222,7.970588207244873,,,,,,,
15794,0.21133054792881012,0.006479896139353514,0.02875369042158127,1.1448224782943726,28399,0.869135856628418,1.0,0.6000000238418579,0.6709338751139713,4.27564955316484e-05,0.9809523820877075,0.021689098328351974,9.104762077331543,,,,,,,
15799,,,,,28404,,,,,,,,,0.8960680365562439,0.7033854126930237,0.30901822447776794,0.3132762014865875,0.9994791746139526,0.008515965193510056,16.0
15844,0.2185288369655609,0.0059289466589689255,0.022824006155133247,1.0860916376113892,28449,0.8788400888442993,1.0,0.6511628031730652,0.6423120092490738,4.259654087945819e-05,0.9883720874786377,0.015666594728827477,8.10465145111084,,,,,,,
15894,0.3818124830722809,0.005482119973748922,0.018141882494091988,2.246659755706787,28499,0.9189035892486572,1.0,0.752293586730957,0.6363059435697567,4.243667353875935e-05,0.9908257126808167,0.00980147160589695,6.559633255004883,,,,,,,
15899,,,,,28504,,,,,,,,,0.8976015448570251,0.7085937261581421,0.3064546287059784,0.3095971941947937,0.9994791746139526,0.006285232957452536,16.0
15944,0.17368817329406738,0.005412259139120579,0.021998999640345573,0.9357137084007263,28549,0.9123677015304565,1.0,0.7321428656578064,0.639155869511145,4.227689350955188e-05,0.9910714030265808,0.009432563558220863,7.339285850524902,,,,,,,
15994,0.23612381517887115,0.006487127393484116,0.015164905227720737,1.4412124156951904,28599,0.9079543352127075,1.0,0.6962025165557861,0.6583343771811725,4.2117200791835785e-05,0.9873417615890503,0.009915833361446857,7.443037986755371,,,,,,,
15999,,,,,28604,,,,,,,,,0.8980871438980103,0.7111979126930237,0.30278250575065613,0.30503588914871216,1.0,0.004506734199821949,16.0
16044,0.2935165464878082,0.00514838146045804,0.06392339617013931,1.640051007270813,28649,0.888522207736969,1.0,0.6534653306007385,0.6424238713657965,4.195759538561106e-05,1.0,0.02490321360528469,8.544554710388184,,,,,,,
16094,0.18861745297908783,0.0053504896350204945,0.02802061289548874,1.2488826513290405,28699,0.9328703880310059,1.0,0.8125,0.6491937411726392,4.1798084566835314e-05,0.9895833134651184,0.012560228817164898,5.854166507720947,,,,,,,
16099,,,,,28704,,,,,,,,,0.8960744738578796,0.7044270634651184,0.3081142008304596,0.31112560629844666,0.9994791746139526,0.0060227541252970695,16.0
16144,0.27440619468688965,0.006035322323441505,0.024523630738258362,1.6122515201568604,28749,0.9259258508682251,1.0,0.782608687877655,0.6317516263377959,4.163866469752975e-05,0.991304337978363,0.017121775075793266,7.269565105438232,,,,,,,
16194,0.10170387476682663,0.006109476089477539,0.0076882680878043175,0.6860848069190979,28799,0.9153438806533813,1.0,0.75,0.630375887899639,4.1479343053651974e-05,1.0,0.002600648906081915,7.232142925262451,,,,,,,
16199,,,,,28804,,,,,,,,,0.8985435962677002,0.7119791507720947,0.30444324016571045,0.30760830640792847,0.9997395873069763,0.006330165080726147,16.0
16244,0.11163219064474106,0.005612135864794254,0.01360345259308815,0.6470844745635986,28849,0.9063684344291687,1.0,0.7227723002433777,0.6516875977813019,4.1320115997223184e-05,0.9900990128517151,0.0027590093668550253,7.475247383117676,,,,,,,
16294,0.23181100189685822,0.006118617951869965,0.03956843540072441,1.8446272611618042,28899,0.9022538661956787,1.0,0.6880733966827393,0.640469349021525,4.116098352824338e-05,0.9908257126808167,0.027805939316749573,7.587155818939209,,,,,,,
16299,,,,,28904,,,,,,,,,0.899633526802063,0.7124999761581421,0.302987277507782,0.3061353266239166,0.9997395873069763,0.006296082865446806,16.0
16344,0.1419578492641449,0.00566598866134882,0.016785120591521263,0.7856804132461548,28949,0.9029374122619629,1.0,0.7155172228813171,0.6371519306682576,4.100195656064898e-05,0.9913793206214905,0.009329181164503098,7.741379261016846,,,,,,,
16394,0.20001478493213654,0.00538891414180398,0.02436802163720131,1.1895521879196167,28999,0.9004488587379456,1.0,0.699999988079071,0.6474466890906414,4.084302781848237e-05,0.9818181991577148,0.00909831840544939,7.545454502105713,,,,,,,
16399,,,,,29004,,,,,,,,,0.9005433320999146,0.717968761920929,0.30279189348220825,0.3059779405593872,0.999218761920929,0.00637211324647069,16.0
16444,0.28613683581352234,0.012908980250358582,0.025694651529192924,1.3478845357894897,29049,0.9202509522438049,1.0,0.774193525314331,0.6451899950420172,4.0684204577701166e-05,0.9919354915618896,0.023092031478881836,7.97580623626709,,,,,,,
16494,0.09347103536128998,0.005020545329898596,0.013560514897108078,0.7011740803718567,29099,0.9367420673370361,1.0,0.8230088353157043,0.6290385163850477,4.052548683830537e-05,1.0,0.008432978764176369,6.230088710784912,,,,,,,
16499,,,,,29104,,,,,,,,,0.8990933895111084,0.7158854007720947,0.30472463369369507,0.30832555890083313,0.9997395873069763,0.007201791275292635,16.0
16544,0.1988692730665207,0.006642317399382591,0.014619758352637291,0.8400523662567139,29149,0.9308401942253113,1.0,0.7961165308952332,0.6450231175439775,4.036687460029498e-05,0.9902912378311157,0.004399159923195839,6.8932037353515625,,,,,,,
16594,0.17010679841041565,0.005245965905487537,0.026822295039892197,0.9527876377105713,29199,0.9037036895751953,1.0,0.7217391133308411,0.6459739162526437,4.02083715016488e-05,0.9826086759567261,0.009148729965090752,7.5217390060424805,,,,,,,
16599,,,,,29204,,,,,,,,,0.8992027044296265,0.714062511920929,0.30354487895965576,0.305673211812973,1.0,0.004256698302924633,16.0
16644,0.31400614976882935,0.005400488618761301,0.02326635830104351,1.506607174873352,29249,0.8959000110626221,1.0,0.7037037014961243,0.6608484962249129,4.004997754236683e-05,1.0,0.007748972624540329,7.259259223937988,,,,,,,
16694,0.18504944443702698,0.006167964544147253,0.014205428771674633,1.1132360696792603,29299,0.9350168108940125,1.0,0.800000011920929,0.6276548203349086,3.9891696360427886e-05,1.0,0.004353638272732496,6.209090709686279,,,,,,,
16699,,,,,29304,,,,,,,,,0.9006140232086182,0.71875,0.2993665635585785,0.30141744017601013,1.0,0.00410176906734705,16.0
16744,0.1928013414144516,0.006546542048454285,0.02465430274605751,1.2550867795944214,29349,0.9007158279418945,1.0,0.6974790096282959,0.6407025959356196,3.973352795583196e-05,1.0,0.0069980314001441,7.714285850524902,,,,,,,
16794,0.14628992974758148,0.006092035211622715,0.02437664568424225,0.835235595703125,29399,0.9261566400527954,1.0,0.7663551568984985,0.6349341009030997,3.957547596655786e-05,0.9813084006309509,0.008494904264807701,6.485981464385986,,,,,,,
16799,,,,,29404,,,,,,,,,0.9010931253433228,0.71875,0.3025971055030823,0.3057018518447876,0.9994791746139526,0.006209512706845999,16.0
16844,0.27147284150123596,0.006944554392248392,0.039311472326517105,1.4763481616973877,29449,0.9228659272193909,1.0,0.7264957427978516,0.630059840341381,3.941754039260559e-05,0.9658119678497314,0.01584319770336151,7.452991485595703,,,,,,,
16894,0.26475366950035095,0.004897948354482651,0.02278604544699192,1.5696947574615479,29499,0.9490019679069519,1.0,0.8598130941390991,0.6227498642931837,3.925972487195395e-05,1.0,0.013579352758824825,6.233644962310791,,,,,,,
16899,,,,,29504,,,,,,,,,0.901032030582428,0.719531238079071,0.2993320822715759,0.30162400007247925,1.0,0.0045838188380002975,16.0
16944,0.1424856334924698,0.004797524772584438,0.018289534375071526,0.8195815682411194,29549,0.8989121317863464,1.0,0.6831682920455933,0.6452129439727208,3.9102029404602945e-05,0.9900990128517151,0.010867844335734844,7.702970504760742,,,,,,,
16994,0.08540476113557816,0.004946551751345396,0.006283219903707504,0.5477701425552368,29599,0.8843889832496643,1.0,0.663551390171051,0.6414984950663749,3.8944453990552574e-05,1.0,0.0018216592725366354,8.130841255187988,,,,,,,
16999,,,,,29604,,,,,,,,,0.9012280702590942,0.7213541865348816,0.2999599277973175,0.30269649624824524,0.9997395873069763,0.005473099648952484,16.0
17044,0.19003675878047943,0.004714664537459612,0.018066544085741043,1.164614200592041,29649,0.9033358693122864,1.0,0.7021276354789734,0.6417129229371016,3.8787002267781645e-05,1.0,0.007070263382047415,7.691489219665527,,,,,,,
17094,0.08762238919734955,0.005320325493812561,0.009086494334042072,0.43289870023727417,29699,0.8880374431610107,1.0,0.6724137663841248,0.6576346763060961,3.8629677874268964e-05,1.0,0.002247133059427142,8.431034088134766,,,,,,,
17099,,,,,29704,,,,,,,,,0.90455561876297,0.729687511920929,0.2959343492984772,0.3001413941383362,0.9994791746139526,0.008414139971137047,16.0
17144,0.3299057185649872,0.005386597942560911,0.022842228412628174,1.9707857370376587,29749,0.9091618657112122,1.0,0.7368420958518982,0.6501881261862223,3.847248081001453e-05,0.9894737005233765,0.020496174693107605,7.0947370529174805,,,,,,,
17194,0.20395012199878693,0.0055556269362568855,0.020694296807050705,1.3463466167449951,29799,0.91252201795578,1.0,0.7333333492279053,0.6466821800725606,3.8315411075018346e-05,0.9809523820877075,0.019172562286257744,7.523809432983398,,,,,,,
17199,,,,,29804,,,,,,,,,0.9051569700241089,0.731249988079071,0.2972832918167114,0.29967743158340454,1.0,0.004788259509950876,16.0
17244,0.18055227398872375,0.006213681306689978,0.031406085938215256,1.1199579238891602,29849,0.937225341796875,1.0,0.7881355881690979,0.6176302967736667,3.815847230725922e-05,0.9830508232116699,0.02052188478410244,6.644067764282227,,,,,,,
17294,0.17193298041820526,0.005443701520562172,0.012575704604387283,0.9872028827667236,29899,0.9523959159851074,1.0,0.8474576473236084,0.6123931699176912,3.800166814471595e-05,1.0,0.006961445324122906,5.98305082321167,,,,,,,
17299,,,,,29904,,,,,,,,,0.9031795859336853,0.7255208492279053,0.29650700092315674,0.2986535429954529,0.9997395873069763,0.004293110687285662,16.0
17344,0.29080623388290405,0.005445257294923067,0.031235119327902794,1.3892161846160889,29949,0.9217721819877625,1.0,0.7289719581604004,0.6357775200320941,3.784499494940974e-05,0.9813084006309509,0.006274220533668995,7.831775665283203,,,,,,,
17394,0.2036493867635727,0.00689714727923274,0.014262489043176174,1.6368675231933594,29999,0.9675002098083496,1.0,0.8888888955116272,0.6208344880713101,3.768845635931939e-05,0.9914529919624329,0.008051851764321327,5.905982971191406,,,,,,,
17399,,,,,30004,,,,,,,,,0.9033276438713074,0.7268229126930237,0.29468977451324463,0.29696211218833923,0.9997395873069763,0.004544650670140982,16.0
17444,0.2624492049217224,0.005579182878136635,0.00867147371172905,1.4481679201126099,30049,0.9313207268714905,1.0,0.8151260614395142,0.6303755138499937,3.753205601242371e-05,1.0,0.005424802657216787,6.226890563964844,,,,,,,
17494,0.18668904900550842,0.005330424755811691,0.03066263161599636,1.2255651950836182,30099,0.9326499104499817,1.0,0.7946428656578064,0.6258497405863498,3.7375797546701506e-05,0.9910714030265808,0.0261223167181015,6.589285850524902,,,,,,,
17499,,,,,30104,,,,,,,,,0.9050282835960388,0.7302083373069763,0.2943632900714874,0.2966567277908325,0.9994791746139526,0.004586950410157442,16.0
17544,0.13224880397319794,0.005674857646226883,0.014416681602597237,0.8590719699859619,30149,0.9171249866485596,1.0,0.7425742745399475,0.6414486773989287,3.721967732417397e-05,0.9900990128517151,0.00843972247093916,7.861386299133301,,,,,,,
17594,0.2171553373336792,0.005522389430552721,0.02976551093161106,1.247215747833252,30199,0.9242725372314453,1.0,0.7857142686843872,0.6277079573885167,3.7063698982819915e-05,1.0,0.011311493813991547,6.526785850524902,,,,,,,
17599,,,,,30204,,,,,,,,,0.9064397215843201,0.7361978888511658,0.2912551164627075,0.2934935986995697,1.0,0.004476893227547407,16.0
17644,0.22117875516414642,0.0056945085525512695,0.04400873929262161,1.469379186630249,30249,0.944800615310669,1.0,0.8269230723381042,0.6371775752050364,3.6907862522639334e-05,1.0,0.023402731865644455,6.336538314819336,,,,,,,
17694,0.10425788164138794,0.0051838718354702,0.013781128451228142,0.7115955352783203,30299,0.89992356300354,1.0,0.6991150379180908,0.6428941931527726,3.6752175219589844e-05,1.0,0.00446164608001709,7.628318786621094,,,,,,,
17699,,,,,30304,,,,,,,,,0.9060538411140442,0.7346354126930237,0.29095953702926636,0.29313939809799194,1.0,0.004359727259725332,16.0
17744,0.19456300139427185,0.005900986958295107,0.02790120244026184,1.2299439907073975,30349,0.9364920258522034,1.0,0.8198198080062866,0.6353424616739551,3.659663343569264e-05,1.0,0.011135696433484554,6.783783912658691,,,,,,,
17794,0.18553689122200012,0.0054047624580562115,0.020887155085802078,1.032616138458252,30399,0.9142599105834961,1.0,0.752293586730957,0.6355347058513026,3.644124080892652e-05,0.9908257126808167,0.008793305605649948,7.045871734619141,,,,,,,
17799,,,,,30404,,,,,,,,,0.9064847230911255,0.7361978888511658,0.29019126296043396,0.2924622893333435,1.0,0.004542010370641947,16.0
17844,0.18108497560024261,0.0059278118424117565,0.01791267655789852,0.9517210721969604,30449,0.9268942475318909,1.0,0.7647058963775635,0.6387703556287567,3.62859973392915e-05,1.0,0.0068235560320317745,7.490196228027344,,,,,,,
17894,0.20119984447956085,0.005410422571003437,0.024031739681959152,1.2175467014312744,30499,0.9316239356994629,1.0,0.7948718070983887,0.6160404100456932,3.613090666476637e-05,0.9914529919624329,0.013847831636667252,6.111111164093018,,,,,,,
17899,,,,,30504,,,,,,,,,0.9084683656692505,0.7401041388511658,0.2896820604801178,0.2927386462688446,0.9997395873069763,0.006113158538937569,16.0
17944,0.19937287271022797,0.006034990772604942,0.027476998046040535,1.2663977146148682,30549,0.9386177659034729,1.0,0.8317757248878479,0.6324027409970573,3.597597242332995e-05,1.0,0.014935704879462719,6.7943925857543945,,,,,,,
17994,0.11446266621351242,0.005231715273112059,0.011652383953332901,0.5240169763565063,30599,0.9318303465843201,1.0,0.782608687877655,0.6300827288457743,3.5821190977003425e-05,0.991304337978363,0.002485215663909912,6.669565200805664,,,,,,,
17999,,,,,30604,,,,,,,,,0.9074234366416931,0.7380208373069763,0.2886079251766205,0.29063066840171814,1.0,0.004045485518872738,16.0
18044,0.30584916472435,0.005204152315855026,0.019019266590476036,1.5621278285980225,30649,0.9251701235771179,1.0,0.7653061151504517,0.6468776661368524,3.566656960174441e-05,0.9795918464660645,0.009083002805709839,6.86734676361084,,,,,,,
18094,0.49955806136131287,0.005877641029655933,0.023441078141331673,2.5359060764312744,30699,0.906457781791687,1.0,0.7115384340286255,0.6269978554312811,3.5512104659574106e-05,1.0,0.01451572310179472,7.625,,,,,,,
18099,,,,,30704,,,,,,,,,0.9087994694709778,0.742968738079071,0.2889821231365204,0.2908962368965149,1.0,0.003828254295513034,16.0
18144,0.1588461846113205,0.006261742208153009,0.009564007632434368,1.0344780683517456,30749,0.9419334530830383,1.0,0.8220338821411133,0.6270162131169338,3.535779978847131e-05,1.0,0.003447186667472124,7.364406585693359,,,,,,,
18194,0.1782161146402359,0.006255033425986767,0.023170892149209976,1.2396219968795776,30799,0.9119648933410645,1.0,0.7289719581604004,0.6433827469872864,3.5203658626414835e-05,0.9906542301177979,0.023487988859415054,7.4392523765563965,,,,,,,
18199,,,,,30804,,,,,,,,,0.908233642578125,0.7403646111488342,0.28871437907218933,0.29085105657577515,1.0,0.004273389000445604,16.0
18244,0.14971201121807098,0.005150571931153536,0.02187289111316204,0.9044726490974426,30849,0.924803614616394,1.0,0.7777777910232544,0.6261944956336501,3.504968117340468e-05,1.0,0.008390209637582302,7.181818008422852,,,,,,,
18294,0.35989782214164734,0.0053278305567801,0.02644546888768673,1.6320548057556152,30899,0.9092917442321777,1.0,0.7157894968986511,0.6404992153254471,3.489586742944084e-05,0.9894737005233765,0.023671407252550125,7.463158130645752,,,,,,,
18299,,,,,30904,,,,,,,,,0.9075232148170471,0.739062488079071,0.28780582547187805,0.29008495807647705,0.9997395873069763,0.004558304324746132,16.0
18344,0.17676201462745667,0.005230945535004139,0.028076989576220512,0.9552308320999146,30949,0.9168723821640015,1.0,0.7523809671401978,0.6425132778834945,3.474222467048094e-05,0.9904761910438538,0.0073493546806275845,7.5714287757873535,,,,,,,
18394,0.17197836935520172,0.006371945608407259,0.02459503896534443,0.9050523042678833,30999,0.9098228812217712,1.0,0.747826099395752,0.6319154918133087,3.458874562056735e-05,0.991304337978363,0.006801355164498091,7.800000190734863,,,,,,,
18399,,,,,31004,,,,,,,,,0.9086291193962097,0.7421875,0.28921329975128174,0.29113003611564636,1.0,0.0038334489800035954,16.0
18444,0.1696750670671463,0.005785790272057056,0.015520625747740269,0.9092086553573608,31049,0.9138486385345459,1.0,0.717391312122345,0.6466797196687516,3.443544119363651e-05,0.97826087474823,0.010310327634215355,8.239130020141602,,,,,,,
18494,0.18736717104911804,0.00651156809180975,0.024382079020142555,1.0036150217056274,31099,0.9003955721855164,1.0,0.708737850189209,0.6411561613623927,3.4282307751709595e-05,1.0,0.011360706761479378,7.970873832702637,,,,,,,
18499,,,,,31104,,,,,,,,,0.9106320738792419,0.7473958134651184,0.28509584069252014,0.28732168674468994,0.9997395873069763,0.004451753571629524,16.0
18544,0.31043168902397156,0.007272718008607626,0.009461399167776108,2.4879801273345947,31149,0.9152107834815979,1.0,0.7547169923782349,0.6418272607874345,3.412934529478662e-05,1.0,0.0027866708114743233,6.811320781707764,,,,,,,
18594,0.2186623215675354,0.006271586287766695,0.020835747942328453,1.4392470121383667,31199,0.9333130717277527,1.0,0.811475396156311,0.6338171670431842,3.3976561098825186e-05,0.9836065769195557,0.006549791898578405,6.475409984588623,,,,,,,
18599,,,,,31204,,,,,,,,,0.9099246859550476,0.7450520992279053,0.2873692214488983,0.28924116492271423,1.0,0.003743821056559682,16.0
18644,0.23923669755458832,0.005554596893489361,0.02713843248784542,1.2841529846191406,31249,0.9340066909790039,1.0,0.800000011920929,0.6190249220275369,3.3823951525846496e-05,1.0,0.009912505745887756,6.318181991577148,,,,,,,
18694,0.23740585148334503,0.004975607618689537,0.02175421267747879,1.3754336833953857,31299,0.9109195470809937,1.0,0.7241379022598267,0.6347378153974476,3.367152385180816e-05,1.0,0.009702643379569054,7.75,,,,,,,
18699,,,,,31304,,,,,,,,,0.9102044701576233,0.7445312738418579,0.28898200392723083,0.2912009060382843,1.0,0.004437776282429695,16.0
18744,0.14206573367118835,0.004993702284991741,0.020547877997159958,0.817878246307373,31349,0.9307214021682739,1.0,0.8016529083251953,0.6176964216127759,3.351927443873137e-05,1.0,0.010607140138745308,6.809917449951172,,,,,,,
18794,0.24882201850414276,0.00658401008695364,0.01550289150327444,1.2564295530319214,31399,0.9038972854614258,1.0,0.7352941036224365,0.6494118488907887,3.336720692459494e-05,1.0,0.006158198695629835,7.598039150238037,,,,,,,
18799,,,,,31404,,,,,,,,,0.9124806523323059,0.7513020634651184,0.28140750527381897,0.28349438309669495,1.0,0.0041737365536391735,16.0
18844,0.25678423047065735,0.006057010032236576,0.03527531400322914,1.5245627164840698,31449,0.930642306804657,1.0,0.8089887499809265,0.6471586331072122,3.321532130939886e-05,0.9887640476226807,0.02008737251162529,5.943819999694824,,,,,,,
18894,0.2634677290916443,0.005051577463746071,0.027736248448491096,1.4498168230056763,31499,0.9254465103149414,1.0,0.7961165308952332,0.6291944845666974,3.306362123112194e-05,0.9902912378311157,0.013007894158363342,6.436892986297607,,,,,,,
18899,,,,,31504,,,,,,,,,0.9130433201789856,0.7552083134651184,0.28107553720474243,0.28307756781578064,1.0,0.0040040225721895695,16.0
18944,0.13970327377319336,0.005485842935740948,0.01218501292169094,0.700502336025238,31549,0.9241622686386108,1.0,0.7815126180648804,0.6364385345741262,3.2912110327742994e-05,1.0,0.004837691783905029,7.823529243469238,,,,,,,
18994,0.08263561129570007,0.00549694150686264,0.006872322876006365,0.3915243446826935,31599,0.8869796991348267,1.0,0.6701030731201172,0.6505710006427147,3.276078496128321e-05,1.0,0.001228347304277122,8.072164535522461,,,,,,,
18999,,,,,31604,,,,,,,,,0.9111143350601196,0.749218761920929,0.2819356620311737,0.28382715582847595,1.0,0.0037829854991286993,16.0
19044,0.19877128303050995,0.004849753808230162,0.011758173815906048,1.1542489528656006,31649,0.9222102761268616,1.0,0.737864077091217,0.6327166790838858,3.2609652407700196e-05,0.9805825352668762,0.012502605095505714,6.9805827140808105,,,,,,,
19094,0.2930181622505188,0.005856453441083431,0.01600189320743084,1.9834407567977905,31699,0.9455490708351135,1.0,0.8315789699554443,0.6290115350851481,3.2458709029015154e-05,1.0,0.008937126956880093,6.273684024810791,,,,,,,
19099,,,,,31704,,,,,,,,,0.911529004573822,0.7502604126930237,0.2838827073574066,0.2858636677265167,0.9997395873069763,0.0039618597365915775,16.0
19144,0.3422970771789551,0.0061815460212528706,0.01896822638809681,2.1024022102355957,31749,0.9102734327316284,1.0,0.7410714030265808,0.626990315745359,3.2307962101185694e-05,1.0,0.0059548052959144115,7.285714149475098,,,,,,,
19194,0.20720858871936798,0.005894759204238653,0.031145703047513962,1.1452959775924683,31799,0.9419334530830383,1.0,0.8220338821411133,0.6256801503640477,3.215740798623301e-05,1.0,0.01121574454009533,6.364406585693359,,,,,,,
19199,,,,,31804,,,,,,,,,0.9142457246780396,0.7591145634651184,0.27849826216697693,0.2805013656616211,1.0,0.004006209783256054,16.0
19244,0.16010333597660065,0.004875116515904665,0.022016897797584534,0.9460627436637878,31849,0.9308642148971558,1.0,0.7923076748847961,0.6278369697313378,3.200705032213591e-05,1.0,0.012625682167708874,6.507692337036133,,,,,,,
19294,0.28921493887901306,0.005749535281211138,0.03584211319684982,1.805009126663208,31899,0.9254115223884583,1.0,0.7749999761581421,0.6184159245420682,3.185688910889439e-05,0.9916666746139526,0.0221317820250988,7.074999809265137,,,,,,,
19299,,,,,31904,,,,,,,,,0.913557767868042,0.7554687261581421,0.2807175815105438,0.28390616178512573,0.9994791746139526,0.006377222016453743,16.0
19344,0.2502780258655548,0.006368871778249741,0.013661088421940804,1.3678401708602905,31949,0.9082892537117004,1.0,0.7478991746902466,0.6277596208956604,3.1706927984487265e-05,0.9831932783126831,0.009856579825282097,6.94957971572876,,,,,,,
19394,0.35289883613586426,0.006644090637564659,0.02185189165174961,2.1818809509277344,31999,0.9452916979789734,1.0,0.8333333134651184,0.6537729512007517,3.1557170586893335e-05,0.9803921580314636,0.013291018083691597,6.186274528503418,,,,,,,
19399,,,,,32004,,,,,,,,,0.914036750793457,0.7575520873069763,0.2803620398044586,0.28456419706344604,0.9994791746139526,0.008404361084103584,16.0
19444,0.3455919027328491,0.005502867046743631,0.02848251722753048,1.9951711893081665,32049,0.946348249912262,1.0,0.8504672646522522,0.6213961299793622,3.1407613278133795e-05,1.0,0.010565458796918392,6.644859790802002,,,,,,,
19494,0.22893266379833221,0.0063281068578362465,0.02989206090569496,1.4254794120788574,32099,0.9140418171882629,1.0,0.7476635575294495,0.6523211926485081,3.125826333416626e-05,0.9906542301177979,0.009899136610329151,7.112149715423584,,,,,,,
19499,,,,,32104,,,,,,,,,0.9139596819877625,0.7572916746139526,0.2791685461997986,0.2824307382106781,0.9997395873069763,0.006524386815726757,16.0
19544,0.1875486671924591,0.007379916962236166,0.01850288361310959,1.124955415725708,32149,0.954534649848938,1.0,0.8557692170143127,0.6389188898122271,3.110911711701192e-05,0.9903846383094788,0.012052621692419052,5.855769157409668,,,,,,,
19594,0.3110067844390869,0.0064338031224906445,0.019288551062345505,1.4809753894805908,32199,0.9213836789131165,1.0,0.7830188870429993,0.6329437816441146,3.0960178264649585e-05,0.9905660152435303,0.008088580332696438,6.877358436584473,,,,,,,
19599,,,,,32204,,,,,,,,,0.9130690693855286,0.7588541507720947,0.2791573405265808,0.28308331966400146,0.9994791746139526,0.007851951755583286,16.0
19644,0.14262798428535461,0.005157139152288437,0.017917975783348083,0.7702822089195251,32249,0.9323045015335083,1.0,0.800000011920929,0.6181705882309229,3.081145041505806e-05,0.9916666746139526,0.00831045676022768,6.650000095367432,,,,,,,
19694,0.17504791915416718,0.004275718703866005,0.01176837645471096,0.9938402771949768,32299,0.9517719149589539,1.0,0.8561151027679443,0.5927260303382831,3.066293356823735e-05,1.0,0.005072542931884527,5.884891986846924,,,,,,,
19699,,,,,32304,,,,,,,,,0.914223313331604,0.7604166865348816,0.27967309951782227,0.2828943431377411,0.9997395873069763,0.006442518904805183,16.0
19744,0.1830374002456665,0.005676776636391878,0.014730670489370823,1.2702972888946533,32349,0.9501283764839172,1.0,0.8514851331710815,0.6253945581457714,3.051462772418745e-05,0.9900990128517151,0.009713537991046906,7.019802093505859,,,,,,,
19794,0.20282000303268433,0.005441507324576378,0.031218694522976875,0.8953710794448853,32399,0.9309478998184204,1.0,0.7966101765632629,0.6173703918497786,3.0366536520887166e-05,0.9830508232116699,0.0063272155821323395,6.08474588394165,,,,,,,
19799,,,,,32404,,,,,,,,,0.9181906580924988,0.768750011920929,0.27450016140937805,0.277942955493927,0.9997395873069763,0.0068856170400977135,16.0
19844,0.11371011286973953,0.004828231409192085,0.013697851449251175,0.8654981851577759,32449,0.9082444310188293,1.0,0.7372881174087524,0.6248323748054257,3.0218659958336502e-05,0.991525411605835,0.00580543652176857,7.491525650024414,,,,,,,
19894,0.35159870982170105,0.005665043368935585,0.0215963963419199,1.43372642993927,32499,0.9524497985839844,1.0,0.8515625,0.6181114566374717,3.0071001674514264e-05,0.9921875,0.004166230093687773,6.4765625,,,,,,,
19899,,,,,32504,,,,,,,,,0.9163033366203308,0.764843761920929,0.2774657607078552,0.28064462542533875,0.9997395873069763,0.00635775038972497,16.0
19944,0.10503365844488144,0.00543257687240839,0.016699422150850296,0.5492112040519714,32549,0.9480727314949036,1.0,0.8396946787834167,0.606746292185482,2.992356166942045e-05,0.9923664331436157,0.0050484174862504005,5.839694499969482,,,,,,,
19994,0.2699386775493622,0.0062028649263083935,0.027054065838456154,1.2464728355407715,32599,0.920253574848175,1.0,0.7567567825317383,0.6398405821998899,2.977634358103387e-05,0.9819819927215576,0.005530253052711487,6.7207207679748535,,,,,,,
19999,,,,,32604,,,,,,,,,0.9165604710578918,0.766406238079071,0.2774268388748169,0.28048521280288696,0.9997395873069763,0.006116743665188551,16.0
20044,0.2137339860200882,0.004625589121133089,0.03572304919362068,1.2371857166290283,32649,0.9307962656021118,1.0,0.78899085521698,0.6220666084516986,2.962934559036512e-05,0.9816513657569885,0.011265426874160767,6.568807125091553,,,,,,,
20094,0.18962587416172028,0.005360434763133526,0.017157316207885742,1.2028999328613281,32699,0.939130425453186,1.0,0.8086956739425659,0.628792847103293,2.9482571335393004e-05,0.9826086759567261,0.014831631444394588,6.373912811279297,,,,,,,
20099,,,,,32704,,,,,,,,,0.9177533388137817,0.7682291865348816,0.273569256067276,0.2764906883239746,0.9994791746139526,0.005842769984155893,16.0
20144,0.11854306608438492,0.00536810839548707,0.010164099745452404,0.6783277988433838,32749,0.9592698216438293,1.0,0.8717948794364929,0.6156614493953315,2.933602263510693e-05,1.0,0.0023498046211898327,5.9572649002075195,,,,,,,
20194,0.11815975606441498,0.0062102400697767735,0.02324412204325199,0.5965107083320618,32799,0.9248236417770386,1.0,0.7678571343421936,0.6284276136123175,2.9189701308496296e-05,0.9910714030265808,0.004620053805410862,6.642857074737549,,,,,,,
20199,,,,,32804,,,,,,,,,0.9186246395111084,0.772656261920929,0.27359575033187866,0.27653631567955017,0.9997395873069763,0.005881112534552813,16.0
20244,0.13469699025154114,0.006565939635038376,0.006462563760578632,0.6782774329185486,32849,0.9148464202880859,1.0,0.7606837749481201,0.6382610670230873,2.9043607355561107e-05,1.0,0.0012747843284159899,7.410256385803223,,,,,,,
20294,0.2527412474155426,0.005067442078143358,0.023001547902822495,1.4061894416809082,32899,0.9367145299911499,1.0,0.8198198080062866,0.6199065046537875,2.8897742595290765e-05,0.9909909963607788,0.007059389725327492,5.963963985443115,,,,,,,
20299,,,,,32904,,,,,,,,,0.917242169380188,0.7671874761581421,0.27528202533721924,0.2781757712364197,0.9997395873069763,0.005787472706288099,16.0
20344,0.19538508355617523,0.005769848357886076,0.02272300235927105,1.0421644449234009,32949,0.9367153644561768,1.0,0.8151260614395142,0.6281240955410589,2.8752110665664077e-05,0.9915966391563416,0.006404669024050236,6.94957971572876,,,,,,,
20394,0.7124007940292358,0.005257783457636833,0.022315548732876778,3.834929943084717,32999,0.9329296946525574,1.0,0.7980769276618958,0.6348474981618313,2.860670974769164e-05,1.0,0.012649266049265862,7.25,,,,,,,
20399,,,,,33004,,,,,,,,,0.9173835515975952,0.7700520753860474,0.2750794589519501,0.2780519127845764,0.9997395873069763,0.005944871809333563,16.0
20444,0.1892237365245819,0.005206302739679813,0.0279371440410614,1.0033578872680664,33049,0.9354525208473206,1.0,0.7952755689620972,0.6181632065282148,2.8461543479352258e-05,0.9842519760131836,0.00866725668311119,6.874015808105469,,,,,,,
20494,0.09985636919736862,0.004938279278576374,0.008562488481402397,0.5639804005622864,33099,0.9456356167793274,1.0,0.8508771657943726,0.6171548928123808,2.8316615498624742e-05,1.0,0.0023702019825577736,5.535087585449219,,,,,,,
20499,,,,,33104,,,,,,,,,0.9175958037376404,0.770312488079071,0.27553823590278625,0.27837568521499634,0.9997395873069763,0.005674905143678188,16.0
20544,0.13589608669281006,0.005524694453924894,0.01241985335946083,0.8327571749687195,33149,0.9346978664398193,1.0,0.8157894611358643,0.6208522491383285,2.8171922167530283e-05,1.0,0.004378664772957563,6.5789475440979,,,,,,,
20594,0.13936226069927216,0.0048966435715556145,0.023122670128941536,0.7583557367324829,33199,0.9268489480018616,1.0,0.7663551568984985,0.624563817489731,2.8027470762026496e-05,0.9813084006309509,0.005297464784234762,6.504673004150391,,,,,,,
20599,,,,,33204,,,,,,,,,0.9175154566764832,0.7692708373069763,0.2738656997680664,0.27675819396972656,0.9994791746139526,0.005784961860626936,16.0
20644,0.17727312445640564,0.0055301315151154995,0.024340875446796417,1.051206350326538,33249,0.920738697052002,1.0,0.7647058963775635,0.6277214548945627,2.7883257644134574e-05,0.9915966391563416,0.011523629538714886,7.285714149475098,,,,,,,
20694,0.17317350208759308,0.005520876031368971,0.007449791766703129,1.0940711498260498,33299,0.9244974851608276,1.0,0.7768595218658447,0.6184167121376306,2.7739288270822726e-05,1.0,0.00489463284611702,6.776859283447266,,,,,,,
20699,,,,,33304,,,,,,,,,0.916595995426178,0.7661458253860474,0.27439290285110474,0.277234822511673,0.9997395873069763,0.005683826748281717,16.0
20744,0.2695940434932709,0.005886455997824669,0.02785586751997471,1.4452662467956543,33349,0.9331358671188354,1.0,0.8159999847412109,0.6111172285363972,2.7595562642090954e-05,1.0,0.009802041575312614,6.815999984741211,,,,,,,
20794,0.29211851954460144,0.008577970787882805,0.017239751294255257,1.7492223978042603,33399,0.9386937022209167,1.0,0.8034188151359558,0.6370744294773978,2.7452080757939257e-05,0.9829059839248657,0.012680510990321636,6.735042572021484,,,,,,,
20799,,,,,33404,,,,,,,,,0.9197980761528015,0.7749999761581421,0.26948148012161255,0.2723501920700073,0.9997395873069763,0.005737511906772852,16.0
20844,0.2954486906528473,0.005706758238375187,0.01773909665644169,1.3714027404785156,33449,0.9507458806037903,1.0,0.84375,0.6324961934637235,2.7308848075335845e-05,1.0,0.007644391618669033,6.677083492279053,,,,,,,
20894,0.2604990601539612,0.005010020919144154,0.012739242985844612,1.334107518196106,33499,0.9359146952629089,1.0,0.8181818127632141,0.6229123536498399,2.7165860956301913e-05,1.0,0.003823277074843645,7.127272605895996,,,,,,,
20899,,,,,33504,,,,,,,,,0.9210519194602966,0.7807291746139526,0.26851263642311096,0.27136287093162537,0.9997395873069763,0.005700503475964069,16.0
20944,0.14373916387557983,0.005988396238535643,0.004405319690704346,0.6778478026390076,33549,0.9565829038619995,1.0,0.8791946172714233,0.6047741357897263,2.702312485780567e-05,1.0,0.0011286104563623667,5.557046890258789,,,,,,,
20994,0.19839543104171753,0.0048830825835466385,0.020028701052069664,1.3259971141815186,33599,0.9331358671188354,1.0,0.8080000281333923,0.6132512996610497,2.688064159883652e-05,0.9919999837875366,0.017122281715273857,6.168000221252441,,,,,,,
20999,,,,,33604,,,,,,,,,0.919421911239624,0.7760416865348816,0.2709140479564667,0.27392008900642395,0.9997395873069763,0.006012141704559326,16.0
21044,0.2630394995212555,0.0048654102720320225,0.02786002866923809,1.6411548852920532,33649,0.9402263760566711,1.0,0.8166666626930237,0.6195509972192264,2.6738409360405058e-05,1.0,0.008270747028291225,6.775000095367432,,,,,,,
21094,0.24840739369392395,0.007613888010382652,0.02945319376885891,1.3717353343963623,33699,0.92719966173172,1.0,0.7698412537574768,0.6100314866934486,2.6596433599479496e-05,1.0,0.010052956640720367,6.94444465637207,,,,,,,
21099,,,,,33704,,,,,,,,,0.9196566939353943,0.7768229246139526,0.2698599100112915,0.27203792333602905,0.9997395873069763,0.004355937242507935,16.0
21144,0.28207096457481384,0.005573616828769445,0.01455680001527071,1.3919445276260376,33749,0.8996914029121399,1.0,0.6785714030265808,0.632024201946487,2.6454712497070432e-05,0.9910714030265808,0.006043866276741028,8.330357551574707,,,,,,,
21194,0.2214066982269287,0.004873954225331545,0.02148273214697838,1.3602265119552612,33799,0.9129629731178284,1.0,0.7416666746139526,0.6311993794075552,2.6313247872167267e-05,1.0,0.010535713285207748,7.625,,,,,,,
21199,,,,,33804,,,,,,,,,0.9199909567832947,0.7770833373069763,0.2707287073135376,0.2727292776107788,1.0,0.004001094028353691,16.0
21244,0.2367958128452301,0.006713367998600006,0.011558691039681435,1.4486548900604248,33849,0.926500141620636,1.0,0.7984496355056763,0.605712352020332,2.617204336274881e-05,0.9922480583190918,0.006799156777560711,6.263566017150879,,,,,,,
21294,0.21919934451580048,0.004800656344741583,0.01769288070499897,1.241991639137268,33899,0.9303627014160156,1.0,0.796875,0.6221601789278255,2.6031100787804462e-05,1.0,0.012688330374658108,6.65625,,,,,,,
21299,,,,,33904,,,,,,,,,0.9204508662223816,0.7778645753860474,0.2670598328113556,0.2692902684211731,1.0,0.0044608828611671925,16.0
21344,0.0950140506029129,0.00522998720407486,0.003944648429751396,0.5142360925674438,33949,0.9437692165374756,1.0,0.8359375,0.6065447528180271,2.5890418328344822e-05,1.0,0.0011029336601495743,5.9296875,,,,,,,
21394,0.15368473529815674,0.005043391603976488,0.016136890277266502,0.8799166679382324,33999,0.9364532232284546,1.0,0.8217054009437561,0.6131434332952336,2.5749999622348696e-05,1.0,0.005628667771816254,6.682170391082764,,,,,,,
21399,,,,,34004,,,,,,,,,0.919315755367279,0.7739583253860474,0.2696033716201782,0.27178841829299927,1.0,0.004370017908513546,16.0
21444,0.1467149406671524,0.005864993669092655,0.015728726983070374,0.7975646257400513,34049,0.9456962943077087,1.0,0.8391608595848083,0.6030690837496261,2.5609846488805488e-05,1.0,0.0027488339692354202,6.230769157409668,,,,,,,
21494,0.17294590175151825,0.005561981815844774,0.02304624207317829,1.1010302305221558,34099,0.9499544501304626,1.0,0.8590604066848755,0.5868938259138599,2.54699607467046e-05,1.0,0.012033717706799507,6.0872483253479,,,,,,,
21499,,,,,34104,,,,,,,,,0.9196598529815674,0.7736979126930237,0.2707867920398712,0.27299007773399353,0.9997395873069763,0.004406606778502464,16.0
21544,0.3410840332508087,0.005775486119091511,0.01918409951031208,2.2173261642456055,34149,0.9291233420372009,1.0,0.7769784331321716,0.6020780752832666,2.533034057705663e-05,0.9856114983558655,0.0123458132147789,6.5971221923828125,,,,,,,
21594,0.12244174629449844,0.004355005454272032,0.020889295265078545,0.7365978360176086,34199,0.9366410374641418,1.0,0.8207547068595886,0.6245865212119259,2.519099143682979e-05,1.0,0.013815986923873425,6.575471878051758,,,,,,,
21599,,,,,34204,,,,,,,,,0.9213188290596008,0.7778645753860474,0.267304003238678,0.26943352818489075,1.0,0.0042589944787323475,16.0
21644,0.12492868304252625,0.00545298820361495,0.013841915875673294,0.6756975054740906,34249,0.9513142108917236,1.0,0.8548387289047241,0.5991752130834502,2.5051913326024078e-05,1.0,0.005820778664201498,5.653225898742676,,,,,,,
21694,0.1462624967098236,0.0053587364964187145,0.013724243268370628,1.0323792695999146,34299,0.9605925679206848,1.0,0.8799999952316284,0.6142381771747673,2.4913108063628897e-05,1.0,0.004509227350354195,5.432000160217285,,,,,,,
21699,,,,,34304,,,,,,,,,0.9206501245498657,0.7778645753860474,0.26833292841911316,0.270541787147522,0.9997395873069763,0.004417784977704287,16.0
21744,0.20076559484004974,0.005688002333045006,0.019310709089040756,1.125867486000061,34349,0.9398572444915771,1.0,0.8348624110221863,0.6190828641235688,2.4774577468633652e-05,0.9908257126808167,0.011118880473077297,5.706421852111816,,,,,,,
21794,0.2515444755554199,0.004339502193033695,0.01851837709546089,1.3755134344100952,34399,0.8998100757598877,1.0,0.7115384340286255,0.6371756036736882,2.4636321541038342e-05,1.0,0.00979974027723074,7.432692527770996,,,,,,,
21799,,,,,34404,,,,,,,,,0.9227591156959534,0.78515625,0.26490411162376404,0.26713746786117554,0.9997395873069763,0.004466603975743055,16.0
21844,0.12190982699394226,0.0049324422143399715,0.009238115511834621,0.7654213309288025,34449,0.9296607375144958,1.0,0.7983193397521973,0.6225626466233039,2.449834209983237e-05,1.0,0.003207748755812645,7.033613681793213,,,,,,,
21894,0.27453237771987915,0.005946285557001829,0.0388595350086689,1.2350627183914185,34499,0.9422507882118225,1.0,0.8264462947845459,0.6097970776750936,2.4360640964005142e-05,0.9834710955619812,0.015598188154399395,6.190082550048828,,,,,,,
21899,,,,,34504,,,,,,,,,0.9230003356933594,0.78515625,0.2655189633369446,0.26765549182891846,0.9997395873069763,0.00427312171086669,16.0
21944,0.36826077103614807,0.004999513737857342,0.016119707375764847,2.4222707748413086,34549,0.949780285358429,1.0,0.8559321761131287,0.6142583905808292,2.422321995254606e-05,0.9830508232116699,0.008574256673455238,5.271186351776123,,,,,,,
21994,0.31996724009513855,0.006207374390214682,0.021593427285552025,1.539028286933899,34599,0.9426879286766052,1.0,0.8373983502388,0.6262150527525617,2.4086080884444527e-05,0.9918699264526367,0.004953322932124138,6.02439022064209,,,,,,,
21999,,,,,34604,,,,,,,,,0.9236465692520142,0.7861979007720947,0.26477164030075073,0.266961932182312,1.0,0.004380593542009592,16.0
22044,0.22878079116344452,0.0074331145733594894,0.021251847967505455,1.0266221761703491,34649,0.9421810507774353,1.0,0.824999988079071,0.6242927343351887,2.3949225578689948e-05,0.9916666746139526,0.02157840132713318,6.541666507720947,,,,,,,
22094,0.19914335012435913,0.004849314223974943,0.015517383813858032,1.1468499898910522,34699,0.9329806566238403,1.0,0.8120300769805908,0.6046553558788436,2.3812652216292918e-05,0.9924812316894531,0.009160649962723255,6.466165542602539,,,,,,,
22099,,,,,34704,,,,,,,,,0.9246270656585693,0.7908853888511658,0.26376762986183167,0.26695626974105835,0.9997395873069763,0.006377209909260273,16.0
22144,0.1996479034423828,0.006730437278747559,0.021160410717129707,1.19342041015625,34749,0.9332259297370911,1.0,0.8086956739425659,0.6211336637063536,2.3676366254221648e-05,1.0,0.008420527912676334,6.339130401611328,,,,,,,
22194,0.17933346331119537,0.00515715079382062,0.025507554411888123,1.051967978477478,34799,0.9565772414207458,1.0,0.8706896305084229,0.6107150166535761,2.354036769247614e-05,0.9913793206214905,0.00880029983818531,5.905172348022461,,,,,,,
22199,,,,,34804,,,,,,,,,0.9236240386962891,0.7861979007720947,0.26407429575920105,0.2673608362674713,0.9997395873069763,0.006573142483830452,16.0
22244,0.19164277613162994,0.004995616618543863,0.015922686085104942,1.1840910911560059,34849,0.9259259104728699,1.0,0.7857142686843872,0.6267867015642286,2.3404658350045793e-05,1.0,0.010320394299924374,6.5089287757873535,,,,,,,
22294,0.3356558382511139,0.006516598165035248,0.030622851103544235,2.008288621902466,34899,0.9410727620124817,1.0,0.8067227005958557,0.6188108821277126,2.326923822693061e-05,0.9915966391563416,0.017132483422756195,6.478991508483887,,,,,,,
22299,,,,,34904,,,,,,,,,0.9211323857307434,0.7786458134651184,0.266512006521225,0.26975974440574646,0.9997395873069763,0.0064954254776239395,16.0
22344,0.24572953581809998,0.005001046694815159,0.01881306804716587,1.828454613685608,34949,0.938560962677002,1.0,0.8125,0.599255391538128,2.3134109142119996e-05,0.984375,0.017154771834611893,6.0859375,,,,,,,
22394,0.23041215538978577,0.0049241031520068645,0.03078557923436165,1.2836393117904663,34999,0.9496426582336426,1.0,0.8508771657943726,0.6200613750978226,2.2999272914603353e-05,1.0,0.01793905347585678,6.070175647735596,,,,,,,
22399,,,,,35004,,,,,,,,,0.9219425320625305,0.7817708253860474,0.2680530846118927,0.27240580320358276,0.999218761920929,0.00870540738105774,16.0
22444,0.286853551864624,0.005351725500077009,0.0221195537596941,1.6862061023712158,35049,0.9355834722518921,1.0,0.8064516186714172,0.590597787837306,2.2864733182359487e-05,1.0,0.009938003495335579,6.927419185638428,,,,,,,
22494,0.21354855597019196,0.005195112898945808,0.0305585078895092,1.2851108312606812,35099,0.9330132007598877,1.0,0.7870370149612427,0.6285751665168613,2.2730488126398996e-05,1.0,0.01907598227262497,6.268518447875977,,,,,,,
22499,,,,,35104,,,,,,,,,0.9229101538658142,0.784375011920929,0.26433733105659485,0.26752743124961853,0.9997395873069763,0.006380186416208744,16.0
22544,0.31423816084861755,0.005506996065378189,0.02617800608277321,2.1793365478515625,35149,0.9398986101150513,1.0,0.8062015771865845,0.6010484298305646,2.2596539565711282e-05,0.9922480583190918,0.017315801233053207,6.488372325897217,,,,,,,
22594,0.17749206721782684,0.006011257413774729,0.01696939580142498,0.9026050567626953,35199,0.9248285293579102,1.0,0.7925925850868225,0.6245590645184389,2.2462891138275154e-05,1.0,0.007106367032974958,6.711111068725586,,,,,,,
22599,,,,,35204,,,,,,,,,0.9226658940315247,0.7838541865348816,0.2667786478996277,0.2700013220310211,0.9997395873069763,0.0064452229999005795,16.0
22644,0.3396391272544861,0.005486394744366407,0.025932040065526962,1.8935195207595825,35249,0.9266975522041321,1.0,0.7767857313156128,0.6306265642644244,2.232954284409061e-05,1.0,0.010902350768446922,7.026785850524902,,,,,,,
22694,0.23786161839962006,0.0055226911790668964,0.021788954734802246,1.263542890548706,35299,0.9451814293861389,1.0,0.8358209133148193,0.6064591736676468,2.2196496502147056e-05,0.9925373196601868,0.014859363436698914,6.305970191955566,,,,,,,
22699,,,,,35304,,,,,,,,,0.9225823879241943,0.7838541865348816,0.2633014917373657,0.2664453685283661,0.9994791746139526,0.006287761032581329,16.0
22744,0.19809597730636597,0.0059876153245568275,0.021208573132753372,1.2543187141418457,35349,0.9415295124053955,1.0,0.8194444179534912,0.6077374541789393,2.206375211244449e-05,0.9930555820465088,0.01273970864713192,6.486111164093018,,,,,,,
22794,0.1414792686700821,0.004872485063970089,0.02053588069975376,0.9298168420791626,35399,0.945604681968689,1.0,0.8421052694320679,0.5944156586699939,2.193131331296172e-05,1.0,0.0035195022355765104,6.406014919281006,,,,,,,
22799,,,,,35404,,,,,,,,,0.9249967932701111,0.7919270992279053,0.26384928822517395,0.2669996917247772,0.9997395873069763,0.006300777662545443,16.0
22844,0.2120233029127121,0.004515068139880896,0.012330754660069942,1.17843496799469,35449,0.9309670925140381,1.0,0.7916666865348816,0.6042669050500784,2.1799180103698745e-05,1.0,0.006889787502586842,6.724999904632568,,,,,,,
22894,0.3481263518333435,0.00495459558442235,0.028939517214894295,1.8160616159439087,35499,0.9541700482368469,1.0,0.8561151027679443,0.5998730959727333,2.166735430364497e-05,0.9856114983558655,0.012219136580824852,6.086330890655518,,,,,,,
22899,,,,,35504,,,,,,,,,0.925382673740387,0.7924479246139526,0.26174208521842957,0.2637566924095154,1.0,0.004029275383800268,16.0
22944,0.3248412311077118,0.00905228964984417,0.01717522367835045,1.5220471620559692,35549,0.9434054493904114,1.0,0.8316831588745117,0.6367123115160858,2.1535837731789798e-05,0.9900990128517151,0.01008149515837431,6.465346336364746,,,,,,,
22994,0.2025557905435562,0.005711060017347336,0.016326479613780975,1.1512538194656372,35599,0.9388458728790283,1.0,0.8217054009437561,0.6052950169233329,2.1404630388133228e-05,0.9922480583190918,0.009834172204136848,6.6744184494018555,,,,,,,
22999,,,,,35604,,,,,,,,,0.9235146641731262,0.7880208492279053,0.2623322606086731,0.26429957151412964,1.0,0.003934647887945175,16.0
23044,0.136610209941864,0.005286430940032005,0.005536176264286041,0.67190021276474,35649,0.926482081413269,1.0,0.7837837934494019,0.6168694149668347,2.1273734091664664e-05,1.0,0.0016718239057809114,7.549549579620361,,,,,,,
23094,0.1989113688468933,0.005751027259975672,0.022613365203142166,1.1580085754394531,35699,0.9158730506896973,1.0,0.7571428418159485,0.606558169429702,2.1143152480362915e-05,1.0,0.009511925280094147,7.564285755157471,,,,,,,
23099,,,,,35704,,,,,,,,,0.9239165186882019,0.7890625,0.2630743980407715,0.2661299705505371,0.9997395873069763,0.0061111352406442165,16.0
23144,0.2273181825876236,0.004929564893245697,0.022505000233650208,1.569711446762085,35749,0.9277729392051697,1.0,0.8031495809555054,0.5993682626425731,2.1012883735238574e-05,1.0,0.015121014788746834,7.259842395782471,,,,,,,
23194,0.19277605414390564,0.005460066720843315,0.01685517653822899,1.0143436193466187,35799,0.9478501081466675,1.0,0.8534482717514038,0.6027670338887376,2.088293149427045e-05,1.0,0.006442545913159847,6.612069129943848,,,,,,,
23199,,,,,35804,,,,,,,,,0.9244244694709778,0.7895833253860474,0.26244571805000305,0.2656839191913605,0.9997395873069763,0.006476416252553463,16.0
23244,0.3868398070335388,0.00520531227812171,0.02972049079835415,2.341593027114868,35849,0.9389157295227051,1.0,0.8260869383811951,0.6231557952662825,2.075329757644795e-05,1.0,0.010759107768535614,6.217391490936279,,,,,,,
23294,0.17135140299797058,0.004358950536698103,0.0172936599701643,0.9232257008552551,35899,0.9434073567390442,1.0,0.8320000171661377,0.6140709657408869,2.0623980162781663e-05,0.9919999837875366,0.008763309568166733,5.599999904632568,,,,,,,
23299,,,,,35904,,,,,,,,,0.9225887060165405,0.7848958373069763,0.2636808454990387,0.2670542895793915,0.9997395873069763,0.00674690306186676,16.0
23344,0.3347720205783844,0.004651869181543589,0.023065485060214996,1.940256953239441,35949,0.9432467818260193,1.0,0.8283582329750061,0.6030065706578708,2.0494984710239805e-05,0.9850746393203735,0.01577996462583542,6.470149040222168,,,,,,,
23394,0.16536308825016022,0.004906060639768839,0.02086431346833706,1.177830457687378,35999,0.94268798828125,1.0,0.8373983502388,0.6047547047562397,2.036630939983297e-05,1.0,0.008566830307245255,6.390244007110596,,,,,,,
23399,,,,,36004,,,,,,,,,0.9251543283462524,0.7919270992279053,0.2623477280139923,0.2654678523540497,0.9997395873069763,0.006240251008421183,16.0
23444,0.1411268562078476,0.004869665950536728,0.01750188320875168,0.8810557723045349,36049,0.9495279788970947,1.0,0.8529411554336548,0.5934595449085236,2.0237956050550565e-05,0.9926470518112183,0.005892894230782986,5.742647171020508,,,,,,,
23494,0.1405160129070282,0.0047827656380832195,0.013904978521168232,0.7970167398452759,36099,0.9373456835746765,1.0,0.7833333611488342,0.6194332537059439,2.0109928300371394e-05,0.9916666746139526,0.0059732734225690365,6.525000095367432,,,,,,,
23499,,,,,36104,,,,,,,,,0.9247748851776123,0.7901041507720947,0.261851966381073,0.26517146825790405,0.9997395873069763,0.006639031693339348,16.0
23544,0.1244424358010292,0.004586116410791874,0.01084684208035469,0.7755100131034851,36149,0.9536041617393494,1.0,0.8709677457809448,0.6110001107824794,1.9982226149295457e-05,1.0,0.009479150176048279,5.887096881866455,,,,,,,
23594,0.14866667985916138,0.004548062104731798,0.020109521225094795,1.0697335004806519,36199,0.9453827738761902,1.0,0.8320000171661377,0.6064396530727244,1.9854849597322755e-05,1.0,0.010011359117925167,5.840000152587891,,,,,,,
23599,,,,,36204,,,,,,,,,0.9267778992652893,0.7992187738418579,0.2603806257247925,0.26362764835357666,0.9997395873069763,0.0064941272139549255,16.0
23644,0.2050575464963913,0.0060620857402682304,0.026578960940241814,1.4269124269485474,36249,0.9470435976982117,1.0,0.8421052694320679,0.6224157391783258,1.9727802282432094e-05,0.9824561476707458,0.0189659520983696,6.201754570007324,,,,,,,
23694,0.13478167355060577,0.005195235833525658,0.013553817756474018,0.8650069236755371,36299,0.953193724155426,1.0,0.852173924446106,0.6128914162800505,1.9601082385634072e-05,1.0,0.006844806484878063,5.800000190734863,,,,,,,
23699,,,,,36304,,,,,,,,,0.9262345433235168,0.7953125238418579,0.26179611682891846,0.26484692096710205,0.9994791746139526,0.006101538427174091,16.0
23744,0.1856049746274948,0.005126588977873325,0.011786634102463722,1.0061267614364624,36349,0.9593318700790405,1.0,0.8823529481887817,0.5992328426717998,1.94746953638969e-05,1.0,0.005345044657588005,6.420167922973633,,,,,,,
23794,0.17298352718353271,0.004913758020848036,0.016339236870408058,0.9285521507263184,36399,0.9360811710357666,1.0,0.8225806355476379,0.6135251458243395,1.9348641217220575e-05,1.0,0.0069941142573952675,6.016129016876221,,,,,,,
23799,,,,,36404,,,,,,,,,0.9267553687095642,0.796875,0.26082316040992737,0.2648170292377472,0.999218761920929,0.007987714372575283,16.0
23844,0.43184295296669006,0.005186132621020079,0.023213058710098267,2.551931619644165,36449,0.9398028254508972,1.0,0.8062015771865845,0.6060612024423936,1.92229199456051e-05,0.9844961166381836,0.01829305849969387,6.3643412590026855,,,,,,,
23894,0.3165014982223511,0.005263485014438629,0.025109924376010895,1.4045445919036865,36499,0.9430727362632751,1.0,0.8253968358039856,0.6044183172017332,1.9097531549050473e-05,0.9841269850730896,0.010102782398462296,6.230158805847168,,,,,,,
23899,,,,,36504,,,,,,,,,0.9258519411087036,0.7932291626930237,0.2587811052799225,0.2621406018733978,0.9997395873069763,0.006718998774886131,16.0
23944,0.19264298677444458,0.005345177836716175,0.018177920952439308,1.2354576587677002,36549,0.9576296210289001,1.0,0.8640000224113464,0.5946270169847498,1.8972481484524906e-05,1.0,0.008109492249786854,6.104000091552734,,,,,,,
23994,0.11855511367321014,0.004432100336998701,0.01277177408337593,0.7178594470024109,36599,0.9141414165496826,1.0,0.7636363506317139,0.6270394745875787,1.8847769752028398e-05,1.0,0.005904348101466894,6.790909290313721,,,,,,,
23999,,,,,36604,,,,,,,,,0.9274144768714905,0.7992187738418579,0.2593773901462555,0.26258528232574463,0.9994791746139526,0.006415755953639746,16.0
24044,0.5663524270057678,0.005167210940271616,0.04038214683532715,3.691723585128784,36649,0.9299382567405701,1.0,0.8083333373069763,0.6154277730324758,1.872339635156095e-05,1.0,0.01157098077237606,5.958333492279053,,,,,,,
24094,0.15416286885738373,0.0049138180911540985,0.018026500940322876,0.8828257918357849,36699,0.9421363472938538,1.0,0.843478262424469,0.6237775755447599,1.8599363102111965e-05,1.0,0.0065481881611049175,5.721739292144775,,,,,,,
24099,,,,,36704,,,,,,,,,0.9295492172241211,0.8057291507720947,0.25608813762664795,0.25902625918388367,0.9997395873069763,0.005876305513083935,16.0
24144,0.3022491931915283,0.00505846319720149,0.03833440691232681,1.5939420461654663,36749,0.9348262548446655,1.0,0.8139534592628479,0.5957740560911212,1.8475670003681444e-05,1.0,0.01856790855526924,6.124031066894531,,,,,,,
24194,0.19141949713230133,0.005299295298755169,0.01641959324479103,1.0275745391845703,36799,0.952045738697052,1.0,0.8429751992225647,0.6159365461863011,1.8352322513237596e-05,0.9917355179786682,0.01084889005869627,6.107438087463379,,,,,,,
24199,,,,,36804,,,,,,,,,0.926594614982605,0.7947916388511658,0.26117125153541565,0.2645537853240967,0.9997395873069763,0.006765100639313459,16.0
24244,0.21622583270072937,0.00504275131970644,0.027350587770342827,1.2533633708953857,36849,0.9155900478363037,1.0,0.7674418687820435,0.6078389119982588,1.8229316992801614e-05,0.9922480583190918,0.010238489136099815,6.891472816467285,,,,,,,
24294,0.21469706296920776,0.004242119379341602,0.025679970160126686,1.3382374048233032,36899,0.9600694179534912,1.0,0.875,0.5995197623810703,1.810665889934171e-05,1.0,0.012130044400691986,5.765625,,,,,,,
24299,,,,,36904,,,,,,,,,0.927838921546936,0.7986978888511658,0.2563914358615875,0.2594323754310608,0.9997395873069763,0.006081878207623959,16.0
24344,0.15849922597408295,0.005146401934325695,0.012886345386505127,0.8566557765007019,36949,0.9441760778427124,1.0,0.834782600402832,0.5973884898616169,1.798434641386848e-05,1.0,0.005659664049744606,6.330434799194336,,,,,,,
24394,0.1409788578748703,0.0052076526917517185,0.016329608857631683,0.7719519734382629,36999,0.9572879672050476,1.0,0.8548387289047241,0.6037404191705051,1.7862381355371326e-05,0.9919354915618896,0.005271448753774166,5.435483932495117,,,,,,,
24399,,,,,37004,,,,,,,,,0.9273984432220459,0.7963541746139526,0.2582504153251648,0.2613173723220825,0.9997395873069763,0.00613390700891614,16.0
24444,0.24620391428470612,0.00526456581428647,0.030214393511414528,1.1746292114257812,37049,0.9389047026634216,1.0,0.8205128312110901,0.6193708977395077,1.7740767361829057e-05,0.9914529919624329,0.008152009919285774,6.290598392486572,,,,,,,
24494,0.45133689045906067,0.004507302772253752,0.03073081187903881,2.8194546699523926,37099,0.9534883499145508,1.0,0.8527131676673889,0.5895315202933094,1.7619504433241673e-05,0.9922480583190918,0.017836768180131912,6.317829608917236,,,,,,,
24499,,,,,37104,,,,,,,,,0.9278098940849304,0.7981770634651184,0.2604902386665344,0.2646457850933075,0.9994791746139526,0.008311046287417412,16.0
24544,0.18844804167747498,0.004524957854300737,0.012669291347265244,1.1612390279769897,37149,0.9515588879585266,1.0,0.8644067645072937,0.6070474951202479,1.7498592569609173e-05,1.0,0.005043345503509045,5.694915294647217,,,,,,,
24594,0.3551234006881714,0.004809922073036432,0.040451597422361374,1.8933062553405762,37199,0.9566872119903564,1.0,0.875,0.6013261440832511,1.7378035408910364e-05,1.0,0.011596882715821266,5.633333206176758,,,,,,,
24599,,,,,37204,,,,,,,,,0.927314817905426,0.7973958253860474,0.2591751217842102,0.26241615414619446,0.9997395873069763,0.006482085678726435,16.0
24644,0.29610496759414673,0.005184320267289877,0.024612190201878548,2.0214786529541016,37249,0.9435626268386841,1.0,0.831932783126831,0.6041792076499215,1.7257831132155843e-05,0.9831932783126831,0.008731321431696415,6.1008405685424805,,,,,,,
24694,0.19840168952941895,0.006222230847924948,0.014986870810389519,1.0460929870605469,37299,0.9344964623451233,1.0,0.8099173307418823,0.6090524898104268,1.713798519631382e-05,1.0,0.0059238215908408165,6.198347091674805,,,,,,,
24699,,,,,37304,,,,,,,,,0.9297003149986267,0.8052083253860474,0.2536839246749878,0.25594839453697205,1.0,0.0045289150439202785,16.0
24744,0.11758561432361603,0.004909156356006861,0.013097603805363178,0.7387070059776306,37349,0.9319975972175598,1.0,0.7950819730758667,0.6095167408894009,1.701849396340549e-05,1.0,0.008782969787716866,7.024590015411377,,,,,,,
24794,0.28260910511016846,0.004982007201761007,0.019067931920289993,1.7700167894363403,37399,0.9451546669006348,1.0,0.8495575189590454,0.6118533600695566,1.689936289039906e-05,1.0,0.010656369850039482,6.530973434448242,,,,,,,
24799,,,,,37404,,,,,,,,,0.9255787134170532,0.792187511920929,0.26130908727645874,0.2632645070552826,0.9997395873069763,0.003910896833986044,16.0
24844,0.5859013795852661,0.005613458342850208,0.03214218094944954,3.5077881813049316,37449,0.970071017742157,1.0,0.9166666865348816,0.5962725819456405,1.6780591977294534e-05,1.0,0.014955155551433563,5.219696998596191,,,,,,,
24894,0.155085951089859,0.005446115508675575,0.01595769263803959,0.9434142112731934,37499,0.918829619884491,1.0,0.7637795209884644,0.609380477770799,1.666218122409191e-05,1.0,0.007984709925949574,7.401574611663818,,,,,,,
24899,,,,,37504,,,,,,,,,0.9258326888084412,0.79296875,0.2625901401042938,0.26474156975746155,1.0,0.004302882123738527,16.0
24944,0.23469309508800507,0.004908744245767593,0.025539951398968697,1.2009319067001343,37549,0.9598514437675476,1.0,0.869918704032898,0.5997681972106044,1.654413244978059e-05,0.9837398529052734,0.008093351498246193,5.284553050994873,,,,,,,
24994,0.4234301447868347,0.0051131583750247955,0.021594149991869926,2.291173219680786,37599,0.9479644894599915,1.0,0.8429751992225647,0.6080944986461672,1.6426449292339385e-05,1.0,0.004267260432243347,5.719008445739746,,,,,,,
24999,,,,,37604,,,,,,,,,0.9268581867218018,0.796875,0.260209858417511,0.2622145116329193,0.9997395873069763,0.004009363241493702,16.0
25044,0.2402583360671997,0.004856152459979057,0.020798180252313614,1.4026535749435425,37649,0.9412801861763,1.0,0.8403361439704895,0.6135291849708328,1.6309128113789484e-05,1.0,0.010614368133246899,5.529411792755127,,,,,,,
25094,0.21530768275260925,0.004454663023352623,0.01905922032892704,1.1565355062484741,37699,0.9428629875183105,1.0,0.8347107172012329,0.6023595092763618,1.6192176190088503e-05,1.0,0.013183876872062683,5.892561912536621,,,,,,,
25099,,,,,37704,,,,,,,,,0.9280574321746826,0.7989583611488342,0.2591777741909027,0.2609795928001404,1.0,0.0036035873927176,16.0
25144,0.1464625746011734,0.0057178582064807415,0.01539246179163456,0.9500598907470703,37749,0.9370768666267395,1.0,0.8225806355476379,0.5994226462550536,1.6075589883257635e-05,1.0,0.006851402577012777,6.354838848114014,,,,,,,
25194,0.21308594942092896,0.004523042589426041,0.01594589836895466,1.12644624710083,37799,0.9246218204498291,1.0,0.7887324094772339,0.6038165711035334,1.5959372831275687e-05,1.0,0.007794844917953014,7.035211086273193,,,,,,,
25199,,,,,37804,,,,,,,,,0.9274563193321228,0.7984374761581421,0.25864455103874207,0.26077109575271606,1.0,0.00425307359546423,16.0
25244,0.22877435386180878,0.00534861022606492,0.02575746364891529,1.5839061737060547,37849,0.9580246806144714,1.0,0.8615384697914124,0.6056986678111405,1.5843525034142658e-05,0.9923076629638672,0.015374738723039627,5.4076924324035645,,,,,,,
25294,0.1487342268228531,0.004785431083291769,0.01192878931760788,0.8363615274429321,37899,0.9614744782447815,1.0,0.8794326186180115,0.5998075106762376,1.5728048310847953e-05,0.9929078221321106,0.004964865744113922,5.106382846832275,,,,,,,
25299,,,,,37904,,,,,,,,,0.9274916052818298,0.7994791865348816,0.25816836953163147,0.26013973355293274,1.0,0.0039427014999091625,16.0
25344,0.23842091858386993,0.004550513345748186,0.016313200816512108,1.5824545621871948,37949,0.949371337890625,1.0,0.8440366983413696,0.6160086749514824,1.5612944480380975e-05,0.9908257126808167,0.008443116210401058,6.055046081542969,,,,,,,
25394,0.16697049140930176,0.00492079695686698,0.01933206617832184,1.0641363859176636,37999,0.940825879573822,1.0,0.818965494632721,0.6138842808127385,1.5498213542741723e-05,1.0,0.006592372432351112,6.379310131072998,,,,,,,
25399,,,,,38004,,,,,,,,,0.9261670708656311,0.7971354126930237,0.259287029504776,0.26131173968315125,1.0,0.004049443639814854,16.0
25444,0.24175000190734863,0.00572795607149601,0.011077703908085823,1.1270108222961426,38049,0.9493929147720337,1.0,0.8512396812438965,0.6094126480310672,1.5383859135909006e-05,1.0,0.0037681194953620434,6.066115856170654,,,,,,,
25494,0.1723100244998932,0.005399965215474367,0.009301955811679363,0.8486766815185547,38099,0.9357483386993408,1.0,0.8102189898490906,0.5988821492397863,1.526987944089342e-05,1.0,0.004096196964383125,5.751824855804443,,,,,,,
25499,,,,,38104,,,,,,,,,0.9269997477531433,0.796875,0.2587261497974396,0.26041898131370544,1.0,0.00338567397557199,16.0
25544,0.15603087842464447,0.004650168586522341,0.012724537402391434,0.9451166987419128,38149,0.9339313507080078,1.0,0.8046875,0.6029891979316233,1.5156277186179068e-05,0.9921875,0.010552985593676567,6.484375,,,,,,,
25594,0.3791988790035248,0.0047884429804980755,0.021350698545575142,1.948287010192871,38199,0.9565544724464417,1.0,0.8549618124961853,0.5983016020150848,1.5043054190755356e-05,0.9923664331436157,0.01170055940747261,5.847328186035156,,,,,,,
25599,,,,,38204,,,,,,,,,0.9279481768608093,0.8013020753860474,0.25873202085494995,0.2606894373893738,1.0,0.0039148530922830105,16.0
25644,0.18971052765846252,0.004145030863583088,0.023564981296658516,1.3325942754745483,38249,0.9391605257987976,1.0,0.8240000009536743,0.6152467698773985,1.4930209545127582e-05,0.9919999837875366,0.012782479636371136,5.760000228881836,,,,,,,
25694,0.3383771777153015,0.004400299396365881,0.027028091251850128,2.08836030960083,38299,0.9502567648887634,1.0,0.8540145754814148,0.5871906410190488,1.4817746887274552e-05,0.9927007555961609,0.02216583490371704,5.525547504425049,,,,,,,
25699,,,,,38304,,,,,,,,,0.9289255142211914,0.8013020753860474,0.25653719902038574,0.25865766406059265,1.0,0.004240952432155609,16.0
25744,0.15547163784503937,0.004544365219771862,0.018320433795452118,0.8251957297325134,38349,0.9469521045684814,1.0,0.8515625,0.5998198607213855,1.4705666217196267e-05,1.0,0.007248695474117994,5.84375,,,,,,,
25794,0.326835572719574,0.004849334247410297,0.017945876345038414,1.7970777750015259,38399,0.9346582293510437,1.0,0.8130081295967102,0.5894912883418013,1.4593968444387428e-05,0.9918699264526367,0.00722692534327507,6.219511985778809,,,,,,,
25799,,,,,38404,,,,,,,,,0.926925778388977,0.7966145873069763,0.2597232758998871,0.2616825997829437,1.0,0.003918662201613188,16.0
25844,0.20386163890361786,0.005098346155136824,0.016326474025845528,1.2032939195632935,38449,0.9592512249946594,1.0,0.8888888955116272,0.5705600511020645,1.448265538783744e-05,1.0,0.013288987800478935,5.679738521575928,,,,,,,
25894,0.3467943072319031,0.005083899479359388,0.03300804644823074,2.1775991916656494,38499,0.9258396029472351,1.0,0.7902097702026367,0.5927273934707851,1.4371727957041003e-05,0.9930070042610168,0.013458669185638428,6.230769157409668,,,,,,,
25899,,,,,38504,,,,,,,,,0.9250128269195557,0.7919270992279053,0.26131218671798706,0.26301109790802,1.0,0.003397830994799733,16.0
25944,0.394606351852417,0.005116424523293972,0.032705195248126984,2.4491262435913086,38549,0.9511827826499939,1.0,0.8549618124961853,0.6090056288926803,1.4261187970987521e-05,0.9923664331436157,0.012880767695605755,5.58015251159668,,,,,,,
25994,0.22325707972049713,0.004890568554401398,0.023059070110321045,1.2234907150268555,38599,0.9336166977882385,1.0,0.8032786846160889,0.6074211132578757,1.4151035429676995e-05,0.9918032884597778,0.011781733483076096,6.270491600036621,,,,,,,
25999,,,,,38604,,,,,,,,,0.9289899468421936,0.8020833134651184,0.25700610876083374,0.25885695219039917,1.0,0.003701691748574376,16.0
26044,0.20573218166828156,0.005625713616609573,0.011393154039978981,1.1225584745407104,38649,0.9610489010810852,1.0,0.8759689927101135,0.6035538957950597,1.4041273061593529e-05,1.0,0.005686730146408081,6.271317958831787,,,,,,,
26094,0.23437529802322388,0.005528375972062349,0.03180135786533356,1.5468378067016602,38699,0.9683697819709778,1.0,0.9051094651222229,0.5831428649745996,1.3931899957242422e-05,1.0,0.016646962612867355,5.080291748046875,,,,,,,
26099,,,,,38704,,,,,,,,,0.9286104440689087,0.8013020753860474,0.2589452862739563,0.2617214322090149,0.9997395873069763,0.005552296061068773,16.0
26144,0.24097073078155518,0.0047398824244737625,0.021167505532503128,1.358307123184204,38749,0.963919997215271,1.0,0.8992248177528381,0.5897616855446307,1.3822918845107779e-05,1.0,0.007879551500082016,5.511627674102783,,,,,,,
26194,0.2322731465101242,0.005001509562134743,0.030939292162656784,1.3630369901657104,38799,0.9558255672454834,1.0,0.859375,0.5891794624065788,1.3714331544179004e-05,0.9765625,0.012904725037515163,5.1640625,,,,,,,
26199,,,,,38804,,,,,,,,,0.9303015470504761,0.8067708611488342,0.25565803050994873,0.2587413489818573,0.9997395873069763,0.006166637875139713,16.0
26244,0.17392492294311523,0.004822833463549614,0.010172860696911812,0.9555194973945618,38849,0.9499473571777344,1.0,0.8604651093482971,0.5959886083154131,1.3606137144961394e-05,1.0,0.0029648635536432266,5.767441749572754,,,,,,,
26294,0.16549761593341827,0.0055572460405528545,0.013989565894007683,0.81829833984375,38899,0.9513888955116272,1.0,0.8671875,0.5908687653733791,1.3498337466444355e-05,0.9921875,0.002991297049447894,5.578125,,,,,,,
26299,,,,,38904,,,,,,,,,0.9294785857200623,0.8044270873069763,0.25689706206321716,0.25877535343170166,1.0,0.003756523597985506,16.0
26344,0.25007569789886475,0.005741755478084087,0.022987937554717064,1.4424355030059814,38949,0.965249240398407,1.0,0.8981481194496155,0.5982665752303558,1.339093523711199e-05,1.0,0.016005471348762512,5.092592716217041,,,,,,,
26394,0.25598055124282837,0.004299290478229523,0.029364220798015594,1.531630277633667,38999,0.9707602858543396,1.0,0.902255654335022,0.5874664794426432,1.3283929547469597e-05,1.0,0.008332142606377602,5.586466312408447,,,,,,,
26399,,,,,39004,,,,,,,,,0.9282278418540955,0.8020833134651184,0.25859320163726807,0.2607804834842682,0.9997395873069763,0.004374548327177763,16.0
26444,0.34503257274627686,0.004989716224372387,0.03839109465479851,2.0449421405792236,39049,0.9722435474395752,1.0,0.8965517282485962,0.571457502230186,1.3177322216506582e-05,0.9793103337287903,0.020473074167966843,5.386207103729248,,,,,,,
26494,0.26156389713287354,0.0050387391820549965,0.012174228206276894,1.5720117092132568,39099,0.9584912657737732,1.0,0.8818897604942322,0.590006774601493,1.3071115063212346e-05,1.0,0.007147751282900572,5.590551376342773,,,,,,,
26499,,,,,39104,,,,,,,,,0.9310153126716614,0.8080729246139526,0.2555021345615387,0.2584363520145416,0.9997395873069763,0.0058685364201664925,16.0
26544,0.2609819173812866,0.006678426638245583,0.01792028173804283,1.6023638248443604,39149,0.9558299779891968,1.0,0.8814814686775208,0.5945547618403451,1.2965308997081593e-05,1.0,0.007806509267538786,5.274074077606201,,,,,,,
26594,0.4510467052459717,0.004526888951659203,0.05347993224859238,2.2079479694366455,39199,0.9517396092414856,1.0,0.8347107172012329,0.5973076020007793,1.2859904927609023e-05,0.9752066135406494,0.014725605957210064,5.743801593780518,,,,,,,
26599,,,,,39204,,,,,,,,,0.9327642917633057,0.8158854246139526,0.2523321509361267,0.2553755044937134,0.9994791746139526,0.006086647044867277,16.0
26644,0.27218472957611084,0.005344973411411047,0.00805846881121397,1.1361141204833984,39249,0.9436728358268738,1.0,0.8392857313156128,0.604405590638688,1.2754903764289338e-05,1.0,0.0031037013977766037,6.089285850524902,,,,,,,
26694,0.4837154150009155,0.004224005620926619,0.03161280229687691,2.4912636280059814,39299,0.9532288908958435,1.0,0.8589743375778198,0.5823112946035113,1.265030641661724e-05,0.9871794581413269,0.0232586320489645,5.782051086425781,,,,,,,
26699,,,,,39304,,,,,,,,,0.9297100305557251,0.8065103888511658,0.25598111748695374,0.2591134011745453,0.9997395873069763,0.006264625582844019,16.0
26744,0.29045599699020386,0.004980271216481924,0.021808424964547157,1.948325514793396,39349,0.9392294883728027,1.0,0.818965494632721,0.6050530134870391,1.2546114703582134e-05,0.9913793206214905,0.018642133101820946,6.387930870056152,,,,,,,
26794,0.4325965344905853,0.004925440065562725,0.016757361590862274,2.2640678882598877,39399,0.9525034427642822,1.0,0.8402777910232544,0.5838360206241574,1.244232953467872e-05,0.9861111044883728,0.009211303666234016,6.25,,,,,,,
26799,,,,,39404,,,,,,,,,0.9306069612503052,0.8088541626930237,0.2562461793422699,0.2584642171859741,0.9997395873069763,0.004436028655618429,16.0
26844,0.27737879753112793,0.0050418321043252945,0.020341139286756516,1.525999665260315,39449,0.9646856188774109,1.0,0.8992248177528381,0.5796872249973697,1.23389518194017e-05,1.0,0.012765679508447647,5.759689807891846,,,,,,,
26894,0.21748997271060944,0.00466968584805727,0.013168414123356342,1.1870741844177246,39499,0.9611263871192932,1.0,0.8925619721412659,0.6041566419022268,1.2235982467245776e-05,1.0,0.0033875785302370787,5.2727274894714355,,,,,,,
26899,,,,,39504,,,,,,,,,0.9290445446968079,0.803906261920929,0.25736650824546814,0.25942838191986084,1.0,0.004123729653656483,16.0
26944,0.24233578145503998,0.005146849434822798,0.021313877776265144,1.607078194618225,39549,0.9335684776306152,1.0,0.8095238208770752,0.6042076949599353,1.2133423297200352e-05,0.9920634627342224,0.01738540083169937,6.309523582458496,,,,,,,
26994,0.3341061770915985,0.005600624717772007,0.01703600399196148,1.4529777765274048,39599,0.9494414329528809,1.0,0.841269850730896,0.6106104654466724,1.2031275218760129e-05,0.9920634627342224,0.0088752880692482,5.817460536956787,,,,,,,
26999,,,,,39604,,,,,,,,,0.9321373105049133,0.8125,0.25357964634895325,0.2555578947067261,0.9997395873069763,0.003956482745707035,16.0
27044,0.3625790476799011,0.00499715143814683,0.024922413751482964,1.9268951416015625,39649,0.9711019992828369,1.0,0.9037036895751953,0.5744525274628518,1.1929538231925108e-05,1.0,0.012669455260038376,4.888888835906982,,,,,,,
27094,0.6706821322441101,0.005686250515282154,0.06267491728067398,3.5473103523254395,39699,0.9613569974899292,1.0,0.8780487775802612,0.5912593471408812,1.1828215065179393e-05,1.0,0.02365557663142681,5.682926654815674,,,,,,,
27099,,,,,39704,,,,,,,,,0.9292084574699402,0.8057291507720947,0.2580452859401703,0.2600173354148865,1.0,0.003944117575883865,16.0
27144,0.39942607283592224,0.004282641224563122,0.015693794935941696,2.403646230697632,39749,0.948543906211853,1.0,0.847328245639801,0.5841287284119894,1.1727305718522985e-05,1.0,0.011133919470012188,5.969465732574463,,,,,,,
27194,0.22491122782230377,0.005052503664046526,0.013529142364859581,1.2637442350387573,39799,0.9543476700782776,1.0,0.8705036044120789,0.5909117114300774,1.1626812010945287e-05,1.0,0.006797908805310726,5.532373905181885,,,,,,,
27199,,,,,39804,,,,,,,,,0.9301151037216187,0.8075520992279053,0.25283825397491455,0.25504761934280396,0.9997395873069763,0.004418698139488697,16.0
27244,0.3364737927913666,0.005121235735714436,0.020903896540403366,1.8138443231582642,39849,0.9488087296485901,1.0,0.8535031676292419,0.5784226337377234,1.1526733942446299e-05,1.0,0.009163213893771172,5.624203681945801,,,,,,,
27294,0.27809086441993713,0.004813066218048334,0.01852225884795189,1.7262036800384521,39899,0.9549428224563599,1.0,0.8832116723060608,0.5771476392084613,1.1427074241510127e-05,0.9927007555961609,0.008404227904975414,5.569343090057373,,,,,,,
27299,,,,,39904,,,,,,,,,0.9291280508041382,0.8041666746139526,0.25757381319999695,0.2606607973575592,0.9997395873069763,0.006173975300043821,16.0
27344,0.33798056840896606,0.004858402535319328,0.021197406575083733,1.7123676538467407,39949,0.9653469920158386,1.0,0.8965517282485962,0.5691199275198014,1.1327831998642068e-05,0.9931034445762634,0.017784399911761284,5.08275842666626,,,,,,,
27394,0.3802970051765442,0.004416328389197588,0.026376578956842422,2.0326547622680664,39999,0.9550265073776245,1.0,0.8571428656578064,0.5929951467029737,1.1229009942326229e-05,1.0,0.013826596550643444,6.035714149475098,,,,,,,
27399,,,,,40004,,,,,,,,,0.9295942783355713,0.8057291507720947,0.25572431087493896,0.25966641306877136,0.999218761920929,0.007884148508310318,16.0
27444,0.175425723195076,0.004768311511725187,0.018907353281974792,1.053737998008728,40049,0.9618499279022217,1.0,0.8770492076873779,0.6049141119098305,1.1130608072562609e-05,1.0,0.0063774604350328445,5.180327892303467,,,,,,,
27494,0.23977333307266235,0.004463559947907925,0.012083427049219608,1.3379265069961548,40099,0.923758327960968,1.0,0.7786259651184082,0.5979952922132106,1.103262729884591e-05,0.9847328066825867,0.009313385002315044,6.389312744140625,,,,,,,
27499,,,,,40104,,,,,,,,,0.9327289462089539,0.8130208253860474,0.25284701585769653,0.2547275722026825,0.9997395873069763,0.0037611022125929594,16.0
27544,0.19639718532562256,0.004828459583222866,0.016806187108159065,0.993732750415802,40149,0.9656959176063538,1.0,0.8778625726699829,0.5794787452828276,1.0935070349660236e-05,0.9847328066825867,0.007574796676635742,4.862595558166504,,,,,,,
27594,0.20772859454154968,0.004634264390915632,0.008989544585347176,1.0831456184387207,40199,0.9511914849281311,1.0,0.8604651093482971,0.5979940568217118,1.0837936315510888e-05,1.0,0.004227058496326208,5.7906975746154785,,,,,,,
27599,,,,,40204,,,,,,,,,0.9320505857467651,0.811718761920929,0.2540097236633301,0.2560652196407318,0.9994791746139526,0.004110972862690687,16.0
27644,0.3003982603549957,0.004411166533827782,0.03642917424440384,1.531418800354004,40249,0.962678074836731,1.0,0.8538461327552795,0.5995882058307795,1.0741227015387267e-05,0.9769230484962463,0.01035298965871334,6.138461589813232,,,,,,,
27694,0.2481726109981537,0.005347908940166235,0.022986778989434242,1.3081082105636597,40299,0.9632568359375,1.0,0.8650793433189392,0.5914980003290182,1.0644944268278778e-05,0.9841269850730896,0.00773738045245409,6.111111164093018,,,,,,,
27699,,,,,40304,,,,,,,,,0.9317161440849304,0.8098958134651184,0.25579947233200073,0.2578587830066681,0.9997395873069763,0.004118583630770445,16.0
27744,0.2229120433330536,0.005100236274302006,0.03173314779996872,1.3328394889831543,40349,0.9467235803604126,1.0,0.8692307472229004,0.6134124339264565,1.0549087164690718e-05,1.0,0.02110758051276207,6.0,,,,,,,
27794,0.3139161765575409,0.004798046313226223,0.03091294690966606,1.7374002933502197,40399,0.9564747214317322,1.0,0.8613138794898987,0.5985258619959503,1.0453658433107194e-05,0.985401451587677,0.024969618767499924,5.832116603851318,,,,,,,
27799,,,,,40404,,,,,,,,,0.9303915500640869,0.8067708611488342,0.25720617175102234,0.25930485129356384,0.9997395873069763,0.004197356291115284,16.0
27844,0.20990943908691406,0.004936147481203079,0.01586105115711689,1.2401986122131348,40449,0.9445858001708984,1.0,0.8396946787834167,0.5954792149903042,1.0358658983022906e-05,1.0,0.009673826396465302,6.5190839767456055,,,,,,,
27894,0.37423428893089294,0.006525702774524689,0.022074909880757332,1.8591617345809937,40499,0.9639398455619812,1.0,0.8776978254318237,0.5946261012207987,1.0264088814437855e-05,0.9784172773361206,0.017743950709700584,5.719424247741699,,,,,,,
27899,,,,,40504,,,,,,,,,0.9319638013839722,0.8114583492279053,0.2545757591724396,0.25666114687919617,1.0,0.004170735366642475,16.0
27944,0.3273032307624817,0.007262311410158873,0.018313685432076454,1.401171088218689,40549,0.9469135999679565,1.0,0.8384615182876587,0.603575755684413,1.0169949746341445e-05,1.0,0.0063871718011796474,6.546154022216797,,,,,,,
27994,0.19662140309810638,0.005216244608163834,0.020727258175611496,1.1002213954925537,40599,0.9599892497062683,1.0,0.8832116723060608,0.584585163883303,1.0076242688228376e-05,1.0,0.01006986666470766,5.416058540344238,,,,,,,
27999,,,,,40604,,,,,,,,,0.931053876876831,0.8109375238418579,0.2571417987346649,0.25909221172332764,1.0,0.0039007437881082296,16.0
28044,0.25999972224235535,0.004931312054395676,0.013971833512187004,1.7230770587921143,40649,0.939624547958374,1.0,0.8150684833526611,0.5805174309933919,9.982968549593352e-06,0.9931507110595703,0.016381535679101944,6.472602844238281,,,,,,,
28094,0.3810020089149475,0.005416900850832462,0.04228943958878517,2.2764787673950195,40699,0.9452334642410278,1.0,0.8496240377426147,0.60432964227669,9.890128239931073e-06,1.0,0.016588499769568443,6.127819538116455,,,,,,,
28099,,,,,40704,,,,,,,,,0.9315006732940674,0.811718761920929,0.2578020691871643,0.25974223017692566,1.0,0.003880368312820792,16.0
28144,0.2521386444568634,0.004729356616735458,0.01570872589945793,1.6411792039871216,40749,0.9678833484649658,1.0,0.8985507488250732,0.5721253165995489,9.797723578230944e-06,0.9927536249160767,0.006589220371097326,5.246376991271973,,,,,,,
28194,0.20023386180400848,0.004623547662049532,0.010447245091199875,1.2073910236358643,40799,0.942268431186676,1.0,0.8417266011238098,0.587307763387933,9.705753654998261e-06,1.0,0.006776229944080114,5.8129496574401855,,,,,,,
28199,,,,,40804,,,,,,,,,0.9345550537109375,0.8203125,0.2503865957260132,0.25221043825149536,1.0,0.0036476613022387028,16.0
28244,0.38862499594688416,0.0068169208243489265,0.02519145980477333,2.3689980506896973,40849,0.9679213762283325,1.0,0.9016393423080444,0.5983963306841633,9.614221198717132e-06,0.9918032884597778,0.016100052744150162,5.262295246124268,,,,,,,
28294,0.22572970390319824,0.00493271229788661,0.013524757698178291,1.2334462404251099,40899,0.9612507820129395,1.0,0.8832116723060608,0.593594041912244,9.523126209387556e-06,0.9927007555961609,0.008881228044629097,5.218977928161621,,,,,,,
28299,,,,,40904,,,,,,,,,0.9355259537696838,0.8226562738418579,0.2527539134025574,0.255736380815506,0.9997395873069763,0.005964898969978094,16.0
28344,0.2837618887424469,0.004789428785443306,0.021288888528943062,1.6973698139190674,40949,0.9591376185417175,1.0,0.8661971688270569,0.571893537738493,9.432470505998936e-06,0.98591548204422,0.01815945841372013,5.915493011474609,,,,,,,
28394,0.24095335602760315,0.005323006771504879,0.015157666988670826,1.5109832286834717,40999,0.956437349319458,1.0,0.8714285492897034,0.5867038503528691,9.342254088551272e-06,1.0,0.0061585321091115475,5.464285850524902,,,,,,,
28399,,,,,41004,,,,,,,,,0.9303337931632996,0.80859375,0.257082462310791,0.25991520285606384,0.9997395873069763,0.005665456410497427,16.0
28444,0.24707844853401184,0.0043815434910357,0.01063466351479292,1.5601305961608887,41049,0.9534084796905518,1.0,0.8695651888847351,0.6011696825370828,9.252478776033968e-06,0.991304337978363,0.00835464708507061,5.460869789123535,,,,,,,
28494,0.19237357378005981,0.004740751348435879,0.0217656921595335,1.127370834350586,41099,0.959509551525116,1.0,0.8881118893623352,0.5793461314927364,9.163145477941725e-06,1.0,0.0075542256236076355,5.328671455383301,,,,,,,
28499,,,,,41104,,,,,,,,,0.9332626461982727,0.8161458373069763,0.25366300344467163,0.2557181715965271,1.0,0.0041102757677435875,16.0
28544,0.29995059967041016,0.004958131816238165,0.015462907031178474,1.8570518493652344,41149,0.9466891884803772,1.0,0.8376623392105103,0.5812804805796672,9.074254194274545e-06,0.9870129823684692,0.008148911409080029,5.883116722106934,,,,,,,
28594,0.28337764739990234,0.0045168157666921616,0.028379876166582108,1.7519010305404663,41199,0.9712182283401489,1.0,0.9156626462936401,0.5568900452549614,8.98580674402183e-06,0.9939758777618408,0.017893774434924126,4.927711009979248,,,,,,,
28599,,,,,41204,,,,,,,,,0.9333333373069763,0.8153645992279053,0.2537364363670349,0.25570961833000183,1.0,0.003946368116885424,16.0
28644,0.3106269836425781,0.004418912343680859,0.021862328052520752,2.1322596073150635,41249,0.9325035214424133,1.0,0.8032786846160889,0.5925511127615942,8.89780403667828e-06,0.9836065769195557,0.01790083944797516,6.0409836769104,,,,,,,
28694,0.1823253482580185,0.004419725388288498,0.0171661339700222,1.105491042137146,41299,0.9564269781112671,1.0,0.8823529481887817,0.5823794299600001,8.810246981738601e-06,0.9926470518112183,0.007912294939160347,5.110294342041016,,,,,,,
28699,,,,,41304,,,,,,,,,0.9321438074111938,0.811718761920929,0.253787100315094,0.2555035948753357,1.0,0.0034329781774431467,16.0
28744,0.3674088418483734,0.0058692148886621,0.01327259186655283,1.7906572818756104,41349,0.9461116194725037,1.0,0.8394160866737366,0.5863240933023062,8.723136488697492e-06,1.0,0.005508384667336941,5.897809982299805,,,,,,,
28794,0.31112608313560486,0.004641943145543337,0.02944372035562992,1.7840306758880615,41399,0.9512978196144104,1.0,0.834645688533783,0.6047417124506252,8.636472557554953e-06,0.9763779640197754,0.011363163590431213,5.881889820098877,,,,,,,
28799,,,,,41404,,,,,,,,,0.9313592314720154,0.80859375,0.2537732720375061,0.2566375434398651,0.9997395873069763,0.00572857353836298,16.0
28844,0.23792721331119537,0.004922258201986551,0.01812608353793621,1.2106709480285645,41449,0.9629629254341125,1.0,0.8780487775802612,0.6042846851984931,8.55025791679509e-06,0.9918699264526367,0.008310137316584587,5.227642059326172,,,,,,,
28894,0.2883261442184448,0.004337283316999674,0.022766614332795143,1.8799587488174438,41499,0.9493827223777771,1.0,0.8533333539962769,0.5712531747905936,8.464491656923201e-06,0.9866666793823242,0.015036001801490784,5.806666851043701,,,,,,,
28899,,,,,41504,,,,,,,,,0.9298707246780396,0.8062499761581421,0.2567040026187897,0.2584918141365051,0.9997395873069763,0.0035755650606006384,16.0
28944,0.2123442441225052,0.004249849356710911,0.010501690208911896,1.0541388988494873,41549,0.9424659609794617,1.0,0.8333333134651184,0.5892097726031756,8.379176506423391e-06,1.0,0.005199719220399857,6.147435665130615,,,,,,,
28994,0.20882265269756317,0.005192255135625601,0.014218916185200214,1.1609878540039062,41599,0.9736250638961792,1.0,0.9318181872367859,0.5783209434490231,8.29431155580096e-06,1.0,0.007861923426389694,4.719696998596191,,,,,,,
28999,,,,,41604,,,,,,,,,0.9306938052177429,0.8101562261581421,0.25562188029289246,0.2585858106613159,0.999218761920929,0.005927888210862875,16.0
29044,0.1694076508283615,0.005266077816486359,0.010740436613559723,0.9918498992919922,41649,0.959579348564148,1.0,0.8814814686775208,0.5868394656636886,8.20989953354001e-06,1.0,0.004967258311808109,5.066666603088379,,,,,,,
29094,0.3874950408935547,0.004986278712749481,0.02433943934738636,2.068612813949585,41699,0.9645503163337708,1.0,0.8928571343421936,0.5857411401434754,8.125939530145843e-06,0.9928571581840515,0.01578318141400814,4.878571510314941,,,,,,,
29099,,,,,41704,,,,,,,,,0.9343299865722656,0.8192708492279053,0.25035426020622253,0.25311052799224854,0.9997395873069763,0.005512510892003775,16.0
29144,0.26313984394073486,0.004565021023154259,0.010339886881411076,1.4427800178527832,41749,0.943227231502533,1.0,0.8450704216957092,0.5869107511013585,8.04243336460786e-06,1.0,0.005874969065189362,6.02816915512085,,,,,,,
29194,0.21604862809181213,0.004134499467909336,0.013747747987508774,1.3651279211044312,41799,0.9530261754989624,1.0,0.8617886304855347,0.5952743400074163,7.959382855915464e-06,0.9918699264526367,0.004902772605419159,6.349593639373779,,,,,,,
29199,,,,,41804,,,,,,,,,0.9330664277076721,0.8166666626930237,0.25052523612976074,0.25358787178993225,0.9994791746139526,0.006125303450971842,16.0
29244,0.1913708597421646,0.004579587373882532,0.012187710031867027,1.0320484638214111,41849,0.9505411982536316,1.0,0.8580247163772583,0.5617541705570623,7.876787094573956e-06,1.0,0.0040845745243132114,5.876543045043945,,,,,,,
29294,0.2695198953151703,0.00515735475346446,0.019855394959449768,1.7632386684417725,41899,0.9549952149391174,1.0,0.8581560254096985,0.5866084117208963,7.794647899572738e-06,0.9929078221321106,0.01564723625779152,5.560283660888672,,,,,,,
29299,,,,,41904,,,,,,,,,0.9317193627357483,0.8125,0.2549761235713959,0.2579199969768524,0.9997395873069763,0.005887767765671015,16.0
29344,0.3442775309085846,0.006095717195421457,0.02982735075056553,2.037280797958374,41949,0.9491475224494934,1.0,0.8571428656578064,0.5984618654331806,7.71296618040651e-06,0.9920634627342224,0.019003642722964287,5.587301731109619,,,,,,,
29394,0.32561296224594116,0.00431166123598814,0.020113622769713402,1.764837622642517,41999,0.9492850303649902,1.0,0.8561151027679443,0.5874208213299346,7.631742846569978e-06,1.0,0.009105309844017029,6.143884658813477,,,,,,,
29399,,,,,42004,,,,,,,,,0.929552435874939,0.8059895634651184,0.2547336220741272,0.2576877176761627,0.9997395873069763,0.005908240098506212,16.0
29444,0.3748745322227478,0.004670096095651388,0.01999690942466259,2.266996383666992,42049,0.9496114253997803,1.0,0.8518518805503845,0.5914966389542913,7.550977898063138e-06,0.9925925731658936,0.021855657920241356,5.511111259460449,,,,,,,
29494,0.27851107716560364,0.005448009818792343,0.011626520194113255,1.5448154211044312,42099,0.9467533826828003,1.0,0.8549618124961853,0.6044711730192092,7.4706736086227465e-06,1.0,0.004356788471341133,6.076335906982422,,,,,,,
29499,,,,,42104,,,,,,,,,0.9321180582046509,0.8130208253860474,0.255715548992157,0.2578381597995758,1.0,0.00424523139372468,16.0
29544,0.2993638515472412,0.005458035506308079,0.024899031966924667,2.2363929748535156,42149,0.9605286121368408,1.0,0.8943662047386169,0.577427119107796,7.390829523501452e-06,0.9929577708244324,0.01342413853853941,4.598591327667236,,,,,,,
29594,0.36979174613952637,0.0044260453432798386,0.030841419473290443,1.8873032331466675,42199,0.9487109184265137,1.0,0.8382353186607361,0.5882569770425252,7.311447461688658e-06,0.9779411554336548,0.02269304171204567,5.522058963775635,,,,,,,
29599,,,,,42204,,,,,,,,,0.9315103888511658,0.8119791746139526,0.25270530581474304,0.2547048032283783,1.0,0.003998925443738699,16.0
29644,0.20412525534629822,0.004371199291199446,0.017674963921308517,1.073272705078125,42249,0.9458968043327332,1.0,0.8382353186607361,0.5875639944722657,7.232527877931716e-06,0.9926470518112183,0.010023526847362518,5.470588207244873,,,,,,,
29694,0.2841981053352356,0.0046773250214755535,0.03279173746705055,1.9559675455093384,42299,0.9623975157737732,1.0,0.8931297659873962,0.5767187470539278,7.154071681725327e-06,1.0,0.018850330263376236,5.183206081390381,,,,,,,
29699,,,,,42304,,,,,,,,,0.9304302334785461,0.8088541626930237,0.25551488995552063,0.2577970027923584,1.0,0.0045642550103366375,16.0
29744,0.27901896834373474,0.004738066345453262,0.021121082827448845,1.3815313577651978,42349,0.9569315314292908,1.0,0.8778625726699829,0.5839429991085966,7.076079782564193e-06,1.0,0.015676375478506088,5.70992374420166,,,,,,,
29794,0.18279293179512024,0.004690738394856453,0.01880372315645218,1.2131010293960571,42399,0.9671958088874817,1.0,0.8928571343421936,0.5713352505086748,6.998553089943016e-06,0.9857142567634583,0.007063442841172218,5.300000190734863,,,,,,,
29799,,,,,42404,,,,,,,,,0.9319444298744202,0.813281238079071,0.2529929280281067,0.2559133768081665,0.9997395873069763,0.005840939469635487,16.0
29844,0.29104089736938477,0.004339678678661585,0.030836747959256172,1.776727557182312,42449,0.9586504697799683,1.0,0.8835616707801819,0.5680376167884154,6.921491603861796e-06,0.9931507110595703,0.0166245736181736,6.0547943115234375,,,,,,,
29894,0.27722886204719543,0.004502268973737955,0.033273231238126755,1.2309054136276245,42499,0.9613168239593506,1.0,0.8533333539962769,0.5697370879294464,6.844897598057287e-06,0.9800000190734863,0.006940597202628851,5.666666507720947,,,,,,,
29899,,,,,42504,,,,,,,,,0.9335262179374695,0.8166666626930237,0.25060567259788513,0.252693235874176,1.0,0.004175162874162197,16.0
29944,0.319037526845932,0.004460182506591082,0.019364895299077034,1.700362205505371,42549,0.9539151191711426,1.0,0.8767123222351074,0.5670547144582561,6.768770617782138e-06,1.0,0.012862622737884521,5.609589099884033,,,,,,,
29994,0.2562952935695648,0.0055473679676651955,0.01828731968998909,1.5074697732925415,42599,0.9725853204727173,1.0,0.9191176295280457,0.5806273153291046,6.693112027278403e-06,1.0,0.00555181410163641,5.088235378265381,,,,,,,
29999,,,,,42604,,,,,,,,,0.9311889410018921,0.8106771111488342,0.2552107274532318,0.2582177519798279,0.9997395873069763,0.006014036014676094,16.0
30044,0.21984967589378357,0.005295516923069954,0.015041087754070759,1.1040802001953125,42649,0.9375290274620056,1.0,0.8345864415168762,0.5897585674240751,6.617922736040782e-06,1.0,0.005171961151063442,5.699248313903809,,,,,,,
30094,0.5353100299835205,0.004576076753437519,0.014081793837249279,2.9041993618011475,42699,0.9565858244895935,1.0,0.8675496578216553,0.5594205628226712,6.543203198816627e-06,1.0,0.005671598017215729,5.39072847366333,,,,,,,
30099,,,,,42704,,,,,,,,,0.9300121068954468,0.8072916865348816,0.25776407122612,0.2605922818183899,0.9997395873069763,0.005656349007040262,16.0
30144,0.3731519877910614,0.003978830762207508,0.025119023397564888,2.094557046890259,42749,0.979766845703125,1.0,0.9375,0.5685752926943806,6.46895432510064e-06,0.9930555820465088,0.015701420605182648,4.38194465637207,,,,,,,
30194,0.28667235374450684,0.004508680664002895,0.012729004956781864,1.6635850667953491,42799,0.9476733207702637,1.0,0.8461538553237915,0.5991339702882162,6.395177024387522e-06,0.9923076629638672,0.005419435910880566,5.615384578704834,,,,,,,
30199,,,,,42804,,,,,,,,,0.9323173761367798,0.8153645992279053,0.25410476326942444,0.2561871409416199,0.9997395873069763,0.004164698999375105,16.0
30244,0.19620846211910248,0.004982863087207079,0.02103518880903721,1.0597492456436157,42849,0.9547324776649475,1.0,0.8707482814788818,0.573699390245592,6.3218722061719745e-06,1.0,0.011676421388983727,5.394557952880859,,,,,,,
30294,0.3175620138645172,0.00529428431764245,0.02188381925225258,2.4913318157196045,42899,0.9591643214225769,1.0,0.8769230842590332,0.5926703163080612,6.249040325201349e-06,1.0,0.015980949625372887,5.5923075675964355,,,,,,,
30299,,,,,42904,,,,,,,,,0.9306005239486694,0.8109375238418579,0.2565859854221344,0.2585337460041046,1.0,0.0038955204654484987,16.0
30344,0.28390178084373474,0.005005837883800268,0.027361461892724037,1.644632339477539,42949,0.964713454246521,1.0,0.89552241563797,0.5737284629487676,6.176682290970348e-06,1.0,0.019208218902349472,5.95522403717041,,,,,,,
30394,0.21431858837604523,0.004040678031742573,0.02427985705435276,1.2780197858810425,42999,0.9567006230354309,1.0,0.8768116235733032,0.5839377349885161,6.104799467721023e-06,1.0,0.015496289357542992,5.818840503692627,,,,,,,
30399,,,,,43004,,,,,,,,,0.9317998290061951,0.8148437738418579,0.25475290417671204,0.2576203942298889,0.9994791746139526,0.005734974518418312,16.0
30444,0.2611921429634094,0.004596427083015442,0.015686877071857452,1.563562273979187,43049,0.9659498333930969,1.0,0.8951612710952759,0.5816664087863773,6.033391400706023e-06,1.0,0.010309487581253052,5.411290168762207,,,,,,,
30494,0.29939746856689453,0.004223182797431946,0.02192017063498497,1.5339510440826416,43099,0.975483775138855,1.0,0.9290780425071716,0.5733556659314807,5.962459908914752e-06,1.0,0.012653788551688194,4.886524677276611,,,,,,,
30499,,,,,43104,,,,,,,,,0.9333365559577942,0.8158854246139526,0.25192803144454956,0.2537606954574585,1.0,0.003665283089503646,16.0
30544,0.20192888379096985,0.004548096098005772,0.02175634540617466,1.1864272356033325,43149,0.9541446566581726,1.0,0.8707482814788818,0.5806836946567353,5.8920054470945615e-06,1.0,0.0065033575519919395,5.925169944763184,,,,,,,
30594,0.18493010103702545,0.004541720263659954,0.03174290060997009,0.953522264957428,43199,0.9632835984230042,1.0,0.8766233921051025,0.5700906928983727,5.8220284699928015e-06,0.9935064911842346,0.006493548862636089,5.3701300621032715,,,,,,,
30599,,,,,43204,,,,,,,,,0.9300668239593506,0.809374988079071,0.25417548418045044,0.25635138154029846,1.0,0.004351785872131586,16.0
30644,0.4489935040473938,0.004398267716169357,0.03199651092290878,2.4226479530334473,43249,0.9764469265937805,1.0,0.936170220375061,0.5755994489370813,5.752529887104174e-06,1.0,0.009410146623849869,4.57446813583374,,,,,,,
30694,0.25652191042900085,0.0045847161673009396,0.012815713882446289,1.4130191802978516,43299,0.9456177949905396,1.0,0.8429751992225647,0.6045366946828694,5.683510607923381e-06,0.9917355179786682,0.004722923971712589,5.1487603187561035,,,,,,,
30699,,,,,43304,,,,,,,,,0.9328606724739075,0.815625011920929,0.253389447927475,0.2554320693016052,0.9997395873069763,0.004085257183760405,16.0
30744,0.48556485772132874,0.005660825874656439,0.02522255666553974,2.4741322994232178,43349,0.9397240281105042,1.0,0.8308823704719543,0.5899668382705092,5.614971541945124e-06,1.0,0.014950918965041637,5.772058963775635,,,,,,,
30794,0.3724063038825989,0.005534227937459946,0.02921491116285324,1.9937363862991333,43399,0.9502403140068054,1.0,0.8549618124961853,0.5978793694728118,5.546912689169403e-06,1.0,0.01444926019757986,5.5877861976623535,,,,,,,
30799,,,,,43404,,,,,,,,,0.9324555993080139,0.8153645992279053,0.2529374659061432,0.25519058108329773,1.0,0.004506214521825314,16.0
30844,0.46116653084754944,0.004715247079730034,0.023606374859809875,2.215498685836792,43449,0.9528254270553589,1.0,0.869918704032898,0.5863748686463757,5.479335868585622e-06,1.0,0.017495013773441315,5.7317070960998535,,,,,,,
30894,0.35968393087387085,0.0038444320671260357,0.040027204900979996,1.7828898429870605,43499,0.9694003462791443,1.0,0.8928571343421936,0.5777226607018102,5.4122406254464295e-06,0.9785714149475098,0.01217779889702797,5.278571605682373,,,,,,,
30899,,,,,43504,,,,,,,,,0.9329057335853577,0.8179687261581421,0.2521625757217407,0.2543864846229553,0.9997395873069763,0.0044478182680904865,16.0
30944,0.1481025516986847,0.00408993661403656,0.01608392968773842,0.9600936770439148,43549,0.947815477848053,1.0,0.8439716100692749,0.5842426999345529,5.3456283239938784e-06,1.0,0.005609171465039253,5.3758864402771,,,,,,,
30994,0.29022952914237976,0.004455563146620989,0.021865371614694595,1.5958713293075562,43599,0.9532750248908997,1.0,0.8402777910232544,0.5765182753445832,5.279499873722671e-06,0.9861111044883728,0.009626748971641064,6.125,,,,,,,
30999,,,,,43604,,,,,,,,,0.932539165019989,0.8151041865348816,0.2546844184398651,0.25651729106903076,0.9997395873069763,0.00366570008918643,16.0
31044,0.5277189016342163,0.0043679410591721535,0.02678818441927433,2.6777994632720947,43649,0.9571758508682251,1.0,0.8828125,0.5867186441650644,5.213855274632806e-06,1.0,0.008957366459071636,5.0390625,,,,,,,
31094,0.30979546904563904,0.0044341012835502625,0.026041164994239807,1.865906834602356,43699,0.9596119523048401,1.0,0.8785714507102966,0.5790963109187248,5.148696345713688e-06,0.9928571581840515,0.01752670481801033,5.778571605682373,,,,,,,
31099,,,,,43704,,,,,,,,,0.9305684566497803,0.8119791746139526,0.25537797808647156,0.257600337266922,1.0,0.004444653168320656,16.0
31144,0.675808846950531,0.004495014902204275,0.03211759403347969,3.230947732925415,43749,0.9527860879898071,1.0,0.8581081032752991,0.575967876386713,5.084022632217966e-06,1.0,0.010408686473965645,5.891891956329346,,,,,,,
31194,0.21632851660251617,0.004245920572429895,0.011140112765133381,1.0643235445022583,43799,0.9568682312965393,1.0,0.8797468543052673,0.5752920440704059,5.019835043640342e-06,1.0,0.004132918082177639,5.816455841064453,,,,,,,
31199,,,,,43804,,,,,,,,,0.9311631321907043,0.8138020634651184,0.2562790513038635,0.25931984186172485,0.9997395873069763,0.006081618368625641,16.0
31244,0.3872787654399872,0.004301569890230894,0.03568166121840477,2.381575345993042,43849,0.9529373049736023,1.0,0.8389261960983276,0.5766938514083355,4.9561349442228675e-06,0.9664429426193237,0.029202066361904144,5.919463157653809,,,,,,,
31294,0.23232577741146088,0.0044409362599253654,0.027560269460082054,1.7489460706710815,43899,0.9750402569770813,1.0,0.9202898740768433,0.5647958770537547,4.892922333965544e-06,1.0,0.010744338855147362,4.91304349899292,,,,,,,
31299,,,,,43904,,,,,,,,,0.9320987462997437,0.8140624761581421,0.25458720326423645,0.25791826844215393,0.9997395873069763,0.006662121508270502,16.0
31344,0.5680419206619263,0.004696263000369072,0.05923346057534218,2.9991040229797363,43949,0.9449474215507507,1.0,0.8518518805503845,0.5692653160011312,4.830198122363072e-06,1.0,0.023574184626340866,5.651851654052734,,,,,,,
31394,0.23625503480434418,0.004843052476644516,0.016294315457344055,1.3460607528686523,43999,0.9661306142807007,1.0,0.9144737124443054,0.5752479609718849,4.767963218910154e-06,1.0,0.0073289587162435055,4.861842155456543,,,,,,,
31399,,,,,44004,,,,,,,,,0.9313850402832031,0.8125,0.2548740804195404,0.2577185332775116,0.9997395873069763,0.005688886158168316,16.0
31444,0.27985090017318726,0.004611969459801912,0.013405688107013702,1.4429799318313599,44049,0.9442344307899475,1.0,0.8367347121238708,0.5815446515523717,4.706218078354141e-06,0.9863945841789246,0.008574176579713821,5.401360511779785,,,,,,,
31494,0.24172478914260864,0.004150460474193096,0.021946512162685394,1.2247540950775146,44099,0.9593456983566284,1.0,0.8789808750152588,0.5547168621388852,4.644963155442383e-06,0.993630588054657,0.010519163683056831,5.401273727416992,,,,,,,
31499,,,,,44104,,,,,,,,,0.9311053156852722,0.8122395873069763,0.2558709681034088,0.2580661475658417,1.0,0.00439039571210742,16.0
31544,0.3865288496017456,0.004926607478410006,0.03358156234025955,2.252052068710327,44149,0.9589077234268188,1.0,0.8759124279022217,0.5841314491990881,4.584199359669583e-06,1.0,0.015972472727298737,5.635036468505859,,,,,,,
31594,0.2090301215648651,0.004277074243873358,0.017304668202996254,1.2244834899902344,44199,0.9655349254608154,1.0,0.8958333134651184,0.577172431909742,4.523927145783091e-06,0.9930555820465088,0.007073489483445883,5.111111164093018,,,,,,,
31599,,,,,44204,,,,,,,,,0.9319445490837097,0.8148437738418579,0.25564858317375183,0.2585085928440094,0.9997395873069763,0.005719968117773533,16.0
31644,0.4507460296154022,0.003692016704007983,0.015264119952917099,2.195769786834717,44249,0.9586103558540344,1.0,0.8782051205635071,0.5695254410245942,4.464147423277609e-06,0.9871794581413269,0.01869371347129345,5.730769157409668,,,,,,,
31694,0.24385122954845428,0.00475753890350461,0.018591074272990227,1.3875200748443604,44299,0.9414236545562744,1.0,0.8297872543334961,0.5792250054861311,4.404860646900488e-06,1.0,0.011425591073930264,6.163120746612549,,,,,,,
31699,,,,,44304,,,,,,,,,0.9310120940208435,0.8130208253860474,0.25701597332954407,0.26000702381134033,0.9994791746139526,0.005982103291898966,16.0
31744,0.3118886351585388,0.003720478620380163,0.03078780695796013,1.6727452278137207,44349,0.9662943482398987,1.0,0.8888888955116272,0.5933296034724128,4.34606772614643e-06,0.9920634627342224,0.005933772772550583,5.0,,,,,,,
31794,0.5422685146331787,0.0057754116132855415,0.04981906712055206,2.91847825050354,44399,0.9622031450271606,1.0,0.892307698726654,0.5970787073011686,4.287768661015434e-06,0.9923076629638672,0.03371749445796013,5.615384578704834,,,,,,,
31799,,,,,44404,,,,,,,,,0.9294945597648621,0.8065103888511658,0.25785863399505615,0.25967052578926086,1.0,0.003623767290264368,16.0
31844,0.32515624165534973,0.0038397167809307575,0.02413518726825714,1.562088131904602,44449,0.9561899900436401,1.0,0.8819444179534912,0.5725952718899121,4.229964815749554e-06,1.0,0.006619575433433056,5.50694465637207,,,,,,,
31894,0.21289192140102386,0.004395991563796997,0.019360536709427834,1.260399580001831,44499,0.9484823346138,1.0,0.8496240377426147,0.5834047094238698,4.17265664509614e-06,1.0,0.00734336394816637,5.827067852020264,,,,,,,
31899,,,,,44504,,,,,,,,,0.9309381246566772,0.8125,0.2563309371471405,0.25927117466926575,0.9997395873069763,0.005880401935428381,16.0
31944,0.39869225025177,0.005133877974003553,0.02104855515062809,2.145183563232422,44549,0.9515054821968079,1.0,0.8561151027679443,0.5885406651616085,4.115844603802543e-06,0.9928057789802551,0.011192677542567253,5.258992671966553,,,,,,,
31994,0.3034018874168396,0.004754367750138044,0.013796113431453705,1.7455428838729858,44599,0.9638576507568359,1.0,0.8840579986572266,0.5774152953695695,4.059528691868763e-06,1.0,0.008170826360583305,5.666666507720947,,,,,,,
31999,,,,,44604,,,,,,,,,0.9317644238471985,0.8119791746139526,0.25629091262817383,0.2593831717967987,0.9994791746139526,0.0061844890005886555,16.0
32044,0.35033881664276123,0.00466099102050066,0.023537542670965195,2.058072090148926,44649,0.9588780403137207,1.0,0.8823529481887817,0.5824923181660993,4.003710728284204e-06,0.9852941036224365,0.02205485664308071,5.264705657958984,,,,,,,
32094,0.25586265325546265,0.004138278774917126,0.0348418653011322,1.4069761037826538,44699,0.9640328884124756,1.0,0.8999999761581421,0.5751135852326577,3.948390258301515e-06,1.0,0.013935239985585213,5.526666641235352,,,,,,,
32099,,,,,44704,,,,,,,,,0.9300090074539185,0.80859375,0.25790873169898987,0.2609724700450897,0.9997395873069763,0.0061276014894247055,16.0
32144,0.316300630569458,0.004497091751545668,0.02547750435769558,1.7369023561477661,44749,0.95558762550354,1.0,0.8636363744735718,0.5582850151470877,3.893568646162748e-06,0.9935064911842346,0.01057079341262579,5.857142925262451,,,,,,,
32194,0.36611104011535645,0.004650244954973459,0.024122657254338264,1.9365415573120117,44799,0.9626642465591431,1.0,0.8870967626571655,0.5970941476405294,3.839246346615255e-06,0.9838709831237793,0.010643142275512218,5.620967864990234,,,,,,,
32199,,,,,44804,,,,,,,,,0.9286746978759766,0.8062499761581421,0.25959959626197815,0.2635045349597931,0.999218761920929,0.007809827104210854,16.0
32244,0.24756868183612823,0.004622605629265308,0.014349832199513912,1.3060963153839111,44849,0.949277400970459,1.0,0.8449612259864807,0.5965553493488038,3.7854233596590348e-06,0.9922480583190918,0.007588095497339964,5.550387382507324,,,,,,,
32294,0.22935113310813904,0.004770949482917786,0.0174427330493927,1.228973150253296,44899,0.965910017490387,1.0,0.8903225660324097,0.5654786038822511,3.7321005947887897e-06,1.0,0.010553736239671707,5.238709449768066,,,,,,,
32299,,,,,44904,,,,,,,,,0.9317322969436646,0.8148437738418579,0.25516992807388306,0.25825878977775574,0.9997395873069763,0.006177662871778011,16.0
32344,0.1478436440229416,0.004141645506024361,0.008935045450925827,0.9461749792098999,44949,0.9694145917892456,1.0,0.9096774458885193,0.5576553658792515,3.6792789614992216e-06,1.0,0.003591225016862154,5.012903213500977,,,,,,,
32394,0.38220128417015076,0.00463298661634326,0.014803092926740646,2.331922769546509,44999,0.9500128626823425,1.0,0.8461538553237915,0.5840121146307423,3.626958687164006e-06,0.9860140085220337,0.01248466782271862,6.377622604370117,,,,,,,
32399,,,,,45004,,,,,,,,,0.9303947687149048,0.811718761920929,0.2585028409957886,0.2616686224937439,0.9997395873069763,0.006331583019345999,16.0
32444,0.3556036651134491,0.003842713311314583,0.024235887452960014,2.022722005844116,45049,0.95405113697052,1.0,0.8675496578216553,0.5709165011178288,3.5751402265304932e-06,1.0,0.013898174278438091,5.701986789703369,,,,,,,
32494,0.27558109164237976,0.004236592911183834,0.019742900505661964,2.162771463394165,45099,0.9621859192848206,1.0,0.881118893623352,0.5715553145976684,3.52382426171971e-06,0.9930070042610168,0.012331812642514706,5.832167625427246,,,,,,,
32499,,,,,45104,,,,,,,,,0.930378794670105,0.8104166388511658,0.25970467925071716,0.26378628611564636,0.9994791746139526,0.008163235150277615,16.0
32544,0.22895346581935883,0.004662689287215471,0.01814054325222969,1.4620672464370728,45149,0.9742386937141418,1.0,0.9200000166893005,0.5572211518237249,3.4730117022263585e-06,1.0,0.013920578174293041,5.173333168029785,,,,,,,
32594,0.4587996304035187,0.004531204234808683,0.025727270171046257,2.1505894660949707,45199,0.9610366225242615,1.0,0.8723404407501221,0.5678906555351277,3.422702548050438e-06,0.9858155846595764,0.01709127239882946,4.836879253387451,,,,,,,
32599,,,,,45204,,,,,,,,,0.930828869342804,0.8122395873069763,0.25769755244255066,0.2605048418045044,0.9997395873069763,0.005614596419036388,16.0
32644,0.2734553813934326,0.004602733533829451,0.019454721361398697,1.6443227529525757,45249,0.9724664688110352,1.0,0.9136690497398376,0.5731203250731131,3.3728974813129753e-06,1.0,0.009855332784354687,5.482014179229736,,,,,,,
32694,0.25743338465690613,0.004302367102354765,0.02187253348529339,1.2830369472503662,45299,0.9575039744377136,1.0,0.8775510191917419,0.5697129149457575,3.3235971841349965e-06,1.0,0.015046574175357819,5.605442047119141,,,,,,,
32699,,,,,45304,,,,,,,,,0.9310474395751953,0.8125,0.25800469517707825,0.26138272881507874,0.9997395873069763,0.006756080314517021,16.0
32744,0.4224184453487396,0.003975338768213987,0.02949034422636032,2.6658174991607666,45349,0.9602195620536804,1.0,0.8814814686775208,0.590695448872725,3.2748021112638526e-06,0.9925925731658936,0.012251591309905052,5.592592716217041,,,,,,,
32794,0.49209651350975037,0.004326272755861282,0.04074512794613838,2.772479295730591,45399,0.9556710720062256,1.0,0.8538011908531189,0.5466337174466553,3.2265127174468944e-06,0.9824561476707458,0.03368945047259331,5.543859481811523,,,,,,,
32799,,,,,45404,,,,,,,,,0.9300251007080078,0.8080729246139526,0.25815361738204956,0.2621971666812897,0.999218761920929,0.008087094873189926,16.0
32844,0.3736126124858856,0.005068278405815363,0.01896769553422928,2.210691452026367,45449,0.9653525352478027,1.0,0.9032257795333862,0.5716810416163149,3.1787296848051483e-06,1.0,0.009221596643328667,4.9419355392456055,,,,,,,
32894,0.5814341306686401,0.004457735922187567,0.04377206787467003,2.660539150238037,45499,0.9534270167350769,1.0,0.8551723957061768,0.5650973106376035,3.131453468085965e-06,0.9931034445762634,0.020320193842053413,5.813793182373047,,,,,,,
32899,,,,,45504,,,,,,,,,0.9308416843414307,0.8091145753860474,0.260562539100647,0.26477542519569397,0.9994791746139526,0.008425815962255001,16.0
32944,0.5180931091308594,0.004670704249292612,0.02526010572910309,2.4649057388305664,45549,0.9639126658439636,1.0,0.8803418874740601,0.5779584254664554,3.0846842946630204e-06,0.9829059839248657,0.015016394667327404,4.982905864715576,,,,,,,
32994,0.20394575595855713,0.004456368740648031,0.014626250602304935,1.2936972379684448,45599,0.9637740850448608,1.0,0.8832116723060608,0.5801819199291229,3.038423074031016e-06,0.985401451587677,0.009419462643563747,5.299270153045654,,,,,,,
32999,,,,,45604,,,,,,,,,0.9295749664306641,0.8083333373069763,0.2599093019962311,0.26317280530929565,0.9997395873069763,0.0065271006897091866,16.0
33044,0.26904621720314026,0.004902783315628767,0.024645140394568443,1.8005831241607666,45649,0.9513328671455383,1.0,0.8550724387168884,0.5866358565676073,2.9926702609373024e-06,0.9927536249160767,0.012435123324394226,5.688405990600586,,,,,,,
33094,0.3236115872859955,0.0040531400591135025,0.03860298544168472,1.8052748441696167,45699,0.9695977568626404,1.0,0.884353756904602,0.5579267735239382,2.94742585538188e-06,0.9795918464660645,0.013226613402366638,5.027210712432861,,,,,,,
33099,,,,,45704,,,,,,,,,0.9306842088699341,0.8109375238418579,0.2574757933616638,0.26171863079071045,0.9994791746139526,0.008485611528158188,16.0
33144,0.3019787669181824,0.004537574015557766,0.02049659937620163,1.608963131904602,45749,0.960831344127655,1.0,0.8992805480957031,0.5831989094863214,2.902690994233126e-06,0.9928057789802551,0.007262407802045345,5.366906642913818,,,,,,,
33194,0.2590770423412323,0.003767176531255245,0.014406406320631504,1.514236569404602,45799,0.9619717597961426,1.0,0.8832116723060608,0.5836709117269715,2.8584659048647154e-06,0.9927007555961609,0.013182325288653374,6.094890594482422,,,,,,,
33199,,,,,45804,,,,,,,,,0.9316068887710571,0.8145833611488342,0.25642701983451843,0.2594407796859741,0.9997395873069763,0.006027539726346731,16.0
33244,0.3069037199020386,0.004631791729480028,0.012893653474748135,1.760574221611023,45849,0.9567901492118835,1.0,0.8767123222351074,0.5721521599488845,2.814750814650324e-06,0.9931507110595703,0.00996608566492796,5.075342655181885,,,,,,,
33294,0.304652601480484,0.004826782271265984,0.03825272247195244,1.8913253545761108,45899,0.9745423197746277,1.0,0.9172413945198059,0.5591039398271971,2.7715464057109784e-06,0.9862068891525269,0.02393461763858795,4.537930965423584,,,,,,,
33299,,,,,45904,,,,,,,,,0.9310346245765686,0.8106771111488342,0.2602320611476898,0.2633281946182251,0.9997395873069763,0.006192315835505724,16.0
33344,0.379439115524292,0.004939191974699497,0.034844789654016495,2.1437265872955322,45949,0.9657506346702576,1.0,0.9112903475761414,0.5883820259404049,2.728853132794029e-06,1.0,0.02285943739116192,5.354838848114014,,,,,,,
33394,0.46346014738082886,0.004126911051571369,0.0286543145775795,2.3881633281707764,45999,0.9582735300064087,1.0,0.8682170510292053,0.5728417007704376,2.6866716780205024e-06,0.9922480583190918,0.02019452303647995,5.7519378662109375,,,,,,,
33399,,,,,46004,,,,,,,,,0.9325874447822571,0.815625011920929,0.25710514187812805,0.2609858214855194,0.9994791746139526,0.007761372718960047,16.0
33444,0.253640353679657,0.004381947219371796,0.02293706312775612,1.4485458135604858,46049,0.9816041588783264,1.0,0.9470198750495911,0.55467707121028,2.6450020413903985e-06,1.0,0.014045119285583496,4.523178577423096,,,,,,,
33494,0.385736346244812,0.004136411938816309,0.027972253039479256,2.102074384689331,46099,0.9674009680747986,1.0,0.8823529481887817,0.5707491401769725,2.6038449050247436e-06,0.9803921580314636,0.015927324071526527,5.052287578582764,,,,,,,
33499,,,,,46104,,,,,,,,,0.9288161993026733,0.8067708611488342,0.26192352175712585,0.2650263011455536,0.9997395873069763,0.006205522920936346,16.0
33544,0.36863404512405396,0.0042132968083024025,0.030293229967355728,2.343566656112671,46149,0.9654499292373657,1.0,0.8633093237876892,0.5767610500641316,2.5632007236708887e-06,0.971222996711731,0.024259619414806366,5.223021507263184,,,,,,,
33594,0.42543646693229675,0.0043509965762495995,0.031844474375247955,2.347686290740967,46199,0.9444051384925842,1.0,0.8407643437385559,0.5836981831014758,2.5230699520761846e-06,1.0,0.02174251899123192,5.764331340789795,,,,,,,
33599,,,,,46204,,,,,,,,,0.9294785261154175,0.8072916865348816,0.260555624961853,0.2634604573249817,0.9997395873069763,0.005809678230434656,16.0
33644,0.3733797073364258,0.004400788806378841,0.023262226954102516,2.232261896133423,46249,0.9559082388877869,1.0,0.8655462265014648,0.586560275616683,2.483453044987982e-06,0.9915966391563416,0.018313057720661163,5.26890754699707,,,,,,,
