[exp8059] phase=start elapsed_s=0.000 completed=0 pending=0
[exp8059] phase=before_model_subprocess_work elapsed_s=0.038 completed=0 pending=0
[exp8022] phase=before_model_hash elapsed_s=0.001 completed=0 pending=0
[exp7920] heartbeat elapsed_s=15.000
[exp7920] heartbeat elapsed_s=30.000
[exp7920] heartbeat elapsed_s=45.001
[exp7920] heartbeat elapsed_s=60.001
[exp7920] heartbeat elapsed_s=75.001
[exp8022] phase=after_model_hash elapsed_s=75.795 completed=0 pending=0
[exp7303-validation] before_subprocess capacity elapsed_s=0.000 unit=1/1
[exp7303-validation:capacity] 0, GPU-b52387a2-c625-de87-8d34-e6f64e684bab, 4, 24173
[exp7303-validation:capacity] 1, GPU-7971baff-9583-eaa6-2292-393f930a28f9, 4, 24174
[exp7303-validation] after_subprocess capacity elapsed_s=0.023 exit=0 unit=1/1
ggml_cuda_init: found 2 CUDA devices (Total VRAM: 48353 MiB):
  Device 0: NVIDIA GeForce RTX 3090, compute capability 8.6, VMM: yes, VRAM: 24176 MiB
  Device 1: NVIDIA GeForce RTX 3090, compute capability 8.6, VMM: yes, VRAM: 24176 MiB
[exp8022] phase=before_tokenizer_model_load elapsed_s=75.881 completed=0 pending=0
llama_context: n_ctx_seq (512) > n_ctx_train (0) -- possible training context overflow
[exp8022] phase=after_tokenizer_model_load elapsed_s=76.525 completed=0 pending=0
[exp8059] phase=token_view_seal elapsed_s=76.595 completed=1 pending=95
[exp8059] phase=token_view_seal elapsed_s=76.604 completed=2 pending=94
[exp8059] phase=token_view_seal elapsed_s=76.615 completed=3 pending=93
[exp8059] phase=token_view_seal elapsed_s=76.626 completed=4 pending=92
[exp8059] phase=token_view_seal elapsed_s=76.655 completed=5 pending=91
[exp8059] phase=token_view_seal elapsed_s=76.664 completed=6 pending=90
[exp8059] phase=token_view_seal elapsed_s=76.670 completed=7 pending=89
[exp8059] phase=token_view_seal elapsed_s=76.693 completed=8 pending=88
[exp8059] phase=token_view_seal elapsed_s=76.698 completed=9 pending=87
[exp8059] phase=token_view_seal elapsed_s=76.712 completed=10 pending=86
[exp8059] phase=token_view_seal elapsed_s=76.718 completed=11 pending=85
[exp8059] phase=token_view_seal elapsed_s=76.729 completed=12 pending=84
[exp8059] phase=token_view_seal elapsed_s=76.739 completed=13 pending=83
[exp8059] phase=token_view_seal elapsed_s=76.751 completed=14 pending=82
[exp8059] phase=token_view_seal elapsed_s=76.763 completed=15 pending=81
[exp8059] phase=token_view_seal elapsed_s=76.776 completed=16 pending=80
[exp8059] phase=token_view_seal elapsed_s=76.780 completed=17 pending=79
[exp8059] phase=token_view_seal elapsed_s=76.792 completed=18 pending=78
[exp8059] phase=token_view_seal elapsed_s=76.798 completed=19 pending=77
[exp8059] phase=token_view_seal elapsed_s=76.809 completed=20 pending=76
[exp8059] phase=token_view_seal elapsed_s=76.832 completed=21 pending=75
[exp8059] phase=token_view_seal elapsed_s=76.841 completed=22 pending=74
[exp8059] phase=token_view_seal elapsed_s=76.850 completed=23 pending=73
[exp8059] phase=token_view_seal elapsed_s=76.865 completed=24 pending=72
[exp8059] phase=token_view_seal elapsed_s=76.870 completed=25 pending=71
[exp8059] phase=token_view_seal elapsed_s=76.890 completed=26 pending=70
[exp8059] phase=token_view_seal elapsed_s=76.910 completed=27 pending=69
[exp8059] phase=token_view_seal elapsed_s=76.943 completed=28 pending=68
[exp8059] phase=token_view_seal elapsed_s=76.963 completed=29 pending=67
[exp8059] phase=token_view_seal elapsed_s=76.978 completed=30 pending=66
[exp8059] phase=token_view_seal elapsed_s=76.999 completed=31 pending=65
[exp8059] phase=token_view_seal elapsed_s=77.010 completed=32 pending=64
[exp8059] phase=token_view_seal elapsed_s=77.010 completed=33 pending=63
[exp8059] phase=token_view_seal elapsed_s=77.020 completed=34 pending=62
[exp8059] phase=token_view_seal elapsed_s=77.022 completed=35 pending=61
[exp8059] phase=token_view_seal elapsed_s=77.028 completed=36 pending=60
[exp8059] phase=token_view_seal elapsed_s=77.064 completed=37 pending=59
[exp8059] phase=token_view_seal elapsed_s=77.068 completed=38 pending=58
[exp8059] phase=token_view_seal elapsed_s=77.086 completed=39 pending=57
[exp8059] phase=token_view_seal elapsed_s=77.086 completed=40 pending=56
[exp8059] phase=token_view_seal elapsed_s=77.094 completed=41 pending=55
[exp8059] phase=token_view_seal elapsed_s=77.117 completed=42 pending=54
[exp8059] phase=token_view_seal elapsed_s=77.127 completed=43 pending=53
[exp8059] phase=token_view_seal elapsed_s=77.135 completed=44 pending=52
[exp8059] phase=token_view_seal elapsed_s=77.164 completed=45 pending=51
[exp8059] phase=token_view_seal elapsed_s=77.173 completed=46 pending=50
[exp8059] phase=token_view_seal elapsed_s=77.189 completed=47 pending=49
[exp8059] phase=token_view_seal elapsed_s=77.196 completed=48 pending=48
[exp8059] phase=token_view_seal elapsed_s=77.226 completed=49 pending=47
[exp8059] phase=token_view_seal elapsed_s=77.242 completed=50 pending=46
[exp8059] phase=token_view_seal elapsed_s=77.242 completed=51 pending=45
[exp8059] phase=token_view_seal elapsed_s=77.250 completed=52 pending=44
[exp8059] phase=token_view_seal elapsed_s=77.263 completed=53 pending=43
[exp8059] phase=token_view_seal elapsed_s=77.272 completed=54 pending=42
[exp8059] phase=token_view_seal elapsed_s=77.297 completed=55 pending=41
[exp8059] phase=token_view_seal elapsed_s=77.315 completed=56 pending=40
[exp8059] phase=token_view_seal elapsed_s=77.330 completed=57 pending=39
[exp8059] phase=token_view_seal elapsed_s=77.355 completed=58 pending=38
[exp8059] phase=token_view_seal elapsed_s=77.367 completed=59 pending=37
[exp8059] phase=token_view_seal elapsed_s=77.378 completed=60 pending=36
[exp8059] phase=token_view_seal elapsed_s=77.390 completed=61 pending=35
[exp8059] phase=token_view_seal elapsed_s=77.401 completed=62 pending=34
[exp8059] phase=token_view_seal elapsed_s=77.410 completed=63 pending=33
[exp8059] phase=token_view_seal elapsed_s=77.419 completed=64 pending=32
[exp8059] phase=token_view_seal elapsed_s=77.439 completed=65 pending=31
[exp8059] phase=token_view_seal elapsed_s=77.445 completed=66 pending=30
[exp8059] phase=token_view_seal elapsed_s=77.457 completed=67 pending=29
[exp8059] phase=token_view_seal elapsed_s=77.460 completed=68 pending=28
[exp8059] phase=token_view_seal elapsed_s=77.471 completed=69 pending=27
[exp8059] phase=token_view_seal elapsed_s=77.472 completed=70 pending=26
[exp8059] phase=token_view_seal elapsed_s=77.479 completed=71 pending=25
[exp8059] phase=token_view_seal elapsed_s=77.495 completed=72 pending=24
[exp8059] phase=token_view_seal elapsed_s=77.519 completed=73 pending=23
[exp8059] phase=token_view_seal elapsed_s=77.545 completed=74 pending=22
[exp8059] phase=token_view_seal elapsed_s=77.554 completed=75 pending=21
[exp8059] phase=token_view_seal elapsed_s=77.557 completed=76 pending=20
[exp8059] phase=token_view_seal elapsed_s=77.568 completed=77 pending=19
[exp8059] phase=token_view_seal elapsed_s=77.578 completed=78 pending=18
[exp8059] phase=token_view_seal elapsed_s=77.581 completed=79 pending=17
[exp8059] phase=token_view_seal elapsed_s=77.592 completed=80 pending=16
[exp8059] phase=token_view_seal elapsed_s=77.605 completed=81 pending=15
[exp8059] phase=token_view_seal elapsed_s=77.621 completed=82 pending=14
[exp8059] phase=token_view_seal elapsed_s=77.633 completed=83 pending=13
[exp8059] phase=token_view_seal elapsed_s=77.647 completed=84 pending=12
[exp8059] phase=token_view_seal elapsed_s=77.651 completed=85 pending=11
[exp8059] phase=token_view_seal elapsed_s=77.658 completed=86 pending=10
[exp8059] phase=token_view_seal elapsed_s=77.660 completed=87 pending=9
[exp8059] phase=token_view_seal elapsed_s=77.665 completed=88 pending=8
[exp8059] phase=token_view_seal elapsed_s=77.673 completed=89 pending=7
[exp8059] phase=token_view_seal elapsed_s=77.702 completed=90 pending=6
[exp8059] phase=token_view_seal elapsed_s=77.714 completed=91 pending=5
[exp8059] phase=token_view_seal elapsed_s=77.723 completed=92 pending=4
[exp8059] phase=token_view_seal elapsed_s=77.764 completed=93 pending=3
[exp8059] phase=token_view_seal elapsed_s=77.784 completed=94 pending=2
[exp8059] phase=token_view_seal elapsed_s=77.792 completed=95 pending=1
[exp8059] phase=token_view_seal elapsed_s=77.799 completed=96 pending=0
[exp8022] phase=before_model_load elapsed_s=77.886 completed=0 pending=0
llama_model_loader: loaded meta data with 51 key-value pairs and 866 tensors from /home/ianblenke/.cache/huggingface/hub/models--unsloth--Qwen3.8-27B-GGUF/snapshots/fe1e2a23d973adb629709749dc4f6756df66ef10/Qwen3.8-27B-Q4_K_M.gguf (version GGUF V3 (latest))
llama_model_loader: Dumping metadata keys/values. Note: KV overrides do not apply in this output.
llama_model_loader: - kv   0:                       general.architecture str              = qwen35
llama_model_loader: - kv   1:                               general.type str              = model
llama_model_loader: - kv   2:                     general.sampling.top_k i32              = 20
llama_model_loader: - kv   3:                     general.sampling.top_p f32              = 0.950000
llama_model_loader: - kv   4:                      general.sampling.temp f32              = 1.000000
llama_model_loader: - kv   5:                               general.name str              = Qwen3.8-27B
llama_model_loader: - kv   6:                           general.basename str              = Qwen3.8-27B
llama_model_loader: - kv   7:                        general.description str              = Renewal of the beloved Qwen model, de...
llama_model_loader: - kv   8:                       general.quantized_by str              = Unsloth
llama_model_loader: - kv   9:                         general.size_label str              = 27B
llama_model_loader: - kv  10:                            general.license str              = apache-2.0
llama_model_loader: - kv  11:                           general.repo_url str              = https://huggingface.co/unsloth
llama_model_loader: - kv  12:                   general.base_model.count u32              = 1
llama_model_loader: - kv  13:                  general.base_model.0.name str              = Qwen3.8 27B
llama_model_loader: - kv  14:          general.base_model.0.organization str              = Qwen
llama_model_loader: - kv  15:              general.base_model.0.repo_url str              = https://huggingface.co/Qwen/Qwen3.8-27B
llama_model_loader: - kv  16:                               general.tags arr[str,1]       = ["unsloth"]
llama_model_loader: - kv  17:                         qwen35.block_count u32              = 65
llama_model_loader: - kv  18:                      qwen35.context_length u32              = 262144
llama_model_loader: - kv  19:                    qwen35.embedding_length u32              = 5120
llama_model_loader: - kv  20:                 qwen35.feed_forward_length u32              = 17408
llama_model_loader: - kv  21:                qwen35.attention.head_count u32              = 24
llama_model_loader: - kv  22:             qwen35.attention.head_count_kv u32              = 4
llama_model_loader: - kv  23:             qwen35.rope.dimension_sections arr[i32,4]       = [11, 11, 10, 0]
llama_model_loader: - kv  24:                      qwen35.rope.freq_base f32              = 10000000.000000
llama_model_loader: - kv  25:    qwen35.attention.layer_norm_rms_epsilon f32              = 0.000001
llama_model_loader: - kv  26:                qwen35.attention.key_length u32              = 256
llama_model_loader: - kv  27:              qwen35.attention.value_length u32              = 256
llama_model_loader: - kv  28:                qwen35.nextn_predict_layers u32              = 1
llama_model_loader: - kv  29:                     qwen35.ssm.conv_kernel u32              = 4
llama_model_loader: - kv  30:                      qwen35.ssm.state_size u32              = 128
llama_model_loader: - kv  31:                     qwen35.ssm.group_count u32              = 16
llama_model_loader: - kv  32:                  qwen35.ssm.time_step_rank u32              = 48
llama_model_loader: - kv  33:                      qwen35.ssm.inner_size u32              = 6144
llama_model_loader: - kv  34:             qwen35.full_attention_interval u32              = 4
llama_model_loader: - kv  35:                qwen35.rope.dimension_count u32              = 64
llama_model_loader: - kv  36:                       tokenizer.ggml.model str              = gpt2
llama_model_loader: - kv  37:                         tokenizer.ggml.pre str              = qwen35
llama_model_loader: - kv  38:                      tokenizer.ggml.tokens arr[str,248320]  = ["!", "\"", "#", "$", "%", "&", "'", ...
llama_model_loader: - kv  39:                  tokenizer.ggml.token_type arr[i32,248320]  = [1, 1, 1, 1, 1, 1, 1, 1, 1, 1, 1, 1, ...
llama_model_loader: - kv  40:                      tokenizer.ggml.merges arr[str,247587]  = ["Ġ Ġ", "ĠĠ ĠĠ", "i n", "Ġ t",...
llama_model_loader: - kv  41:                tokenizer.ggml.eos_token_id u32              = 248046
llama_model_loader: - kv  42:            tokenizer.ggml.padding_token_id u32              = 248055
llama_model_loader: - kv  43:                tokenizer.ggml.bos_token_id u32              = 248044
llama_model_loader: - kv  44:               general.quantization_version u32              = 2
llama_model_loader: - kv  45:                          general.file_type u32              = 15
llama_model_loader: - kv  46:                      quantize.imatrix.file str              = Qwen3.8-27B-GGUF/imatrix_unsloth.gguf
llama_model_loader: - kv  47:                   quantize.imatrix.dataset str              = unsloth_calibration_Qwen3.8-27B.txt
llama_model_loader: - kv  48:             quantize.imatrix.entries_count u32              = 496
llama_model_loader: - kv  49:              quantize.imatrix.chunks_count u32              = 45
llama_model_loader: - kv  50:                    tokenizer.chat_template str              = {%- set image_count = namespace(value...
llama_model_loader: - type  f32:  456 tensors
llama_model_loader: - type q8_0:    1 tensors
llama_model_loader: - type q4_K:  294 tensors
llama_model_loader: - type q5_K:   48 tensors
llama_model_loader: - type q6_K:   67 tensors
print_info: file format = GGUF V3 (latest)
print_info: file type   = Q4_K - Medium
print_info: file size   = 15.92 GiB (5.01 BPW) 
llama_prepare_model_devices: using device CUDA0 (NVIDIA GeForce RTX 3090) (0000:03:00.0) - 23911 MiB free
llama_prepare_model_devices: using device CUDA1 (NVIDIA GeForce RTX 3090) (0000:62:00.0) - 23911 MiB free
init_tokenizer: initializing tokenizer for type 2
load: 0 unused tokens
load: control token: 248075 '<tts_text_bos_single>' is not marked as EOG
load: control token: 248073 '<tts_text_bos>' is not marked as EOG
load: control token: 248072 '<tts_pad>' is not marked as EOG
load: control token: 248071 '<|audio_end|>' is not marked as EOG
load: control token: 248061 '<|fim_middle|>' is not marked as EOG
load: control token: 248055 '<|vision_pad|>' is not marked as EOG
load: control token: 248052 '<|quad_end|>' is not marked as EOG
load: control token: 248049 '<|box_start|>' is not marked as EOG
load: control token: 248048 '<|object_ref_end|>' is not marked as EOG
load: control token: 248045 '<|im_start|>' is not marked as EOG
load: control token: 248057 '<|video_pad|>' is not marked as EOG
load: control token: 248070 '<|audio_start|>' is not marked as EOG
load: control token: 248056 '<|image_pad|>' is not marked as EOG
load: control token: 248054 '<|vision_end|>' is not marked as EOG
load: control token: 248060 '<|fim_prefix|>' is not marked as EOG
load: control token: 248050 '<|box_end|>' is not marked as EOG
load: control token: 248074 '<tts_text_eod>' is not marked as EOG
load: control token: 248053 '<|vision_start|>' is not marked as EOG
load: control token: 248062 '<|fim_suffix|>' is not marked as EOG
load: control token: 248047 '<|object_ref_start|>' is not marked as EOG
load: control token: 248051 '<|quad_start|>' is not marked as EOG
load: control token: 248076 '<|audio_pad|>' is not marked as EOG
load: printing all EOG tokens:
load:   - 248044 ('<|endoftext|>')
load:   - 248046 ('<|im_end|>')
load:   - 248063 ('<|fim_pad|>')
load:   - 248064 ('<|repo_name|>')
load:   - 248065 ('<|file_sep|>')
load: special tokens cache size = 33
load: token to piece cache size = 1.7581 MB
print_info: arch                  = qwen35
print_info: vocab_only            = 0
print_info: no_alloc              = 0
print_info: n_ctx_train           = 262144
print_info: n_embd_inp            = 5120
print_info: n_embd                = 5120
print_info: n_embd_out            = 5120
print_info: n_layer               = 64
print_info: n_layer_all           = 65
print_info: n_head                = 24
print_info: n_head_kv             = 4
print_info: n_rot                 = 64
print_info: n_swa                 = 0
print_info: is_swa_any            = 0
print_info: n_embd_head_k         = 256
print_info: n_embd_head_v         = 256
print_info: n_gqa                 = 6
print_info: n_embd_k_gqa          = 1024
print_info: n_embd_v_gqa          = 1024
print_info: f_norm_eps            = 0.0e+00
print_info: f_norm_rms_eps        = 1.0e-06
print_info: f_clamp_kqv           = 0.0e+00
print_info: f_max_alibi_bias      = 0.0e+00
print_info: f_logit_scale         = 0.0e+00
print_info: f_attn_scale          = 0.0e+00
print_info: f_attn_value_scale    = 0.0000
print_info: n_ff                  = 17408
print_info: n_expert              = 0
print_info: n_expert_used         = 0
print_info: n_expert_groups       = 0
print_info: n_group_used          = 0
print_info: causal attn           = 1
print_info: pooling type          = -1
print_info: rope type             = 40
print_info: rope scaling          = linear
print_info: freq_base_train       = 10000000.0
print_info: freq_scale_train      = 1
print_info: n_ctx_orig_yarn       = 262144
print_info: rope_yarn_log_mul     = 0.0000
print_info: rope_finetuned        = unknown
print_info: mrope sections        = [11, 11, 10, 0]
print_info: ssm_d_conv            = 4
print_info: ssm_d_inner           = 6144
print_info: ssm_d_state           = 128
print_info: ssm_dt_rank           = 48
print_info: ssm_n_group           = 16
print_info: ssm_dt_b_c_rms        = 0
print_info: model type            = 27B
print_info: model params          = 27.32 B
print_info: general.name          = Qwen3.8-27B
print_info: vocab type            = BPE
print_info: n_vocab               = 248320
print_info: n_merges              = 247587
print_info: BOS token             = 248044 '<|endoftext|>'
print_info: EOS token             = 248046 '<|im_end|>'
print_info: EOT token             = 248046 '<|im_end|>'
print_info: PAD token             = 248055 '<|vision_pad|>'
print_info: LF token              = 198 'Ċ'
print_info: FIM PRE token         = 248060 '<|fim_prefix|>'
print_info: FIM SUF token         = 248062 '<|fim_suffix|>'
print_info: FIM MID token         = 248061 '<|fim_middle|>'
print_info: FIM PAD token         = 248063 '<|fim_pad|>'
print_info: FIM REP token         = 248064 '<|repo_name|>'
print_info: FIM SEP token         = 248065 '<|file_sep|>'
print_info: EOG token             = 248044 '<|endoftext|>'
print_info: EOG token             = 248046 '<|im_end|>'
print_info: EOG token             = 248063 '<|fim_pad|>'
print_info: EOG token             = 248064 '<|repo_name|>'
print_info: EOG token             = 248065 '<|file_sep|>'
print_info: max token length      = 256
load_tensors: loading model tensors, this can take a while... (mmap = true, direct_io = false)
load_tensors: layer   0 assigned to device CUDA0, is_swa = 0
load_tensors: layer   1 assigned to device CUDA0, is_swa = 0
load_tensors: layer   2 assigned to device CUDA0, is_swa = 0
load_tensors: layer   3 assigned to device CUDA0, is_swa = 0
load_tensors: layer   4 assigned to device CUDA0, is_swa = 0
load_tensors: layer   5 assigned to device CUDA0, is_swa = 0
load_tensors: layer   6 assigned to device CUDA0, is_swa = 0
load_tensors: layer   7 assigned to device CUDA0, is_swa = 0
load_tensors: layer   8 assigned to device CUDA0, is_swa = 0
load_tensors: layer   9 assigned to device CUDA0, is_swa = 0
load_tensors: layer  10 assigned to device CUDA0, is_swa = 0
load_tensors: layer  11 assigned to device CUDA0, is_swa = 0
load_tensors: layer  12 assigned to device CUDA0, is_swa = 0
load_tensors: layer  13 assigned to device CUDA0, is_swa = 0
load_tensors: layer  14 assigned to device CUDA0, is_swa = 0
load_tensors: layer  15 assigned to device CUDA0, is_swa = 0
load_tensors: layer  16 assigned to device CUDA0, is_swa = 0
load_tensors: layer  17 assigned to device CUDA0, is_swa = 0
load_tensors: layer  18 assigned to device CUDA0, is_swa = 0
load_tensors: layer  19 assigned to device CUDA0, is_swa = 0
load_tensors: layer  20 assigned to device CUDA0, is_swa = 0
load_tensors: layer  21 assigned to device CUDA0, is_swa = 0
load_tensors: layer  22 assigned to device CUDA0, is_swa = 0
load_tensors: layer  23 assigned to device CUDA0, is_swa = 0
load_tensors: layer  24 assigned to device CUDA0, is_swa = 0
load_tensors: layer  25 assigned to device CUDA0, is_swa = 0
load_tensors: layer  26 assigned to device CUDA0, is_swa = 0
load_tensors: layer  27 assigned to device CUDA0, is_swa = 0
load_tensors: layer  28 assigned to device CUDA0, is_swa = 0
load_tensors: layer  29 assigned to device CUDA0, is_swa = 0
load_tensors: layer  30 assigned to device CUDA0, is_swa = 0
load_tensors: layer  31 assigned to device CUDA0, is_swa = 0
load_tensors: layer  32 assigned to device CUDA0, is_swa = 0
load_tensors: layer  33 assigned to device CUDA0, is_swa = 0
load_tensors: layer  34 assigned to device CUDA0, is_swa = 0
load_tensors: layer  35 assigned to device CUDA0, is_swa = 0
load_tensors: layer  36 assigned to device CUDA0, is_swa = 0
load_tensors: layer  37 assigned to device CUDA0, is_swa = 0
load_tensors: layer  38 assigned to device CUDA0, is_swa = 0
load_tensors: layer  39 assigned to device CUDA0, is_swa = 0
load_tensors: layer  40 assigned to device CUDA0, is_swa = 0
load_tensors: layer  41 assigned to device CUDA0, is_swa = 0
load_tensors: layer  42 assigned to device CUDA0, is_swa = 0
load_tensors: layer  43 assigned to device CUDA0, is_swa = 0
load_tensors: layer  44 assigned to device CUDA0, is_swa = 0
load_tensors: layer  45 assigned to device CUDA0, is_swa = 0
load_tensors: layer  46 assigned to device CUDA0, is_swa = 0
load_tensors: layer  47 assigned to device CUDA0, is_swa = 0
load_tensors: layer  48 assigned to device CUDA0, is_swa = 0
load_tensors: layer  49 assigned to device CUDA0, is_swa = 0
load_tensors: layer  50 assigned to device CUDA0, is_swa = 0
load_tensors: layer  51 assigned to device CUDA0, is_swa = 0
load_tensors: layer  52 assigned to device CUDA0, is_swa = 0
load_tensors: layer  53 assigned to device CUDA0, is_swa = 0
load_tensors: layer  54 assigned to device CUDA0, is_swa = 0
load_tensors: layer  55 assigned to device CUDA0, is_swa = 0
load_tensors: layer  56 assigned to device CUDA0, is_swa = 0
load_tensors: layer  57 assigned to device CUDA0, is_swa = 0
load_tensors: layer  58 assigned to device CUDA0, is_swa = 0
load_tensors: layer  59 assigned to device CUDA0, is_swa = 0
load_tensors: layer  60 assigned to device CUDA0, is_swa = 0
load_tensors: layer  61 assigned to device CUDA0, is_swa = 0
load_tensors: layer  62 assigned to device CUDA0, is_swa = 0
load_tensors: layer  63 assigned to device CUDA0, is_swa = 0
load_tensors: layer  64 assigned to device CUDA0, is_swa = 0
load_tensors: layer  65 assigned to device CUDA0, is_swa = 0
create_tensor: loading tensor token_embd.weight
create_tensor: loading tensor output_norm.weight
create_tensor: loading tensor output.weight
create_tensor: loading tensor blk.0.attn_norm.weight
create_tensor: loading tensor blk.0.post_attention_norm.weight
create_tensor: loading tensor blk.0.attn_qkv.weight
create_tensor: loading tensor blk.0.attn_gate.weight
create_tensor: loading tensor blk.0.ssm_conv1d.weight
create_tensor: loading tensor blk.0.ssm_dt.bias
create_tensor: loading tensor blk.0.ssm_a
create_tensor: loading tensor blk.0.ssm_beta.weight
create_tensor: loading tensor blk.0.ssm_alpha.weight
create_tensor: loading tensor blk.0.ssm_norm.weight
create_tensor: loading tensor blk.0.ssm_out.weight
create_tensor: loading tensor blk.0.ffn_gate.weight
create_tensor: loading tensor blk.0.ffn_down.weight
create_tensor: loading tensor blk.0.ffn_up.weight
create_tensor: loading tensor blk.1.attn_norm.weight
create_tensor: loading tensor blk.1.post_attention_norm.weight
create_tensor: loading tensor blk.1.attn_qkv.weight
create_tensor: loading tensor blk.1.attn_gate.weight
create_tensor: loading tensor blk.1.ssm_conv1d.weight
create_tensor: loading tensor blk.1.ssm_dt.bias
create_tensor: loading tensor blk.1.ssm_a
create_tensor: loading tensor blk.1.ssm_beta.weight
create_tensor: loading tensor blk.1.ssm_alpha.weight
create_tensor: loading tensor blk.1.ssm_norm.weight
create_tensor: loading tensor blk.1.ssm_out.weight
create_tensor: loading tensor blk.1.ffn_gate.weight
create_tensor: loading tensor blk.1.ffn_down.weight
create_tensor: loading tensor blk.1.ffn_up.weight
create_tensor: loading tensor blk.2.attn_norm.weight
create_tensor: loading tensor blk.2.post_attention_norm.weight
create_tensor: loading tensor blk.2.attn_qkv.weight
create_tensor: loading tensor blk.2.attn_gate.weight
create_tensor: loading tensor blk.2.ssm_conv1d.weight
create_tensor: loading tensor blk.2.ssm_dt.bias
create_tensor: loading tensor blk.2.ssm_a
create_tensor: loading tensor blk.2.ssm_beta.weight
create_tensor: loading tensor blk.2.ssm_alpha.weight
create_tensor: loading tensor blk.2.ssm_norm.weight
create_tensor: loading tensor blk.2.ssm_out.weight
create_tensor: loading tensor blk.2.ffn_gate.weight
create_tensor: loading tensor blk.2.ffn_down.weight
create_tensor: loading tensor blk.2.ffn_up.weight
create_tensor: loading tensor blk.3.attn_norm.weight
create_tensor: loading tensor blk.3.post_attention_norm.weight
create_tensor: loading tensor blk.3.attn_q.weight
create_tensor: loading tensor blk.3.attn_k.weight
create_tensor: loading tensor blk.3.attn_v.weight
create_tensor: loading tensor blk.3.attn_output.weight
create_tensor: loading tensor blk.3.attn_q_norm.weight
create_tensor: loading tensor blk.3.attn_k_norm.weight
create_tensor: loading tensor blk.3.ffn_gate.weight
create_tensor: loading tensor blk.3.ffn_down.weight
create_tensor: loading tensor blk.3.ffn_up.weight
create_tensor: loading tensor blk.4.attn_norm.weight
create_tensor: loading tensor blk.4.post_attention_norm.weight
create_tensor: loading tensor blk.4.attn_qkv.weight
create_tensor: loading tensor blk.4.attn_gate.weight
create_tensor: loading tensor blk.4.ssm_conv1d.weight
create_tensor: loading tensor blk.4.ssm_dt.bias
create_tensor: loading tensor blk.4.ssm_a
create_tensor: loading tensor blk.4.ssm_beta.weight
create_tensor: loading tensor blk.4.ssm_alpha.weight
create_tensor: loading tensor blk.4.ssm_norm.weight
create_tensor: loading tensor blk.4.ssm_out.weight
create_tensor: loading tensor blk.4.ffn_gate.weight
create_tensor: loading tensor blk.4.ffn_down.weight
create_tensor: loading tensor blk.4.ffn_up.weight
create_tensor: loading tensor blk.5.attn_norm.weight
create_tensor: loading tensor blk.5.post_attention_norm.weight
create_tensor: loading tensor blk.5.attn_qkv.weight
create_tensor: loading tensor blk.5.attn_gate.weight
create_tensor: loading tensor blk.5.ssm_conv1d.weight
create_tensor: loading tensor blk.5.ssm_dt.bias
create_tensor: loading tensor blk.5.ssm_a
create_tensor: loading tensor blk.5.ssm_beta.weight
create_tensor: loading tensor blk.5.ssm_alpha.weight
create_tensor: loading tensor blk.5.ssm_norm.weight
create_tensor: loading tensor blk.5.ssm_out.weight
create_tensor: loading tensor blk.5.ffn_gate.weight
create_tensor: loading tensor blk.5.ffn_down.weight
create_tensor: loading tensor blk.5.ffn_up.weight
create_tensor: loading tensor blk.6.attn_norm.weight
create_tensor: loading tensor blk.6.post_attention_norm.weight
create_tensor: loading tensor blk.6.attn_qkv.weight
create_tensor: loading tensor blk.6.attn_gate.weight
create_tensor: loading tensor blk.6.ssm_conv1d.weight
create_tensor: loading tensor blk.6.ssm_dt.bias
create_tensor: loading tensor blk.6.ssm_a
create_tensor: loading tensor blk.6.ssm_beta.weight
create_tensor: loading tensor blk.6.ssm_alpha.weight
create_tensor: loading tensor blk.6.ssm_norm.weight
create_tensor: loading tensor blk.6.ssm_out.weight
create_tensor: loading tensor blk.6.ffn_gate.weight
create_tensor: loading tensor blk.6.ffn_down.weight
create_tensor: loading tensor blk.6.ffn_up.weight
create_tensor: loading tensor blk.7.attn_norm.weight
create_tensor: loading tensor blk.7.post_attention_norm.weight
create_tensor: loading tensor blk.7.attn_q.weight
create_tensor: loading tensor blk.7.attn_k.weight
create_tensor: loading tensor blk.7.attn_v.weight
create_tensor: loading tensor blk.7.attn_output.weight
create_tensor: loading tensor blk.7.attn_q_norm.weight
create_tensor: loading tensor blk.7.attn_k_norm.weight
create_tensor: loading tensor blk.7.ffn_gate.weight
create_tensor: loading tensor blk.7.ffn_down.weight
create_tensor: loading tensor blk.7.ffn_up.weight
create_tensor: loading tensor blk.8.attn_norm.weight
create_tensor: loading tensor blk.8.post_attention_norm.weight
create_tensor: loading tensor blk.8.attn_qkv.weight
create_tensor: loading tensor blk.8.attn_gate.weight
create_tensor: loading tensor blk.8.ssm_conv1d.weight
create_tensor: loading tensor blk.8.ssm_dt.bias
create_tensor: loading tensor blk.8.ssm_a
create_tensor: loading tensor blk.8.ssm_beta.weight
create_tensor: loading tensor blk.8.ssm_alpha.weight
create_tensor: loading tensor blk.8.ssm_norm.weight
create_tensor: loading tensor blk.8.ssm_out.weight
create_tensor: loading tensor blk.8.ffn_gate.weight
create_tensor: loading tensor blk.8.ffn_down.weight
create_tensor: loading tensor blk.8.ffn_up.weight
create_tensor: loading tensor blk.9.attn_norm.weight
create_tensor: loading tensor blk.9.post_attention_norm.weight
create_tensor: loading tensor blk.9.attn_qkv.weight
create_tensor: loading tensor blk.9.attn_gate.weight
create_tensor: loading tensor blk.9.ssm_conv1d.weight
create_tensor: loading tensor blk.9.ssm_dt.bias
create_tensor: loading tensor blk.9.ssm_a
create_tensor: loading tensor blk.9.ssm_beta.weight
create_tensor: loading tensor blk.9.ssm_alpha.weight
create_tensor: loading tensor blk.9.ssm_norm.weight
create_tensor: loading tensor blk.9.ssm_out.weight
create_tensor: loading tensor blk.9.ffn_gate.weight
create_tensor: loading tensor blk.9.ffn_down.weight
create_tensor: loading tensor blk.9.ffn_up.weight
create_tensor: loading tensor blk.10.attn_norm.weight
create_tensor: loading tensor blk.10.post_attention_norm.weight
create_tensor: loading tensor blk.10.attn_qkv.weight
create_tensor: loading tensor blk.10.attn_gate.weight
create_tensor: loading tensor blk.10.ssm_conv1d.weight
create_tensor: loading tensor blk.10.ssm_dt.bias
create_tensor: loading tensor blk.10.ssm_a
create_tensor: loading tensor blk.10.ssm_beta.weight
create_tensor: loading tensor blk.10.ssm_alpha.weight
create_tensor: loading tensor blk.10.ssm_norm.weight
create_tensor: loading tensor blk.10.ssm_out.weight
create_tensor: loading tensor blk.10.ffn_gate.weight
create_tensor: loading tensor blk.10.ffn_down.weight
create_tensor: loading tensor blk.10.ffn_up.weight
create_tensor: loading tensor blk.11.attn_norm.weight
create_tensor: loading tensor blk.11.post_attention_norm.weight
create_tensor: loading tensor blk.11.attn_q.weight
create_tensor: loading tensor blk.11.attn_k.weight
create_tensor: loading tensor blk.11.attn_v.weight
create_tensor: loading tensor blk.11.attn_output.weight
create_tensor: loading tensor blk.11.attn_q_norm.weight
create_tensor: loading tensor blk.11.attn_k_norm.weight
create_tensor: loading tensor blk.11.ffn_gate.weight
create_tensor: loading tensor blk.11.ffn_down.weight
create_tensor: loading tensor blk.11.ffn_up.weight
create_tensor: loading tensor blk.12.attn_norm.weight
create_tensor: loading tensor blk.12.post_attention_norm.weight
create_tensor: loading tensor blk.12.attn_qkv.weight
create_tensor: loading tensor blk.12.attn_gate.weight
create_tensor: loading tensor blk.12.ssm_conv1d.weight
create_tensor: loading tensor blk.12.ssm_dt.bias
create_tensor: loading tensor blk.12.ssm_a
create_tensor: loading tensor blk.12.ssm_beta.weight
create_tensor: loading tensor blk.12.ssm_alpha.weight
create_tensor: loading tensor blk.12.ssm_norm.weight
create_tensor: loading tensor blk.12.ssm_out.weight
create_tensor: loading tensor blk.12.ffn_gate.weight
create_tensor: loading tensor blk.12.ffn_down.weight
create_tensor: loading tensor blk.12.ffn_up.weight
create_tensor: loading tensor blk.13.attn_norm.weight
create_tensor: loading tensor blk.13.post_attention_norm.weight
create_tensor: loading tensor blk.13.attn_qkv.weight
create_tensor: loading tensor blk.13.attn_gate.weight
create_tensor: loading tensor blk.13.ssm_conv1d.weight
create_tensor: loading tensor blk.13.ssm_dt.bias
create_tensor: loading tensor blk.13.ssm_a
create_tensor: loading tensor blk.13.ssm_beta.weight
create_tensor: loading tensor blk.13.ssm_alpha.weight
create_tensor: loading tensor blk.13.ssm_norm.weight
create_tensor: loading tensor blk.13.ssm_out.weight
create_tensor: loading tensor blk.13.ffn_gate.weight
create_tensor: loading tensor blk.13.ffn_down.weight
create_tensor: loading tensor blk.13.ffn_up.weight
create_tensor: loading tensor blk.14.attn_norm.weight
create_tensor: loading tensor blk.14.post_attention_norm.weight
create_tensor: loading tensor blk.14.attn_qkv.weight
create_tensor: loading tensor blk.14.attn_gate.weight
create_tensor: loading tensor blk.14.ssm_conv1d.weight
create_tensor: loading tensor blk.14.ssm_dt.bias
create_tensor: loading tensor blk.14.ssm_a
create_tensor: loading tensor blk.14.ssm_beta.weight
create_tensor: loading tensor blk.14.ssm_alpha.weight
create_tensor: loading tensor blk.14.ssm_norm.weight
create_tensor: loading tensor blk.14.ssm_out.weight
create_tensor: loading tensor blk.14.ffn_gate.weight
create_tensor: loading tensor blk.14.ffn_down.weight
create_tensor: loading tensor blk.14.ffn_up.weight
create_tensor: loading tensor blk.15.attn_norm.weight
create_tensor: loading tensor blk.15.post_attention_norm.weight
create_tensor: loading tensor blk.15.attn_q.weight
create_tensor: loading tensor blk.15.attn_k.weight
create_tensor: loading tensor blk.15.attn_v.weight
create_tensor: loading tensor blk.15.attn_output.weight
create_tensor: loading tensor blk.15.attn_q_norm.weight
create_tensor: loading tensor blk.15.attn_k_norm.weight
create_tensor: loading tensor blk.15.ffn_gate.weight
create_tensor: loading tensor blk.15.ffn_down.weight
create_tensor: loading tensor blk.15.ffn_up.weight
create_tensor: loading tensor blk.16.attn_norm.weight
create_tensor: loading tensor blk.16.post_attention_norm.weight
create_tensor: loading tensor blk.16.attn_qkv.weight
create_tensor: loading tensor blk.16.attn_gate.weight
create_tensor: loading tensor blk.16.ssm_conv1d.weight
create_tensor: loading tensor blk.16.ssm_dt.bias
create_tensor: loading tensor blk.16.ssm_a
create_tensor: loading tensor blk.16.ssm_beta.weight
create_tensor: loading tensor blk.16.ssm_alpha.weight
create_tensor: loading tensor blk.16.ssm_norm.weight
create_tensor: loading tensor blk.16.ssm_out.weight
create_tensor: loading tensor blk.16.ffn_gate.weight
create_tensor: loading tensor blk.16.ffn_down.weight
create_tensor: loading tensor blk.16.ffn_up.weight
create_tensor: loading tensor blk.17.attn_norm.weight
create_tensor: loading tensor blk.17.post_attention_norm.weight
create_tensor: loading tensor blk.17.attn_qkv.weight
create_tensor: loading tensor blk.17.attn_gate.weight
create_tensor: loading tensor blk.17.ssm_conv1d.weight
create_tensor: loading tensor blk.17.ssm_dt.bias
create_tensor: loading tensor blk.17.ssm_a
create_tensor: loading tensor blk.17.ssm_beta.weight
create_tensor: loading tensor blk.17.ssm_alpha.weight
create_tensor: loading tensor blk.17.ssm_norm.weight
create_tensor: loading tensor blk.17.ssm_out.weight
create_tensor: loading tensor blk.17.ffn_gate.weight
create_tensor: loading tensor blk.17.ffn_down.weight
create_tensor: loading tensor blk.17.ffn_up.weight
create_tensor: loading tensor blk.18.attn_norm.weight
create_tensor: loading tensor blk.18.post_attention_norm.weight
create_tensor: loading tensor blk.18.attn_qkv.weight
create_tensor: loading tensor blk.18.attn_gate.weight
create_tensor: loading tensor blk.18.ssm_conv1d.weight
create_tensor: loading tensor blk.18.ssm_dt.bias
create_tensor: loading tensor blk.18.ssm_a
create_tensor: loading tensor blk.18.ssm_beta.weight
create_tensor: loading tensor blk.18.ssm_alpha.weight
create_tensor: loading tensor blk.18.ssm_norm.weight
create_tensor: loading tensor blk.18.ssm_out.weight
create_tensor: loading tensor blk.18.ffn_gate.weight
create_tensor: loading tensor blk.18.ffn_down.weight
create_tensor: loading tensor blk.18.ffn_up.weight
create_tensor: loading tensor blk.19.attn_norm.weight
create_tensor: loading tensor blk.19.post_attention_norm.weight
create_tensor: loading tensor blk.19.attn_q.weight
create_tensor: loading tensor blk.19.attn_k.weight
create_tensor: loading tensor blk.19.attn_v.weight
create_tensor: loading tensor blk.19.attn_output.weight
create_tensor: loading tensor blk.19.attn_q_norm.weight
create_tensor: loading tensor blk.19.attn_k_norm.weight
create_tensor: loading tensor blk.19.ffn_gate.weight
create_tensor: loading tensor blk.19.ffn_down.weight
create_tensor: loading tensor blk.19.ffn_up.weight
create_tensor: loading tensor blk.20.attn_norm.weight
create_tensor: loading tensor blk.20.post_attention_norm.weight
create_tensor: loading tensor blk.20.attn_qkv.weight
create_tensor: loading tensor blk.20.attn_gate.weight
create_tensor: loading tensor blk.20.ssm_conv1d.weight
create_tensor: loading tensor blk.20.ssm_dt.bias
create_tensor: loading tensor blk.20.ssm_a
create_tensor: loading tensor blk.20.ssm_beta.weight
create_tensor: loading tensor blk.20.ssm_alpha.weight
create_tensor: loading tensor blk.20.ssm_norm.weight
create_tensor: loading tensor blk.20.ssm_out.weight
create_tensor: loading tensor blk.20.ffn_gate.weight
create_tensor: loading tensor blk.20.ffn_down.weight
create_tensor: loading tensor blk.20.ffn_up.weight
create_tensor: loading tensor blk.21.attn_norm.weight
create_tensor: loading tensor blk.21.post_attention_norm.weight
create_tensor: loading tensor blk.21.attn_qkv.weight
create_tensor: loading tensor blk.21.attn_gate.weight
create_tensor: loading tensor blk.21.ssm_conv1d.weight
create_tensor: loading tensor blk.21.ssm_dt.bias
create_tensor: loading tensor blk.21.ssm_a
create_tensor: loading tensor blk.21.ssm_beta.weight
create_tensor: loading tensor blk.21.ssm_alpha.weight
create_tensor: loading tensor blk.21.ssm_norm.weight
create_tensor: loading tensor blk.21.ssm_out.weight
create_tensor: loading tensor blk.21.ffn_gate.weight
create_tensor: loading tensor blk.21.ffn_down.weight
create_tensor: loading tensor blk.21.ffn_up.weight
create_tensor: loading tensor blk.22.attn_norm.weight
create_tensor: loading tensor blk.22.post_attention_norm.weight
create_tensor: loading tensor blk.22.attn_qkv.weight
create_tensor: loading tensor blk.22.attn_gate.weight
create_tensor: loading tensor blk.22.ssm_conv1d.weight
create_tensor: loading tensor blk.22.ssm_dt.bias
create_tensor: loading tensor blk.22.ssm_a
create_tensor: loading tensor blk.22.ssm_beta.weight
create_tensor: loading tensor blk.22.ssm_alpha.weight
create_tensor: loading tensor blk.22.ssm_norm.weight
create_tensor: loading tensor blk.22.ssm_out.weight
create_tensor: loading tensor blk.22.ffn_gate.weight
create_tensor: loading tensor blk.22.ffn_down.weight
create_tensor: loading tensor blk.22.ffn_up.weight
create_tensor: loading tensor blk.23.attn_norm.weight
create_tensor: loading tensor blk.23.post_attention_norm.weight
create_tensor: loading tensor blk.23.attn_q.weight
create_tensor: loading tensor blk.23.attn_k.weight
create_tensor: loading tensor blk.23.attn_v.weight
create_tensor: loading tensor blk.23.attn_output.weight
create_tensor: loading tensor blk.23.attn_q_norm.weight
create_tensor: loading tensor blk.23.attn_k_norm.weight
create_tensor: loading tensor blk.23.ffn_gate.weight
create_tensor: loading tensor blk.23.ffn_down.weight
create_tensor: loading tensor blk.23.ffn_up.weight
create_tensor: loading tensor blk.24.attn_norm.weight
create_tensor: loading tensor blk.24.post_attention_norm.weight
create_tensor: loading tensor blk.24.attn_qkv.weight
create_tensor: loading tensor blk.24.attn_gate.weight
create_tensor: loading tensor blk.24.ssm_conv1d.weight
create_tensor: loading tensor blk.24.ssm_dt.bias
create_tensor: loading tensor blk.24.ssm_a
create_tensor: loading tensor blk.24.ssm_beta.weight
create_tensor: loading tensor blk.24.ssm_alpha.weight
create_tensor: loading tensor blk.24.ssm_norm.weight
create_tensor: loading tensor blk.24.ssm_out.weight
create_tensor: loading tensor blk.24.ffn_gate.weight
create_tensor: loading tensor blk.24.ffn_down.weight
create_tensor: loading tensor blk.24.ffn_up.weight
create_tensor: loading tensor blk.25.attn_norm.weight
create_tensor: loading tensor blk.25.post_attention_norm.weight
create_tensor: loading tensor blk.25.attn_qkv.weight
create_tensor: loading tensor blk.25.attn_gate.weight
create_tensor: loading tensor blk.25.ssm_conv1d.weight
create_tensor: loading tensor blk.25.ssm_dt.bias
create_tensor: loading tensor blk.25.ssm_a
create_tensor: loading tensor blk.25.ssm_beta.weight
create_tensor: loading tensor blk.25.ssm_alpha.weight
create_tensor: loading tensor blk.25.ssm_norm.weight
create_tensor: loading tensor blk.25.ssm_out.weight
create_tensor: loading tensor blk.25.ffn_gate.weight
create_tensor: loading tensor blk.25.ffn_down.weight
create_tensor: loading tensor blk.25.ffn_up.weight
create_tensor: loading tensor blk.26.attn_norm.weight
create_tensor: loading tensor blk.26.post_attention_norm.weight
create_tensor: loading tensor blk.26.attn_qkv.weight
create_tensor: loading tensor blk.26.attn_gate.weight
create_tensor: loading tensor blk.26.ssm_conv1d.weight
create_tensor: loading tensor blk.26.ssm_dt.bias
create_tensor: loading tensor blk.26.ssm_a
create_tensor: loading tensor blk.26.ssm_beta.weight
create_tensor: loading tensor blk.26.ssm_alpha.weight
create_tensor: loading tensor blk.26.ssm_norm.weight
create_tensor: loading tensor blk.26.ssm_out.weight
create_tensor: loading tensor blk.26.ffn_gate.weight
create_tensor: loading tensor blk.26.ffn_down.weight
create_tensor: loading tensor blk.26.ffn_up.weight
create_tensor: loading tensor blk.27.attn_norm.weight
create_tensor: loading tensor blk.27.post_attention_norm.weight
create_tensor: loading tensor blk.27.attn_q.weight
create_tensor: loading tensor blk.27.attn_k.weight
create_tensor: loading tensor blk.27.attn_v.weight
create_tensor: loading tensor blk.27.attn_output.weight
create_tensor: loading tensor blk.27.attn_q_norm.weight
create_tensor: loading tensor blk.27.attn_k_norm.weight
create_tensor: loading tensor blk.27.ffn_gate.weight
create_tensor: loading tensor blk.27.ffn_down.weight
create_tensor: loading tensor blk.27.ffn_up.weight
create_tensor: loading tensor blk.28.attn_norm.weight
create_tensor: loading tensor blk.28.post_attention_norm.weight
create_tensor: loading tensor blk.28.attn_qkv.weight
create_tensor: loading tensor blk.28.attn_gate.weight
create_tensor: loading tensor blk.28.ssm_conv1d.weight
create_tensor: loading tensor blk.28.ssm_dt.bias
create_tensor: loading tensor blk.28.ssm_a
create_tensor: loading tensor blk.28.ssm_beta.weight
create_tensor: loading tensor blk.28.ssm_alpha.weight
create_tensor: loading tensor blk.28.ssm_norm.weight
create_tensor: loading tensor blk.28.ssm_out.weight
create_tensor: loading tensor blk.28.ffn_gate.weight
create_tensor: loading tensor blk.28.ffn_down.weight
create_tensor: loading tensor blk.28.ffn_up.weight
create_tensor: loading tensor blk.29.attn_norm.weight
create_tensor: loading tensor blk.29.post_attention_norm.weight
create_tensor: loading tensor blk.29.attn_qkv.weight
create_tensor: loading tensor blk.29.attn_gate.weight
create_tensor: loading tensor blk.29.ssm_conv1d.weight
create_tensor: loading tensor blk.29.ssm_dt.bias
create_tensor: loading tensor blk.29.ssm_a
create_tensor: loading tensor blk.29.ssm_beta.weight
create_tensor: loading tensor blk.29.ssm_alpha.weight
create_tensor: loading tensor blk.29.ssm_norm.weight
create_tensor: loading tensor blk.29.ssm_out.weight
create_tensor: loading tensor blk.29.ffn_gate.weight
create_tensor: loading tensor blk.29.ffn_down.weight
create_tensor: loading tensor blk.29.ffn_up.weight
create_tensor: loading tensor blk.30.attn_norm.weight
create_tensor: loading tensor blk.30.post_attention_norm.weight
create_tensor: loading tensor blk.30.attn_qkv.weight
create_tensor: loading tensor blk.30.attn_gate.weight
create_tensor: loading tensor blk.30.ssm_conv1d.weight
create_tensor: loading tensor blk.30.ssm_dt.bias
create_tensor: loading tensor blk.30.ssm_a
create_tensor: loading tensor blk.30.ssm_beta.weight
create_tensor: loading tensor blk.30.ssm_alpha.weight
create_tensor: loading tensor blk.30.ssm_norm.weight
create_tensor: loading tensor blk.30.ssm_out.weight
create_tensor: loading tensor blk.30.ffn_gate.weight
create_tensor: loading tensor blk.30.ffn_down.weight
create_tensor: loading tensor blk.30.ffn_up.weight
create_tensor: loading tensor blk.31.attn_norm.weight
create_tensor: loading tensor blk.31.post_attention_norm.weight
create_tensor: loading tensor blk.31.attn_q.weight
create_tensor: loading tensor blk.31.attn_k.weight
create_tensor: loading tensor blk.31.attn_v.weight
create_tensor: loading tensor blk.31.attn_output.weight
create_tensor: loading tensor blk.31.attn_q_norm.weight
create_tensor: loading tensor blk.31.attn_k_norm.weight
create_tensor: loading tensor blk.31.ffn_gate.weight
create_tensor: loading tensor blk.31.ffn_down.weight
create_tensor: loading tensor blk.31.ffn_up.weight
create_tensor: loading tensor blk.32.attn_norm.weight
create_tensor: loading tensor blk.32.post_attention_norm.weight
create_tensor: loading tensor blk.32.attn_qkv.weight
create_tensor: loading tensor blk.32.attn_gate.weight
create_tensor: loading tensor blk.32.ssm_conv1d.weight
create_tensor: loading tensor blk.32.ssm_dt.bias
create_tensor: loading tensor blk.32.ssm_a
create_tensor: loading tensor blk.32.ssm_beta.weight
create_tensor: loading tensor blk.32.ssm_alpha.weight
create_tensor: loading tensor blk.32.ssm_norm.weight
create_tensor: loading tensor blk.32.ssm_out.weight
create_tensor: loading tensor blk.32.ffn_gate.weight
create_tensor: loading tensor blk.32.ffn_down.weight
create_tensor: loading tensor blk.32.ffn_up.weight
create_tensor: loading tensor blk.33.attn_norm.weight
create_tensor: loading tensor blk.33.post_attention_norm.weight
create_tensor: loading tensor blk.33.attn_qkv.weight
create_tensor: loading tensor blk.33.attn_gate.weight
create_tensor: loading tensor blk.33.ssm_conv1d.weight
create_tensor: loading tensor blk.33.ssm_dt.bias
create_tensor: loading tensor blk.33.ssm_a
create_tensor: loading tensor blk.33.ssm_beta.weight
create_tensor: loading tensor blk.33.ssm_alpha.weight
create_tensor: loading tensor blk.33.ssm_norm.weight
create_tensor: loading tensor blk.33.ssm_out.weight
create_tensor: loading tensor blk.33.ffn_gate.weight
create_tensor: loading tensor blk.33.ffn_down.weight
create_tensor: loading tensor blk.33.ffn_up.weight
create_tensor: loading tensor blk.34.attn_norm.weight
create_tensor: loading tensor blk.34.post_attention_norm.weight
create_tensor: loading tensor blk.34.attn_qkv.weight
create_tensor: loading tensor blk.34.attn_gate.weight
create_tensor: loading tensor blk.34.ssm_conv1d.weight
create_tensor: loading tensor blk.34.ssm_dt.bias
create_tensor: loading tensor blk.34.ssm_a
create_tensor: loading tensor blk.34.ssm_beta.weight
create_tensor: loading tensor blk.34.ssm_alpha.weight
create_tensor: loading tensor blk.34.ssm_norm.weight
create_tensor: loading tensor blk.34.ssm_out.weight
create_tensor: loading tensor blk.34.ffn_gate.weight
create_tensor: loading tensor blk.34.ffn_down.weight
create_tensor: loading tensor blk.34.ffn_up.weight
create_tensor: loading tensor blk.35.attn_norm.weight
create_tensor: loading tensor blk.35.post_attention_norm.weight
create_tensor: loading tensor blk.35.attn_q.weight
create_tensor: loading tensor blk.35.attn_k.weight
create_tensor: loading tensor blk.35.attn_v.weight
create_tensor: loading tensor blk.35.attn_output.weight
create_tensor: loading tensor blk.35.attn_q_norm.weight
create_tensor: loading tensor blk.35.attn_k_norm.weight
create_tensor: loading tensor blk.35.ffn_gate.weight
create_tensor: loading tensor blk.35.ffn_down.weight
create_tensor: loading tensor blk.35.ffn_up.weight
create_tensor: loading tensor blk.36.attn_norm.weight
create_tensor: loading tensor blk.36.post_attention_norm.weight
create_tensor: loading tensor blk.36.attn_qkv.weight
create_tensor: loading tensor blk.36.attn_gate.weight
create_tensor: loading tensor blk.36.ssm_conv1d.weight
create_tensor: loading tensor blk.36.ssm_dt.bias
create_tensor: loading tensor blk.36.ssm_a
create_tensor: loading tensor blk.36.ssm_beta.weight
create_tensor: loading tensor blk.36.ssm_alpha.weight
create_tensor: loading tensor blk.36.ssm_norm.weight
create_tensor: loading tensor blk.36.ssm_out.weight
create_tensor: loading tensor blk.36.ffn_gate.weight
create_tensor: loading tensor blk.36.ffn_down.weight
create_tensor: loading tensor blk.36.ffn_up.weight
create_tensor: loading tensor blk.37.attn_norm.weight
create_tensor: loading tensor blk.37.post_attention_norm.weight
create_tensor: loading tensor blk.37.attn_qkv.weight
create_tensor: loading tensor blk.37.attn_gate.weight
create_tensor: loading tensor blk.37.ssm_conv1d.weight
create_tensor: loading tensor blk.37.ssm_dt.bias
create_tensor: loading tensor blk.37.ssm_a
create_tensor: loading tensor blk.37.ssm_beta.weight
create_tensor: loading tensor blk.37.ssm_alpha.weight
create_tensor: loading tensor blk.37.ssm_norm.weight
create_tensor: loading tensor blk.37.ssm_out.weight
create_tensor: loading tensor blk.37.ffn_gate.weight
create_tensor: loading tensor blk.37.ffn_down.weight
create_tensor: loading tensor blk.37.ffn_up.weight
create_tensor: loading tensor blk.38.attn_norm.weight
create_tensor: loading tensor blk.38.post_attention_norm.weight
create_tensor: loading tensor blk.38.attn_qkv.weight
create_tensor: loading tensor blk.38.attn_gate.weight
create_tensor: loading tensor blk.38.ssm_conv1d.weight
create_tensor: loading tensor blk.38.ssm_dt.bias
create_tensor: loading tensor blk.38.ssm_a
create_tensor: loading tensor blk.38.ssm_beta.weight
create_tensor: loading tensor blk.38.ssm_alpha.weight
create_tensor: loading tensor blk.38.ssm_norm.weight
create_tensor: loading tensor blk.38.ssm_out.weight
create_tensor: loading tensor blk.38.ffn_gate.weight
create_tensor: loading tensor blk.38.ffn_down.weight
create_tensor: loading tensor blk.38.ffn_up.weight
create_tensor: loading tensor blk.39.attn_norm.weight
create_tensor: loading tensor blk.39.post_attention_norm.weight
create_tensor: loading tensor blk.39.attn_q.weight
create_tensor: loading tensor blk.39.attn_k.weight
create_tensor: loading tensor blk.39.attn_v.weight
create_tensor: loading tensor blk.39.attn_output.weight
create_tensor: loading tensor blk.39.attn_q_norm.weight
create_tensor: loading tensor blk.39.attn_k_norm.weight
create_tensor: loading tensor blk.39.ffn_gate.weight
create_tensor: loading tensor blk.39.ffn_down.weight
create_tensor: loading tensor blk.39.ffn_up.weight
create_tensor: loading tensor blk.40.attn_norm.weight
create_tensor: loading tensor blk.40.post_attention_norm.weight
create_tensor: loading tensor blk.40.attn_qkv.weight
create_tensor: loading tensor blk.40.attn_gate.weight
create_tensor: loading tensor blk.40.ssm_conv1d.weight
create_tensor: loading tensor blk.40.ssm_dt.bias
create_tensor: loading tensor blk.40.ssm_a
create_tensor: loading tensor blk.40.ssm_beta.weight
create_tensor: loading tensor blk.40.ssm_alpha.weight
create_tensor: loading tensor blk.40.ssm_norm.weight
create_tensor: loading tensor blk.40.ssm_out.weight
create_tensor: loading tensor blk.40.ffn_gate.weight
create_tensor: loading tensor blk.40.ffn_down.weight
create_tensor: loading tensor blk.40.ffn_up.weight
create_tensor: loading tensor blk.41.attn_norm.weight
create_tensor: loading tensor blk.41.post_attention_norm.weight
create_tensor: loading tensor blk.41.attn_qkv.weight
create_tensor: loading tensor blk.41.attn_gate.weight
create_tensor: loading tensor blk.41.ssm_conv1d.weight
create_tensor: loading tensor blk.41.ssm_dt.bias
create_tensor: loading tensor blk.41.ssm_a
create_tensor: loading tensor blk.41.ssm_beta.weight
create_tensor: loading tensor blk.41.ssm_alpha.weight
create_tensor: loading tensor blk.41.ssm_norm.weight
create_tensor: loading tensor blk.41.ssm_out.weight
create_tensor: loading tensor blk.41.ffn_gate.weight
create_tensor: loading tensor blk.41.ffn_down.weight
create_tensor: loading tensor blk.41.ffn_up.weight
create_tensor: loading tensor blk.42.attn_norm.weight
create_tensor: loading tensor blk.42.post_attention_norm.weight
create_tensor: loading tensor blk.42.attn_qkv.weight
create_tensor: loading tensor blk.42.attn_gate.weight
create_tensor: loading tensor blk.42.ssm_conv1d.weight
create_tensor: loading tensor blk.42.ssm_dt.bias
create_tensor: loading tensor blk.42.ssm_a
create_tensor: loading tensor blk.42.ssm_beta.weight
create_tensor: loading tensor blk.42.ssm_alpha.weight
create_tensor: loading tensor blk.42.ssm_norm.weight
create_tensor: loading tensor blk.42.ssm_out.weight
create_tensor: loading tensor blk.42.ffn_gate.weight
create_tensor: loading tensor blk.42.ffn_down.weight
create_tensor: loading tensor blk.42.ffn_up.weight
create_tensor: loading tensor blk.43.attn_norm.weight
create_tensor: loading tensor blk.43.post_attention_norm.weight
create_tensor: loading tensor blk.43.attn_q.weight
create_tensor: loading tensor blk.43.attn_k.weight
create_tensor: loading tensor blk.43.attn_v.weight
create_tensor: loading tensor blk.43.attn_output.weight
create_tensor: loading tensor blk.43.attn_q_norm.weight
create_tensor: loading tensor blk.43.attn_k_norm.weight
create_tensor: loading tensor blk.43.ffn_gate.weight
create_tensor: loading tensor blk.43.ffn_down.weight
create_tensor: loading tensor blk.43.ffn_up.weight
create_tensor: loading tensor blk.44.attn_norm.weight
create_tensor: loading tensor blk.44.post_attention_norm.weight
create_tensor: loading tensor blk.44.attn_qkv.weight
create_tensor: loading tensor blk.44.attn_gate.weight
create_tensor: loading tensor blk.44.ssm_conv1d.weight
create_tensor: loading tensor blk.44.ssm_dt.bias
create_tensor: loading tensor blk.44.ssm_a
create_tensor: loading tensor blk.44.ssm_beta.weight
create_tensor: loading tensor blk.44.ssm_alpha.weight
create_tensor: loading tensor blk.44.ssm_norm.weight
create_tensor: loading tensor blk.44.ssm_out.weight
create_tensor: loading tensor blk.44.ffn_gate.weight
create_tensor: loading tensor blk.44.ffn_down.weight
create_tensor: loading tensor blk.44.ffn_up.weight
create_tensor: loading tensor blk.45.attn_norm.weight
create_tensor: loading tensor blk.45.post_attention_norm.weight
create_tensor: loading tensor blk.45.attn_qkv.weight
create_tensor: loading tensor blk.45.attn_gate.weight
create_tensor: loading tensor blk.45.ssm_conv1d.weight
create_tensor: loading tensor blk.45.ssm_dt.bias
create_tensor: loading tensor blk.45.ssm_a
create_tensor: loading tensor blk.45.ssm_beta.weight
create_tensor: loading tensor blk.45.ssm_alpha.weight
create_tensor: loading tensor blk.45.ssm_norm.weight
create_tensor: loading tensor blk.45.ssm_out.weight
create_tensor: loading tensor blk.45.ffn_gate.weight
create_tensor: loading tensor blk.45.ffn_down.weight
create_tensor: loading tensor blk.45.ffn_up.weight
create_tensor: loading tensor blk.46.attn_norm.weight
create_tensor: loading tensor blk.46.post_attention_norm.weight
create_tensor: loading tensor blk.46.attn_qkv.weight
create_tensor: loading tensor blk.46.attn_gate.weight
create_tensor: loading tensor blk.46.ssm_conv1d.weight
create_tensor: loading tensor blk.46.ssm_dt.bias
create_tensor: loading tensor blk.46.ssm_a
create_tensor: loading tensor blk.46.ssm_beta.weight
create_tensor: loading tensor blk.46.ssm_alpha.weight
create_tensor: loading tensor blk.46.ssm_norm.weight
create_tensor: loading tensor blk.46.ssm_out.weight
create_tensor: loading tensor blk.46.ffn_gate.weight
create_tensor: loading tensor blk.46.ffn_down.weight
create_tensor: loading tensor blk.46.ffn_up.weight
create_tensor: loading tensor blk.47.attn_norm.weight
create_tensor: loading tensor blk.47.post_attention_norm.weight
create_tensor: loading tensor blk.47.attn_q.weight
create_tensor: loading tensor blk.47.attn_k.weight
create_tensor: loading tensor blk.47.attn_v.weight
create_tensor: loading tensor blk.47.attn_output.weight
create_tensor: loading tensor blk.47.attn_q_norm.weight
create_tensor: loading tensor blk.47.attn_k_norm.weight
create_tensor: loading tensor blk.47.ffn_gate.weight
create_tensor: loading tensor blk.47.ffn_down.weight
create_tensor: loading tensor blk.47.ffn_up.weight
create_tensor: loading tensor blk.48.attn_norm.weight
create_tensor: loading tensor blk.48.post_attention_norm.weight
create_tensor: loading tensor blk.48.attn_qkv.weight
create_tensor: loading tensor blk.48.attn_gate.weight
create_tensor: loading tensor blk.48.ssm_conv1d.weight
create_tensor: loading tensor blk.48.ssm_dt.bias
create_tensor: loading tensor blk.48.ssm_a
create_tensor: loading tensor blk.48.ssm_beta.weight
create_tensor: loading tensor blk.48.ssm_alpha.weight
create_tensor: loading tensor blk.48.ssm_norm.weight
create_tensor: loading tensor blk.48.ssm_out.weight
create_tensor: loading tensor blk.48.ffn_gate.weight
create_tensor: loading tensor blk.48.ffn_down.weight
create_tensor: loading tensor blk.48.ffn_up.weight
create_tensor: loading tensor blk.49.attn_norm.weight
create_tensor: loading tensor blk.49.post_attention_norm.weight
create_tensor: loading tensor blk.49.attn_qkv.weight
create_tensor: loading tensor blk.49.attn_gate.weight
create_tensor: loading tensor blk.49.ssm_conv1d.weight
create_tensor: loading tensor blk.49.ssm_dt.bias
create_tensor: loading tensor blk.49.ssm_a
create_tensor: loading tensor blk.49.ssm_beta.weight
create_tensor: loading tensor blk.49.ssm_alpha.weight
create_tensor: loading tensor blk.49.ssm_norm.weight
create_tensor: loading tensor blk.49.ssm_out.weight
create_tensor: loading tensor blk.49.ffn_gate.weight
create_tensor: loading tensor blk.49.ffn_down.weight
create_tensor: loading tensor blk.49.ffn_up.weight
create_tensor: loading tensor blk.50.attn_norm.weight
create_tensor: loading tensor blk.50.post_attention_norm.weight
create_tensor: loading tensor blk.50.attn_qkv.weight
create_tensor: loading tensor blk.50.attn_gate.weight
create_tensor: loading tensor blk.50.ssm_conv1d.weight
create_tensor: loading tensor blk.50.ssm_dt.bias
create_tensor: loading tensor blk.50.ssm_a
create_tensor: loading tensor blk.50.ssm_beta.weight
create_tensor: loading tensor blk.50.ssm_alpha.weight
create_tensor: loading tensor blk.50.ssm_norm.weight
create_tensor: loading tensor blk.50.ssm_out.weight
create_tensor: loading tensor blk.50.ffn_gate.weight
create_tensor: loading tensor blk.50.ffn_down.weight
create_tensor: loading tensor blk.50.ffn_up.weight
create_tensor: loading tensor blk.51.attn_norm.weight
create_tensor: loading tensor blk.51.post_attention_norm.weight
create_tensor: loading tensor blk.51.attn_q.weight
create_tensor: loading tensor blk.51.attn_k.weight
create_tensor: loading tensor blk.51.attn_v.weight
create_tensor: loading tensor blk.51.attn_output.weight
create_tensor: loading tensor blk.51.attn_q_norm.weight
create_tensor: loading tensor blk.51.attn_k_norm.weight
create_tensor: loading tensor blk.51.ffn_gate.weight
create_tensor: loading tensor blk.51.ffn_down.weight
create_tensor: loading tensor blk.51.ffn_up.weight
create_tensor: loading tensor blk.52.attn_norm.weight
create_tensor: loading tensor blk.52.post_attention_norm.weight
create_tensor: loading tensor blk.52.attn_qkv.weight
create_tensor: loading tensor blk.52.attn_gate.weight
create_tensor: loading tensor blk.52.ssm_conv1d.weight
create_tensor: loading tensor blk.52.ssm_dt.bias
create_tensor: loading tensor blk.52.ssm_a
create_tensor: loading tensor blk.52.ssm_beta.weight
create_tensor: loading tensor blk.52.ssm_alpha.weight
create_tensor: loading tensor blk.52.ssm_norm.weight
create_tensor: loading tensor blk.52.ssm_out.weight
create_tensor: loading tensor blk.52.ffn_gate.weight
create_tensor: loading tensor blk.52.ffn_down.weight
create_tensor: loading tensor blk.52.ffn_up.weight
create_tensor: loading tensor blk.53.attn_norm.weight
create_tensor: loading tensor blk.53.post_attention_norm.weight
create_tensor: loading tensor blk.53.attn_qkv.weight
create_tensor: loading tensor blk.53.attn_gate.weight
create_tensor: loading tensor blk.53.ssm_conv1d.weight
create_tensor: loading tensor blk.53.ssm_dt.bias
create_tensor: loading tensor blk.53.ssm_a
create_tensor: loading tensor blk.53.ssm_beta.weight
create_tensor: loading tensor blk.53.ssm_alpha.weight
create_tensor: loading tensor blk.53.ssm_norm.weight
create_tensor: loading tensor blk.53.ssm_out.weight
create_tensor: loading tensor blk.53.ffn_gate.weight
create_tensor: loading tensor blk.53.ffn_down.weight
create_tensor: loading tensor blk.53.ffn_up.weight
create_tensor: loading tensor blk.54.attn_norm.weight
create_tensor: loading tensor blk.54.post_attention_norm.weight
create_tensor: loading tensor blk.54.attn_qkv.weight
create_tensor: loading tensor blk.54.attn_gate.weight
create_tensor: loading tensor blk.54.ssm_conv1d.weight
create_tensor: loading tensor blk.54.ssm_dt.bias
create_tensor: loading tensor blk.54.ssm_a
create_tensor: loading tensor blk.54.ssm_beta.weight
create_tensor: loading tensor blk.54.ssm_alpha.weight
create_tensor: loading tensor blk.54.ssm_norm.weight
create_tensor: loading tensor blk.54.ssm_out.weight
create_tensor: loading tensor blk.54.ffn_gate.weight
create_tensor: loading tensor blk.54.ffn_down.weight
create_tensor: loading tensor blk.54.ffn_up.weight
create_tensor: loading tensor blk.55.attn_norm.weight
create_tensor: loading tensor blk.55.post_attention_norm.weight
create_tensor: loading tensor blk.55.attn_q.weight
create_tensor: loading tensor blk.55.attn_k.weight
create_tensor: loading tensor blk.55.attn_v.weight
create_tensor: loading tensor blk.55.attn_output.weight
create_tensor: loading tensor blk.55.attn_q_norm.weight
create_tensor: loading tensor blk.55.attn_k_norm.weight
create_tensor: loading tensor blk.55.ffn_gate.weight
create_tensor: loading tensor blk.55.ffn_down.weight
create_tensor: loading tensor blk.55.ffn_up.weight
create_tensor: loading tensor blk.56.attn_norm.weight
create_tensor: loading tensor blk.56.post_attention_norm.weight
create_tensor: loading tensor blk.56.attn_qkv.weight
create_tensor: loading tensor blk.56.attn_gate.weight
create_tensor: loading tensor blk.56.ssm_conv1d.weight
create_tensor: loading tensor blk.56.ssm_dt.bias
create_tensor: loading tensor blk.56.ssm_a
create_tensor: loading tensor blk.56.ssm_beta.weight
create_tensor: loading tensor blk.56.ssm_alpha.weight
create_tensor: loading tensor blk.56.ssm_norm.weight
create_tensor: loading tensor blk.56.ssm_out.weight
create_tensor: loading tensor blk.56.ffn_gate.weight
create_tensor: loading tensor blk.56.ffn_down.weight
create_tensor: loading tensor blk.56.ffn_up.weight
create_tensor: loading tensor blk.57.attn_norm.weight
create_tensor: loading tensor blk.57.post_attention_norm.weight
create_tensor: loading tensor blk.57.attn_qkv.weight
create_tensor: loading tensor blk.57.attn_gate.weight
create_tensor: loading tensor blk.57.ssm_conv1d.weight
create_tensor: loading tensor blk.57.ssm_dt.bias
create_tensor: loading tensor blk.57.ssm_a
create_tensor: loading tensor blk.57.ssm_beta.weight
create_tensor: loading tensor blk.57.ssm_alpha.weight
create_tensor: loading tensor blk.57.ssm_norm.weight
create_tensor: loading tensor blk.57.ssm_out.weight
create_tensor: loading tensor blk.57.ffn_gate.weight
create_tensor: loading tensor blk.57.ffn_down.weight
create_tensor: loading tensor blk.57.ffn_up.weight
create_tensor: loading tensor blk.58.attn_norm.weight
create_tensor: loading tensor blk.58.post_attention_norm.weight
create_tensor: loading tensor blk.58.attn_qkv.weight
create_tensor: loading tensor blk.58.attn_gate.weight
create_tensor: loading tensor blk.58.ssm_conv1d.weight
create_tensor: loading tensor blk.58.ssm_dt.bias
create_tensor: loading tensor blk.58.ssm_a
create_tensor: loading tensor blk.58.ssm_beta.weight
create_tensor: loading tensor blk.58.ssm_alpha.weight
create_tensor: loading tensor blk.58.ssm_norm.weight
create_tensor: loading tensor blk.58.ssm_out.weight
create_tensor: loading tensor blk.58.ffn_gate.weight
create_tensor: loading tensor blk.58.ffn_down.weight
create_tensor: loading tensor blk.58.ffn_up.weight
create_tensor: loading tensor blk.59.attn_norm.weight
create_tensor: loading tensor blk.59.post_attention_norm.weight
create_tensor: loading tensor blk.59.attn_q.weight
create_tensor: loading tensor blk.59.attn_k.weight
create_tensor: loading tensor blk.59.attn_v.weight
create_tensor: loading tensor blk.59.attn_output.weight
create_tensor: loading tensor blk.59.attn_q_norm.weight
create_tensor: loading tensor blk.59.attn_k_norm.weight
create_tensor: loading tensor blk.59.ffn_gate.weight
create_tensor: loading tensor blk.59.ffn_down.weight
create_tensor: loading tensor blk.59.ffn_up.weight
create_tensor: loading tensor blk.60.attn_norm.weight
create_tensor: loading tensor blk.60.post_attention_norm.weight
create_tensor: loading tensor blk.60.attn_qkv.weight
create_tensor: loading tensor blk.60.attn_gate.weight
create_tensor: loading tensor blk.60.ssm_conv1d.weight
create_tensor: loading tensor blk.60.ssm_dt.bias
create_tensor: loading tensor blk.60.ssm_a
create_tensor: loading tensor blk.60.ssm_beta.weight
create_tensor: loading tensor blk.60.ssm_alpha.weight
create_tensor: loading tensor blk.60.ssm_norm.weight
create_tensor: loading tensor blk.60.ssm_out.weight
create_tensor: loading tensor blk.60.ffn_gate.weight
create_tensor: loading tensor blk.60.ffn_down.weight
create_tensor: loading tensor blk.60.ffn_up.weight
create_tensor: loading tensor blk.61.attn_norm.weight
create_tensor: loading tensor blk.61.post_attention_norm.weight
create_tensor: loading tensor blk.61.attn_qkv.weight
create_tensor: loading tensor blk.61.attn_gate.weight
create_tensor: loading tensor blk.61.ssm_conv1d.weight
create_tensor: loading tensor blk.61.ssm_dt.bias
create_tensor: loading tensor blk.61.ssm_a
create_tensor: loading tensor blk.61.ssm_beta.weight
create_tensor: loading tensor blk.61.ssm_alpha.weight
create_tensor: loading tensor blk.61.ssm_norm.weight
create_tensor: loading tensor blk.61.ssm_out.weight
create_tensor: loading tensor blk.61.ffn_gate.weight
create_tensor: loading tensor blk.61.ffn_down.weight
create_tensor: loading tensor blk.61.ffn_up.weight
create_tensor: loading tensor blk.62.attn_norm.weight
create_tensor: loading tensor blk.62.post_attention_norm.weight
create_tensor: loading tensor blk.62.attn_qkv.weight
create_tensor: loading tensor blk.62.attn_gate.weight
create_tensor: loading tensor blk.62.ssm_conv1d.weight
create_tensor: loading tensor blk.62.ssm_dt.bias
create_tensor: loading tensor blk.62.ssm_a
create_tensor: loading tensor blk.62.ssm_beta.weight
create_tensor: loading tensor blk.62.ssm_alpha.weight
create_tensor: loading tensor blk.62.ssm_norm.weight
create_tensor: loading tensor blk.62.ssm_out.weight
create_tensor: loading tensor blk.62.ffn_gate.weight
create_tensor: loading tensor blk.62.ffn_down.weight
create_tensor: loading tensor blk.62.ffn_up.weight
create_tensor: loading tensor blk.63.attn_norm.weight
create_tensor: loading tensor blk.63.post_attention_norm.weight
create_tensor: loading tensor blk.63.attn_q.weight
create_tensor: loading tensor blk.63.attn_k.weight
create_tensor: loading tensor blk.63.attn_v.weight
create_tensor: loading tensor blk.63.attn_output.weight
create_tensor: loading tensor blk.63.attn_q_norm.weight
create_tensor: loading tensor blk.63.attn_k_norm.weight
create_tensor: loading tensor blk.63.ffn_gate.weight
create_tensor: loading tensor blk.63.ffn_down.weight
create_tensor: loading tensor blk.63.ffn_up.weight
create_tensor: loading tensor blk.64.attn_norm.weight
create_tensor: loading tensor blk.64.post_attention_norm.weight
create_tensor: loading tensor blk.64.attn_q.weight
create_tensor: loading tensor blk.64.attn_k.weight
create_tensor: loading tensor blk.64.attn_v.weight
create_tensor: loading tensor blk.64.attn_output.weight
create_tensor: loading tensor blk.64.attn_q_norm.weight
create_tensor: loading tensor blk.64.attn_k_norm.weight
create_tensor: loading tensor blk.64.ffn_gate.weight
create_tensor: loading tensor blk.64.ffn_down.weight
create_tensor: loading tensor blk.64.ffn_up.weight
create_tensor: loading tensor blk.64.nextn.eh_proj.weight
create_tensor: loading tensor blk.64.nextn.enorm.weight
create_tensor: loading tensor blk.64.nextn.hnorm.weight
create_tensor: loading tensor blk.64.nextn.shared_head_norm.weight
done_getting_tensors: tensor 'token_embd.weight' (q4_K) (and 0 others) cannot be used with preferred buffer type CUDA_Host, using CPU instead
load_tensors: offloading output layer to GPU
load_tensors: offloading 64 repeating layers to GPU
load_tensors: offloaded 66/66 layers to GPU
load_tensors:   CPU_Mapped model buffer size =   682.03 MiB
load_tensors:        CUDA0 model buffer size = 15621.78 MiB
............................................................................................
llama_context: constructing llama_context
llama_context: n_seq_max     = 1
llama_context: n_ctx         = 6400
llama_context: n_ctx_seq     = 6400
llama_context: n_batch       = 256
llama_context: n_ubatch      = 256
llama_context: causal_attn   = 1
llama_context: flash_attn    = disabled
llama_context: kv_unified    = false
llama_context: freq_base     = 10000000.0
llama_context: freq_scale    = 1
llama_context: n_rs_seq      = 0
llama_context: n_outputs_max = 256
llama_context: n_ctx_seq (6400) < n_ctx_train (262144) -- the full capacity of the model will not be utilized
set_abort_callback: call
llama_context:  CUDA_Host  output buffer size =     0.95 MiB
llama_kv_cache: layer   0: filtered
llama_kv_cache: layer   1: filtered
llama_kv_cache: layer   2: filtered
llama_kv_cache: layer   3: dev = CUDA0
llama_kv_cache: layer   4: filtered
llama_kv_cache: layer   5: filtered
llama_kv_cache: layer   6: filtered
llama_kv_cache: layer   7: dev = CUDA0
llama_kv_cache: layer   8: filtered
llama_kv_cache: layer   9: filtered
llama_kv_cache: layer  10: filtered
llama_kv_cache: layer  11: dev = CUDA0
llama_kv_cache: layer  12: filtered
llama_kv_cache: layer  13: filtered
llama_kv_cache: layer  14: filtered
llama_kv_cache: layer  15: dev = CUDA0
llama_kv_cache: layer  16: filtered
llama_kv_cache: layer  17: filtered
llama_kv_cache: layer  18: filtered
llama_kv_cache: layer  19: dev = CUDA0
llama_kv_cache: layer  20: filtered
llama_kv_cache: layer  21: filtered
llama_kv_cache: layer  22: filtered
llama_kv_cache: layer  23: dev = CUDA0
llama_kv_cache: layer  24: filtered
llama_kv_cache: layer  25: filtered
llama_kv_cache: layer  26: filtered
llama_kv_cache: layer  27: dev = CUDA0
llama_kv_cache: layer  28: filtered
llama_kv_cache: layer  29: filtered
llama_kv_cache: layer  30: filtered
llama_kv_cache: layer  31: dev = CUDA0
llama_kv_cache: layer  32: filtered
llama_kv_cache: layer  33: filtered
llama_kv_cache: layer  34: filtered
llama_kv_cache: layer  35: dev = CUDA0
llama_kv_cache: layer  36: filtered
llama_kv_cache: layer  37: filtered
llama_kv_cache: layer  38: filtered
llama_kv_cache: layer  39: dev = CUDA0
llama_kv_cache: layer  40: filtered
llama_kv_cache: layer  41: filtered
llama_kv_cache: layer  42: filtered
llama_kv_cache: layer  43: dev = CUDA0
llama_kv_cache: layer  44: filtered
llama_kv_cache: layer  45: filtered
llama_kv_cache: layer  46: filtered
llama_kv_cache: layer  47: dev = CUDA0
llama_kv_cache: layer  48: filtered
llama_kv_cache: layer  49: filtered
llama_kv_cache: layer  50: filtered
llama_kv_cache: layer  51: dev = CUDA0
llama_kv_cache: layer  52: filtered
llama_kv_cache: layer  53: filtered
llama_kv_cache: layer  54: filtered
llama_kv_cache: layer  55: dev = CUDA0
llama_kv_cache: layer  56: filtered
llama_kv_cache: layer  57: filtered
llama_kv_cache: layer  58: filtered
llama_kv_cache: layer  59: dev = CUDA0
llama_kv_cache: layer  60: filtered
llama_kv_cache: layer  61: filtered
llama_kv_cache: layer  62: filtered
llama_kv_cache: layer  63: dev = CUDA0
llama_kv_cache: layer  64: filtered
llama_kv_cache:      CUDA0 KV buffer size =   400.00 MiB
llama_kv_cache: size =  400.00 MiB (  6400 cells,  16 layers,  1/1 seqs), K (f16):  200.00 MiB, V (f16):  200.00 MiB
llama_kv_cache: attn_rot_k = 0, n_embd_head_k_all = 256
llama_kv_cache: attn_rot_v = 0, n_embd_head_k_all = 256
llama_memory_recurrent, layer   0: dev = CUDA0
llama_memory_recurrent, layer   1: dev = CUDA0
llama_memory_recurrent, layer   2: dev = CUDA0
llama_memory_recurrent: layer   3: skipped
llama_memory_recurrent, layer   4: dev = CUDA0
llama_memory_recurrent, layer   5: dev = CUDA0
llama_memory_recurrent, layer   6: dev = CUDA0
llama_memory_recurrent: layer   7: skipped
llama_memory_recurrent, layer   8: dev = CUDA0
llama_memory_recurrent, layer   9: dev = CUDA0
llama_memory_recurrent, layer  10: dev = CUDA0
llama_memory_recurrent: layer  11: skipped
llama_memory_recurrent, layer  12: dev = CUDA0
llama_memory_recurrent, layer  13: dev = CUDA0
llama_memory_recurrent, layer  14: dev = CUDA0
llama_memory_recurrent: layer  15: skipped
llama_memory_recurrent, layer  16: dev = CUDA0
llama_memory_recurrent, layer  17: dev = CUDA0
llama_memory_recurrent, layer  18: dev = CUDA0
llama_memory_recurrent: layer  19: skipped
llama_memory_recurrent, layer  20: dev = CUDA0
llama_memory_recurrent, layer  21: dev = CUDA0
llama_memory_recurrent, layer  22: dev = CUDA0
llama_memory_recurrent: layer  23: skipped
llama_memory_recurrent, layer  24: dev = CUDA0
llama_memory_recurrent, layer  25: dev = CUDA0
llama_memory_recurrent, layer  26: dev = CUDA0
llama_memory_recurrent: layer  27: skipped
llama_memory_recurrent, layer  28: dev = CUDA0
llama_memory_recurrent, layer  29: dev = CUDA0
llama_memory_recurrent, layer  30: dev = CUDA0
llama_memory_recurrent: layer  31: skipped
llama_memory_recurrent, layer  32: dev = CUDA0
llama_memory_recurrent, layer  33: dev = CUDA0
llama_memory_recurrent, layer  34: dev = CUDA0
llama_memory_recurrent: layer  35: skipped
llama_memory_recurrent, layer  36: dev = CUDA0
llama_memory_recurrent, layer  37: dev = CUDA0
llama_memory_recurrent, layer  38: dev = CUDA0
llama_memory_recurrent: layer  39: skipped
llama_memory_recurrent, layer  40: dev = CUDA0
llama_memory_recurrent, layer  41: dev = CUDA0
llama_memory_recurrent, layer  42: dev = CUDA0
llama_memory_recurrent: layer  43: skipped
llama_memory_recurrent, layer  44: dev = CUDA0
llama_memory_recurrent, layer  45: dev = CUDA0
llama_memory_recurrent, layer  46: dev = CUDA0
llama_memory_recurrent: layer  47: skipped
llama_memory_recurrent, layer  48: dev = CUDA0
llama_memory_recurrent, layer  49: dev = CUDA0
llama_memory_recurrent, layer  50: dev = CUDA0
llama_memory_recurrent: layer  51: skipped
llama_memory_recurrent, layer  52: dev = CUDA0
llama_memory_recurrent, layer  53: dev = CUDA0
llama_memory_recurrent, layer  54: dev = CUDA0
llama_memory_recurrent: layer  55: skipped
llama_memory_recurrent, layer  56: dev = CUDA0
llama_memory_recurrent, layer  57: dev = CUDA0
llama_memory_recurrent, layer  58: dev = CUDA0
llama_memory_recurrent: layer  59: skipped
llama_memory_recurrent, layer  60: dev = CUDA0
llama_memory_recurrent, layer  61: dev = CUDA0
llama_memory_recurrent, layer  62: dev = CUDA0
llama_memory_recurrent: layer  63: skipped
llama_memory_recurrent:      CUDA0 RS buffer size =   149.62 MiB
llama_memory_recurrent: size =  149.62 MiB (     1 cells,  64 layers,  1 seqs  0 rs_seq), R (f32):    5.62 MiB, S (f32):  144.00 MiB
llama_context: enumerating backends
llama_context: backend_ptrs.size() = 3
llama_context: pipeline parallelism enabled
sched_reserve: reserving ...
sched_reserve: max_nodes = 27712
sched_reserve: reserving full memory module
sched_reserve: worst-case: n_tokens = 256, n_seqs = 1, n_outputs = 1
sched_reserve: resolving fused Gated Delta Net support:
graph_reserve: reserving a graph for ubatch with n_tokens =    1, n_seqs =  1, n_outputs =    1
sched_reserve: fused Gated Delta Net (autoregressive) enabled
graph_reserve: reserving a graph for ubatch with n_tokens =   16, n_seqs =  1, n_outputs =   16
sched_reserve: fused Gated Delta Net (chunked) enabled
graph_reserve: reserving a graph for ubatch with n_tokens =  256, n_seqs =  1, n_outputs =  256
graph_reserve: reserving a graph for ubatch with n_tokens =    1, n_seqs =  1, n_outputs =    1
graph_reserve: reserving a graph for ubatch with n_tokens =  256, n_seqs =  1, n_outputs =  256
sched_reserve:      CUDA0 compute buffer size =   305.53 MiB
sched_reserve:  CUDA_Host compute buffer size =    43.03 MiB
sched_reserve: graph nodes  = 3735
sched_reserve: graph splits = 2
sched_reserve: reserve took 19.01 ms, sched copies = 4
CUDA : ARCHS = 860 | USE_GRAPHS = 1 | PEER_MAX_BATCH_SIZE = 128 | CPU : SSE3 = 1 | SSSE3 = 1 | AVX = 1 | AVX_VNNI = 1 | AVX2 = 1 | F16C = 1 | FMA = 1 | BMI2 = 1 | AVX512 = 1 | AVX512_VBMI = 1 | AVX512_VNNI = 1 | AVX512_BF16 = 1 | LLAMAFILE = 1 | OPENMP = 1 | REPACK = 1 | 
Model metadata: {'quantize.imatrix.chunks_count': '45', 'quantize.imatrix.file': 'Qwen3.8-27B-GGUF/imatrix_unsloth.gguf', 'general.file_type': '15', 'general.quantization_version': '2', 'tokenizer.ggml.padding_token_id': '248055', 'tokenizer.ggml.model': 'gpt2', 'tokenizer.chat_template': '{%- set image_count = namespace(value=0) %}\n{%- set video_count = namespace(value=0) %}\n{%- macro render_content(content, do_vision_count, is_system_content=false) %}\n    {%- if content is string %}\n        {{- content }}\n    {%- elif content is iterable and content is not mapping %}\n        {%- for item in content %}\n            {%- if \'image\' in item or \'image_url\' in item or item.type == \'image\' %}\n                {%- if is_system_content %}\n                    {{- raise_exception(\'System message cannot contain images.\') }}\n                {%- endif %}\n                {%- if do_vision_count %}\n                    {%- set image_count.value = image_count.value + 1 %}\n                {%- endif %}\n                {%- if add_vision_id %}\n                    {{- \'Picture \' ~ image_count.value ~ \': \' }}\n                {%- endif %}\n                {{- \'<|vision_start|><|image_pad|><|vision_end|>\' }}\n            {%- elif \'video\' in item or item.type == \'video\' %}\n                {%- if is_system_content %}\n                    {{- raise_exception(\'System message cannot contain videos.\') }}\n                {%- endif %}\n                {%- if do_vision_count %}\n                    {%- set video_count.value = video_count.value + 1 %}\n                {%- endif %}\n                {%- if add_vision_id %}\n                    {{- \'Video \' ~ video_count.value ~ \': \' }}\n                {%- endif %}\n                {{- \'<|vision_start|><|video_pad|><|vision_end|>\' }}\n            {%- elif \'text\' in item %}\n                {{- item.text }}\n            {%- else %}\n                {{- raise_exception(\'Unexpected item type in content.\') }}\n            {%- endif %}\n        {%- endfor %}\n    {%- elif content is none or content is undefined %}\n        {{- \'\' }}\n    {%- else %}\n        {{- raise_exception(\'Unexpected content type.\') }}\n    {%- endif %}\n{%- endmacro %}\n{%- if not messages %}\n    {{- raise_exception(\'No messages provided.\') }}\n{%- endif %}\n{%- set sysns = namespace(count=0, text=\'\') %}\n{%- for message in messages %}\n    {%- if sysns.count == loop.index0 and (message.role == \'system\' or message.role == \'developer\') %}\n        {%- set sys_content = render_content(message.content, false, true)|trim %}\n        {%- if sys_content %}\n            {%- set sysns.text = sysns.text + (\'\\n\' if sysns.text else \'\') + sys_content %}\n        {%- endif %}\n        {%- set sysns.count = sysns.count + 1 %}\n    {%- endif %}\n{%- endfor %}\n{%- set num_sys = sysns.count %}\n{%- set merged_system = sysns.text %}\n{%- set reasoning_instructions = \'\' %}\n{%- if enable_thinking is undefined or enable_thinking is true %}\n    {%- set resolved_reasoning_effort = reasoning_effort|default(\'xhigh\') %}\n    {%- if resolved_reasoning_effort == \'high\' %}\n        {%- set resolved_reasoning_effort = \'xhigh\' %}\n    {%- endif %}\n    {%- if resolved_reasoning_effort not in (\'xhigh\', \'medium\', \'low\') %}\n        {{- raise_exception(\'Unexpected reasoning effort \' ~ reasoning_effort ~ \'. Supported types are xhigh (default), medium, and low.\') }}\n    {%- endif %}\n    {%- if resolved_reasoning_effort == \'xhigh\' %}\n        {%- set reasoning_instructions = \'Reasoning effort is set to xhigh. Please think carefully through the task, validate key assumptions, consider plausible alternatives, and prioritize correctness, consistency, and clarity in the final answer.\' %}\n    {%- elif resolved_reasoning_effort == \'low\' %}\n        {%- set reasoning_instructions = \'Reasoning effort is set to low. Keep your thinking brief and focused, moving directly to the conclusion without unnecessary elaboration.\' %}\n    {%- endif %}\n{%- endif %}\n{%- if tools and tools is iterable and tools is not mapping %}\n    {{- \'<|im_start|>system\\n\' }}\n    {%- if reasoning_instructions %}\n        {{- reasoning_instructions + \'\\n\\n\' }}\n    {%- endif %}\n    {{- "# Tools\\n\\nYou have access to the following functions:\\n\\n<tools>" }}\n    {%- for tool in tools %}\n        {{- "\\n" }}\n        {{- tool | tojson }}\n    {%- endfor %}\n    {{- "\\n</tools>" }}\n    {{- \'\\n\\nIf you choose to call a function ONLY reply in the following format with NO suffix:\\n\\n<tool_call>\\n<function=example_function_name>\\n<parameter=example_parameter_1>\\nvalue_1\\n</parameter>\\n<parameter=example_parameter_2>\\nThis is the value for the second parameter\\nthat can span\\nmultiple lines\\n</parameter>\\n</function>\\n</tool_call>\\n\\n<IMPORTANT>\\nReminder:\\n- Function calls MUST follow the specified format: an inner <function=...></function> block must be nested within <tool_call></tool_call> XML tags\\n- Required parameters MUST be specified\\n- You may provide optional reasoning for your function call in natural language BEFORE the function call, but NOT after\\n- If there is no function call available, answer the question like normal with your current knowledge and do not tell the user about function calls\\n</IMPORTANT>\' }}\n    {%- if merged_system %}\n        {{- \'\\n\\n\' + merged_system }}\n    {%- endif %}\n    {{- \'<|im_end|>\\n\' }}\n{%- else %}\n    {%- if merged_system %}\n        {{- \'<|im_start|>system\\n\' + (reasoning_instructions + \'\\n\\n\' if reasoning_instructions else \'\')  + merged_system + \'<|im_end|>\\n\' }}\n    {%- elif reasoning_instructions %}\n        {{- \'<|im_start|>system\\n\' + reasoning_instructions + \'<|im_end|>\\n\' }}\n    {%- endif %}\n{%- endif %}\n{%- set ns = namespace(multi_step_tool=true, last_query_index=messages|length - 1) %}\n{%- for message in messages[::-1] %}\n    {%- set index = (messages|length - 1) - loop.index0 %}\n    {%- if ns.multi_step_tool and message.role == "user" %}\n        {%- set content = render_content(message.content, false)|trim %}\n        {%- if not(content.startswith(\'<tool_response>\') and content.endswith(\'</tool_response>\')) %}\n            {%- set ns.multi_step_tool = false %}\n            {%- set ns.last_query_index = index %}\n        {%- endif %}\n    {%- endif %}\n{%- endfor %}\n{%- for message in messages %}\n    {%- if loop.index0 >= num_sys %}\n    {%- set content = render_content(message.content, true)|trim %}\n    {%- if message.role == "system" or message.role == "developer" %}\n        {{- raise_exception(\'System message must be at the beginning.\') }}\n    {%- elif message.role == "user" %}\n        {{- \'<|im_start|>\' + message.role + \'\\n\' + content + \'<|im_end|>\' + \'\\n\' }}\n    {%- elif message.role == "assistant" %}\n        {%- set reasoning_content = \'\' %}\n        {%- if message.reasoning_content is string %}\n            {%- set reasoning_content = message.reasoning_content %}\n        {%- endif %}\n        {%- set reasoning_content = reasoning_content|trim %}\n        {%- if preserve_thinking is undefined or preserve_thinking is true or loop.index0 > ns.last_query_index %}\n            {{- \'<|im_start|>\' + message.role + \'\\n<think>\\n\' + reasoning_content + \'\\n</think>\\n\\n\' + content }}\n        {%- else %}\n            {{- \'<|im_start|>\' + message.role + \'\\n\' + content }}\n        {%- endif %}\n        {%- if message.tool_calls and message.tool_calls is iterable and message.tool_calls is not mapping %}\n            {%- for tool_call in message.tool_calls %}\n                {%- if tool_call.function is defined %}\n                    {%- set tool_call = tool_call.function %}\n                {%- endif %}\n                {%- if tool_call.name is not defined or tool_call.name is none %}\n                    {{- raise_exception(\'Tool call is missing a function name.\') }}\n                {%- endif %}\n                {%- if loop.first %}\n                    {%- if content|trim %}\n                        {{- \'\\n\\n<tool_call>\\n<function=\' + tool_call.name + \'>\\n\' }}\n                    {%- else %}\n                        {{- \'<tool_call>\\n<function=\' + tool_call.name + \'>\\n\' }}\n                    {%- endif %}\n                {%- else %}\n                    {{- \'\\n<tool_call>\\n<function=\' + tool_call.name + \'>\\n\' }}\n                {%- endif %}\n                {%- if tool_call.arguments is mapping %}\n                    {%- for args_name, args_value in tool_call.arguments|items %}\n                        {{- \'<parameter=\' + args_name + \'>\\n\' }}\n                        {%- set args_value = args_value | string if args_value is string else args_value | tojson | safe %}\n                        {{- args_value }}\n                        {{- \'\\n</parameter>\\n\' }}\n                    {%- endfor %}\n                {%- elif tool_call.arguments is string %}\n                    {%- if tool_call.arguments|trim %}\n                        {{- raise_exception(\'Tool call arguments for function "\' + (tool_call.name | string) + \'" were passed as a JSON string. Parse them into an object before calling apply_chat_template.\') }}\n                    {%- endif %}\n                {%- elif tool_call.arguments is defined and tool_call.arguments is not none %}\n                    {{- raise_exception(\'Tool call arguments for function "\' + (tool_call.name | string) + \'" must be an object/mapping or a JSON string.\') }}\n                {%- endif %}\n                {{- \'</function>\\n</tool_call>\' }}\n            {%- endfor %}\n        {%- endif %}\n        {{- \'<|im_end|>\\n\' }}\n    {%- elif message.role == "tool" %}\n        {%- if loop.previtem and loop.previtem.role != "tool" %}\n            {{- \'<|im_start|>user\' }}\n        {%- endif %}\n        {{- \'\\n<tool_response>\\n\' }}\n        {{- content }}\n        {{- \'\\n</tool_response>\' }}\n        {%- if not loop.last and loop.nextitem.role != "tool" %}\n            {{- \'<|im_end|>\\n\' }}\n        {%- elif loop.last %}\n            {{- \'<|im_end|>\\n\' }}\n        {%- endif %}\n    {%- else %}\n        {{- raise_exception(\'Unexpected message role.\') }}\n    {%- endif %}\n    {%- endif %}\n{%- endfor %}\n{%- if add_generation_prompt %}\n    {{- \'<|im_start|>assistant\\n\' }}\n    {%- if enable_thinking is defined and enable_thinking is false %}\n        {{- \'<think>\\n\\n</think>\\n\\n\' }}\n    {%- else %}\n        {{- \'<think>\\n\' }}\n    {%- endif %}\n{%- endif %}\n{#- Unsloth fixes - developer role, merged system messages, tool calling #}', 'qwen35.rope.dimension_count': '64', 'qwen35.full_attention_interval': '4', 'qwen35.ssm.inner_size': '6144', 'tokenizer.ggml.eos_token_id': '248046', 'qwen35.ssm.time_step_rank': '48', 'qwen35.ssm.group_count': '16', 'general.repo_url': 'https://huggingface.co/unsloth', 'general.type': 'model', 'general.quantized_by': 'Unsloth', 'tokenizer.ggml.pre': 'qwen35', 'qwen35.ssm.state_size': '128', 'general.description': 'Renewal of the beloved Qwen model, delivering unmatched intelligence density.', 'general.base_model.0.repo_url': 'https://huggingface.co/Qwen/Qwen3.8-27B', 'tokenizer.ggml.bos_token_id': '248044', 'general.name': 'Qwen3.8-27B', 'general.sampling.temp': '1.000000', 'general.sampling.top_p': '0.950000', 'general.base_model.count': '1', 'general.base_model.0.organization': 'Qwen', 'general.basename': 'Qwen3.8-27B', 'general.sampling.top_k': '20', 'qwen35.attention.value_length': '256', 'general.architecture': 'qwen35', 'qwen35.attention.head_count': '24', 'quantize.imatrix.dataset': 'unsloth_calibration_Qwen3.8-27B.txt', 'general.base_model.0.name': 'Qwen3.8 27B', 'qwen35.block_count': '65', 'qwen35.context_length': '262144', 'qwen35.embedding_length': '5120', 'qwen35.rope.freq_base': '10000000.000000', 'general.license': 'apache-2.0', 'qwen35.feed_forward_length': '17408', 'qwen35.attention.head_count_kv': '4', 'quantize.imatrix.entries_count': '496', 'qwen35.attention.layer_norm_rms_epsilon': '0.000001', 'qwen35.attention.key_length': '256', 'qwen35.nextn_predict_layers': '1', 'general.size_label': '27B', 'qwen35.ssm.conv_kernel': '4'}
Available chat formats from metadata: chat_template.default
Using gguf chat template: {%- set image_count = namespace(value=0) %}
{%- set video_count = namespace(value=0) %}
{%- macro render_content(content, do_vision_count, is_system_content=false) %}
    {%- if content is string %}
        {{- content }}
    {%- elif content is iterable and content is not mapping %}
        {%- for item in content %}
            {%- if 'image' in item or 'image_url' in item or item.type == 'image' %}
                {%- if is_system_content %}
                    {{- raise_exception('System message cannot contain images.') }}
                {%- endif %}
                {%- if do_vision_count %}
                    {%- set image_count.value = image_count.value + 1 %}
                {%- endif %}
                {%- if add_vision_id %}
                    {{- 'Picture ' ~ image_count.value ~ ': ' }}
                {%- endif %}
                {{- '<|vision_start|><|image_pad|><|vision_end|>' }}
            {%- elif 'video' in item or item.type == 'video' %}
                {%- if is_system_content %}
                    {{- raise_exception('System message cannot contain videos.') }}
                {%- endif %}
                {%- if do_vision_count %}
                    {%- set video_count.value = video_count.value + 1 %}
                {%- endif %}
                {%- if add_vision_id %}
                    {{- 'Video ' ~ video_count.value ~ ': ' }}
                {%- endif %}
                {{- '<|vision_start|><|video_pad|><|vision_end|>' }}
            {%- elif 'text' in item %}
                {{- item.text }}
            {%- else %}
                {{- raise_exception('Unexpected item type in content.') }}
            {%- endif %}
        {%- endfor %}
    {%- elif content is none or content is undefined %}
        {{- '' }}
    {%- else %}
        {{- raise_exception('Unexpected content type.') }}
    {%- endif %}
{%- endmacro %}
{%- if not messages %}
    {{- raise_exception('No messages provided.') }}
{%- endif %}
{%- set sysns = namespace(count=0, text='') %}
{%- for message in messages %}
    {%- if sysns.count == loop.index0 and (message.role == 'system' or message.role == 'developer') %}
        {%- set sys_content = render_content(message.content, false, true)|trim %}
        {%- if sys_content %}
            {%- set sysns.text = sysns.text + ('\n' if sysns.text else '') + sys_content %}
        {%- endif %}
        {%- set sysns.count = sysns.count + 1 %}
    {%- endif %}
{%- endfor %}
{%- set num_sys = sysns.count %}
{%- set merged_system = sysns.text %}
{%- set reasoning_instructions = '' %}
{%- if enable_thinking is undefined or enable_thinking is true %}
    {%- set resolved_reasoning_effort = reasoning_effort|default('xhigh') %}
    {%- if resolved_reasoning_effort == 'high' %}
        {%- set resolved_reasoning_effort = 'xhigh' %}
    {%- endif %}
    {%- if resolved_reasoning_effort not in ('xhigh', 'medium', 'low') %}
        {{- raise_exception('Unexpected reasoning effort ' ~ reasoning_effort ~ '. Supported types are xhigh (default), medium, and low.') }}
    {%- endif %}
    {%- if resolved_reasoning_effort == 'xhigh' %}
        {%- set reasoning_instructions = 'Reasoning effort is set to xhigh. Please think carefully through the task, validate key assumptions, consider plausible alternatives, and prioritize correctness, consistency, and clarity in the final answer.' %}
    {%- elif resolved_reasoning_effort == 'low' %}
        {%- set reasoning_instructions = 'Reasoning effort is set to low. Keep your thinking brief and focused, moving directly to the conclusion without unnecessary elaboration.' %}
    {%- endif %}
{%- endif %}
{%- if tools and tools is iterable and tools is not mapping %}
    {{- '<|im_start|>system\n' }}
    {%- if reasoning_instructions %}
        {{- reasoning_instructions + '\n\n' }}
    {%- endif %}
    {{- "# Tools\n\nYou have access to the following functions:\n\n<tools>" }}
    {%- for tool in tools %}
        {{- "\n" }}
        {{- tool | tojson }}
    {%- endfor %}
    {{- "\n</tools>" }}
    {{- '\n\nIf you choose to call a function ONLY reply in the following format with NO suffix:\n\n<tool_call>\n<function=example_function_name>\n<parameter=example_parameter_1>\nvalue_1\n</parameter>\n<parameter=example_parameter_2>\nThis is the value for the second parameter\nthat can span\nmultiple lines\n</parameter>\n</function>\n</tool_call>\n\n<IMPORTANT>\nReminder:\n- Function calls MUST follow the specified format: an inner <function=...></function> block must be nested within <tool_call></tool_call> XML tags\n- Required parameters MUST be specified\n- You may provide optional reasoning for your function call in natural language BEFORE the function call, but NOT after\n- If there is no function call available, answer the question like normal with your current knowledge and do not tell the user about function calls\n</IMPORTANT>' }}
    {%- if merged_system %}
        {{- '\n\n' + merged_system }}
    {%- endif %}
    {{- '<|im_end|>\n' }}
{%- else %}
    {%- if merged_system %}
        {{- '<|im_start|>system\n' + (reasoning_instructions + '\n\n' if reasoning_instructions else '')  + merged_system + '<|im_end|>\n' }}
    {%- elif reasoning_instructions %}
        {{- '<|im_start|>system\n' + reasoning_instructions + '<|im_end|>\n' }}
    {%- endif %}
{%- endif %}
{%- set ns = namespace(multi_step_tool=true, last_query_index=messages|length - 1) %}
{%- for message in messages[::-1] %}
    {%- set index = (messages|length - 1) - loop.index0 %}
    {%- if ns.multi_step_tool and message.role == "user" %}
        {%- set content = render_content(message.content, false)|trim %}
        {%- if not(content.startswith('<tool_response>') and content.endswith('</tool_response>')) %}
            {%- set ns.multi_step_tool = false %}
            {%- set ns.last_query_index = index %}
        {%- endif %}
    {%- endif %}
{%- endfor %}
{%- for message in messages %}
    {%- if loop.index0 >= num_sys %}
    {%- set content = render_content(message.content, true)|trim %}
    {%- if message.role == "system" or message.role == "developer" %}
        {{- raise_exception('System message must be at the beginning.') }}
    {%- elif message.role == "user" %}
        {{- '<|im_start|>' + message.role + '\n' + content + '<|im_end|>' + '\n' }}
    {%- elif message.role == "assistant" %}
        {%- set reasoning_content = '' %}
        {%- if message.reasoning_content is string %}
            {%- set reasoning_content = message.reasoning_content %}
        {%- endif %}
        {%- set reasoning_content = reasoning_content|trim %}
        {%- if preserve_thinking is undefined or preserve_thinking is true or loop.index0 > ns.last_query_index %}
            {{- '<|im_start|>' + message.role + '\n<think>\n' + reasoning_content + '\n</think>\n\n' + content }}
        {%- else %}
            {{- '<|im_start|>' + message.role + '\n' + content }}
        {%- endif %}
        {%- if message.tool_calls and message.tool_calls is iterable and message.tool_calls is not mapping %}
            {%- for tool_call in message.tool_calls %}
                {%- if tool_call.function is defined %}
                    {%- set tool_call = tool_call.function %}
                {%- endif %}
                {%- if tool_call.name is not defined or tool_call.name is none %}
                    {{- raise_exception('Tool call is missing a function name.') }}
                {%- endif %}
                {%- if loop.first %}
                    {%- if content|trim %}
                        {{- '\n\n<tool_call>\n<function=' + tool_call.name + '>\n' }}
                    {%- else %}
                        {{- '<tool_call>\n<function=' + tool_call.name + '>\n' }}
                    {%- endif %}
                {%- else %}
                    {{- '\n<tool_call>\n<function=' + tool_call.name + '>\n' }}
                {%- endif %}
                {%- if tool_call.arguments is mapping %}
                    {%- for args_name, args_value in tool_call.arguments|items %}
                        {{- '<parameter=' + args_name + '>\n' }}
                        {%- set args_value = args_value | string if args_value is string else args_value | tojson | safe %}
                        {{- args_value }}
                        {{- '\n</parameter>\n' }}
                    {%- endfor %}
                {%- elif tool_call.arguments is string %}
                    {%- if tool_call.arguments|trim %}
                        {{- raise_exception('Tool call arguments for function "' + (tool_call.name | string) + '" were passed as a JSON string. Parse them into an object before calling apply_chat_template.') }}
                    {%- endif %}
                {%- elif tool_call.arguments is defined and tool_call.arguments is not none %}
                    {{- raise_exception('Tool call arguments for function "' + (tool_call.name | string) + '" must be an object/mapping or a JSON string.') }}
                {%- endif %}
                {{- '</function>\n</tool_call>' }}
            {%- endfor %}
        {%- endif %}
        {{- '<|im_end|>\n' }}
    {%- elif message.role == "tool" %}
        {%- if loop.previtem and loop.previtem.role != "tool" %}
            {{- '<|im_start|>user' }}
        {%- endif %}
        {{- '\n<tool_response>\n' }}
        {{- content }}
        {{- '\n</tool_response>' }}
        {%- if not loop.last and loop.nextitem.role != "tool" %}
            {{- '<|im_end|>\n' }}
        {%- elif loop.last %}
            {{- '<|im_end|>\n' }}
        {%- endif %}
    {%- else %}
        {{- raise_exception('Unexpected message role.') }}
    {%- endif %}
    {%- endif %}
{%- endfor %}
{%- if add_generation_prompt %}
    {{- '<|im_start|>assistant\n' }}
    {%- if enable_thinking is defined and enable_thinking is false %}
        {{- '<think>\n\n</think>\n\n' }}
    {%- else %}
        {{- '<think>\n' }}
    {%- endif %}
{%- endif %}
{#- Unsloth fixes - developer role, merged system messages, tool calling #}
Using chat eos_token: <|im_end|>
Using chat bos_token: <|endoftext|>
[exp8022] phase=after_model_load elapsed_s=84.834 completed=0 pending=0
[exp7303-validation] before_subprocess resident elapsed_s=0.000 unit=1/1
[exp7303-validation:resident] 16744
[exp7303-validation] after_subprocess resident elapsed_s=0.014 exit=0 unit=1/1
[exp8022] phase=before_benchmark elapsed_s=84.862 completed=0 pending=8
[exp8059] phase=before_teacher_forcing elapsed_s=84.904 completed=0 pending=384
[exp8022] phase=8033_before_context_create elapsed_s=0.000 completed=0 pending=0
llama_context: constructing llama_context
llama_context: n_seq_max     = 1
llama_context: n_ctx         = 6400
llama_context: n_ctx_seq     = 6400
llama_context: n_batch       = 256
llama_context: n_ubatch      = 256
llama_context: causal_attn   = 1
llama_context: flash_attn    = disabled
llama_context: kv_unified    = false
llama_context: freq_base     = 10000000.0
llama_context: freq_scale    = 1
llama_context: n_rs_seq      = 0
llama_context: n_outputs_max = 256
llama_context: n_ctx_seq (6400) < n_ctx_train (262144) -- the full capacity of the model will not be utilized
set_abort_callback: call
llama_context:  CUDA_Host  output buffer size =     0.95 MiB
llama_kv_cache: layer   0: filtered
llama_kv_cache: layer   1: filtered
llama_kv_cache: layer   2: filtered
llama_kv_cache: layer   3: dev = CUDA0
llama_kv_cache: layer   4: filtered
llama_kv_cache: layer   5: filtered
llama_kv_cache: layer   6: filtered
llama_kv_cache: layer   7: dev = CUDA0
llama_kv_cache: layer   8: filtered
llama_kv_cache: layer   9: filtered
llama_kv_cache: layer  10: filtered
llama_kv_cache: layer  11: dev = CUDA0
llama_kv_cache: layer  12: filtered
llama_kv_cache: layer  13: filtered
llama_kv_cache: layer  14: filtered
llama_kv_cache: layer  15: dev = CUDA0
llama_kv_cache: layer  16: filtered
llama_kv_cache: layer  17: filtered
llama_kv_cache: layer  18: filtered
llama_kv_cache: layer  19: dev = CUDA0
llama_kv_cache: layer  20: filtered
llama_kv_cache: layer  21: filtered
llama_kv_cache: layer  22: filtered
llama_kv_cache: layer  23: dev = CUDA0
llama_kv_cache: layer  24: filtered
llama_kv_cache: layer  25: filtered
llama_kv_cache: layer  26: filtered
llama_kv_cache: layer  27: dev = CUDA0
llama_kv_cache: layer  28: filtered
llama_kv_cache: layer  29: filtered
llama_kv_cache: layer  30: filtered
llama_kv_cache: layer  31: dev = CUDA0
llama_kv_cache: layer  32: filtered
llama_kv_cache: layer  33: filtered
llama_kv_cache: layer  34: filtered
llama_kv_cache: layer  35: dev = CUDA0
llama_kv_cache: layer  36: filtered
llama_kv_cache: layer  37: filtered
llama_kv_cache: layer  38: filtered
llama_kv_cache: layer  39: dev = CUDA0
llama_kv_cache: layer  40: filtered
llama_kv_cache: layer  41: filtered
llama_kv_cache: layer  42: filtered
llama_kv_cache: layer  43: dev = CUDA0
llama_kv_cache: layer  44: filtered
llama_kv_cache: layer  45: filtered
llama_kv_cache: layer  46: filtered
llama_kv_cache: layer  47: dev = CUDA0
llama_kv_cache: layer  48: filtered
llama_kv_cache: layer  49: filtered
llama_kv_cache: layer  50: filtered
llama_kv_cache: layer  51: dev = CUDA0
llama_kv_cache: layer  52: filtered
llama_kv_cache: layer  53: filtered
llama_kv_cache: layer  54: filtered
llama_kv_cache: layer  55: dev = CUDA0
llama_kv_cache: layer  56: filtered
llama_kv_cache: layer  57: filtered
llama_kv_cache: layer  58: filtered
llama_kv_cache: layer  59: dev = CUDA0
llama_kv_cache: layer  60: filtered
llama_kv_cache: layer  61: filtered
llama_kv_cache: layer  62: filtered
llama_kv_cache: layer  63: dev = CUDA0
llama_kv_cache: layer  64: filtered
llama_kv_cache:      CUDA0 KV buffer size =   400.00 MiB
llama_kv_cache: size =  400.00 MiB (  6400 cells,  16 layers,  1/1 seqs), K (f16):  200.00 MiB, V (f16):  200.00 MiB
llama_kv_cache: attn_rot_k = 0, n_embd_head_k_all = 256
llama_kv_cache: attn_rot_v = 0, n_embd_head_k_all = 256
llama_memory_recurrent, layer   0: dev = CUDA0
llama_memory_recurrent, layer   1: dev = CUDA0
llama_memory_recurrent, layer   2: dev = CUDA0
llama_memory_recurrent: layer   3: skipped
llama_memory_recurrent, layer   4: dev = CUDA0
llama_memory_recurrent, layer   5: dev = CUDA0
llama_memory_recurrent, layer   6: dev = CUDA0
llama_memory_recurrent: layer   7: skipped
llama_memory_recurrent, layer   8: dev = CUDA0
llama_memory_recurrent, layer   9: dev = CUDA0
llama_memory_recurrent, layer  10: dev = CUDA0
llama_memory_recurrent: layer  11: skipped
llama_memory_recurrent, layer  12: dev = CUDA0
llama_memory_recurrent, layer  13: dev = CUDA0
llama_memory_recurrent, layer  14: dev = CUDA0
llama_memory_recurrent: layer  15: skipped
llama_memory_recurrent, layer  16: dev = CUDA0
llama_memory_recurrent, layer  17: dev = CUDA0
llama_memory_recurrent, layer  18: dev = CUDA0
llama_memory_recurrent: layer  19: skipped
llama_memory_recurrent, layer  20: dev = CUDA0
llama_memory_recurrent, layer  21: dev = CUDA0
llama_memory_recurrent, layer  22: dev = CUDA0
llama_memory_recurrent: layer  23: skipped
llama_memory_recurrent, layer  24: dev = CUDA0
llama_memory_recurrent, layer  25: dev = CUDA0
llama_memory_recurrent, layer  26: dev = CUDA0
llama_memory_recurrent: layer  27: skipped
llama_memory_recurrent, layer  28: dev = CUDA0
llama_memory_recurrent, layer  29: dev = CUDA0
llama_memory_recurrent, layer  30: dev = CUDA0
llama_memory_recurrent: layer  31: skipped
llama_memory_recurrent, layer  32: dev = CUDA0
llama_memory_recurrent, layer  33: dev = CUDA0
llama_memory_recurrent, layer  34: dev = CUDA0
llama_memory_recurrent: layer  35: skipped
llama_memory_recurrent, layer  36: dev = CUDA0
llama_memory_recurrent, layer  37: dev = CUDA0
llama_memory_recurrent, layer  38: dev = CUDA0
llama_memory_recurrent: layer  39: skipped
llama_memory_recurrent, layer  40: dev = CUDA0
llama_memory_recurrent, layer  41: dev = CUDA0
llama_memory_recurrent, layer  42: dev = CUDA0
llama_memory_recurrent: layer  43: skipped
llama_memory_recurrent, layer  44: dev = CUDA0
llama_memory_recurrent, layer  45: dev = CUDA0
llama_memory_recurrent, layer  46: dev = CUDA0
llama_memory_recurrent: layer  47: skipped
llama_memory_recurrent, layer  48: dev = CUDA0
llama_memory_recurrent, layer  49: dev = CUDA0
llama_memory_recurrent, layer  50: dev = CUDA0
llama_memory_recurrent: layer  51: skipped
llama_memory_recurrent, layer  52: dev = CUDA0
llama_memory_recurrent, layer  53: dev = CUDA0
llama_memory_recurrent, layer  54: dev = CUDA0
llama_memory_recurrent: layer  55: skipped
llama_memory_recurrent, layer  56: dev = CUDA0
llama_memory_recurrent, layer  57: dev = CUDA0
llama_memory_recurrent, layer  58: dev = CUDA0
llama_memory_recurrent: layer  59: skipped
llama_memory_recurrent, layer  60: dev = CUDA0
llama_memory_recurrent, layer  61: dev = CUDA0
llama_memory_recurrent, layer  62: dev = CUDA0
llama_memory_recurrent: layer  63: skipped
llama_memory_recurrent:      CUDA0 RS buffer size =   149.62 MiB
llama_memory_recurrent: size =  149.62 MiB (     1 cells,  64 layers,  1 seqs  0 rs_seq), R (f32):    5.62 MiB, S (f32):  144.00 MiB
llama_context: enumerating backends
llama_context: backend_ptrs.size() = 3
llama_context: pipeline parallelism enabled
sched_reserve: reserving ...
sched_reserve: max_nodes = 27712
sched_reserve: reserving full memory module
sched_reserve: worst-case: n_tokens = 256, n_seqs = 1, n_outputs = 1
sched_reserve: resolving fused Gated Delta Net support:
graph_reserve: reserving a graph for ubatch with n_tokens =    1, n_seqs =  1, n_outputs =    1
sched_reserve: fused Gated Delta Net (autoregressive) enabled
graph_reserve: reserving a graph for ubatch with n_tokens =   16, n_seqs =  1, n_outputs =   16
sched_reserve: fused Gated Delta Net (chunked) enabled
graph_reserve: reserving a graph for ubatch with n_tokens =  256, n_seqs =  1, n_outputs =  256
graph_reserve: reserving a graph for ubatch with n_tokens =    1, n_seqs =  1, n_outputs =    1
graph_reserve: reserving a graph for ubatch with n_tokens =  256, n_seqs =  1, n_outputs =  256
sched_reserve:      CUDA0 compute buffer size =   305.53 MiB
sched_reserve:  CUDA_Host compute buffer size =    43.03 MiB
sched_reserve: graph nodes  = 3735
sched_reserve: graph splits = 2
sched_reserve: reserve took 22.00 ms, sched copies = 4
[exp8022] phase=8033_after_context_create elapsed_s=0.025 completed=0 pending=0
[exp8022] phase=8033_before_eval elapsed_s=0.026 completed=0 pending=1568
[exp8022] phase=8033_after_eval elapsed_s=2.081 completed=1568 pending=0
[exp8022] phase=8033_before_context_close elapsed_s=2.169 completed=0 pending=0
~llama_context:      CUDA0 compute buffer size is 305.5278 MiB, matches expectation of 305.5278 MiB
~llama_context:      CUDA1 compute buffer size is   0.0000 MiB, matches expectation of   0.0000 MiB
~llama_context:  CUDA_Host compute buffer size is  43.0313 MiB, matches expectation of  43.0313 MiB
[exp8022] phase=8033_after_context_close elapsed_s=2.539 completed=0 pending=0
[exp8059] phase=after_teacher_forcing elapsed_s=87.444 completed=1 pending=383
[exp8059] phase=before_teacher_forcing elapsed_s=87.454 completed=1 pending=383
[exp8022] phase=8033_before_context_create elapsed_s=0.000 completed=0 pending=0
llama_context: constructing llama_context
llama_context: n_seq_max     = 1
llama_context: n_ctx         = 6400
llama_context: n_ctx_seq     = 6400
llama_context: n_batch       = 256
llama_context: n_ubatch      = 256
llama_context: causal_attn   = 1
llama_context: flash_attn    = disabled
llama_context: kv_unified    = false
llama_context: freq_base     = 10000000.0
llama_context: freq_scale    = 1
llama_context: n_rs_seq      = 0
llama_context: n_outputs_max = 256
llama_context: n_ctx_seq (6400) < n_ctx_train (262144) -- the full capacity of the model will not be utilized
set_abort_callback: call
llama_context:  CUDA_Host  output buffer size =     0.95 MiB
llama_kv_cache: layer   0: filtered
llama_kv_cache: layer   1: filtered
llama_kv_cache: layer   2: filtered
llama_kv_cache: layer   3: dev = CUDA0
llama_kv_cache: layer   4: filtered
llama_kv_cache: layer   5: filtered
llama_kv_cache: layer   6: filtered
llama_kv_cache: layer   7: dev = CUDA0
llama_kv_cache: layer   8: filtered
llama_kv_cache: layer   9: filtered
llama_kv_cache: layer  10: filtered
llama_kv_cache: layer  11: dev = CUDA0
llama_kv_cache: layer  12: filtered
llama_kv_cache: layer  13: filtered
llama_kv_cache: layer  14: filtered
llama_kv_cache: layer  15: dev = CUDA0
llama_kv_cache: layer  16: filtered
llama_kv_cache: layer  17: filtered
llama_kv_cache: layer  18: filtered
llama_kv_cache: layer  19: dev = CUDA0
llama_kv_cache: layer  20: filtered
llama_kv_cache: layer  21: filtered
llama_kv_cache: layer  22: filtered
llama_kv_cache: layer  23: dev = CUDA0
llama_kv_cache: layer  24: filtered
llama_kv_cache: layer  25: filtered
llama_kv_cache: layer  26: filtered
llama_kv_cache: layer  27: dev = CUDA0
llama_kv_cache: layer  28: filtered
llama_kv_cache: layer  29: filtered
llama_kv_cache: layer  30: filtered
llama_kv_cache: layer  31: dev = CUDA0
llama_kv_cache: layer  32: filtered
llama_kv_cache: layer  33: filtered
llama_kv_cache: layer  34: filtered
llama_kv_cache: layer  35: dev = CUDA0
llama_kv_cache: layer  36: filtered
llama_kv_cache: layer  37: filtered
llama_kv_cache: layer  38: filtered
llama_kv_cache: layer  39: dev = CUDA0
llama_kv_cache: layer  40: filtered
llama_kv_cache: layer  41: filtered
llama_kv_cache: layer  42: filtered
llama_kv_cache: layer  43: dev = CUDA0
llama_kv_cache: layer  44: filtered
llama_kv_cache: layer  45: filtered
llama_kv_cache: layer  46: filtered
llama_kv_cache: layer  47: dev = CUDA0
llama_kv_cache: layer  48: filtered
llama_kv_cache: layer  49: filtered
llama_kv_cache: layer  50: filtered
llama_kv_cache: layer  51: dev = CUDA0
llama_kv_cache: layer  52: filtered
llama_kv_cache: layer  53: filtered
llama_kv_cache: layer  54: filtered
llama_kv_cache: layer  55: dev = CUDA0
llama_kv_cache: layer  56: filtered
llama_kv_cache: layer  57: filtered
llama_kv_cache: layer  58: filtered
llama_kv_cache: layer  59: dev = CUDA0
llama_kv_cache: layer  60: filtered
llama_kv_cache: layer  61: filtered
llama_kv_cache: layer  62: filtered
llama_kv_cache: layer  63: dev = CUDA0
llama_kv_cache: layer  64: filtered
llama_kv_cache:      CUDA0 KV buffer size =   400.00 MiB
llama_kv_cache: size =  400.00 MiB (  6400 cells,  16 layers,  1/1 seqs), K (f16):  200.00 MiB, V (f16):  200.00 MiB
llama_kv_cache: attn_rot_k = 0, n_embd_head_k_all = 256
llama_kv_cache: attn_rot_v = 0, n_embd_head_k_all = 256
llama_memory_recurrent, layer   0: dev = CUDA0
llama_memory_recurrent, layer   1: dev = CUDA0
llama_memory_recurrent, layer   2: dev = CUDA0
llama_memory_recurrent: layer   3: skipped
llama_memory_recurrent, layer   4: dev = CUDA0
llama_memory_recurrent, layer   5: dev = CUDA0
llama_memory_recurrent, layer   6: dev = CUDA0
llama_memory_recurrent: layer   7: skipped
llama_memory_recurrent, layer   8: dev = CUDA0
llama_memory_recurrent, layer   9: dev = CUDA0
llama_memory_recurrent, layer  10: dev = CUDA0
llama_memory_recurrent: layer  11: skipped
llama_memory_recurrent, layer  12: dev = CUDA0
llama_memory_recurrent, layer  13: dev = CUDA0
llama_memory_recurrent, layer  14: dev = CUDA0
llama_memory_recurrent: layer  15: skipped
llama_memory_recurrent, layer  16: dev = CUDA0
llama_memory_recurrent, layer  17: dev = CUDA0
llama_memory_recurrent, layer  18: dev = CUDA0
llama_memory_recurrent: layer  19: skipped
llama_memory_recurrent, layer  20: dev = CUDA0
llama_memory_recurrent, layer  21: dev = CUDA0
llama_memory_recurrent, layer  22: dev = CUDA0
llama_memory_recurrent: layer  23: skipped
llama_memory_recurrent, layer  24: dev = CUDA0
llama_memory_recurrent, layer  25: dev = CUDA0
llama_memory_recurrent, layer  26: dev = CUDA0
llama_memory_recurrent: layer  27: skipped
llama_memory_recurrent, layer  28: dev = CUDA0
llama_memory_recurrent, layer  29: dev = CUDA0
llama_memory_recurrent, layer  30: dev = CUDA0
llama_memory_recurrent: layer  31: skipped
llama_memory_recurrent, layer  32: dev = CUDA0
llama_memory_recurrent, layer  33: dev = CUDA0
llama_memory_recurrent, layer  34: dev = CUDA0
llama_memory_recurrent: layer  35: skipped
llama_memory_recurrent, layer  36: dev = CUDA0
llama_memory_recurrent, layer  37: dev = CUDA0
llama_memory_recurrent, layer  38: dev = CUDA0
llama_memory_recurrent: layer  39: skipped
llama_memory_recurrent, layer  40: dev = CUDA0
llama_memory_recurrent, layer  41: dev = CUDA0
llama_memory_recurrent, layer  42: dev = CUDA0
llama_memory_recurrent: layer  43: skipped
llama_memory_recurrent, layer  44: dev = CUDA0
llama_memory_recurrent, layer  45: dev = CUDA0
llama_memory_recurrent, layer  46: dev = CUDA0
llama_memory_recurrent: layer  47: skipped
llama_memory_recurrent, layer  48: dev = CUDA0
llama_memory_recurrent, layer  49: dev = CUDA0
llama_memory_recurrent, layer  50: dev = CUDA0
llama_memory_recurrent: layer  51: skipped
llama_memory_recurrent, layer  52: dev = CUDA0
llama_memory_recurrent, layer  53: dev = CUDA0
llama_memory_recurrent, layer  54: dev = CUDA0
llama_memory_recurrent: layer  55: skipped
llama_memory_recurrent, layer  56: dev = CUDA0
llama_memory_recurrent, layer  57: dev = CUDA0
llama_memory_recurrent, layer  58: dev = CUDA0
llama_memory_recurrent: layer  59: skipped
llama_memory_recurrent, layer  60: dev = CUDA0
llama_memory_recurrent, layer  61: dev = CUDA0
llama_memory_recurrent, layer  62: dev = CUDA0
llama_memory_recurrent: layer  63: skipped
llama_memory_recurrent:      CUDA0 RS buffer size =   149.62 MiB
llama_memory_recurrent: size =  149.62 MiB (     1 cells,  64 layers,  1 seqs  0 rs_seq), R (f32):    5.62 MiB, S (f32):  144.00 MiB
llama_context: enumerating backends
llama_context: backend_ptrs.size() = 3
llama_context: pipeline parallelism enabled
sched_reserve: reserving ...
sched_reserve: max_nodes = 27712
sched_reserve: reserving full memory module
sched_reserve: worst-case: n_tokens = 256, n_seqs = 1, n_outputs = 1
sched_reserve: resolving fused Gated Delta Net support:
graph_reserve: reserving a graph for ubatch with n_tokens =    1, n_seqs =  1, n_outputs =    1
sched_reserve: fused Gated Delta Net (autoregressive) enabled
graph_reserve: reserving a graph for ubatch with n_tokens =   16, n_seqs =  1, n_outputs =   16
sched_reserve: fused Gated Delta Net (chunked) enabled
graph_reserve: reserving a graph for ubatch with n_tokens =  256, n_seqs =  1, n_outputs =  256
graph_reserve: reserving a graph for ubatch with n_tokens =    1, n_seqs =  1, n_outputs =    1
graph_reserve: reserving a graph for ubatch with n_tokens =  256, n_seqs =  1, n_outputs =  256
sched_reserve:      CUDA0 compute buffer size =   305.53 MiB
sched_reserve:  CUDA_Host compute buffer size =    43.03 MiB
sched_reserve: graph nodes  = 3735
sched_reserve: graph splits = 2
sched_reserve: reserve took 21.03 ms, sched copies = 4
[exp8022] phase=8033_after_context_create elapsed_s=0.024 completed=0 pending=0
[exp8022] phase=8033_before_eval elapsed_s=0.025 completed=0 pending=192
[exp8022] phase=8033_after_eval elapsed_s=0.302 completed=192 pending=0
[exp8022] phase=8033_before_context_close elapsed_s=0.390 completed=0 pending=0
~llama_context:      CUDA0 compute buffer size is 305.5278 MiB, matches expectation of 305.5278 MiB
~llama_context:      CUDA1 compute buffer size is   0.0000 MiB, matches expectation of   0.0000 MiB
~llama_context:  CUDA_Host compute buffer size is  43.0313 MiB, matches expectation of  43.0313 MiB
[exp8022] phase=8033_after_context_close elapsed_s=0.785 completed=0 pending=0
[exp8059] phase=after_teacher_forcing elapsed_s=88.240 completed=2 pending=382
[exp8059] phase=before_teacher_forcing elapsed_s=88.242 completed=2 pending=382
[exp8022] phase=8033_before_context_create elapsed_s=0.000 completed=0 pending=0
llama_context: constructing llama_context
llama_context: n_seq_max     = 1
llama_context: n_ctx         = 6400
llama_context: n_ctx_seq     = 6400
llama_context: n_batch       = 256
llama_context: n_ubatch      = 256
llama_context: causal_attn   = 1
llama_context: flash_attn    = disabled
llama_context: kv_unified    = false
llama_context: freq_base     = 10000000.0
llama_context: freq_scale    = 1
llama_context: n_rs_seq      = 0
llama_context: n_outputs_max = 256
llama_context: n_ctx_seq (6400) < n_ctx_train (262144) -- the full capacity of the model will not be utilized
set_abort_callback: call
llama_context:  CUDA_Host  output buffer size =     0.95 MiB
llama_kv_cache: layer   0: filtered
llama_kv_cache: layer   1: filtered
llama_kv_cache: layer   2: filtered
llama_kv_cache: layer   3: dev = CUDA0
llama_kv_cache: layer   4: filtered
llama_kv_cache: layer   5: filtered
llama_kv_cache: layer   6: filtered
llama_kv_cache: layer   7: dev = CUDA0
llama_kv_cache: layer   8: filtered
llama_kv_cache: layer   9: filtered
llama_kv_cache: layer  10: filtered
llama_kv_cache: layer  11: dev = CUDA0
llama_kv_cache: layer  12: filtered
llama_kv_cache: layer  13: filtered
llama_kv_cache: layer  14: filtered
llama_kv_cache: layer  15: dev = CUDA0
llama_kv_cache: layer  16: filtered
llama_kv_cache: layer  17: filtered
llama_kv_cache: layer  18: filtered
llama_kv_cache: layer  19: dev = CUDA0
llama_kv_cache: layer  20: filtered
llama_kv_cache: layer  21: filtered
llama_kv_cache: layer  22: filtered
llama_kv_cache: layer  23: dev = CUDA0
llama_kv_cache: layer  24: filtered
llama_kv_cache: layer  25: filtered
llama_kv_cache: layer  26: filtered
llama_kv_cache: layer  27: dev = CUDA0
llama_kv_cache: layer  28: filtered
llama_kv_cache: layer  29: filtered
llama_kv_cache: layer  30: filtered
llama_kv_cache: layer  31: dev = CUDA0
llama_kv_cache: layer  32: filtered
llama_kv_cache: layer  33: filtered
llama_kv_cache: layer  34: filtered
llama_kv_cache: layer  35: dev = CUDA0
llama_kv_cache: layer  36: filtered
llama_kv_cache: layer  37: filtered
llama_kv_cache: layer  38: filtered
llama_kv_cache: layer  39: dev = CUDA0
llama_kv_cache: layer  40: filtered
llama_kv_cache: layer  41: filtered
llama_kv_cache: layer  42: filtered
llama_kv_cache: layer  43: dev = CUDA0
llama_kv_cache: layer  44: filtered
llama_kv_cache: layer  45: filtered
llama_kv_cache: layer  46: filtered
llama_kv_cache: layer  47: dev = CUDA0
llama_kv_cache: layer  48: filtered
llama_kv_cache: layer  49: filtered
llama_kv_cache: layer  50: filtered
llama_kv_cache: layer  51: dev = CUDA0
llama_kv_cache: layer  52: filtered
llama_kv_cache: layer  53: filtered
llama_kv_cache: layer  54: filtered
llama_kv_cache: layer  55: dev = CUDA0
llama_kv_cache: layer  56: filtered
llama_kv_cache: layer  57: filtered
llama_kv_cache: layer  58: filtered
llama_kv_cache: layer  59: dev = CUDA0
llama_kv_cache: layer  60: filtered
llama_kv_cache: layer  61: filtered
llama_kv_cache: layer  62: filtered
llama_kv_cache: layer  63: dev = CUDA0
llama_kv_cache: layer  64: filtered
llama_kv_cache:      CUDA0 KV buffer size =   400.00 MiB
llama_kv_cache: size =  400.00 MiB (  6400 cells,  16 layers,  1/1 seqs), K (f16):  200.00 MiB, V (f16):  200.00 MiB
llama_kv_cache: attn_rot_k = 0, n_embd_head_k_all = 256
llama_kv_cache: attn_rot_v = 0, n_embd_head_k_all = 256
llama_memory_recurrent, layer   0: dev = CUDA0
llama_memory_recurrent, layer   1: dev = CUDA0
llama_memory_recurrent, layer   2: dev = CUDA0
llama_memory_recurrent: layer   3: skipped
llama_memory_recurrent, layer   4: dev = CUDA0
llama_memory_recurrent, layer   5: dev = CUDA0
llama_memory_recurrent, layer   6: dev = CUDA0
llama_memory_recurrent: layer   7: skipped
llama_memory_recurrent, layer   8: dev = CUDA0
llama_memory_recurrent, layer   9: dev = CUDA0
llama_memory_recurrent, layer  10: dev = CUDA0
llama_memory_recurrent: layer  11: skipped
llama_memory_recurrent, layer  12: dev = CUDA0
llama_memory_recurrent, layer  13: dev = CUDA0
llama_memory_recurrent, layer  14: dev = CUDA0
llama_memory_recurrent: layer  15: skipped
llama_memory_recurrent, layer  16: dev = CUDA0
llama_memory_recurrent, layer  17: dev = CUDA0
llama_memory_recurrent, layer  18: dev = CUDA0
llama_memory_recurrent: layer  19: skipped
llama_memory_recurrent, layer  20: dev = CUDA0
llama_memory_recurrent, layer  21: dev = CUDA0
llama_memory_recurrent, layer  22: dev = CUDA0
llama_memory_recurrent: layer  23: skipped
llama_memory_recurrent, layer  24: dev = CUDA0
llama_memory_recurrent, layer  25: dev = CUDA0
llama_memory_recurrent, layer  26: dev = CUDA0
llama_memory_recurrent: layer  27: skipped
llama_memory_recurrent, layer  28: dev = CUDA0
llama_memory_recurrent, layer  29: dev = CUDA0
llama_memory_recurrent, layer  30: dev = CUDA0
llama_memory_recurrent: layer  31: skipped
llama_memory_recurrent, layer  32: dev = CUDA0
llama_memory_recurrent, layer  33: dev = CUDA0
llama_memory_recurrent, layer  34: dev = CUDA0
llama_memory_recurrent: layer  35: skipped
llama_memory_recurrent, layer  36: dev = CUDA0
llama_memory_recurrent, layer  37: dev = CUDA0
llama_memory_recurrent, layer  38: dev = CUDA0
llama_memory_recurrent: layer  39: skipped
llama_memory_recurrent, layer  40: dev = CUDA0
llama_memory_recurrent, layer  41: dev = CUDA0
llama_memory_recurrent, layer  42: dev = CUDA0
llama_memory_recurrent: layer  43: skipped
llama_memory_recurrent, layer  44: dev = CUDA0
llama_memory_recurrent, layer  45: dev = CUDA0
llama_memory_recurrent, layer  46: dev = CUDA0
llama_memory_recurrent: layer  47: skipped
llama_memory_recurrent, layer  48: dev = CUDA0
llama_memory_recurrent, layer  49: dev = CUDA0
llama_memory_recurrent, layer  50: dev = CUDA0
llama_memory_recurrent: layer  51: skipped
llama_memory_recurrent, layer  52: dev = CUDA0
llama_memory_recurrent, layer  53: dev = CUDA0
llama_memory_recurrent, layer  54: dev = CUDA0
llama_memory_recurrent: layer  55: skipped
llama_memory_recurrent, layer  56: dev = CUDA0
llama_memory_recurrent, layer  57: dev = CUDA0
llama_memory_recurrent, layer  58: dev = CUDA0
llama_memory_recurrent: layer  59: skipped
llama_memory_recurrent, layer  60: dev = CUDA0
llama_memory_recurrent, layer  61: dev = CUDA0
llama_memory_recurrent, layer  62: dev = CUDA0
llama_memory_recurrent: layer  63: skipped
llama_memory_recurrent:      CUDA0 RS buffer size =   149.62 MiB
llama_memory_recurrent: size =  149.62 MiB (     1 cells,  64 layers,  1 seqs  0 rs_seq), R (f32):    5.62 MiB, S (f32):  144.00 MiB
llama_context: enumerating backends
llama_context: backend_ptrs.size() = 3
llama_context: pipeline parallelism enabled
sched_reserve: reserving ...
sched_reserve: max_nodes = 27712
sched_reserve: reserving full memory module
sched_reserve: worst-case: n_tokens = 256, n_seqs = 1, n_outputs = 1
sched_reserve: resolving fused Gated Delta Net support:
graph_reserve: reserving a graph for ubatch with n_tokens =    1, n_seqs =  1, n_outputs =    1
sched_reserve: fused Gated Delta Net (autoregressive) enabled
graph_reserve: reserving a graph for ubatch with n_tokens =   16, n_seqs =  1, n_outputs =   16
sched_reserve: fused Gated Delta Net (chunked) enabled
graph_reserve: reserving a graph for ubatch with n_tokens =  256, n_seqs =  1, n_outputs =  256
graph_reserve: reserving a graph for ubatch with n_tokens =    1, n_seqs =  1, n_outputs =    1
graph_reserve: reserving a graph for ubatch with n_tokens =  256, n_seqs =  1, n_outputs =  256
sched_reserve:      CUDA0 compute buffer size =   305.53 MiB
sched_reserve:  CUDA_Host compute buffer size =    43.03 MiB
sched_reserve: graph nodes  = 3735
sched_reserve: graph splits = 2
sched_reserve: reserve took 24.24 ms, sched copies = 4
[exp8022] phase=8033_after_context_create elapsed_s=0.029 completed=0 pending=0
[exp8022] phase=8033_before_eval elapsed_s=0.030 completed=0 pending=731
[exp8022] phase=8033_after_eval elapsed_s=0.960 completed=731 pending=0
[exp8022] phase=8033_before_context_close elapsed_s=1.034 completed=0 pending=0
~llama_context:      CUDA0 compute buffer size is 305.5278 MiB, matches expectation of 305.5278 MiB
~llama_context:      CUDA1 compute buffer size is   0.0000 MiB, matches expectation of   0.0000 MiB
~llama_context:  CUDA_Host compute buffer size is  43.0313 MiB, matches expectation of  43.0313 MiB
[exp8022] phase=8033_after_context_close elapsed_s=1.401 completed=0 pending=0
[exp8059] phase=after_teacher_forcing elapsed_s=89.644 completed=3 pending=381
[exp8059] phase=before_teacher_forcing elapsed_s=89.646 completed=3 pending=381
[exp8022] phase=8033_before_context_create elapsed_s=0.000 completed=0 pending=0
llama_context: constructing llama_context
llama_context: n_seq_max     = 1
llama_context: n_ctx         = 6400
llama_context: n_ctx_seq     = 6400
llama_context: n_batch       = 256
llama_context: n_ubatch      = 256
llama_context: causal_attn   = 1
llama_context: flash_attn    = disabled
llama_context: kv_unified    = false
llama_context: freq_base     = 10000000.0
llama_context: freq_scale    = 1
llama_context: n_rs_seq      = 0
llama_context: n_outputs_max = 256
llama_context: n_ctx_seq (6400) < n_ctx_train (262144) -- the full capacity of the model will not be utilized
set_abort_callback: call
llama_context:  CUDA_Host  output buffer size =     0.95 MiB
llama_kv_cache: layer   0: filtered
llama_kv_cache: layer   1: filtered
llama_kv_cache: layer   2: filtered
llama_kv_cache: layer   3: dev = CUDA0
llama_kv_cache: layer   4: filtered
llama_kv_cache: layer   5: filtered
llama_kv_cache: layer   6: filtered
llama_kv_cache: layer   7: dev = CUDA0
llama_kv_cache: layer   8: filtered
llama_kv_cache: layer   9: filtered
llama_kv_cache: layer  10: filtered
llama_kv_cache: layer  11: dev = CUDA0
llama_kv_cache: layer  12: filtered
llama_kv_cache: layer  13: filtered
llama_kv_cache: layer  14: filtered
llama_kv_cache: layer  15: dev = CUDA0
llama_kv_cache: layer  16: filtered
llama_kv_cache: layer  17: filtered
llama_kv_cache: layer  18: filtered
llama_kv_cache: layer  19: dev = CUDA0
llama_kv_cache: layer  20: filtered
llama_kv_cache: layer  21: filtered
llama_kv_cache: layer  22: filtered
llama_kv_cache: layer  23: dev = CUDA0
llama_kv_cache: layer  24: filtered
llama_kv_cache: layer  25: filtered
llama_kv_cache: layer  26: filtered
llama_kv_cache: layer  27: dev = CUDA0
llama_kv_cache: layer  28: filtered
llama_kv_cache: layer  29: filtered
llama_kv_cache: layer  30: filtered
llama_kv_cache: layer  31: dev = CUDA0
llama_kv_cache: layer  32: filtered
llama_kv_cache: layer  33: filtered
llama_kv_cache: layer  34: filtered
llama_kv_cache: layer  35: dev = CUDA0
llama_kv_cache: layer  36: filtered
llama_kv_cache: layer  37: filtered
llama_kv_cache: layer  38: filtered
llama_kv_cache: layer  39: dev = CUDA0
llama_kv_cache: layer  40: filtered
llama_kv_cache: layer  41: filtered
llama_kv_cache: layer  42: filtered
llama_kv_cache: layer  43: dev = CUDA0
llama_kv_cache: layer  44: filtered
llama_kv_cache: layer  45: filtered
llama_kv_cache: layer  46: filtered
llama_kv_cache: layer  47: dev = CUDA0
llama_kv_cache: layer  48: filtered
llama_kv_cache: layer  49: filtered
llama_kv_cache: layer  50: filtered
llama_kv_cache: layer  51: dev = CUDA0
llama_kv_cache: layer  52: filtered
llama_kv_cache: layer  53: filtered
llama_kv_cache: layer  54: filtered
llama_kv_cache: layer  55: dev = CUDA0
llama_kv_cache: layer  56: filtered
llama_kv_cache: layer  57: filtered
llama_kv_cache: layer  58: filtered
llama_kv_cache: layer  59: dev = CUDA0
llama_kv_cache: layer  60: filtered
llama_kv_cache: layer  61: filtered
llama_kv_cache: layer  62: filtered
llama_kv_cache: layer  63: dev = CUDA0
llama_kv_cache: layer  64: filtered
llama_kv_cache:      CUDA0 KV buffer size =   400.00 MiB
llama_kv_cache: size =  400.00 MiB (  6400 cells,  16 layers,  1/1 seqs), K (f16):  200.00 MiB, V (f16):  200.00 MiB
llama_kv_cache: attn_rot_k = 0, n_embd_head_k_all = 256
llama_kv_cache: attn_rot_v = 0, n_embd_head_k_all = 256
llama_memory_recurrent, layer   0: dev = CUDA0
llama_memory_recurrent, layer   1: dev = CUDA0
llama_memory_recurrent, layer   2: dev = CUDA0
llama_memory_recurrent: layer   3: skipped
llama_memory_recurrent, layer   4: dev = CUDA0
llama_memory_recurrent, layer   5: dev = CUDA0
llama_memory_recurrent, layer   6: dev = CUDA0
llama_memory_recurrent: layer   7: skipped
llama_memory_recurrent, layer   8: dev = CUDA0
llama_memory_recurrent, layer   9: dev = CUDA0
llama_memory_recurrent, layer  10: dev = CUDA0
llama_memory_recurrent: layer  11: skipped
llama_memory_recurrent, layer  12: dev = CUDA0
llama_memory_recurrent, layer  13: dev = CUDA0
llama_memory_recurrent, layer  14: dev = CUDA0
llama_memory_recurrent: layer  15: skipped
llama_memory_recurrent, layer  16: dev = CUDA0
llama_memory_recurrent, layer  17: dev = CUDA0
llama_memory_recurrent, layer  18: dev = CUDA0
llama_memory_recurrent: layer  19: skipped
llama_memory_recurrent, layer  20: dev = CUDA0
llama_memory_recurrent, layer  21: dev = CUDA0
llama_memory_recurrent, layer  22: dev = CUDA0
llama_memory_recurrent: layer  23: skipped
llama_memory_recurrent, layer  24: dev = CUDA0
llama_memory_recurrent, layer  25: dev = CUDA0
llama_memory_recurrent, layer  26: dev = CUDA0
llama_memory_recurrent: layer  27: skipped
llama_memory_recurrent, layer  28: dev = CUDA0
llama_memory_recurrent, layer  29: dev = CUDA0
llama_memory_recurrent, layer  30: dev = CUDA0
llama_memory_recurrent: layer  31: skipped
llama_memory_recurrent, layer  32: dev = CUDA0
llama_memory_recurrent, layer  33: dev = CUDA0
llama_memory_recurrent, layer  34: dev = CUDA0
llama_memory_recurrent: layer  35: skipped
llama_memory_recurrent, layer  36: dev = CUDA0
llama_memory_recurrent, layer  37: dev = CUDA0
llama_memory_recurrent, layer  38: dev = CUDA0
llama_memory_recurrent: layer  39: skipped
llama_memory_recurrent, layer  40: dev = CUDA0
llama_memory_recurrent, layer  41: dev = CUDA0
llama_memory_recurrent, layer  42: dev = CUDA0
llama_memory_recurrent: layer  43: skipped
llama_memory_recurrent, layer  44: dev = CUDA0
llama_memory_recurrent, layer  45: dev = CUDA0
llama_memory_recurrent, layer  46: dev = CUDA0
llama_memory_recurrent: layer  47: skipped
llama_memory_recurrent, layer  48: dev = CUDA0
llama_memory_recurrent, layer  49: dev = CUDA0
llama_memory_recurrent, layer  50: dev = CUDA0
llama_memory_recurrent: layer  51: skipped
llama_memory_recurrent, layer  52: dev = CUDA0
llama_memory_recurrent, layer  53: dev = CUDA0
llama_memory_recurrent, layer  54: dev = CUDA0
llama_memory_recurrent: layer  55: skipped
llama_memory_recurrent, layer  56: dev = CUDA0
llama_memory_recurrent, layer  57: dev = CUDA0
llama_memory_recurrent, layer  58: dev = CUDA0
llama_memory_recurrent: layer  59: skipped
llama_memory_recurrent, layer  60: dev = CUDA0
llama_memory_recurrent, layer  61: dev = CUDA0
llama_memory_recurrent, layer  62: dev = CUDA0
llama_memory_recurrent: layer  63: skipped
llama_memory_recurrent:      CUDA0 RS buffer size =   149.62 MiB
llama_memory_recurrent: size =  149.62 MiB (     1 cells,  64 layers,  1 seqs  0 rs_seq), R (f32):    5.62 MiB, S (f32):  144.00 MiB
llama_context: enumerating backends
llama_context: backend_ptrs.size() = 3
llama_context: pipeline parallelism enabled
sched_reserve: reserving ...
sched_reserve: max_nodes = 27712
sched_reserve: reserving full memory module
sched_reserve: worst-case: n_tokens = 256, n_seqs = 1, n_outputs = 1
sched_reserve: resolving fused Gated Delta Net support:
graph_reserve: reserving a graph for ubatch with n_tokens =    1, n_seqs =  1, n_outputs =    1
sched_reserve: fused Gated Delta Net (autoregressive) enabled
graph_reserve: reserving a graph for ubatch with n_tokens =   16, n_seqs =  1, n_outputs =   16
sched_reserve: fused Gated Delta Net (chunked) enabled
graph_reserve: reserving a graph for ubatch with n_tokens =  256, n_seqs =  1, n_outputs =  256
graph_reserve: reserving a graph for ubatch with n_tokens =    1, n_seqs =  1, n_outputs =    1
graph_reserve: reserving a graph for ubatch with n_tokens =  256, n_seqs =  1, n_outputs =  256
sched_reserve:      CUDA0 compute buffer size =   305.53 MiB
sched_reserve:  CUDA_Host compute buffer size =    43.03 MiB
sched_reserve: graph nodes  = 3735
sched_reserve: graph splits = 2
sched_reserve: reserve took 16.15 ms, sched copies = 4
[exp8022] phase=8033_after_context_create elapsed_s=0.021 completed=0 pending=0
[exp8022] phase=8033_before_eval elapsed_s=0.022 completed=0 pending=165
[exp8022] phase=8033_after_eval elapsed_s=0.281 completed=165 pending=0
[exp8022] phase=8033_before_context_close elapsed_s=0.354 completed=0 pending=0
~llama_context:      CUDA0 compute buffer size is 305.5278 MiB, matches expectation of 305.5278 MiB
~llama_context:      CUDA1 compute buffer size is   0.0000 MiB, matches expectation of   0.0000 MiB
~llama_context:  CUDA_Host compute buffer size is  43.0313 MiB, matches expectation of  43.0313 MiB
[exp8022] phase=8033_after_context_close elapsed_s=0.549 completed=0 pending=0
[exp8059] phase=after_teacher_forcing elapsed_s=90.195 completed=4 pending=380
[exp8059] phase=before_teacher_forcing elapsed_s=90.232 completed=4 pending=380
[exp8022] phase=8033_before_context_create elapsed_s=0.000 completed=0 pending=0
llama_context: constructing llama_context
llama_context: n_seq_max     = 1
llama_context: n_ctx         = 6400
llama_context: n_ctx_seq     = 6400
llama_context: n_batch       = 256
llama_context: n_ubatch      = 256
llama_context: causal_attn   = 1
llama_context: flash_attn    = disabled
llama_context: kv_unified    = false
llama_context: freq_base     = 10000000.0
llama_context: freq_scale    = 1
llama_context: n_rs_seq      = 0
llama_context: n_outputs_max = 256
llama_context: n_ctx_seq (6400) < n_ctx_train (262144) -- the full capacity of the model will not be utilized
set_abort_callback: call
llama_context:  CUDA_Host  output buffer size =     0.95 MiB
llama_kv_cache: layer   0: filtered
llama_kv_cache: layer   1: filtered
llama_kv_cache: layer   2: filtered
llama_kv_cache: layer   3: dev = CUDA0
llama_kv_cache: layer   4: filtered
llama_kv_cache: layer   5: filtered
llama_kv_cache: layer   6: filtered
llama_kv_cache: layer   7: dev = CUDA0
llama_kv_cache: layer   8: filtered
llama_kv_cache: layer   9: filtered
llama_kv_cache: layer  10: filtered
llama_kv_cache: layer  11: dev = CUDA0
llama_kv_cache: layer  12: filtered
llama_kv_cache: layer  13: filtered
llama_kv_cache: layer  14: filtered
llama_kv_cache: layer  15: dev = CUDA0
llama_kv_cache: layer  16: filtered
llama_kv_cache: layer  17: filtered
llama_kv_cache: layer  18: filtered
llama_kv_cache: layer  19: dev = CUDA0
llama_kv_cache: layer  20: filtered
llama_kv_cache: layer  21: filtered
llama_kv_cache: layer  22: filtered
llama_kv_cache: layer  23: dev = CUDA0
llama_kv_cache: layer  24: filtered
llama_kv_cache: layer  25: filtered
llama_kv_cache: layer  26: filtered
llama_kv_cache: layer  27: dev = CUDA0
llama_kv_cache: layer  28: filtered
llama_kv_cache: layer  29: filtered
llama_kv_cache: layer  30: filtered
llama_kv_cache: layer  31: dev = CUDA0
llama_kv_cache: layer  32: filtered
llama_kv_cache: layer  33: filtered
llama_kv_cache: layer  34: filtered
llama_kv_cache: layer  35: dev = CUDA0
llama_kv_cache: layer  36: filtered
llama_kv_cache: layer  37: filtered
llama_kv_cache: layer  38: filtered
llama_kv_cache: layer  39: dev = CUDA0
llama_kv_cache: layer  40: filtered
llama_kv_cache: layer  41: filtered
llama_kv_cache: layer  42: filtered
llama_kv_cache: layer  43: dev = CUDA0
llama_kv_cache: layer  44: filtered
llama_kv_cache: layer  45: filtered
llama_kv_cache: layer  46: filtered
llama_kv_cache: layer  47: dev = CUDA0
llama_kv_cache: layer  48: filtered
llama_kv_cache: layer  49: filtered
llama_kv_cache: layer  50: filtered
llama_kv_cache: layer  51: dev = CUDA0
llama_kv_cache: layer  52: filtered
llama_kv_cache: layer  53: filtered
llama_kv_cache: layer  54: filtered
llama_kv_cache: layer  55: dev = CUDA0
llama_kv_cache: layer  56: filtered
llama_kv_cache: layer  57: filtered
llama_kv_cache: layer  58: filtered
llama_kv_cache: layer  59: dev = CUDA0
llama_kv_cache: layer  60: filtered
llama_kv_cache: layer  61: filtered
llama_kv_cache: layer  62: filtered
llama_kv_cache: layer  63: dev = CUDA0
llama_kv_cache: layer  64: filtered
llama_kv_cache:      CUDA0 KV buffer size =   400.00 MiB
llama_kv_cache: size =  400.00 MiB (  6400 cells,  16 layers,  1/1 seqs), K (f16):  200.00 MiB, V (f16):  200.00 MiB
llama_kv_cache: attn_rot_k = 0, n_embd_head_k_all = 256
llama_kv_cache: attn_rot_v = 0, n_embd_head_k_all = 256
llama_memory_recurrent, layer   0: dev = CUDA0
llama_memory_recurrent, layer   1: dev = CUDA0
llama_memory_recurrent, layer   2: dev = CUDA0
llama_memory_recurrent: layer   3: skipped
llama_memory_recurrent, layer   4: dev = CUDA0
llama_memory_recurrent, layer   5: dev = CUDA0
llama_memory_recurrent, layer   6: dev = CUDA0
llama_memory_recurrent: layer   7: skipped
llama_memory_recurrent, layer   8: dev = CUDA0
llama_memory_recurrent, layer   9: dev = CUDA0
llama_memory_recurrent, layer  10: dev = CUDA0
llama_memory_recurrent: layer  11: skipped
llama_memory_recurrent, layer  12: dev = CUDA0
llama_memory_recurrent, layer  13: dev = CUDA0
llama_memory_recurrent, layer  14: dev = CUDA0
llama_memory_recurrent: layer  15: skipped
llama_memory_recurrent, layer  16: dev = CUDA0
llama_memory_recurrent, layer  17: dev = CUDA0
llama_memory_recurrent, layer  18: dev = CUDA0
llama_memory_recurrent: layer  19: skipped
llama_memory_recurrent, layer  20: dev = CUDA0
llama_memory_recurrent, layer  21: dev = CUDA0
llama_memory_recurrent, layer  22: dev = CUDA0
llama_memory_recurrent: layer  23: skipped
llama_memory_recurrent, layer  24: dev = CUDA0
llama_memory_recurrent, layer  25: dev = CUDA0
llama_memory_recurrent, layer  26: dev = CUDA0
llama_memory_recurrent: layer  27: skipped
llama_memory_recurrent, layer  28: dev = CUDA0
llama_memory_recurrent, layer  29: dev = CUDA0
llama_memory_recurrent, layer  30: dev = CUDA0
llama_memory_recurrent: layer  31: skipped
llama_memory_recurrent, layer  32: dev = CUDA0
llama_memory_recurrent, layer  33: dev = CUDA0
llama_memory_recurrent, layer  34: dev = CUDA0
llama_memory_recurrent: layer  35: skipped
llama_memory_recurrent, layer  36: dev = CUDA0
llama_memory_recurrent, layer  37: dev = CUDA0
llama_memory_recurrent, layer  38: dev = CUDA0
llama_memory_recurrent: layer  39: skipped
llama_memory_recurrent, layer  40: dev = CUDA0
llama_memory_recurrent, layer  41: dev = CUDA0
llama_memory_recurrent, layer  42: dev = CUDA0
llama_memory_recurrent: layer  43: skipped
llama_memory_recurrent, layer  44: dev = CUDA0
llama_memory_recurrent, layer  45: dev = CUDA0
llama_memory_recurrent, layer  46: dev = CUDA0
llama_memory_recurrent: layer  47: skipped
llama_memory_recurrent, layer  48: dev = CUDA0
llama_memory_recurrent, layer  49: dev = CUDA0
llama_memory_recurrent, layer  50: dev = CUDA0
llama_memory_recurrent: layer  51: skipped
llama_memory_recurrent, layer  52: dev = CUDA0
llama_memory_recurrent, layer  53: dev = CUDA0
llama_memory_recurrent, layer  54: dev = CUDA0
llama_memory_recurrent: layer  55: skipped
llama_memory_recurrent, layer  56: dev = CUDA0
llama_memory_recurrent, layer  57: dev = CUDA0
llama_memory_recurrent, layer  58: dev = CUDA0
llama_memory_recurrent: layer  59: skipped
llama_memory_recurrent, layer  60: dev = CUDA0
llama_memory_recurrent, layer  61: dev = CUDA0
llama_memory_recurrent, layer  62: dev = CUDA0
llama_memory_recurrent: layer  63: skipped
llama_memory_recurrent:      CUDA0 RS buffer size =   149.62 MiB
llama_memory_recurrent: size =  149.62 MiB (     1 cells,  64 layers,  1 seqs  0 rs_seq), R (f32):    5.62 MiB, S (f32):  144.00 MiB
llama_context: enumerating backends
llama_context: backend_ptrs.size() = 3
llama_context: pipeline parallelism enabled
sched_reserve: reserving ...
sched_reserve: max_nodes = 27712
sched_reserve: reserving full memory module
sched_reserve: worst-case: n_tokens = 256, n_seqs = 1, n_outputs = 1
sched_reserve: resolving fused Gated Delta Net support:
graph_reserve: reserving a graph for ubatch with n_tokens =    1, n_seqs =  1, n_outputs =    1
sched_reserve: fused Gated Delta Net (autoregressive) enabled
graph_reserve: reserving a graph for ubatch with n_tokens =   16, n_seqs =  1, n_outputs =   16
sched_reserve: fused Gated Delta Net (chunked) enabled
graph_reserve: reserving a graph for ubatch with n_tokens =  256, n_seqs =  1, n_outputs =  256
graph_reserve: reserving a graph for ubatch with n_tokens =    1, n_seqs =  1, n_outputs =    1
graph_reserve: reserving a graph for ubatch with n_tokens =  256, n_seqs =  1, n_outputs =  256
sched_reserve:      CUDA0 compute buffer size =   305.53 MiB
sched_reserve:  CUDA_Host compute buffer size =    43.03 MiB
sched_reserve: graph nodes  = 3735
sched_reserve: graph splits = 2
sched_reserve: reserve took 18.76 ms, sched copies = 4
[exp8022] phase=8033_after_context_create elapsed_s=0.023 completed=0 pending=0
[exp8022] phase=8033_before_eval elapsed_s=0.023 completed=0 pending=570
[exp8022] phase=8033_after_eval elapsed_s=0.789 completed=570 pending=0
[exp8022] phase=8033_before_context_close elapsed_s=0.867 completed=0 pending=0
~llama_context:      CUDA0 compute buffer size is 305.5278 MiB, matches expectation of 305.5278 MiB
~llama_context:      CUDA1 compute buffer size is   0.0000 MiB, matches expectation of   0.0000 MiB
~llama_context:  CUDA_Host compute buffer size is  43.0313 MiB, matches expectation of  43.0313 MiB
[exp8022] phase=8033_after_context_close elapsed_s=1.071 completed=0 pending=0
[exp8059] phase=after_teacher_forcing elapsed_s=91.303 completed=5 pending=379
[exp8059] phase=before_teacher_forcing elapsed_s=91.306 completed=5 pending=379
[exp8022] phase=8033_before_context_create elapsed_s=0.000 completed=0 pending=0
llama_context: constructing llama_context
llama_context: n_seq_max     = 1
llama_context: n_ctx         = 6400
llama_context: n_ctx_seq     = 6400
llama_context: n_batch       = 256
llama_context: n_ubatch      = 256
llama_context: causal_attn   = 1
llama_context: flash_attn    = disabled
llama_context: kv_unified    = false
llama_context: freq_base     = 10000000.0
llama_context: freq_scale    = 1
llama_context: n_rs_seq      = 0
llama_context: n_outputs_max = 256
llama_context: n_ctx_seq (6400) < n_ctx_train (262144) -- the full capacity of the model will not be utilized
set_abort_callback: call
llama_context:  CUDA_Host  output buffer size =     0.95 MiB
llama_kv_cache: layer   0: filtered
llama_kv_cache: layer   1: filtered
llama_kv_cache: layer   2: filtered
llama_kv_cache: layer   3: dev = CUDA0
llama_kv_cache: layer   4: filtered
llama_kv_cache: layer   5: filtered
llama_kv_cache: layer   6: filtered
llama_kv_cache: layer   7: dev = CUDA0
llama_kv_cache: layer   8: filtered
llama_kv_cache: layer   9: filtered
llama_kv_cache: layer  10: filtered
llama_kv_cache: layer  11: dev = CUDA0
llama_kv_cache: layer  12: filtered
llama_kv_cache: layer  13: filtered
llama_kv_cache: layer  14: filtered
llama_kv_cache: layer  15: dev = CUDA0
llama_kv_cache: layer  16: filtered
llama_kv_cache: layer  17: filtered
llama_kv_cache: layer  18: filtered
llama_kv_cache: layer  19: dev = CUDA0
llama_kv_cache: layer  20: filtered
llama_kv_cache: layer  21: filtered
llama_kv_cache: layer  22: filtered
llama_kv_cache: layer  23: dev = CUDA0
llama_kv_cache: layer  24: filtered
llama_kv_cache: layer  25: filtered
llama_kv_cache: layer  26: filtered
llama_kv_cache: layer  27: dev = CUDA0
llama_kv_cache: layer  28: filtered
llama_kv_cache: layer  29: filtered
llama_kv_cache: layer  30: filtered
llama_kv_cache: layer  31: dev = CUDA0
llama_kv_cache: layer  32: filtered
llama_kv_cache: layer  33: filtered
llama_kv_cache: layer  34: filtered
llama_kv_cache: layer  35: dev = CUDA0
llama_kv_cache: layer  36: filtered
llama_kv_cache: layer  37: filtered
llama_kv_cache: layer  38: filtered
llama_kv_cache: layer  39: dev = CUDA0
llama_kv_cache: layer  40: filtered
llama_kv_cache: layer  41: filtered
llama_kv_cache: layer  42: filtered
llama_kv_cache: layer  43: dev = CUDA0
llama_kv_cache: layer  44: filtered
llama_kv_cache: layer  45: filtered
llama_kv_cache: layer  46: filtered
llama_kv_cache: layer  47: dev = CUDA0
llama_kv_cache: layer  48: filtered
llama_kv_cache: layer  49: filtered
llama_kv_cache: layer  50: filtered
llama_kv_cache: layer  51: dev = CUDA0
llama_kv_cache: layer  52: filtered
llama_kv_cache: layer  53: filtered
llama_kv_cache: layer  54: filtered
llama_kv_cache: layer  55: dev = CUDA0
llama_kv_cache: layer  56: filtered
llama_kv_cache: layer  57: filtered
llama_kv_cache: layer  58: filtered
llama_kv_cache: layer  59: dev = CUDA0
llama_kv_cache: layer  60: filtered
llama_kv_cache: layer  61: filtered
llama_kv_cache: layer  62: filtered
llama_kv_cache: layer  63: dev = CUDA0
llama_kv_cache: layer  64: filtered
llama_kv_cache:      CUDA0 KV buffer size =   400.00 MiB
llama_kv_cache: size =  400.00 MiB (  6400 cells,  16 layers,  1/1 seqs), K (f16):  200.00 MiB, V (f16):  200.00 MiB
llama_kv_cache: attn_rot_k = 0, n_embd_head_k_all = 256
llama_kv_cache: attn_rot_v = 0, n_embd_head_k_all = 256
llama_memory_recurrent, layer   0: dev = CUDA0
llama_memory_recurrent, layer   1: dev = CUDA0
llama_memory_recurrent, layer   2: dev = CUDA0
llama_memory_recurrent: layer   3: skipped
llama_memory_recurrent, layer   4: dev = CUDA0
llama_memory_recurrent, layer   5: dev = CUDA0
llama_memory_recurrent, layer   6: dev = CUDA0
llama_memory_recurrent: layer   7: skipped
llama_memory_recurrent, layer   8: dev = CUDA0
llama_memory_recurrent, layer   9: dev = CUDA0
llama_memory_recurrent, layer  10: dev = CUDA0
llama_memory_recurrent: layer  11: skipped
llama_memory_recurrent, layer  12: dev = CUDA0
llama_memory_recurrent, layer  13: dev = CUDA0
llama_memory_recurrent, layer  14: dev = CUDA0
llama_memory_recurrent: layer  15: skipped
llama_memory_recurrent, layer  16: dev = CUDA0
llama_memory_recurrent, layer  17: dev = CUDA0
llama_memory_recurrent, layer  18: dev = CUDA0
llama_memory_recurrent: layer  19: skipped
llama_memory_recurrent, layer  20: dev = CUDA0
llama_memory_recurrent, layer  21: dev = CUDA0
llama_memory_recurrent, layer  22: dev = CUDA0
llama_memory_recurrent: layer  23: skipped
llama_memory_recurrent, layer  24: dev = CUDA0
llama_memory_recurrent, layer  25: dev = CUDA0
llama_memory_recurrent, layer  26: dev = CUDA0
llama_memory_recurrent: layer  27: skipped
llama_memory_recurrent, layer  28: dev = CUDA0
llama_memory_recurrent, layer  29: dev = CUDA0
llama_memory_recurrent, layer  30: dev = CUDA0
llama_memory_recurrent: layer  31: skipped
llama_memory_recurrent, layer  32: dev = CUDA0
llama_memory_recurrent, layer  33: dev = CUDA0
llama_memory_recurrent, layer  34: dev = CUDA0
llama_memory_recurrent: layer  35: skipped
llama_memory_recurrent, layer  36: dev = CUDA0
llama_memory_recurrent, layer  37: dev = CUDA0
llama_memory_recurrent, layer  38: dev = CUDA0
llama_memory_recurrent: layer  39: skipped
llama_memory_recurrent, layer  40: dev = CUDA0
llama_memory_recurrent, layer  41: dev = CUDA0
llama_memory_recurrent, layer  42: dev = CUDA0
llama_memory_recurrent: layer  43: skipped
llama_memory_recurrent, layer  44: dev = CUDA0
llama_memory_recurrent, layer  45: dev = CUDA0
llama_memory_recurrent, layer  46: dev = CUDA0
llama_memory_recurrent: layer  47: skipped
llama_memory_recurrent, layer  48: dev = CUDA0
llama_memory_recurrent, layer  49: dev = CUDA0
llama_memory_recurrent, layer  50: dev = CUDA0
llama_memory_recurrent: layer  51: skipped
llama_memory_recurrent, layer  52: dev = CUDA0
llama_memory_recurrent, layer  53: dev = CUDA0
llama_memory_recurrent, layer  54: dev = CUDA0
llama_memory_recurrent: layer  55: skipped
llama_memory_recurrent, layer  56: dev = CUDA0
llama_memory_recurrent, layer  57: dev = CUDA0
llama_memory_recurrent, layer  58: dev = CUDA0
llama_memory_recurrent: layer  59: skipped
llama_memory_recurrent, layer  60: dev = CUDA0
llama_memory_recurrent, layer  61: dev = CUDA0
llama_memory_recurrent, layer  62: dev = CUDA0
llama_memory_recurrent: layer  63: skipped
llama_memory_recurrent:      CUDA0 RS buffer size =   149.62 MiB
llama_memory_recurrent: size =  149.62 MiB (     1 cells,  64 layers,  1 seqs  0 rs_seq), R (f32):    5.62 MiB, S (f32):  144.00 MiB
llama_context: enumerating backends
llama_context: backend_ptrs.size() = 3
llama_context: pipeline parallelism enabled
sched_reserve: reserving ...
sched_reserve: max_nodes = 27712
sched_reserve: reserving full memory module
sched_reserve: worst-case: n_tokens = 256, n_seqs = 1, n_outputs = 1
sched_reserve: resolving fused Gated Delta Net support:
graph_reserve: reserving a graph for ubatch with n_tokens =    1, n_seqs =  1, n_outputs =    1
sched_reserve: fused Gated Delta Net (autoregressive) enabled
graph_reserve: reserving a graph for ubatch with n_tokens =   16, n_seqs =  1, n_outputs =   16
sched_reserve: fused Gated Delta Net (chunked) enabled
graph_reserve: reserving a graph for ubatch with n_tokens =  256, n_seqs =  1, n_outputs =  256
graph_reserve: reserving a graph for ubatch with n_tokens =    1, n_seqs =  1, n_outputs =    1
graph_reserve: reserving a graph for ubatch with n_tokens =  256, n_seqs =  1, n_outputs =  256
sched_reserve:      CUDA0 compute buffer size =   305.53 MiB
sched_reserve:  CUDA_Host compute buffer size =    43.03 MiB
sched_reserve: graph nodes  = 3735
sched_reserve: graph splits = 2
sched_reserve: reserve took 14.16 ms, sched copies = 4
[exp8022] phase=8033_after_context_create elapsed_s=0.019 completed=0 pending=0
[exp8022] phase=8033_before_eval elapsed_s=0.020 completed=0 pending=174
[exp8022] phase=8033_after_eval elapsed_s=0.293 completed=174 pending=0
[exp8022] phase=8033_before_context_close elapsed_s=0.371 completed=0 pending=0
~llama_context:      CUDA0 compute buffer size is 305.5278 MiB, matches expectation of 305.5278 MiB
~llama_context:      CUDA1 compute buffer size is   0.0000 MiB, matches expectation of   0.0000 MiB
~llama_context:  CUDA_Host compute buffer size is  43.0313 MiB, matches expectation of  43.0313 MiB
[exp8022] phase=8033_after_context_close elapsed_s=0.511 completed=0 pending=0
[exp8059] phase=after_teacher_forcing elapsed_s=91.818 completed=6 pending=378
[exp8059] phase=before_teacher_forcing elapsed_s=91.823 completed=6 pending=378
[exp8022] phase=8033_before_context_create elapsed_s=0.000 completed=0 pending=0
llama_context: constructing llama_context
llama_context: n_seq_max     = 1
llama_context: n_ctx         = 6400
llama_context: n_ctx_seq     = 6400
llama_context: n_batch       = 256
llama_context: n_ubatch      = 256
llama_context: causal_attn   = 1
llama_context: flash_attn    = disabled
llama_context: kv_unified    = false
llama_context: freq_base     = 10000000.0
llama_context: freq_scale    = 1
llama_context: n_rs_seq      = 0
llama_context: n_outputs_max = 256
llama_context: n_ctx_seq (6400) < n_ctx_train (262144) -- the full capacity of the model will not be utilized
set_abort_callback: call
llama_context:  CUDA_Host  output buffer size =     0.95 MiB
llama_kv_cache: layer   0: filtered
llama_kv_cache: layer   1: filtered
llama_kv_cache: layer   2: filtered
llama_kv_cache: layer   3: dev = CUDA0
llama_kv_cache: layer   4: filtered
llama_kv_cache: layer   5: filtered
llama_kv_cache: layer   6: filtered
llama_kv_cache: layer   7: dev = CUDA0
llama_kv_cache: layer   8: filtered
llama_kv_cache: layer   9: filtered
llama_kv_cache: layer  10: filtered
llama_kv_cache: layer  11: dev = CUDA0
llama_kv_cache: layer  12: filtered
llama_kv_cache: layer  13: filtered
llama_kv_cache: layer  14: filtered
llama_kv_cache: layer  15: dev = CUDA0
llama_kv_cache: layer  16: filtered
llama_kv_cache: layer  17: filtered
llama_kv_cache: layer  18: filtered
llama_kv_cache: layer  19: dev = CUDA0
llama_kv_cache: layer  20: filtered
llama_kv_cache: layer  21: filtered
llama_kv_cache: layer  22: filtered
llama_kv_cache: layer  23: dev = CUDA0
llama_kv_cache: layer  24: filtered
llama_kv_cache: layer  25: filtered
llama_kv_cache: layer  26: filtered
llama_kv_cache: layer  27: dev = CUDA0
llama_kv_cache: layer  28: filtered
llama_kv_cache: layer  29: filtered
llama_kv_cache: layer  30: filtered
llama_kv_cache: layer  31: dev = CUDA0
llama_kv_cache: layer  32: filtered
llama_kv_cache: layer  33: filtered
llama_kv_cache: layer  34: filtered
llama_kv_cache: layer  35: dev = CUDA0
llama_kv_cache: layer  36: filtered
llama_kv_cache: layer  37: filtered
llama_kv_cache: layer  38: filtered
llama_kv_cache: layer  39: dev = CUDA0
llama_kv_cache: layer  40: filtered
llama_kv_cache: layer  41: filtered
llama_kv_cache: layer  42: filtered
llama_kv_cache: layer  43: dev = CUDA0
llama_kv_cache: layer  44: filtered
llama_kv_cache: layer  45: filtered
llama_kv_cache: layer  46: filtered
llama_kv_cache: layer  47: dev = CUDA0
llama_kv_cache: layer  48: filtered
llama_kv_cache: layer  49: filtered
llama_kv_cache: layer  50: filtered
llama_kv_cache: layer  51: dev = CUDA0
llama_kv_cache: layer  52: filtered
llama_kv_cache: layer  53: filtered
llama_kv_cache: layer  54: filtered
llama_kv_cache: layer  55: dev = CUDA0
llama_kv_cache: layer  56: filtered
llama_kv_cache: layer  57: filtered
llama_kv_cache: layer  58: filtered
llama_kv_cache: layer  59: dev = CUDA0
llama_kv_cache: layer  60: filtered
llama_kv_cache: layer  61: filtered
llama_kv_cache: layer  62: filtered
llama_kv_cache: layer  63: dev = CUDA0
llama_kv_cache: layer  64: filtered
llama_kv_cache:      CUDA0 KV buffer size =   400.00 MiB
llama_kv_cache: size =  400.00 MiB (  6400 cells,  16 layers,  1/1 seqs), K (f16):  200.00 MiB, V (f16):  200.00 MiB
llama_kv_cache: attn_rot_k = 0, n_embd_head_k_all = 256
llama_kv_cache: attn_rot_v = 0, n_embd_head_k_all = 256
llama_memory_recurrent, layer   0: dev = CUDA0
llama_memory_recurrent, layer   1: dev = CUDA0
llama_memory_recurrent, layer   2: dev = CUDA0
llama_memory_recurrent: layer   3: skipped
llama_memory_recurrent, layer   4: dev = CUDA0
llama_memory_recurrent, layer   5: dev = CUDA0
llama_memory_recurrent, layer   6: dev = CUDA0
llama_memory_recurrent: layer   7: skipped
llama_memory_recurrent, layer   8: dev = CUDA0
llama_memory_recurrent, layer   9: dev = CUDA0
llama_memory_recurrent, layer  10: dev = CUDA0
llama_memory_recurrent: layer  11: skipped
llama_memory_recurrent, layer  12: dev = CUDA0
llama_memory_recurrent, layer  13: dev = CUDA0
llama_memory_recurrent, layer  14: dev = CUDA0
llama_memory_recurrent: layer  15: skipped
llama_memory_recurrent, layer  16: dev = CUDA0
llama_memory_recurrent, layer  17: dev = CUDA0
llama_memory_recurrent, layer  18: dev = CUDA0
llama_memory_recurrent: layer  19: skipped
llama_memory_recurrent, layer  20: dev = CUDA0
llama_memory_recurrent, layer  21: dev = CUDA0
llama_memory_recurrent, layer  22: dev = CUDA0
llama_memory_recurrent: layer  23: skipped
llama_memory_recurrent, layer  24: dev = CUDA0
llama_memory_recurrent, layer  25: dev = CUDA0
llama_memory_recurrent, layer  26: dev = CUDA0
llama_memory_recurrent: layer  27: skipped
llama_memory_recurrent, layer  28: dev = CUDA0
llama_memory_recurrent, layer  29: dev = CUDA0
llama_memory_recurrent, layer  30: dev = CUDA0
llama_memory_recurrent: layer  31: skipped
llama_memory_recurrent, layer  32: dev = CUDA0
llama_memory_recurrent, layer  33: dev = CUDA0
llama_memory_recurrent, layer  34: dev = CUDA0
llama_memory_recurrent: layer  35: skipped
llama_memory_recurrent, layer  36: dev = CUDA0
llama_memory_recurrent, layer  37: dev = CUDA0
llama_memory_recurrent, layer  38: dev = CUDA0
llama_memory_recurrent: layer  39: skipped
llama_memory_recurrent, layer  40: dev = CUDA0
llama_memory_recurrent, layer  41: dev = CUDA0
llama_memory_recurrent, layer  42: dev = CUDA0
llama_memory_recurrent: layer  43: skipped
llama_memory_recurrent, layer  44: dev = CUDA0
llama_memory_recurrent, layer  45: dev = CUDA0
llama_memory_recurrent, layer  46: dev = CUDA0
llama_memory_recurrent: layer  47: skipped
llama_memory_recurrent, layer  48: dev = CUDA0
llama_memory_recurrent, layer  49: dev = CUDA0
llama_memory_recurrent, layer  50: dev = CUDA0
llama_memory_recurrent: layer  51: skipped
llama_memory_recurrent, layer  52: dev = CUDA0
llama_memory_recurrent, layer  53: dev = CUDA0
llama_memory_recurrent, layer  54: dev = CUDA0
llama_memory_recurrent: layer  55: skipped
llama_memory_recurrent, layer  56: dev = CUDA0
llama_memory_recurrent, layer  57: dev = CUDA0
llama_memory_recurrent, layer  58: dev = CUDA0
llama_memory_recurrent: layer  59: skipped
llama_memory_recurrent, layer  60: dev = CUDA0
llama_memory_recurrent, layer  61: dev = CUDA0
llama_memory_recurrent, layer  62: dev = CUDA0
llama_memory_recurrent: layer  63: skipped
llama_memory_recurrent:      CUDA0 RS buffer size =   149.62 MiB
llama_memory_recurrent: size =  149.62 MiB (     1 cells,  64 layers,  1 seqs  0 rs_seq), R (f32):    5.62 MiB, S (f32):  144.00 MiB
llama_context: enumerating backends
llama_context: backend_ptrs.size() = 3
llama_context: pipeline parallelism enabled
sched_reserve: reserving ...
sched_reserve: max_nodes = 27712
sched_reserve: reserving full memory module
sched_reserve: worst-case: n_tokens = 256, n_seqs = 1, n_outputs = 1
sched_reserve: resolving fused Gated Delta Net support:
graph_reserve: reserving a graph for ubatch with n_tokens =    1, n_seqs =  1, n_outputs =    1
sched_reserve: fused Gated Delta Net (autoregressive) enabled
graph_reserve: reserving a graph for ubatch with n_tokens =   16, n_seqs =  1, n_outputs =   16
sched_reserve: fused Gated Delta Net (chunked) enabled
graph_reserve: reserving a graph for ubatch with n_tokens =  256, n_seqs =  1, n_outputs =  256
graph_reserve: reserving a graph for ubatch with n_tokens =    1, n_seqs =  1, n_outputs =    1
graph_reserve: reserving a graph for ubatch with n_tokens =  256, n_seqs =  1, n_outputs =  256
sched_reserve:      CUDA0 compute buffer size =   305.53 MiB
sched_reserve:  CUDA_Host compute buffer size =    43.03 MiB
sched_reserve: graph nodes  = 3735
sched_reserve: graph splits = 2
sched_reserve: reserve took 21.58 ms, sched copies = 4
[exp8022] phase=8033_after_context_create elapsed_s=0.027 completed=0 pending=0
[exp8022] phase=8033_before_eval elapsed_s=0.027 completed=0 pending=568
[exp8022] phase=8033_after_eval elapsed_s=0.792 completed=568 pending=0
[exp8022] phase=8033_before_context_close elapsed_s=0.876 completed=0 pending=0
~llama_context:      CUDA0 compute buffer size is 305.5278 MiB, matches expectation of 305.5278 MiB
~llama_context:      CUDA1 compute buffer size is   0.0000 MiB, matches expectation of   0.0000 MiB
~llama_context:  CUDA_Host compute buffer size is  43.0313 MiB, matches expectation of  43.0313 MiB
[exp8022] phase=8033_after_context_close elapsed_s=1.409 completed=0 pending=0
[exp8059] phase=after_teacher_forcing elapsed_s=93.233 completed=7 pending=377
[exp8059] phase=before_teacher_forcing elapsed_s=93.237 completed=7 pending=377
[exp8022] phase=8033_before_context_create elapsed_s=0.000 completed=0 pending=0
llama_context: constructing llama_context
llama_context: n_seq_max     = 1
llama_context: n_ctx         = 6400
llama_context: n_ctx_seq     = 6400
llama_context: n_batch       = 256
llama_context: n_ubatch      = 256
llama_context: causal_attn   = 1
llama_context: flash_attn    = disabled
llama_context: kv_unified    = false
llama_context: freq_base     = 10000000.0
llama_context: freq_scale    = 1
llama_context: n_rs_seq      = 0
llama_context: n_outputs_max = 256
llama_context: n_ctx_seq (6400) < n_ctx_train (262144) -- the full capacity of the model will not be utilized
set_abort_callback: call
llama_context:  CUDA_Host  output buffer size =     0.95 MiB
llama_kv_cache: layer   0: filtered
llama_kv_cache: layer   1: filtered
llama_kv_cache: layer   2: filtered
llama_kv_cache: layer   3: dev = CUDA0
llama_kv_cache: layer   4: filtered
llama_kv_cache: layer   5: filtered
llama_kv_cache: layer   6: filtered
llama_kv_cache: layer   7: dev = CUDA0
llama_kv_cache: layer   8: filtered
llama_kv_cache: layer   9: filtered
llama_kv_cache: layer  10: filtered
llama_kv_cache: layer  11: dev = CUDA0
llama_kv_cache: layer  12: filtered
llama_kv_cache: layer  13: filtered
llama_kv_cache: layer  14: filtered
llama_kv_cache: layer  15: dev = CUDA0
llama_kv_cache: layer  16: filtered
llama_kv_cache: layer  17: filtered
llama_kv_cache: layer  18: filtered
llama_kv_cache: layer  19: dev = CUDA0
llama_kv_cache: layer  20: filtered
llama_kv_cache: layer  21: filtered
llama_kv_cache: layer  22: filtered
llama_kv_cache: layer  23: dev = CUDA0
llama_kv_cache: layer  24: filtered
llama_kv_cache: layer  25: filtered
llama_kv_cache: layer  26: filtered
llama_kv_cache: layer  27: dev = CUDA0
llama_kv_cache: layer  28: filtered
llama_kv_cache: layer  29: filtered
llama_kv_cache: layer  30: filtered
llama_kv_cache: layer  31: dev = CUDA0
llama_kv_cache: layer  32: filtered
llama_kv_cache: layer  33: filtered
llama_kv_cache: layer  34: filtered
llama_kv_cache: layer  35: dev = CUDA0
llama_kv_cache: layer  36: filtered
llama_kv_cache: layer  37: filtered
llama_kv_cache: layer  38: filtered
llama_kv_cache: layer  39: dev = CUDA0
llama_kv_cache: layer  40: filtered
llama_kv_cache: layer  41: filtered
llama_kv_cache: layer  42: filtered
llama_kv_cache: layer  43: dev = CUDA0
llama_kv_cache: layer  44: filtered
llama_kv_cache: layer  45: filtered
llama_kv_cache: layer  46: filtered
llama_kv_cache: layer  47: dev = CUDA0
llama_kv_cache: layer  48: filtered
llama_kv_cache: layer  49: filtered
llama_kv_cache: layer  50: filtered
llama_kv_cache: layer  51: dev = CUDA0
llama_kv_cache: layer  52: filtered
llama_kv_cache: layer  53: filtered
llama_kv_cache: layer  54: filtered
llama_kv_cache: layer  55: dev = CUDA0
llama_kv_cache: layer  56: filtered
llama_kv_cache: layer  57: filtered
llama_kv_cache: layer  58: filtered
llama_kv_cache: layer  59: dev = CUDA0
llama_kv_cache: layer  60: filtered
llama_kv_cache: layer  61: filtered
llama_kv_cache: layer  62: filtered
llama_kv_cache: layer  63: dev = CUDA0
llama_kv_cache: layer  64: filtered
llama_kv_cache:      CUDA0 KV buffer size =   400.00 MiB
llama_kv_cache: size =  400.00 MiB (  6400 cells,  16 layers,  1/1 seqs), K (f16):  200.00 MiB, V (f16):  200.00 MiB
llama_kv_cache: attn_rot_k = 0, n_embd_head_k_all = 256
llama_kv_cache: attn_rot_v = 0, n_embd_head_k_all = 256
llama_memory_recurrent, layer   0: dev = CUDA0
llama_memory_recurrent, layer   1: dev = CUDA0
llama_memory_recurrent, layer   2: dev = CUDA0
llama_memory_recurrent: layer   3: skipped
llama_memory_recurrent, layer   4: dev = CUDA0
llama_memory_recurrent, layer   5: dev = CUDA0
llama_memory_recurrent, layer   6: dev = CUDA0
llama_memory_recurrent: layer   7: skipped
llama_memory_recurrent, layer   8: dev = CUDA0
llama_memory_recurrent, layer   9: dev = CUDA0
llama_memory_recurrent, layer  10: dev = CUDA0
llama_memory_recurrent: layer  11: skipped
llama_memory_recurrent, layer  12: dev = CUDA0
llama_memory_recurrent, layer  13: dev = CUDA0
llama_memory_recurrent, layer  14: dev = CUDA0
llama_memory_recurrent: layer  15: skipped
llama_memory_recurrent, layer  16: dev = CUDA0
llama_memory_recurrent, layer  17: dev = CUDA0
llama_memory_recurrent, layer  18: dev = CUDA0
llama_memory_recurrent: layer  19: skipped
llama_memory_recurrent, layer  20: dev = CUDA0
llama_memory_recurrent, layer  21: dev = CUDA0
llama_memory_recurrent, layer  22: dev = CUDA0
llama_memory_recurrent: layer  23: skipped
llama_memory_recurrent, layer  24: dev = CUDA0
llama_memory_recurrent, layer  25: dev = CUDA0
llama_memory_recurrent, layer  26: dev = CUDA0
llama_memory_recurrent: layer  27: skipped
llama_memory_recurrent, layer  28: dev = CUDA0
llama_memory_recurrent, layer  29: dev = CUDA0
llama_memory_recurrent, layer  30: dev = CUDA0
llama_memory_recurrent: layer  31: skipped
llama_memory_recurrent, layer  32: dev = CUDA0
llama_memory_recurrent, layer  33: dev = CUDA0
llama_memory_recurrent, layer  34: dev = CUDA0
llama_memory_recurrent: layer  35: skipped
llama_memory_recurrent, layer  36: dev = CUDA0
llama_memory_recurrent, layer  37: dev = CUDA0
llama_memory_recurrent, layer  38: dev = CUDA0
llama_memory_recurrent: layer  39: skipped
llama_memory_recurrent, layer  40: dev = CUDA0
llama_memory_recurrent, layer  41: dev = CUDA0
llama_memory_recurrent, layer  42: dev = CUDA0
llama_memory_recurrent: layer  43: skipped
llama_memory_recurrent, layer  44: dev = CUDA0
llama_memory_recurrent, layer  45: dev = CUDA0
llama_memory_recurrent, layer  46: dev = CUDA0
llama_memory_recurrent: layer  47: skipped
llama_memory_recurrent, layer  48: dev = CUDA0
llama_memory_recurrent, layer  49: dev = CUDA0
llama_memory_recurrent, layer  50: dev = CUDA0
llama_memory_recurrent: layer  51: skipped
llama_memory_recurrent, layer  52: dev = CUDA0
llama_memory_recurrent, layer  53: dev = CUDA0
llama_memory_recurrent, layer  54: dev = CUDA0
llama_memory_recurrent: layer  55: skipped
llama_memory_recurrent, layer  56: dev = CUDA0
llama_memory_recurrent, layer  57: dev = CUDA0
llama_memory_recurrent, layer  58: dev = CUDA0
llama_memory_recurrent: layer  59: skipped
llama_memory_recurrent, layer  60: dev = CUDA0
llama_memory_recurrent, layer  61: dev = CUDA0
llama_memory_recurrent, layer  62: dev = CUDA0
llama_memory_recurrent: layer  63: skipped
llama_memory_recurrent:      CUDA0 RS buffer size =   149.62 MiB
llama_memory_recurrent: size =  149.62 MiB (     1 cells,  64 layers,  1 seqs  0 rs_seq), R (f32):    5.62 MiB, S (f32):  144.00 MiB
llama_context: enumerating backends
llama_context: backend_ptrs.size() = 3
llama_context: pipeline parallelism enabled
sched_reserve: reserving ...
sched_reserve: max_nodes = 27712
sched_reserve: reserving full memory module
sched_reserve: worst-case: n_tokens = 256, n_seqs = 1, n_outputs = 1
sched_reserve: resolving fused Gated Delta Net support:
graph_reserve: reserving a graph for ubatch with n_tokens =    1, n_seqs =  1, n_outputs =    1
sched_reserve: fused Gated Delta Net (autoregressive) enabled
graph_reserve: reserving a graph for ubatch with n_tokens =   16, n_seqs =  1, n_outputs =   16
sched_reserve: fused Gated Delta Net (chunked) enabled
graph_reserve: reserving a graph for ubatch with n_tokens =  256, n_seqs =  1, n_outputs =  256
graph_reserve: reserving a graph for ubatch with n_tokens =    1, n_seqs =  1, n_outputs =    1
graph_reserve: reserving a graph for ubatch with n_tokens =  256, n_seqs =  1, n_outputs =  256
sched_reserve:      CUDA0 compute buffer size =   305.53 MiB
sched_reserve:  CUDA_Host compute buffer size =    43.03 MiB
sched_reserve: graph nodes  = 3735
sched_reserve: graph splits = 2
sched_reserve: reserve took 19.18 ms, sched copies = 4
[exp8022] phase=8033_after_context_create elapsed_s=0.024 completed=0 pending=0
[exp8022] phase=8033_before_eval elapsed_s=0.025 completed=0 pending=182
[exp8022] phase=8033_after_eval elapsed_s=0.298 completed=182 pending=0
[exp8022] phase=8033_before_context_close elapsed_s=0.382 completed=0 pending=0
~llama_context:      CUDA0 compute buffer size is 305.5278 MiB, matches expectation of 305.5278 MiB
~llama_context:      CUDA1 compute buffer size is   0.0000 MiB, matches expectation of   0.0000 MiB
~llama_context:  CUDA_Host compute buffer size is  43.0313 MiB, matches expectation of  43.0313 MiB
[exp8022] phase=8033_after_context_close elapsed_s=0.853 completed=0 pending=0
[exp8059] phase=after_teacher_forcing elapsed_s=94.091 completed=8 pending=376
[exp8059] phase=before_teacher_forcing elapsed_s=94.094 completed=8 pending=376
[exp8022] phase=8033_before_context_create elapsed_s=0.000 completed=0 pending=0
llama_context: constructing llama_context
llama_context: n_seq_max     = 1
llama_context: n_ctx         = 6400
llama_context: n_ctx_seq     = 6400
llama_context: n_batch       = 256
llama_context: n_ubatch      = 256
llama_context: causal_attn   = 1
llama_context: flash_attn    = disabled
llama_context: kv_unified    = false
llama_context: freq_base     = 10000000.0
llama_context: freq_scale    = 1
llama_context: n_rs_seq      = 0
llama_context: n_outputs_max = 256
llama_context: n_ctx_seq (6400) < n_ctx_train (262144) -- the full capacity of the model will not be utilized
set_abort_callback: call
llama_context:  CUDA_Host  output buffer size =     0.95 MiB
llama_kv_cache: layer   0: filtered
llama_kv_cache: layer   1: filtered
llama_kv_cache: layer   2: filtered
llama_kv_cache: layer   3: dev = CUDA0
llama_kv_cache: layer   4: filtered
llama_kv_cache: layer   5: filtered
llama_kv_cache: layer   6: filtered
llama_kv_cache: layer   7: dev = CUDA0
llama_kv_cache: layer   8: filtered
llama_kv_cache: layer   9: filtered
llama_kv_cache: layer  10: filtered
llama_kv_cache: layer  11: dev = CUDA0
llama_kv_cache: layer  12: filtered
llama_kv_cache: layer  13: filtered
llama_kv_cache: layer  14: filtered
llama_kv_cache: layer  15: dev = CUDA0
llama_kv_cache: layer  16: filtered
llama_kv_cache: layer  17: filtered
llama_kv_cache: layer  18: filtered
llama_kv_cache: layer  19: dev = CUDA0
llama_kv_cache: layer  20: filtered
llama_kv_cache: layer  21: filtered
llama_kv_cache: layer  22: filtered
llama_kv_cache: layer  23: dev = CUDA0
llama_kv_cache: layer  24: filtered
llama_kv_cache: layer  25: filtered
llama_kv_cache: layer  26: filtered
llama_kv_cache: layer  27: dev = CUDA0
llama_kv_cache: layer  28: filtered
llama_kv_cache: layer  29: filtered
llama_kv_cache: layer  30: filtered
llama_kv_cache: layer  31: dev = CUDA0
llama_kv_cache: layer  32: filtered
llama_kv_cache: layer  33: filtered
llama_kv_cache: layer  34: filtered
llama_kv_cache: layer  35: dev = CUDA0
llama_kv_cache: layer  36: filtered
llama_kv_cache: layer  37: filtered
llama_kv_cache: layer  38: filtered
llama_kv_cache: layer  39: dev = CUDA0
llama_kv_cache: layer  40: filtered
llama_kv_cache: layer  41: filtered
llama_kv_cache: layer  42: filtered
llama_kv_cache: layer  43: dev = CUDA0
llama_kv_cache: layer  44: filtered
llama_kv_cache: layer  45: filtered
llama_kv_cache: layer  46: filtered
llama_kv_cache: layer  47: dev = CUDA0
llama_kv_cache: layer  48: filtered
llama_kv_cache: layer  49: filtered
llama_kv_cache: layer  50: filtered
llama_kv_cache: layer  51: dev = CUDA0
llama_kv_cache: layer  52: filtered
llama_kv_cache: layer  53: filtered
llama_kv_cache: layer  54: filtered
llama_kv_cache: layer  55: dev = CUDA0
llama_kv_cache: layer  56: filtered
llama_kv_cache: layer  57: filtered
llama_kv_cache: layer  58: filtered
llama_kv_cache: layer  59: dev = CUDA0
llama_kv_cache: layer  60: filtered
llama_kv_cache: layer  61: filtered
llama_kv_cache: layer  62: filtered
llama_kv_cache: layer  63: dev = CUDA0
llama_kv_cache: layer  64: filtered
llama_kv_cache:      CUDA0 KV buffer size =   400.00 MiB
llama_kv_cache: size =  400.00 MiB (  6400 cells,  16 layers,  1/1 seqs), K (f16):  200.00 MiB, V (f16):  200.00 MiB
llama_kv_cache: attn_rot_k = 0, n_embd_head_k_all = 256
llama_kv_cache: attn_rot_v = 0, n_embd_head_k_all = 256
llama_memory_recurrent, layer   0: dev = CUDA0
llama_memory_recurrent, layer   1: dev = CUDA0
llama_memory_recurrent, layer   2: dev = CUDA0
llama_memory_recurrent: layer   3: skipped
llama_memory_recurrent, layer   4: dev = CUDA0
llama_memory_recurrent, layer   5: dev = CUDA0
llama_memory_recurrent, layer   6: dev = CUDA0
llama_memory_recurrent: layer   7: skipped
llama_memory_recurrent, layer   8: dev = CUDA0
llama_memory_recurrent, layer   9: dev = CUDA0
llama_memory_recurrent, layer  10: dev = CUDA0
llama_memory_recurrent: layer  11: skipped
llama_memory_recurrent, layer  12: dev = CUDA0
llama_memory_recurrent, layer  13: dev = CUDA0
llama_memory_recurrent, layer  14: dev = CUDA0
llama_memory_recurrent: layer  15: skipped
llama_memory_recurrent, layer  16: dev = CUDA0
llama_memory_recurrent, layer  17: dev = CUDA0
llama_memory_recurrent, layer  18: dev = CUDA0
llama_memory_recurrent: layer  19: skipped
llama_memory_recurrent, layer  20: dev = CUDA0
llama_memory_recurrent, layer  21: dev = CUDA0
llama_memory_recurrent, layer  22: dev = CUDA0
llama_memory_recurrent: layer  23: skipped
llama_memory_recurrent, layer  24: dev = CUDA0
llama_memory_recurrent, layer  25: dev = CUDA0
llama_memory_recurrent, layer  26: dev = CUDA0
llama_memory_recurrent: layer  27: skipped
llama_memory_recurrent, layer  28: dev = CUDA0
llama_memory_recurrent, layer  29: dev = CUDA0
llama_memory_recurrent, layer  30: dev = CUDA0
llama_memory_recurrent: layer  31: skipped
llama_memory_recurrent, layer  32: dev = CUDA0
llama_memory_recurrent, layer  33: dev = CUDA0
llama_memory_recurrent, layer  34: dev = CUDA0
llama_memory_recurrent: layer  35: skipped
llama_memory_recurrent, layer  36: dev = CUDA0
llama_memory_recurrent, layer  37: dev = CUDA0
llama_memory_recurrent, layer  38: dev = CUDA0
llama_memory_recurrent: layer  39: skipped
llama_memory_recurrent, layer  40: dev = CUDA0
llama_memory_recurrent, layer  41: dev = CUDA0
llama_memory_recurrent, layer  42: dev = CUDA0
llama_memory_recurrent: layer  43: skipped
llama_memory_recurrent, layer  44: dev = CUDA0
llama_memory_recurrent, layer  45: dev = CUDA0
llama_memory_recurrent, layer  46: dev = CUDA0
llama_memory_recurrent: layer  47: skipped
llama_memory_recurrent, layer  48: dev = CUDA0
llama_memory_recurrent, layer  49: dev = CUDA0
llama_memory_recurrent, layer  50: dev = CUDA0
llama_memory_recurrent: layer  51: skipped
llama_memory_recurrent, layer  52: dev = CUDA0
llama_memory_recurrent, layer  53: dev = CUDA0
llama_memory_recurrent, layer  54: dev = CUDA0
llama_memory_recurrent: layer  55: skipped
llama_memory_recurrent, layer  56: dev = CUDA0
llama_memory_recurrent, layer  57: dev = CUDA0
llama_memory_recurrent, layer  58: dev = CUDA0
llama_memory_recurrent: layer  59: skipped
llama_memory_recurrent, layer  60: dev = CUDA0
llama_memory_recurrent, layer  61: dev = CUDA0
llama_memory_recurrent, layer  62: dev = CUDA0
llama_memory_recurrent: layer  63: skipped
llama_memory_recurrent:      CUDA0 RS buffer size =   149.62 MiB
llama_memory_recurrent: size =  149.62 MiB (     1 cells,  64 layers,  1 seqs  0 rs_seq), R (f32):    5.62 MiB, S (f32):  144.00 MiB
llama_context: enumerating backends
llama_context: backend_ptrs.size() = 3
llama_context: pipeline parallelism enabled
sched_reserve: reserving ...
sched_reserve: max_nodes = 27712
sched_reserve: reserving full memory module
sched_reserve: worst-case: n_tokens = 256, n_seqs = 1, n_outputs = 1
sched_reserve: resolving fused Gated Delta Net support:
graph_reserve: reserving a graph for ubatch with n_tokens =    1, n_seqs =  1, n_outputs =    1
sched_reserve: fused Gated Delta Net (autoregressive) enabled
graph_reserve: reserving a graph for ubatch with n_tokens =   16, n_seqs =  1, n_outputs =   16
sched_reserve: fused Gated Delta Net (chunked) enabled
graph_reserve: reserving a graph for ubatch with n_tokens =  256, n_seqs =  1, n_outputs =  256
graph_reserve: reserving a graph for ubatch with n_tokens =    1, n_seqs =  1, n_outputs =    1
graph_reserve: reserving a graph for ubatch with n_tokens =  256, n_seqs =  1, n_outputs =  256
sched_reserve:      CUDA0 compute buffer size =   305.53 MiB
sched_reserve:  CUDA_Host compute buffer size =    43.03 MiB
sched_reserve: graph nodes  = 3735
sched_reserve: graph splits = 2
sched_reserve: reserve took 14.13 ms, sched copies = 4
[exp8022] phase=8033_after_context_create elapsed_s=0.019 completed=0 pending=0
[exp8022] phase=8033_before_eval elapsed_s=0.020 completed=0 pending=968
[exp8022] phase=8033_after_eval elapsed_s=1.245 completed=968 pending=0
[exp8022] phase=8033_before_context_close elapsed_s=1.396 completed=0 pending=0
~llama_context:      CUDA0 compute buffer size is 305.5278 MiB, matches expectation of 305.5278 MiB
~llama_context:      CUDA1 compute buffer size is   0.0000 MiB, matches expectation of   0.0000 MiB
~llama_context:  CUDA_Host compute buffer size is  43.0313 MiB, matches expectation of  43.0313 MiB
[exp8022] phase=8033_after_context_close elapsed_s=1.727 completed=0 pending=0
[exp8059] phase=after_teacher_forcing elapsed_s=95.821 completed=9 pending=375
[exp8059] phase=before_teacher_forcing elapsed_s=95.837 completed=9 pending=375
[exp8022] phase=8033_before_context_create elapsed_s=0.000 completed=0 pending=0
llama_context: constructing llama_context
llama_context: n_seq_max     = 1
llama_context: n_ctx         = 6400
llama_context: n_ctx_seq     = 6400
llama_context: n_batch       = 256
llama_context: n_ubatch      = 256
llama_context: causal_attn   = 1
llama_context: flash_attn    = disabled
llama_context: kv_unified    = false
llama_context: freq_base     = 10000000.0
llama_context: freq_scale    = 1
llama_context: n_rs_seq      = 0
llama_context: n_outputs_max = 256
llama_context: n_ctx_seq (6400) < n_ctx_train (262144) -- the full capacity of the model will not be utilized
set_abort_callback: call
llama_context:  CUDA_Host  output buffer size =     0.95 MiB
llama_kv_cache: layer   0: filtered
llama_kv_cache: layer   1: filtered
llama_kv_cache: layer   2: filtered
llama_kv_cache: layer   3: dev = CUDA0
llama_kv_cache: layer   4: filtered
llama_kv_cache: layer   5: filtered
llama_kv_cache: layer   6: filtered
llama_kv_cache: layer   7: dev = CUDA0
llama_kv_cache: layer   8: filtered
llama_kv_cache: layer   9: filtered
llama_kv_cache: layer  10: filtered
llama_kv_cache: layer  11: dev = CUDA0
llama_kv_cache: layer  12: filtered
llama_kv_cache: layer  13: filtered
llama_kv_cache: layer  14: filtered
llama_kv_cache: layer  15: dev = CUDA0
llama_kv_cache: layer  16: filtered
llama_kv_cache: layer  17: filtered
llama_kv_cache: layer  18: filtered
llama_kv_cache: layer  19: dev = CUDA0
llama_kv_cache: layer  20: filtered
llama_kv_cache: layer  21: filtered
llama_kv_cache: layer  22: filtered
llama_kv_cache: layer  23: dev = CUDA0
llama_kv_cache: layer  24: filtered
llama_kv_cache: layer  25: filtered
llama_kv_cache: layer  26: filtered
llama_kv_cache: layer  27: dev = CUDA0
llama_kv_cache: layer  28: filtered
llama_kv_cache: layer  29: filtered
llama_kv_cache: layer  30: filtered
llama_kv_cache: layer  31: dev = CUDA0
llama_kv_cache: layer  32: filtered
llama_kv_cache: layer  33: filtered
llama_kv_cache: layer  34: filtered
llama_kv_cache: layer  35: dev = CUDA0
llama_kv_cache: layer  36: filtered
llama_kv_cache: layer  37: filtered
llama_kv_cache: layer  38: filtered
llama_kv_cache: layer  39: dev = CUDA0
llama_kv_cache: layer  40: filtered
llama_kv_cache: layer  41: filtered
llama_kv_cache: layer  42: filtered
llama_kv_cache: layer  43: dev = CUDA0
llama_kv_cache: layer  44: filtered
llama_kv_cache: layer  45: filtered
llama_kv_cache: layer  46: filtered
llama_kv_cache: layer  47: dev = CUDA0
llama_kv_cache: layer  48: filtered
llama_kv_cache: layer  49: filtered
llama_kv_cache: layer  50: filtered
llama_kv_cache: layer  51: dev = CUDA0
llama_kv_cache: layer  52: filtered
llama_kv_cache: layer  53: filtered
llama_kv_cache: layer  54: filtered
llama_kv_cache: layer  55: dev = CUDA0
llama_kv_cache: layer  56: filtered
llama_kv_cache: layer  57: filtered
llama_kv_cache: layer  58: filtered
llama_kv_cache: layer  59: dev = CUDA0
llama_kv_cache: layer  60: filtered
llama_kv_cache: layer  61: filtered
llama_kv_cache: layer  62: filtered
llama_kv_cache: layer  63: dev = CUDA0
llama_kv_cache: layer  64: filtered
llama_kv_cache:      CUDA0 KV buffer size =   400.00 MiB
llama_kv_cache: size =  400.00 MiB (  6400 cells,  16 layers,  1/1 seqs), K (f16):  200.00 MiB, V (f16):  200.00 MiB
llama_kv_cache: attn_rot_k = 0, n_embd_head_k_all = 256
llama_kv_cache: attn_rot_v = 0, n_embd_head_k_all = 256
llama_memory_recurrent, layer   0: dev = CUDA0
llama_memory_recurrent, layer   1: dev = CUDA0
llama_memory_recurrent, layer   2: dev = CUDA0
llama_memory_recurrent: layer   3: skipped
llama_memory_recurrent, layer   4: dev = CUDA0
llama_memory_recurrent, layer   5: dev = CUDA0
llama_memory_recurrent, layer   6: dev = CUDA0
llama_memory_recurrent: layer   7: skipped
llama_memory_recurrent, layer   8: dev = CUDA0
llama_memory_recurrent, layer   9: dev = CUDA0
llama_memory_recurrent, layer  10: dev = CUDA0
llama_memory_recurrent: layer  11: skipped
llama_memory_recurrent, layer  12: dev = CUDA0
llama_memory_recurrent, layer  13: dev = CUDA0
llama_memory_recurrent, layer  14: dev = CUDA0
llama_memory_recurrent: layer  15: skipped
llama_memory_recurrent, layer  16: dev = CUDA0
llama_memory_recurrent, layer  17: dev = CUDA0
llama_memory_recurrent, layer  18: dev = CUDA0
llama_memory_recurrent: layer  19: skipped
llama_memory_recurrent, layer  20: dev = CUDA0
llama_memory_recurrent, layer  21: dev = CUDA0
llama_memory_recurrent, layer  22: dev = CUDA0
llama_memory_recurrent: layer  23: skipped
llama_memory_recurrent, layer  24: dev = CUDA0
llama_memory_recurrent, layer  25: dev = CUDA0
llama_memory_recurrent, layer  26: dev = CUDA0
llama_memory_recurrent: layer  27: skipped
llama_memory_recurrent, layer  28: dev = CUDA0
llama_memory_recurrent, layer  29: dev = CUDA0
llama_memory_recurrent, layer  30: dev = CUDA0
llama_memory_recurrent: layer  31: skipped
llama_memory_recurrent, layer  32: dev = CUDA0
llama_memory_recurrent, layer  33: dev = CUDA0
llama_memory_recurrent, layer  34: dev = CUDA0
llama_memory_recurrent: layer  35: skipped
llama_memory_recurrent, layer  36: dev = CUDA0
llama_memory_recurrent, layer  37: dev = CUDA0
llama_memory_recurrent, layer  38: dev = CUDA0
llama_memory_recurrent: layer  39: skipped
llama_memory_recurrent, layer  40: dev = CUDA0
llama_memory_recurrent, layer  41: dev = CUDA0
llama_memory_recurrent, layer  42: dev = CUDA0
llama_memory_recurrent: layer  43: skipped
llama_memory_recurrent, layer  44: dev = CUDA0
llama_memory_recurrent, layer  45: dev = CUDA0
llama_memory_recurrent, layer  46: dev = CUDA0
llama_memory_recurrent: layer  47: skipped
llama_memory_recurrent, layer  48: dev = CUDA0
llama_memory_recurrent, layer  49: dev = CUDA0
llama_memory_recurrent, layer  50: dev = CUDA0
llama_memory_recurrent: layer  51: skipped
llama_memory_recurrent, layer  52: dev = CUDA0
llama_memory_recurrent, layer  53: dev = CUDA0
llama_memory_recurrent, layer  54: dev = CUDA0
llama_memory_recurrent: layer  55: skipped
llama_memory_recurrent, layer  56: dev = CUDA0
llama_memory_recurrent, layer  57: dev = CUDA0
llama_memory_recurrent, layer  58: dev = CUDA0
llama_memory_recurrent: layer  59: skipped
llama_memory_recurrent, layer  60: dev = CUDA0
llama_memory_recurrent, layer  61: dev = CUDA0
llama_memory_recurrent, layer  62: dev = CUDA0
llama_memory_recurrent: layer  63: skipped
llama_memory_recurrent:      CUDA0 RS buffer size =   149.62 MiB
llama_memory_recurrent: size =  149.62 MiB (     1 cells,  64 layers,  1 seqs  0 rs_seq), R (f32):    5.62 MiB, S (f32):  144.00 MiB
llama_context: enumerating backends
llama_context: backend_ptrs.size() = 3
llama_context: pipeline parallelism enabled
sched_reserve: reserving ...
sched_reserve: max_nodes = 27712
sched_reserve: reserving full memory module
sched_reserve: worst-case: n_tokens = 256, n_seqs = 1, n_outputs = 1
sched_reserve: resolving fused Gated Delta Net support:
graph_reserve: reserving a graph for ubatch with n_tokens =    1, n_seqs =  1, n_outputs =    1
sched_reserve: fused Gated Delta Net (autoregressive) enabled
graph_reserve: reserving a graph for ubatch with n_tokens =   16, n_seqs =  1, n_outputs =   16
sched_reserve: fused Gated Delta Net (chunked) enabled
graph_reserve: reserving a graph for ubatch with n_tokens =  256, n_seqs =  1, n_outputs =  256
graph_reserve: reserving a graph for ubatch with n_tokens =    1, n_seqs =  1, n_outputs =    1
graph_reserve: reserving a graph for ubatch with n_tokens =  256, n_seqs =  1, n_outputs =  256
sched_reserve:      CUDA0 compute buffer size =   305.53 MiB
sched_reserve:  CUDA_Host compute buffer size =    43.03 MiB
sched_reserve: graph nodes  = 3735
sched_reserve: graph splits = 2
sched_reserve: reserve took 16.22 ms, sched copies = 4
[exp8022] phase=8033_after_context_create elapsed_s=0.020 completed=0 pending=0
[exp8022] phase=8033_before_eval elapsed_s=0.021 completed=0 pending=307
[exp8022] phase=8033_after_eval elapsed_s=0.473 completed=307 pending=0
[exp8022] phase=8033_before_context_close elapsed_s=0.625 completed=0 pending=0
~llama_context:      CUDA0 compute buffer size is 305.5278 MiB, matches expectation of 305.5278 MiB
~llama_context:      CUDA1 compute buffer size is   0.0000 MiB, matches expectation of   0.0000 MiB
~llama_context:  CUDA_Host compute buffer size is  43.0313 MiB, matches expectation of  43.0313 MiB
[exp8022] phase=8033_after_context_close elapsed_s=1.275 completed=0 pending=0
[exp8059] phase=after_teacher_forcing elapsed_s=97.113 completed=10 pending=374
[exp8059] phase=before_teacher_forcing elapsed_s=97.116 completed=10 pending=374
[exp8022] phase=8033_before_context_create elapsed_s=0.000 completed=0 pending=0
llama_context: constructing llama_context
llama_context: n_seq_max     = 1
llama_context: n_ctx         = 6400
llama_context: n_ctx_seq     = 6400
llama_context: n_batch       = 256
llama_context: n_ubatch      = 256
llama_context: causal_attn   = 1
llama_context: flash_attn    = disabled
llama_context: kv_unified    = false
llama_context: freq_base     = 10000000.0
llama_context: freq_scale    = 1
llama_context: n_rs_seq      = 0
llama_context: n_outputs_max = 256
llama_context: n_ctx_seq (6400) < n_ctx_train (262144) -- the full capacity of the model will not be utilized
set_abort_callback: call
llama_context:  CUDA_Host  output buffer size =     0.95 MiB
llama_kv_cache: layer   0: filtered
llama_kv_cache: layer   1: filtered
llama_kv_cache: layer   2: filtered
llama_kv_cache: layer   3: dev = CUDA0
llama_kv_cache: layer   4: filtered
llama_kv_cache: layer   5: filtered
llama_kv_cache: layer   6: filtered
llama_kv_cache: layer   7: dev = CUDA0
llama_kv_cache: layer   8: filtered
llama_kv_cache: layer   9: filtered
llama_kv_cache: layer  10: filtered
llama_kv_cache: layer  11: dev = CUDA0
llama_kv_cache: layer  12: filtered
llama_kv_cache: layer  13: filtered
llama_kv_cache: layer  14: filtered
llama_kv_cache: layer  15: dev = CUDA0
llama_kv_cache: layer  16: filtered
llama_kv_cache: layer  17: filtered
llama_kv_cache: layer  18: filtered
llama_kv_cache: layer  19: dev = CUDA0
llama_kv_cache: layer  20: filtered
llama_kv_cache: layer  21: filtered
llama_kv_cache: layer  22: filtered
llama_kv_cache: layer  23: dev = CUDA0
llama_kv_cache: layer  24: filtered
llama_kv_cache: layer  25: filtered
llama_kv_cache: layer  26: filtered
llama_kv_cache: layer  27: dev = CUDA0
llama_kv_cache: layer  28: filtered
llama_kv_cache: layer  29: filtered
llama_kv_cache: layer  30: filtered
llama_kv_cache: layer  31: dev = CUDA0
llama_kv_cache: layer  32: filtered
llama_kv_cache: layer  33: filtered
llama_kv_cache: layer  34: filtered
llama_kv_cache: layer  35: dev = CUDA0
llama_kv_cache: layer  36: filtered
llama_kv_cache: layer  37: filtered
llama_kv_cache: layer  38: filtered
llama_kv_cache: layer  39: dev = CUDA0
llama_kv_cache: layer  40: filtered
llama_kv_cache: layer  41: filtered
llama_kv_cache: layer  42: filtered
llama_kv_cache: layer  43: dev = CUDA0
llama_kv_cache: layer  44: filtered
llama_kv_cache: layer  45: filtered
llama_kv_cache: layer  46: filtered
llama_kv_cache: layer  47: dev = CUDA0
llama_kv_cache: layer  48: filtered
llama_kv_cache: layer  49: filtered
llama_kv_cache: layer  50: filtered
llama_kv_cache: layer  51: dev = CUDA0
llama_kv_cache: layer  52: filtered
llama_kv_cache: layer  53: filtered
llama_kv_cache: layer  54: filtered
llama_kv_cache: layer  55: dev = CUDA0
llama_kv_cache: layer  56: filtered
llama_kv_cache: layer  57: filtered
llama_kv_cache: layer  58: filtered
llama_kv_cache: layer  59: dev = CUDA0
llama_kv_cache: layer  60: filtered
llama_kv_cache: layer  61: filtered
llama_kv_cache: layer  62: filtered
llama_kv_cache: layer  63: dev = CUDA0
llama_kv_cache: layer  64: filtered
llama_kv_cache:      CUDA0 KV buffer size =   400.00 MiB
llama_kv_cache: size =  400.00 MiB (  6400 cells,  16 layers,  1/1 seqs), K (f16):  200.00 MiB, V (f16):  200.00 MiB
llama_kv_cache: attn_rot_k = 0, n_embd_head_k_all = 256
llama_kv_cache: attn_rot_v = 0, n_embd_head_k_all = 256
llama_memory_recurrent, layer   0: dev = CUDA0
llama_memory_recurrent, layer   1: dev = CUDA0
llama_memory_recurrent, layer   2: dev = CUDA0
llama_memory_recurrent: layer   3: skipped
llama_memory_recurrent, layer   4: dev = CUDA0
llama_memory_recurrent, layer   5: dev = CUDA0
llama_memory_recurrent, layer   6: dev = CUDA0
llama_memory_recurrent: layer   7: skipped
llama_memory_recurrent, layer   8: dev = CUDA0
llama_memory_recurrent, layer   9: dev = CUDA0
llama_memory_recurrent, layer  10: dev = CUDA0
llama_memory_recurrent: layer  11: skipped
llama_memory_recurrent, layer  12: dev = CUDA0
llama_memory_recurrent, layer  13: dev = CUDA0
llama_memory_recurrent, layer  14: dev = CUDA0
llama_memory_recurrent: layer  15: skipped
llama_memory_recurrent, layer  16: dev = CUDA0
llama_memory_recurrent, layer  17: dev = CUDA0
llama_memory_recurrent, layer  18: dev = CUDA0
llama_memory_recurrent: layer  19: skipped
llama_memory_recurrent, layer  20: dev = CUDA0
llama_memory_recurrent, layer  21: dev = CUDA0
llama_memory_recurrent, layer  22: dev = CUDA0
llama_memory_recurrent: layer  23: skipped
llama_memory_recurrent, layer  24: dev = CUDA0
llama_memory_recurrent, layer  25: dev = CUDA0
llama_memory_recurrent, layer  26: dev = CUDA0
llama_memory_recurrent: layer  27: skipped
llama_memory_recurrent, layer  28: dev = CUDA0
llama_memory_recurrent, layer  29: dev = CUDA0
llama_memory_recurrent, layer  30: dev = CUDA0
llama_memory_recurrent: layer  31: skipped
llama_memory_recurrent, layer  32: dev = CUDA0
llama_memory_recurrent, layer  33: dev = CUDA0
llama_memory_recurrent, layer  34: dev = CUDA0
llama_memory_recurrent: layer  35: skipped
llama_memory_recurrent, layer  36: dev = CUDA0
llama_memory_recurrent, layer  37: dev = CUDA0
llama_memory_recurrent, layer  38: dev = CUDA0
llama_memory_recurrent: layer  39: skipped
llama_memory_recurrent, layer  40: dev = CUDA0
llama_memory_recurrent, layer  41: dev = CUDA0
llama_memory_recurrent, layer  42: dev = CUDA0
llama_memory_recurrent: layer  43: skipped
llama_memory_recurrent, layer  44: dev = CUDA0
llama_memory_recurrent, layer  45: dev = CUDA0
llama_memory_recurrent, layer  46: dev = CUDA0
llama_memory_recurrent: layer  47: skipped
llama_memory_recurrent, layer  48: dev = CUDA0
llama_memory_recurrent, layer  49: dev = CUDA0
llama_memory_recurrent, layer  50: dev = CUDA0
llama_memory_recurrent: layer  51: skipped
llama_memory_recurrent, layer  52: dev = CUDA0
llama_memory_recurrent, layer  53: dev = CUDA0
llama_memory_recurrent, layer  54: dev = CUDA0
llama_memory_recurrent: layer  55: skipped
llama_memory_recurrent, layer  56: dev = CUDA0
llama_memory_recurrent, layer  57: dev = CUDA0
llama_memory_recurrent, layer  58: dev = CUDA0
llama_memory_recurrent: layer  59: skipped
llama_memory_recurrent, layer  60: dev = CUDA0
llama_memory_recurrent, layer  61: dev = CUDA0
llama_memory_recurrent, layer  62: dev = CUDA0
llama_memory_recurrent: layer  63: skipped
llama_memory_recurrent:      CUDA0 RS buffer size =   149.62 MiB
llama_memory_recurrent: size =  149.62 MiB (     1 cells,  64 layers,  1 seqs  0 rs_seq), R (f32):    5.62 MiB, S (f32):  144.00 MiB
llama_context: enumerating backends
llama_context: backend_ptrs.size() = 3
llama_context: pipeline parallelism enabled
sched_reserve: reserving ...
sched_reserve: max_nodes = 27712
sched_reserve: reserving full memory module
sched_reserve: worst-case: n_tokens = 256, n_seqs = 1, n_outputs = 1
sched_reserve: resolving fused Gated Delta Net support:
graph_reserve: reserving a graph for ubatch with n_tokens =    1, n_seqs =  1, n_outputs =    1
sched_reserve: fused Gated Delta Net (autoregressive) enabled
graph_reserve: reserving a graph for ubatch with n_tokens =   16, n_seqs =  1, n_outputs =   16
sched_reserve: fused Gated Delta Net (chunked) enabled
graph_reserve: reserving a graph for ubatch with n_tokens =  256, n_seqs =  1, n_outputs =  256
graph_reserve: reserving a graph for ubatch with n_tokens =    1, n_seqs =  1, n_outputs =    1
graph_reserve: reserving a graph for ubatch with n_tokens =  256, n_seqs =  1, n_outputs =  256
sched_reserve:      CUDA0 compute buffer size =   305.53 MiB
sched_reserve:  CUDA_Host compute buffer size =    43.03 MiB
sched_reserve: graph nodes  = 3735
sched_reserve: graph splits = 2
sched_reserve: reserve took 14.57 ms, sched copies = 4
[exp8022] phase=8033_after_context_create elapsed_s=0.020 completed=0 pending=0
[exp8022] phase=8033_before_eval elapsed_s=0.020 completed=0 pending=585
[exp8022] phase=8033_after_eval elapsed_s=0.793 completed=585 pending=0
[exp8022] phase=8033_before_context_close elapsed_s=0.865 completed=0 pending=0
~llama_context:      CUDA0 compute buffer size is 305.5278 MiB, matches expectation of 305.5278 MiB
~llama_context:      CUDA1 compute buffer size is   0.0000 MiB, matches expectation of   0.0000 MiB
~llama_context:  CUDA_Host compute buffer size is  43.0313 MiB, matches expectation of  43.0313 MiB
[exp8022] phase=8033_after_context_close elapsed_s=1.373 completed=0 pending=0
[exp8059] phase=after_teacher_forcing elapsed_s=98.490 completed=11 pending=373
[exp8059] phase=before_teacher_forcing elapsed_s=98.560 completed=11 pending=373
[exp8022] phase=8033_before_context_create elapsed_s=0.000 completed=0 pending=0
llama_context: constructing llama_context
llama_context: n_seq_max     = 1
llama_context: n_ctx         = 6400
llama_context: n_ctx_seq     = 6400
llama_context: n_batch       = 256
llama_context: n_ubatch      = 256
llama_context: causal_attn   = 1
llama_context: flash_attn    = disabled
llama_context: kv_unified    = false
llama_context: freq_base     = 10000000.0
llama_context: freq_scale    = 1
llama_context: n_rs_seq      = 0
llama_context: n_outputs_max = 256
llama_context: n_ctx_seq (6400) < n_ctx_train (262144) -- the full capacity of the model will not be utilized
set_abort_callback: call
llama_context:  CUDA_Host  output buffer size =     0.95 MiB
llama_kv_cache: layer   0: filtered
llama_kv_cache: layer   1: filtered
llama_kv_cache: layer   2: filtered
llama_kv_cache: layer   3: dev = CUDA0
llama_kv_cache: layer   4: filtered
llama_kv_cache: layer   5: filtered
llama_kv_cache: layer   6: filtered
llama_kv_cache: layer   7: dev = CUDA0
llama_kv_cache: layer   8: filtered
llama_kv_cache: layer   9: filtered
llama_kv_cache: layer  10: filtered
llama_kv_cache: layer  11: dev = CUDA0
llama_kv_cache: layer  12: filtered
llama_kv_cache: layer  13: filtered
llama_kv_cache: layer  14: filtered
llama_kv_cache: layer  15: dev = CUDA0
llama_kv_cache: layer  16: filtered
llama_kv_cache: layer  17: filtered
llama_kv_cache: layer  18: filtered
llama_kv_cache: layer  19: dev = CUDA0
llama_kv_cache: layer  20: filtered
llama_kv_cache: layer  21: filtered
llama_kv_cache: layer  22: filtered
llama_kv_cache: layer  23: dev = CUDA0
llama_kv_cache: layer  24: filtered
llama_kv_cache: layer  25: filtered
llama_kv_cache: layer  26: filtered
llama_kv_cache: layer  27: dev = CUDA0
llama_kv_cache: layer  28: filtered
llama_kv_cache: layer  29: filtered
llama_kv_cache: layer  30: filtered
llama_kv_cache: layer  31: dev = CUDA0
llama_kv_cache: layer  32: filtered
llama_kv_cache: layer  33: filtered
llama_kv_cache: layer  34: filtered
llama_kv_cache: layer  35: dev = CUDA0
llama_kv_cache: layer  36: filtered
llama_kv_cache: layer  37: filtered
llama_kv_cache: layer  38: filtered
llama_kv_cache: layer  39: dev = CUDA0
llama_kv_cache: layer  40: filtered
llama_kv_cache: layer  41: filtered
llama_kv_cache: layer  42: filtered
llama_kv_cache: layer  43: dev = CUDA0
llama_kv_cache: layer  44: filtered
llama_kv_cache: layer  45: filtered
llama_kv_cache: layer  46: filtered
llama_kv_cache: layer  47: dev = CUDA0
llama_kv_cache: layer  48: filtered
llama_kv_cache: layer  49: filtered
llama_kv_cache: layer  50: filtered
llama_kv_cache: layer  51: dev = CUDA0
llama_kv_cache: layer  52: filtered
llama_kv_cache: layer  53: filtered
llama_kv_cache: layer  54: filtered
llama_kv_cache: layer  55: dev = CUDA0
llama_kv_cache: layer  56: filtered
llama_kv_cache: layer  57: filtered
llama_kv_cache: layer  58: filtered
llama_kv_cache: layer  59: dev = CUDA0
llama_kv_cache: layer  60: filtered
llama_kv_cache: layer  61: filtered
llama_kv_cache: layer  62: filtered
llama_kv_cache: layer  63: dev = CUDA0
llama_kv_cache: layer  64: filtered
llama_kv_cache:      CUDA0 KV buffer size =   400.00 MiB
llama_kv_cache: size =  400.00 MiB (  6400 cells,  16 layers,  1/1 seqs), K (f16):  200.00 MiB, V (f16):  200.00 MiB
llama_kv_cache: attn_rot_k = 0, n_embd_head_k_all = 256
llama_kv_cache: attn_rot_v = 0, n_embd_head_k_all = 256
llama_memory_recurrent, layer   0: dev = CUDA0
llama_memory_recurrent, layer   1: dev = CUDA0
llama_memory_recurrent, layer   2: dev = CUDA0
llama_memory_recurrent: layer   3: skipped
llama_memory_recurrent, layer   4: dev = CUDA0
llama_memory_recurrent, layer   5: dev = CUDA0
llama_memory_recurrent, layer   6: dev = CUDA0
llama_memory_recurrent: layer   7: skipped
llama_memory_recurrent, layer   8: dev = CUDA0
llama_memory_recurrent, layer   9: dev = CUDA0
llama_memory_recurrent, layer  10: dev = CUDA0
llama_memory_recurrent: layer  11: skipped
llama_memory_recurrent, layer  12: dev = CUDA0
llama_memory_recurrent, layer  13: dev = CUDA0
llama_memory_recurrent, layer  14: dev = CUDA0
llama_memory_recurrent: layer  15: skipped
llama_memory_recurrent, layer  16: dev = CUDA0
llama_memory_recurrent, layer  17: dev = CUDA0
llama_memory_recurrent, layer  18: dev = CUDA0
llama_memory_recurrent: layer  19: skipped
llama_memory_recurrent, layer  20: dev = CUDA0
llama_memory_recurrent, layer  21: dev = CUDA0
llama_memory_recurrent, layer  22: dev = CUDA0
llama_memory_recurrent: layer  23: skipped
llama_memory_recurrent, layer  24: dev = CUDA0
llama_memory_recurrent, layer  25: dev = CUDA0
llama_memory_recurrent, layer  26: dev = CUDA0
llama_memory_recurrent: layer  27: skipped
llama_memory_recurrent, layer  28: dev = CUDA0
llama_memory_recurrent, layer  29: dev = CUDA0
llama_memory_recurrent, layer  30: dev = CUDA0
llama_memory_recurrent: layer  31: skipped
llama_memory_recurrent, layer  32: dev = CUDA0
llama_memory_recurrent, layer  33: dev = CUDA0
llama_memory_recurrent, layer  34: dev = CUDA0
llama_memory_recurrent: layer  35: skipped
llama_memory_recurrent, layer  36: dev = CUDA0
llama_memory_recurrent, layer  37: dev = CUDA0
llama_memory_recurrent, layer  38: dev = CUDA0
llama_memory_recurrent: layer  39: skipped
llama_memory_recurrent, layer  40: dev = CUDA0
llama_memory_recurrent, layer  41: dev = CUDA0
llama_memory_recurrent, layer  42: dev = CUDA0
llama_memory_recurrent: layer  43: skipped
llama_memory_recurrent, layer  44: dev = CUDA0
llama_memory_recurrent, layer  45: dev = CUDA0
llama_memory_recurrent, layer  46: dev = CUDA0
llama_memory_recurrent: layer  47: skipped
llama_memory_recurrent, layer  48: dev = CUDA0
llama_memory_recurrent, layer  49: dev = CUDA0
llama_memory_recurrent, layer  50: dev = CUDA0
llama_memory_recurrent: layer  51: skipped
llama_memory_recurrent, layer  52: dev = CUDA0
llama_memory_recurrent, layer  53: dev = CUDA0
llama_memory_recurrent, layer  54: dev = CUDA0
llama_memory_recurrent: layer  55: skipped
llama_memory_recurrent, layer  56: dev = CUDA0
llama_memory_recurrent, layer  57: dev = CUDA0
llama_memory_recurrent, layer  58: dev = CUDA0
llama_memory_recurrent: layer  59: skipped
llama_memory_recurrent, layer  60: dev = CUDA0
llama_memory_recurrent, layer  61: dev = CUDA0
llama_memory_recurrent, layer  62: dev = CUDA0
llama_memory_recurrent: layer  63: skipped
llama_memory_recurrent:      CUDA0 RS buffer size =   149.62 MiB
llama_memory_recurrent: size =  149.62 MiB (     1 cells,  64 layers,  1 seqs  0 rs_seq), R (f32):    5.62 MiB, S (f32):  144.00 MiB
llama_context: enumerating backends
llama_context: backend_ptrs.size() = 3
llama_context: pipeline parallelism enabled
sched_reserve: reserving ...
sched_reserve: max_nodes = 27712
sched_reserve: reserving full memory module
sched_reserve: worst-case: n_tokens = 256, n_seqs = 1, n_outputs = 1
sched_reserve: resolving fused Gated Delta Net support:
graph_reserve: reserving a graph for ubatch with n_tokens =    1, n_seqs =  1, n_outputs =    1
sched_reserve: fused Gated Delta Net (autoregressive) enabled
graph_reserve: reserving a graph for ubatch with n_tokens =   16, n_seqs =  1, n_outputs =   16
sched_reserve: fused Gated Delta Net (chunked) enabled
graph_reserve: reserving a graph for ubatch with n_tokens =  256, n_seqs =  1, n_outputs =  256
graph_reserve: reserving a graph for ubatch with n_tokens =    1, n_seqs =  1, n_outputs =    1
graph_reserve: reserving a graph for ubatch with n_tokens =  256, n_seqs =  1, n_outputs =  256
sched_reserve:      CUDA0 compute buffer size =   305.53 MiB
sched_reserve:  CUDA_Host compute buffer size =    43.03 MiB
sched_reserve: graph nodes  = 3735
sched_reserve: graph splits = 2
sched_reserve: reserve took 23.48 ms, sched copies = 4
[exp8022] phase=8033_after_context_create elapsed_s=0.026 completed=0 pending=0
[exp8022] phase=8033_before_eval elapsed_s=0.027 completed=0 pending=160
[exp8022] phase=8033_after_eval elapsed_s=0.269 completed=160 pending=0
[exp8022] phase=8033_before_context_close elapsed_s=0.340 completed=0 pending=0
~llama_context:      CUDA0 compute buffer size is 305.5278 MiB, matches expectation of 305.5278 MiB
~llama_context:      CUDA1 compute buffer size is   0.0000 MiB, matches expectation of   0.0000 MiB
~llama_context:  CUDA_Host compute buffer size is  43.0313 MiB, matches expectation of  43.0313 MiB
[exp8022] phase=8033_after_context_close elapsed_s=0.605 completed=0 pending=0
[exp8059] phase=after_teacher_forcing elapsed_s=99.165 completed=12 pending=372
[exp8059] phase=before_teacher_forcing elapsed_s=99.174 completed=12 pending=372
[exp8022] phase=8033_before_context_create elapsed_s=0.000 completed=0 pending=0
llama_context: constructing llama_context
llama_context: n_seq_max     = 1
llama_context: n_ctx         = 6400
llama_context: n_ctx_seq     = 6400
llama_context: n_batch       = 256
llama_context: n_ubatch      = 256
llama_context: causal_attn   = 1
llama_context: flash_attn    = disabled
llama_context: kv_unified    = false
llama_context: freq_base     = 10000000.0
llama_context: freq_scale    = 1
llama_context: n_rs_seq      = 0
llama_context: n_outputs_max = 256
llama_context: n_ctx_seq (6400) < n_ctx_train (262144) -- the full capacity of the model will not be utilized
set_abort_callback: call
llama_context:  CUDA_Host  output buffer size =     0.95 MiB
llama_kv_cache: layer   0: filtered
llama_kv_cache: layer   1: filtered
llama_kv_cache: layer   2: filtered
llama_kv_cache: layer   3: dev = CUDA0
llama_kv_cache: layer   4: filtered
llama_kv_cache: layer   5: filtered
llama_kv_cache: layer   6: filtered
llama_kv_cache: layer   7: dev = CUDA0
llama_kv_cache: layer   8: filtered
llama_kv_cache: layer   9: filtered
llama_kv_cache: layer  10: filtered
llama_kv_cache: layer  11: dev = CUDA0
llama_kv_cache: layer  12: filtered
llama_kv_cache: layer  13: filtered
llama_kv_cache: layer  14: filtered
llama_kv_cache: layer  15: dev = CUDA0
llama_kv_cache: layer  16: filtered
llama_kv_cache: layer  17: filtered
llama_kv_cache: layer  18: filtered
llama_kv_cache: layer  19: dev = CUDA0
llama_kv_cache: layer  20: filtered
llama_kv_cache: layer  21: filtered
llama_kv_cache: layer  22: filtered
llama_kv_cache: layer  23: dev = CUDA0
llama_kv_cache: layer  24: filtered
llama_kv_cache: layer  25: filtered
llama_kv_cache: layer  26: filtered
llama_kv_cache: layer  27: dev = CUDA0
llama_kv_cache: layer  28: filtered
llama_kv_cache: layer  29: filtered
llama_kv_cache: layer  30: filtered
llama_kv_cache: layer  31: dev = CUDA0
llama_kv_cache: layer  32: filtered
llama_kv_cache: layer  33: filtered
llama_kv_cache: layer  34: filtered
llama_kv_cache: layer  35: dev = CUDA0
llama_kv_cache: layer  36: filtered
llama_kv_cache: layer  37: filtered
llama_kv_cache: layer  38: filtered
llama_kv_cache: layer  39: dev = CUDA0
llama_kv_cache: layer  40: filtered
llama_kv_cache: layer  41: filtered
llama_kv_cache: layer  42: filtered
llama_kv_cache: layer  43: dev = CUDA0
llama_kv_cache: layer  44: filtered
llama_kv_cache: layer  45: filtered
llama_kv_cache: layer  46: filtered
llama_kv_cache: layer  47: dev = CUDA0
llama_kv_cache: layer  48: filtered
llama_kv_cache: layer  49: filtered
llama_kv_cache: layer  50: filtered
llama_kv_cache: layer  51: dev = CUDA0
llama_kv_cache: layer  52: filtered
llama_kv_cache: layer  53: filtered
llama_kv_cache: layer  54: filtered
llama_kv_cache: layer  55: dev = CUDA0
llama_kv_cache: layer  56: filtered
llama_kv_cache: layer  57: filtered
llama_kv_cache: layer  58: filtered
llama_kv_cache: layer  59: dev = CUDA0
llama_kv_cache: layer  60: filtered
llama_kv_cache: layer  61: filtered
llama_kv_cache: layer  62: filtered
llama_kv_cache: layer  63: dev = CUDA0
llama_kv_cache: layer  64: filtered
llama_kv_cache:      CUDA0 KV buffer size =   400.00 MiB
llama_kv_cache: size =  400.00 MiB (  6400 cells,  16 layers,  1/1 seqs), K (f16):  200.00 MiB, V (f16):  200.00 MiB
llama_kv_cache: attn_rot_k = 0, n_embd_head_k_all = 256
llama_kv_cache: attn_rot_v = 0, n_embd_head_k_all = 256
llama_memory_recurrent, layer   0: dev = CUDA0
llama_memory_recurrent, layer   1: dev = CUDA0
llama_memory_recurrent, layer   2: dev = CUDA0
llama_memory_recurrent: layer   3: skipped
llama_memory_recurrent, layer   4: dev = CUDA0
llama_memory_recurrent, layer   5: dev = CUDA0
llama_memory_recurrent, layer   6: dev = CUDA0
llama_memory_recurrent: layer   7: skipped
llama_memory_recurrent, layer   8: dev = CUDA0
llama_memory_recurrent, layer   9: dev = CUDA0
llama_memory_recurrent, layer  10: dev = CUDA0
llama_memory_recurrent: layer  11: skipped
llama_memory_recurrent, layer  12: dev = CUDA0
llama_memory_recurrent, layer  13: dev = CUDA0
llama_memory_recurrent, layer  14: dev = CUDA0
llama_memory_recurrent: layer  15: skipped
llama_memory_recurrent, layer  16: dev = CUDA0
llama_memory_recurrent, layer  17: dev = CUDA0
llama_memory_recurrent, layer  18: dev = CUDA0
llama_memory_recurrent: layer  19: skipped
llama_memory_recurrent, layer  20: dev = CUDA0
llama_memory_recurrent, layer  21: dev = CUDA0
llama_memory_recurrent, layer  22: dev = CUDA0
llama_memory_recurrent: layer  23: skipped
llama_memory_recurrent, layer  24: dev = CUDA0
llama_memory_recurrent, layer  25: dev = CUDA0
llama_memory_recurrent, layer  26: dev = CUDA0
llama_memory_recurrent: layer  27: skipped
llama_memory_recurrent, layer  28: dev = CUDA0
llama_memory_recurrent, layer  29: dev = CUDA0
llama_memory_recurrent, layer  30: dev = CUDA0
llama_memory_recurrent: layer  31: skipped
llama_memory_recurrent, layer  32: dev = CUDA0
llama_memory_recurrent, layer  33: dev = CUDA0
llama_memory_recurrent, layer  34: dev = CUDA0
llama_memory_recurrent: layer  35: skipped
llama_memory_recurrent, layer  36: dev = CUDA0
llama_memory_recurrent, layer  37: dev = CUDA0
llama_memory_recurrent, layer  38: dev = CUDA0
llama_memory_recurrent: layer  39: skipped
llama_memory_recurrent, layer  40: dev = CUDA0
llama_memory_recurrent, layer  41: dev = CUDA0
llama_memory_recurrent, layer  42: dev = CUDA0
llama_memory_recurrent: layer  43: skipped
llama_memory_recurrent, layer  44: dev = CUDA0
llama_memory_recurrent, layer  45: dev = CUDA0
llama_memory_recurrent, layer  46: dev = CUDA0
llama_memory_recurrent: layer  47: skipped
llama_memory_recurrent, layer  48: dev = CUDA0
llama_memory_recurrent, layer  49: dev = CUDA0
llama_memory_recurrent, layer  50: dev = CUDA0
llama_memory_recurrent: layer  51: skipped
llama_memory_recurrent, layer  52: dev = CUDA0
llama_memory_recurrent, layer  53: dev = CUDA0
llama_memory_recurrent, layer  54: dev = CUDA0
llama_memory_recurrent: layer  55: skipped
llama_memory_recurrent, layer  56: dev = CUDA0
llama_memory_recurrent, layer  57: dev = CUDA0
llama_memory_recurrent, layer  58: dev = CUDA0
llama_memory_recurrent: layer  59: skipped
llama_memory_recurrent, layer  60: dev = CUDA0
llama_memory_recurrent, layer  61: dev = CUDA0
llama_memory_recurrent, layer  62: dev = CUDA0
llama_memory_recurrent: layer  63: skipped
llama_memory_recurrent:      CUDA0 RS buffer size =   149.62 MiB
llama_memory_recurrent: size =  149.62 MiB (     1 cells,  64 layers,  1 seqs  0 rs_seq), R (f32):    5.62 MiB, S (f32):  144.00 MiB
llama_context: enumerating backends
llama_context: backend_ptrs.size() = 3
llama_context: pipeline parallelism enabled
sched_reserve: reserving ...
sched_reserve: max_nodes = 27712
sched_reserve: reserving full memory module
sched_reserve: worst-case: n_tokens = 256, n_seqs = 1, n_outputs = 1
sched_reserve: resolving fused Gated Delta Net support:
graph_reserve: reserving a graph for ubatch with n_tokens =    1, n_seqs =  1, n_outputs =    1
sched_reserve: fused Gated Delta Net (autoregressive) enabled
graph_reserve: reserving a graph for ubatch with n_tokens =   16, n_seqs =  1, n_outputs =   16
sched_reserve: fused Gated Delta Net (chunked) enabled
graph_reserve: reserving a graph for ubatch with n_tokens =  256, n_seqs =  1, n_outputs =  256
graph_reserve: reserving a graph for ubatch with n_tokens =    1, n_seqs =  1, n_outputs =    1
graph_reserve: reserving a graph for ubatch with n_tokens =  256, n_seqs =  1, n_outputs =  256
sched_reserve:      CUDA0 compute buffer size =   305.53 MiB
sched_reserve:  CUDA_Host compute buffer size =    43.03 MiB
sched_reserve: graph nodes  = 3735
sched_reserve: graph splits = 2
sched_reserve: reserve took 23.38 ms, sched copies = 4
[exp8022] phase=8033_after_context_create elapsed_s=0.027 completed=0 pending=0
[exp8022] phase=8033_before_eval elapsed_s=0.027 completed=0 pending=435
[exp8022] phase=8033_after_eval elapsed_s=0.626 completed=435 pending=0
[exp8022] phase=8033_before_context_close elapsed_s=0.677 completed=0 pending=0
~llama_context:      CUDA0 compute buffer size is 305.5278 MiB, matches expectation of 305.5278 MiB
~llama_context:      CUDA1 compute buffer size is   0.0000 MiB, matches expectation of   0.0000 MiB
~llama_context:  CUDA_Host compute buffer size is  43.0313 MiB, matches expectation of  43.0313 MiB
[exp8022] phase=8033_after_context_close elapsed_s=1.057 completed=0 pending=0
[exp8059] phase=after_teacher_forcing elapsed_s=100.231 completed=13 pending=371
[exp8059] phase=before_teacher_forcing elapsed_s=100.235 completed=13 pending=371
[exp8022] phase=8033_before_context_create elapsed_s=0.000 completed=0 pending=0
llama_context: constructing llama_context
llama_context: n_seq_max     = 1
llama_context: n_ctx         = 6400
llama_context: n_ctx_seq     = 6400
llama_context: n_batch       = 256
llama_context: n_ubatch      = 256
llama_context: causal_attn   = 1
llama_context: flash_attn    = disabled
llama_context: kv_unified    = false
llama_context: freq_base     = 10000000.0
llama_context: freq_scale    = 1
llama_context: n_rs_seq      = 0
llama_context: n_outputs_max = 256
llama_context: n_ctx_seq (6400) < n_ctx_train (262144) -- the full capacity of the model will not be utilized
set_abort_callback: call
llama_context:  CUDA_Host  output buffer size =     0.95 MiB
llama_kv_cache: layer   0: filtered
llama_kv_cache: layer   1: filtered
llama_kv_cache: layer   2: filtered
llama_kv_cache: layer   3: dev = CUDA0
llama_kv_cache: layer   4: filtered
llama_kv_cache: layer   5: filtered
llama_kv_cache: layer   6: filtered
llama_kv_cache: layer   7: dev = CUDA0
llama_kv_cache: layer   8: filtered
llama_kv_cache: layer   9: filtered
llama_kv_cache: layer  10: filtered
llama_kv_cache: layer  11: dev = CUDA0
llama_kv_cache: layer  12: filtered
llama_kv_cache: layer  13: filtered
llama_kv_cache: layer  14: filtered
llama_kv_cache: layer  15: dev = CUDA0
llama_kv_cache: layer  16: filtered
llama_kv_cache: layer  17: filtered
llama_kv_cache: layer  18: filtered
llama_kv_cache: layer  19: dev = CUDA0
llama_kv_cache: layer  20: filtered
llama_kv_cache: layer  21: filtered
llama_kv_cache: layer  22: filtered
llama_kv_cache: layer  23: dev = CUDA0
llama_kv_cache: layer  24: filtered
llama_kv_cache: layer  25: filtered
llama_kv_cache: layer  26: filtered
llama_kv_cache: layer  27: dev = CUDA0
llama_kv_cache: layer  28: filtered
llama_kv_cache: layer  29: filtered
llama_kv_cache: layer  30: filtered
llama_kv_cache: layer  31: dev = CUDA0
llama_kv_cache: layer  32: filtered
llama_kv_cache: layer  33: filtered
llama_kv_cache: layer  34: filtered
llama_kv_cache: layer  35: dev = CUDA0
llama_kv_cache: layer  36: filtered
llama_kv_cache: layer  37: filtered
llama_kv_cache: layer  38: filtered
llama_kv_cache: layer  39: dev = CUDA0
llama_kv_cache: layer  40: filtered
llama_kv_cache: layer  41: filtered
llama_kv_cache: layer  42: filtered
llama_kv_cache: layer  43: dev = CUDA0
llama_kv_cache: layer  44: filtered
llama_kv_cache: layer  45: filtered
llama_kv_cache: layer  46: filtered
llama_kv_cache: layer  47: dev = CUDA0
llama_kv_cache: layer  48: filtered
llama_kv_cache: layer  49: filtered
llama_kv_cache: layer  50: filtered
llama_kv_cache: layer  51: dev = CUDA0
llama_kv_cache: layer  52: filtered
llama_kv_cache: layer  53: filtered
llama_kv_cache: layer  54: filtered
llama_kv_cache: layer  55: dev = CUDA0
llama_kv_cache: layer  56: filtered
llama_kv_cache: layer  57: filtered
llama_kv_cache: layer  58: filtered
llama_kv_cache: layer  59: dev = CUDA0
llama_kv_cache: layer  60: filtered
llama_kv_cache: layer  61: filtered
llama_kv_cache: layer  62: filtered
llama_kv_cache: layer  63: dev = CUDA0
llama_kv_cache: layer  64: filtered
llama_kv_cache:      CUDA0 KV buffer size =   400.00 MiB
llama_kv_cache: size =  400.00 MiB (  6400 cells,  16 layers,  1/1 seqs), K (f16):  200.00 MiB, V (f16):  200.00 MiB
llama_kv_cache: attn_rot_k = 0, n_embd_head_k_all = 256
llama_kv_cache: attn_rot_v = 0, n_embd_head_k_all = 256
llama_memory_recurrent, layer   0: dev = CUDA0
llama_memory_recurrent, layer   1: dev = CUDA0
llama_memory_recurrent, layer   2: dev = CUDA0
llama_memory_recurrent: layer   3: skipped
llama_memory_recurrent, layer   4: dev = CUDA0
llama_memory_recurrent, layer   5: dev = CUDA0
llama_memory_recurrent, layer   6: dev = CUDA0
llama_memory_recurrent: layer   7: skipped
llama_memory_recurrent, layer   8: dev = CUDA0
llama_memory_recurrent, layer   9: dev = CUDA0
llama_memory_recurrent, layer  10: dev = CUDA0
llama_memory_recurrent: layer  11: skipped
llama_memory_recurrent, layer  12: dev = CUDA0
llama_memory_recurrent, layer  13: dev = CUDA0
llama_memory_recurrent, layer  14: dev = CUDA0
llama_memory_recurrent: layer  15: skipped
llama_memory_recurrent, layer  16: dev = CUDA0
llama_memory_recurrent, layer  17: dev = CUDA0
llama_memory_recurrent, layer  18: dev = CUDA0
llama_memory_recurrent: layer  19: skipped
llama_memory_recurrent, layer  20: dev = CUDA0
llama_memory_recurrent, layer  21: dev = CUDA0
llama_memory_recurrent, layer  22: dev = CUDA0
llama_memory_recurrent: layer  23: skipped
llama_memory_recurrent, layer  24: dev = CUDA0
llama_memory_recurrent, layer  25: dev = CUDA0
llama_memory_recurrent, layer  26: dev = CUDA0
llama_memory_recurrent: layer  27: skipped
llama_memory_recurrent, layer  28: dev = CUDA0
llama_memory_recurrent, layer  29: dev = CUDA0
llama_memory_recurrent, layer  30: dev = CUDA0
llama_memory_recurrent: layer  31: skipped
llama_memory_recurrent, layer  32: dev = CUDA0
llama_memory_recurrent, layer  33: dev = CUDA0
llama_memory_recurrent, layer  34: dev = CUDA0
llama_memory_recurrent: layer  35: skipped
llama_memory_recurrent, layer  36: dev = CUDA0
llama_memory_recurrent, layer  37: dev = CUDA0
llama_memory_recurrent, layer  38: dev = CUDA0
llama_memory_recurrent: layer  39: skipped
llama_memory_recurrent, layer  40: dev = CUDA0
llama_memory_recurrent, layer  41: dev = CUDA0
llama_memory_recurrent, layer  42: dev = CUDA0
llama_memory_recurrent: layer  43: skipped
llama_memory_recurrent, layer  44: dev = CUDA0
llama_memory_recurrent, layer  45: dev = CUDA0
llama_memory_recurrent, layer  46: dev = CUDA0
llama_memory_recurrent: layer  47: skipped
llama_memory_recurrent, layer  48: dev = CUDA0
llama_memory_recurrent, layer  49: dev = CUDA0
llama_memory_recurrent, layer  50: dev = CUDA0
llama_memory_recurrent: layer  51: skipped
llama_memory_recurrent, layer  52: dev = CUDA0
llama_memory_recurrent, layer  53: dev = CUDA0
llama_memory_recurrent, layer  54: dev = CUDA0
llama_memory_recurrent: layer  55: skipped
llama_memory_recurrent, layer  56: dev = CUDA0
llama_memory_recurrent, layer  57: dev = CUDA0
llama_memory_recurrent, layer  58: dev = CUDA0
llama_memory_recurrent: layer  59: skipped
llama_memory_recurrent, layer  60: dev = CUDA0
llama_memory_recurrent, layer  61: dev = CUDA0
llama_memory_recurrent, layer  62: dev = CUDA0
llama_memory_recurrent: layer  63: skipped
llama_memory_recurrent:      CUDA0 RS buffer size =   149.62 MiB
llama_memory_recurrent: size =  149.62 MiB (     1 cells,  64 layers,  1 seqs  0 rs_seq), R (f32):    5.62 MiB, S (f32):  144.00 MiB
llama_context: enumerating backends
llama_context: backend_ptrs.size() = 3
llama_context: pipeline parallelism enabled
sched_reserve: reserving ...
sched_reserve: max_nodes = 27712
sched_reserve: reserving full memory module
sched_reserve: worst-case: n_tokens = 256, n_seqs = 1, n_outputs = 1
sched_reserve: resolving fused Gated Delta Net support:
graph_reserve: reserving a graph for ubatch with n_tokens =    1, n_seqs =  1, n_outputs =    1
sched_reserve: fused Gated Delta Net (autoregressive) enabled
graph_reserve: reserving a graph for ubatch with n_tokens =   16, n_seqs =  1, n_outputs =   16
sched_reserve: fused Gated Delta Net (chunked) enabled
graph_reserve: reserving a graph for ubatch with n_tokens =  256, n_seqs =  1, n_outputs =  256
graph_reserve: reserving a graph for ubatch with n_tokens =    1, n_seqs =  1, n_outputs =    1
graph_reserve: reserving a graph for ubatch with n_tokens =  256, n_seqs =  1, n_outputs =  256
sched_reserve:      CUDA0 compute buffer size =   305.53 MiB
sched_reserve:  CUDA_Host compute buffer size =    43.03 MiB
sched_reserve: graph nodes  = 3735
sched_reserve: graph splits = 2
sched_reserve: reserve took 23.67 ms, sched copies = 4
[exp8022] phase=8033_after_context_create elapsed_s=0.028 completed=0 pending=0
[exp8022] phase=8033_before_eval elapsed_s=0.029 completed=0 pending=122
[exp8022] phase=8033_after_eval elapsed_s=0.214 completed=122 pending=0
[exp8022] phase=8033_before_context_close elapsed_s=0.265 completed=0 pending=0
~llama_context:      CUDA0 compute buffer size is 305.5278 MiB, matches expectation of 305.5278 MiB
~llama_context:      CUDA1 compute buffer size is   0.0000 MiB, matches expectation of   0.0000 MiB
~llama_context:  CUDA_Host compute buffer size is  43.0313 MiB, matches expectation of  43.0313 MiB
[exp8022] phase=8033_after_context_close elapsed_s=0.629 completed=0 pending=0
[exp8059] phase=after_teacher_forcing elapsed_s=100.864 completed=14 pending=370
[exp8059] phase=before_teacher_forcing elapsed_s=100.870 completed=14 pending=370
[exp8022] phase=8033_before_context_create elapsed_s=0.000 completed=0 pending=0
llama_context: constructing llama_context
llama_context: n_seq_max     = 1
llama_context: n_ctx         = 6400
llama_context: n_ctx_seq     = 6400
llama_context: n_batch       = 256
llama_context: n_ubatch      = 256
llama_context: causal_attn   = 1
llama_context: flash_attn    = disabled
llama_context: kv_unified    = false
llama_context: freq_base     = 10000000.0
llama_context: freq_scale    = 1
llama_context: n_rs_seq      = 0
llama_context: n_outputs_max = 256
llama_context: n_ctx_seq (6400) < n_ctx_train (262144) -- the full capacity of the model will not be utilized
set_abort_callback: call
llama_context:  CUDA_Host  output buffer size =     0.95 MiB
llama_kv_cache: layer   0: filtered
llama_kv_cache: layer   1: filtered
llama_kv_cache: layer   2: filtered
llama_kv_cache: layer   3: dev = CUDA0
llama_kv_cache: layer   4: filtered
llama_kv_cache: layer   5: filtered
llama_kv_cache: layer   6: filtered
llama_kv_cache: layer   7: dev = CUDA0
llama_kv_cache: layer   8: filtered
llama_kv_cache: layer   9: filtered
llama_kv_cache: layer  10: filtered
llama_kv_cache: layer  11: dev = CUDA0
llama_kv_cache: layer  12: filtered
llama_kv_cache: layer  13: filtered
llama_kv_cache: layer  14: filtered
llama_kv_cache: layer  15: dev = CUDA0
llama_kv_cache: layer  16: filtered
llama_kv_cache: layer  17: filtered
llama_kv_cache: layer  18: filtered
llama_kv_cache: layer  19: dev = CUDA0
llama_kv_cache: layer  20: filtered
llama_kv_cache: layer  21: filtered
llama_kv_cache: layer  22: filtered
llama_kv_cache: layer  23: dev = CUDA0
llama_kv_cache: layer  24: filtered
llama_kv_cache: layer  25: filtered
llama_kv_cache: layer  26: filtered
llama_kv_cache: layer  27: dev = CUDA0
llama_kv_cache: layer  28: filtered
llama_kv_cache: layer  29: filtered
llama_kv_cache: layer  30: filtered
llama_kv_cache: layer  31: dev = CUDA0
llama_kv_cache: layer  32: filtered
llama_kv_cache: layer  33: filtered
llama_kv_cache: layer  34: filtered
llama_kv_cache: layer  35: dev = CUDA0
llama_kv_cache: layer  36: filtered
llama_kv_cache: layer  37: filtered
llama_kv_cache: layer  38: filtered
llama_kv_cache: layer  39: dev = CUDA0
llama_kv_cache: layer  40: filtered
llama_kv_cache: layer  41: filtered
llama_kv_cache: layer  42: filtered
llama_kv_cache: layer  43: dev = CUDA0
llama_kv_cache: layer  44: filtered
llama_kv_cache: layer  45: filtered
llama_kv_cache: layer  46: filtered
llama_kv_cache: layer  47: dev = CUDA0
llama_kv_cache: layer  48: filtered
llama_kv_cache: layer  49: filtered
llama_kv_cache: layer  50: filtered
llama_kv_cache: layer  51: dev = CUDA0
llama_kv_cache: layer  52: filtered
llama_kv_cache: layer  53: filtered
llama_kv_cache: layer  54: filtered
llama_kv_cache: layer  55: dev = CUDA0
llama_kv_cache: layer  56: filtered
llama_kv_cache: layer  57: filtered
llama_kv_cache: layer  58: filtered
llama_kv_cache: layer  59: dev = CUDA0
llama_kv_cache: layer  60: filtered
llama_kv_cache: layer  61: filtered
llama_kv_cache: layer  62: filtered
llama_kv_cache: layer  63: dev = CUDA0
llama_kv_cache: layer  64: filtered
llama_kv_cache:      CUDA0 KV buffer size =   400.00 MiB
llama_kv_cache: size =  400.00 MiB (  6400 cells,  16 layers,  1/1 seqs), K (f16):  200.00 MiB, V (f16):  200.00 MiB
llama_kv_cache: attn_rot_k = 0, n_embd_head_k_all = 256
llama_kv_cache: attn_rot_v = 0, n_embd_head_k_all = 256
llama_memory_recurrent, layer   0: dev = CUDA0
llama_memory_recurrent, layer   1: dev = CUDA0
llama_memory_recurrent, layer   2: dev = CUDA0
llama_memory_recurrent: layer   3: skipped
llama_memory_recurrent, layer   4: dev = CUDA0
llama_memory_recurrent, layer   5: dev = CUDA0
llama_memory_recurrent, layer   6: dev = CUDA0
llama_memory_recurrent: layer   7: skipped
llama_memory_recurrent, layer   8: dev = CUDA0
llama_memory_recurrent, layer   9: dev = CUDA0
llama_memory_recurrent, layer  10: dev = CUDA0
llama_memory_recurrent: layer  11: skipped
llama_memory_recurrent, layer  12: dev = CUDA0
llama_memory_recurrent, layer  13: dev = CUDA0
llama_memory_recurrent, layer  14: dev = CUDA0
llama_memory_recurrent: layer  15: skipped
llama_memory_recurrent, layer  16: dev = CUDA0
llama_memory_recurrent, layer  17: dev = CUDA0
llama_memory_recurrent, layer  18: dev = CUDA0
llama_memory_recurrent: layer  19: skipped
llama_memory_recurrent, layer  20: dev = CUDA0
llama_memory_recurrent, layer  21: dev = CUDA0
llama_memory_recurrent, layer  22: dev = CUDA0
llama_memory_recurrent: layer  23: skipped
llama_memory_recurrent, layer  24: dev = CUDA0
llama_memory_recurrent, layer  25: dev = CUDA0
llama_memory_recurrent, layer  26: dev = CUDA0
llama_memory_recurrent: layer  27: skipped
llama_memory_recurrent, layer  28: dev = CUDA0
llama_memory_recurrent, layer  29: dev = CUDA0
llama_memory_recurrent, layer  30: dev = CUDA0
llama_memory_recurrent: layer  31: skipped
llama_memory_recurrent, layer  32: dev = CUDA0
llama_memory_recurrent, layer  33: dev = CUDA0
llama_memory_recurrent, layer  34: dev = CUDA0
llama_memory_recurrent: layer  35: skipped
llama_memory_recurrent, layer  36: dev = CUDA0
llama_memory_recurrent, layer  37: dev = CUDA0
llama_memory_recurrent, layer  38: dev = CUDA0
llama_memory_recurrent: layer  39: skipped
llama_memory_recurrent, layer  40: dev = CUDA0
llama_memory_recurrent, layer  41: dev = CUDA0
llama_memory_recurrent, layer  42: dev = CUDA0
llama_memory_recurrent: layer  43: skipped
llama_memory_recurrent, layer  44: dev = CUDA0
llama_memory_recurrent, layer  45: dev = CUDA0
llama_memory_recurrent, layer  46: dev = CUDA0
llama_memory_recurrent: layer  47: skipped
llama_memory_recurrent, layer  48: dev = CUDA0
llama_memory_recurrent, layer  49: dev = CUDA0
llama_memory_recurrent, layer  50: dev = CUDA0
llama_memory_recurrent: layer  51: skipped
llama_memory_recurrent, layer  52: dev = CUDA0
llama_memory_recurrent, layer  53: dev = CUDA0
llama_memory_recurrent, layer  54: dev = CUDA0
llama_memory_recurrent: layer  55: skipped
llama_memory_recurrent, layer  56: dev = CUDA0
llama_memory_recurrent, layer  57: dev = CUDA0
llama_memory_recurrent, layer  58: dev = CUDA0
llama_memory_recurrent: layer  59: skipped
llama_memory_recurrent, layer  60: dev = CUDA0
llama_memory_recurrent, layer  61: dev = CUDA0
llama_memory_recurrent, layer  62: dev = CUDA0
llama_memory_recurrent: layer  63: skipped
llama_memory_recurrent:      CUDA0 RS buffer size =   149.62 MiB
llama_memory_recurrent: size =  149.62 MiB (     1 cells,  64 layers,  1 seqs  0 rs_seq), R (f32):    5.62 MiB, S (f32):  144.00 MiB
llama_context: enumerating backends
llama_context: backend_ptrs.size() = 3
llama_context: pipeline parallelism enabled
sched_reserve: reserving ...
sched_reserve: max_nodes = 27712
sched_reserve: reserving full memory module
sched_reserve: worst-case: n_tokens = 256, n_seqs = 1, n_outputs = 1
sched_reserve: resolving fused Gated Delta Net support:
graph_reserve: reserving a graph for ubatch with n_tokens =    1, n_seqs =  1, n_outputs =    1
sched_reserve: fused Gated Delta Net (autoregressive) enabled
graph_reserve: reserving a graph for ubatch with n_tokens =   16, n_seqs =  1, n_outputs =   16
sched_reserve: fused Gated Delta Net (chunked) enabled
graph_reserve: reserving a graph for ubatch with n_tokens =  256, n_seqs =  1, n_outputs =  256
graph_reserve: reserving a graph for ubatch with n_tokens =    1, n_seqs =  1, n_outputs =    1
graph_reserve: reserving a graph for ubatch with n_tokens =  256, n_seqs =  1, n_outputs =  256
sched_reserve:      CUDA0 compute buffer size =   305.53 MiB
sched_reserve:  CUDA_Host compute buffer size =    43.03 MiB
sched_reserve: graph nodes  = 3735
sched_reserve: graph splits = 2
sched_reserve: reserve took 22.43 ms, sched copies = 4
[exp8022] phase=8033_after_context_create elapsed_s=0.027 completed=0 pending=0
[exp8022] phase=8033_before_eval elapsed_s=0.027 completed=0 pending=1011
[exp8022] phase=8033_after_eval elapsed_s=1.289 completed=1011 pending=0
[exp8022] phase=8033_before_context_close elapsed_s=1.419 completed=0 pending=0
~llama_context:      CUDA0 compute buffer size is 305.5278 MiB, matches expectation of 305.5278 MiB
~llama_context:      CUDA1 compute buffer size is   0.0000 MiB, matches expectation of   0.0000 MiB
~llama_context:  CUDA_Host compute buffer size is  43.0313 MiB, matches expectation of  43.0313 MiB
[exp8022] phase=8033_after_context_close elapsed_s=1.803 completed=0 pending=0
[exp8059] phase=after_teacher_forcing elapsed_s=102.673 completed=15 pending=369
[exp8059] phase=before_teacher_forcing elapsed_s=102.678 completed=15 pending=369
[exp8022] phase=8033_before_context_create elapsed_s=0.000 completed=0 pending=0
llama_context: constructing llama_context
llama_context: n_seq_max     = 1
llama_context: n_ctx         = 6400
llama_context: n_ctx_seq     = 6400
llama_context: n_batch       = 256
llama_context: n_ubatch      = 256
llama_context: causal_attn   = 1
llama_context: flash_attn    = disabled
llama_context: kv_unified    = false
llama_context: freq_base     = 10000000.0
llama_context: freq_scale    = 1
llama_context: n_rs_seq      = 0
llama_context: n_outputs_max = 256
llama_context: n_ctx_seq (6400) < n_ctx_train (262144) -- the full capacity of the model will not be utilized
set_abort_callback: call
llama_context:  CUDA_Host  output buffer size =     0.95 MiB
llama_kv_cache: layer   0: filtered
llama_kv_cache: layer   1: filtered
llama_kv_cache: layer   2: filtered
llama_kv_cache: layer   3: dev = CUDA0
llama_kv_cache: layer   4: filtered
llama_kv_cache: layer   5: filtered
llama_kv_cache: layer   6: filtered
llama_kv_cache: layer   7: dev = CUDA0
llama_kv_cache: layer   8: filtered
llama_kv_cache: layer   9: filtered
llama_kv_cache: layer  10: filtered
llama_kv_cache: layer  11: dev = CUDA0
llama_kv_cache: layer  12: filtered
llama_kv_cache: layer  13: filtered
llama_kv_cache: layer  14: filtered
llama_kv_cache: layer  15: dev = CUDA0
llama_kv_cache: layer  16: filtered
llama_kv_cache: layer  17: filtered
llama_kv_cache: layer  18: filtered
llama_kv_cache: layer  19: dev = CUDA0
llama_kv_cache: layer  20: filtered
llama_kv_cache: layer  21: filtered
llama_kv_cache: layer  22: filtered
llama_kv_cache: layer  23: dev = CUDA0
llama_kv_cache: layer  24: filtered
llama_kv_cache: layer  25: filtered
llama_kv_cache: layer  26: filtered
llama_kv_cache: layer  27: dev = CUDA0
llama_kv_cache: layer  28: filtered
llama_kv_cache: layer  29: filtered
llama_kv_cache: layer  30: filtered
llama_kv_cache: layer  31: dev = CUDA0
llama_kv_cache: layer  32: filtered
llama_kv_cache: layer  33: filtered
llama_kv_cache: layer  34: filtered
llama_kv_cache: layer  35: dev = CUDA0
llama_kv_cache: layer  36: filtered
llama_kv_cache: layer  37: filtered
llama_kv_cache: layer  38: filtered
llama_kv_cache: layer  39: dev = CUDA0
llama_kv_cache: layer  40: filtered
llama_kv_cache: layer  41: filtered
llama_kv_cache: layer  42: filtered
llama_kv_cache: layer  43: dev = CUDA0
llama_kv_cache: layer  44: filtered
llama_kv_cache: layer  45: filtered
llama_kv_cache: layer  46: filtered
llama_kv_cache: layer  47: dev = CUDA0
llama_kv_cache: layer  48: filtered
llama_kv_cache: layer  49: filtered
llama_kv_cache: layer  50: filtered
llama_kv_cache: layer  51: dev = CUDA0
llama_kv_cache: layer  52: filtered
llama_kv_cache: layer  53: filtered
llama_kv_cache: layer  54: filtered
llama_kv_cache: layer  55: dev = CUDA0
llama_kv_cache: layer  56: filtered
llama_kv_cache: layer  57: filtered
llama_kv_cache: layer  58: filtered
llama_kv_cache: layer  59: dev = CUDA0
llama_kv_cache: layer  60: filtered
llama_kv_cache: layer  61: filtered
llama_kv_cache: layer  62: filtered
llama_kv_cache: layer  63: dev = CUDA0
llama_kv_cache: layer  64: filtered
llama_kv_cache:      CUDA0 KV buffer size =   400.00 MiB
llama_kv_cache: size =  400.00 MiB (  6400 cells,  16 layers,  1/1 seqs), K (f16):  200.00 MiB, V (f16):  200.00 MiB
llama_kv_cache: attn_rot_k = 0, n_embd_head_k_all = 256
llama_kv_cache: attn_rot_v = 0, n_embd_head_k_all = 256
llama_memory_recurrent, layer   0: dev = CUDA0
llama_memory_recurrent, layer   1: dev = CUDA0
llama_memory_recurrent, layer   2: dev = CUDA0
llama_memory_recurrent: layer   3: skipped
llama_memory_recurrent, layer   4: dev = CUDA0
llama_memory_recurrent, layer   5: dev = CUDA0
llama_memory_recurrent, layer   6: dev = CUDA0
llama_memory_recurrent: layer   7: skipped
llama_memory_recurrent, layer   8: dev = CUDA0
llama_memory_recurrent, layer   9: dev = CUDA0
llama_memory_recurrent, layer  10: dev = CUDA0
llama_memory_recurrent: layer  11: skipped
llama_memory_recurrent, layer  12: dev = CUDA0
llama_memory_recurrent, layer  13: dev = CUDA0
llama_memory_recurrent, layer  14: dev = CUDA0
llama_memory_recurrent: layer  15: skipped
llama_memory_recurrent, layer  16: dev = CUDA0
llama_memory_recurrent, layer  17: dev = CUDA0
llama_memory_recurrent, layer  18: dev = CUDA0
llama_memory_recurrent: layer  19: skipped
llama_memory_recurrent, layer  20: dev = CUDA0
llama_memory_recurrent, layer  21: dev = CUDA0
llama_memory_recurrent, layer  22: dev = CUDA0
llama_memory_recurrent: layer  23: skipped
llama_memory_recurrent, layer  24: dev = CUDA0
llama_memory_recurrent, layer  25: dev = CUDA0
llama_memory_recurrent, layer  26: dev = CUDA0
llama_memory_recurrent: layer  27: skipped
llama_memory_recurrent, layer  28: dev = CUDA0
llama_memory_recurrent, layer  29: dev = CUDA0
llama_memory_recurrent, layer  30: dev = CUDA0
llama_memory_recurrent: layer  31: skipped
llama_memory_recurrent, layer  32: dev = CUDA0
llama_memory_recurrent, layer  33: dev = CUDA0
llama_memory_recurrent, layer  34: dev = CUDA0
llama_memory_recurrent: layer  35: skipped
llama_memory_recurrent, layer  36: dev = CUDA0
llama_memory_recurrent, layer  37: dev = CUDA0
llama_memory_recurrent, layer  38: dev = CUDA0
llama_memory_recurrent: layer  39: skipped
llama_memory_recurrent, layer  40: dev = CUDA0
llama_memory_recurrent, layer  41: dev = CUDA0
llama_memory_recurrent, layer  42: dev = CUDA0
llama_memory_recurrent: layer  43: skipped
llama_memory_recurrent, layer  44: dev = CUDA0
llama_memory_recurrent, layer  45: dev = CUDA0
llama_memory_recurrent, layer  46: dev = CUDA0
llama_memory_recurrent: layer  47: skipped
llama_memory_recurrent, layer  48: dev = CUDA0
llama_memory_recurrent, layer  49: dev = CUDA0
llama_memory_recurrent, layer  50: dev = CUDA0
llama_memory_recurrent: layer  51: skipped
llama_memory_recurrent, layer  52: dev = CUDA0
llama_memory_recurrent, layer  53: dev = CUDA0
llama_memory_recurrent, layer  54: dev = CUDA0
llama_memory_recurrent: layer  55: skipped
llama_memory_recurrent, layer  56: dev = CUDA0
llama_memory_recurrent, layer  57: dev = CUDA0
llama_memory_recurrent, layer  58: dev = CUDA0
llama_memory_recurrent: layer  59: skipped
llama_memory_recurrent, layer  60: dev = CUDA0
llama_memory_recurrent, layer  61: dev = CUDA0
llama_memory_recurrent, layer  62: dev = CUDA0
llama_memory_recurrent: layer  63: skipped
llama_memory_recurrent:      CUDA0 RS buffer size =   149.62 MiB
llama_memory_recurrent: size =  149.62 MiB (     1 cells,  64 layers,  1 seqs  0 rs_seq), R (f32):    5.62 MiB, S (f32):  144.00 MiB
llama_context: enumerating backends
llama_context: backend_ptrs.size() = 3
llama_context: pipeline parallelism enabled
sched_reserve: reserving ...
sched_reserve: max_nodes = 27712
sched_reserve: reserving full memory module
sched_reserve: worst-case: n_tokens = 256, n_seqs = 1, n_outputs = 1
sched_reserve: resolving fused Gated Delta Net support:
graph_reserve: reserving a graph for ubatch with n_tokens =    1, n_seqs =  1, n_outputs =    1
sched_reserve: fused Gated Delta Net (autoregressive) enabled
graph_reserve: reserving a graph for ubatch with n_tokens =   16, n_seqs =  1, n_outputs =   16
sched_reserve: fused Gated Delta Net (chunked) enabled
graph_reserve: reserving a graph for ubatch with n_tokens =  256, n_seqs =  1, n_outputs =  256
graph_reserve: reserving a graph for ubatch with n_tokens =    1, n_seqs =  1, n_outputs =    1
graph_reserve: reserving a graph for ubatch with n_tokens =  256, n_seqs =  1, n_outputs =  256
sched_reserve:      CUDA0 compute buffer size =   305.53 MiB
sched_reserve:  CUDA_Host compute buffer size =    43.03 MiB
sched_reserve: graph nodes  = 3735
sched_reserve: graph splits = 2
sched_reserve: reserve took 23.63 ms, sched copies = 4
[exp8022] phase=8033_after_context_create elapsed_s=0.028 completed=0 pending=0
[exp8022] phase=8033_before_eval elapsed_s=0.029 completed=0 pending=270
[exp8022] phase=8033_after_eval elapsed_s=0.442 completed=270 pending=0
[exp8022] phase=8033_before_context_close elapsed_s=0.576 completed=0 pending=0
~llama_context:      CUDA0 compute buffer size is 305.5278 MiB, matches expectation of 305.5278 MiB
~llama_context:      CUDA1 compute buffer size is   0.0000 MiB, matches expectation of   0.0000 MiB
~llama_context:  CUDA_Host compute buffer size is  43.0313 MiB, matches expectation of  43.0313 MiB
[exp8022] phase=8033_after_context_close elapsed_s=1.192 completed=0 pending=0
[exp8059] phase=after_teacher_forcing elapsed_s=103.871 completed=16 pending=368
[exp8059] phase=before_teacher_forcing elapsed_s=103.876 completed=16 pending=368
[exp8022] phase=8033_before_context_create elapsed_s=0.000 completed=0 pending=0
llama_context: constructing llama_context
llama_context: n_seq_max     = 1
llama_context: n_ctx         = 6400
llama_context: n_ctx_seq     = 6400
llama_context: n_batch       = 256
llama_context: n_ubatch      = 256
llama_context: causal_attn   = 1
llama_context: flash_attn    = disabled
llama_context: kv_unified    = false
llama_context: freq_base     = 10000000.0
llama_context: freq_scale    = 1
llama_context: n_rs_seq      = 0
llama_context: n_outputs_max = 256
llama_context: n_ctx_seq (6400) < n_ctx_train (262144) -- the full capacity of the model will not be utilized
set_abort_callback: call
llama_context:  CUDA_Host  output buffer size =     0.95 MiB
llama_kv_cache: layer   0: filtered
llama_kv_cache: layer   1: filtered
llama_kv_cache: layer   2: filtered
llama_kv_cache: layer   3: dev = CUDA0
llama_kv_cache: layer   4: filtered
llama_kv_cache: layer   5: filtered
llama_kv_cache: layer   6: filtered
llama_kv_cache: layer   7: dev = CUDA0
llama_kv_cache: layer   8: filtered
llama_kv_cache: layer   9: filtered
llama_kv_cache: layer  10: filtered
llama_kv_cache: layer  11: dev = CUDA0
llama_kv_cache: layer  12: filtered
llama_kv_cache: layer  13: filtered
llama_kv_cache: layer  14: filtered
llama_kv_cache: layer  15: dev = CUDA0
llama_kv_cache: layer  16: filtered
llama_kv_cache: layer  17: filtered
llama_kv_cache: layer  18: filtered
llama_kv_cache: layer  19: dev = CUDA0
llama_kv_cache: layer  20: filtered
llama_kv_cache: layer  21: filtered
llama_kv_cache: layer  22: filtered
llama_kv_cache: layer  23: dev = CUDA0
llama_kv_cache: layer  24: filtered
llama_kv_cache: layer  25: filtered
llama_kv_cache: layer  26: filtered
llama_kv_cache: layer  27: dev = CUDA0
llama_kv_cache: layer  28: filtered
llama_kv_cache: layer  29: filtered
llama_kv_cache: layer  30: filtered
llama_kv_cache: layer  31: dev = CUDA0
llama_kv_cache: layer  32: filtered
llama_kv_cache: layer  33: filtered
llama_kv_cache: layer  34: filtered
llama_kv_cache: layer  35: dev = CUDA0
llama_kv_cache: layer  36: filtered
llama_kv_cache: layer  37: filtered
llama_kv_cache: layer  38: filtered
llama_kv_cache: layer  39: dev = CUDA0
llama_kv_cache: layer  40: filtered
llama_kv_cache: layer  41: filtered
llama_kv_cache: layer  42: filtered
llama_kv_cache: layer  43: dev = CUDA0
llama_kv_cache: layer  44: filtered
llama_kv_cache: layer  45: filtered
llama_kv_cache: layer  46: filtered
llama_kv_cache: layer  47: dev = CUDA0
llama_kv_cache: layer  48: filtered
llama_kv_cache: layer  49: filtered
llama_kv_cache: layer  50: filtered
llama_kv_cache: layer  51: dev = CUDA0
llama_kv_cache: layer  52: filtered
llama_kv_cache: layer  53: filtered
llama_kv_cache: layer  54: filtered
llama_kv_cache: layer  55: dev = CUDA0
llama_kv_cache: layer  56: filtered
llama_kv_cache: layer  57: filtered
llama_kv_cache: layer  58: filtered
llama_kv_cache: layer  59: dev = CUDA0
llama_kv_cache: layer  60: filtered
llama_kv_cache: layer  61: filtered
llama_kv_cache: layer  62: filtered
llama_kv_cache: layer  63: dev = CUDA0
llama_kv_cache: layer  64: filtered
llama_kv_cache:      CUDA0 KV buffer size =   400.00 MiB
llama_kv_cache: size =  400.00 MiB (  6400 cells,  16 layers,  1/1 seqs), K (f16):  200.00 MiB, V (f16):  200.00 MiB
llama_kv_cache: attn_rot_k = 0, n_embd_head_k_all = 256
llama_kv_cache: attn_rot_v = 0, n_embd_head_k_all = 256
llama_memory_recurrent, layer   0: dev = CUDA0
llama_memory_recurrent, layer   1: dev = CUDA0
llama_memory_recurrent, layer   2: dev = CUDA0
llama_memory_recurrent: layer   3: skipped
llama_memory_recurrent, layer   4: dev = CUDA0
llama_memory_recurrent, layer   5: dev = CUDA0
llama_memory_recurrent, layer   6: dev = CUDA0
llama_memory_recurrent: layer   7: skipped
llama_memory_recurrent, layer   8: dev = CUDA0
llama_memory_recurrent, layer   9: dev = CUDA0
llama_memory_recurrent, layer  10: dev = CUDA0
llama_memory_recurrent: layer  11: skipped
llama_memory_recurrent, layer  12: dev = CUDA0
llama_memory_recurrent, layer  13: dev = CUDA0
llama_memory_recurrent, layer  14: dev = CUDA0
llama_memory_recurrent: layer  15: skipped
llama_memory_recurrent, layer  16: dev = CUDA0
llama_memory_recurrent, layer  17: dev = CUDA0
llama_memory_recurrent, layer  18: dev = CUDA0
llama_memory_recurrent: layer  19: skipped
llama_memory_recurrent, layer  20: dev = CUDA0
llama_memory_recurrent, layer  21: dev = CUDA0
llama_memory_recurrent, layer  22: dev = CUDA0
llama_memory_recurrent: layer  23: skipped
llama_memory_recurrent, layer  24: dev = CUDA0
llama_memory_recurrent, layer  25: dev = CUDA0
llama_memory_recurrent, layer  26: dev = CUDA0
llama_memory_recurrent: layer  27: skipped
llama_memory_recurrent, layer  28: dev = CUDA0
llama_memory_recurrent, layer  29: dev = CUDA0
llama_memory_recurrent, layer  30: dev = CUDA0
llama_memory_recurrent: layer  31: skipped
llama_memory_recurrent, layer  32: dev = CUDA0
llama_memory_recurrent, layer  33: dev = CUDA0
llama_memory_recurrent, layer  34: dev = CUDA0
llama_memory_recurrent: layer  35: skipped
llama_memory_recurrent, layer  36: dev = CUDA0
llama_memory_recurrent, layer  37: dev = CUDA0
llama_memory_recurrent, layer  38: dev = CUDA0
llama_memory_recurrent: layer  39: skipped
llama_memory_recurrent, layer  40: dev = CUDA0
llama_memory_recurrent, layer  41: dev = CUDA0
llama_memory_recurrent, layer  42: dev = CUDA0
llama_memory_recurrent: layer  43: skipped
llama_memory_recurrent, layer  44: dev = CUDA0
llama_memory_recurrent, layer  45: dev = CUDA0
llama_memory_recurrent, layer  46: dev = CUDA0
llama_memory_recurrent: layer  47: skipped
llama_memory_recurrent, layer  48: dev = CUDA0
llama_memory_recurrent, layer  49: dev = CUDA0
llama_memory_recurrent, layer  50: dev = CUDA0
llama_memory_recurrent: layer  51: skipped
llama_memory_recurrent, layer  52: dev = CUDA0
llama_memory_recurrent, layer  53: dev = CUDA0
llama_memory_recurrent, layer  54: dev = CUDA0
llama_memory_recurrent: layer  55: skipped
llama_memory_recurrent, layer  56: dev = CUDA0
llama_memory_recurrent, layer  57: dev = CUDA0
llama_memory_recurrent, layer  58: dev = CUDA0
llama_memory_recurrent: layer  59: skipped
llama_memory_recurrent, layer  60: dev = CUDA0
llama_memory_recurrent, layer  61: dev = CUDA0
llama_memory_recurrent, layer  62: dev = CUDA0
llama_memory_recurrent: layer  63: skipped
llama_memory_recurrent:      CUDA0 RS buffer size =   149.62 MiB
llama_memory_recurrent: size =  149.62 MiB (     1 cells,  64 layers,  1 seqs  0 rs_seq), R (f32):    5.62 MiB, S (f32):  144.00 MiB
llama_context: enumerating backends
llama_context: backend_ptrs.size() = 3
llama_context: pipeline parallelism enabled
sched_reserve: reserving ...
sched_reserve: max_nodes = 27712
sched_reserve: reserving full memory module
sched_reserve: worst-case: n_tokens = 256, n_seqs = 1, n_outputs = 1
sched_reserve: resolving fused Gated Delta Net support:
graph_reserve: reserving a graph for ubatch with n_tokens =    1, n_seqs =  1, n_outputs =    1
sched_reserve: fused Gated Delta Net (autoregressive) enabled
graph_reserve: reserving a graph for ubatch with n_tokens =   16, n_seqs =  1, n_outputs =   16
sched_reserve: fused Gated Delta Net (chunked) enabled
graph_reserve: reserving a graph for ubatch with n_tokens =  256, n_seqs =  1, n_outputs =  256
graph_reserve: reserving a graph for ubatch with n_tokens =    1, n_seqs =  1, n_outputs =    1
graph_reserve: reserving a graph for ubatch with n_tokens =  256, n_seqs =  1, n_outputs =  256
sched_reserve:      CUDA0 compute buffer size =   305.53 MiB
sched_reserve:  CUDA_Host compute buffer size =    43.03 MiB
sched_reserve: graph nodes  = 3735
sched_reserve: graph splits = 2
sched_reserve: reserve took 19.77 ms, sched copies = 4
[exp8022] phase=8033_after_context_create elapsed_s=0.024 completed=0 pending=0
[exp8022] phase=8033_before_eval elapsed_s=0.025 completed=0 pending=1568
[exp8022] phase=8033_after_eval elapsed_s=1.984 completed=1568 pending=0
[exp8022] phase=8033_before_context_close elapsed_s=2.073 completed=0 pending=0
~llama_context:      CUDA0 compute buffer size is 305.5278 MiB, matches expectation of 305.5278 MiB
~llama_context:      CUDA1 compute buffer size is   0.0000 MiB, matches expectation of   0.0000 MiB
~llama_context:  CUDA_Host compute buffer size is  43.0313 MiB, matches expectation of  43.0313 MiB
[exp8022] phase=8033_after_context_close elapsed_s=2.461 completed=0 pending=0
[exp8059] phase=after_teacher_forcing elapsed_s=106.337 completed=17 pending=367
[exp8059] phase=before_teacher_forcing elapsed_s=106.346 completed=17 pending=367
[exp8022] phase=8033_before_context_create elapsed_s=0.000 completed=0 pending=0
llama_context: constructing llama_context
llama_context: n_seq_max     = 1
llama_context: n_ctx         = 6400
llama_context: n_ctx_seq     = 6400
llama_context: n_batch       = 256
llama_context: n_ubatch      = 256
llama_context: causal_attn   = 1
llama_context: flash_attn    = disabled
llama_context: kv_unified    = false
llama_context: freq_base     = 10000000.0
llama_context: freq_scale    = 1
llama_context: n_rs_seq      = 0
llama_context: n_outputs_max = 256
llama_context: n_ctx_seq (6400) < n_ctx_train (262144) -- the full capacity of the model will not be utilized
set_abort_callback: call
llama_context:  CUDA_Host  output buffer size =     0.95 MiB
llama_kv_cache: layer   0: filtered
llama_kv_cache: layer   1: filtered
llama_kv_cache: layer   2: filtered
llama_kv_cache: layer   3: dev = CUDA0
llama_kv_cache: layer   4: filtered
llama_kv_cache: layer   5: filtered
llama_kv_cache: layer   6: filtered
llama_kv_cache: layer   7: dev = CUDA0
llama_kv_cache: layer   8: filtered
llama_kv_cache: layer   9: filtered
llama_kv_cache: layer  10: filtered
llama_kv_cache: layer  11: dev = CUDA0
llama_kv_cache: layer  12: filtered
llama_kv_cache: layer  13: filtered
llama_kv_cache: layer  14: filtered
llama_kv_cache: layer  15: dev = CUDA0
llama_kv_cache: layer  16: filtered
llama_kv_cache: layer  17: filtered
llama_kv_cache: layer  18: filtered
llama_kv_cache: layer  19: dev = CUDA0
llama_kv_cache: layer  20: filtered
llama_kv_cache: layer  21: filtered
llama_kv_cache: layer  22: filtered
llama_kv_cache: layer  23: dev = CUDA0
llama_kv_cache: layer  24: filtered
llama_kv_cache: layer  25: filtered
llama_kv_cache: layer  26: filtered
llama_kv_cache: layer  27: dev = CUDA0
llama_kv_cache: layer  28: filtered
llama_kv_cache: layer  29: filtered
llama_kv_cache: layer  30: filtered
llama_kv_cache: layer  31: dev = CUDA0
llama_kv_cache: layer  32: filtered
llama_kv_cache: layer  33: filtered
llama_kv_cache: layer  34: filtered
llama_kv_cache: layer  35: dev = CUDA0
llama_kv_cache: layer  36: filtered
llama_kv_cache: layer  37: filtered
llama_kv_cache: layer  38: filtered
llama_kv_cache: layer  39: dev = CUDA0
llama_kv_cache: layer  40: filtered
llama_kv_cache: layer  41: filtered
llama_kv_cache: layer  42: filtered
llama_kv_cache: layer  43: dev = CUDA0
llama_kv_cache: layer  44: filtered
llama_kv_cache: layer  45: filtered
llama_kv_cache: layer  46: filtered
llama_kv_cache: layer  47: dev = CUDA0
llama_kv_cache: layer  48: filtered
llama_kv_cache: layer  49: filtered
llama_kv_cache: layer  50: filtered
llama_kv_cache: layer  51: dev = CUDA0
llama_kv_cache: layer  52: filtered
llama_kv_cache: layer  53: filtered
llama_kv_cache: layer  54: filtered
llama_kv_cache: layer  55: dev = CUDA0
llama_kv_cache: layer  56: filtered
llama_kv_cache: layer  57: filtered
llama_kv_cache: layer  58: filtered
llama_kv_cache: layer  59: dev = CUDA0
llama_kv_cache: layer  60: filtered
llama_kv_cache: layer  61: filtered
llama_kv_cache: layer  62: filtered
llama_kv_cache: layer  63: dev = CUDA0
llama_kv_cache: layer  64: filtered
llama_kv_cache:      CUDA0 KV buffer size =   400.00 MiB
llama_kv_cache: size =  400.00 MiB (  6400 cells,  16 layers,  1/1 seqs), K (f16):  200.00 MiB, V (f16):  200.00 MiB
llama_kv_cache: attn_rot_k = 0, n_embd_head_k_all = 256
llama_kv_cache: attn_rot_v = 0, n_embd_head_k_all = 256
llama_memory_recurrent, layer   0: dev = CUDA0
llama_memory_recurrent, layer   1: dev = CUDA0
llama_memory_recurrent, layer   2: dev = CUDA0
llama_memory_recurrent: layer   3: skipped
llama_memory_recurrent, layer   4: dev = CUDA0
llama_memory_recurrent, layer   5: dev = CUDA0
llama_memory_recurrent, layer   6: dev = CUDA0
llama_memory_recurrent: layer   7: skipped
llama_memory_recurrent, layer   8: dev = CUDA0
llama_memory_recurrent, layer   9: dev = CUDA0
llama_memory_recurrent, layer  10: dev = CUDA0
llama_memory_recurrent: layer  11: skipped
llama_memory_recurrent, layer  12: dev = CUDA0
llama_memory_recurrent, layer  13: dev = CUDA0
llama_memory_recurrent, layer  14: dev = CUDA0
llama_memory_recurrent: layer  15: skipped
llama_memory_recurrent, layer  16: dev = CUDA0
llama_memory_recurrent, layer  17: dev = CUDA0
llama_memory_recurrent, layer  18: dev = CUDA0
llama_memory_recurrent: layer  19: skipped
llama_memory_recurrent, layer  20: dev = CUDA0
llama_memory_recurrent, layer  21: dev = CUDA0
llama_memory_recurrent, layer  22: dev = CUDA0
llama_memory_recurrent: layer  23: skipped
llama_memory_recurrent, layer  24: dev = CUDA0
llama_memory_recurrent, layer  25: dev = CUDA0
llama_memory_recurrent, layer  26: dev = CUDA0
llama_memory_recurrent: layer  27: skipped
llama_memory_recurrent, layer  28: dev = CUDA0
llama_memory_recurrent, layer  29: dev = CUDA0
llama_memory_recurrent, layer  30: dev = CUDA0
llama_memory_recurrent: layer  31: skipped
llama_memory_recurrent, layer  32: dev = CUDA0
llama_memory_recurrent, layer  33: dev = CUDA0
llama_memory_recurrent, layer  34: dev = CUDA0
llama_memory_recurrent: layer  35: skipped
llama_memory_recurrent, layer  36: dev = CUDA0
llama_memory_recurrent, layer  37: dev = CUDA0
llama_memory_recurrent, layer  38: dev = CUDA0
llama_memory_recurrent: layer  39: skipped
llama_memory_recurrent, layer  40: dev = CUDA0
llama_memory_recurrent, layer  41: dev = CUDA0
llama_memory_recurrent, layer  42: dev = CUDA0
llama_memory_recurrent: layer  43: skipped
llama_memory_recurrent, layer  44: dev = CUDA0
llama_memory_recurrent, layer  45: dev = CUDA0
llama_memory_recurrent, layer  46: dev = CUDA0
llama_memory_recurrent: layer  47: skipped
llama_memory_recurrent, layer  48: dev = CUDA0
llama_memory_recurrent, layer  49: dev = CUDA0
llama_memory_recurrent, layer  50: dev = CUDA0
llama_memory_recurrent: layer  51: skipped
llama_memory_recurrent, layer  52: dev = CUDA0
llama_memory_recurrent, layer  53: dev = CUDA0
llama_memory_recurrent, layer  54: dev = CUDA0
llama_memory_recurrent: layer  55: skipped
llama_memory_recurrent, layer  56: dev = CUDA0
llama_memory_recurrent, layer  57: dev = CUDA0
llama_memory_recurrent, layer  58: dev = CUDA0
llama_memory_recurrent: layer  59: skipped
llama_memory_recurrent, layer  60: dev = CUDA0
llama_memory_recurrent, layer  61: dev = CUDA0
llama_memory_recurrent, layer  62: dev = CUDA0
llama_memory_recurrent: layer  63: skipped
llama_memory_recurrent:      CUDA0 RS buffer size =   149.62 MiB
llama_memory_recurrent: size =  149.62 MiB (     1 cells,  64 layers,  1 seqs  0 rs_seq), R (f32):    5.62 MiB, S (f32):  144.00 MiB
llama_context: enumerating backends
llama_context: backend_ptrs.size() = 3
llama_context: pipeline parallelism enabled
sched_reserve: reserving ...
sched_reserve: max_nodes = 27712
sched_reserve: reserving full memory module
sched_reserve: worst-case: n_tokens = 256, n_seqs = 1, n_outputs = 1
sched_reserve: resolving fused Gated Delta Net support:
graph_reserve: reserving a graph for ubatch with n_tokens =    1, n_seqs =  1, n_outputs =    1
sched_reserve: fused Gated Delta Net (autoregressive) enabled
graph_reserve: reserving a graph for ubatch with n_tokens =   16, n_seqs =  1, n_outputs =   16
sched_reserve: fused Gated Delta Net (chunked) enabled
graph_reserve: reserving a graph for ubatch with n_tokens =  256, n_seqs =  1, n_outputs =  256
graph_reserve: reserving a graph for ubatch with n_tokens =    1, n_seqs =  1, n_outputs =    1
graph_reserve: reserving a graph for ubatch with n_tokens =  256, n_seqs =  1, n_outputs =  256
sched_reserve:      CUDA0 compute buffer size =   305.53 MiB
sched_reserve:  CUDA_Host compute buffer size =    43.03 MiB
sched_reserve: graph nodes  = 3735
sched_reserve: graph splits = 2
sched_reserve: reserve took 23.89 ms, sched copies = 4
[exp8022] phase=8033_after_context_create elapsed_s=0.027 completed=0 pending=0
[exp8022] phase=8033_before_eval elapsed_s=0.028 completed=0 pending=192
[exp8022] phase=8033_after_eval elapsed_s=0.308 completed=192 pending=0
[exp8022] phase=8033_before_context_close elapsed_s=0.398 completed=0 pending=0
~llama_context:      CUDA0 compute buffer size is 305.5278 MiB, matches expectation of 305.5278 MiB
~llama_context:      CUDA1 compute buffer size is   0.0000 MiB, matches expectation of   0.0000 MiB
~llama_context:  CUDA_Host compute buffer size is  43.0313 MiB, matches expectation of  43.0313 MiB
[exp8022] phase=8033_after_context_close elapsed_s=0.710 completed=0 pending=0
[exp8059] phase=after_teacher_forcing elapsed_s=107.057 completed=18 pending=366
[exp8059] phase=before_teacher_forcing elapsed_s=107.063 completed=18 pending=366
[exp8022] phase=8033_before_context_create elapsed_s=0.000 completed=0 pending=0
llama_context: constructing llama_context
llama_context: n_seq_max     = 1
llama_context: n_ctx         = 6400
llama_context: n_ctx_seq     = 6400
llama_context: n_batch       = 256
llama_context: n_ubatch      = 256
llama_context: causal_attn   = 1
llama_context: flash_attn    = disabled
llama_context: kv_unified    = false
llama_context: freq_base     = 10000000.0
llama_context: freq_scale    = 1
llama_context: n_rs_seq      = 0
llama_context: n_outputs_max = 256
llama_context: n_ctx_seq (6400) < n_ctx_train (262144) -- the full capacity of the model will not be utilized
set_abort_callback: call
llama_context:  CUDA_Host  output buffer size =     0.95 MiB
llama_kv_cache: layer   0: filtered
llama_kv_cache: layer   1: filtered
llama_kv_cache: layer   2: filtered
llama_kv_cache: layer   3: dev = CUDA0
llama_kv_cache: layer   4: filtered
llama_kv_cache: layer   5: filtered
llama_kv_cache: layer   6: filtered
llama_kv_cache: layer   7: dev = CUDA0
llama_kv_cache: layer   8: filtered
llama_kv_cache: layer   9: filtered
llama_kv_cache: layer  10: filtered
llama_kv_cache: layer  11: dev = CUDA0
llama_kv_cache: layer  12: filtered
llama_kv_cache: layer  13: filtered
llama_kv_cache: layer  14: filtered
llama_kv_cache: layer  15: dev = CUDA0
llama_kv_cache: layer  16: filtered
llama_kv_cache: layer  17: filtered
llama_kv_cache: layer  18: filtered
llama_kv_cache: layer  19: dev = CUDA0
llama_kv_cache: layer  20: filtered
llama_kv_cache: layer  21: filtered
llama_kv_cache: layer  22: filtered
llama_kv_cache: layer  23: dev = CUDA0
llama_kv_cache: layer  24: filtered
llama_kv_cache: layer  25: filtered
llama_kv_cache: layer  26: filtered
llama_kv_cache: layer  27: dev = CUDA0
llama_kv_cache: layer  28: filtered
llama_kv_cache: layer  29: filtered
llama_kv_cache: layer  30: filtered
llama_kv_cache: layer  31: dev = CUDA0
llama_kv_cache: layer  32: filtered
llama_kv_cache: layer  33: filtered
llama_kv_cache: layer  34: filtered
llama_kv_cache: layer  35: dev = CUDA0
llama_kv_cache: layer  36: filtered
llama_kv_cache: layer  37: filtered
llama_kv_cache: layer  38: filtered
llama_kv_cache: layer  39: dev = CUDA0
llama_kv_cache: layer  40: filtered
llama_kv_cache: layer  41: filtered
llama_kv_cache: layer  42: filtered
llama_kv_cache: layer  43: dev = CUDA0
llama_kv_cache: layer  44: filtered
llama_kv_cache: layer  45: filtered
llama_kv_cache: layer  46: filtered
llama_kv_cache: layer  47: dev = CUDA0
llama_kv_cache: layer  48: filtered
llama_kv_cache: layer  49: filtered
llama_kv_cache: layer  50: filtered
llama_kv_cache: layer  51: dev = CUDA0
llama_kv_cache: layer  52: filtered
llama_kv_cache: layer  53: filtered
llama_kv_cache: layer  54: filtered
llama_kv_cache: layer  55: dev = CUDA0
llama_kv_cache: layer  56: filtered
llama_kv_cache: layer  57: filtered
llama_kv_cache: layer  58: filtered
llama_kv_cache: layer  59: dev = CUDA0
llama_kv_cache: layer  60: filtered
llama_kv_cache: layer  61: filtered
llama_kv_cache: layer  62: filtered
llama_kv_cache: layer  63: dev = CUDA0
llama_kv_cache: layer  64: filtered
llama_kv_cache:      CUDA0 KV buffer size =   400.00 MiB
llama_kv_cache: size =  400.00 MiB (  6400 cells,  16 layers,  1/1 seqs), K (f16):  200.00 MiB, V (f16):  200.00 MiB
llama_kv_cache: attn_rot_k = 0, n_embd_head_k_all = 256
llama_kv_cache: attn_rot_v = 0, n_embd_head_k_all = 256
llama_memory_recurrent, layer   0: dev = CUDA0
llama_memory_recurrent, layer   1: dev = CUDA0
llama_memory_recurrent, layer   2: dev = CUDA0
llama_memory_recurrent: layer   3: skipped
llama_memory_recurrent, layer   4: dev = CUDA0
llama_memory_recurrent, layer   5: dev = CUDA0
llama_memory_recurrent, layer   6: dev = CUDA0
llama_memory_recurrent: layer   7: skipped
llama_memory_recurrent, layer   8: dev = CUDA0
llama_memory_recurrent, layer   9: dev = CUDA0
llama_memory_recurrent, layer  10: dev = CUDA0
llama_memory_recurrent: layer  11: skipped
llama_memory_recurrent, layer  12: dev = CUDA0
llama_memory_recurrent, layer  13: dev = CUDA0
llama_memory_recurrent, layer  14: dev = CUDA0
llama_memory_recurrent: layer  15: skipped
llama_memory_recurrent, layer  16: dev = CUDA0
llama_memory_recurrent, layer  17: dev = CUDA0
llama_memory_recurrent, layer  18: dev = CUDA0
llama_memory_recurrent: layer  19: skipped
llama_memory_recurrent, layer  20: dev = CUDA0
llama_memory_recurrent, layer  21: dev = CUDA0
llama_memory_recurrent, layer  22: dev = CUDA0
llama_memory_recurrent: layer  23: skipped
llama_memory_recurrent, layer  24: dev = CUDA0
llama_memory_recurrent, layer  25: dev = CUDA0
llama_memory_recurrent, layer  26: dev = CUDA0
llama_memory_recurrent: layer  27: skipped
llama_memory_recurrent, layer  28: dev = CUDA0
llama_memory_recurrent, layer  29: dev = CUDA0
llama_memory_recurrent, layer  30: dev = CUDA0
llama_memory_recurrent: layer  31: skipped
llama_memory_recurrent, layer  32: dev = CUDA0
llama_memory_recurrent, layer  33: dev = CUDA0
llama_memory_recurrent, layer  34: dev = CUDA0
llama_memory_recurrent: layer  35: skipped
llama_memory_recurrent, layer  36: dev = CUDA0
llama_memory_recurrent, layer  37: dev = CUDA0
llama_memory_recurrent, layer  38: dev = CUDA0
llama_memory_recurrent: layer  39: skipped
llama_memory_recurrent, layer  40: dev = CUDA0
llama_memory_recurrent, layer  41: dev = CUDA0
llama_memory_recurrent, layer  42: dev = CUDA0
llama_memory_recurrent: layer  43: skipped
llama_memory_recurrent, layer  44: dev = CUDA0
llama_memory_recurrent, layer  45: dev = CUDA0
llama_memory_recurrent, layer  46: dev = CUDA0
llama_memory_recurrent: layer  47: skipped
llama_memory_recurrent, layer  48: dev = CUDA0
llama_memory_recurrent, layer  49: dev = CUDA0
llama_memory_recurrent, layer  50: dev = CUDA0
llama_memory_recurrent: layer  51: skipped
llama_memory_recurrent, layer  52: dev = CUDA0
llama_memory_recurrent, layer  53: dev = CUDA0
llama_memory_recurrent, layer  54: dev = CUDA0
llama_memory_recurrent: layer  55: skipped
llama_memory_recurrent, layer  56: dev = CUDA0
llama_memory_recurrent, layer  57: dev = CUDA0
llama_memory_recurrent, layer  58: dev = CUDA0
llama_memory_recurrent: layer  59: skipped
llama_memory_recurrent, layer  60: dev = CUDA0
llama_memory_recurrent, layer  61: dev = CUDA0
llama_memory_recurrent, layer  62: dev = CUDA0
llama_memory_recurrent: layer  63: skipped
llama_memory_recurrent:      CUDA0 RS buffer size =   149.62 MiB
llama_memory_recurrent: size =  149.62 MiB (     1 cells,  64 layers,  1 seqs  0 rs_seq), R (f32):    5.62 MiB, S (f32):  144.00 MiB
llama_context: enumerating backends
llama_context: backend_ptrs.size() = 3
llama_context: pipeline parallelism enabled
sched_reserve: reserving ...
sched_reserve: max_nodes = 27712
sched_reserve: reserving full memory module
sched_reserve: worst-case: n_tokens = 256, n_seqs = 1, n_outputs = 1
sched_reserve: resolving fused Gated Delta Net support:
graph_reserve: reserving a graph for ubatch with n_tokens =    1, n_seqs =  1, n_outputs =    1
sched_reserve: fused Gated Delta Net (autoregressive) enabled
graph_reserve: reserving a graph for ubatch with n_tokens =   16, n_seqs =  1, n_outputs =   16
sched_reserve: fused Gated Delta Net (chunked) enabled
graph_reserve: reserving a graph for ubatch with n_tokens =  256, n_seqs =  1, n_outputs =  256
graph_reserve: reserving a graph for ubatch with n_tokens =    1, n_seqs =  1, n_outputs =    1
graph_reserve: reserving a graph for ubatch with n_tokens =  256, n_seqs =  1, n_outputs =  256
sched_reserve:      CUDA0 compute buffer size =   305.53 MiB
sched_reserve:  CUDA_Host compute buffer size =    43.03 MiB
sched_reserve: graph nodes  = 3735
sched_reserve: graph splits = 2
sched_reserve: reserve took 17.01 ms, sched copies = 4
[exp8022] phase=8033_after_context_create elapsed_s=0.021 completed=0 pending=0
[exp8022] phase=8033_before_eval elapsed_s=0.022 completed=0 pending=731
[exp8022] phase=8033_after_eval elapsed_s=0.940 completed=731 pending=0
[exp8022] phase=8033_before_context_close elapsed_s=1.015 completed=0 pending=0
~llama_context:      CUDA0 compute buffer size is 305.5278 MiB, matches expectation of 305.5278 MiB
~llama_context:      CUDA1 compute buffer size is   0.0000 MiB, matches expectation of   0.0000 MiB
~llama_context:  CUDA_Host compute buffer size is  43.0313 MiB, matches expectation of  43.0313 MiB
[exp8022] phase=8033_after_context_close elapsed_s=1.496 completed=0 pending=0
[exp8059] phase=after_teacher_forcing elapsed_s=108.560 completed=19 pending=365
[exp8059] phase=before_teacher_forcing elapsed_s=108.568 completed=19 pending=365
[exp8022] phase=8033_before_context_create elapsed_s=0.000 completed=0 pending=0
llama_context: constructing llama_context
llama_context: n_seq_max     = 1
llama_context: n_ctx         = 6400
llama_context: n_ctx_seq     = 6400
llama_context: n_batch       = 256
llama_context: n_ubatch      = 256
llama_context: causal_attn   = 1
llama_context: flash_attn    = disabled
llama_context: kv_unified    = false
llama_context: freq_base     = 10000000.0
llama_context: freq_scale    = 1
llama_context: n_rs_seq      = 0
llama_context: n_outputs_max = 256
llama_context: n_ctx_seq (6400) < n_ctx_train (262144) -- the full capacity of the model will not be utilized
set_abort_callback: call
llama_context:  CUDA_Host  output buffer size =     0.95 MiB
llama_kv_cache: layer   0: filtered
llama_kv_cache: layer   1: filtered
llama_kv_cache: layer   2: filtered
llama_kv_cache: layer   3: dev = CUDA0
llama_kv_cache: layer   4: filtered
llama_kv_cache: layer   5: filtered
llama_kv_cache: layer   6: filtered
llama_kv_cache: layer   7: dev = CUDA0
llama_kv_cache: layer   8: filtered
llama_kv_cache: layer   9: filtered
llama_kv_cache: layer  10: filtered
llama_kv_cache: layer  11: dev = CUDA0
llama_kv_cache: layer  12: filtered
llama_kv_cache: layer  13: filtered
llama_kv_cache: layer  14: filtered
llama_kv_cache: layer  15: dev = CUDA0
llama_kv_cache: layer  16: filtered
llama_kv_cache: layer  17: filtered
llama_kv_cache: layer  18: filtered
llama_kv_cache: layer  19: dev = CUDA0
llama_kv_cache: layer  20: filtered
llama_kv_cache: layer  21: filtered
llama_kv_cache: layer  22: filtered
llama_kv_cache: layer  23: dev = CUDA0
llama_kv_cache: layer  24: filtered
llama_kv_cache: layer  25: filtered
llama_kv_cache: layer  26: filtered
llama_kv_cache: layer  27: dev = CUDA0
llama_kv_cache: layer  28: filtered
llama_kv_cache: layer  29: filtered
llama_kv_cache: layer  30: filtered
llama_kv_cache: layer  31: dev = CUDA0
llama_kv_cache: layer  32: filtered
llama_kv_cache: layer  33: filtered
llama_kv_cache: layer  34: filtered
llama_kv_cache: layer  35: dev = CUDA0
llama_kv_cache: layer  36: filtered
llama_kv_cache: layer  37: filtered
llama_kv_cache: layer  38: filtered
llama_kv_cache: layer  39: dev = CUDA0
llama_kv_cache: layer  40: filtered
llama_kv_cache: layer  41: filtered
llama_kv_cache: layer  42: filtered
llama_kv_cache: layer  43: dev = CUDA0
llama_kv_cache: layer  44: filtered
llama_kv_cache: layer  45: filtered
llama_kv_cache: layer  46: filtered
llama_kv_cache: layer  47: dev = CUDA0
llama_kv_cache: layer  48: filtered
llama_kv_cache: layer  49: filtered
llama_kv_cache: layer  50: filtered
llama_kv_cache: layer  51: dev = CUDA0
llama_kv_cache: layer  52: filtered
llama_kv_cache: layer  53: filtered
llama_kv_cache: layer  54: filtered
llama_kv_cache: layer  55: dev = CUDA0
llama_kv_cache: layer  56: filtered
llama_kv_cache: layer  57: filtered
llama_kv_cache: layer  58: filtered
llama_kv_cache: layer  59: dev = CUDA0
llama_kv_cache: layer  60: filtered
llama_kv_cache: layer  61: filtered
llama_kv_cache: layer  62: filtered
llama_kv_cache: layer  63: dev = CUDA0
llama_kv_cache: layer  64: filtered
llama_kv_cache:      CUDA0 KV buffer size =   400.00 MiB
llama_kv_cache: size =  400.00 MiB (  6400 cells,  16 layers,  1/1 seqs), K (f16):  200.00 MiB, V (f16):  200.00 MiB
llama_kv_cache: attn_rot_k = 0, n_embd_head_k_all = 256
llama_kv_cache: attn_rot_v = 0, n_embd_head_k_all = 256
llama_memory_recurrent, layer   0: dev = CUDA0
llama_memory_recurrent, layer   1: dev = CUDA0
llama_memory_recurrent, layer   2: dev = CUDA0
llama_memory_recurrent: layer   3: skipped
llama_memory_recurrent, layer   4: dev = CUDA0
llama_memory_recurrent, layer   5: dev = CUDA0
llama_memory_recurrent, layer   6: dev = CUDA0
llama_memory_recurrent: layer   7: skipped
llama_memory_recurrent, layer   8: dev = CUDA0
llama_memory_recurrent, layer   9: dev = CUDA0
llama_memory_recurrent, layer  10: dev = CUDA0
llama_memory_recurrent: layer  11: skipped
llama_memory_recurrent, layer  12: dev = CUDA0
llama_memory_recurrent, layer  13: dev = CUDA0
llama_memory_recurrent, layer  14: dev = CUDA0
llama_memory_recurrent: layer  15: skipped
llama_memory_recurrent, layer  16: dev = CUDA0
llama_memory_recurrent, layer  17: dev = CUDA0
llama_memory_recurrent, layer  18: dev = CUDA0
llama_memory_recurrent: layer  19: skipped
llama_memory_recurrent, layer  20: dev = CUDA0
llama_memory_recurrent, layer  21: dev = CUDA0
llama_memory_recurrent, layer  22: dev = CUDA0
llama_memory_recurrent: layer  23: skipped
llama_memory_recurrent, layer  24: dev = CUDA0
llama_memory_recurrent, layer  25: dev = CUDA0
llama_memory_recurrent, layer  26: dev = CUDA0
llama_memory_recurrent: layer  27: skipped
llama_memory_recurrent, layer  28: dev = CUDA0
llama_memory_recurrent, layer  29: dev = CUDA0
llama_memory_recurrent, layer  30: dev = CUDA0
llama_memory_recurrent: layer  31: skipped
llama_memory_recurrent, layer  32: dev = CUDA0
llama_memory_recurrent, layer  33: dev = CUDA0
llama_memory_recurrent, layer  34: dev = CUDA0
llama_memory_recurrent: layer  35: skipped
llama_memory_recurrent, layer  36: dev = CUDA0
llama_memory_recurrent, layer  37: dev = CUDA0
llama_memory_recurrent, layer  38: dev = CUDA0
llama_memory_recurrent: layer  39: skipped
llama_memory_recurrent, layer  40: dev = CUDA0
llama_memory_recurrent, layer  41: dev = CUDA0
llama_memory_recurrent, layer  42: dev = CUDA0
llama_memory_recurrent: layer  43: skipped
llama_memory_recurrent, layer  44: dev = CUDA0
llama_memory_recurrent, layer  45: dev = CUDA0
llama_memory_recurrent, layer  46: dev = CUDA0
llama_memory_recurrent: layer  47: skipped
llama_memory_recurrent, layer  48: dev = CUDA0
llama_memory_recurrent, layer  49: dev = CUDA0
llama_memory_recurrent, layer  50: dev = CUDA0
llama_memory_recurrent: layer  51: skipped
llama_memory_recurrent, layer  52: dev = CUDA0
llama_memory_recurrent, layer  53: dev = CUDA0
llama_memory_recurrent, layer  54: dev = CUDA0
llama_memory_recurrent: layer  55: skipped
llama_memory_recurrent, layer  56: dev = CUDA0
llama_memory_recurrent, layer  57: dev = CUDA0
llama_memory_recurrent, layer  58: dev = CUDA0
llama_memory_recurrent: layer  59: skipped
llama_memory_recurrent, layer  60: dev = CUDA0
llama_memory_recurrent, layer  61: dev = CUDA0
llama_memory_recurrent, layer  62: dev = CUDA0
llama_memory_recurrent: layer  63: skipped
llama_memory_recurrent:      CUDA0 RS buffer size =   149.62 MiB
llama_memory_recurrent: size =  149.62 MiB (     1 cells,  64 layers,  1 seqs  0 rs_seq), R (f32):    5.62 MiB, S (f32):  144.00 MiB
llama_context: enumerating backends
llama_context: backend_ptrs.size() = 3
llama_context: pipeline parallelism enabled
sched_reserve: reserving ...
sched_reserve: max_nodes = 27712
sched_reserve: reserving full memory module
sched_reserve: worst-case: n_tokens = 256, n_seqs = 1, n_outputs = 1
sched_reserve: resolving fused Gated Delta Net support:
graph_reserve: reserving a graph for ubatch with n_tokens =    1, n_seqs =  1, n_outputs =    1
sched_reserve: fused Gated Delta Net (autoregressive) enabled
graph_reserve: reserving a graph for ubatch with n_tokens =   16, n_seqs =  1, n_outputs =   16
sched_reserve: fused Gated Delta Net (chunked) enabled
graph_reserve: reserving a graph for ubatch with n_tokens =  256, n_seqs =  1, n_outputs =  256
graph_reserve: reserving a graph for ubatch with n_tokens =    1, n_seqs =  1, n_outputs =    1
graph_reserve: reserving a graph for ubatch with n_tokens =  256, n_seqs =  1, n_outputs =  256
sched_reserve:      CUDA0 compute buffer size =   305.53 MiB
sched_reserve:  CUDA_Host compute buffer size =    43.03 MiB
sched_reserve: graph nodes  = 3735
sched_reserve: graph splits = 2
sched_reserve: reserve took 24.21 ms, sched copies = 4
[exp8022] phase=8033_after_context_create elapsed_s=0.028 completed=0 pending=0
[exp8022] phase=8033_before_eval elapsed_s=0.029 completed=0 pending=165
[exp8022] phase=8033_after_eval elapsed_s=0.285 completed=165 pending=0
[exp8022] phase=8033_before_context_close elapsed_s=0.361 completed=0 pending=0
~llama_context:      CUDA0 compute buffer size is 305.5278 MiB, matches expectation of 305.5278 MiB
~llama_context:      CUDA1 compute buffer size is   0.0000 MiB, matches expectation of   0.0000 MiB
~llama_context:  CUDA_Host compute buffer size is  43.0313 MiB, matches expectation of  43.0313 MiB
[exp8022] phase=8033_after_context_close elapsed_s=0.748 completed=0 pending=0
[exp8059] phase=after_teacher_forcing elapsed_s=109.317 completed=20 pending=364
[exp8059] phase=before_teacher_forcing elapsed_s=109.322 completed=20 pending=364
[exp8022] phase=8033_before_context_create elapsed_s=0.000 completed=0 pending=0
llama_context: constructing llama_context
llama_context: n_seq_max     = 1
llama_context: n_ctx         = 6400
llama_context: n_ctx_seq     = 6400
llama_context: n_batch       = 256
llama_context: n_ubatch      = 256
llama_context: causal_attn   = 1
llama_context: flash_attn    = disabled
llama_context: kv_unified    = false
llama_context: freq_base     = 10000000.0
llama_context: freq_scale    = 1
llama_context: n_rs_seq      = 0
llama_context: n_outputs_max = 256
llama_context: n_ctx_seq (6400) < n_ctx_train (262144) -- the full capacity of the model will not be utilized
set_abort_callback: call
llama_context:  CUDA_Host  output buffer size =     0.95 MiB
llama_kv_cache: layer   0: filtered
llama_kv_cache: layer   1: filtered
llama_kv_cache: layer   2: filtered
llama_kv_cache: layer   3: dev = CUDA0
llama_kv_cache: layer   4: filtered
llama_kv_cache: layer   5: filtered
llama_kv_cache: layer   6: filtered
llama_kv_cache: layer   7: dev = CUDA0
llama_kv_cache: layer   8: filtered
llama_kv_cache: layer   9: filtered
llama_kv_cache: layer  10: filtered
llama_kv_cache: layer  11: dev = CUDA0
llama_kv_cache: layer  12: filtered
llama_kv_cache: layer  13: filtered
llama_kv_cache: layer  14: filtered
llama_kv_cache: layer  15: dev = CUDA0
llama_kv_cache: layer  16: filtered
llama_kv_cache: layer  17: filtered
llama_kv_cache: layer  18: filtered
llama_kv_cache: layer  19: dev = CUDA0
llama_kv_cache: layer  20: filtered
llama_kv_cache: layer  21: filtered
llama_kv_cache: layer  22: filtered
llama_kv_cache: layer  23: dev = CUDA0
llama_kv_cache: layer  24: filtered
llama_kv_cache: layer  25: filtered
llama_kv_cache: layer  26: filtered
llama_kv_cache: layer  27: dev = CUDA0
llama_kv_cache: layer  28: filtered
llama_kv_cache: layer  29: filtered
llama_kv_cache: layer  30: filtered
llama_kv_cache: layer  31: dev = CUDA0
llama_kv_cache: layer  32: filtered
llama_kv_cache: layer  33: filtered
llama_kv_cache: layer  34: filtered
llama_kv_cache: layer  35: dev = CUDA0
llama_kv_cache: layer  36: filtered
llama_kv_cache: layer  37: filtered
llama_kv_cache: layer  38: filtered
llama_kv_cache: layer  39: dev = CUDA0
llama_kv_cache: layer  40: filtered
llama_kv_cache: layer  41: filtered
llama_kv_cache: layer  42: filtered
llama_kv_cache: layer  43: dev = CUDA0
llama_kv_cache: layer  44: filtered
llama_kv_cache: layer  45: filtered
llama_kv_cache: layer  46: filtered
llama_kv_cache: layer  47: dev = CUDA0
llama_kv_cache: layer  48: filtered
llama_kv_cache: layer  49: filtered
llama_kv_cache: layer  50: filtered
llama_kv_cache: layer  51: dev = CUDA0
llama_kv_cache: layer  52: filtered
llama_kv_cache: layer  53: filtered
llama_kv_cache: layer  54: filtered
llama_kv_cache: layer  55: dev = CUDA0
llama_kv_cache: layer  56: filtered
llama_kv_cache: layer  57: filtered
llama_kv_cache: layer  58: filtered
llama_kv_cache: layer  59: dev = CUDA0
llama_kv_cache: layer  60: filtered
llama_kv_cache: layer  61: filtered
llama_kv_cache: layer  62: filtered
llama_kv_cache: layer  63: dev = CUDA0
llama_kv_cache: layer  64: filtered
llama_kv_cache:      CUDA0 KV buffer size =   400.00 MiB
llama_kv_cache: size =  400.00 MiB (  6400 cells,  16 layers,  1/1 seqs), K (f16):  200.00 MiB, V (f16):  200.00 MiB
llama_kv_cache: attn_rot_k = 0, n_embd_head_k_all = 256
llama_kv_cache: attn_rot_v = 0, n_embd_head_k_all = 256
llama_memory_recurrent, layer   0: dev = CUDA0
llama_memory_recurrent, layer   1: dev = CUDA0
llama_memory_recurrent, layer   2: dev = CUDA0
llama_memory_recurrent: layer   3: skipped
llama_memory_recurrent, layer   4: dev = CUDA0
llama_memory_recurrent, layer   5: dev = CUDA0
llama_memory_recurrent, layer   6: dev = CUDA0
llama_memory_recurrent: layer   7: skipped
llama_memory_recurrent, layer   8: dev = CUDA0
llama_memory_recurrent, layer   9: dev = CUDA0
llama_memory_recurrent, layer  10: dev = CUDA0
llama_memory_recurrent: layer  11: skipped
llama_memory_recurrent, layer  12: dev = CUDA0
llama_memory_recurrent, layer  13: dev = CUDA0
llama_memory_recurrent, layer  14: dev = CUDA0
llama_memory_recurrent: layer  15: skipped
llama_memory_recurrent, layer  16: dev = CUDA0
llama_memory_recurrent, layer  17: dev = CUDA0
llama_memory_recurrent, layer  18: dev = CUDA0
llama_memory_recurrent: layer  19: skipped
llama_memory_recurrent, layer  20: dev = CUDA0
llama_memory_recurrent, layer  21: dev = CUDA0
llama_memory_recurrent, layer  22: dev = CUDA0
llama_memory_recurrent: layer  23: skipped
llama_memory_recurrent, layer  24: dev = CUDA0
llama_memory_recurrent, layer  25: dev = CUDA0
llama_memory_recurrent, layer  26: dev = CUDA0
llama_memory_recurrent: layer  27: skipped
llama_memory_recurrent, layer  28: dev = CUDA0
llama_memory_recurrent, layer  29: dev = CUDA0
llama_memory_recurrent, layer  30: dev = CUDA0
llama_memory_recurrent: layer  31: skipped
llama_memory_recurrent, layer  32: dev = CUDA0
llama_memory_recurrent, layer  33: dev = CUDA0
llama_memory_recurrent, layer  34: dev = CUDA0
llama_memory_recurrent: layer  35: skipped
llama_memory_recurrent, layer  36: dev = CUDA0
llama_memory_recurrent, layer  37: dev = CUDA0
llama_memory_recurrent, layer  38: dev = CUDA0
llama_memory_recurrent: layer  39: skipped
llama_memory_recurrent, layer  40: dev = CUDA0
llama_memory_recurrent, layer  41: dev = CUDA0
llama_memory_recurrent, layer  42: dev = CUDA0
llama_memory_recurrent: layer  43: skipped
llama_memory_recurrent, layer  44: dev = CUDA0
llama_memory_recurrent, layer  45: dev = CUDA0
llama_memory_recurrent, layer  46: dev = CUDA0
llama_memory_recurrent: layer  47: skipped
llama_memory_recurrent, layer  48: dev = CUDA0
llama_memory_recurrent, layer  49: dev = CUDA0
llama_memory_recurrent, layer  50: dev = CUDA0
llama_memory_recurrent: layer  51: skipped
llama_memory_recurrent, layer  52: dev = CUDA0
llama_memory_recurrent, layer  53: dev = CUDA0
llama_memory_recurrent, layer  54: dev = CUDA0
llama_memory_recurrent: layer  55: skipped
llama_memory_recurrent, layer  56: dev = CUDA0
llama_memory_recurrent, layer  57: dev = CUDA0
llama_memory_recurrent, layer  58: dev = CUDA0
llama_memory_recurrent: layer  59: skipped
llama_memory_recurrent, layer  60: dev = CUDA0
llama_memory_recurrent, layer  61: dev = CUDA0
llama_memory_recurrent, layer  62: dev = CUDA0
llama_memory_recurrent: layer  63: skipped
llama_memory_recurrent:      CUDA0 RS buffer size =   149.62 MiB
llama_memory_recurrent: size =  149.62 MiB (     1 cells,  64 layers,  1 seqs  0 rs_seq), R (f32):    5.62 MiB, S (f32):  144.00 MiB
llama_context: enumerating backends
llama_context: backend_ptrs.size() = 3
llama_context: pipeline parallelism enabled
sched_reserve: reserving ...
sched_reserve: max_nodes = 27712
sched_reserve: reserving full memory module
sched_reserve: worst-case: n_tokens = 256, n_seqs = 1, n_outputs = 1
sched_reserve: resolving fused Gated Delta Net support:
graph_reserve: reserving a graph for ubatch with n_tokens =    1, n_seqs =  1, n_outputs =    1
sched_reserve: fused Gated Delta Net (autoregressive) enabled
graph_reserve: reserving a graph for ubatch with n_tokens =   16, n_seqs =  1, n_outputs =   16
sched_reserve: fused Gated Delta Net (chunked) enabled
graph_reserve: reserving a graph for ubatch with n_tokens =  256, n_seqs =  1, n_outputs =  256
graph_reserve: reserving a graph for ubatch with n_tokens =    1, n_seqs =  1, n_outputs =    1
graph_reserve: reserving a graph for ubatch with n_tokens =  256, n_seqs =  1, n_outputs =  256
sched_reserve:      CUDA0 compute buffer size =   305.53 MiB
sched_reserve:  CUDA_Host compute buffer size =    43.03 MiB
sched_reserve: graph nodes  = 3735
sched_reserve: graph splits = 2
sched_reserve: reserve took 20.22 ms, sched copies = 4
[exp8022] phase=8033_after_context_create elapsed_s=0.025 completed=0 pending=0
[exp8022] phase=8033_before_eval elapsed_s=0.026 completed=0 pending=570
[exp8022] phase=8033_after_eval elapsed_s=0.783 completed=570 pending=0
[exp8022] phase=8033_before_context_close elapsed_s=0.863 completed=0 pending=0
~llama_context:      CUDA0 compute buffer size is 305.5278 MiB, matches expectation of 305.5278 MiB
~llama_context:      CUDA1 compute buffer size is   0.0000 MiB, matches expectation of   0.0000 MiB
~llama_context:  CUDA_Host compute buffer size is  43.0313 MiB, matches expectation of  43.0313 MiB
[exp8022] phase=8033_after_context_close elapsed_s=1.173 completed=0 pending=0
[exp8059] phase=after_teacher_forcing elapsed_s=110.496 completed=21 pending=363
[exp8059] phase=before_teacher_forcing elapsed_s=110.500 completed=21 pending=363
[exp8022] phase=8033_before_context_create elapsed_s=0.000 completed=0 pending=0
llama_context: constructing llama_context
llama_context: n_seq_max     = 1
llama_context: n_ctx         = 6400
llama_context: n_ctx_seq     = 6400
llama_context: n_batch       = 256
llama_context: n_ubatch      = 256
llama_context: causal_attn   = 1
llama_context: flash_attn    = disabled
llama_context: kv_unified    = false
llama_context: freq_base     = 10000000.0
llama_context: freq_scale    = 1
llama_context: n_rs_seq      = 0
llama_context: n_outputs_max = 256
llama_context: n_ctx_seq (6400) < n_ctx_train (262144) -- the full capacity of the model will not be utilized
set_abort_callback: call
llama_context:  CUDA_Host  output buffer size =     0.95 MiB
llama_kv_cache: layer   0: filtered
llama_kv_cache: layer   1: filtered
llama_kv_cache: layer   2: filtered
llama_kv_cache: layer   3: dev = CUDA0
llama_kv_cache: layer   4: filtered
llama_kv_cache: layer   5: filtered
llama_kv_cache: layer   6: filtered
llama_kv_cache: layer   7: dev = CUDA0
llama_kv_cache: layer   8: filtered
llama_kv_cache: layer   9: filtered
llama_kv_cache: layer  10: filtered
llama_kv_cache: layer  11: dev = CUDA0
llama_kv_cache: layer  12: filtered
llama_kv_cache: layer  13: filtered
llama_kv_cache: layer  14: filtered
llama_kv_cache: layer  15: dev = CUDA0
llama_kv_cache: layer  16: filtered
llama_kv_cache: layer  17: filtered
llama_kv_cache: layer  18: filtered
llama_kv_cache: layer  19: dev = CUDA0
llama_kv_cache: layer  20: filtered
llama_kv_cache: layer  21: filtered
llama_kv_cache: layer  22: filtered
llama_kv_cache: layer  23: dev = CUDA0
llama_kv_cache: layer  24: filtered
llama_kv_cache: layer  25: filtered
llama_kv_cache: layer  26: filtered
llama_kv_cache: layer  27: dev = CUDA0
llama_kv_cache: layer  28: filtered
llama_kv_cache: layer  29: filtered
llama_kv_cache: layer  30: filtered
llama_kv_cache: layer  31: dev = CUDA0
llama_kv_cache: layer  32: filtered
llama_kv_cache: layer  33: filtered
llama_kv_cache: layer  34: filtered
llama_kv_cache: layer  35: dev = CUDA0
llama_kv_cache: layer  36: filtered
llama_kv_cache: layer  37: filtered
llama_kv_cache: layer  38: filtered
llama_kv_cache: layer  39: dev = CUDA0
llama_kv_cache: layer  40: filtered
llama_kv_cache: layer  41: filtered
llama_kv_cache: layer  42: filtered
llama_kv_cache: layer  43: dev = CUDA0
llama_kv_cache: layer  44: filtered
llama_kv_cache: layer  45: filtered
llama_kv_cache: layer  46: filtered
llama_kv_cache: layer  47: dev = CUDA0
llama_kv_cache: layer  48: filtered
llama_kv_cache: layer  49: filtered
llama_kv_cache: layer  50: filtered
llama_kv_cache: layer  51: dev = CUDA0
llama_kv_cache: layer  52: filtered
llama_kv_cache: layer  53: filtered
llama_kv_cache: layer  54: filtered
llama_kv_cache: layer  55: dev = CUDA0
llama_kv_cache: layer  56: filtered
llama_kv_cache: layer  57: filtered
llama_kv_cache: layer  58: filtered
llama_kv_cache: layer  59: dev = CUDA0
llama_kv_cache: layer  60: filtered
llama_kv_cache: layer  61: filtered
llama_kv_cache: layer  62: filtered
llama_kv_cache: layer  63: dev = CUDA0
llama_kv_cache: layer  64: filtered
llama_kv_cache:      CUDA0 KV buffer size =   400.00 MiB
llama_kv_cache: size =  400.00 MiB (  6400 cells,  16 layers,  1/1 seqs), K (f16):  200.00 MiB, V (f16):  200.00 MiB
llama_kv_cache: attn_rot_k = 0, n_embd_head_k_all = 256
llama_kv_cache: attn_rot_v = 0, n_embd_head_k_all = 256
llama_memory_recurrent, layer   0: dev = CUDA0
llama_memory_recurrent, layer   1: dev = CUDA0
llama_memory_recurrent, layer   2: dev = CUDA0
llama_memory_recurrent: layer   3: skipped
llama_memory_recurrent, layer   4: dev = CUDA0
llama_memory_recurrent, layer   5: dev = CUDA0
llama_memory_recurrent, layer   6: dev = CUDA0
llama_memory_recurrent: layer   7: skipped
llama_memory_recurrent, layer   8: dev = CUDA0
llama_memory_recurrent, layer   9: dev = CUDA0
llama_memory_recurrent, layer  10: dev = CUDA0
llama_memory_recurrent: layer  11: skipped
llama_memory_recurrent, layer  12: dev = CUDA0
llama_memory_recurrent, layer  13: dev = CUDA0
llama_memory_recurrent, layer  14: dev = CUDA0
llama_memory_recurrent: layer  15: skipped
llama_memory_recurrent, layer  16: dev = CUDA0
llama_memory_recurrent, layer  17: dev = CUDA0
llama_memory_recurrent, layer  18: dev = CUDA0
llama_memory_recurrent: layer  19: skipped
llama_memory_recurrent, layer  20: dev = CUDA0
llama_memory_recurrent, layer  21: dev = CUDA0
llama_memory_recurrent, layer  22: dev = CUDA0
llama_memory_recurrent: layer  23: skipped
llama_memory_recurrent, layer  24: dev = CUDA0
llama_memory_recurrent, layer  25: dev = CUDA0
llama_memory_recurrent, layer  26: dev = CUDA0
llama_memory_recurrent: layer  27: skipped
llama_memory_recurrent, layer  28: dev = CUDA0
llama_memory_recurrent, layer  29: dev = CUDA0
llama_memory_recurrent, layer  30: dev = CUDA0
llama_memory_recurrent: layer  31: skipped
llama_memory_recurrent, layer  32: dev = CUDA0
llama_memory_recurrent, layer  33: dev = CUDA0
llama_memory_recurrent, layer  34: dev = CUDA0
llama_memory_recurrent: layer  35: skipped
llama_memory_recurrent, layer  36: dev = CUDA0
llama_memory_recurrent, layer  37: dev = CUDA0
llama_memory_recurrent, layer  38: dev = CUDA0
llama_memory_recurrent: layer  39: skipped
llama_memory_recurrent, layer  40: dev = CUDA0
llama_memory_recurrent, layer  41: dev = CUDA0
llama_memory_recurrent, layer  42: dev = CUDA0
llama_memory_recurrent: layer  43: skipped
llama_memory_recurrent, layer  44: dev = CUDA0
llama_memory_recurrent, layer  45: dev = CUDA0
llama_memory_recurrent, layer  46: dev = CUDA0
llama_memory_recurrent: layer  47: skipped
llama_memory_recurrent, layer  48: dev = CUDA0
llama_memory_recurrent, layer  49: dev = CUDA0
llama_memory_recurrent, layer  50: dev = CUDA0
llama_memory_recurrent: layer  51: skipped
llama_memory_recurrent, layer  52: dev = CUDA0
llama_memory_recurrent, layer  53: dev = CUDA0
llama_memory_recurrent, layer  54: dev = CUDA0
llama_memory_recurrent: layer  55: skipped
llama_memory_recurrent, layer  56: dev = CUDA0
llama_memory_recurrent, layer  57: dev = CUDA0
llama_memory_recurrent, layer  58: dev = CUDA0
llama_memory_recurrent: layer  59: skipped
llama_memory_recurrent, layer  60: dev = CUDA0
llama_memory_recurrent, layer  61: dev = CUDA0
llama_memory_recurrent, layer  62: dev = CUDA0
llama_memory_recurrent: layer  63: skipped
llama_memory_recurrent:      CUDA0 RS buffer size =   149.62 MiB
llama_memory_recurrent: size =  149.62 MiB (     1 cells,  64 layers,  1 seqs  0 rs_seq), R (f32):    5.62 MiB, S (f32):  144.00 MiB
llama_context: enumerating backends
llama_context: backend_ptrs.size() = 3
llama_context: pipeline parallelism enabled
sched_reserve: reserving ...
sched_reserve: max_nodes = 27712
sched_reserve: reserving full memory module
sched_reserve: worst-case: n_tokens = 256, n_seqs = 1, n_outputs = 1
sched_reserve: resolving fused Gated Delta Net support:
graph_reserve: reserving a graph for ubatch with n_tokens =    1, n_seqs =  1, n_outputs =    1
sched_reserve: fused Gated Delta Net (autoregressive) enabled
graph_reserve: reserving a graph for ubatch with n_tokens =   16, n_seqs =  1, n_outputs =   16
sched_reserve: fused Gated Delta Net (chunked) enabled
graph_reserve: reserving a graph for ubatch with n_tokens =  256, n_seqs =  1, n_outputs =  256
graph_reserve: reserving a graph for ubatch with n_tokens =    1, n_seqs =  1, n_outputs =    1
graph_reserve: reserving a graph for ubatch with n_tokens =  256, n_seqs =  1, n_outputs =  256
sched_reserve:      CUDA0 compute buffer size =   305.53 MiB
sched_reserve:  CUDA_Host compute buffer size =    43.03 MiB
sched_reserve: graph nodes  = 3735
sched_reserve: graph splits = 2
sched_reserve: reserve took 15.74 ms, sched copies = 4
[exp8022] phase=8033_after_context_create elapsed_s=0.021 completed=0 pending=0
[exp8022] phase=8033_before_eval elapsed_s=0.022 completed=0 pending=174
[exp8022] phase=8033_after_eval elapsed_s=0.308 completed=174 pending=0
[exp8022] phase=8033_before_context_close elapsed_s=0.388 completed=0 pending=0
~llama_context:      CUDA0 compute buffer size is 305.5278 MiB, matches expectation of 305.5278 MiB
~llama_context:      CUDA1 compute buffer size is   0.0000 MiB, matches expectation of   0.0000 MiB
~llama_context:  CUDA_Host compute buffer size is  43.0313 MiB, matches expectation of  43.0313 MiB
[exp8022] phase=8033_after_context_close elapsed_s=0.506 completed=0 pending=0
[exp8059] phase=after_teacher_forcing elapsed_s=111.006 completed=22 pending=362
[exp8059] phase=before_teacher_forcing elapsed_s=111.011 completed=22 pending=362
[exp8022] phase=8033_before_context_create elapsed_s=0.000 completed=0 pending=0
llama_context: constructing llama_context
llama_context: n_seq_max     = 1
llama_context: n_ctx         = 6400
llama_context: n_ctx_seq     = 6400
llama_context: n_batch       = 256
llama_context: n_ubatch      = 256
llama_context: causal_attn   = 1
llama_context: flash_attn    = disabled
llama_context: kv_unified    = false
llama_context: freq_base     = 10000000.0
llama_context: freq_scale    = 1
llama_context: n_rs_seq      = 0
llama_context: n_outputs_max = 256
llama_context: n_ctx_seq (6400) < n_ctx_train (262144) -- the full capacity of the model will not be utilized
set_abort_callback: call
llama_context:  CUDA_Host  output buffer size =     0.95 MiB
llama_kv_cache: layer   0: filtered
llama_kv_cache: layer   1: filtered
llama_kv_cache: layer   2: filtered
llama_kv_cache: layer   3: dev = CUDA0
llama_kv_cache: layer   4: filtered
llama_kv_cache: layer   5: filtered
llama_kv_cache: layer   6: filtered
llama_kv_cache: layer   7: dev = CUDA0
llama_kv_cache: layer   8: filtered
llama_kv_cache: layer   9: filtered
llama_kv_cache: layer  10: filtered
llama_kv_cache: layer  11: dev = CUDA0
llama_kv_cache: layer  12: filtered
llama_kv_cache: layer  13: filtered
llama_kv_cache: layer  14: filtered
llama_kv_cache: layer  15: dev = CUDA0
llama_kv_cache: layer  16: filtered
llama_kv_cache: layer  17: filtered
llama_kv_cache: layer  18: filtered
llama_kv_cache: layer  19: dev = CUDA0
llama_kv_cache: layer  20: filtered
llama_kv_cache: layer  21: filtered
llama_kv_cache: layer  22: filtered
llama_kv_cache: layer  23: dev = CUDA0
llama_kv_cache: layer  24: filtered
llama_kv_cache: layer  25: filtered
llama_kv_cache: layer  26: filtered
llama_kv_cache: layer  27: dev = CUDA0
llama_kv_cache: layer  28: filtered
llama_kv_cache: layer  29: filtered
llama_kv_cache: layer  30: filtered
llama_kv_cache: layer  31: dev = CUDA0
llama_kv_cache: layer  32: filtered
llama_kv_cache: layer  33: filtered
llama_kv_cache: layer  34: filtered
llama_kv_cache: layer  35: dev = CUDA0
llama_kv_cache: layer  36: filtered
llama_kv_cache: layer  37: filtered
llama_kv_cache: layer  38: filtered
llama_kv_cache: layer  39: dev = CUDA0
llama_kv_cache: layer  40: filtered
llama_kv_cache: layer  41: filtered
llama_kv_cache: layer  42: filtered
llama_kv_cache: layer  43: dev = CUDA0
llama_kv_cache: layer  44: filtered
llama_kv_cache: layer  45: filtered
llama_kv_cache: layer  46: filtered
llama_kv_cache: layer  47: dev = CUDA0
llama_kv_cache: layer  48: filtered
llama_kv_cache: layer  49: filtered
llama_kv_cache: layer  50: filtered
llama_kv_cache: layer  51: dev = CUDA0
llama_kv_cache: layer  52: filtered
llama_kv_cache: layer  53: filtered
llama_kv_cache: layer  54: filtered
llama_kv_cache: layer  55: dev = CUDA0
llama_kv_cache: layer  56: filtered
llama_kv_cache: layer  57: filtered
llama_kv_cache: layer  58: filtered
llama_kv_cache: layer  59: dev = CUDA0
llama_kv_cache: layer  60: filtered
llama_kv_cache: layer  61: filtered
llama_kv_cache: layer  62: filtered
llama_kv_cache: layer  63: dev = CUDA0
llama_kv_cache: layer  64: filtered
llama_kv_cache:      CUDA0 KV buffer size =   400.00 MiB
llama_kv_cache: size =  400.00 MiB (  6400 cells,  16 layers,  1/1 seqs), K (f16):  200.00 MiB, V (f16):  200.00 MiB
llama_kv_cache: attn_rot_k = 0, n_embd_head_k_all = 256
llama_kv_cache: attn_rot_v = 0, n_embd_head_k_all = 256
llama_memory_recurrent, layer   0: dev = CUDA0
llama_memory_recurrent, layer   1: dev = CUDA0
llama_memory_recurrent, layer   2: dev = CUDA0
llama_memory_recurrent: layer   3: skipped
llama_memory_recurrent, layer   4: dev = CUDA0
llama_memory_recurrent, layer   5: dev = CUDA0
llama_memory_recurrent, layer   6: dev = CUDA0
llama_memory_recurrent: layer   7: skipped
llama_memory_recurrent, layer   8: dev = CUDA0
llama_memory_recurrent, layer   9: dev = CUDA0
llama_memory_recurrent, layer  10: dev = CUDA0
llama_memory_recurrent: layer  11: skipped
llama_memory_recurrent, layer  12: dev = CUDA0
llama_memory_recurrent, layer  13: dev = CUDA0
llama_memory_recurrent, layer  14: dev = CUDA0
llama_memory_recurrent: layer  15: skipped
llama_memory_recurrent, layer  16: dev = CUDA0
llama_memory_recurrent, layer  17: dev = CUDA0
llama_memory_recurrent, layer  18: dev = CUDA0
llama_memory_recurrent: layer  19: skipped
llama_memory_recurrent, layer  20: dev = CUDA0
llama_memory_recurrent, layer  21: dev = CUDA0
llama_memory_recurrent, layer  22: dev = CUDA0
llama_memory_recurrent: layer  23: skipped
llama_memory_recurrent, layer  24: dev = CUDA0
llama_memory_recurrent, layer  25: dev = CUDA0
llama_memory_recurrent, layer  26: dev = CUDA0
llama_memory_recurrent: layer  27: skipped
llama_memory_recurrent, layer  28: dev = CUDA0
llama_memory_recurrent, layer  29: dev = CUDA0
llama_memory_recurrent, layer  30: dev = CUDA0
llama_memory_recurrent: layer  31: skipped
llama_memory_recurrent, layer  32: dev = CUDA0
llama_memory_recurrent, layer  33: dev = CUDA0
llama_memory_recurrent, layer  34: dev = CUDA0
llama_memory_recurrent: layer  35: skipped
llama_memory_recurrent, layer  36: dev = CUDA0
llama_memory_recurrent, layer  37: dev = CUDA0
llama_memory_recurrent, layer  38: dev = CUDA0
llama_memory_recurrent: layer  39: skipped
llama_memory_recurrent, layer  40: dev = CUDA0
llama_memory_recurrent, layer  41: dev = CUDA0
llama_memory_recurrent, layer  42: dev = CUDA0
llama_memory_recurrent: layer  43: skipped
llama_memory_recurrent, layer  44: dev = CUDA0
llama_memory_recurrent, layer  45: dev = CUDA0
llama_memory_recurrent, layer  46: dev = CUDA0
llama_memory_recurrent: layer  47: skipped
llama_memory_recurrent, layer  48: dev = CUDA0
llama_memory_recurrent, layer  49: dev = CUDA0
llama_memory_recurrent, layer  50: dev = CUDA0
llama_memory_recurrent: layer  51: skipped
llama_memory_recurrent, layer  52: dev = CUDA0
llama_memory_recurrent, layer  53: dev = CUDA0
llama_memory_recurrent, layer  54: dev = CUDA0
llama_memory_recurrent: layer  55: skipped
llama_memory_recurrent, layer  56: dev = CUDA0
llama_memory_recurrent, layer  57: dev = CUDA0
llama_memory_recurrent, layer  58: dev = CUDA0
llama_memory_recurrent: layer  59: skipped
llama_memory_recurrent, layer  60: dev = CUDA0
llama_memory_recurrent, layer  61: dev = CUDA0
llama_memory_recurrent, layer  62: dev = CUDA0
llama_memory_recurrent: layer  63: skipped
llama_memory_recurrent:      CUDA0 RS buffer size =   149.62 MiB
llama_memory_recurrent: size =  149.62 MiB (     1 cells,  64 layers,  1 seqs  0 rs_seq), R (f32):    5.62 MiB, S (f32):  144.00 MiB
llama_context: enumerating backends
llama_context: backend_ptrs.size() = 3
llama_context: pipeline parallelism enabled
sched_reserve: reserving ...
sched_reserve: max_nodes = 27712
sched_reserve: reserving full memory module
sched_reserve: worst-case: n_tokens = 256, n_seqs = 1, n_outputs = 1
sched_reserve: resolving fused Gated Delta Net support:
graph_reserve: reserving a graph for ubatch with n_tokens =    1, n_seqs =  1, n_outputs =    1
sched_reserve: fused Gated Delta Net (autoregressive) enabled
graph_reserve: reserving a graph for ubatch with n_tokens =   16, n_seqs =  1, n_outputs =   16
sched_reserve: fused Gated Delta Net (chunked) enabled
graph_reserve: reserving a graph for ubatch with n_tokens =  256, n_seqs =  1, n_outputs =  256
graph_reserve: reserving a graph for ubatch with n_tokens =    1, n_seqs =  1, n_outputs =    1
graph_reserve: reserving a graph for ubatch with n_tokens =  256, n_seqs =  1, n_outputs =  256
sched_reserve:      CUDA0 compute buffer size =   305.53 MiB
sched_reserve:  CUDA_Host compute buffer size =    43.03 MiB
sched_reserve: graph nodes  = 3735
sched_reserve: graph splits = 2
sched_reserve: reserve took 17.15 ms, sched copies = 4
[exp8022] phase=8033_after_context_create elapsed_s=0.022 completed=0 pending=0
[exp8022] phase=8033_before_eval elapsed_s=0.022 completed=0 pending=568
[exp8022] phase=8033_after_eval elapsed_s=0.787 completed=568 pending=0
[exp8022] phase=8033_before_context_close elapsed_s=0.872 completed=0 pending=0
~llama_context:      CUDA0 compute buffer size is 305.5278 MiB, matches expectation of 305.5278 MiB
~llama_context:      CUDA1 compute buffer size is   0.0000 MiB, matches expectation of   0.0000 MiB
~llama_context:  CUDA_Host compute buffer size is  43.0313 MiB, matches expectation of  43.0313 MiB
[exp8022] phase=8033_after_context_close elapsed_s=1.802 completed=0 pending=0
[exp8059] phase=after_teacher_forcing elapsed_s=112.814 completed=23 pending=361
[exp8059] phase=before_teacher_forcing elapsed_s=112.818 completed=23 pending=361
[exp8022] phase=8033_before_context_create elapsed_s=0.000 completed=0 pending=0
llama_context: constructing llama_context
llama_context: n_seq_max     = 1
llama_context: n_ctx         = 6400
llama_context: n_ctx_seq     = 6400
llama_context: n_batch       = 256
llama_context: n_ubatch      = 256
llama_context: causal_attn   = 1
llama_context: flash_attn    = disabled
llama_context: kv_unified    = false
llama_context: freq_base     = 10000000.0
llama_context: freq_scale    = 1
llama_context: n_rs_seq      = 0
llama_context: n_outputs_max = 256
llama_context: n_ctx_seq (6400) < n_ctx_train (262144) -- the full capacity of the model will not be utilized
set_abort_callback: call
llama_context:  CUDA_Host  output buffer size =     0.95 MiB
llama_kv_cache: layer   0: filtered
llama_kv_cache: layer   1: filtered
llama_kv_cache: layer   2: filtered
llama_kv_cache: layer   3: dev = CUDA0
llama_kv_cache: layer   4: filtered
llama_kv_cache: layer   5: filtered
llama_kv_cache: layer   6: filtered
llama_kv_cache: layer   7: dev = CUDA0
llama_kv_cache: layer   8: filtered
llama_kv_cache: layer   9: filtered
llama_kv_cache: layer  10: filtered
llama_kv_cache: layer  11: dev = CUDA0
llama_kv_cache: layer  12: filtered
llama_kv_cache: layer  13: filtered
llama_kv_cache: layer  14: filtered
llama_kv_cache: layer  15: dev = CUDA0
llama_kv_cache: layer  16: filtered
llama_kv_cache: layer  17: filtered
llama_kv_cache: layer  18: filtered
llama_kv_cache: layer  19: dev = CUDA0
llama_kv_cache: layer  20: filtered
llama_kv_cache: layer  21: filtered
llama_kv_cache: layer  22: filtered
llama_kv_cache: layer  23: dev = CUDA0
llama_kv_cache: layer  24: filtered
llama_kv_cache: layer  25: filtered
llama_kv_cache: layer  26: filtered
llama_kv_cache: layer  27: dev = CUDA0
llama_kv_cache: layer  28: filtered
llama_kv_cache: layer  29: filtered
llama_kv_cache: layer  30: filtered
llama_kv_cache: layer  31: dev = CUDA0
llama_kv_cache: layer  32: filtered
llama_kv_cache: layer  33: filtered
llama_kv_cache: layer  34: filtered
llama_kv_cache: layer  35: dev = CUDA0
llama_kv_cache: layer  36: filtered
llama_kv_cache: layer  37: filtered
llama_kv_cache: layer  38: filtered
llama_kv_cache: layer  39: dev = CUDA0
llama_kv_cache: layer  40: filtered
llama_kv_cache: layer  41: filtered
llama_kv_cache: layer  42: filtered
llama_kv_cache: layer  43: dev = CUDA0
llama_kv_cache: layer  44: filtered
llama_kv_cache: layer  45: filtered
llama_kv_cache: layer  46: filtered
llama_kv_cache: layer  47: dev = CUDA0
llama_kv_cache: layer  48: filtered
llama_kv_cache: layer  49: filtered
llama_kv_cache: layer  50: filtered
llama_kv_cache: layer  51: dev = CUDA0
llama_kv_cache: layer  52: filtered
llama_kv_cache: layer  53: filtered
llama_kv_cache: layer  54: filtered
llama_kv_cache: layer  55: dev = CUDA0
llama_kv_cache: layer  56: filtered
llama_kv_cache: layer  57: filtered
llama_kv_cache: layer  58: filtered
llama_kv_cache: layer  59: dev = CUDA0
llama_kv_cache: layer  60: filtered
llama_kv_cache: layer  61: filtered
llama_kv_cache: layer  62: filtered
llama_kv_cache: layer  63: dev = CUDA0
llama_kv_cache: layer  64: filtered
llama_kv_cache:      CUDA0 KV buffer size =   400.00 MiB
llama_kv_cache: size =  400.00 MiB (  6400 cells,  16 layers,  1/1 seqs), K (f16):  200.00 MiB, V (f16):  200.00 MiB
llama_kv_cache: attn_rot_k = 0, n_embd_head_k_all = 256
llama_kv_cache: attn_rot_v = 0, n_embd_head_k_all = 256
llama_memory_recurrent, layer   0: dev = CUDA0
llama_memory_recurrent, layer   1: dev = CUDA0
llama_memory_recurrent, layer   2: dev = CUDA0
llama_memory_recurrent: layer   3: skipped
llama_memory_recurrent, layer   4: dev = CUDA0
llama_memory_recurrent, layer   5: dev = CUDA0
llama_memory_recurrent, layer   6: dev = CUDA0
llama_memory_recurrent: layer   7: skipped
llama_memory_recurrent, layer   8: dev = CUDA0
llama_memory_recurrent, layer   9: dev = CUDA0
llama_memory_recurrent, layer  10: dev = CUDA0
llama_memory_recurrent: layer  11: skipped
llama_memory_recurrent, layer  12: dev = CUDA0
llama_memory_recurrent, layer  13: dev = CUDA0
llama_memory_recurrent, layer  14: dev = CUDA0
llama_memory_recurrent: layer  15: skipped
llama_memory_recurrent, layer  16: dev = CUDA0
llama_memory_recurrent, layer  17: dev = CUDA0
llama_memory_recurrent, layer  18: dev = CUDA0
llama_memory_recurrent: layer  19: skipped
llama_memory_recurrent, layer  20: dev = CUDA0
llama_memory_recurrent, layer  21: dev = CUDA0
llama_memory_recurrent, layer  22: dev = CUDA0
llama_memory_recurrent: layer  23: skipped
llama_memory_recurrent, layer  24: dev = CUDA0
llama_memory_recurrent, layer  25: dev = CUDA0
llama_memory_recurrent, layer  26: dev = CUDA0
llama_memory_recurrent: layer  27: skipped
llama_memory_recurrent, layer  28: dev = CUDA0
llama_memory_recurrent, layer  29: dev = CUDA0
llama_memory_recurrent, layer  30: dev = CUDA0
llama_memory_recurrent: layer  31: skipped
llama_memory_recurrent, layer  32: dev = CUDA0
llama_memory_recurrent, layer  33: dev = CUDA0
llama_memory_recurrent, layer  34: dev = CUDA0
llama_memory_recurrent: layer  35: skipped
llama_memory_recurrent, layer  36: dev = CUDA0
llama_memory_recurrent, layer  37: dev = CUDA0
llama_memory_recurrent, layer  38: dev = CUDA0
llama_memory_recurrent: layer  39: skipped
llama_memory_recurrent, layer  40: dev = CUDA0
llama_memory_recurrent, layer  41: dev = CUDA0
llama_memory_recurrent, layer  42: dev = CUDA0
llama_memory_recurrent: layer  43: skipped
llama_memory_recurrent, layer  44: dev = CUDA0
llama_memory_recurrent, layer  45: dev = CUDA0
llama_memory_recurrent, layer  46: dev = CUDA0
llama_memory_recurrent: layer  47: skipped
llama_memory_recurrent, layer  48: dev = CUDA0
llama_memory_recurrent, layer  49: dev = CUDA0
llama_memory_recurrent, layer  50: dev = CUDA0
llama_memory_recurrent: layer  51: skipped
llama_memory_recurrent, layer  52: dev = CUDA0
llama_memory_recurrent, layer  53: dev = CUDA0
llama_memory_recurrent, layer  54: dev = CUDA0
llama_memory_recurrent: layer  55: skipped
llama_memory_recurrent, layer  56: dev = CUDA0
llama_memory_recurrent, layer  57: dev = CUDA0
llama_memory_recurrent, layer  58: dev = CUDA0
llama_memory_recurrent: layer  59: skipped
llama_memory_recurrent, layer  60: dev = CUDA0
llama_memory_recurrent, layer  61: dev = CUDA0
llama_memory_recurrent, layer  62: dev = CUDA0
llama_memory_recurrent: layer  63: skipped
llama_memory_recurrent:      CUDA0 RS buffer size =   149.62 MiB
llama_memory_recurrent: size =  149.62 MiB (     1 cells,  64 layers,  1 seqs  0 rs_seq), R (f32):    5.62 MiB, S (f32):  144.00 MiB
llama_context: enumerating backends
llama_context: backend_ptrs.size() = 3
llama_context: pipeline parallelism enabled
sched_reserve: reserving ...
sched_reserve: max_nodes = 27712
sched_reserve: reserving full memory module
sched_reserve: worst-case: n_tokens = 256, n_seqs = 1, n_outputs = 1
sched_reserve: resolving fused Gated Delta Net support:
graph_reserve: reserving a graph for ubatch with n_tokens =    1, n_seqs =  1, n_outputs =    1
sched_reserve: fused Gated Delta Net (autoregressive) enabled
graph_reserve: reserving a graph for ubatch with n_tokens =   16, n_seqs =  1, n_outputs =   16
sched_reserve: fused Gated Delta Net (chunked) enabled
graph_reserve: reserving a graph for ubatch with n_tokens =  256, n_seqs =  1, n_outputs =  256
graph_reserve: reserving a graph for ubatch with n_tokens =    1, n_seqs =  1, n_outputs =    1
graph_reserve: reserving a graph for ubatch with n_tokens =  256, n_seqs =  1, n_outputs =  256
sched_reserve:      CUDA0 compute buffer size =   305.53 MiB
sched_reserve:  CUDA_Host compute buffer size =    43.03 MiB
sched_reserve: graph nodes  = 3735
sched_reserve: graph splits = 2
sched_reserve: reserve took 15.52 ms, sched copies = 4
[exp8022] phase=8033_after_context_create elapsed_s=0.020 completed=0 pending=0
[exp8022] phase=8033_before_eval elapsed_s=0.021 completed=0 pending=182
[exp8022] phase=8033_after_eval elapsed_s=0.288 completed=182 pending=0
[exp8022] phase=8033_before_context_close elapsed_s=0.373 completed=0 pending=0
~llama_context:      CUDA0 compute buffer size is 305.5278 MiB, matches expectation of 305.5278 MiB
~llama_context:      CUDA1 compute buffer size is   0.0000 MiB, matches expectation of   0.0000 MiB
~llama_context:  CUDA_Host compute buffer size is  43.0313 MiB, matches expectation of  43.0313 MiB
[exp8022] phase=8033_after_context_close elapsed_s=0.627 completed=0 pending=0
[exp8059] phase=after_teacher_forcing elapsed_s=113.446 completed=24 pending=360
[exp8059] phase=before_teacher_forcing elapsed_s=113.453 completed=24 pending=360
[exp8022] phase=8033_before_context_create elapsed_s=0.000 completed=0 pending=0
llama_context: constructing llama_context
llama_context: n_seq_max     = 1
llama_context: n_ctx         = 6400
llama_context: n_ctx_seq     = 6400
llama_context: n_batch       = 256
llama_context: n_ubatch      = 256
llama_context: causal_attn   = 1
llama_context: flash_attn    = disabled
llama_context: kv_unified    = false
llama_context: freq_base     = 10000000.0
llama_context: freq_scale    = 1
llama_context: n_rs_seq      = 0
llama_context: n_outputs_max = 256
llama_context: n_ctx_seq (6400) < n_ctx_train (262144) -- the full capacity of the model will not be utilized
set_abort_callback: call
llama_context:  CUDA_Host  output buffer size =     0.95 MiB
llama_kv_cache: layer   0: filtered
llama_kv_cache: layer   1: filtered
llama_kv_cache: layer   2: filtered
llama_kv_cache: layer   3: dev = CUDA0
llama_kv_cache: layer   4: filtered
llama_kv_cache: layer   5: filtered
llama_kv_cache: layer   6: filtered
llama_kv_cache: layer   7: dev = CUDA0
llama_kv_cache: layer   8: filtered
llama_kv_cache: layer   9: filtered
llama_kv_cache: layer  10: filtered
llama_kv_cache: layer  11: dev = CUDA0
llama_kv_cache: layer  12: filtered
llama_kv_cache: layer  13: filtered
llama_kv_cache: layer  14: filtered
llama_kv_cache: layer  15: dev = CUDA0
llama_kv_cache: layer  16: filtered
llama_kv_cache: layer  17: filtered
llama_kv_cache: layer  18: filtered
llama_kv_cache: layer  19: dev = CUDA0
llama_kv_cache: layer  20: filtered
llama_kv_cache: layer  21: filtered
llama_kv_cache: layer  22: filtered
llama_kv_cache: layer  23: dev = CUDA0
llama_kv_cache: layer  24: filtered
llama_kv_cache: layer  25: filtered
llama_kv_cache: layer  26: filtered
llama_kv_cache: layer  27: dev = CUDA0
llama_kv_cache: layer  28: filtered
llama_kv_cache: layer  29: filtered
llama_kv_cache: layer  30: filtered
llama_kv_cache: layer  31: dev = CUDA0
llama_kv_cache: layer  32: filtered
llama_kv_cache: layer  33: filtered
llama_kv_cache: layer  34: filtered
llama_kv_cache: layer  35: dev = CUDA0
llama_kv_cache: layer  36: filtered
llama_kv_cache: layer  37: filtered
llama_kv_cache: layer  38: filtered
llama_kv_cache: layer  39: dev = CUDA0
llama_kv_cache: layer  40: filtered
llama_kv_cache: layer  41: filtered
llama_kv_cache: layer  42: filtered
llama_kv_cache: layer  43: dev = CUDA0
llama_kv_cache: layer  44: filtered
llama_kv_cache: layer  45: filtered
llama_kv_cache: layer  46: filtered
llama_kv_cache: layer  47: dev = CUDA0
llama_kv_cache: layer  48: filtered
llama_kv_cache: layer  49: filtered
llama_kv_cache: layer  50: filtered
llama_kv_cache: layer  51: dev = CUDA0
llama_kv_cache: layer  52: filtered
llama_kv_cache: layer  53: filtered
llama_kv_cache: layer  54: filtered
llama_kv_cache: layer  55: dev = CUDA0
llama_kv_cache: layer  56: filtered
llama_kv_cache: layer  57: filtered
llama_kv_cache: layer  58: filtered
llama_kv_cache: layer  59: dev = CUDA0
llama_kv_cache: layer  60: filtered
llama_kv_cache: layer  61: filtered
llama_kv_cache: layer  62: filtered
llama_kv_cache: layer  63: dev = CUDA0
llama_kv_cache: layer  64: filtered
llama_kv_cache:      CUDA0 KV buffer size =   400.00 MiB
llama_kv_cache: size =  400.00 MiB (  6400 cells,  16 layers,  1/1 seqs), K (f16):  200.00 MiB, V (f16):  200.00 MiB
llama_kv_cache: attn_rot_k = 0, n_embd_head_k_all = 256
llama_kv_cache: attn_rot_v = 0, n_embd_head_k_all = 256
llama_memory_recurrent, layer   0: dev = CUDA0
llama_memory_recurrent, layer   1: dev = CUDA0
llama_memory_recurrent, layer   2: dev = CUDA0
llama_memory_recurrent: layer   3: skipped
llama_memory_recurrent, layer   4: dev = CUDA0
llama_memory_recurrent, layer   5: dev = CUDA0
llama_memory_recurrent, layer   6: dev = CUDA0
llama_memory_recurrent: layer   7: skipped
llama_memory_recurrent, layer   8: dev = CUDA0
llama_memory_recurrent, layer   9: dev = CUDA0
llama_memory_recurrent, layer  10: dev = CUDA0
llama_memory_recurrent: layer  11: skipped
llama_memory_recurrent, layer  12: dev = CUDA0
llama_memory_recurrent, layer  13: dev = CUDA0
llama_memory_recurrent, layer  14: dev = CUDA0
llama_memory_recurrent: layer  15: skipped
llama_memory_recurrent, layer  16: dev = CUDA0
llama_memory_recurrent, layer  17: dev = CUDA0
llama_memory_recurrent, layer  18: dev = CUDA0
llama_memory_recurrent: layer  19: skipped
llama_memory_recurrent, layer  20: dev = CUDA0
llama_memory_recurrent, layer  21: dev = CUDA0
llama_memory_recurrent, layer  22: dev = CUDA0
llama_memory_recurrent: layer  23: skipped
llama_memory_recurrent, layer  24: dev = CUDA0
llama_memory_recurrent, layer  25: dev = CUDA0
llama_memory_recurrent, layer  26: dev = CUDA0
llama_memory_recurrent: layer  27: skipped
llama_memory_recurrent, layer  28: dev = CUDA0
llama_memory_recurrent, layer  29: dev = CUDA0
llama_memory_recurrent, layer  30: dev = CUDA0
llama_memory_recurrent: layer  31: skipped
llama_memory_recurrent, layer  32: dev = CUDA0
llama_memory_recurrent, layer  33: dev = CUDA0
llama_memory_recurrent, layer  34: dev = CUDA0
llama_memory_recurrent: layer  35: skipped
llama_memory_recurrent, layer  36: dev = CUDA0
llama_memory_recurrent, layer  37: dev = CUDA0
llama_memory_recurrent, layer  38: dev = CUDA0
llama_memory_recurrent: layer  39: skipped
llama_memory_recurrent, layer  40: dev = CUDA0
llama_memory_recurrent, layer  41: dev = CUDA0
llama_memory_recurrent, layer  42: dev = CUDA0
llama_memory_recurrent: layer  43: skipped
llama_memory_recurrent, layer  44: dev = CUDA0
llama_memory_recurrent, layer  45: dev = CUDA0
llama_memory_recurrent, layer  46: dev = CUDA0
llama_memory_recurrent: layer  47: skipped
llama_memory_recurrent, layer  48: dev = CUDA0
llama_memory_recurrent, layer  49: dev = CUDA0
llama_memory_recurrent, layer  50: dev = CUDA0
llama_memory_recurrent: layer  51: skipped
llama_memory_recurrent, layer  52: dev = CUDA0
llama_memory_recurrent, layer  53: dev = CUDA0
llama_memory_recurrent, layer  54: dev = CUDA0
llama_memory_recurrent: layer  55: skipped
llama_memory_recurrent, layer  56: dev = CUDA0
llama_memory_recurrent, layer  57: dev = CUDA0
llama_memory_recurrent, layer  58: dev = CUDA0
llama_memory_recurrent: layer  59: skipped
llama_memory_recurrent, layer  60: dev = CUDA0
llama_memory_recurrent, layer  61: dev = CUDA0
llama_memory_recurrent, layer  62: dev = CUDA0
llama_memory_recurrent: layer  63: skipped
llama_memory_recurrent:      CUDA0 RS buffer size =   149.62 MiB
llama_memory_recurrent: size =  149.62 MiB (     1 cells,  64 layers,  1 seqs  0 rs_seq), R (f32):    5.62 MiB, S (f32):  144.00 MiB
llama_context: enumerating backends
llama_context: backend_ptrs.size() = 3
llama_context: pipeline parallelism enabled
sched_reserve: reserving ...
sched_reserve: max_nodes = 27712
sched_reserve: reserving full memory module
sched_reserve: worst-case: n_tokens = 256, n_seqs = 1, n_outputs = 1
sched_reserve: resolving fused Gated Delta Net support:
graph_reserve: reserving a graph for ubatch with n_tokens =    1, n_seqs =  1, n_outputs =    1
sched_reserve: fused Gated Delta Net (autoregressive) enabled
graph_reserve: reserving a graph for ubatch with n_tokens =   16, n_seqs =  1, n_outputs =   16
sched_reserve: fused Gated Delta Net (chunked) enabled
graph_reserve: reserving a graph for ubatch with n_tokens =  256, n_seqs =  1, n_outputs =  256
graph_reserve: reserving a graph for ubatch with n_tokens =    1, n_seqs =  1, n_outputs =    1
graph_reserve: reserving a graph for ubatch with n_tokens =  256, n_seqs =  1, n_outputs =  256
sched_reserve:      CUDA0 compute buffer size =   305.53 MiB
sched_reserve:  CUDA_Host compute buffer size =    43.03 MiB
sched_reserve: graph nodes  = 3735
sched_reserve: graph splits = 2
sched_reserve: reserve took 24.16 ms, sched copies = 4
[exp8022] phase=8033_after_context_create elapsed_s=0.028 completed=0 pending=0
[exp8022] phase=8033_before_eval elapsed_s=0.029 completed=0 pending=968
[exp8022] phase=8033_after_eval elapsed_s=1.244 completed=968 pending=0
[exp8022] phase=8033_before_context_close elapsed_s=1.397 completed=0 pending=0
~llama_context:      CUDA0 compute buffer size is 305.5278 MiB, matches expectation of 305.5278 MiB
~llama_context:      CUDA1 compute buffer size is   0.0000 MiB, matches expectation of   0.0000 MiB
~llama_context:  CUDA_Host compute buffer size is  43.0313 MiB, matches expectation of  43.0313 MiB
[exp8022] phase=8033_after_context_close elapsed_s=2.160 completed=0 pending=0
[exp8059] phase=after_teacher_forcing elapsed_s=115.613 completed=25 pending=359
[exp8059] phase=before_teacher_forcing elapsed_s=115.625 completed=25 pending=359
[exp8022] phase=8033_before_context_create elapsed_s=0.000 completed=0 pending=0
llama_context: constructing llama_context
llama_context: n_seq_max     = 1
llama_context: n_ctx         = 6400
llama_context: n_ctx_seq     = 6400
llama_context: n_batch       = 256
llama_context: n_ubatch      = 256
llama_context: causal_attn   = 1
llama_context: flash_attn    = disabled
llama_context: kv_unified    = false
llama_context: freq_base     = 10000000.0
llama_context: freq_scale    = 1
llama_context: n_rs_seq      = 0
llama_context: n_outputs_max = 256
llama_context: n_ctx_seq (6400) < n_ctx_train (262144) -- the full capacity of the model will not be utilized
set_abort_callback: call
llama_context:  CUDA_Host  output buffer size =     0.95 MiB
llama_kv_cache: layer   0: filtered
llama_kv_cache: layer   1: filtered
llama_kv_cache: layer   2: filtered
llama_kv_cache: layer   3: dev = CUDA0
llama_kv_cache: layer   4: filtered
llama_kv_cache: layer   5: filtered
llama_kv_cache: layer   6: filtered
llama_kv_cache: layer   7: dev = CUDA0
llama_kv_cache: layer   8: filtered
llama_kv_cache: layer   9: filtered
llama_kv_cache: layer  10: filtered
llama_kv_cache: layer  11: dev = CUDA0
llama_kv_cache: layer  12: filtered
llama_kv_cache: layer  13: filtered
llama_kv_cache: layer  14: filtered
llama_kv_cache: layer  15: dev = CUDA0
llama_kv_cache: layer  16: filtered
llama_kv_cache: layer  17: filtered
llama_kv_cache: layer  18: filtered
llama_kv_cache: layer  19: dev = CUDA0
llama_kv_cache: layer  20: filtered
llama_kv_cache: layer  21: filtered
llama_kv_cache: layer  22: filtered
llama_kv_cache: layer  23: dev = CUDA0
llama_kv_cache: layer  24: filtered
llama_kv_cache: layer  25: filtered
llama_kv_cache: layer  26: filtered
llama_kv_cache: layer  27: dev = CUDA0
llama_kv_cache: layer  28: filtered
llama_kv_cache: layer  29: filtered
llama_kv_cache: layer  30: filtered
llama_kv_cache: layer  31: dev = CUDA0
llama_kv_cache: layer  32: filtered
llama_kv_cache: layer  33: filtered
llama_kv_cache: layer  34: filtered
llama_kv_cache: layer  35: dev = CUDA0
llama_kv_cache: layer  36: filtered
llama_kv_cache: layer  37: filtered
llama_kv_cache: layer  38: filtered
llama_kv_cache: layer  39: dev = CUDA0
llama_kv_cache: layer  40: filtered
llama_kv_cache: layer  41: filtered
llama_kv_cache: layer  42: filtered
llama_kv_cache: layer  43: dev = CUDA0
llama_kv_cache: layer  44: filtered
llama_kv_cache: layer  45: filtered
llama_kv_cache: layer  46: filtered
llama_kv_cache: layer  47: dev = CUDA0
llama_kv_cache: layer  48: filtered
llama_kv_cache: layer  49: filtered
llama_kv_cache: layer  50: filtered
llama_kv_cache: layer  51: dev = CUDA0
llama_kv_cache: layer  52: filtered
llama_kv_cache: layer  53: filtered
llama_kv_cache: layer  54: filtered
llama_kv_cache: layer  55: dev = CUDA0
llama_kv_cache: layer  56: filtered
llama_kv_cache: layer  57: filtered
llama_kv_cache: layer  58: filtered
llama_kv_cache: layer  59: dev = CUDA0
llama_kv_cache: layer  60: filtered
llama_kv_cache: layer  61: filtered
llama_kv_cache: layer  62: filtered
llama_kv_cache: layer  63: dev = CUDA0
llama_kv_cache: layer  64: filtered
llama_kv_cache:      CUDA0 KV buffer size =   400.00 MiB
llama_kv_cache: size =  400.00 MiB (  6400 cells,  16 layers,  1/1 seqs), K (f16):  200.00 MiB, V (f16):  200.00 MiB
llama_kv_cache: attn_rot_k = 0, n_embd_head_k_all = 256
llama_kv_cache: attn_rot_v = 0, n_embd_head_k_all = 256
llama_memory_recurrent, layer   0: dev = CUDA0
llama_memory_recurrent, layer   1: dev = CUDA0
llama_memory_recurrent, layer   2: dev = CUDA0
llama_memory_recurrent: layer   3: skipped
llama_memory_recurrent, layer   4: dev = CUDA0
llama_memory_recurrent, layer   5: dev = CUDA0
llama_memory_recurrent, layer   6: dev = CUDA0
llama_memory_recurrent: layer   7: skipped
llama_memory_recurrent, layer   8: dev = CUDA0
llama_memory_recurrent, layer   9: dev = CUDA0
llama_memory_recurrent, layer  10: dev = CUDA0
llama_memory_recurrent: layer  11: skipped
llama_memory_recurrent, layer  12: dev = CUDA0
llama_memory_recurrent, layer  13: dev = CUDA0
llama_memory_recurrent, layer  14: dev = CUDA0
llama_memory_recurrent: layer  15: skipped
llama_memory_recurrent, layer  16: dev = CUDA0
llama_memory_recurrent, layer  17: dev = CUDA0
llama_memory_recurrent, layer  18: dev = CUDA0
llama_memory_recurrent: layer  19: skipped
llama_memory_recurrent, layer  20: dev = CUDA0
llama_memory_recurrent, layer  21: dev = CUDA0
llama_memory_recurrent, layer  22: dev = CUDA0
llama_memory_recurrent: layer  23: skipped
llama_memory_recurrent, layer  24: dev = CUDA0
llama_memory_recurrent, layer  25: dev = CUDA0
llama_memory_recurrent, layer  26: dev = CUDA0
llama_memory_recurrent: layer  27: skipped
llama_memory_recurrent, layer  28: dev = CUDA0
llama_memory_recurrent, layer  29: dev = CUDA0
llama_memory_recurrent, layer  30: dev = CUDA0
llama_memory_recurrent: layer  31: skipped
llama_memory_recurrent, layer  32: dev = CUDA0
llama_memory_recurrent, layer  33: dev = CUDA0
llama_memory_recurrent, layer  34: dev = CUDA0
llama_memory_recurrent: layer  35: skipped
llama_memory_recurrent, layer  36: dev = CUDA0
llama_memory_recurrent, layer  37: dev = CUDA0
llama_memory_recurrent, layer  38: dev = CUDA0
llama_memory_recurrent: layer  39: skipped
llama_memory_recurrent, layer  40: dev = CUDA0
llama_memory_recurrent, layer  41: dev = CUDA0
llama_memory_recurrent, layer  42: dev = CUDA0
llama_memory_recurrent: layer  43: skipped
llama_memory_recurrent, layer  44: dev = CUDA0
llama_memory_recurrent, layer  45: dev = CUDA0
llama_memory_recurrent, layer  46: dev = CUDA0
llama_memory_recurrent: layer  47: skipped
llama_memory_recurrent, layer  48: dev = CUDA0
llama_memory_recurrent, layer  49: dev = CUDA0
llama_memory_recurrent, layer  50: dev = CUDA0
llama_memory_recurrent: layer  51: skipped
llama_memory_recurrent, layer  52: dev = CUDA0
llama_memory_recurrent, layer  53: dev = CUDA0
llama_memory_recurrent, layer  54: dev = CUDA0
llama_memory_recurrent: layer  55: skipped
llama_memory_recurrent, layer  56: dev = CUDA0
llama_memory_recurrent, layer  57: dev = CUDA0
llama_memory_recurrent, layer  58: dev = CUDA0
llama_memory_recurrent: layer  59: skipped
llama_memory_recurrent, layer  60: dev = CUDA0
llama_memory_recurrent, layer  61: dev = CUDA0
llama_memory_recurrent, layer  62: dev = CUDA0
llama_memory_recurrent: layer  63: skipped
llama_memory_recurrent:      CUDA0 RS buffer size =   149.62 MiB
llama_memory_recurrent: size =  149.62 MiB (     1 cells,  64 layers,  1 seqs  0 rs_seq), R (f32):    5.62 MiB, S (f32):  144.00 MiB
llama_context: enumerating backends
llama_context: backend_ptrs.size() = 3
llama_context: pipeline parallelism enabled
sched_reserve: reserving ...
sched_reserve: max_nodes = 27712
sched_reserve: reserving full memory module
sched_reserve: worst-case: n_tokens = 256, n_seqs = 1, n_outputs = 1
sched_reserve: resolving fused Gated Delta Net support:
graph_reserve: reserving a graph for ubatch with n_tokens =    1, n_seqs =  1, n_outputs =    1
sched_reserve: fused Gated Delta Net (autoregressive) enabled
graph_reserve: reserving a graph for ubatch with n_tokens =   16, n_seqs =  1, n_outputs =   16
sched_reserve: fused Gated Delta Net (chunked) enabled
graph_reserve: reserving a graph for ubatch with n_tokens =  256, n_seqs =  1, n_outputs =  256
graph_reserve: reserving a graph for ubatch with n_tokens =    1, n_seqs =  1, n_outputs =    1
graph_reserve: reserving a graph for ubatch with n_tokens =  256, n_seqs =  1, n_outputs =  256
sched_reserve:      CUDA0 compute buffer size =   305.53 MiB
sched_reserve:  CUDA_Host compute buffer size =    43.03 MiB
sched_reserve: graph nodes  = 3735
sched_reserve: graph splits = 2
sched_reserve: reserve took 20.64 ms, sched copies = 4
[exp8022] phase=8033_after_context_create elapsed_s=0.023 completed=0 pending=0
[exp8022] phase=8033_before_eval elapsed_s=0.024 completed=0 pending=307
[exp8022] phase=8033_after_eval elapsed_s=0.461 completed=307 pending=0
[exp8022] phase=8033_before_context_close elapsed_s=0.613 completed=0 pending=0
~llama_context:      CUDA0 compute buffer size is 305.5278 MiB, matches expectation of 305.5278 MiB
~llama_context:      CUDA1 compute buffer size is   0.0000 MiB, matches expectation of   0.0000 MiB
~llama_context:  CUDA_Host compute buffer size is  43.0313 MiB, matches expectation of  43.0313 MiB
[exp8022] phase=8033_after_context_close elapsed_s=1.022 completed=0 pending=0
[exp8059] phase=after_teacher_forcing elapsed_s=116.647 completed=26 pending=358
[exp8059] phase=before_teacher_forcing elapsed_s=116.660 completed=26 pending=358
[exp8022] phase=8033_before_context_create elapsed_s=0.000 completed=0 pending=0
llama_context: constructing llama_context
llama_context: n_seq_max     = 1
llama_context: n_ctx         = 6400
llama_context: n_ctx_seq     = 6400
llama_context: n_batch       = 256
llama_context: n_ubatch      = 256
llama_context: causal_attn   = 1
llama_context: flash_attn    = disabled
llama_context: kv_unified    = false
llama_context: freq_base     = 10000000.0
llama_context: freq_scale    = 1
llama_context: n_rs_seq      = 0
llama_context: n_outputs_max = 256
llama_context: n_ctx_seq (6400) < n_ctx_train (262144) -- the full capacity of the model will not be utilized
set_abort_callback: call
llama_context:  CUDA_Host  output buffer size =     0.95 MiB
llama_kv_cache: layer   0: filtered
llama_kv_cache: layer   1: filtered
llama_kv_cache: layer   2: filtered
llama_kv_cache: layer   3: dev = CUDA0
llama_kv_cache: layer   4: filtered
llama_kv_cache: layer   5: filtered
llama_kv_cache: layer   6: filtered
llama_kv_cache: layer   7: dev = CUDA0
llama_kv_cache: layer   8: filtered
llama_kv_cache: layer   9: filtered
llama_kv_cache: layer  10: filtered
llama_kv_cache: layer  11: dev = CUDA0
llama_kv_cache: layer  12: filtered
llama_kv_cache: layer  13: filtered
llama_kv_cache: layer  14: filtered
llama_kv_cache: layer  15: dev = CUDA0
llama_kv_cache: layer  16: filtered
llama_kv_cache: layer  17: filtered
llama_kv_cache: layer  18: filtered
llama_kv_cache: layer  19: dev = CUDA0
llama_kv_cache: layer  20: filtered
llama_kv_cache: layer  21: filtered
llama_kv_cache: layer  22: filtered
llama_kv_cache: layer  23: dev = CUDA0
llama_kv_cache: layer  24: filtered
llama_kv_cache: layer  25: filtered
llama_kv_cache: layer  26: filtered
llama_kv_cache: layer  27: dev = CUDA0
llama_kv_cache: layer  28: filtered
llama_kv_cache: layer  29: filtered
llama_kv_cache: layer  30: filtered
llama_kv_cache: layer  31: dev = CUDA0
llama_kv_cache: layer  32: filtered
llama_kv_cache: layer  33: filtered
llama_kv_cache: layer  34: filtered
llama_kv_cache: layer  35: dev = CUDA0
llama_kv_cache: layer  36: filtered
llama_kv_cache: layer  37: filtered
llama_kv_cache: layer  38: filtered
llama_kv_cache: layer  39: dev = CUDA0
llama_kv_cache: layer  40: filtered
llama_kv_cache: layer  41: filtered
llama_kv_cache: layer  42: filtered
llama_kv_cache: layer  43: dev = CUDA0
llama_kv_cache: layer  44: filtered
llama_kv_cache: layer  45: filtered
llama_kv_cache: layer  46: filtered
llama_kv_cache: layer  47: dev = CUDA0
llama_kv_cache: layer  48: filtered
llama_kv_cache: layer  49: filtered
llama_kv_cache: layer  50: filtered
llama_kv_cache: layer  51: dev = CUDA0
llama_kv_cache: layer  52: filtered
llama_kv_cache: layer  53: filtered
llama_kv_cache: layer  54: filtered
llama_kv_cache: layer  55: dev = CUDA0
llama_kv_cache: layer  56: filtered
llama_kv_cache: layer  57: filtered
llama_kv_cache: layer  58: filtered
llama_kv_cache: layer  59: dev = CUDA0
llama_kv_cache: layer  60: filtered
llama_kv_cache: layer  61: filtered
llama_kv_cache: layer  62: filtered
llama_kv_cache: layer  63: dev = CUDA0
llama_kv_cache: layer  64: filtered
llama_kv_cache:      CUDA0 KV buffer size =   400.00 MiB
llama_kv_cache: size =  400.00 MiB (  6400 cells,  16 layers,  1/1 seqs), K (f16):  200.00 MiB, V (f16):  200.00 MiB
llama_kv_cache: attn_rot_k = 0, n_embd_head_k_all = 256
llama_kv_cache: attn_rot_v = 0, n_embd_head_k_all = 256
llama_memory_recurrent, layer   0: dev = CUDA0
llama_memory_recurrent, layer   1: dev = CUDA0
llama_memory_recurrent, layer   2: dev = CUDA0
llama_memory_recurrent: layer   3: skipped
llama_memory_recurrent, layer   4: dev = CUDA0
llama_memory_recurrent, layer   5: dev = CUDA0
llama_memory_recurrent, layer   6: dev = CUDA0
llama_memory_recurrent: layer   7: skipped
llama_memory_recurrent, layer   8: dev = CUDA0
llama_memory_recurrent, layer   9: dev = CUDA0
llama_memory_recurrent, layer  10: dev = CUDA0
llama_memory_recurrent: layer  11: skipped
llama_memory_recurrent, layer  12: dev = CUDA0
llama_memory_recurrent, layer  13: dev = CUDA0
llama_memory_recurrent, layer  14: dev = CUDA0
llama_memory_recurrent: layer  15: skipped
llama_memory_recurrent, layer  16: dev = CUDA0
llama_memory_recurrent, layer  17: dev = CUDA0
llama_memory_recurrent, layer  18: dev = CUDA0
llama_memory_recurrent: layer  19: skipped
llama_memory_recurrent, layer  20: dev = CUDA0
llama_memory_recurrent, layer  21: dev = CUDA0
llama_memory_recurrent, layer  22: dev = CUDA0
llama_memory_recurrent: layer  23: skipped
llama_memory_recurrent, layer  24: dev = CUDA0
llama_memory_recurrent, layer  25: dev = CUDA0
llama_memory_recurrent, layer  26: dev = CUDA0
llama_memory_recurrent: layer  27: skipped
llama_memory_recurrent, layer  28: dev = CUDA0
llama_memory_recurrent, layer  29: dev = CUDA0
llama_memory_recurrent, layer  30: dev = CUDA0
llama_memory_recurrent: layer  31: skipped
llama_memory_recurrent, layer  32: dev = CUDA0
llama_memory_recurrent, layer  33: dev = CUDA0
llama_memory_recurrent, layer  34: dev = CUDA0
llama_memory_recurrent: layer  35: skipped
llama_memory_recurrent, layer  36: dev = CUDA0
llama_memory_recurrent, layer  37: dev = CUDA0
llama_memory_recurrent, layer  38: dev = CUDA0
llama_memory_recurrent: layer  39: skipped
llama_memory_recurrent, layer  40: dev = CUDA0
llama_memory_recurrent, layer  41: dev = CUDA0
llama_memory_recurrent, layer  42: dev = CUDA0
llama_memory_recurrent: layer  43: skipped
llama_memory_recurrent, layer  44: dev = CUDA0
llama_memory_recurrent, layer  45: dev = CUDA0
llama_memory_recurrent, layer  46: dev = CUDA0
llama_memory_recurrent: layer  47: skipped
llama_memory_recurrent, layer  48: dev = CUDA0
llama_memory_recurrent, layer  49: dev = CUDA0
llama_memory_recurrent, layer  50: dev = CUDA0
llama_memory_recurrent: layer  51: skipped
llama_memory_recurrent, layer  52: dev = CUDA0
llama_memory_recurrent, layer  53: dev = CUDA0
llama_memory_recurrent, layer  54: dev = CUDA0
llama_memory_recurrent: layer  55: skipped
llama_memory_recurrent, layer  56: dev = CUDA0
llama_memory_recurrent, layer  57: dev = CUDA0
llama_memory_recurrent, layer  58: dev = CUDA0
llama_memory_recurrent: layer  59: skipped
llama_memory_recurrent, layer  60: dev = CUDA0
llama_memory_recurrent, layer  61: dev = CUDA0
llama_memory_recurrent, layer  62: dev = CUDA0
llama_memory_recurrent: layer  63: skipped
llama_memory_recurrent:      CUDA0 RS buffer size =   149.62 MiB
llama_memory_recurrent: size =  149.62 MiB (     1 cells,  64 layers,  1 seqs  0 rs_seq), R (f32):    5.62 MiB, S (f32):  144.00 MiB
llama_context: enumerating backends
llama_context: backend_ptrs.size() = 3
llama_context: pipeline parallelism enabled
sched_reserve: reserving ...
sched_reserve: max_nodes = 27712
sched_reserve: reserving full memory module
sched_reserve: worst-case: n_tokens = 256, n_seqs = 1, n_outputs = 1
sched_reserve: resolving fused Gated Delta Net support:
graph_reserve: reserving a graph for ubatch with n_tokens =    1, n_seqs =  1, n_outputs =    1
sched_reserve: fused Gated Delta Net (autoregressive) enabled
graph_reserve: reserving a graph for ubatch with n_tokens =   16, n_seqs =  1, n_outputs =   16
sched_reserve: fused Gated Delta Net (chunked) enabled
graph_reserve: reserving a graph for ubatch with n_tokens =  256, n_seqs =  1, n_outputs =  256
graph_reserve: reserving a graph for ubatch with n_tokens =    1, n_seqs =  1, n_outputs =    1
graph_reserve: reserving a graph for ubatch with n_tokens =  256, n_seqs =  1, n_outputs =  256
sched_reserve:      CUDA0 compute buffer size =   305.53 MiB
sched_reserve:  CUDA_Host compute buffer size =    43.03 MiB
sched_reserve: graph nodes  = 3735
sched_reserve: graph splits = 2
sched_reserve: reserve took 21.65 ms, sched copies = 4
[exp8022] phase=8033_after_context_create elapsed_s=0.026 completed=0 pending=0
[exp8022] phase=8033_before_eval elapsed_s=0.026 completed=0 pending=585
[exp8022] phase=8033_after_eval elapsed_s=0.795 completed=585 pending=0
[exp8022] phase=8033_before_context_close elapsed_s=0.867 completed=0 pending=0
~llama_context:      CUDA0 compute buffer size is 305.5278 MiB, matches expectation of 305.5278 MiB
~llama_context:      CUDA1 compute buffer size is   0.0000 MiB, matches expectation of   0.0000 MiB
~llama_context:  CUDA_Host compute buffer size is  43.0313 MiB, matches expectation of  43.0313 MiB
[exp8022] phase=8033_after_context_close elapsed_s=1.254 completed=0 pending=0
[exp8059] phase=after_teacher_forcing elapsed_s=117.915 completed=27 pending=357
[exp8059] phase=before_teacher_forcing elapsed_s=117.918 completed=27 pending=357
[exp8022] phase=8033_before_context_create elapsed_s=0.000 completed=0 pending=0
llama_context: constructing llama_context
llama_context: n_seq_max     = 1
llama_context: n_ctx         = 6400
llama_context: n_ctx_seq     = 6400
llama_context: n_batch       = 256
llama_context: n_ubatch      = 256
llama_context: causal_attn   = 1
llama_context: flash_attn    = disabled
llama_context: kv_unified    = false
llama_context: freq_base     = 10000000.0
llama_context: freq_scale    = 1
llama_context: n_rs_seq      = 0
llama_context: n_outputs_max = 256
llama_context: n_ctx_seq (6400) < n_ctx_train (262144) -- the full capacity of the model will not be utilized
set_abort_callback: call
llama_context:  CUDA_Host  output buffer size =     0.95 MiB
llama_kv_cache: layer   0: filtered
llama_kv_cache: layer   1: filtered
llama_kv_cache: layer   2: filtered
llama_kv_cache: layer   3: dev = CUDA0
llama_kv_cache: layer   4: filtered
llama_kv_cache: layer   5: filtered
llama_kv_cache: layer   6: filtered
llama_kv_cache: layer   7: dev = CUDA0
llama_kv_cache: layer   8: filtered
llama_kv_cache: layer   9: filtered
llama_kv_cache: layer  10: filtered
llama_kv_cache: layer  11: dev = CUDA0
llama_kv_cache: layer  12: filtered
llama_kv_cache: layer  13: filtered
llama_kv_cache: layer  14: filtered
llama_kv_cache: layer  15: dev = CUDA0
llama_kv_cache: layer  16: filtered
llama_kv_cache: layer  17: filtered
llama_kv_cache: layer  18: filtered
llama_kv_cache: layer  19: dev = CUDA0
llama_kv_cache: layer  20: filtered
llama_kv_cache: layer  21: filtered
llama_kv_cache: layer  22: filtered
llama_kv_cache: layer  23: dev = CUDA0
llama_kv_cache: layer  24: filtered
llama_kv_cache: layer  25: filtered
llama_kv_cache: layer  26: filtered
llama_kv_cache: layer  27: dev = CUDA0
llama_kv_cache: layer  28: filtered
llama_kv_cache: layer  29: filtered
llama_kv_cache: layer  30: filtered
llama_kv_cache: layer  31: dev = CUDA0
llama_kv_cache: layer  32: filtered
llama_kv_cache: layer  33: filtered
llama_kv_cache: layer  34: filtered
llama_kv_cache: layer  35: dev = CUDA0
llama_kv_cache: layer  36: filtered
llama_kv_cache: layer  37: filtered
llama_kv_cache: layer  38: filtered
llama_kv_cache: layer  39: dev = CUDA0
llama_kv_cache: layer  40: filtered
llama_kv_cache: layer  41: filtered
llama_kv_cache: layer  42: filtered
llama_kv_cache: layer  43: dev = CUDA0
llama_kv_cache: layer  44: filtered
llama_kv_cache: layer  45: filtered
llama_kv_cache: layer  46: filtered
llama_kv_cache: layer  47: dev = CUDA0
llama_kv_cache: layer  48: filtered
llama_kv_cache: layer  49: filtered
llama_kv_cache: layer  50: filtered
llama_kv_cache: layer  51: dev = CUDA0
llama_kv_cache: layer  52: filtered
llama_kv_cache: layer  53: filtered
llama_kv_cache: layer  54: filtered
llama_kv_cache: layer  55: dev = CUDA0
llama_kv_cache: layer  56: filtered
llama_kv_cache: layer  57: filtered
llama_kv_cache: layer  58: filtered
llama_kv_cache: layer  59: dev = CUDA0
llama_kv_cache: layer  60: filtered
llama_kv_cache: layer  61: filtered
llama_kv_cache: layer  62: filtered
llama_kv_cache: layer  63: dev = CUDA0
llama_kv_cache: layer  64: filtered
llama_kv_cache:      CUDA0 KV buffer size =   400.00 MiB
llama_kv_cache: size =  400.00 MiB (  6400 cells,  16 layers,  1/1 seqs), K (f16):  200.00 MiB, V (f16):  200.00 MiB
llama_kv_cache: attn_rot_k = 0, n_embd_head_k_all = 256
llama_kv_cache: attn_rot_v = 0, n_embd_head_k_all = 256
llama_memory_recurrent, layer   0: dev = CUDA0
llama_memory_recurrent, layer   1: dev = CUDA0
llama_memory_recurrent, layer   2: dev = CUDA0
llama_memory_recurrent: layer   3: skipped
llama_memory_recurrent, layer   4: dev = CUDA0
llama_memory_recurrent, layer   5: dev = CUDA0
llama_memory_recurrent, layer   6: dev = CUDA0
llama_memory_recurrent: layer   7: skipped
llama_memory_recurrent, layer   8: dev = CUDA0
llama_memory_recurrent, layer   9: dev = CUDA0
llama_memory_recurrent, layer  10: dev = CUDA0
llama_memory_recurrent: layer  11: skipped
llama_memory_recurrent, layer  12: dev = CUDA0
llama_memory_recurrent, layer  13: dev = CUDA0
llama_memory_recurrent, layer  14: dev = CUDA0
llama_memory_recurrent: layer  15: skipped
llama_memory_recurrent, layer  16: dev = CUDA0
llama_memory_recurrent, layer  17: dev = CUDA0
llama_memory_recurrent, layer  18: dev = CUDA0
llama_memory_recurrent: layer  19: skipped
llama_memory_recurrent, layer  20: dev = CUDA0
llama_memory_recurrent, layer  21: dev = CUDA0
llama_memory_recurrent, layer  22: dev = CUDA0
llama_memory_recurrent: layer  23: skipped
llama_memory_recurrent, layer  24: dev = CUDA0
llama_memory_recurrent, layer  25: dev = CUDA0
llama_memory_recurrent, layer  26: dev = CUDA0
llama_memory_recurrent: layer  27: skipped
llama_memory_recurrent, layer  28: dev = CUDA0
llama_memory_recurrent, layer  29: dev = CUDA0
llama_memory_recurrent, layer  30: dev = CUDA0
llama_memory_recurrent: layer  31: skipped
llama_memory_recurrent, layer  32: dev = CUDA0
llama_memory_recurrent, layer  33: dev = CUDA0
llama_memory_recurrent, layer  34: dev = CUDA0
llama_memory_recurrent: layer  35: skipped
llama_memory_recurrent, layer  36: dev = CUDA0
llama_memory_recurrent, layer  37: dev = CUDA0
llama_memory_recurrent, layer  38: dev = CUDA0
llama_memory_recurrent: layer  39: skipped
llama_memory_recurrent, layer  40: dev = CUDA0
llama_memory_recurrent, layer  41: dev = CUDA0
llama_memory_recurrent, layer  42: dev = CUDA0
llama_memory_recurrent: layer  43: skipped
llama_memory_recurrent, layer  44: dev = CUDA0
llama_memory_recurrent, layer  45: dev = CUDA0
llama_memory_recurrent, layer  46: dev = CUDA0
llama_memory_recurrent: layer  47: skipped
llama_memory_recurrent, layer  48: dev = CUDA0
llama_memory_recurrent, layer  49: dev = CUDA0
llama_memory_recurrent, layer  50: dev = CUDA0
llama_memory_recurrent: layer  51: skipped
llama_memory_recurrent, layer  52: dev = CUDA0
llama_memory_recurrent, layer  53: dev = CUDA0
llama_memory_recurrent, layer  54: dev = CUDA0
llama_memory_recurrent: layer  55: skipped
llama_memory_recurrent, layer  56: dev = CUDA0
llama_memory_recurrent, layer  57: dev = CUDA0
llama_memory_recurrent, layer  58: dev = CUDA0
llama_memory_recurrent: layer  59: skipped
llama_memory_recurrent, layer  60: dev = CUDA0
llama_memory_recurrent, layer  61: dev = CUDA0
llama_memory_recurrent, layer  62: dev = CUDA0
llama_memory_recurrent: layer  63: skipped
llama_memory_recurrent:      CUDA0 RS buffer size =   149.62 MiB
llama_memory_recurrent: size =  149.62 MiB (     1 cells,  64 layers,  1 seqs  0 rs_seq), R (f32):    5.62 MiB, S (f32):  144.00 MiB
llama_context: enumerating backends
llama_context: backend_ptrs.size() = 3
llama_context: pipeline parallelism enabled
sched_reserve: reserving ...
sched_reserve: max_nodes = 27712
sched_reserve: reserving full memory module
sched_reserve: worst-case: n_tokens = 256, n_seqs = 1, n_outputs = 1
sched_reserve: resolving fused Gated Delta Net support:
graph_reserve: reserving a graph for ubatch with n_tokens =    1, n_seqs =  1, n_outputs =    1
sched_reserve: fused Gated Delta Net (autoregressive) enabled
graph_reserve: reserving a graph for ubatch with n_tokens =   16, n_seqs =  1, n_outputs =   16
sched_reserve: fused Gated Delta Net (chunked) enabled
graph_reserve: reserving a graph for ubatch with n_tokens =  256, n_seqs =  1, n_outputs =  256
graph_reserve: reserving a graph for ubatch with n_tokens =    1, n_seqs =  1, n_outputs =    1
graph_reserve: reserving a graph for ubatch with n_tokens =  256, n_seqs =  1, n_outputs =  256
sched_reserve:      CUDA0 compute buffer size =   305.53 MiB
sched_reserve:  CUDA_Host compute buffer size =    43.03 MiB
sched_reserve: graph nodes  = 3735
sched_reserve: graph splits = 2
sched_reserve: reserve took 14.37 ms, sched copies = 4
[exp8022] phase=8033_after_context_create elapsed_s=0.019 completed=0 pending=0
[exp8022] phase=8033_before_eval elapsed_s=0.019 completed=0 pending=160
[exp8022] phase=8033_after_eval elapsed_s=0.267 completed=160 pending=0
[exp8022] phase=8033_before_context_close elapsed_s=0.340 completed=0 pending=0
~llama_context:      CUDA0 compute buffer size is 305.5278 MiB, matches expectation of 305.5278 MiB
~llama_context:      CUDA1 compute buffer size is   0.0000 MiB, matches expectation of   0.0000 MiB
~llama_context:  CUDA_Host compute buffer size is  43.0313 MiB, matches expectation of  43.0313 MiB
[exp8022] phase=8033_after_context_close elapsed_s=0.653 completed=0 pending=0
[exp8059] phase=after_teacher_forcing elapsed_s=118.572 completed=28 pending=356
[exp8059] phase=before_teacher_forcing elapsed_s=118.595 completed=28 pending=356
[exp8022] phase=8033_before_context_create elapsed_s=0.000 completed=0 pending=0
llama_context: constructing llama_context
llama_context: n_seq_max     = 1
llama_context: n_ctx         = 6400
llama_context: n_ctx_seq     = 6400
llama_context: n_batch       = 256
llama_context: n_ubatch      = 256
llama_context: causal_attn   = 1
llama_context: flash_attn    = disabled
llama_context: kv_unified    = false
llama_context: freq_base     = 10000000.0
llama_context: freq_scale    = 1
llama_context: n_rs_seq      = 0
llama_context: n_outputs_max = 256
llama_context: n_ctx_seq (6400) < n_ctx_train (262144) -- the full capacity of the model will not be utilized
set_abort_callback: call
llama_context:  CUDA_Host  output buffer size =     0.95 MiB
llama_kv_cache: layer   0: filtered
llama_kv_cache: layer   1: filtered
llama_kv_cache: layer   2: filtered
llama_kv_cache: layer   3: dev = CUDA0
llama_kv_cache: layer   4: filtered
llama_kv_cache: layer   5: filtered
llama_kv_cache: layer   6: filtered
llama_kv_cache: layer   7: dev = CUDA0
llama_kv_cache: layer   8: filtered
llama_kv_cache: layer   9: filtered
llama_kv_cache: layer  10: filtered
llama_kv_cache: layer  11: dev = CUDA0
llama_kv_cache: layer  12: filtered
llama_kv_cache: layer  13: filtered
llama_kv_cache: layer  14: filtered
llama_kv_cache: layer  15: dev = CUDA0
llama_kv_cache: layer  16: filtered
llama_kv_cache: layer  17: filtered
llama_kv_cache: layer  18: filtered
llama_kv_cache: layer  19: dev = CUDA0
llama_kv_cache: layer  20: filtered
llama_kv_cache: layer  21: filtered
llama_kv_cache: layer  22: filtered
llama_kv_cache: layer  23: dev = CUDA0
llama_kv_cache: layer  24: filtered
llama_kv_cache: layer  25: filtered
llama_kv_cache: layer  26: filtered
llama_kv_cache: layer  27: dev = CUDA0
llama_kv_cache: layer  28: filtered
llama_kv_cache: layer  29: filtered
llama_kv_cache: layer  30: filtered
llama_kv_cache: layer  31: dev = CUDA0
llama_kv_cache: layer  32: filtered
llama_kv_cache: layer  33: filtered
llama_kv_cache: layer  34: filtered
llama_kv_cache: layer  35: dev = CUDA0
llama_kv_cache: layer  36: filtered
llama_kv_cache: layer  37: filtered
llama_kv_cache: layer  38: filtered
llama_kv_cache: layer  39: dev = CUDA0
llama_kv_cache: layer  40: filtered
llama_kv_cache: layer  41: filtered
llama_kv_cache: layer  42: filtered
llama_kv_cache: layer  43: dev = CUDA0
llama_kv_cache: layer  44: filtered
llama_kv_cache: layer  45: filtered
llama_kv_cache: layer  46: filtered
llama_kv_cache: layer  47: dev = CUDA0
llama_kv_cache: layer  48: filtered
llama_kv_cache: layer  49: filtered
llama_kv_cache: layer  50: filtered
llama_kv_cache: layer  51: dev = CUDA0
llama_kv_cache: layer  52: filtered
llama_kv_cache: layer  53: filtered
llama_kv_cache: layer  54: filtered
llama_kv_cache: layer  55: dev = CUDA0
llama_kv_cache: layer  56: filtered
llama_kv_cache: layer  57: filtered
llama_kv_cache: layer  58: filtered
llama_kv_cache: layer  59: dev = CUDA0
llama_kv_cache: layer  60: filtered
llama_kv_cache: layer  61: filtered
llama_kv_cache: layer  62: filtered
llama_kv_cache: layer  63: dev = CUDA0
llama_kv_cache: layer  64: filtered
llama_kv_cache:      CUDA0 KV buffer size =   400.00 MiB
llama_kv_cache: size =  400.00 MiB (  6400 cells,  16 layers,  1/1 seqs), K (f16):  200.00 MiB, V (f16):  200.00 MiB
llama_kv_cache: attn_rot_k = 0, n_embd_head_k_all = 256
llama_kv_cache: attn_rot_v = 0, n_embd_head_k_all = 256
llama_memory_recurrent, layer   0: dev = CUDA0
llama_memory_recurrent, layer   1: dev = CUDA0
llama_memory_recurrent, layer   2: dev = CUDA0
llama_memory_recurrent: layer   3: skipped
llama_memory_recurrent, layer   4: dev = CUDA0
llama_memory_recurrent, layer   5: dev = CUDA0
llama_memory_recurrent, layer   6: dev = CUDA0
llama_memory_recurrent: layer   7: skipped
llama_memory_recurrent, layer   8: dev = CUDA0
llama_memory_recurrent, layer   9: dev = CUDA0
llama_memory_recurrent, layer  10: dev = CUDA0
llama_memory_recurrent: layer  11: skipped
llama_memory_recurrent, layer  12: dev = CUDA0
llama_memory_recurrent, layer  13: dev = CUDA0
llama_memory_recurrent, layer  14: dev = CUDA0
llama_memory_recurrent: layer  15: skipped
llama_memory_recurrent, layer  16: dev = CUDA0
llama_memory_recurrent, layer  17: dev = CUDA0
llama_memory_recurrent, layer  18: dev = CUDA0
llama_memory_recurrent: layer  19: skipped
llama_memory_recurrent, layer  20: dev = CUDA0
llama_memory_recurrent, layer  21: dev = CUDA0
llama_memory_recurrent, layer  22: dev = CUDA0
llama_memory_recurrent: layer  23: skipped
llama_memory_recurrent, layer  24: dev = CUDA0
llama_memory_recurrent, layer  25: dev = CUDA0
llama_memory_recurrent, layer  26: dev = CUDA0
llama_memory_recurrent: layer  27: skipped
llama_memory_recurrent, layer  28: dev = CUDA0
llama_memory_recurrent, layer  29: dev = CUDA0
llama_memory_recurrent, layer  30: dev = CUDA0
llama_memory_recurrent: layer  31: skipped
llama_memory_recurrent, layer  32: dev = CUDA0
llama_memory_recurrent, layer  33: dev = CUDA0
llama_memory_recurrent, layer  34: dev = CUDA0
llama_memory_recurrent: layer  35: skipped
llama_memory_recurrent, layer  36: dev = CUDA0
llama_memory_recurrent, layer  37: dev = CUDA0
llama_memory_recurrent, layer  38: dev = CUDA0
llama_memory_recurrent: layer  39: skipped
llama_memory_recurrent, layer  40: dev = CUDA0
llama_memory_recurrent, layer  41: dev = CUDA0
llama_memory_recurrent, layer  42: dev = CUDA0
llama_memory_recurrent: layer  43: skipped
llama_memory_recurrent, layer  44: dev = CUDA0
llama_memory_recurrent, layer  45: dev = CUDA0
llama_memory_recurrent, layer  46: dev = CUDA0
llama_memory_recurrent: layer  47: skipped
llama_memory_recurrent, layer  48: dev = CUDA0
llama_memory_recurrent, layer  49: dev = CUDA0
llama_memory_recurrent, layer  50: dev = CUDA0
llama_memory_recurrent: layer  51: skipped
llama_memory_recurrent, layer  52: dev = CUDA0
llama_memory_recurrent, layer  53: dev = CUDA0
llama_memory_recurrent, layer  54: dev = CUDA0
llama_memory_recurrent: layer  55: skipped
llama_memory_recurrent, layer  56: dev = CUDA0
llama_memory_recurrent, layer  57: dev = CUDA0
llama_memory_recurrent, layer  58: dev = CUDA0
llama_memory_recurrent: layer  59: skipped
llama_memory_recurrent, layer  60: dev = CUDA0
llama_memory_recurrent, layer  61: dev = CUDA0
llama_memory_recurrent, layer  62: dev = CUDA0
llama_memory_recurrent: layer  63: skipped
llama_memory_recurrent:      CUDA0 RS buffer size =   149.62 MiB
llama_memory_recurrent: size =  149.62 MiB (     1 cells,  64 layers,  1 seqs  0 rs_seq), R (f32):    5.62 MiB, S (f32):  144.00 MiB
llama_context: enumerating backends
llama_context: backend_ptrs.size() = 3
llama_context: pipeline parallelism enabled
sched_reserve: reserving ...
sched_reserve: max_nodes = 27712
sched_reserve: reserving full memory module
sched_reserve: worst-case: n_tokens = 256, n_seqs = 1, n_outputs = 1
sched_reserve: resolving fused Gated Delta Net support:
graph_reserve: reserving a graph for ubatch with n_tokens =    1, n_seqs =  1, n_outputs =    1
sched_reserve: fused Gated Delta Net (autoregressive) enabled
graph_reserve: reserving a graph for ubatch with n_tokens =   16, n_seqs =  1, n_outputs =   16
sched_reserve: fused Gated Delta Net (chunked) enabled
graph_reserve: reserving a graph for ubatch with n_tokens =  256, n_seqs =  1, n_outputs =  256
graph_reserve: reserving a graph for ubatch with n_tokens =    1, n_seqs =  1, n_outputs =    1
graph_reserve: reserving a graph for ubatch with n_tokens =  256, n_seqs =  1, n_outputs =  256
sched_reserve:      CUDA0 compute buffer size =   305.53 MiB
sched_reserve:  CUDA_Host compute buffer size =    43.03 MiB
sched_reserve: graph nodes  = 3735
sched_reserve: graph splits = 2
sched_reserve: reserve took 17.05 ms, sched copies = 4
[exp8022] phase=8033_after_context_create elapsed_s=0.021 completed=0 pending=0
[exp8022] phase=8033_before_eval elapsed_s=0.022 completed=0 pending=435
[exp8022] phase=8033_after_eval elapsed_s=0.604 completed=435 pending=0
[exp8022] phase=8033_before_context_close elapsed_s=0.655 completed=0 pending=0
~llama_context:      CUDA0 compute buffer size is 305.5278 MiB, matches expectation of 305.5278 MiB
~llama_context:      CUDA1 compute buffer size is   0.0000 MiB, matches expectation of   0.0000 MiB
~llama_context:  CUDA_Host compute buffer size is  43.0313 MiB, matches expectation of  43.0313 MiB
[exp8022] phase=8033_after_context_close elapsed_s=1.126 completed=0 pending=0
[exp8059] phase=after_teacher_forcing elapsed_s=119.722 completed=29 pending=355
[exp8059] phase=before_teacher_forcing elapsed_s=119.724 completed=29 pending=355
[exp8022] phase=8033_before_context_create elapsed_s=0.000 completed=0 pending=0
llama_context: constructing llama_context
llama_context: n_seq_max     = 1
llama_context: n_ctx         = 6400
llama_context: n_ctx_seq     = 6400
llama_context: n_batch       = 256
llama_context: n_ubatch      = 256
llama_context: causal_attn   = 1
llama_context: flash_attn    = disabled
llama_context: kv_unified    = false
llama_context: freq_base     = 10000000.0
llama_context: freq_scale    = 1
llama_context: n_rs_seq      = 0
llama_context: n_outputs_max = 256
llama_context: n_ctx_seq (6400) < n_ctx_train (262144) -- the full capacity of the model will not be utilized
set_abort_callback: call
llama_context:  CUDA_Host  output buffer size =     0.95 MiB
llama_kv_cache: layer   0: filtered
llama_kv_cache: layer   1: filtered
llama_kv_cache: layer   2: filtered
llama_kv_cache: layer   3: dev = CUDA0
llama_kv_cache: layer   4: filtered
llama_kv_cache: layer   5: filtered
llama_kv_cache: layer   6: filtered
llama_kv_cache: layer   7: dev = CUDA0
llama_kv_cache: layer   8: filtered
llama_kv_cache: layer   9: filtered
llama_kv_cache: layer  10: filtered
llama_kv_cache: layer  11: dev = CUDA0
llama_kv_cache: layer  12: filtered
llama_kv_cache: layer  13: filtered
llama_kv_cache: layer  14: filtered
llama_kv_cache: layer  15: dev = CUDA0
llama_kv_cache: layer  16: filtered
llama_kv_cache: layer  17: filtered
llama_kv_cache: layer  18: filtered
llama_kv_cache: layer  19: dev = CUDA0
llama_kv_cache: layer  20: filtered
llama_kv_cache: layer  21: filtered
llama_kv_cache: layer  22: filtered
llama_kv_cache: layer  23: dev = CUDA0
llama_kv_cache: layer  24: filtered
llama_kv_cache: layer  25: filtered
llama_kv_cache: layer  26: filtered
llama_kv_cache: layer  27: dev = CUDA0
llama_kv_cache: layer  28: filtered
llama_kv_cache: layer  29: filtered
llama_kv_cache: layer  30: filtered
llama_kv_cache: layer  31: dev = CUDA0
llama_kv_cache: layer  32: filtered
llama_kv_cache: layer  33: filtered
llama_kv_cache: layer  34: filtered
llama_kv_cache: layer  35: dev = CUDA0
llama_kv_cache: layer  36: filtered
llama_kv_cache: layer  37: filtered
llama_kv_cache: layer  38: filtered
llama_kv_cache: layer  39: dev = CUDA0
llama_kv_cache: layer  40: filtered
llama_kv_cache: layer  41: filtered
llama_kv_cache: layer  42: filtered
llama_kv_cache: layer  43: dev = CUDA0
llama_kv_cache: layer  44: filtered
llama_kv_cache: layer  45: filtered
llama_kv_cache: layer  46: filtered
llama_kv_cache: layer  47: dev = CUDA0
llama_kv_cache: layer  48: filtered
llama_kv_cache: layer  49: filtered
llama_kv_cache: layer  50: filtered
llama_kv_cache: layer  51: dev = CUDA0
llama_kv_cache: layer  52: filtered
llama_kv_cache: layer  53: filtered
llama_kv_cache: layer  54: filtered
llama_kv_cache: layer  55: dev = CUDA0
llama_kv_cache: layer  56: filtered
llama_kv_cache: layer  57: filtered
llama_kv_cache: layer  58: filtered
llama_kv_cache: layer  59: dev = CUDA0
llama_kv_cache: layer  60: filtered
llama_kv_cache: layer  61: filtered
llama_kv_cache: layer  62: filtered
llama_kv_cache: layer  63: dev = CUDA0
llama_kv_cache: layer  64: filtered
llama_kv_cache:      CUDA0 KV buffer size =   400.00 MiB
llama_kv_cache: size =  400.00 MiB (  6400 cells,  16 layers,  1/1 seqs), K (f16):  200.00 MiB, V (f16):  200.00 MiB
llama_kv_cache: attn_rot_k = 0, n_embd_head_k_all = 256
llama_kv_cache: attn_rot_v = 0, n_embd_head_k_all = 256
llama_memory_recurrent, layer   0: dev = CUDA0
llama_memory_recurrent, layer   1: dev = CUDA0
llama_memory_recurrent, layer   2: dev = CUDA0
llama_memory_recurrent: layer   3: skipped
llama_memory_recurrent, layer   4: dev = CUDA0
llama_memory_recurrent, layer   5: dev = CUDA0
llama_memory_recurrent, layer   6: dev = CUDA0
llama_memory_recurrent: layer   7: skipped
llama_memory_recurrent, layer   8: dev = CUDA0
llama_memory_recurrent, layer   9: dev = CUDA0
llama_memory_recurrent, layer  10: dev = CUDA0
llama_memory_recurrent: layer  11: skipped
llama_memory_recurrent, layer  12: dev = CUDA0
llama_memory_recurrent, layer  13: dev = CUDA0
llama_memory_recurrent, layer  14: dev = CUDA0
llama_memory_recurrent: layer  15: skipped
llama_memory_recurrent, layer  16: dev = CUDA0
llama_memory_recurrent, layer  17: dev = CUDA0
llama_memory_recurrent, layer  18: dev = CUDA0
llama_memory_recurrent: layer  19: skipped
llama_memory_recurrent, layer  20: dev = CUDA0
llama_memory_recurrent, layer  21: dev = CUDA0
llama_memory_recurrent, layer  22: dev = CUDA0
llama_memory_recurrent: layer  23: skipped
llama_memory_recurrent, layer  24: dev = CUDA0
llama_memory_recurrent, layer  25: dev = CUDA0
llama_memory_recurrent, layer  26: dev = CUDA0
llama_memory_recurrent: layer  27: skipped
llama_memory_recurrent, layer  28: dev = CUDA0
llama_memory_recurrent, layer  29: dev = CUDA0
llama_memory_recurrent, layer  30: dev = CUDA0
llama_memory_recurrent: layer  31: skipped
llama_memory_recurrent, layer  32: dev = CUDA0
llama_memory_recurrent, layer  33: dev = CUDA0
llama_memory_recurrent, layer  34: dev = CUDA0
llama_memory_recurrent: layer  35: skipped
llama_memory_recurrent, layer  36: dev = CUDA0
llama_memory_recurrent, layer  37: dev = CUDA0
llama_memory_recurrent, layer  38: dev = CUDA0
llama_memory_recurrent: layer  39: skipped
llama_memory_recurrent, layer  40: dev = CUDA0
llama_memory_recurrent, layer  41: dev = CUDA0
llama_memory_recurrent, layer  42: dev = CUDA0
llama_memory_recurrent: layer  43: skipped
llama_memory_recurrent, layer  44: dev = CUDA0
llama_memory_recurrent, layer  45: dev = CUDA0
llama_memory_recurrent, layer  46: dev = CUDA0
llama_memory_recurrent: layer  47: skipped
llama_memory_recurrent, layer  48: dev = CUDA0
llama_memory_recurrent, layer  49: dev = CUDA0
llama_memory_recurrent, layer  50: dev = CUDA0
llama_memory_recurrent: layer  51: skipped
llama_memory_recurrent, layer  52: dev = CUDA0
llama_memory_recurrent, layer  53: dev = CUDA0
llama_memory_recurrent, layer  54: dev = CUDA0
llama_memory_recurrent: layer  55: skipped
llama_memory_recurrent, layer  56: dev = CUDA0
llama_memory_recurrent, layer  57: dev = CUDA0
llama_memory_recurrent, layer  58: dev = CUDA0
llama_memory_recurrent: layer  59: skipped
llama_memory_recurrent, layer  60: dev = CUDA0
llama_memory_recurrent, layer  61: dev = CUDA0
llama_memory_recurrent, layer  62: dev = CUDA0
llama_memory_recurrent: layer  63: skipped
llama_memory_recurrent:      CUDA0 RS buffer size =   149.62 MiB
llama_memory_recurrent: size =  149.62 MiB (     1 cells,  64 layers,  1 seqs  0 rs_seq), R (f32):    5.62 MiB, S (f32):  144.00 MiB
llama_context: enumerating backends
llama_context: backend_ptrs.size() = 3
llama_context: pipeline parallelism enabled
sched_reserve: reserving ...
sched_reserve: max_nodes = 27712
sched_reserve: reserving full memory module
sched_reserve: worst-case: n_tokens = 256, n_seqs = 1, n_outputs = 1
sched_reserve: resolving fused Gated Delta Net support:
graph_reserve: reserving a graph for ubatch with n_tokens =    1, n_seqs =  1, n_outputs =    1
sched_reserve: fused Gated Delta Net (autoregressive) enabled
graph_reserve: reserving a graph for ubatch with n_tokens =   16, n_seqs =  1, n_outputs =   16
sched_reserve: fused Gated Delta Net (chunked) enabled
graph_reserve: reserving a graph for ubatch with n_tokens =  256, n_seqs =  1, n_outputs =  256
graph_reserve: reserving a graph for ubatch with n_tokens =    1, n_seqs =  1, n_outputs =    1
graph_reserve: reserving a graph for ubatch with n_tokens =  256, n_seqs =  1, n_outputs =  256
sched_reserve:      CUDA0 compute buffer size =   305.53 MiB
sched_reserve:  CUDA_Host compute buffer size =    43.03 MiB
sched_reserve: graph nodes  = 3735
sched_reserve: graph splits = 2
sched_reserve: reserve took 14.52 ms, sched copies = 4
[exp8022] phase=8033_after_context_create elapsed_s=0.018 completed=0 pending=0
[exp8022] phase=8033_before_eval elapsed_s=0.019 completed=0 pending=122
[exp8022] phase=8033_after_eval elapsed_s=0.207 completed=122 pending=0
[exp8022] phase=8033_before_context_close elapsed_s=0.259 completed=0 pending=0
~llama_context:      CUDA0 compute buffer size is 305.5278 MiB, matches expectation of 305.5278 MiB
~llama_context:      CUDA1 compute buffer size is   0.0000 MiB, matches expectation of   0.0000 MiB
~llama_context:  CUDA_Host compute buffer size is  43.0313 MiB, matches expectation of  43.0313 MiB
[exp8022] phase=8033_after_context_close elapsed_s=0.763 completed=0 pending=0
[exp8059] phase=after_teacher_forcing elapsed_s=120.487 completed=30 pending=354
[exp8059] phase=before_teacher_forcing elapsed_s=120.490 completed=30 pending=354
[exp8022] phase=8033_before_context_create elapsed_s=0.000 completed=0 pending=0
llama_context: constructing llama_context
llama_context: n_seq_max     = 1
llama_context: n_ctx         = 6400
llama_context: n_ctx_seq     = 6400
llama_context: n_batch       = 256
llama_context: n_ubatch      = 256
llama_context: causal_attn   = 1
llama_context: flash_attn    = disabled
llama_context: kv_unified    = false
llama_context: freq_base     = 10000000.0
llama_context: freq_scale    = 1
llama_context: n_rs_seq      = 0
llama_context: n_outputs_max = 256
llama_context: n_ctx_seq (6400) < n_ctx_train (262144) -- the full capacity of the model will not be utilized
set_abort_callback: call
llama_context:  CUDA_Host  output buffer size =     0.95 MiB
llama_kv_cache: layer   0: filtered
llama_kv_cache: layer   1: filtered
llama_kv_cache: layer   2: filtered
llama_kv_cache: layer   3: dev = CUDA0
llama_kv_cache: layer   4: filtered
llama_kv_cache: layer   5: filtered
llama_kv_cache: layer   6: filtered
llama_kv_cache: layer   7: dev = CUDA0
llama_kv_cache: layer   8: filtered
llama_kv_cache: layer   9: filtered
llama_kv_cache: layer  10: filtered
llama_kv_cache: layer  11: dev = CUDA0
llama_kv_cache: layer  12: filtered
llama_kv_cache: layer  13: filtered
llama_kv_cache: layer  14: filtered
llama_kv_cache: layer  15: dev = CUDA0
llama_kv_cache: layer  16: filtered
llama_kv_cache: layer  17: filtered
llama_kv_cache: layer  18: filtered
llama_kv_cache: layer  19: dev = CUDA0
llama_kv_cache: layer  20: filtered
llama_kv_cache: layer  21: filtered
llama_kv_cache: layer  22: filtered
llama_kv_cache: layer  23: dev = CUDA0
llama_kv_cache: layer  24: filtered
llama_kv_cache: layer  25: filtered
llama_kv_cache: layer  26: filtered
llama_kv_cache: layer  27: dev = CUDA0
llama_kv_cache: layer  28: filtered
llama_kv_cache: layer  29: filtered
llama_kv_cache: layer  30: filtered
llama_kv_cache: layer  31: dev = CUDA0
llama_kv_cache: layer  32: filtered
llama_kv_cache: layer  33: filtered
llama_kv_cache: layer  34: filtered
llama_kv_cache: layer  35: dev = CUDA0
llama_kv_cache: layer  36: filtered
llama_kv_cache: layer  37: filtered
llama_kv_cache: layer  38: filtered
llama_kv_cache: layer  39: dev = CUDA0
llama_kv_cache: layer  40: filtered
llama_kv_cache: layer  41: filtered
llama_kv_cache: layer  42: filtered
llama_kv_cache: layer  43: dev = CUDA0
llama_kv_cache: layer  44: filtered
llama_kv_cache: layer  45: filtered
llama_kv_cache: layer  46: filtered
llama_kv_cache: layer  47: dev = CUDA0
llama_kv_cache: layer  48: filtered
llama_kv_cache: layer  49: filtered
llama_kv_cache: layer  50: filtered
llama_kv_cache: layer  51: dev = CUDA0
llama_kv_cache: layer  52: filtered
llama_kv_cache: layer  53: filtered
llama_kv_cache: layer  54: filtered
llama_kv_cache: layer  55: dev = CUDA0
llama_kv_cache: layer  56: filtered
llama_kv_cache: layer  57: filtered
llama_kv_cache: layer  58: filtered
llama_kv_cache: layer  59: dev = CUDA0
llama_kv_cache: layer  60: filtered
llama_kv_cache: layer  61: filtered
llama_kv_cache: layer  62: filtered
llama_kv_cache: layer  63: dev = CUDA0
llama_kv_cache: layer  64: filtered
llama_kv_cache:      CUDA0 KV buffer size =   400.00 MiB
llama_kv_cache: size =  400.00 MiB (  6400 cells,  16 layers,  1/1 seqs), K (f16):  200.00 MiB, V (f16):  200.00 MiB
llama_kv_cache: attn_rot_k = 0, n_embd_head_k_all = 256
llama_kv_cache: attn_rot_v = 0, n_embd_head_k_all = 256
llama_memory_recurrent, layer   0: dev = CUDA0
llama_memory_recurrent, layer   1: dev = CUDA0
llama_memory_recurrent, layer   2: dev = CUDA0
llama_memory_recurrent: layer   3: skipped
llama_memory_recurrent, layer   4: dev = CUDA0
llama_memory_recurrent, layer   5: dev = CUDA0
llama_memory_recurrent, layer   6: dev = CUDA0
llama_memory_recurrent: layer   7: skipped
llama_memory_recurrent, layer   8: dev = CUDA0
llama_memory_recurrent, layer   9: dev = CUDA0
llama_memory_recurrent, layer  10: dev = CUDA0
llama_memory_recurrent: layer  11: skipped
llama_memory_recurrent, layer  12: dev = CUDA0
llama_memory_recurrent, layer  13: dev = CUDA0
llama_memory_recurrent, layer  14: dev = CUDA0
llama_memory_recurrent: layer  15: skipped
llama_memory_recurrent, layer  16: dev = CUDA0
llama_memory_recurrent, layer  17: dev = CUDA0
llama_memory_recurrent, layer  18: dev = CUDA0
llama_memory_recurrent: layer  19: skipped
llama_memory_recurrent, layer  20: dev = CUDA0
llama_memory_recurrent, layer  21: dev = CUDA0
llama_memory_recurrent, layer  22: dev = CUDA0
llama_memory_recurrent: layer  23: skipped
llama_memory_recurrent, layer  24: dev = CUDA0
llama_memory_recurrent, layer  25: dev = CUDA0
llama_memory_recurrent, layer  26: dev = CUDA0
llama_memory_recurrent: layer  27: skipped
llama_memory_recurrent, layer  28: dev = CUDA0
llama_memory_recurrent, layer  29: dev = CUDA0
llama_memory_recurrent, layer  30: dev = CUDA0
llama_memory_recurrent: layer  31: skipped
llama_memory_recurrent, layer  32: dev = CUDA0
llama_memory_recurrent, layer  33: dev = CUDA0
llama_memory_recurrent, layer  34: dev = CUDA0
llama_memory_recurrent: layer  35: skipped
llama_memory_recurrent, layer  36: dev = CUDA0
llama_memory_recurrent, layer  37: dev = CUDA0
llama_memory_recurrent, layer  38: dev = CUDA0
llama_memory_recurrent: layer  39: skipped
llama_memory_recurrent, layer  40: dev = CUDA0
llama_memory_recurrent, layer  41: dev = CUDA0
llama_memory_recurrent, layer  42: dev = CUDA0
llama_memory_recurrent: layer  43: skipped
llama_memory_recurrent, layer  44: dev = CUDA0
llama_memory_recurrent, layer  45: dev = CUDA0
llama_memory_recurrent, layer  46: dev = CUDA0
llama_memory_recurrent: layer  47: skipped
llama_memory_recurrent, layer  48: dev = CUDA0
llama_memory_recurrent, layer  49: dev = CUDA0
llama_memory_recurrent, layer  50: dev = CUDA0
llama_memory_recurrent: layer  51: skipped
llama_memory_recurrent, layer  52: dev = CUDA0
llama_memory_recurrent, layer  53: dev = CUDA0
llama_memory_recurrent, layer  54: dev = CUDA0
llama_memory_recurrent: layer  55: skipped
llama_memory_recurrent, layer  56: dev = CUDA0
llama_memory_recurrent, layer  57: dev = CUDA0
llama_memory_recurrent, layer  58: dev = CUDA0
llama_memory_recurrent: layer  59: skipped
llama_memory_recurrent, layer  60: dev = CUDA0
llama_memory_recurrent, layer  61: dev = CUDA0
llama_memory_recurrent, layer  62: dev = CUDA0
llama_memory_recurrent: layer  63: skipped
llama_memory_recurrent:      CUDA0 RS buffer size =   149.62 MiB
llama_memory_recurrent: size =  149.62 MiB (     1 cells,  64 layers,  1 seqs  0 rs_seq), R (f32):    5.62 MiB, S (f32):  144.00 MiB
llama_context: enumerating backends
llama_context: backend_ptrs.size() = 3
llama_context: pipeline parallelism enabled
sched_reserve: reserving ...
sched_reserve: max_nodes = 27712
sched_reserve: reserving full memory module
sched_reserve: worst-case: n_tokens = 256, n_seqs = 1, n_outputs = 1
sched_reserve: resolving fused Gated Delta Net support:
graph_reserve: reserving a graph for ubatch with n_tokens =    1, n_seqs =  1, n_outputs =    1
sched_reserve: fused Gated Delta Net (autoregressive) enabled
graph_reserve: reserving a graph for ubatch with n_tokens =   16, n_seqs =  1, n_outputs =   16
sched_reserve: fused Gated Delta Net (chunked) enabled
graph_reserve: reserving a graph for ubatch with n_tokens =  256, n_seqs =  1, n_outputs =  256
graph_reserve: reserving a graph for ubatch with n_tokens =    1, n_seqs =  1, n_outputs =    1
graph_reserve: reserving a graph for ubatch with n_tokens =  256, n_seqs =  1, n_outputs =  256
sched_reserve:      CUDA0 compute buffer size =   305.53 MiB
sched_reserve:  CUDA_Host compute buffer size =    43.03 MiB
sched_reserve: graph nodes  = 3735
sched_reserve: graph splits = 2
sched_reserve: reserve took 15.85 ms, sched copies = 4
[exp8022] phase=8033_after_context_create elapsed_s=0.021 completed=0 pending=0
[exp8022] phase=8033_before_eval elapsed_s=0.022 completed=0 pending=1011
[exp8022] phase=8033_after_eval elapsed_s=1.294 completed=1011 pending=0
[exp8022] phase=8033_before_context_close elapsed_s=1.428 completed=0 pending=0
~llama_context:      CUDA0 compute buffer size is 305.5278 MiB, matches expectation of 305.5278 MiB
~llama_context:      CUDA1 compute buffer size is   0.0000 MiB, matches expectation of   0.0000 MiB
~llama_context:  CUDA_Host compute buffer size is  43.0313 MiB, matches expectation of  43.0313 MiB
[exp8022] phase=8033_after_context_close elapsed_s=1.807 completed=0 pending=0
[exp8059] phase=after_teacher_forcing elapsed_s=122.298 completed=31 pending=353
[exp8059] phase=before_teacher_forcing elapsed_s=122.302 completed=31 pending=353
[exp8022] phase=8033_before_context_create elapsed_s=0.000 completed=0 pending=0
llama_context: constructing llama_context
llama_context: n_seq_max     = 1
llama_context: n_ctx         = 6400
llama_context: n_ctx_seq     = 6400
llama_context: n_batch       = 256
llama_context: n_ubatch      = 256
llama_context: causal_attn   = 1
llama_context: flash_attn    = disabled
llama_context: kv_unified    = false
llama_context: freq_base     = 10000000.0
llama_context: freq_scale    = 1
llama_context: n_rs_seq      = 0
llama_context: n_outputs_max = 256
llama_context: n_ctx_seq (6400) < n_ctx_train (262144) -- the full capacity of the model will not be utilized
set_abort_callback: call
llama_context:  CUDA_Host  output buffer size =     0.95 MiB
llama_kv_cache: layer   0: filtered
llama_kv_cache: layer   1: filtered
llama_kv_cache: layer   2: filtered
llama_kv_cache: layer   3: dev = CUDA0
llama_kv_cache: layer   4: filtered
llama_kv_cache: layer   5: filtered
llama_kv_cache: layer   6: filtered
llama_kv_cache: layer   7: dev = CUDA0
llama_kv_cache: layer   8: filtered
llama_kv_cache: layer   9: filtered
llama_kv_cache: layer  10: filtered
llama_kv_cache: layer  11: dev = CUDA0
llama_kv_cache: layer  12: filtered
llama_kv_cache: layer  13: filtered
llama_kv_cache: layer  14: filtered
llama_kv_cache: layer  15: dev = CUDA0
llama_kv_cache: layer  16: filtered
llama_kv_cache: layer  17: filtered
llama_kv_cache: layer  18: filtered
llama_kv_cache: layer  19: dev = CUDA0
llama_kv_cache: layer  20: filtered
llama_kv_cache: layer  21: filtered
llama_kv_cache: layer  22: filtered
llama_kv_cache: layer  23: dev = CUDA0
llama_kv_cache: layer  24: filtered
llama_kv_cache: layer  25: filtered
llama_kv_cache: layer  26: filtered
llama_kv_cache: layer  27: dev = CUDA0
llama_kv_cache: layer  28: filtered
llama_kv_cache: layer  29: filtered
llama_kv_cache: layer  30: filtered
llama_kv_cache: layer  31: dev = CUDA0
llama_kv_cache: layer  32: filtered
llama_kv_cache: layer  33: filtered
llama_kv_cache: layer  34: filtered
llama_kv_cache: layer  35: dev = CUDA0
llama_kv_cache: layer  36: filtered
llama_kv_cache: layer  37: filtered
llama_kv_cache: layer  38: filtered
llama_kv_cache: layer  39: dev = CUDA0
llama_kv_cache: layer  40: filtered
llama_kv_cache: layer  41: filtered
llama_kv_cache: layer  42: filtered
llama_kv_cache: layer  43: dev = CUDA0
llama_kv_cache: layer  44: filtered
llama_kv_cache: layer  45: filtered
llama_kv_cache: layer  46: filtered
llama_kv_cache: layer  47: dev = CUDA0
llama_kv_cache: layer  48: filtered
llama_kv_cache: layer  49: filtered
llama_kv_cache: layer  50: filtered
llama_kv_cache: layer  51: dev = CUDA0
llama_kv_cache: layer  52: filtered
llama_kv_cache: layer  53: filtered
llama_kv_cache: layer  54: filtered
llama_kv_cache: layer  55: dev = CUDA0
llama_kv_cache: layer  56: filtered
llama_kv_cache: layer  57: filtered
llama_kv_cache: layer  58: filtered
llama_kv_cache: layer  59: dev = CUDA0
llama_kv_cache: layer  60: filtered
llama_kv_cache: layer  61: filtered
llama_kv_cache: layer  62: filtered
llama_kv_cache: layer  63: dev = CUDA0
llama_kv_cache: layer  64: filtered
llama_kv_cache:      CUDA0 KV buffer size =   400.00 MiB
llama_kv_cache: size =  400.00 MiB (  6400 cells,  16 layers,  1/1 seqs), K (f16):  200.00 MiB, V (f16):  200.00 MiB
llama_kv_cache: attn_rot_k = 0, n_embd_head_k_all = 256
llama_kv_cache: attn_rot_v = 0, n_embd_head_k_all = 256
llama_memory_recurrent, layer   0: dev = CUDA0
llama_memory_recurrent, layer   1: dev = CUDA0
llama_memory_recurrent, layer   2: dev = CUDA0
llama_memory_recurrent: layer   3: skipped
llama_memory_recurrent, layer   4: dev = CUDA0
llama_memory_recurrent, layer   5: dev = CUDA0
llama_memory_recurrent, layer   6: dev = CUDA0
llama_memory_recurrent: layer   7: skipped
llama_memory_recurrent, layer   8: dev = CUDA0
llama_memory_recurrent, layer   9: dev = CUDA0
llama_memory_recurrent, layer  10: dev = CUDA0
llama_memory_recurrent: layer  11: skipped
llama_memory_recurrent, layer  12: dev = CUDA0
llama_memory_recurrent, layer  13: dev = CUDA0
llama_memory_recurrent, layer  14: dev = CUDA0
llama_memory_recurrent: layer  15: skipped
llama_memory_recurrent, layer  16: dev = CUDA0
llama_memory_recurrent, layer  17: dev = CUDA0
llama_memory_recurrent, layer  18: dev = CUDA0
llama_memory_recurrent: layer  19: skipped
llama_memory_recurrent, layer  20: dev = CUDA0
llama_memory_recurrent, layer  21: dev = CUDA0
llama_memory_recurrent, layer  22: dev = CUDA0
llama_memory_recurrent: layer  23: skipped
llama_memory_recurrent, layer  24: dev = CUDA0
llama_memory_recurrent, layer  25: dev = CUDA0
llama_memory_recurrent, layer  26: dev = CUDA0
llama_memory_recurrent: layer  27: skipped
llama_memory_recurrent, layer  28: dev = CUDA0
llama_memory_recurrent, layer  29: dev = CUDA0
llama_memory_recurrent, layer  30: dev = CUDA0
llama_memory_recurrent: layer  31: skipped
llama_memory_recurrent, layer  32: dev = CUDA0
llama_memory_recurrent, layer  33: dev = CUDA0
llama_memory_recurrent, layer  34: dev = CUDA0
llama_memory_recurrent: layer  35: skipped
llama_memory_recurrent, layer  36: dev = CUDA0
llama_memory_recurrent, layer  37: dev = CUDA0
llama_memory_recurrent, layer  38: dev = CUDA0
llama_memory_recurrent: layer  39: skipped
llama_memory_recurrent, layer  40: dev = CUDA0
llama_memory_recurrent, layer  41: dev = CUDA0
llama_memory_recurrent, layer  42: dev = CUDA0
llama_memory_recurrent: layer  43: skipped
llama_memory_recurrent, layer  44: dev = CUDA0
llama_memory_recurrent, layer  45: dev = CUDA0
llama_memory_recurrent, layer  46: dev = CUDA0
llama_memory_recurrent: layer  47: skipped
llama_memory_recurrent, layer  48: dev = CUDA0
llama_memory_recurrent, layer  49: dev = CUDA0
llama_memory_recurrent, layer  50: dev = CUDA0
llama_memory_recurrent: layer  51: skipped
llama_memory_recurrent, layer  52: dev = CUDA0
llama_memory_recurrent, layer  53: dev = CUDA0
llama_memory_recurrent, layer  54: dev = CUDA0
llama_memory_recurrent: layer  55: skipped
llama_memory_recurrent, layer  56: dev = CUDA0
llama_memory_recurrent, layer  57: dev = CUDA0
llama_memory_recurrent, layer  58: dev = CUDA0
llama_memory_recurrent: layer  59: skipped
llama_memory_recurrent, layer  60: dev = CUDA0
llama_memory_recurrent, layer  61: dev = CUDA0
llama_memory_recurrent, layer  62: dev = CUDA0
llama_memory_recurrent: layer  63: skipped
llama_memory_recurrent:      CUDA0 RS buffer size =   149.62 MiB
llama_memory_recurrent: size =  149.62 MiB (     1 cells,  64 layers,  1 seqs  0 rs_seq), R (f32):    5.62 MiB, S (f32):  144.00 MiB
llama_context: enumerating backends
llama_context: backend_ptrs.size() = 3
llama_context: pipeline parallelism enabled
sched_reserve: reserving ...
sched_reserve: max_nodes = 27712
sched_reserve: reserving full memory module
sched_reserve: worst-case: n_tokens = 256, n_seqs = 1, n_outputs = 1
sched_reserve: resolving fused Gated Delta Net support:
graph_reserve: reserving a graph for ubatch with n_tokens =    1, n_seqs =  1, n_outputs =    1
sched_reserve: fused Gated Delta Net (autoregressive) enabled
graph_reserve: reserving a graph for ubatch with n_tokens =   16, n_seqs =  1, n_outputs =   16
sched_reserve: fused Gated Delta Net (chunked) enabled
graph_reserve: reserving a graph for ubatch with n_tokens =  256, n_seqs =  1, n_outputs =  256
graph_reserve: reserving a graph for ubatch with n_tokens =    1, n_seqs =  1, n_outputs =    1
graph_reserve: reserving a graph for ubatch with n_tokens =  256, n_seqs =  1, n_outputs =  256
sched_reserve:      CUDA0 compute buffer size =   305.53 MiB
sched_reserve:  CUDA_Host compute buffer size =    43.03 MiB
sched_reserve: graph nodes  = 3735
sched_reserve: graph splits = 2
sched_reserve: reserve took 19.54 ms, sched copies = 4
[exp8022] phase=8033_after_context_create elapsed_s=0.024 completed=0 pending=0
[exp8022] phase=8033_before_eval elapsed_s=0.025 completed=0 pending=270
[exp8022] phase=8033_after_eval elapsed_s=0.441 completed=270 pending=0
[exp8022] phase=8033_before_context_close elapsed_s=0.576 completed=0 pending=0
~llama_context:      CUDA0 compute buffer size is 305.5278 MiB, matches expectation of 305.5278 MiB
~llama_context:      CUDA1 compute buffer size is   0.0000 MiB, matches expectation of   0.0000 MiB
~llama_context:  CUDA_Host compute buffer size is  43.0313 MiB, matches expectation of  43.0313 MiB
[exp8022] phase=8033_after_context_close elapsed_s=0.857 completed=0 pending=0
[exp8059] phase=after_teacher_forcing elapsed_s=123.159 completed=32 pending=352
[exp8059] phase=pilot_complete elapsed_s=123.163 completed=32 pending=352
[exp8022] phase=after_benchmark elapsed_s=124.319 completed=8 pending=0
[exp8022] phase=before_model_unload elapsed_s=124.320 completed=0 pending=0
~llama_context:      CUDA0 compute buffer size is 305.5278 MiB, matches expectation of 305.5278 MiB
~llama_context:      CUDA1 compute buffer size is   0.0000 MiB, matches expectation of   0.0000 MiB
~llama_context:  CUDA_Host compute buffer size is  43.0313 MiB, matches expectation of  43.0313 MiB
[exp7303-validation] before_subprocess unloaded elapsed_s=0.000 unit=1/1
[exp7303-validation:unloaded] 304
[exp7303-validation] after_subprocess unloaded elapsed_s=0.015 exit=0 unit=1/1
[exp8022] phase=after_model_unload elapsed_s=124.732 completed=0 pending=0
[exp8059] phase=after_model_subprocess_work elapsed_s=124.775 completed=0 pending=0
