ggml_cuda_init: found 2 CUDA devices (Total VRAM: 48247 MiB):
  Device 0: NVIDIA GeForce RTX 3090, compute capability 8.6, VMM: yes, VRAM: 24123 MiB
  Device 1: NVIDIA GeForce RTX 3090, compute capability 8.6, VMM: yes, VRAM: 24123 MiB
llama_model_loader: loaded meta data with 54 key-value pairs and 733 tensors from /home/ianblenke/.cache/huggingface/hub/models--unsloth--Qwen3.6-35B-A3B-GGUF/snapshots/a483e9e6cbd595906af30beda3187c2663a1118c/Qwen3.6-35B-A3B-UD-Q4_K_M.gguf (version GGUF V3 (latest))
llama_model_loader: Dumping metadata keys/values. Note: KV overrides do not apply in this output.
llama_model_loader: - kv   0:                       general.architecture str              = qwen35moe
llama_model_loader: - kv   1:                               general.type str              = model
llama_model_loader: - kv   2:                     general.sampling.top_k i32              = 20
llama_model_loader: - kv   3:                     general.sampling.top_p f32              = 0.950000
llama_model_loader: - kv   4:                      general.sampling.temp f32              = 1.000000
llama_model_loader: - kv   5:                               general.name str              = Qwen3.6-35B-A3B
llama_model_loader: - kv   6:                           general.basename str              = Qwen3.6-35B-A3B
llama_model_loader: - kv   7:                       general.quantized_by str              = Unsloth
llama_model_loader: - kv   8:                         general.size_label str              = 35B-A3B
llama_model_loader: - kv   9:                            general.license str              = apache-2.0
llama_model_loader: - kv  10:                       general.license.link str              = https://huggingface.co/Qwen/Qwen3.6-3...
llama_model_loader: - kv  11:                           general.repo_url str              = https://huggingface.co/unsloth
llama_model_loader: - kv  12:                   general.base_model.count u32              = 1
llama_model_loader: - kv  13:                  general.base_model.0.name str              = Qwen3.6 35B A3B
llama_model_loader: - kv  14:          general.base_model.0.organization str              = Qwen
llama_model_loader: - kv  15:              general.base_model.0.repo_url str              = https://huggingface.co/Qwen/Qwen3.6-3...
llama_model_loader: - kv  16:                               general.tags arr[str,3]       = ["qwen3_5_moe", "qwen", "image-text-t...
llama_model_loader: - kv  17:                      qwen35moe.block_count u32              = 40
llama_model_loader: - kv  18:                   qwen35moe.context_length u32              = 262144
llama_model_loader: - kv  19:                 qwen35moe.embedding_length u32              = 2048
llama_model_loader: - kv  20:             qwen35moe.attention.head_count u32              = 16
llama_model_loader: - kv  21:          qwen35moe.attention.head_count_kv u32              = 2
llama_model_loader: - kv  22:          qwen35moe.rope.dimension_sections arr[i32,4]       = [11, 11, 10, 0]
llama_model_loader: - kv  23:                   qwen35moe.rope.freq_base f32              = 10000000.000000
llama_model_loader: - kv  24: qwen35moe.attention.layer_norm_rms_epsilon f32              = 0.000001
llama_model_loader: - kv  25:                     qwen35moe.expert_count u32              = 256
llama_model_loader: - kv  26:                qwen35moe.expert_used_count u32              = 8
llama_model_loader: - kv  27:             qwen35moe.attention.key_length u32              = 256
llama_model_loader: - kv  28:           qwen35moe.attention.value_length u32              = 256
llama_model_loader: - kv  29:       qwen35moe.expert_feed_forward_length u32              = 512
llama_model_loader: - kv  30: qwen35moe.expert_shared_feed_forward_length u32              = 512
llama_model_loader: - kv  31:                  qwen35moe.ssm.conv_kernel u32              = 4
llama_model_loader: - kv  32:                   qwen35moe.ssm.state_size u32              = 128
llama_model_loader: - kv  33:                  qwen35moe.ssm.group_count u32              = 16
llama_model_loader: - kv  34:               qwen35moe.ssm.time_step_rank u32              = 32
llama_model_loader: - kv  35:                   qwen35moe.ssm.inner_size u32              = 4096
llama_model_loader: - kv  36:          qwen35moe.full_attention_interval u32              = 4
llama_model_loader: - kv  37:             qwen35moe.rope.dimension_count u32              = 64
llama_model_loader: - kv  38:                       tokenizer.ggml.model str              = gpt2
llama_model_loader: - kv  39:                         tokenizer.ggml.pre str              = qwen35
llama_model_loader: - kv  40:                      tokenizer.ggml.tokens arr[str,248320]  = ["!", "\"", "#", "$", "%", "&", "'", ...
llama_model_loader: - kv  41:                  tokenizer.ggml.token_type arr[i32,248320]  = [1, 1, 1, 1, 1, 1, 1, 1, 1, 1, 1, 1, ...
llama_model_loader: - kv  42:                      tokenizer.ggml.merges arr[str,247587]  = ["Ġ Ġ", "ĠĠ ĠĠ", "i n", "Ġ t",...
llama_model_loader: - kv  43:                tokenizer.ggml.eos_token_id u32              = 248046
llama_model_loader: - kv  44:            tokenizer.ggml.padding_token_id u32              = 248055
llama_model_loader: - kv  45:                tokenizer.ggml.bos_token_id u32              = 248044
llama_model_loader: - kv  46:               tokenizer.ggml.add_bos_token bool             = false
llama_model_loader: - kv  47:                    tokenizer.chat_template str              = {%- set image_count = namespace(value...
llama_model_loader: - kv  48:               general.quantization_version u32              = 2
llama_model_loader: - kv  49:                          general.file_type u32              = 15
llama_model_loader: - kv  50:                      quantize.imatrix.file str              = Qwen3.6-35B-A3B-GGUF/imatrix_unsloth....
llama_model_loader: - kv  51:                   quantize.imatrix.dataset str              = unsloth_calibration_Qwen3.6-35B-A3B.txt
llama_model_loader: - kv  52:             quantize.imatrix.entries_count u32              = 510
llama_model_loader: - kv  53:              quantize.imatrix.chunks_count u32              = 76
llama_model_loader: - type  f32:  361 tensors
llama_model_loader: - type q8_0:  251 tensors
llama_model_loader: - type q4_K:   80 tensors
llama_model_loader: - type q5_K:   37 tensors
llama_model_loader: - type q6_K:    4 tensors
print_info: file format = GGUF V3 (latest)
print_info: file type   = Q4_K - Medium
print_info: file size   = 20.60 GiB (5.11 BPW) 
llama_prepare_model_devices: using device CUDA0 (NVIDIA GeForce RTX 3090) (0000:03:00.0) - 23858 MiB free
llama_prepare_model_devices: using device CUDA1 (NVIDIA GeForce RTX 3090) (0000:62:00.0) - 23858 MiB free
init_tokenizer: initializing tokenizer for type 2
load: 0 unused tokens
load: control token: 248075 '<tts_text_bos_single>' is not marked as EOG
load: control token: 248073 '<tts_text_bos>' is not marked as EOG
load: control token: 248072 '<tts_pad>' is not marked as EOG
load: control token: 248071 '<|audio_end|>' is not marked as EOG
load: control token: 248061 '<|fim_middle|>' is not marked as EOG
load: control token: 248055 '<|vision_pad|>' is not marked as EOG
load: control token: 248052 '<|quad_end|>' is not marked as EOG
load: control token: 248049 '<|box_start|>' is not marked as EOG
load: control token: 248048 '<|object_ref_end|>' is not marked as EOG
load: control token: 248045 '<|im_start|>' is not marked as EOG
load: control token: 248057 '<|video_pad|>' is not marked as EOG
load: control token: 248070 '<|audio_start|>' is not marked as EOG
load: control token: 248056 '<|image_pad|>' is not marked as EOG
load: control token: 248054 '<|vision_end|>' is not marked as EOG
load: control token: 248060 '<|fim_prefix|>' is not marked as EOG
load: control token: 248050 '<|box_end|>' is not marked as EOG
load: control token: 248074 '<tts_text_eod>' is not marked as EOG
load: control token: 248053 '<|vision_start|>' is not marked as EOG
load: control token: 248062 '<|fim_suffix|>' is not marked as EOG
load: control token: 248047 '<|object_ref_start|>' is not marked as EOG
load: control token: 248051 '<|quad_start|>' is not marked as EOG
load: control token: 248076 '<|audio_pad|>' is not marked as EOG
load: printing all EOG tokens:
load:   - 248044 ('<|endoftext|>')
load:   - 248046 ('<|im_end|>')
load:   - 248063 ('<|fim_pad|>')
load:   - 248064 ('<|repo_name|>')
load:   - 248065 ('<|file_sep|>')
load: special tokens cache size = 33
load: token to piece cache size = 1.7581 MB
print_info: arch                  = qwen35moe
print_info: vocab_only            = 0
print_info: no_alloc              = 0
print_info: n_ctx_train           = 262144
print_info: n_embd_inp            = 2048
print_info: n_embd                = 2048
print_info: n_embd_out            = 2048
print_info: n_layer               = 40
print_info: n_layer_all           = 40
print_info: n_head                = 16
print_info: n_head_kv             = 2
print_info: n_rot                 = 64
print_info: n_swa                 = 0
print_info: is_swa_any            = 0
print_info: n_embd_head_k         = 256
print_info: n_embd_head_v         = 256
print_info: n_gqa                 = 8
print_info: n_embd_k_gqa          = 512
print_info: n_embd_v_gqa          = 512
print_info: f_norm_eps            = 0.0e+00
print_info: f_norm_rms_eps        = 1.0e-06
print_info: f_clamp_kqv           = 0.0e+00
print_info: f_max_alibi_bias      = 0.0e+00
print_info: f_logit_scale         = 0.0e+00
print_info: f_attn_scale          = 0.0e+00
print_info: f_attn_value_scale    = 0.0000
print_info: n_ff                  = 0
print_info: n_expert              = 256
print_info: n_expert_used         = 8
print_info: n_expert_groups       = 0
print_info: n_group_used          = 0
print_info: causal attn           = 1
print_info: pooling type          = -1
print_info: rope type             = 40
print_info: rope scaling          = linear
print_info: freq_base_train       = 10000000.0
print_info: freq_scale_train      = 1
print_info: n_ctx_orig_yarn       = 262144
print_info: rope_yarn_log_mul     = 0.0000
print_info: rope_finetuned        = unknown
print_info: mrope sections        = [11, 11, 10, 0]
print_info: ssm_d_conv            = 4
print_info: ssm_d_inner           = 4096
print_info: ssm_d_state           = 128
print_info: ssm_dt_rank           = 32
print_info: ssm_n_group           = 16
print_info: ssm_dt_b_c_rms        = 0
print_info: model type            = 35B.A3B
print_info: model params          = 34.66 B
print_info: general.name          = Qwen3.6-35B-A3B
print_info: vocab type            = BPE
print_info: n_vocab               = 248320
print_info: n_merges              = 247587
print_info: BOS token             = 248044 '<|endoftext|>'
print_info: EOS token             = 248046 '<|im_end|>'
print_info: EOT token             = 248046 '<|im_end|>'
print_info: PAD token             = 248055 '<|vision_pad|>'
print_info: LF token              = 198 'Ċ'
print_info: FIM PRE token         = 248060 '<|fim_prefix|>'
print_info: FIM SUF token         = 248062 '<|fim_suffix|>'
print_info: FIM MID token         = 248061 '<|fim_middle|>'
print_info: FIM PAD token         = 248063 '<|fim_pad|>'
print_info: FIM REP token         = 248064 '<|repo_name|>'
print_info: FIM SEP token         = 248065 '<|file_sep|>'
print_info: EOG token             = 248044 '<|endoftext|>'
print_info: EOG token             = 248046 '<|im_end|>'
print_info: EOG token             = 248063 '<|fim_pad|>'
print_info: EOG token             = 248064 '<|repo_name|>'
print_info: EOG token             = 248065 '<|file_sep|>'
print_info: max token length      = 256
load_tensors: loading model tensors, this can take a while... (mmap = true, direct_io = false)
load_tensors: layer   0 assigned to device CUDA0, is_swa = 0
load_tensors: layer   1 assigned to device CUDA0, is_swa = 0
load_tensors: layer   2 assigned to device CUDA0, is_swa = 0
load_tensors: layer   3 assigned to device CUDA0, is_swa = 0
load_tensors: layer   4 assigned to device CUDA0, is_swa = 0
load_tensors: layer   5 assigned to device CUDA0, is_swa = 0
load_tensors: layer   6 assigned to device CUDA0, is_swa = 0
load_tensors: layer   7 assigned to device CUDA0, is_swa = 0
load_tensors: layer   8 assigned to device CUDA0, is_swa = 0
load_tensors: layer   9 assigned to device CUDA0, is_swa = 0
load_tensors: layer  10 assigned to device CUDA0, is_swa = 0
load_tensors: layer  11 assigned to device CUDA0, is_swa = 0
load_tensors: layer  12 assigned to device CUDA0, is_swa = 0
load_tensors: layer  13 assigned to device CUDA0, is_swa = 0
load_tensors: layer  14 assigned to device CUDA0, is_swa = 0
load_tensors: layer  15 assigned to device CUDA0, is_swa = 0
load_tensors: layer  16 assigned to device CUDA0, is_swa = 0
load_tensors: layer  17 assigned to device CUDA0, is_swa = 0
load_tensors: layer  18 assigned to device CUDA0, is_swa = 0
load_tensors: layer  19 assigned to device CUDA0, is_swa = 0
load_tensors: layer  20 assigned to device CUDA0, is_swa = 0
load_tensors: layer  21 assigned to device CUDA1, is_swa = 0
load_tensors: layer  22 assigned to device CUDA1, is_swa = 0
load_tensors: layer  23 assigned to device CUDA1, is_swa = 0
load_tensors: layer  24 assigned to device CUDA1, is_swa = 0
load_tensors: layer  25 assigned to device CUDA1, is_swa = 0
load_tensors: layer  26 assigned to device CUDA1, is_swa = 0
load_tensors: layer  27 assigned to device CUDA1, is_swa = 0
load_tensors: layer  28 assigned to device CUDA1, is_swa = 0
load_tensors: layer  29 assigned to device CUDA1, is_swa = 0
load_tensors: layer  30 assigned to device CUDA1, is_swa = 0
load_tensors: layer  31 assigned to device CUDA1, is_swa = 0
load_tensors: layer  32 assigned to device CUDA1, is_swa = 0
load_tensors: layer  33 assigned to device CUDA1, is_swa = 0
load_tensors: layer  34 assigned to device CUDA1, is_swa = 0
load_tensors: layer  35 assigned to device CUDA1, is_swa = 0
load_tensors: layer  36 assigned to device CUDA1, is_swa = 0
load_tensors: layer  37 assigned to device CUDA1, is_swa = 0
load_tensors: layer  38 assigned to device CUDA1, is_swa = 0
load_tensors: layer  39 assigned to device CUDA1, is_swa = 0
load_tensors: layer  40 assigned to device CUDA1, is_swa = 0
create_tensor: loading tensor token_embd.weight
create_tensor: loading tensor output_norm.weight
create_tensor: loading tensor output.weight
create_tensor: loading tensor blk.0.attn_norm.weight
create_tensor: loading tensor blk.0.post_attention_norm.weight
create_tensor: loading tensor blk.0.attn_qkv.weight
create_tensor: loading tensor blk.0.attn_gate.weight
create_tensor: loading tensor blk.0.ssm_conv1d.weight
create_tensor: loading tensor blk.0.ssm_dt.bias
create_tensor: loading tensor blk.0.ssm_a
create_tensor: loading tensor blk.0.ssm_beta.weight
create_tensor: loading tensor blk.0.ssm_alpha.weight
create_tensor: loading tensor blk.0.ssm_norm.weight
create_tensor: loading tensor blk.0.ssm_out.weight
create_tensor: loading tensor blk.0.ffn_gate_inp.weight
create_tensor: loading tensor blk.0.ffn_down_exps.weight
create_tensor: loading tensor blk.0.ffn_gate_exps.weight
create_tensor: loading tensor blk.0.ffn_up_exps.weight
create_tensor: loading tensor blk.0.ffn_gate_inp_shexp.weight
create_tensor: loading tensor blk.0.ffn_gate_shexp.weight
create_tensor: loading tensor blk.0.ffn_up_shexp.weight
create_tensor: loading tensor blk.0.ffn_down_shexp.weight
create_tensor: loading tensor blk.1.attn_norm.weight
create_tensor: loading tensor blk.1.post_attention_norm.weight
create_tensor: loading tensor blk.1.attn_qkv.weight
create_tensor: loading tensor blk.1.attn_gate.weight
create_tensor: loading tensor blk.1.ssm_conv1d.weight
create_tensor: loading tensor blk.1.ssm_dt.bias
create_tensor: loading tensor blk.1.ssm_a
create_tensor: loading tensor blk.1.ssm_beta.weight
create_tensor: loading tensor blk.1.ssm_alpha.weight
create_tensor: loading tensor blk.1.ssm_norm.weight
create_tensor: loading tensor blk.1.ssm_out.weight
create_tensor: loading tensor blk.1.ffn_gate_inp.weight
create_tensor: loading tensor blk.1.ffn_down_exps.weight
create_tensor: loading tensor blk.1.ffn_gate_exps.weight
create_tensor: loading tensor blk.1.ffn_up_exps.weight
create_tensor: loading tensor blk.1.ffn_gate_inp_shexp.weight
create_tensor: loading tensor blk.1.ffn_gate_shexp.weight
create_tensor: loading tensor blk.1.ffn_up_shexp.weight
create_tensor: loading tensor blk.1.ffn_down_shexp.weight
create_tensor: loading tensor blk.2.attn_norm.weight
create_tensor: loading tensor blk.2.post_attention_norm.weight
create_tensor: loading tensor blk.2.attn_qkv.weight
create_tensor: loading tensor blk.2.attn_gate.weight
create_tensor: loading tensor blk.2.ssm_conv1d.weight
create_tensor: loading tensor blk.2.ssm_dt.bias
create_tensor: loading tensor blk.2.ssm_a
create_tensor: loading tensor blk.2.ssm_beta.weight
create_tensor: loading tensor blk.2.ssm_alpha.weight
create_tensor: loading tensor blk.2.ssm_norm.weight
create_tensor: loading tensor blk.2.ssm_out.weight
create_tensor: loading tensor blk.2.ffn_gate_inp.weight
create_tensor: loading tensor blk.2.ffn_down_exps.weight
create_tensor: loading tensor blk.2.ffn_gate_exps.weight
create_tensor: loading tensor blk.2.ffn_up_exps.weight
create_tensor: loading tensor blk.2.ffn_gate_inp_shexp.weight
create_tensor: loading tensor blk.2.ffn_gate_shexp.weight
create_tensor: loading tensor blk.2.ffn_up_shexp.weight
create_tensor: loading tensor blk.2.ffn_down_shexp.weight
create_tensor: loading tensor blk.3.attn_norm.weight
create_tensor: loading tensor blk.3.post_attention_norm.weight
create_tensor: loading tensor blk.3.attn_q.weight
create_tensor: loading tensor blk.3.attn_k.weight
create_tensor: loading tensor blk.3.attn_v.weight
create_tensor: loading tensor blk.3.attn_output.weight
create_tensor: loading tensor blk.3.attn_q_norm.weight
create_tensor: loading tensor blk.3.attn_k_norm.weight
create_tensor: loading tensor blk.3.ffn_gate_inp.weight
create_tensor: loading tensor blk.3.ffn_down_exps.weight
create_tensor: loading tensor blk.3.ffn_gate_exps.weight
create_tensor: loading tensor blk.3.ffn_up_exps.weight
create_tensor: loading tensor blk.3.ffn_gate_inp_shexp.weight
create_tensor: loading tensor blk.3.ffn_gate_shexp.weight
create_tensor: loading tensor blk.3.ffn_up_shexp.weight
create_tensor: loading tensor blk.3.ffn_down_shexp.weight
create_tensor: loading tensor blk.4.attn_norm.weight
create_tensor: loading tensor blk.4.post_attention_norm.weight
create_tensor: loading tensor blk.4.attn_qkv.weight
create_tensor: loading tensor blk.4.attn_gate.weight
create_tensor: loading tensor blk.4.ssm_conv1d.weight
create_tensor: loading tensor blk.4.ssm_dt.bias
create_tensor: loading tensor blk.4.ssm_a
create_tensor: loading tensor blk.4.ssm_beta.weight
create_tensor: loading tensor blk.4.ssm_alpha.weight
create_tensor: loading tensor blk.4.ssm_norm.weight
create_tensor: loading tensor blk.4.ssm_out.weight
create_tensor: loading tensor blk.4.ffn_gate_inp.weight
create_tensor: loading tensor blk.4.ffn_down_exps.weight
create_tensor: loading tensor blk.4.ffn_gate_exps.weight
create_tensor: loading tensor blk.4.ffn_up_exps.weight
create_tensor: loading tensor blk.4.ffn_gate_inp_shexp.weight
create_tensor: loading tensor blk.4.ffn_gate_shexp.weight
create_tensor: loading tensor blk.4.ffn_up_shexp.weight
create_tensor: loading tensor blk.4.ffn_down_shexp.weight
create_tensor: loading tensor blk.5.attn_norm.weight
create_tensor: loading tensor blk.5.post_attention_norm.weight
create_tensor: loading tensor blk.5.attn_qkv.weight
create_tensor: loading tensor blk.5.attn_gate.weight
create_tensor: loading tensor blk.5.ssm_conv1d.weight
create_tensor: loading tensor blk.5.ssm_dt.bias
create_tensor: loading tensor blk.5.ssm_a
create_tensor: loading tensor blk.5.ssm_beta.weight
create_tensor: loading tensor blk.5.ssm_alpha.weight
create_tensor: loading tensor blk.5.ssm_norm.weight
create_tensor: loading tensor blk.5.ssm_out.weight
create_tensor: loading tensor blk.5.ffn_gate_inp.weight
create_tensor: loading tensor blk.5.ffn_down_exps.weight
create_tensor: loading tensor blk.5.ffn_gate_exps.weight
create_tensor: loading tensor blk.5.ffn_up_exps.weight
create_tensor: loading tensor blk.5.ffn_gate_inp_shexp.weight
create_tensor: loading tensor blk.5.ffn_gate_shexp.weight
create_tensor: loading tensor blk.5.ffn_up_shexp.weight
create_tensor: loading tensor blk.5.ffn_down_shexp.weight
create_tensor: loading tensor blk.6.attn_norm.weight
create_tensor: loading tensor blk.6.post_attention_norm.weight
create_tensor: loading tensor blk.6.attn_qkv.weight
create_tensor: loading tensor blk.6.attn_gate.weight
create_tensor: loading tensor blk.6.ssm_conv1d.weight
create_tensor: loading tensor blk.6.ssm_dt.bias
create_tensor: loading tensor blk.6.ssm_a
create_tensor: loading tensor blk.6.ssm_beta.weight
create_tensor: loading tensor blk.6.ssm_alpha.weight
create_tensor: loading tensor blk.6.ssm_norm.weight
create_tensor: loading tensor blk.6.ssm_out.weight
create_tensor: loading tensor blk.6.ffn_gate_inp.weight
create_tensor: loading tensor blk.6.ffn_down_exps.weight
create_tensor: loading tensor blk.6.ffn_gate_exps.weight
create_tensor: loading tensor blk.6.ffn_up_exps.weight
create_tensor: loading tensor blk.6.ffn_gate_inp_shexp.weight
create_tensor: loading tensor blk.6.ffn_gate_shexp.weight
create_tensor: loading tensor blk.6.ffn_up_shexp.weight
create_tensor: loading tensor blk.6.ffn_down_shexp.weight
create_tensor: loading tensor blk.7.attn_norm.weight
create_tensor: loading tensor blk.7.post_attention_norm.weight
create_tensor: loading tensor blk.7.attn_q.weight
create_tensor: loading tensor blk.7.attn_k.weight
create_tensor: loading tensor blk.7.attn_v.weight
create_tensor: loading tensor blk.7.attn_output.weight
create_tensor: loading tensor blk.7.attn_q_norm.weight
create_tensor: loading tensor blk.7.attn_k_norm.weight
create_tensor: loading tensor blk.7.ffn_gate_inp.weight
create_tensor: loading tensor blk.7.ffn_down_exps.weight
create_tensor: loading tensor blk.7.ffn_gate_exps.weight
create_tensor: loading tensor blk.7.ffn_up_exps.weight
create_tensor: loading tensor blk.7.ffn_gate_inp_shexp.weight
create_tensor: loading tensor blk.7.ffn_gate_shexp.weight
create_tensor: loading tensor blk.7.ffn_up_shexp.weight
create_tensor: loading tensor blk.7.ffn_down_shexp.weight
create_tensor: loading tensor blk.8.attn_norm.weight
create_tensor: loading tensor blk.8.post_attention_norm.weight
create_tensor: loading tensor blk.8.attn_qkv.weight
create_tensor: loading tensor blk.8.attn_gate.weight
create_tensor: loading tensor blk.8.ssm_conv1d.weight
create_tensor: loading tensor blk.8.ssm_dt.bias
create_tensor: loading tensor blk.8.ssm_a
create_tensor: loading tensor blk.8.ssm_beta.weight
create_tensor: loading tensor blk.8.ssm_alpha.weight
create_tensor: loading tensor blk.8.ssm_norm.weight
create_tensor: loading tensor blk.8.ssm_out.weight
create_tensor: loading tensor blk.8.ffn_gate_inp.weight
create_tensor: loading tensor blk.8.ffn_down_exps.weight
create_tensor: loading tensor blk.8.ffn_gate_exps.weight
create_tensor: loading tensor blk.8.ffn_up_exps.weight
create_tensor: loading tensor blk.8.ffn_gate_inp_shexp.weight
create_tensor: loading tensor blk.8.ffn_gate_shexp.weight
create_tensor: loading tensor blk.8.ffn_up_shexp.weight
create_tensor: loading tensor blk.8.ffn_down_shexp.weight
create_tensor: loading tensor blk.9.attn_norm.weight
create_tensor: loading tensor blk.9.post_attention_norm.weight
create_tensor: loading tensor blk.9.attn_qkv.weight
create_tensor: loading tensor blk.9.attn_gate.weight
create_tensor: loading tensor blk.9.ssm_conv1d.weight
create_tensor: loading tensor blk.9.ssm_dt.bias
create_tensor: loading tensor blk.9.ssm_a
create_tensor: loading tensor blk.9.ssm_beta.weight
create_tensor: loading tensor blk.9.ssm_alpha.weight
create_tensor: loading tensor blk.9.ssm_norm.weight
create_tensor: loading tensor blk.9.ssm_out.weight
create_tensor: loading tensor blk.9.ffn_gate_inp.weight
create_tensor: loading tensor blk.9.ffn_down_exps.weight
create_tensor: loading tensor blk.9.ffn_gate_exps.weight
create_tensor: loading tensor blk.9.ffn_up_exps.weight
create_tensor: loading tensor blk.9.ffn_gate_inp_shexp.weight
create_tensor: loading tensor blk.9.ffn_gate_shexp.weight
create_tensor: loading tensor blk.9.ffn_up_shexp.weight
create_tensor: loading tensor blk.9.ffn_down_shexp.weight
create_tensor: loading tensor blk.10.attn_norm.weight
create_tensor: loading tensor blk.10.post_attention_norm.weight
create_tensor: loading tensor blk.10.attn_qkv.weight
create_tensor: loading tensor blk.10.attn_gate.weight
create_tensor: loading tensor blk.10.ssm_conv1d.weight
create_tensor: loading tensor blk.10.ssm_dt.bias
create_tensor: loading tensor blk.10.ssm_a
create_tensor: loading tensor blk.10.ssm_beta.weight
create_tensor: loading tensor blk.10.ssm_alpha.weight
create_tensor: loading tensor blk.10.ssm_norm.weight
create_tensor: loading tensor blk.10.ssm_out.weight
create_tensor: loading tensor blk.10.ffn_gate_inp.weight
create_tensor: loading tensor blk.10.ffn_down_exps.weight
create_tensor: loading tensor blk.10.ffn_gate_exps.weight
create_tensor: loading tensor blk.10.ffn_up_exps.weight
create_tensor: loading tensor blk.10.ffn_gate_inp_shexp.weight
create_tensor: loading tensor blk.10.ffn_gate_shexp.weight
create_tensor: loading tensor blk.10.ffn_up_shexp.weight
create_tensor: loading tensor blk.10.ffn_down_shexp.weight
create_tensor: loading tensor blk.11.attn_norm.weight
create_tensor: loading tensor blk.11.post_attention_norm.weight
create_tensor: loading tensor blk.11.attn_q.weight
create_tensor: loading tensor blk.11.attn_k.weight
create_tensor: loading tensor blk.11.attn_v.weight
create_tensor: loading tensor blk.11.attn_output.weight
create_tensor: loading tensor blk.11.attn_q_norm.weight
create_tensor: loading tensor blk.11.attn_k_norm.weight
create_tensor: loading tensor blk.11.ffn_gate_inp.weight
create_tensor: loading tensor blk.11.ffn_down_exps.weight
create_tensor: loading tensor blk.11.ffn_gate_exps.weight
create_tensor: loading tensor blk.11.ffn_up_exps.weight
create_tensor: loading tensor blk.11.ffn_gate_inp_shexp.weight
create_tensor: loading tensor blk.11.ffn_gate_shexp.weight
create_tensor: loading tensor blk.11.ffn_up_shexp.weight
create_tensor: loading tensor blk.11.ffn_down_shexp.weight
create_tensor: loading tensor blk.12.attn_norm.weight
create_tensor: loading tensor blk.12.post_attention_norm.weight
create_tensor: loading tensor blk.12.attn_qkv.weight
create_tensor: loading tensor blk.12.attn_gate.weight
create_tensor: loading tensor blk.12.ssm_conv1d.weight
create_tensor: loading tensor blk.12.ssm_dt.bias
create_tensor: loading tensor blk.12.ssm_a
create_tensor: loading tensor blk.12.ssm_beta.weight
create_tensor: loading tensor blk.12.ssm_alpha.weight
create_tensor: loading tensor blk.12.ssm_norm.weight
create_tensor: loading tensor blk.12.ssm_out.weight
create_tensor: loading tensor blk.12.ffn_gate_inp.weight
create_tensor: loading tensor blk.12.ffn_down_exps.weight
create_tensor: loading tensor blk.12.ffn_gate_exps.weight
create_tensor: loading tensor blk.12.ffn_up_exps.weight
create_tensor: loading tensor blk.12.ffn_gate_inp_shexp.weight
create_tensor: loading tensor blk.12.ffn_gate_shexp.weight
create_tensor: loading tensor blk.12.ffn_up_shexp.weight
create_tensor: loading tensor blk.12.ffn_down_shexp.weight
create_tensor: loading tensor blk.13.attn_norm.weight
create_tensor: loading tensor blk.13.post_attention_norm.weight
create_tensor: loading tensor blk.13.attn_qkv.weight
create_tensor: loading tensor blk.13.attn_gate.weight
create_tensor: loading tensor blk.13.ssm_conv1d.weight
create_tensor: loading tensor blk.13.ssm_dt.bias
create_tensor: loading tensor blk.13.ssm_a
create_tensor: loading tensor blk.13.ssm_beta.weight
create_tensor: loading tensor blk.13.ssm_alpha.weight
create_tensor: loading tensor blk.13.ssm_norm.weight
create_tensor: loading tensor blk.13.ssm_out.weight
create_tensor: loading tensor blk.13.ffn_gate_inp.weight
create_tensor: loading tensor blk.13.ffn_down_exps.weight
create_tensor: loading tensor blk.13.ffn_gate_exps.weight
create_tensor: loading tensor blk.13.ffn_up_exps.weight
create_tensor: loading tensor blk.13.ffn_gate_inp_shexp.weight
create_tensor: loading tensor blk.13.ffn_gate_shexp.weight
create_tensor: loading tensor blk.13.ffn_up_shexp.weight
create_tensor: loading tensor blk.13.ffn_down_shexp.weight
create_tensor: loading tensor blk.14.attn_norm.weight
create_tensor: loading tensor blk.14.post_attention_norm.weight
create_tensor: loading tensor blk.14.attn_qkv.weight
create_tensor: loading tensor blk.14.attn_gate.weight
create_tensor: loading tensor blk.14.ssm_conv1d.weight
create_tensor: loading tensor blk.14.ssm_dt.bias
create_tensor: loading tensor blk.14.ssm_a
create_tensor: loading tensor blk.14.ssm_beta.weight
create_tensor: loading tensor blk.14.ssm_alpha.weight
create_tensor: loading tensor blk.14.ssm_norm.weight
create_tensor: loading tensor blk.14.ssm_out.weight
create_tensor: loading tensor blk.14.ffn_gate_inp.weight
create_tensor: loading tensor blk.14.ffn_down_exps.weight
create_tensor: loading tensor blk.14.ffn_gate_exps.weight
create_tensor: loading tensor blk.14.ffn_up_exps.weight
create_tensor: loading tensor blk.14.ffn_gate_inp_shexp.weight
create_tensor: loading tensor blk.14.ffn_gate_shexp.weight
create_tensor: loading tensor blk.14.ffn_up_shexp.weight
create_tensor: loading tensor blk.14.ffn_down_shexp.weight
create_tensor: loading tensor blk.15.attn_norm.weight
create_tensor: loading tensor blk.15.post_attention_norm.weight
create_tensor: loading tensor blk.15.attn_q.weight
create_tensor: loading tensor blk.15.attn_k.weight
create_tensor: loading tensor blk.15.attn_v.weight
create_tensor: loading tensor blk.15.attn_output.weight
create_tensor: loading tensor blk.15.attn_q_norm.weight
create_tensor: loading tensor blk.15.attn_k_norm.weight
create_tensor: loading tensor blk.15.ffn_gate_inp.weight
create_tensor: loading tensor blk.15.ffn_down_exps.weight
create_tensor: loading tensor blk.15.ffn_gate_exps.weight
create_tensor: loading tensor blk.15.ffn_up_exps.weight
create_tensor: loading tensor blk.15.ffn_gate_inp_shexp.weight
create_tensor: loading tensor blk.15.ffn_gate_shexp.weight
create_tensor: loading tensor blk.15.ffn_up_shexp.weight
create_tensor: loading tensor blk.15.ffn_down_shexp.weight
create_tensor: loading tensor blk.16.attn_norm.weight
create_tensor: loading tensor blk.16.post_attention_norm.weight
create_tensor: loading tensor blk.16.attn_qkv.weight
create_tensor: loading tensor blk.16.attn_gate.weight
create_tensor: loading tensor blk.16.ssm_conv1d.weight
create_tensor: loading tensor blk.16.ssm_dt.bias
create_tensor: loading tensor blk.16.ssm_a
create_tensor: loading tensor blk.16.ssm_beta.weight
create_tensor: loading tensor blk.16.ssm_alpha.weight
create_tensor: loading tensor blk.16.ssm_norm.weight
create_tensor: loading tensor blk.16.ssm_out.weight
create_tensor: loading tensor blk.16.ffn_gate_inp.weight
create_tensor: loading tensor blk.16.ffn_down_exps.weight
create_tensor: loading tensor blk.16.ffn_gate_exps.weight
create_tensor: loading tensor blk.16.ffn_up_exps.weight
create_tensor: loading tensor blk.16.ffn_gate_inp_shexp.weight
create_tensor: loading tensor blk.16.ffn_gate_shexp.weight
create_tensor: loading tensor blk.16.ffn_up_shexp.weight
create_tensor: loading tensor blk.16.ffn_down_shexp.weight
create_tensor: loading tensor blk.17.attn_norm.weight
create_tensor: loading tensor blk.17.post_attention_norm.weight
create_tensor: loading tensor blk.17.attn_qkv.weight
create_tensor: loading tensor blk.17.attn_gate.weight
create_tensor: loading tensor blk.17.ssm_conv1d.weight
create_tensor: loading tensor blk.17.ssm_dt.bias
create_tensor: loading tensor blk.17.ssm_a
create_tensor: loading tensor blk.17.ssm_beta.weight
create_tensor: loading tensor blk.17.ssm_alpha.weight
create_tensor: loading tensor blk.17.ssm_norm.weight
create_tensor: loading tensor blk.17.ssm_out.weight
create_tensor: loading tensor blk.17.ffn_gate_inp.weight
create_tensor: loading tensor blk.17.ffn_down_exps.weight
create_tensor: loading tensor blk.17.ffn_gate_exps.weight
create_tensor: loading tensor blk.17.ffn_up_exps.weight
create_tensor: loading tensor blk.17.ffn_gate_inp_shexp.weight
create_tensor: loading tensor blk.17.ffn_gate_shexp.weight
create_tensor: loading tensor blk.17.ffn_up_shexp.weight
create_tensor: loading tensor blk.17.ffn_down_shexp.weight
create_tensor: loading tensor blk.18.attn_norm.weight
create_tensor: loading tensor blk.18.post_attention_norm.weight
create_tensor: loading tensor blk.18.attn_qkv.weight
create_tensor: loading tensor blk.18.attn_gate.weight
create_tensor: loading tensor blk.18.ssm_conv1d.weight
create_tensor: loading tensor blk.18.ssm_dt.bias
create_tensor: loading tensor blk.18.ssm_a
create_tensor: loading tensor blk.18.ssm_beta.weight
create_tensor: loading tensor blk.18.ssm_alpha.weight
create_tensor: loading tensor blk.18.ssm_norm.weight
create_tensor: loading tensor blk.18.ssm_out.weight
create_tensor: loading tensor blk.18.ffn_gate_inp.weight
create_tensor: loading tensor blk.18.ffn_down_exps.weight
create_tensor: loading tensor blk.18.ffn_gate_exps.weight
create_tensor: loading tensor blk.18.ffn_up_exps.weight
create_tensor: loading tensor blk.18.ffn_gate_inp_shexp.weight
create_tensor: loading tensor blk.18.ffn_gate_shexp.weight
create_tensor: loading tensor blk.18.ffn_up_shexp.weight
create_tensor: loading tensor blk.18.ffn_down_shexp.weight
create_tensor: loading tensor blk.19.attn_norm.weight
create_tensor: loading tensor blk.19.post_attention_norm.weight
create_tensor: loading tensor blk.19.attn_q.weight
create_tensor: loading tensor blk.19.attn_k.weight
create_tensor: loading tensor blk.19.attn_v.weight
create_tensor: loading tensor blk.19.attn_output.weight
create_tensor: loading tensor blk.19.attn_q_norm.weight
create_tensor: loading tensor blk.19.attn_k_norm.weight
create_tensor: loading tensor blk.19.ffn_gate_inp.weight
create_tensor: loading tensor blk.19.ffn_down_exps.weight
create_tensor: loading tensor blk.19.ffn_gate_exps.weight
create_tensor: loading tensor blk.19.ffn_up_exps.weight
create_tensor: loading tensor blk.19.ffn_gate_inp_shexp.weight
create_tensor: loading tensor blk.19.ffn_gate_shexp.weight
create_tensor: loading tensor blk.19.ffn_up_shexp.weight
create_tensor: loading tensor blk.19.ffn_down_shexp.weight
create_tensor: loading tensor blk.20.attn_norm.weight
create_tensor: loading tensor blk.20.post_attention_norm.weight
create_tensor: loading tensor blk.20.attn_qkv.weight
create_tensor: loading tensor blk.20.attn_gate.weight
create_tensor: loading tensor blk.20.ssm_conv1d.weight
create_tensor: loading tensor blk.20.ssm_dt.bias
create_tensor: loading tensor blk.20.ssm_a
create_tensor: loading tensor blk.20.ssm_beta.weight
create_tensor: loading tensor blk.20.ssm_alpha.weight
create_tensor: loading tensor blk.20.ssm_norm.weight
create_tensor: loading tensor blk.20.ssm_out.weight
create_tensor: loading tensor blk.20.ffn_gate_inp.weight
create_tensor: loading tensor blk.20.ffn_down_exps.weight
create_tensor: loading tensor blk.20.ffn_gate_exps.weight
create_tensor: loading tensor blk.20.ffn_up_exps.weight
create_tensor: loading tensor blk.20.ffn_gate_inp_shexp.weight
create_tensor: loading tensor blk.20.ffn_gate_shexp.weight
create_tensor: loading tensor blk.20.ffn_up_shexp.weight
create_tensor: loading tensor blk.20.ffn_down_shexp.weight
create_tensor: loading tensor blk.21.attn_norm.weight
create_tensor: loading tensor blk.21.post_attention_norm.weight
create_tensor: loading tensor blk.21.attn_qkv.weight
create_tensor: loading tensor blk.21.attn_gate.weight
create_tensor: loading tensor blk.21.ssm_conv1d.weight
create_tensor: loading tensor blk.21.ssm_dt.bias
create_tensor: loading tensor blk.21.ssm_a
create_tensor: loading tensor blk.21.ssm_beta.weight
create_tensor: loading tensor blk.21.ssm_alpha.weight
create_tensor: loading tensor blk.21.ssm_norm.weight
create_tensor: loading tensor blk.21.ssm_out.weight
create_tensor: loading tensor blk.21.ffn_gate_inp.weight
create_tensor: loading tensor blk.21.ffn_down_exps.weight
create_tensor: loading tensor blk.21.ffn_gate_exps.weight
create_tensor: loading tensor blk.21.ffn_up_exps.weight
create_tensor: loading tensor blk.21.ffn_gate_inp_shexp.weight
create_tensor: loading tensor blk.21.ffn_gate_shexp.weight
create_tensor: loading tensor blk.21.ffn_up_shexp.weight
create_tensor: loading tensor blk.21.ffn_down_shexp.weight
create_tensor: loading tensor blk.22.attn_norm.weight
create_tensor: loading tensor blk.22.post_attention_norm.weight
create_tensor: loading tensor blk.22.attn_qkv.weight
create_tensor: loading tensor blk.22.attn_gate.weight
create_tensor: loading tensor blk.22.ssm_conv1d.weight
create_tensor: loading tensor blk.22.ssm_dt.bias
create_tensor: loading tensor blk.22.ssm_a
create_tensor: loading tensor blk.22.ssm_beta.weight
create_tensor: loading tensor blk.22.ssm_alpha.weight
create_tensor: loading tensor blk.22.ssm_norm.weight
create_tensor: loading tensor blk.22.ssm_out.weight
create_tensor: loading tensor blk.22.ffn_gate_inp.weight
create_tensor: loading tensor blk.22.ffn_down_exps.weight
create_tensor: loading tensor blk.22.ffn_gate_exps.weight
create_tensor: loading tensor blk.22.ffn_up_exps.weight
create_tensor: loading tensor blk.22.ffn_gate_inp_shexp.weight
create_tensor: loading tensor blk.22.ffn_gate_shexp.weight
create_tensor: loading tensor blk.22.ffn_up_shexp.weight
create_tensor: loading tensor blk.22.ffn_down_shexp.weight
create_tensor: loading tensor blk.23.attn_norm.weight
create_tensor: loading tensor blk.23.post_attention_norm.weight
create_tensor: loading tensor blk.23.attn_q.weight
create_tensor: loading tensor blk.23.attn_k.weight
create_tensor: loading tensor blk.23.attn_v.weight
create_tensor: loading tensor blk.23.attn_output.weight
create_tensor: loading tensor blk.23.attn_q_norm.weight
create_tensor: loading tensor blk.23.attn_k_norm.weight
create_tensor: loading tensor blk.23.ffn_gate_inp.weight
create_tensor: loading tensor blk.23.ffn_down_exps.weight
create_tensor: loading tensor blk.23.ffn_gate_exps.weight
create_tensor: loading tensor blk.23.ffn_up_exps.weight
create_tensor: loading tensor blk.23.ffn_gate_inp_shexp.weight
create_tensor: loading tensor blk.23.ffn_gate_shexp.weight
create_tensor: loading tensor blk.23.ffn_up_shexp.weight
create_tensor: loading tensor blk.23.ffn_down_shexp.weight
create_tensor: loading tensor blk.24.attn_norm.weight
create_tensor: loading tensor blk.24.post_attention_norm.weight
create_tensor: loading tensor blk.24.attn_qkv.weight
create_tensor: loading tensor blk.24.attn_gate.weight
create_tensor: loading tensor blk.24.ssm_conv1d.weight
create_tensor: loading tensor blk.24.ssm_dt.bias
create_tensor: loading tensor blk.24.ssm_a
create_tensor: loading tensor blk.24.ssm_beta.weight
create_tensor: loading tensor blk.24.ssm_alpha.weight
create_tensor: loading tensor blk.24.ssm_norm.weight
create_tensor: loading tensor blk.24.ssm_out.weight
create_tensor: loading tensor blk.24.ffn_gate_inp.weight
create_tensor: loading tensor blk.24.ffn_down_exps.weight
create_tensor: loading tensor blk.24.ffn_gate_exps.weight
create_tensor: loading tensor blk.24.ffn_up_exps.weight
create_tensor: loading tensor blk.24.ffn_gate_inp_shexp.weight
create_tensor: loading tensor blk.24.ffn_gate_shexp.weight
create_tensor: loading tensor blk.24.ffn_up_shexp.weight
create_tensor: loading tensor blk.24.ffn_down_shexp.weight
create_tensor: loading tensor blk.25.attn_norm.weight
create_tensor: loading tensor blk.25.post_attention_norm.weight
create_tensor: loading tensor blk.25.attn_qkv.weight
create_tensor: loading tensor blk.25.attn_gate.weight
create_tensor: loading tensor blk.25.ssm_conv1d.weight
create_tensor: loading tensor blk.25.ssm_dt.bias
create_tensor: loading tensor blk.25.ssm_a
create_tensor: loading tensor blk.25.ssm_beta.weight
create_tensor: loading tensor blk.25.ssm_alpha.weight
create_tensor: loading tensor blk.25.ssm_norm.weight
create_tensor: loading tensor blk.25.ssm_out.weight
create_tensor: loading tensor blk.25.ffn_gate_inp.weight
create_tensor: loading tensor blk.25.ffn_down_exps.weight
create_tensor: loading tensor blk.25.ffn_gate_exps.weight
create_tensor: loading tensor blk.25.ffn_up_exps.weight
create_tensor: loading tensor blk.25.ffn_gate_inp_shexp.weight
create_tensor: loading tensor blk.25.ffn_gate_shexp.weight
create_tensor: loading tensor blk.25.ffn_up_shexp.weight
create_tensor: loading tensor blk.25.ffn_down_shexp.weight
create_tensor: loading tensor blk.26.attn_norm.weight
create_tensor: loading tensor blk.26.post_attention_norm.weight
create_tensor: loading tensor blk.26.attn_qkv.weight
create_tensor: loading tensor blk.26.attn_gate.weight
create_tensor: loading tensor blk.26.ssm_conv1d.weight
create_tensor: loading tensor blk.26.ssm_dt.bias
create_tensor: loading tensor blk.26.ssm_a
create_tensor: loading tensor blk.26.ssm_beta.weight
create_tensor: loading tensor blk.26.ssm_alpha.weight
create_tensor: loading tensor blk.26.ssm_norm.weight
create_tensor: loading tensor blk.26.ssm_out.weight
create_tensor: loading tensor blk.26.ffn_gate_inp.weight
create_tensor: loading tensor blk.26.ffn_down_exps.weight
create_tensor: loading tensor blk.26.ffn_gate_exps.weight
create_tensor: loading tensor blk.26.ffn_up_exps.weight
create_tensor: loading tensor blk.26.ffn_gate_inp_shexp.weight
create_tensor: loading tensor blk.26.ffn_gate_shexp.weight
create_tensor: loading tensor blk.26.ffn_up_shexp.weight
create_tensor: loading tensor blk.26.ffn_down_shexp.weight
create_tensor: loading tensor blk.27.attn_norm.weight
create_tensor: loading tensor blk.27.post_attention_norm.weight
create_tensor: loading tensor blk.27.attn_q.weight
create_tensor: loading tensor blk.27.attn_k.weight
create_tensor: loading tensor blk.27.attn_v.weight
create_tensor: loading tensor blk.27.attn_output.weight
create_tensor: loading tensor blk.27.attn_q_norm.weight
create_tensor: loading tensor blk.27.attn_k_norm.weight
create_tensor: loading tensor blk.27.ffn_gate_inp.weight
create_tensor: loading tensor blk.27.ffn_down_exps.weight
create_tensor: loading tensor blk.27.ffn_gate_exps.weight
create_tensor: loading tensor blk.27.ffn_up_exps.weight
create_tensor: loading tensor blk.27.ffn_gate_inp_shexp.weight
create_tensor: loading tensor blk.27.ffn_gate_shexp.weight
create_tensor: loading tensor blk.27.ffn_up_shexp.weight
create_tensor: loading tensor blk.27.ffn_down_shexp.weight
create_tensor: loading tensor blk.28.attn_norm.weight
create_tensor: loading tensor blk.28.post_attention_norm.weight
create_tensor: loading tensor blk.28.attn_qkv.weight
create_tensor: loading tensor blk.28.attn_gate.weight
create_tensor: loading tensor blk.28.ssm_conv1d.weight
create_tensor: loading tensor blk.28.ssm_dt.bias
create_tensor: loading tensor blk.28.ssm_a
create_tensor: loading tensor blk.28.ssm_beta.weight
create_tensor: loading tensor blk.28.ssm_alpha.weight
create_tensor: loading tensor blk.28.ssm_norm.weight
create_tensor: loading tensor blk.28.ssm_out.weight
create_tensor: loading tensor blk.28.ffn_gate_inp.weight
create_tensor: loading tensor blk.28.ffn_down_exps.weight
create_tensor: loading tensor blk.28.ffn_gate_exps.weight
create_tensor: loading tensor blk.28.ffn_up_exps.weight
create_tensor: loading tensor blk.28.ffn_gate_inp_shexp.weight
create_tensor: loading tensor blk.28.ffn_gate_shexp.weight
create_tensor: loading tensor blk.28.ffn_up_shexp.weight
create_tensor: loading tensor blk.28.ffn_down_shexp.weight
create_tensor: loading tensor blk.29.attn_norm.weight
create_tensor: loading tensor blk.29.post_attention_norm.weight
create_tensor: loading tensor blk.29.attn_qkv.weight
create_tensor: loading tensor blk.29.attn_gate.weight
create_tensor: loading tensor blk.29.ssm_conv1d.weight
create_tensor: loading tensor blk.29.ssm_dt.bias
create_tensor: loading tensor blk.29.ssm_a
create_tensor: loading tensor blk.29.ssm_beta.weight
create_tensor: loading tensor blk.29.ssm_alpha.weight
create_tensor: loading tensor blk.29.ssm_norm.weight
create_tensor: loading tensor blk.29.ssm_out.weight
create_tensor: loading tensor blk.29.ffn_gate_inp.weight
create_tensor: loading tensor blk.29.ffn_down_exps.weight
create_tensor: loading tensor blk.29.ffn_gate_exps.weight
create_tensor: loading tensor blk.29.ffn_up_exps.weight
create_tensor: loading tensor blk.29.ffn_gate_inp_shexp.weight
create_tensor: loading tensor blk.29.ffn_gate_shexp.weight
create_tensor: loading tensor blk.29.ffn_up_shexp.weight
create_tensor: loading tensor blk.29.ffn_down_shexp.weight
create_tensor: loading tensor blk.30.attn_norm.weight
create_tensor: loading tensor blk.30.post_attention_norm.weight
create_tensor: loading tensor blk.30.attn_qkv.weight
create_tensor: loading tensor blk.30.attn_gate.weight
create_tensor: loading tensor blk.30.ssm_conv1d.weight
create_tensor: loading tensor blk.30.ssm_dt.bias
create_tensor: loading tensor blk.30.ssm_a
create_tensor: loading tensor blk.30.ssm_beta.weight
create_tensor: loading tensor blk.30.ssm_alpha.weight
create_tensor: loading tensor blk.30.ssm_norm.weight
create_tensor: loading tensor blk.30.ssm_out.weight
create_tensor: loading tensor blk.30.ffn_gate_inp.weight
create_tensor: loading tensor blk.30.ffn_down_exps.weight
create_tensor: loading tensor blk.30.ffn_gate_exps.weight
create_tensor: loading tensor blk.30.ffn_up_exps.weight
create_tensor: loading tensor blk.30.ffn_gate_inp_shexp.weight
create_tensor: loading tensor blk.30.ffn_gate_shexp.weight
create_tensor: loading tensor blk.30.ffn_up_shexp.weight
create_tensor: loading tensor blk.30.ffn_down_shexp.weight
create_tensor: loading tensor blk.31.attn_norm.weight
create_tensor: loading tensor blk.31.post_attention_norm.weight
create_tensor: loading tensor blk.31.attn_q.weight
create_tensor: loading tensor blk.31.attn_k.weight
create_tensor: loading tensor blk.31.attn_v.weight
create_tensor: loading tensor blk.31.attn_output.weight
create_tensor: loading tensor blk.31.attn_q_norm.weight
create_tensor: loading tensor blk.31.attn_k_norm.weight
create_tensor: loading tensor blk.31.ffn_gate_inp.weight
create_tensor: loading tensor blk.31.ffn_down_exps.weight
create_tensor: loading tensor blk.31.ffn_gate_exps.weight
create_tensor: loading tensor blk.31.ffn_up_exps.weight
create_tensor: loading tensor blk.31.ffn_gate_inp_shexp.weight
create_tensor: loading tensor blk.31.ffn_gate_shexp.weight
create_tensor: loading tensor blk.31.ffn_up_shexp.weight
create_tensor: loading tensor blk.31.ffn_down_shexp.weight
create_tensor: loading tensor blk.32.attn_norm.weight
create_tensor: loading tensor blk.32.post_attention_norm.weight
create_tensor: loading tensor blk.32.attn_qkv.weight
create_tensor: loading tensor blk.32.attn_gate.weight
create_tensor: loading tensor blk.32.ssm_conv1d.weight
create_tensor: loading tensor blk.32.ssm_dt.bias
create_tensor: loading tensor blk.32.ssm_a
create_tensor: loading tensor blk.32.ssm_beta.weight
create_tensor: loading tensor blk.32.ssm_alpha.weight
create_tensor: loading tensor blk.32.ssm_norm.weight
create_tensor: loading tensor blk.32.ssm_out.weight
create_tensor: loading tensor blk.32.ffn_gate_inp.weight
create_tensor: loading tensor blk.32.ffn_down_exps.weight
create_tensor: loading tensor blk.32.ffn_gate_exps.weight
create_tensor: loading tensor blk.32.ffn_up_exps.weight
create_tensor: loading tensor blk.32.ffn_gate_inp_shexp.weight
create_tensor: loading tensor blk.32.ffn_gate_shexp.weight
create_tensor: loading tensor blk.32.ffn_up_shexp.weight
create_tensor: loading tensor blk.32.ffn_down_shexp.weight
create_tensor: loading tensor blk.33.attn_norm.weight
create_tensor: loading tensor blk.33.post_attention_norm.weight
create_tensor: loading tensor blk.33.attn_qkv.weight
create_tensor: loading tensor blk.33.attn_gate.weight
create_tensor: loading tensor blk.33.ssm_conv1d.weight
create_tensor: loading tensor blk.33.ssm_dt.bias
create_tensor: loading tensor blk.33.ssm_a
create_tensor: loading tensor blk.33.ssm_beta.weight
create_tensor: loading tensor blk.33.ssm_alpha.weight
create_tensor: loading tensor blk.33.ssm_norm.weight
create_tensor: loading tensor blk.33.ssm_out.weight
create_tensor: loading tensor blk.33.ffn_gate_inp.weight
create_tensor: loading tensor blk.33.ffn_down_exps.weight
create_tensor: loading tensor blk.33.ffn_gate_exps.weight
create_tensor: loading tensor blk.33.ffn_up_exps.weight
create_tensor: loading tensor blk.33.ffn_gate_inp_shexp.weight
create_tensor: loading tensor blk.33.ffn_gate_shexp.weight
create_tensor: loading tensor blk.33.ffn_up_shexp.weight
create_tensor: loading tensor blk.33.ffn_down_shexp.weight
create_tensor: loading tensor blk.34.attn_norm.weight
create_tensor: loading tensor blk.34.post_attention_norm.weight
create_tensor: loading tensor blk.34.attn_qkv.weight
create_tensor: loading tensor blk.34.attn_gate.weight
create_tensor: loading tensor blk.34.ssm_conv1d.weight
create_tensor: loading tensor blk.34.ssm_dt.bias
create_tensor: loading tensor blk.34.ssm_a
create_tensor: loading tensor blk.34.ssm_beta.weight
create_tensor: loading tensor blk.34.ssm_alpha.weight
create_tensor: loading tensor blk.34.ssm_norm.weight
create_tensor: loading tensor blk.34.ssm_out.weight
create_tensor: loading tensor blk.34.ffn_gate_inp.weight
create_tensor: loading tensor blk.34.ffn_down_exps.weight
create_tensor: loading tensor blk.34.ffn_gate_exps.weight
create_tensor: loading tensor blk.34.ffn_up_exps.weight
create_tensor: loading tensor blk.34.ffn_gate_inp_shexp.weight
create_tensor: loading tensor blk.34.ffn_gate_shexp.weight
create_tensor: loading tensor blk.34.ffn_up_shexp.weight
create_tensor: loading tensor blk.34.ffn_down_shexp.weight
create_tensor: loading tensor blk.35.attn_norm.weight
create_tensor: loading tensor blk.35.post_attention_norm.weight
create_tensor: loading tensor blk.35.attn_q.weight
create_tensor: loading tensor blk.35.attn_k.weight
create_tensor: loading tensor blk.35.attn_v.weight
create_tensor: loading tensor blk.35.attn_output.weight
create_tensor: loading tensor blk.35.attn_q_norm.weight
create_tensor: loading tensor blk.35.attn_k_norm.weight
create_tensor: loading tensor blk.35.ffn_gate_inp.weight
create_tensor: loading tensor blk.35.ffn_down_exps.weight
create_tensor: loading tensor blk.35.ffn_gate_exps.weight
create_tensor: loading tensor blk.35.ffn_up_exps.weight
create_tensor: loading tensor blk.35.ffn_gate_inp_shexp.weight
create_tensor: loading tensor blk.35.ffn_gate_shexp.weight
create_tensor: loading tensor blk.35.ffn_up_shexp.weight
create_tensor: loading tensor blk.35.ffn_down_shexp.weight
create_tensor: loading tensor blk.36.attn_norm.weight
create_tensor: loading tensor blk.36.post_attention_norm.weight
create_tensor: loading tensor blk.36.attn_qkv.weight
create_tensor: loading tensor blk.36.attn_gate.weight
create_tensor: loading tensor blk.36.ssm_conv1d.weight
create_tensor: loading tensor blk.36.ssm_dt.bias
create_tensor: loading tensor blk.36.ssm_a
create_tensor: loading tensor blk.36.ssm_beta.weight
create_tensor: loading tensor blk.36.ssm_alpha.weight
create_tensor: loading tensor blk.36.ssm_norm.weight
create_tensor: loading tensor blk.36.ssm_out.weight
create_tensor: loading tensor blk.36.ffn_gate_inp.weight
create_tensor: loading tensor blk.36.ffn_down_exps.weight
create_tensor: loading tensor blk.36.ffn_gate_exps.weight
create_tensor: loading tensor blk.36.ffn_up_exps.weight
create_tensor: loading tensor blk.36.ffn_gate_inp_shexp.weight
create_tensor: loading tensor blk.36.ffn_gate_shexp.weight
create_tensor: loading tensor blk.36.ffn_up_shexp.weight
create_tensor: loading tensor blk.36.ffn_down_shexp.weight
create_tensor: loading tensor blk.37.attn_norm.weight
create_tensor: loading tensor blk.37.post_attention_norm.weight
create_tensor: loading tensor blk.37.attn_qkv.weight
create_tensor: loading tensor blk.37.attn_gate.weight
create_tensor: loading tensor blk.37.ssm_conv1d.weight
create_tensor: loading tensor blk.37.ssm_dt.bias
create_tensor: loading tensor blk.37.ssm_a
create_tensor: loading tensor blk.37.ssm_beta.weight
create_tensor: loading tensor blk.37.ssm_alpha.weight
create_tensor: loading tensor blk.37.ssm_norm.weight
create_tensor: loading tensor blk.37.ssm_out.weight
create_tensor: loading tensor blk.37.ffn_gate_inp.weight
create_tensor: loading tensor blk.37.ffn_down_exps.weight
create_tensor: loading tensor blk.37.ffn_gate_exps.weight
create_tensor: loading tensor blk.37.ffn_up_exps.weight
create_tensor: loading tensor blk.37.ffn_gate_inp_shexp.weight
create_tensor: loading tensor blk.37.ffn_gate_shexp.weight
create_tensor: loading tensor blk.37.ffn_up_shexp.weight
create_tensor: loading tensor blk.37.ffn_down_shexp.weight
create_tensor: loading tensor blk.38.attn_norm.weight
create_tensor: loading tensor blk.38.post_attention_norm.weight
create_tensor: loading tensor blk.38.attn_qkv.weight
create_tensor: loading tensor blk.38.attn_gate.weight
create_tensor: loading tensor blk.38.ssm_conv1d.weight
create_tensor: loading tensor blk.38.ssm_dt.bias
create_tensor: loading tensor blk.38.ssm_a
create_tensor: loading tensor blk.38.ssm_beta.weight
create_tensor: loading tensor blk.38.ssm_alpha.weight
create_tensor: loading tensor blk.38.ssm_norm.weight
create_tensor: loading tensor blk.38.ssm_out.weight
create_tensor: loading tensor blk.38.ffn_gate_inp.weight
create_tensor: loading tensor blk.38.ffn_down_exps.weight
create_tensor: loading tensor blk.38.ffn_gate_exps.weight
create_tensor: loading tensor blk.38.ffn_up_exps.weight
create_tensor: loading tensor blk.38.ffn_gate_inp_shexp.weight
create_tensor: loading tensor blk.38.ffn_gate_shexp.weight
create_tensor: loading tensor blk.38.ffn_up_shexp.weight
create_tensor: loading tensor blk.38.ffn_down_shexp.weight
create_tensor: loading tensor blk.39.attn_norm.weight
create_tensor: loading tensor blk.39.post_attention_norm.weight
create_tensor: loading tensor blk.39.attn_q.weight
create_tensor: loading tensor blk.39.attn_k.weight
create_tensor: loading tensor blk.39.attn_v.weight
create_tensor: loading tensor blk.39.attn_output.weight
create_tensor: loading tensor blk.39.attn_q_norm.weight
create_tensor: loading tensor blk.39.attn_k_norm.weight
create_tensor: loading tensor blk.39.ffn_gate_inp.weight
create_tensor: loading tensor blk.39.ffn_down_exps.weight
create_tensor: loading tensor blk.39.ffn_gate_exps.weight
create_tensor: loading tensor blk.39.ffn_up_exps.weight
create_tensor: loading tensor blk.39.ffn_gate_inp_shexp.weight
create_tensor: loading tensor blk.39.ffn_gate_shexp.weight
create_tensor: loading tensor blk.39.ffn_up_shexp.weight
create_tensor: loading tensor blk.39.ffn_down_shexp.weight
done_getting_tensors: tensor 'token_embd.weight' (q8_0) (and 0 others) cannot be used with preferred buffer type CUDA_Host, using CPU instead
load_tensors: offloading output layer to GPU
load_tensors: offloading 39 repeating layers to GPU
load_tensors: offloaded 41/41 layers to GPU
load_tensors:   CPU_Mapped model buffer size =   515.31 MiB
load_tensors:        CUDA0 model buffer size = 10545.58 MiB
load_tensors:        CUDA1 model buffer size = 10037.76 MiB
..................................................................................................
llama_context: constructing llama_context
llama_context: n_seq_max     = 1
llama_context: n_ctx         = 2048
llama_context: n_ctx_seq     = 2048
llama_context: n_batch       = 512
llama_context: n_ubatch      = 512
llama_context: causal_attn   = 1
llama_context: flash_attn    = disabled
llama_context: kv_unified    = false
llama_context: freq_base     = 10000000.0
llama_context: freq_scale    = 1
llama_context: n_rs_seq      = 0
llama_context: n_outputs_max = 512
llama_context: n_ctx_seq (2048) < n_ctx_train (262144) -- the full capacity of the model will not be utilized
set_abort_callback: call
llama_context:  CUDA_Host  output buffer size =     0.95 MiB
llama_kv_cache: layer   0: filtered
llama_kv_cache: layer   1: filtered
llama_kv_cache: layer   2: filtered
llama_kv_cache: layer   3: dev = CUDA0
llama_kv_cache: layer   4: filtered
llama_kv_cache: layer   5: filtered
llama_kv_cache: layer   6: filtered
llama_kv_cache: layer   7: dev = CUDA0
llama_kv_cache: layer   8: filtered
llama_kv_cache: layer   9: filtered
llama_kv_cache: layer  10: filtered
llama_kv_cache: layer  11: dev = CUDA0
llama_kv_cache: layer  12: filtered
llama_kv_cache: layer  13: filtered
llama_kv_cache: layer  14: filtered
llama_kv_cache: layer  15: dev = CUDA0
llama_kv_cache: layer  16: filtered
llama_kv_cache: layer  17: filtered
llama_kv_cache: layer  18: filtered
llama_kv_cache: layer  19: dev = CUDA0
llama_kv_cache: layer  20: filtered
llama_kv_cache: layer  21: filtered
llama_kv_cache: layer  22: filtered
llama_kv_cache: layer  23: dev = CUDA1
llama_kv_cache: layer  24: filtered
llama_kv_cache: layer  25: filtered
llama_kv_cache: layer  26: filtered
llama_kv_cache: layer  27: dev = CUDA1
llama_kv_cache: layer  28: filtered
llama_kv_cache: layer  29: filtered
llama_kv_cache: layer  30: filtered
llama_kv_cache: layer  31: dev = CUDA1
llama_kv_cache: layer  32: filtered
llama_kv_cache: layer  33: filtered
llama_kv_cache: layer  34: filtered
llama_kv_cache: layer  35: dev = CUDA1
llama_kv_cache: layer  36: filtered
llama_kv_cache: layer  37: filtered
llama_kv_cache: layer  38: filtered
llama_kv_cache: layer  39: dev = CUDA1
llama_kv_cache:      CUDA0 KV buffer size =    20.00 MiB
llama_kv_cache:      CUDA1 KV buffer size =    20.00 MiB
llama_kv_cache: size =   40.00 MiB (  2048 cells,  10 layers,  1/1 seqs), K (f16):   20.00 MiB, V (f16):   20.00 MiB
llama_kv_cache: attn_rot_k = 0, n_embd_head_k_all = 256
llama_kv_cache: attn_rot_v = 0, n_embd_head_k_all = 256
llama_memory_recurrent, layer   0: dev = CUDA0
llama_memory_recurrent, layer   1: dev = CUDA0
llama_memory_recurrent, layer   2: dev = CUDA0
llama_memory_recurrent: layer   3: skipped
llama_memory_recurrent, layer   4: dev = CUDA0
llama_memory_recurrent, layer   5: dev = CUDA0
llama_memory_recurrent, layer   6: dev = CUDA0
llama_memory_recurrent: layer   7: skipped
llama_memory_recurrent, layer   8: dev = CUDA0
llama_memory_recurrent, layer   9: dev = CUDA0
llama_memory_recurrent, layer  10: dev = CUDA0
llama_memory_recurrent: layer  11: skipped
llama_memory_recurrent, layer  12: dev = CUDA0
llama_memory_recurrent, layer  13: dev = CUDA0
llama_memory_recurrent, layer  14: dev = CUDA0
llama_memory_recurrent: layer  15: skipped
llama_memory_recurrent, layer  16: dev = CUDA0
llama_memory_recurrent, layer  17: dev = CUDA0
llama_memory_recurrent, layer  18: dev = CUDA0
llama_memory_recurrent: layer  19: skipped
llama_memory_recurrent, layer  20: dev = CUDA0
llama_memory_recurrent, layer  21: dev = CUDA1
llama_memory_recurrent, layer  22: dev = CUDA1
llama_memory_recurrent: layer  23: skipped
llama_memory_recurrent, layer  24: dev = CUDA1
llama_memory_recurrent, layer  25: dev = CUDA1
llama_memory_recurrent, layer  26: dev = CUDA1
llama_memory_recurrent: layer  27: skipped
llama_memory_recurrent, layer  28: dev = CUDA1
llama_memory_recurrent, layer  29: dev = CUDA1
llama_memory_recurrent, layer  30: dev = CUDA1
llama_memory_recurrent: layer  31: skipped
llama_memory_recurrent, layer  32: dev = CUDA1
llama_memory_recurrent, layer  33: dev = CUDA1
llama_memory_recurrent, layer  34: dev = CUDA1
llama_memory_recurrent: layer  35: skipped
llama_memory_recurrent, layer  36: dev = CUDA1
llama_memory_recurrent, layer  37: dev = CUDA1
llama_memory_recurrent, layer  38: dev = CUDA1
llama_memory_recurrent: layer  39: skipped
llama_memory_recurrent:      CUDA0 RS buffer size =    33.50 MiB
llama_memory_recurrent:      CUDA1 RS buffer size =    29.31 MiB
llama_memory_recurrent: size =   62.81 MiB (     1 cells,  40 layers,  1 seqs  0 rs_seq), R (f32):    2.81 MiB, S (f32):   60.00 MiB
llama_context: enumerating backends
llama_context: backend_ptrs.size() = 3
llama_context: pipeline parallelism enabled
sched_reserve: reserving ...
sched_reserve: max_nodes = 23456
sched_reserve: reserving full memory module
sched_reserve: worst-case: n_tokens = 512, n_seqs = 1, n_outputs = 1
sched_reserve: resolving fused Gated Delta Net support:
graph_reserve: reserving a graph for ubatch with n_tokens =    1, n_seqs =  1, n_outputs =    1
sched_reserve: fused Gated Delta Net (autoregressive) enabled
graph_reserve: reserving a graph for ubatch with n_tokens =   16, n_seqs =  1, n_outputs =   16
sched_reserve: fused Gated Delta Net (chunked) enabled
graph_reserve: reserving a graph for ubatch with n_tokens =  512, n_seqs =  1, n_outputs =  512
graph_reserve: reserving a graph for ubatch with n_tokens =    1, n_seqs =  1, n_outputs =    1
graph_reserve: reserving a graph for ubatch with n_tokens =  512, n_seqs =  1, n_outputs =  512
sched_reserve:      CUDA0 compute buffer size =   140.05 MiB
sched_reserve:      CUDA1 compute buffer size =   537.06 MiB
sched_reserve:  CUDA_Host compute buffer size =    32.06 MiB
sched_reserve: graph nodes  = 3777
sched_reserve: graph splits = 3
sched_reserve: reserve took 15.62 ms, sched copies = 4
CUDA : ARCHS = 860 | USE_GRAPHS = 1 | PEER_MAX_BATCH_SIZE = 128 | CPU : SSE3 = 1 | SSSE3 = 1 | AVX = 1 | AVX_VNNI = 1 | AVX2 = 1 | F16C = 1 | FMA = 1 | BMI2 = 1 | AVX512 = 1 | AVX512_VBMI = 1 | AVX512_VNNI = 1 | AVX512_BF16 = 1 | LLAMAFILE = 1 | OPENMP = 1 | REPACK = 1 | 
Model metadata: {'quantize.imatrix.chunks_count': '76', 'quantize.imatrix.file': 'Qwen3.6-35B-A3B-GGUF/imatrix_unsloth.gguf', 'general.file_type': '15', 'general.quantization_version': '2', 'tokenizer.ggml.padding_token_id': '248055', 'tokenizer.ggml.eos_token_id': '248046', 'tokenizer.ggml.model': 'gpt2', 'qwen35moe.full_attention_interval': '4', 'quantize.imatrix.entries_count': '510', 'qwen35moe.ssm.time_step_rank': '32', 'qwen35moe.ssm.group_count': '16', 'qwen35moe.ssm.state_size': '128', 'qwen35moe.expert_count': '256', 'tokenizer.ggml.pre': 'qwen35', 'general.license.link': 'https://huggingface.co/Qwen/Qwen3.6-35B-A3B/blob/main/LICENSE', 'tokenizer.ggml.add_bos_token': 'false', 'general.size_label': '35B-A3B', 'general.type': 'model', 'general.quantized_by': 'Unsloth', 'tokenizer.ggml.bos_token_id': '248044', 'general.name': 'Qwen3.6-35B-A3B', 'general.license': 'apache-2.0', 'qwen35moe.ssm.conv_kernel': '4', 'general.base_model.0.repo_url': 'https://huggingface.co/Qwen/Qwen3.6-35B-A3B', 'general.sampling.temp': '1.000000', 'tokenizer.chat_template': '{%- set image_count = namespace(value=0) %}\n{%- set video_count = namespace(value=0) %}\n{%- macro render_content(content, do_vision_count, is_system_content=false) %}\n    {%- if content is string %}\n        {{- content }}\n    {%- elif content is iterable and content is not mapping %}\n        {%- for item in content %}\n            {%- if \'image\' in item or \'image_url\' in item or item.type == \'image\' %}\n                {%- if is_system_content %}\n                    {{- raise_exception(\'System message cannot contain images.\') }}\n                {%- endif %}\n                {%- if do_vision_count %}\n                    {%- set image_count.value = image_count.value + 1 %}\n                {%- endif %}\n                {%- if add_vision_id %}\n                    {{- \'Picture \' ~ image_count.value ~ \': \' }}\n                {%- endif %}\n                {{- \'<|vision_start|><|image_pad|><|vision_end|>\' }}\n            {%- elif \'video\' in item or item.type == \'video\' %}\n                {%- if is_system_content %}\n                    {{- raise_exception(\'System message cannot contain videos.\') }}\n                {%- endif %}\n                {%- if do_vision_count %}\n                    {%- set video_count.value = video_count.value + 1 %}\n                {%- endif %}\n                {%- if add_vision_id %}\n                    {{- \'Video \' ~ video_count.value ~ \': \' }}\n                {%- endif %}\n                {{- \'<|vision_start|><|video_pad|><|vision_end|>\' }}\n            {%- elif \'text\' in item %}\n                {{- item.text }}\n            {%- else %}\n                {{- raise_exception(\'Unexpected item type in content.\') }}\n            {%- endif %}\n        {%- endfor %}\n    {%- elif content is none or content is undefined %}\n        {{- \'\' }}\n    {%- else %}\n        {{- raise_exception(\'Unexpected content type.\') }}\n    {%- endif %}\n{%- endmacro %}\n{%- if not messages %}\n    {{- raise_exception(\'No messages provided.\') }}\n{%- endif %}\n{%- set num_sys = 0 %}\n{%- set merged_system = \'\' %}\n{%- if messages[0].role == \'system\' or messages[0].role == \'developer\' %}\n    {%- set first = render_content(messages[0].content, false, true)|trim %}\n    {%- if messages|length > 1 and (messages[1].role == \'system\' or messages[1].role == \'developer\') %}\n        {%- set second = render_content(messages[1].content, false, true)|trim %}\n        {%- set merged_system = first + \'\\n\' + second %}\n        {%- set num_sys = 2 %}\n    {%- else %}\n        {%- set merged_system = first %}\n        {%- set num_sys = 1 %}\n    {%- endif %}\n{%- endif %}\n{%- if tools and tools is iterable and tools is not mapping %}\n    {{- \'<|im_start|>system\\n\' }}\n    {{- "# Tools\\n\\nYou have access to the following functions:\\n\\n<tools>" }}\n    {%- for tool in tools %}\n        {{- "\\n" }}\n        {{- tool | tojson }}\n    {%- endfor %}\n    {{- "\\n</tools>" }}\n    {{- \'\\n\\nIf you choose to call a function ONLY reply in the following format with NO suffix:\\n\\n<tool_call>\\n<function=example_function_name>\\n<parameter=example_parameter_1>\\nvalue_1\\n</parameter>\\n<parameter=example_parameter_2>\\nThis is the value for the second parameter\\nthat can span\\nmultiple lines\\n</parameter>\\n</function>\\n</tool_call>\\n\\n<IMPORTANT>\\nReminder:\\n- Function calls MUST follow the specified format: an inner <function=...></function> block must be nested within <tool_call></tool_call> XML tags\\n- Required parameters MUST be specified\\n- You may provide optional reasoning for your function call in natural language BEFORE the function call, but NOT after\\n- If there is no function call available, answer the question like normal with your current knowledge and do not tell the user about function calls\\n</IMPORTANT>\' }}\n    {%- if merged_system %}\n        {{- \'\\n\\n\' + merged_system }}\n    {%- endif %}\n    {{- \'<|im_end|>\\n\' }}\n{%- else %}\n    {%- if merged_system %}\n        {{- \'<|im_start|>system\\n\' + merged_system + \'<|im_end|>\\n\' }}\n    {%- endif %}\n{%- endif %}\n{%- set ns = namespace(multi_step_tool=true, last_query_index=messages|length - 1) %}\n{%- for message in messages[::-1] %}\n    {%- set index = (messages|length - 1) - loop.index0 %}\n    {%- if ns.multi_step_tool and message.role == "user" %}\n        {%- set content = render_content(message.content, false)|trim %}\n        {%- if not(content.startswith(\'<tool_response>\') and content.endswith(\'</tool_response>\')) %}\n            {%- set ns.multi_step_tool = false %}\n            {%- set ns.last_query_index = index %}\n        {%- endif %}\n    {%- endif %}\n{%- endfor %}\n{%- for message in messages %}\n    {%- if loop.index0 >= num_sys and message.role != "system" and message.role != "developer" %}\n    {%- set content = render_content(message.content, true)|trim %}\n    {%- if message.role == "user" %}\n        {{- \'<|im_start|>\' + message.role + \'\\n\' + content + \'<|im_end|>\' + \'\\n\' }}\n    {%- elif message.role == "assistant" %}\n        {%- set reasoning_content = \'\' %}\n        {%- if message.reasoning_content is string %}\n            {%- set reasoning_content = message.reasoning_content %}\n        {%- else %}\n            {%- if \'</think>\' in content %}\n                {%- set reasoning_content = content.split(\'</think>\')[0].rstrip(\'\\n\').split(\'<think>\')[-1].lstrip(\'\\n\') %}\n                {%- set content = content.split(\'</think>\')[-1].lstrip(\'\\n\') %}\n            {%- endif %}\n        {%- endif %}\n        {%- set reasoning_content = reasoning_content|trim %}\n        {%- if (preserve_thinking is defined and preserve_thinking is true) or (loop.index0 > ns.last_query_index) %}\n            {{- \'<|im_start|>\' + message.role + \'\\n<think>\\n\' + reasoning_content + \'\\n</think>\\n\\n\' + content }}\n        {%- else %}\n            {{- \'<|im_start|>\' + message.role + \'\\n\' + content }}\n        {%- endif %}\n        {%- if message.tool_calls and message.tool_calls is iterable and message.tool_calls is not mapping %}\n            {%- for tool_call in message.tool_calls %}\n                {%- if tool_call.function is defined %}\n                    {%- set tool_call = tool_call.function %}\n                {%- endif %}\n                {%- if loop.first %}\n                    {%- if content|trim %}\n                        {{- \'\\n\\n<tool_call>\\n<function=\' + tool_call.name + \'>\\n\' }}\n                    {%- else %}\n                        {{- \'<tool_call>\\n<function=\' + tool_call.name + \'>\\n\' }}\n                    {%- endif %}\n                {%- else %}\n                    {{- \'\\n<tool_call>\\n<function=\' + tool_call.name + \'>\\n\' }}\n                {%- endif %}\n                {%- if tool_call.arguments is mapping %}\n                    {%- for args_name in tool_call.arguments %}\n                        {%- set args_value = tool_call.arguments[args_name] %}\n                        {{- \'<parameter=\' + args_name + \'>\\n\' }}\n                        {%- set args_value = args_value | tojson | safe if args_value is mapping or (args_value is sequence and args_value is not string) else args_value | string %}\n                        {{- args_value }}\n                        {{- \'\\n</parameter>\\n\' }}\n                    {%- endfor %}\n                {%- endif %}\n                {{- \'</function>\\n</tool_call>\' }}\n            {%- endfor %}\n        {%- endif %}\n        {{- \'<|im_end|>\\n\' }}\n    {%- elif message.role == "tool" %}\n        {%- if loop.previtem and loop.previtem.role != "tool" %}\n            {{- \'<|im_start|>user\' }}\n        {%- endif %}\n        {{- \'\\n<tool_response>\\n\' }}\n        {{- content }}\n        {{- \'\\n</tool_response>\' }}\n        {%- if not loop.last and loop.nextitem.role != "tool" %}\n            {{- \'<|im_end|>\\n\' }}\n        {%- elif loop.last %}\n            {{- \'<|im_end|>\\n\' }}\n        {%- endif %}\n    {%- endif %}\n    {%- endif %}\n{%- endfor %}\n{%- if add_generation_prompt %}\n    {{- \'<|im_start|>assistant\\n\' }}\n    {%- if enable_thinking is defined and enable_thinking is false %}\n        {{- \'<think>\\n\\n</think>\\n\\n\' }}\n    {%- else %}\n        {{- \'<think>\\n\' }}\n    {%- endif %}\n{%- endif %}\n{#- Unsloth fixes - developer role, tool calling #}', 'qwen35moe.expert_used_count': '8', 'general.sampling.top_p': '0.950000', 'general.base_model.count': '1', 'general.base_model.0.organization': 'Qwen', 'qwen35moe.attention.key_length': '256', 'general.basename': 'Qwen3.6-35B-A3B', 'general.sampling.top_k': '20', 'qwen35moe.rope.dimension_count': '64', 'general.repo_url': 'https://huggingface.co/unsloth', 'qwen35moe.context_length': '262144', 'general.architecture': 'qwen35moe', 'quantize.imatrix.dataset': 'unsloth_calibration_Qwen3.6-35B-A3B.txt', 'general.base_model.0.name': 'Qwen3.6 35B A3B', 'qwen35moe.block_count': '40', 'qwen35moe.attention.value_length': '256', 'qwen35moe.ssm.inner_size': '4096', 'qwen35moe.expert_feed_forward_length': '512', 'qwen35moe.attention.head_count': '16', 'qwen35moe.attention.head_count_kv': '2', 'qwen35moe.rope.freq_base': '10000000.000000', 'qwen35moe.attention.layer_norm_rms_epsilon': '0.000001', 'qwen35moe.embedding_length': '2048', 'qwen35moe.expert_shared_feed_forward_length': '512'}
Available chat formats from metadata: chat_template.default
Using gguf chat template: {%- set image_count = namespace(value=0) %}
{%- set video_count = namespace(value=0) %}
{%- macro render_content(content, do_vision_count, is_system_content=false) %}
    {%- if content is string %}
        {{- content }}
    {%- elif content is iterable and content is not mapping %}
        {%- for item in content %}
            {%- if 'image' in item or 'image_url' in item or item.type == 'image' %}
                {%- if is_system_content %}
                    {{- raise_exception('System message cannot contain images.') }}
                {%- endif %}
                {%- if do_vision_count %}
                    {%- set image_count.value = image_count.value + 1 %}
                {%- endif %}
                {%- if add_vision_id %}
                    {{- 'Picture ' ~ image_count.value ~ ': ' }}
                {%- endif %}
                {{- '<|vision_start|><|image_pad|><|vision_end|>' }}
            {%- elif 'video' in item or item.type == 'video' %}
                {%- if is_system_content %}
                    {{- raise_exception('System message cannot contain videos.') }}
                {%- endif %}
                {%- if do_vision_count %}
                    {%- set video_count.value = video_count.value + 1 %}
                {%- endif %}
                {%- if add_vision_id %}
                    {{- 'Video ' ~ video_count.value ~ ': ' }}
                {%- endif %}
                {{- '<|vision_start|><|video_pad|><|vision_end|>' }}
            {%- elif 'text' in item %}
                {{- item.text }}
            {%- else %}
                {{- raise_exception('Unexpected item type in content.') }}
            {%- endif %}
        {%- endfor %}
    {%- elif content is none or content is undefined %}
        {{- '' }}
    {%- else %}
        {{- raise_exception('Unexpected content type.') }}
    {%- endif %}
{%- endmacro %}
{%- if not messages %}
    {{- raise_exception('No messages provided.') }}
{%- endif %}
{%- set num_sys = 0 %}
{%- set merged_system = '' %}
{%- if messages[0].role == 'system' or messages[0].role == 'developer' %}
    {%- set first = render_content(messages[0].content, false, true)|trim %}
    {%- if messages|length > 1 and (messages[1].role == 'system' or messages[1].role == 'developer') %}
        {%- set second = render_content(messages[1].content, false, true)|trim %}
        {%- set merged_system = first + '\n' + second %}
        {%- set num_sys = 2 %}
    {%- else %}
        {%- set merged_system = first %}
        {%- set num_sys = 1 %}
    {%- endif %}
{%- endif %}
{%- if tools and tools is iterable and tools is not mapping %}
    {{- '<|im_start|>system\n' }}
    {{- "# Tools\n\nYou have access to the following functions:\n\n<tools>" }}
    {%- for tool in tools %}
        {{- "\n" }}
        {{- tool | tojson }}
    {%- endfor %}
    {{- "\n</tools>" }}
    {{- '\n\nIf you choose to call a function ONLY reply in the following format with NO suffix:\n\n<tool_call>\n<function=example_function_name>\n<parameter=example_parameter_1>\nvalue_1\n</parameter>\n<parameter=example_parameter_2>\nThis is the value for the second parameter\nthat can span\nmultiple lines\n</parameter>\n</function>\n</tool_call>\n\n<IMPORTANT>\nReminder:\n- Function calls MUST follow the specified format: an inner <function=...></function> block must be nested within <tool_call></tool_call> XML tags\n- Required parameters MUST be specified\n- You may provide optional reasoning for your function call in natural language BEFORE the function call, but NOT after\n- If there is no function call available, answer the question like normal with your current knowledge and do not tell the user about function calls\n</IMPORTANT>' }}
    {%- if merged_system %}
        {{- '\n\n' + merged_system }}
    {%- endif %}
    {{- '<|im_end|>\n' }}
{%- else %}
    {%- if merged_system %}
        {{- '<|im_start|>system\n' + merged_system + '<|im_end|>\n' }}
    {%- endif %}
{%- endif %}
{%- set ns = namespace(multi_step_tool=true, last_query_index=messages|length - 1) %}
{%- for message in messages[::-1] %}
    {%- set index = (messages|length - 1) - loop.index0 %}
    {%- if ns.multi_step_tool and message.role == "user" %}
        {%- set content = render_content(message.content, false)|trim %}
        {%- if not(content.startswith('<tool_response>') and content.endswith('</tool_response>')) %}
            {%- set ns.multi_step_tool = false %}
            {%- set ns.last_query_index = index %}
        {%- endif %}
    {%- endif %}
{%- endfor %}
{%- for message in messages %}
    {%- if loop.index0 >= num_sys and message.role != "system" and message.role != "developer" %}
    {%- set content = render_content(message.content, true)|trim %}
    {%- if message.role == "user" %}
        {{- '<|im_start|>' + message.role + '\n' + content + '<|im_end|>' + '\n' }}
    {%- elif message.role == "assistant" %}
        {%- set reasoning_content = '' %}
        {%- if message.reasoning_content is string %}
            {%- set reasoning_content = message.reasoning_content %}
        {%- else %}
            {%- if '</think>' in content %}
                {%- set reasoning_content = content.split('</think>')[0].rstrip('\n').split('<think>')[-1].lstrip('\n') %}
                {%- set content = content.split('</think>')[-1].lstrip('\n') %}
            {%- endif %}
        {%- endif %}
        {%- set reasoning_content = reasoning_content|trim %}
        {%- if (preserve_thinking is defined and preserve_thinking is true) or (loop.index0 > ns.last_query_index) %}
            {{- '<|im_start|>' + message.role + '\n<think>\n' + reasoning_content + '\n</think>\n\n' + content }}
        {%- else %}
            {{- '<|im_start|>' + message.role + '\n' + content }}
        {%- endif %}
        {%- if message.tool_calls and message.tool_calls is iterable and message.tool_calls is not mapping %}
            {%- for tool_call in message.tool_calls %}
                {%- if tool_call.function is defined %}
                    {%- set tool_call = tool_call.function %}
                {%- endif %}
                {%- if loop.first %}
                    {%- if content|trim %}
                        {{- '\n\n<tool_call>\n<function=' + tool_call.name + '>\n' }}
                    {%- else %}
                        {{- '<tool_call>\n<function=' + tool_call.name + '>\n' }}
                    {%- endif %}
                {%- else %}
                    {{- '\n<tool_call>\n<function=' + tool_call.name + '>\n' }}
                {%- endif %}
                {%- if tool_call.arguments is mapping %}
                    {%- for args_name in tool_call.arguments %}
                        {%- set args_value = tool_call.arguments[args_name] %}
                        {{- '<parameter=' + args_name + '>\n' }}
                        {%- set args_value = args_value | tojson | safe if args_value is mapping or (args_value is sequence and args_value is not string) else args_value | string %}
                        {{- args_value }}
                        {{- '\n</parameter>\n' }}
                    {%- endfor %}
                {%- endif %}
                {{- '</function>\n</tool_call>' }}
            {%- endfor %}
        {%- endif %}
        {{- '<|im_end|>\n' }}
    {%- elif message.role == "tool" %}
        {%- if loop.previtem and loop.previtem.role != "tool" %}
            {{- '<|im_start|>user' }}
        {%- endif %}
        {{- '\n<tool_response>\n' }}
        {{- content }}
        {{- '\n</tool_response>' }}
        {%- if not loop.last and loop.nextitem.role != "tool" %}
            {{- '<|im_end|>\n' }}
        {%- elif loop.last %}
            {{- '<|im_end|>\n' }}
        {%- endif %}
    {%- endif %}
    {%- endif %}
{%- endfor %}
{%- if add_generation_prompt %}
    {{- '<|im_start|>assistant\n' }}
    {%- if enable_thinking is defined and enable_thinking is false %}
        {{- '<think>\n\n</think>\n\n' }}
    {%- else %}
        {{- '<think>\n' }}
    {%- endif %}
{%- endif %}
{#- Unsloth fixes - developer role, tool calling #}
Using chat eos_token: <|im_end|>
Using chat bos_token: <|endoftext|>
CUDA Graph id 27 reused
ggml_backend_cuda_graph_compute: CUDA graph warmup complete
CUDA Graph id 28 reused
ggml_backend_cuda_graph_compute: CUDA graph warmup complete
CUDA Graph id 27 reused
CUDA Graph id 28 reused
CUDA Graph id 27 reused
CUDA Graph id 28 reused
CUDA Graph id 27 reused
CUDA Graph id 28 reused
CUDA Graph id 27 reused
CUDA Graph id 28 reused
CUDA Graph id 27 reused
CUDA Graph id 28 reused
CUDA Graph id 27 reused
CUDA Graph id 28 reused
CUDA Graph id 27 reused
CUDA Graph id 28 reused
CUDA Graph id 27 reused
CUDA Graph id 28 reused
CUDA Graph id 27 reused
CUDA Graph id 28 reused
CUDA Graph id 27 reused
CUDA Graph id 28 reused
CUDA Graph id 27 reused
CUDA Graph id 28 reused
llama_perf_context_print:        load time =     475.48 ms
llama_perf_context_print: prompt eval time =     472.75 ms /   138 tokens (    3.43 ms per token,   291.91 tokens per second)
llama_perf_context_print:        eval time =      98.75 ms /    13 runs   (    7.60 ms per token,   131.64 tokens per second)
llama_perf_context_print:       total time =     910.73 ms /   151 tokens
llama_perf_context_print:    graphs reused =         12
Llama.generate: 65 prefix-match found but partial kv removal not supported, re-evaluating full prompt
ggml_backend_cuda_graph_compute: CUDA graph warmup reset
ggml_backend_cuda_graph_compute: CUDA graph warmup reset
CUDA Graph id 35 reused
ggml_backend_cuda_graph_compute: CUDA graph warmup complete
CUDA Graph id 36 reused
ggml_backend_cuda_graph_compute: CUDA graph warmup complete
CUDA Graph id 35 reused
CUDA Graph id 36 reused
CUDA Graph id 35 reused
CUDA Graph id 36 reused
CUDA Graph id 35 reused
CUDA Graph id 36 reused
CUDA Graph id 35 reused
CUDA Graph id 36 reused
CUDA Graph id 35 reused
CUDA Graph id 36 reused
CUDA Graph id 35 reused
CUDA Graph id 36 reused
CUDA Graph id 35 reused
CUDA Graph id 36 reused
CUDA Graph id 35 reused
CUDA Graph id 36 reused
CUDA Graph id 35 reused
CUDA Graph id 36 reused
CUDA Graph id 35 reused
CUDA Graph id 36 reused
CUDA Graph id 35 reused
CUDA Graph id 36 reused
llama_perf_context_print:        load time =     475.48 ms
llama_perf_context_print: prompt eval time =      70.52 ms /   136 tokens (    0.52 ms per token,  1928.56 tokens per second)
llama_perf_context_print:        eval time =      94.01 ms /    13 runs   (    7.23 ms per token,   138.28 tokens per second)
llama_perf_context_print:       total time =     477.52 ms /   149 tokens
llama_perf_context_print:    graphs reused =         12
Llama.generate: 67 prefix-match found but partial kv removal not supported, re-evaluating full prompt
ggml_backend_cuda_graph_compute: CUDA graph warmup reset
ggml_backend_cuda_graph_compute: CUDA graph warmup reset
CUDA Graph id 43 reused
ggml_backend_cuda_graph_compute: CUDA graph warmup complete
CUDA Graph id 44 reused
ggml_backend_cuda_graph_compute: CUDA graph warmup complete
CUDA Graph id 43 reused
CUDA Graph id 44 reused
CUDA Graph id 43 reused
CUDA Graph id 44 reused
CUDA Graph id 43 reused
CUDA Graph id 44 reused
CUDA Graph id 43 reused
CUDA Graph id 44 reused
CUDA Graph id 43 reused
CUDA Graph id 44 reused
CUDA Graph id 43 reused
CUDA Graph id 44 reused
CUDA Graph id 43 reused
CUDA Graph id 44 reused
CUDA Graph id 43 reused
CUDA Graph id 44 reused
CUDA Graph id 43 reused
CUDA Graph id 44 reused
CUDA Graph id 43 reused
CUDA Graph id 44 reused
CUDA Graph id 43 reused
CUDA Graph id 44 reused
llama_perf_context_print:        load time =     475.48 ms
llama_perf_context_print: prompt eval time =      70.74 ms /   137 tokens (    0.52 ms per token,  1936.56 tokens per second)
llama_perf_context_print:        eval time =     119.83 ms /    13 runs   (    9.22 ms per token,   108.48 tokens per second)
llama_perf_context_print:       total time =     508.19 ms /   150 tokens
llama_perf_context_print:    graphs reused =         12
Llama.generate: 66 prefix-match found but partial kv removal not supported, re-evaluating full prompt
ggml_backend_cuda_graph_compute: CUDA graph warmup reset
ggml_backend_cuda_graph_compute: CUDA graph warmup reset
CUDA Graph id 51 reused
ggml_backend_cuda_graph_compute: CUDA graph warmup complete
CUDA Graph id 52 reused
ggml_backend_cuda_graph_compute: CUDA graph warmup complete
CUDA Graph id 51 reused
CUDA Graph id 52 reused
CUDA Graph id 51 reused
CUDA Graph id 52 reused
CUDA Graph id 51 reused
CUDA Graph id 52 reused
CUDA Graph id 51 reused
CUDA Graph id 52 reused
CUDA Graph id 51 reused
CUDA Graph id 52 reused
CUDA Graph id 51 reused
CUDA Graph id 52 reused
CUDA Graph id 51 reused
CUDA Graph id 52 reused
CUDA Graph id 51 reused
CUDA Graph id 52 reused
CUDA Graph id 51 reused
CUDA Graph id 52 reused
CUDA Graph id 51 reused
CUDA Graph id 52 reused
CUDA Graph id 51 reused
CUDA Graph id 52 reused
llama_perf_context_print:        load time =     475.48 ms
llama_perf_context_print: prompt eval time =      92.94 ms /   138 tokens (    0.67 ms per token,  1484.84 tokens per second)
llama_perf_context_print:        eval time =     146.82 ms /    13 runs   (   11.29 ms per token,    88.54 tokens per second)
llama_perf_context_print:       total time =     565.41 ms /   151 tokens
llama_perf_context_print:    graphs reused =         12
Llama.generate: 66 prefix-match found but partial kv removal not supported, re-evaluating full prompt
ggml_backend_cuda_graph_compute: CUDA graph warmup reset
ggml_backend_cuda_graph_compute: CUDA graph warmup reset
CUDA Graph id 59 reused
ggml_backend_cuda_graph_compute: CUDA graph warmup complete
CUDA Graph id 60 reused
ggml_backend_cuda_graph_compute: CUDA graph warmup complete
CUDA Graph id 59 reused
CUDA Graph id 60 reused
CUDA Graph id 59 reused
CUDA Graph id 60 reused
CUDA Graph id 59 reused
CUDA Graph id 60 reused
CUDA Graph id 59 reused
CUDA Graph id 60 reused
CUDA Graph id 59 reused
CUDA Graph id 60 reused
CUDA Graph id 59 reused
CUDA Graph id 60 reused
CUDA Graph id 59 reused
CUDA Graph id 60 reused
CUDA Graph id 59 reused
CUDA Graph id 60 reused
CUDA Graph id 59 reused
CUDA Graph id 60 reused
CUDA Graph id 59 reused
CUDA Graph id 60 reused
CUDA Graph id 59 reused
CUDA Graph id 60 reused
llama_perf_context_print:        load time =     475.48 ms
llama_perf_context_print: prompt eval time =     119.41 ms /   137 tokens (    0.87 ms per token,  1147.29 tokens per second)
llama_perf_context_print:        eval time =     163.30 ms /    13 runs   (   12.56 ms per token,    79.61 tokens per second)
llama_perf_context_print:       total time =     600.63 ms /   150 tokens
llama_perf_context_print:    graphs reused =         12
Llama.generate: 66 prefix-match found but partial kv removal not supported, re-evaluating full prompt
ggml_backend_cuda_graph_compute: CUDA graph warmup reset
ggml_backend_cuda_graph_compute: CUDA graph warmup reset
CUDA Graph id 67 reused
ggml_backend_cuda_graph_compute: CUDA graph warmup complete
CUDA Graph id 68 reused
ggml_backend_cuda_graph_compute: CUDA graph warmup complete
CUDA Graph id 67 reused
CUDA Graph id 68 reused
CUDA Graph id 67 reused
CUDA Graph id 68 reused
CUDA Graph id 67 reused
CUDA Graph id 68 reused
CUDA Graph id 67 reused
CUDA Graph id 68 reused
CUDA Graph id 67 reused
CUDA Graph id 68 reused
CUDA Graph id 67 reused
CUDA Graph id 68 reused
CUDA Graph id 67 reused
CUDA Graph id 68 reused
CUDA Graph id 67 reused
CUDA Graph id 68 reused
CUDA Graph id 67 reused
CUDA Graph id 68 reused
CUDA Graph id 67 reused
CUDA Graph id 68 reused
CUDA Graph id 67 reused
CUDA Graph id 68 reused
llama_perf_context_print:        load time =     475.48 ms
llama_perf_context_print: prompt eval time =     131.11 ms /   136 tokens (    0.96 ms per token,  1037.28 tokens per second)
llama_perf_context_print:        eval time =     172.31 ms /    13 runs   (   13.25 ms per token,    75.44 tokens per second)
llama_perf_context_print:       total time =     621.77 ms /   149 tokens
llama_perf_context_print:    graphs reused =         12
Llama.generate: 65 prefix-match found but partial kv removal not supported, re-evaluating full prompt
ggml_backend_cuda_graph_compute: CUDA graph warmup reset
ggml_backend_cuda_graph_compute: CUDA graph warmup reset
CUDA Graph id 75 reused
ggml_backend_cuda_graph_compute: CUDA graph warmup complete
CUDA Graph id 76 reused
ggml_backend_cuda_graph_compute: CUDA graph warmup complete
CUDA Graph id 75 reused
CUDA Graph id 76 reused
CUDA Graph id 75 reused
CUDA Graph id 76 reused
CUDA Graph id 75 reused
CUDA Graph id 76 reused
CUDA Graph id 75 reused
CUDA Graph id 76 reused
CUDA Graph id 75 reused
CUDA Graph id 76 reused
CUDA Graph id 75 reused
CUDA Graph id 76 reused
CUDA Graph id 75 reused
CUDA Graph id 76 reused
CUDA Graph id 75 reused
CUDA Graph id 76 reused
CUDA Graph id 75 reused
CUDA Graph id 76 reused
CUDA Graph id 75 reused
CUDA Graph id 76 reused
CUDA Graph id 75 reused
CUDA Graph id 76 reused
llama_perf_context_print:        load time =     475.48 ms
llama_perf_context_print: prompt eval time =     137.94 ms /   138 tokens (    1.00 ms per token,  1000.43 tokens per second)
llama_perf_context_print:        eval time =     174.76 ms /    13 runs   (   13.44 ms per token,    74.39 tokens per second)
llama_perf_context_print:       total time =     634.07 ms /   151 tokens
llama_perf_context_print:    graphs reused =         12
Llama.generate: 65 prefix-match found but partial kv removal not supported, re-evaluating full prompt
ggml_backend_cuda_graph_compute: CUDA graph warmup reset
ggml_backend_cuda_graph_compute: CUDA graph warmup reset
CUDA Graph id 83 reused
ggml_backend_cuda_graph_compute: CUDA graph warmup complete
CUDA Graph id 84 reused
ggml_backend_cuda_graph_compute: CUDA graph warmup complete
CUDA Graph id 83 reused
CUDA Graph id 84 reused
CUDA Graph id 83 reused
CUDA Graph id 84 reused
CUDA Graph id 83 reused
CUDA Graph id 84 reused
CUDA Graph id 83 reused
CUDA Graph id 84 reused
CUDA Graph id 83 reused
CUDA Graph id 84 reused
CUDA Graph id 83 reused
CUDA Graph id 84 reused
CUDA Graph id 83 reused
CUDA Graph id 84 reused
CUDA Graph id 83 reused
CUDA Graph id 84 reused
CUDA Graph id 83 reused
CUDA Graph id 84 reused
CUDA Graph id 83 reused
CUDA Graph id 84 reused
CUDA Graph id 83 reused
CUDA Graph id 84 reused
llama_perf_context_print:        load time =     475.48 ms
llama_perf_context_print: prompt eval time =     137.57 ms /   138 tokens (    1.00 ms per token,  1003.13 tokens per second)
llama_perf_context_print:        eval time =     172.93 ms /    13 runs   (   13.30 ms per token,    75.18 tokens per second)
llama_perf_context_print:       total time =     634.51 ms /   151 tokens
llama_perf_context_print:    graphs reused =         12
Llama.generate: 65 prefix-match found but partial kv removal not supported, re-evaluating full prompt
ggml_backend_cuda_graph_compute: CUDA graph warmup reset
ggml_backend_cuda_graph_compute: CUDA graph warmup reset
CUDA Graph id 91 reused
ggml_backend_cuda_graph_compute: CUDA graph warmup complete
CUDA Graph id 92 reused
ggml_backend_cuda_graph_compute: CUDA graph warmup complete
CUDA Graph id 91 reused
CUDA Graph id 92 reused
CUDA Graph id 91 reused
CUDA Graph id 92 reused
CUDA Graph id 91 reused
CUDA Graph id 92 reused
CUDA Graph id 91 reused
CUDA Graph id 92 reused
CUDA Graph id 91 reused
CUDA Graph id 92 reused
CUDA Graph id 91 reused
CUDA Graph id 92 reused
CUDA Graph id 91 reused
CUDA Graph id 92 reused
CUDA Graph id 91 reused
CUDA Graph id 92 reused
CUDA Graph id 91 reused
CUDA Graph id 92 reused
CUDA Graph id 91 reused
CUDA Graph id 92 reused
CUDA Graph id 91 reused
CUDA Graph id 92 reused
llama_perf_context_print:        load time =     475.48 ms
llama_perf_context_print: prompt eval time =     142.29 ms /   138 tokens (    1.03 ms per token,   969.82 tokens per second)
llama_perf_context_print:        eval time =     182.82 ms /    13 runs   (   14.06 ms per token,    71.11 tokens per second)
llama_perf_context_print:       total time =     658.42 ms /   151 tokens
llama_perf_context_print:    graphs reused =         12
Llama.generate: 65 prefix-match found but partial kv removal not supported, re-evaluating full prompt
ggml_backend_cuda_graph_compute: CUDA graph warmup reset
ggml_backend_cuda_graph_compute: CUDA graph warmup reset
CUDA Graph id 99 reused
ggml_backend_cuda_graph_compute: CUDA graph warmup complete
CUDA Graph id 100 reused
ggml_backend_cuda_graph_compute: CUDA graph warmup complete
CUDA Graph id 99 reused
CUDA Graph id 100 reused
CUDA Graph id 99 reused
CUDA Graph id 100 reused
CUDA Graph id 99 reused
CUDA Graph id 100 reused
CUDA Graph id 99 reused
CUDA Graph id 100 reused
CUDA Graph id 99 reused
CUDA Graph id 100 reused
CUDA Graph id 99 reused
CUDA Graph id 100 reused
CUDA Graph id 99 reused
CUDA Graph id 100 reused
CUDA Graph id 99 reused
CUDA Graph id 100 reused
CUDA Graph id 99 reused
CUDA Graph id 100 reused
CUDA Graph id 99 reused
CUDA Graph id 100 reused
CUDA Graph id 99 reused
CUDA Graph id 100 reused
llama_perf_context_print:        load time =     475.48 ms
llama_perf_context_print: prompt eval time =     151.68 ms /   139 tokens (    1.09 ms per token,   916.38 tokens per second)
llama_perf_context_print:        eval time =     180.95 ms /    13 runs   (   13.92 ms per token,    71.84 tokens per second)
llama_perf_context_print:       total time =     657.05 ms /   152 tokens
llama_perf_context_print:    graphs reused =         12
Llama.generate: 66 prefix-match found but partial kv removal not supported, re-evaluating full prompt
ggml_backend_cuda_graph_compute: CUDA graph warmup reset
ggml_backend_cuda_graph_compute: CUDA graph warmup reset
CUDA Graph id 107 reused
ggml_backend_cuda_graph_compute: CUDA graph warmup complete
CUDA Graph id 108 reused
ggml_backend_cuda_graph_compute: CUDA graph warmup complete
CUDA Graph id 107 reused
CUDA Graph id 108 reused
CUDA Graph id 107 reused
CUDA Graph id 108 reused
CUDA Graph id 107 reused
CUDA Graph id 108 reused
CUDA Graph id 107 reused
CUDA Graph id 108 reused
CUDA Graph id 107 reused
CUDA Graph id 108 reused
CUDA Graph id 107 reused
CUDA Graph id 108 reused
CUDA Graph id 107 reused
CUDA Graph id 108 reused
CUDA Graph id 107 reused
CUDA Graph id 108 reused
CUDA Graph id 107 reused
CUDA Graph id 108 reused
CUDA Graph id 107 reused
CUDA Graph id 108 reused
CUDA Graph id 107 reused
CUDA Graph id 108 reused
llama_perf_context_print:        load time =     475.48 ms
llama_perf_context_print: prompt eval time =     141.87 ms /   137 tokens (    1.04 ms per token,   965.71 tokens per second)
llama_perf_context_print:        eval time =     180.89 ms /    13 runs   (   13.91 ms per token,    71.87 tokens per second)
llama_perf_context_print:       total time =     648.59 ms /   150 tokens
llama_perf_context_print:    graphs reused =         12
Llama.generate: 65 prefix-match found but partial kv removal not supported, re-evaluating full prompt
ggml_backend_cuda_graph_compute: CUDA graph warmup reset
ggml_backend_cuda_graph_compute: CUDA graph warmup reset
CUDA Graph id 115 reused
ggml_backend_cuda_graph_compute: CUDA graph warmup complete
CUDA Graph id 116 reused
ggml_backend_cuda_graph_compute: CUDA graph warmup complete
CUDA Graph id 115 reused
CUDA Graph id 116 reused
CUDA Graph id 115 reused
CUDA Graph id 116 reused
CUDA Graph id 115 reused
CUDA Graph id 116 reused
CUDA Graph id 115 reused
CUDA Graph id 116 reused
CUDA Graph id 115 reused
CUDA Graph id 116 reused
CUDA Graph id 115 reused
CUDA Graph id 116 reused
CUDA Graph id 115 reused
CUDA Graph id 116 reused
CUDA Graph id 115 reused
CUDA Graph id 116 reused
CUDA Graph id 115 reused
CUDA Graph id 116 reused
CUDA Graph id 115 reused
CUDA Graph id 116 reused
CUDA Graph id 115 reused
CUDA Graph id 116 reused
llama_perf_context_print:        load time =     475.48 ms
llama_perf_context_print: prompt eval time =     151.09 ms /   138 tokens (    1.09 ms per token,   913.36 tokens per second)
llama_perf_context_print:        eval time =     174.39 ms /    13 runs   (   13.41 ms per token,    74.54 tokens per second)
llama_perf_context_print:       total time =     659.32 ms /   151 tokens
llama_perf_context_print:    graphs reused =         12
Llama.generate: 65 prefix-match found but partial kv removal not supported, re-evaluating full prompt
ggml_backend_cuda_graph_compute: CUDA graph warmup reset
ggml_backend_cuda_graph_compute: CUDA graph warmup reset
CUDA Graph id 123 reused
ggml_backend_cuda_graph_compute: CUDA graph warmup complete
CUDA Graph id 124 reused
ggml_backend_cuda_graph_compute: CUDA graph warmup complete
CUDA Graph id 123 reused
CUDA Graph id 124 reused
CUDA Graph id 123 reused
CUDA Graph id 124 reused
CUDA Graph id 123 reused
CUDA Graph id 124 reused
CUDA Graph id 123 reused
CUDA Graph id 124 reused
CUDA Graph id 123 reused
CUDA Graph id 124 reused
CUDA Graph id 123 reused
CUDA Graph id 124 reused
CUDA Graph id 123 reused
CUDA Graph id 124 reused
CUDA Graph id 123 reused
CUDA Graph id 124 reused
CUDA Graph id 123 reused
CUDA Graph id 124 reused
CUDA Graph id 123 reused
CUDA Graph id 124 reused
CUDA Graph id 123 reused
CUDA Graph id 124 reused
llama_perf_context_print:        load time =     475.48 ms
llama_perf_context_print: prompt eval time =     132.80 ms /   137 tokens (    0.97 ms per token,  1031.61 tokens per second)
llama_perf_context_print:        eval time =     172.50 ms /    13 runs   (   13.27 ms per token,    75.36 tokens per second)
llama_perf_context_print:       total time =     630.93 ms /   150 tokens
llama_perf_context_print:    graphs reused =         12
Llama.generate: 65 prefix-match found but partial kv removal not supported, re-evaluating full prompt
ggml_backend_cuda_graph_compute: CUDA graph warmup reset
ggml_backend_cuda_graph_compute: CUDA graph warmup reset
CUDA Graph id 131 reused
ggml_backend_cuda_graph_compute: CUDA graph warmup complete
CUDA Graph id 132 reused
ggml_backend_cuda_graph_compute: CUDA graph warmup complete
CUDA Graph id 131 reused
CUDA Graph id 132 reused
CUDA Graph id 131 reused
CUDA Graph id 132 reused
CUDA Graph id 131 reused
CUDA Graph id 132 reused
CUDA Graph id 131 reused
CUDA Graph id 132 reused
CUDA Graph id 131 reused
CUDA Graph id 132 reused
CUDA Graph id 131 reused
CUDA Graph id 132 reused
CUDA Graph id 131 reused
CUDA Graph id 132 reused
CUDA Graph id 131 reused
CUDA Graph id 132 reused
CUDA Graph id 131 reused
CUDA Graph id 132 reused
CUDA Graph id 131 reused
CUDA Graph id 132 reused
CUDA Graph id 131 reused
CUDA Graph id 132 reused
llama_perf_context_print:        load time =     475.48 ms
llama_perf_context_print: prompt eval time =     133.69 ms /   139 tokens (    0.96 ms per token,  1039.73 tokens per second)
llama_perf_context_print:        eval time =     173.43 ms /    13 runs   (   13.34 ms per token,    74.96 tokens per second)
llama_perf_context_print:       total time =     655.95 ms /   152 tokens
llama_perf_context_print:    graphs reused =         12
Llama.generate: 66 prefix-match found but partial kv removal not supported, re-evaluating full prompt
ggml_backend_cuda_graph_compute: CUDA graph warmup reset
ggml_backend_cuda_graph_compute: CUDA graph warmup reset
CUDA Graph id 139 reused
ggml_backend_cuda_graph_compute: CUDA graph warmup complete
CUDA Graph id 140 reused
ggml_backend_cuda_graph_compute: CUDA graph warmup complete
CUDA Graph id 139 reused
CUDA Graph id 140 reused
CUDA Graph id 139 reused
CUDA Graph id 140 reused
CUDA Graph id 139 reused
CUDA Graph id 140 reused
CUDA Graph id 139 reused
CUDA Graph id 140 reused
CUDA Graph id 139 reused
CUDA Graph id 140 reused
CUDA Graph id 139 reused
CUDA Graph id 140 reused
CUDA Graph id 139 reused
CUDA Graph id 140 reused
CUDA Graph id 139 reused
CUDA Graph id 140 reused
CUDA Graph id 139 reused
CUDA Graph id 140 reused
CUDA Graph id 139 reused
CUDA Graph id 140 reused
CUDA Graph id 139 reused
CUDA Graph id 140 reused
llama_perf_context_print:        load time =     475.48 ms
llama_perf_context_print: prompt eval time =     154.44 ms /   139 tokens (    1.11 ms per token,   900.01 tokens per second)
llama_perf_context_print:        eval time =     176.60 ms /    13 runs   (   13.58 ms per token,    73.61 tokens per second)
llama_perf_context_print:       total time =     665.28 ms /   152 tokens
llama_perf_context_print:    graphs reused =         12
Llama.generate: 65 prefix-match found but partial kv removal not supported, re-evaluating full prompt
ggml_backend_cuda_graph_compute: CUDA graph warmup reset
ggml_backend_cuda_graph_compute: CUDA graph warmup reset
CUDA Graph id 147 reused
ggml_backend_cuda_graph_compute: CUDA graph warmup complete
CUDA Graph id 148 reused
ggml_backend_cuda_graph_compute: CUDA graph warmup complete
CUDA Graph id 147 reused
CUDA Graph id 148 reused
CUDA Graph id 147 reused
CUDA Graph id 148 reused
CUDA Graph id 147 reused
CUDA Graph id 148 reused
CUDA Graph id 147 reused
CUDA Graph id 148 reused
CUDA Graph id 147 reused
CUDA Graph id 148 reused
CUDA Graph id 147 reused
CUDA Graph id 148 reused
CUDA Graph id 147 reused
CUDA Graph id 148 reused
CUDA Graph id 147 reused
CUDA Graph id 148 reused
CUDA Graph id 147 reused
CUDA Graph id 148 reused
CUDA Graph id 147 reused
CUDA Graph id 148 reused
CUDA Graph id 147 reused
CUDA Graph id 148 reused
llama_perf_context_print:        load time =     475.48 ms
llama_perf_context_print: prompt eval time =     134.83 ms /   137 tokens (    0.98 ms per token,  1016.12 tokens per second)
llama_perf_context_print:        eval time =     174.08 ms /    13 runs   (   13.39 ms per token,    74.68 tokens per second)
llama_perf_context_print:       total time =     653.99 ms /   150 tokens
llama_perf_context_print:    graphs reused =         12
Llama.generate: 66 prefix-match found but partial kv removal not supported, re-evaluating full prompt
ggml_backend_cuda_graph_compute: CUDA graph warmup reset
ggml_backend_cuda_graph_compute: CUDA graph warmup reset
CUDA Graph id 155 reused
ggml_backend_cuda_graph_compute: CUDA graph warmup complete
CUDA Graph id 156 reused
ggml_backend_cuda_graph_compute: CUDA graph warmup complete
CUDA Graph id 155 reused
CUDA Graph id 156 reused
CUDA Graph id 155 reused
CUDA Graph id 156 reused
CUDA Graph id 155 reused
CUDA Graph id 156 reused
CUDA Graph id 155 reused
CUDA Graph id 156 reused
CUDA Graph id 155 reused
CUDA Graph id 156 reused
CUDA Graph id 155 reused
CUDA Graph id 156 reused
CUDA Graph id 155 reused
CUDA Graph id 156 reused
CUDA Graph id 155 reused
CUDA Graph id 156 reused
CUDA Graph id 155 reused
CUDA Graph id 156 reused
CUDA Graph id 155 reused
CUDA Graph id 156 reused
CUDA Graph id 155 reused
CUDA Graph id 156 reused
llama_perf_context_print:        load time =     475.48 ms
llama_perf_context_print: prompt eval time =     134.97 ms /   137 tokens (    0.99 ms per token,  1015.06 tokens per second)
llama_perf_context_print:        eval time =     175.24 ms /    13 runs   (   13.48 ms per token,    74.18 tokens per second)
llama_perf_context_print:       total time =     652.34 ms /   150 tokens
llama_perf_context_print:    graphs reused =         12
Llama.generate: 66 prefix-match found but partial kv removal not supported, re-evaluating full prompt
ggml_backend_cuda_graph_compute: CUDA graph warmup reset
ggml_backend_cuda_graph_compute: CUDA graph warmup reset
CUDA Graph id 163 reused
ggml_backend_cuda_graph_compute: CUDA graph warmup complete
CUDA Graph id 164 reused
ggml_backend_cuda_graph_compute: CUDA graph warmup complete
CUDA Graph id 163 reused
CUDA Graph id 164 reused
CUDA Graph id 163 reused
CUDA Graph id 164 reused
CUDA Graph id 163 reused
CUDA Graph id 164 reused
CUDA Graph id 163 reused
CUDA Graph id 164 reused
CUDA Graph id 163 reused
CUDA Graph id 164 reused
CUDA Graph id 163 reused
CUDA Graph id 164 reused
CUDA Graph id 163 reused
CUDA Graph id 164 reused
CUDA Graph id 163 reused
CUDA Graph id 164 reused
CUDA Graph id 163 reused
CUDA Graph id 164 reused
CUDA Graph id 163 reused
CUDA Graph id 164 reused
CUDA Graph id 163 reused
CUDA Graph id 164 reused
llama_perf_context_print:        load time =     475.48 ms
llama_perf_context_print: prompt eval time =     157.64 ms /   136 tokens (    1.16 ms per token,   862.70 tokens per second)
llama_perf_context_print:        eval time =     177.14 ms /    13 runs   (   13.63 ms per token,    73.39 tokens per second)
llama_perf_context_print:       total time =     719.46 ms /   149 tokens
llama_perf_context_print:    graphs reused =         12
Llama.generate: 66 prefix-match found but partial kv removal not supported, re-evaluating full prompt
ggml_backend_cuda_graph_compute: CUDA graph warmup reset
ggml_backend_cuda_graph_compute: CUDA graph warmup reset
CUDA Graph id 171 reused
ggml_backend_cuda_graph_compute: CUDA graph warmup complete
CUDA Graph id 172 reused
ggml_backend_cuda_graph_compute: CUDA graph warmup complete
CUDA Graph id 171 reused
CUDA Graph id 172 reused
CUDA Graph id 171 reused
CUDA Graph id 172 reused
CUDA Graph id 171 reused
CUDA Graph id 172 reused
CUDA Graph id 171 reused
CUDA Graph id 172 reused
CUDA Graph id 171 reused
CUDA Graph id 172 reused
CUDA Graph id 171 reused
CUDA Graph id 172 reused
CUDA Graph id 171 reused
CUDA Graph id 172 reused
CUDA Graph id 171 reused
CUDA Graph id 172 reused
CUDA Graph id 171 reused
CUDA Graph id 172 reused
CUDA Graph id 171 reused
CUDA Graph id 172 reused
CUDA Graph id 171 reused
CUDA Graph id 172 reused
llama_perf_context_print:        load time =     475.48 ms
llama_perf_context_print: prompt eval time =     135.22 ms /   137 tokens (    0.99 ms per token,  1013.15 tokens per second)
llama_perf_context_print:        eval time =     175.14 ms /    13 runs   (   13.47 ms per token,    74.23 tokens per second)
llama_perf_context_print:       total time =     683.93 ms /   150 tokens
llama_perf_context_print:    graphs reused =         12
Llama.generate: 67 prefix-match found but partial kv removal not supported, re-evaluating full prompt
ggml_backend_cuda_graph_compute: CUDA graph warmup reset
ggml_backend_cuda_graph_compute: CUDA graph warmup reset
CUDA Graph id 179 reused
ggml_backend_cuda_graph_compute: CUDA graph warmup complete
CUDA Graph id 180 reused
ggml_backend_cuda_graph_compute: CUDA graph warmup complete
CUDA Graph id 179 reused
CUDA Graph id 180 reused
CUDA Graph id 179 reused
CUDA Graph id 180 reused
CUDA Graph id 179 reused
CUDA Graph id 180 reused
CUDA Graph id 179 reused
CUDA Graph id 180 reused
CUDA Graph id 179 reused
CUDA Graph id 180 reused
CUDA Graph id 179 reused
CUDA Graph id 180 reused
CUDA Graph id 179 reused
CUDA Graph id 180 reused
CUDA Graph id 179 reused
CUDA Graph id 180 reused
CUDA Graph id 179 reused
CUDA Graph id 180 reused
CUDA Graph id 179 reused
CUDA Graph id 180 reused
CUDA Graph id 179 reused
CUDA Graph id 180 reused
llama_perf_context_print:        load time =     475.48 ms
llama_perf_context_print: prompt eval time =     134.92 ms /   137 tokens (    0.98 ms per token,  1015.39 tokens per second)
llama_perf_context_print:        eval time =     178.15 ms /    13 runs   (   13.70 ms per token,    72.97 tokens per second)
llama_perf_context_print:       total time =     664.86 ms /   150 tokens
llama_perf_context_print:    graphs reused =         12
Llama.generate: 65 prefix-match found but partial kv removal not supported, re-evaluating full prompt
ggml_backend_cuda_graph_compute: CUDA graph warmup reset
ggml_backend_cuda_graph_compute: CUDA graph warmup reset
CUDA Graph id 187 reused
ggml_backend_cuda_graph_compute: CUDA graph warmup complete
CUDA Graph id 188 reused
ggml_backend_cuda_graph_compute: CUDA graph warmup complete
CUDA Graph id 187 reused
CUDA Graph id 188 reused
CUDA Graph id 187 reused
CUDA Graph id 188 reused
CUDA Graph id 187 reused
CUDA Graph id 188 reused
CUDA Graph id 187 reused
CUDA Graph id 188 reused
CUDA Graph id 187 reused
CUDA Graph id 188 reused
CUDA Graph id 187 reused
CUDA Graph id 188 reused
CUDA Graph id 187 reused
CUDA Graph id 188 reused
CUDA Graph id 187 reused
CUDA Graph id 188 reused
CUDA Graph id 187 reused
CUDA Graph id 188 reused
CUDA Graph id 187 reused
CUDA Graph id 188 reused
CUDA Graph id 187 reused
CUDA Graph id 188 reused
CUDA Graph id 187 reused
CUDA Graph id 188 reused
CUDA Graph id 187 reused
CUDA Graph id 188 reused
CUDA Graph id 187 reused
CUDA Graph id 188 reused
CUDA Graph id 187 reused
CUDA Graph id 188 reused
CUDA Graph id 187 reused
CUDA Graph id 188 reused
CUDA Graph id 187 reused
CUDA Graph id 188 reused
CUDA Graph id 187 reused
CUDA Graph id 188 reused
CUDA Graph id 187 reused
CUDA Graph id 188 reused
CUDA Graph id 187 reused
CUDA Graph id 188 reused
CUDA Graph id 187 reused
CUDA Graph id 188 reused
CUDA Graph id 187 reused
CUDA Graph id 188 reused
llama_perf_context_print:        load time =     475.48 ms
llama_perf_context_print: prompt eval time =     154.83 ms /   137 tokens (    1.13 ms per token,   884.87 tokens per second)
llama_perf_context_print:        eval time =     330.62 ms /    24 runs   (   13.78 ms per token,    72.59 tokens per second)
llama_perf_context_print:       total time =    1020.23 ms /   161 tokens
llama_perf_context_print:    graphs reused =         23
Llama.generate: 65 prefix-match found but partial kv removal not supported, re-evaluating full prompt
ggml_backend_cuda_graph_compute: CUDA graph warmup reset
ggml_backend_cuda_graph_compute: CUDA graph warmup reset
CUDA Graph id 195 reused
ggml_backend_cuda_graph_compute: CUDA graph warmup complete
CUDA Graph id 196 reused
ggml_backend_cuda_graph_compute: CUDA graph warmup complete
CUDA Graph id 195 reused
CUDA Graph id 196 reused
CUDA Graph id 195 reused
CUDA Graph id 196 reused
CUDA Graph id 195 reused
CUDA Graph id 196 reused
CUDA Graph id 195 reused
CUDA Graph id 196 reused
CUDA Graph id 195 reused
CUDA Graph id 196 reused
CUDA Graph id 195 reused
CUDA Graph id 196 reused
CUDA Graph id 195 reused
CUDA Graph id 196 reused
CUDA Graph id 195 reused
CUDA Graph id 196 reused
CUDA Graph id 195 reused
CUDA Graph id 196 reused
CUDA Graph id 195 reused
CUDA Graph id 196 reused
CUDA Graph id 195 reused
CUDA Graph id 196 reused
llama_perf_context_print:        load time =     475.48 ms
llama_perf_context_print: prompt eval time =     147.75 ms /   138 tokens (    1.07 ms per token,   933.99 tokens per second)
llama_perf_context_print:        eval time =     178.65 ms /    13 runs   (   13.74 ms per token,    72.77 tokens per second)
llama_perf_context_print:       total time =     665.61 ms /   151 tokens
llama_perf_context_print:    graphs reused =         12
Llama.generate: 66 prefix-match found but partial kv removal not supported, re-evaluating full prompt
ggml_backend_cuda_graph_compute: CUDA graph warmup reset
ggml_backend_cuda_graph_compute: CUDA graph warmup reset
CUDA Graph id 203 reused
ggml_backend_cuda_graph_compute: CUDA graph warmup complete
CUDA Graph id 204 reused
ggml_backend_cuda_graph_compute: CUDA graph warmup complete
CUDA Graph id 203 reused
CUDA Graph id 204 reused
CUDA Graph id 203 reused
CUDA Graph id 204 reused
CUDA Graph id 203 reused
CUDA Graph id 204 reused
CUDA Graph id 203 reused
CUDA Graph id 204 reused
CUDA Graph id 203 reused
CUDA Graph id 204 reused
CUDA Graph id 203 reused
CUDA Graph id 204 reused
CUDA Graph id 203 reused
CUDA Graph id 204 reused
CUDA Graph id 203 reused
CUDA Graph id 204 reused
CUDA Graph id 203 reused
CUDA Graph id 204 reused
CUDA Graph id 203 reused
CUDA Graph id 204 reused
CUDA Graph id 203 reused
CUDA Graph id 204 reused
CUDA Graph id 203 reused
CUDA Graph id 204 reused
CUDA Graph id 203 reused
CUDA Graph id 204 reused
CUDA Graph id 203 reused
CUDA Graph id 204 reused
CUDA Graph id 203 reused
CUDA Graph id 204 reused
CUDA Graph id 203 reused
CUDA Graph id 204 reused
CUDA Graph id 203 reused
CUDA Graph id 204 reused
CUDA Graph id 203 reused
CUDA Graph id 204 reused
CUDA Graph id 203 reused
CUDA Graph id 204 reused
CUDA Graph id 203 reused
CUDA Graph id 204 reused
CUDA Graph id 203 reused
CUDA Graph id 204 reused
CUDA Graph id 203 reused
CUDA Graph id 204 reused
llama_perf_context_print:        load time =     475.48 ms
llama_perf_context_print: prompt eval time =     147.70 ms /   136 tokens (    1.09 ms per token,   920.80 tokens per second)
llama_perf_context_print:        eval time =     323.04 ms /    24 runs   (   13.46 ms per token,    74.29 tokens per second)
llama_perf_context_print:       total time =     990.35 ms /   160 tokens
llama_perf_context_print:    graphs reused =         23
Llama.generate: 65 prefix-match found but partial kv removal not supported, re-evaluating full prompt
ggml_backend_cuda_graph_compute: CUDA graph warmup reset
ggml_backend_cuda_graph_compute: CUDA graph warmup reset
CUDA Graph id 211 reused
ggml_backend_cuda_graph_compute: CUDA graph warmup complete
CUDA Graph id 212 reused
ggml_backend_cuda_graph_compute: CUDA graph warmup complete
CUDA Graph id 211 reused
CUDA Graph id 212 reused
CUDA Graph id 211 reused
CUDA Graph id 212 reused
CUDA Graph id 211 reused
CUDA Graph id 212 reused
CUDA Graph id 211 reused
CUDA Graph id 212 reused
CUDA Graph id 211 reused
CUDA Graph id 212 reused
CUDA Graph id 211 reused
CUDA Graph id 212 reused
CUDA Graph id 211 reused
CUDA Graph id 212 reused
CUDA Graph id 211 reused
CUDA Graph id 212 reused
CUDA Graph id 211 reused
CUDA Graph id 212 reused
CUDA Graph id 211 reused
CUDA Graph id 212 reused
CUDA Graph id 211 reused
CUDA Graph id 212 reused
llama_perf_context_print:        load time =     475.48 ms
llama_perf_context_print: prompt eval time =     139.59 ms /   138 tokens (    1.01 ms per token,   988.60 tokens per second)
llama_perf_context_print:        eval time =     184.42 ms /    13 runs   (   14.19 ms per token,    70.49 tokens per second)
llama_perf_context_print:       total time =     654.28 ms /   151 tokens
llama_perf_context_print:    graphs reused =         12
Llama.generate: 65 prefix-match found but partial kv removal not supported, re-evaluating full prompt
ggml_backend_cuda_graph_compute: CUDA graph warmup reset
ggml_backend_cuda_graph_compute: CUDA graph warmup reset
CUDA Graph id 219 reused
ggml_backend_cuda_graph_compute: CUDA graph warmup complete
CUDA Graph id 220 reused
ggml_backend_cuda_graph_compute: CUDA graph warmup complete
CUDA Graph id 219 reused
CUDA Graph id 220 reused
CUDA Graph id 219 reused
CUDA Graph id 220 reused
CUDA Graph id 219 reused
CUDA Graph id 220 reused
CUDA Graph id 219 reused
CUDA Graph id 220 reused
CUDA Graph id 219 reused
CUDA Graph id 220 reused
CUDA Graph id 219 reused
CUDA Graph id 220 reused
CUDA Graph id 219 reused
CUDA Graph id 220 reused
CUDA Graph id 219 reused
CUDA Graph id 220 reused
CUDA Graph id 219 reused
CUDA Graph id 220 reused
CUDA Graph id 219 reused
CUDA Graph id 220 reused
CUDA Graph id 219 reused
CUDA Graph id 220 reused
llama_perf_context_print:        load time =     475.48 ms
llama_perf_context_print: prompt eval time =     158.91 ms /   137 tokens (    1.16 ms per token,   862.12 tokens per second)
llama_perf_context_print:        eval time =     182.53 ms /    13 runs   (   14.04 ms per token,    71.22 tokens per second)
llama_perf_context_print:       total time =     673.58 ms /   150 tokens
llama_perf_context_print:    graphs reused =         12
Llama.generate: 65 prefix-match found but partial kv removal not supported, re-evaluating full prompt
ggml_backend_cuda_graph_compute: CUDA graph warmup reset
ggml_backend_cuda_graph_compute: CUDA graph warmup reset
CUDA Graph id 227 reused
ggml_backend_cuda_graph_compute: CUDA graph warmup complete
CUDA Graph id 228 reused
ggml_backend_cuda_graph_compute: CUDA graph warmup complete
CUDA Graph id 227 reused
CUDA Graph id 228 reused
CUDA Graph id 227 reused
CUDA Graph id 228 reused
CUDA Graph id 227 reused
CUDA Graph id 228 reused
CUDA Graph id 227 reused
CUDA Graph id 228 reused
CUDA Graph id 227 reused
CUDA Graph id 228 reused
CUDA Graph id 227 reused
CUDA Graph id 228 reused
CUDA Graph id 227 reused
CUDA Graph id 228 reused
CUDA Graph id 227 reused
CUDA Graph id 228 reused
CUDA Graph id 227 reused
CUDA Graph id 228 reused
CUDA Graph id 227 reused
CUDA Graph id 228 reused
CUDA Graph id 227 reused
CUDA Graph id 228 reused
llama_perf_context_print:        load time =     475.48 ms
llama_perf_context_print: prompt eval time =     148.31 ms /   138 tokens (    1.07 ms per token,   930.47 tokens per second)
llama_perf_context_print:        eval time =     177.53 ms /    13 runs   (   13.66 ms per token,    73.23 tokens per second)
llama_perf_context_print:       total time =     667.76 ms /   151 tokens
llama_perf_context_print:    graphs reused =         12
Llama.generate: 65 prefix-match found but partial kv removal not supported, re-evaluating full prompt
ggml_backend_cuda_graph_compute: CUDA graph warmup reset
ggml_backend_cuda_graph_compute: CUDA graph warmup reset
CUDA Graph id 235 reused
ggml_backend_cuda_graph_compute: CUDA graph warmup complete
CUDA Graph id 236 reused
ggml_backend_cuda_graph_compute: CUDA graph warmup complete
CUDA Graph id 235 reused
CUDA Graph id 236 reused
CUDA Graph id 235 reused
CUDA Graph id 236 reused
CUDA Graph id 235 reused
CUDA Graph id 236 reused
CUDA Graph id 235 reused
CUDA Graph id 236 reused
CUDA Graph id 235 reused
CUDA Graph id 236 reused
CUDA Graph id 235 reused
CUDA Graph id 236 reused
CUDA Graph id 235 reused
CUDA Graph id 236 reused
CUDA Graph id 235 reused
CUDA Graph id 236 reused
CUDA Graph id 235 reused
CUDA Graph id 236 reused
CUDA Graph id 235 reused
CUDA Graph id 236 reused
CUDA Graph id 235 reused
CUDA Graph id 236 reused
llama_perf_context_print:        load time =     475.48 ms
llama_perf_context_print: prompt eval time =     140.39 ms /   137 tokens (    1.02 ms per token,   975.83 tokens per second)
llama_perf_context_print:        eval time =     176.36 ms /    13 runs   (   13.57 ms per token,    73.71 tokens per second)
llama_perf_context_print:       total time =     654.83 ms /   150 tokens
llama_perf_context_print:    graphs reused =         12
Llama.generate: 66 prefix-match found but partial kv removal not supported, re-evaluating full prompt
ggml_backend_cuda_graph_compute: CUDA graph warmup reset
ggml_backend_cuda_graph_compute: CUDA graph warmup reset
CUDA Graph id 243 reused
ggml_backend_cuda_graph_compute: CUDA graph warmup complete
CUDA Graph id 244 reused
ggml_backend_cuda_graph_compute: CUDA graph warmup complete
CUDA Graph id 243 reused
CUDA Graph id 244 reused
CUDA Graph id 243 reused
CUDA Graph id 244 reused
CUDA Graph id 243 reused
CUDA Graph id 244 reused
CUDA Graph id 243 reused
CUDA Graph id 244 reused
CUDA Graph id 243 reused
CUDA Graph id 244 reused
CUDA Graph id 243 reused
CUDA Graph id 244 reused
CUDA Graph id 243 reused
CUDA Graph id 244 reused
CUDA Graph id 243 reused
CUDA Graph id 244 reused
CUDA Graph id 243 reused
CUDA Graph id 244 reused
CUDA Graph id 243 reused
CUDA Graph id 244 reused
CUDA Graph id 243 reused
CUDA Graph id 244 reused
llama_perf_context_print:        load time =     475.48 ms
llama_perf_context_print: prompt eval time =     137.87 ms /   136 tokens (    1.01 ms per token,   986.41 tokens per second)
llama_perf_context_print:        eval time =     174.72 ms /    13 runs   (   13.44 ms per token,    74.40 tokens per second)
llama_perf_context_print:       total time =     637.42 ms /   149 tokens
llama_perf_context_print:    graphs reused =         12
Llama.generate: 66 prefix-match found but partial kv removal not supported, re-evaluating full prompt
ggml_backend_cuda_graph_compute: CUDA graph warmup reset
ggml_backend_cuda_graph_compute: CUDA graph warmup reset
CUDA Graph id 251 reused
ggml_backend_cuda_graph_compute: CUDA graph warmup complete
CUDA Graph id 252 reused
ggml_backend_cuda_graph_compute: CUDA graph warmup complete
CUDA Graph id 251 reused
CUDA Graph id 252 reused
CUDA Graph id 251 reused
CUDA Graph id 252 reused
CUDA Graph id 251 reused
CUDA Graph id 252 reused
CUDA Graph id 251 reused
CUDA Graph id 252 reused
CUDA Graph id 251 reused
CUDA Graph id 252 reused
CUDA Graph id 251 reused
CUDA Graph id 252 reused
CUDA Graph id 251 reused
CUDA Graph id 252 reused
CUDA Graph id 251 reused
CUDA Graph id 252 reused
CUDA Graph id 251 reused
CUDA Graph id 252 reused
CUDA Graph id 251 reused
CUDA Graph id 252 reused
CUDA Graph id 251 reused
CUDA Graph id 252 reused
llama_perf_context_print:        load time =     475.48 ms
llama_perf_context_print: prompt eval time =     144.78 ms /   136 tokens (    1.06 ms per token,   939.37 tokens per second)
llama_perf_context_print:        eval time =     176.99 ms /    13 runs   (   13.61 ms per token,    73.45 tokens per second)
llama_perf_context_print:       total time =     662.56 ms /   149 tokens
llama_perf_context_print:    graphs reused =         12
Llama.generate: 65 prefix-match found but partial kv removal not supported, re-evaluating full prompt
ggml_backend_cuda_graph_compute: CUDA graph warmup reset
ggml_backend_cuda_graph_compute: CUDA graph warmup reset
CUDA Graph id 259 reused
ggml_backend_cuda_graph_compute: CUDA graph warmup complete
CUDA Graph id 260 reused
ggml_backend_cuda_graph_compute: CUDA graph warmup complete
CUDA Graph id 259 reused
CUDA Graph id 260 reused
CUDA Graph id 259 reused
CUDA Graph id 260 reused
CUDA Graph id 259 reused
CUDA Graph id 260 reused
CUDA Graph id 259 reused
CUDA Graph id 260 reused
CUDA Graph id 259 reused
CUDA Graph id 260 reused
CUDA Graph id 259 reused
CUDA Graph id 260 reused
CUDA Graph id 259 reused
CUDA Graph id 260 reused
CUDA Graph id 259 reused
CUDA Graph id 260 reused
CUDA Graph id 259 reused
CUDA Graph id 260 reused
CUDA Graph id 259 reused
CUDA Graph id 260 reused
CUDA Graph id 259 reused
CUDA Graph id 260 reused
llama_perf_context_print:        load time =     475.48 ms
llama_perf_context_print: prompt eval time =     138.19 ms /   139 tokens (    0.99 ms per token,  1005.83 tokens per second)
llama_perf_context_print:        eval time =     176.91 ms /    13 runs   (   13.61 ms per token,    73.48 tokens per second)
llama_perf_context_print:       total time =     644.89 ms /   152 tokens
llama_perf_context_print:    graphs reused =         12
Llama.generate: 65 prefix-match found but partial kv removal not supported, re-evaluating full prompt
ggml_backend_cuda_graph_compute: CUDA graph warmup reset
ggml_backend_cuda_graph_compute: CUDA graph warmup reset
CUDA Graph id 267 reused
ggml_backend_cuda_graph_compute: CUDA graph warmup complete
CUDA Graph id 268 reused
ggml_backend_cuda_graph_compute: CUDA graph warmup complete
CUDA Graph id 267 reused
CUDA Graph id 268 reused
CUDA Graph id 267 reused
CUDA Graph id 268 reused
CUDA Graph id 267 reused
CUDA Graph id 268 reused
CUDA Graph id 267 reused
CUDA Graph id 268 reused
CUDA Graph id 267 reused
CUDA Graph id 268 reused
CUDA Graph id 267 reused
CUDA Graph id 268 reused
CUDA Graph id 267 reused
CUDA Graph id 268 reused
CUDA Graph id 267 reused
CUDA Graph id 268 reused
CUDA Graph id 267 reused
CUDA Graph id 268 reused
CUDA Graph id 267 reused
CUDA Graph id 268 reused
CUDA Graph id 267 reused
CUDA Graph id 268 reused
llama_perf_context_print:        load time =     475.48 ms
llama_perf_context_print: prompt eval time =     146.23 ms /   138 tokens (    1.06 ms per token,   943.69 tokens per second)
llama_perf_context_print:        eval time =     176.12 ms /    13 runs   (   13.55 ms per token,    73.81 tokens per second)
llama_perf_context_print:       total time =     653.60 ms /   151 tokens
llama_perf_context_print:    graphs reused =         12
Llama.generate: 66 prefix-match found but partial kv removal not supported, re-evaluating full prompt
ggml_backend_cuda_graph_compute: CUDA graph warmup reset
ggml_backend_cuda_graph_compute: CUDA graph warmup reset
CUDA Graph id 275 reused
ggml_backend_cuda_graph_compute: CUDA graph warmup complete
CUDA Graph id 276 reused
ggml_backend_cuda_graph_compute: CUDA graph warmup complete
CUDA Graph id 275 reused
CUDA Graph id 276 reused
CUDA Graph id 275 reused
CUDA Graph id 276 reused
CUDA Graph id 275 reused
CUDA Graph id 276 reused
CUDA Graph id 275 reused
CUDA Graph id 276 reused
CUDA Graph id 275 reused
CUDA Graph id 276 reused
CUDA Graph id 275 reused
CUDA Graph id 276 reused
CUDA Graph id 275 reused
CUDA Graph id 276 reused
CUDA Graph id 275 reused
CUDA Graph id 276 reused
CUDA Graph id 275 reused
CUDA Graph id 276 reused
CUDA Graph id 275 reused
CUDA Graph id 276 reused
CUDA Graph id 275 reused
CUDA Graph id 276 reused
llama_perf_context_print:        load time =     475.48 ms
llama_perf_context_print: prompt eval time =     146.49 ms /   138 tokens (    1.06 ms per token,   942.05 tokens per second)
llama_perf_context_print:        eval time =     177.34 ms /    13 runs   (   13.64 ms per token,    73.30 tokens per second)
llama_perf_context_print:       total time =     667.36 ms /   151 tokens
llama_perf_context_print:    graphs reused =         12
Llama.generate: 65 prefix-match found but partial kv removal not supported, re-evaluating full prompt
ggml_backend_cuda_graph_compute: CUDA graph warmup reset
ggml_backend_cuda_graph_compute: CUDA graph warmup reset
CUDA Graph id 283 reused
ggml_backend_cuda_graph_compute: CUDA graph warmup complete
CUDA Graph id 284 reused
ggml_backend_cuda_graph_compute: CUDA graph warmup complete
CUDA Graph id 283 reused
CUDA Graph id 284 reused
CUDA Graph id 283 reused
CUDA Graph id 284 reused
CUDA Graph id 283 reused
CUDA Graph id 284 reused
CUDA Graph id 283 reused
CUDA Graph id 284 reused
CUDA Graph id 283 reused
CUDA Graph id 284 reused
CUDA Graph id 283 reused
CUDA Graph id 284 reused
CUDA Graph id 283 reused
CUDA Graph id 284 reused
CUDA Graph id 283 reused
CUDA Graph id 284 reused
CUDA Graph id 283 reused
CUDA Graph id 284 reused
CUDA Graph id 283 reused
CUDA Graph id 284 reused
CUDA Graph id 283 reused
CUDA Graph id 284 reused
llama_perf_context_print:        load time =     475.48 ms
llama_perf_context_print: prompt eval time =     138.32 ms /   139 tokens (    1.00 ms per token,  1004.91 tokens per second)
llama_perf_context_print:        eval time =     176.91 ms /    13 runs   (   13.61 ms per token,    73.48 tokens per second)
llama_perf_context_print:       total time =     642.88 ms /   152 tokens
llama_perf_context_print:    graphs reused =         12
Llama.generate: 65 prefix-match found but partial kv removal not supported, re-evaluating full prompt
ggml_backend_cuda_graph_compute: CUDA graph warmup reset
ggml_backend_cuda_graph_compute: CUDA graph warmup reset
CUDA Graph id 291 reused
ggml_backend_cuda_graph_compute: CUDA graph warmup complete
CUDA Graph id 292 reused
ggml_backend_cuda_graph_compute: CUDA graph warmup complete
CUDA Graph id 291 reused
CUDA Graph id 292 reused
CUDA Graph id 291 reused
CUDA Graph id 292 reused
CUDA Graph id 291 reused
CUDA Graph id 292 reused
CUDA Graph id 291 reused
CUDA Graph id 292 reused
CUDA Graph id 291 reused
CUDA Graph id 292 reused
CUDA Graph id 291 reused
CUDA Graph id 292 reused
CUDA Graph id 291 reused
CUDA Graph id 292 reused
CUDA Graph id 291 reused
CUDA Graph id 292 reused
CUDA Graph id 291 reused
CUDA Graph id 292 reused
CUDA Graph id 291 reused
CUDA Graph id 292 reused
CUDA Graph id 291 reused
CUDA Graph id 292 reused
llama_perf_context_print:        load time =     475.48 ms
llama_perf_context_print: prompt eval time =     147.15 ms /   139 tokens (    1.06 ms per token,   944.61 tokens per second)
llama_perf_context_print:        eval time =     172.42 ms /    13 runs   (   13.26 ms per token,    75.40 tokens per second)
llama_perf_context_print:       total time =     652.40 ms /   152 tokens
llama_perf_context_print:    graphs reused =         12
Llama.generate: 66 prefix-match found but partial kv removal not supported, re-evaluating full prompt
ggml_backend_cuda_graph_compute: CUDA graph warmup reset
ggml_backend_cuda_graph_compute: CUDA graph warmup reset
CUDA Graph id 299 reused
ggml_backend_cuda_graph_compute: CUDA graph warmup complete
CUDA Graph id 300 reused
ggml_backend_cuda_graph_compute: CUDA graph warmup complete
CUDA Graph id 299 reused
CUDA Graph id 300 reused
CUDA Graph id 299 reused
CUDA Graph id 300 reused
CUDA Graph id 299 reused
CUDA Graph id 300 reused
CUDA Graph id 299 reused
CUDA Graph id 300 reused
CUDA Graph id 299 reused
CUDA Graph id 300 reused
CUDA Graph id 299 reused
CUDA Graph id 300 reused
CUDA Graph id 299 reused
CUDA Graph id 300 reused
CUDA Graph id 299 reused
CUDA Graph id 300 reused
CUDA Graph id 299 reused
CUDA Graph id 300 reused
CUDA Graph id 299 reused
CUDA Graph id 300 reused
CUDA Graph id 299 reused
CUDA Graph id 300 reused
llama_perf_context_print:        load time =     475.48 ms
llama_perf_context_print: prompt eval time =     131.22 ms /   136 tokens (    0.96 ms per token,  1036.44 tokens per second)
llama_perf_context_print:        eval time =     171.21 ms /    13 runs   (   13.17 ms per token,    75.93 tokens per second)
llama_perf_context_print:       total time =     641.83 ms /   149 tokens
llama_perf_context_print:    graphs reused =         12
Llama.generate: 67 prefix-match found but partial kv removal not supported, re-evaluating full prompt
ggml_backend_cuda_graph_compute: CUDA graph warmup reset
ggml_backend_cuda_graph_compute: CUDA graph warmup reset
CUDA Graph id 307 reused
ggml_backend_cuda_graph_compute: CUDA graph warmup complete
CUDA Graph id 308 reused
ggml_backend_cuda_graph_compute: CUDA graph warmup complete
CUDA Graph id 307 reused
CUDA Graph id 308 reused
CUDA Graph id 307 reused
CUDA Graph id 308 reused
CUDA Graph id 307 reused
CUDA Graph id 308 reused
CUDA Graph id 307 reused
CUDA Graph id 308 reused
CUDA Graph id 307 reused
CUDA Graph id 308 reused
CUDA Graph id 307 reused
CUDA Graph id 308 reused
CUDA Graph id 307 reused
CUDA Graph id 308 reused
CUDA Graph id 307 reused
CUDA Graph id 308 reused
CUDA Graph id 307 reused
CUDA Graph id 308 reused
CUDA Graph id 307 reused
CUDA Graph id 308 reused
CUDA Graph id 307 reused
CUDA Graph id 308 reused
llama_perf_context_print:        load time =     475.48 ms
llama_perf_context_print: prompt eval time =     131.07 ms /   136 tokens (    0.96 ms per token,  1037.59 tokens per second)
llama_perf_context_print:        eval time =     172.00 ms /    13 runs   (   13.23 ms per token,    75.58 tokens per second)
llama_perf_context_print:       total time =     637.52 ms /   149 tokens
llama_perf_context_print:    graphs reused =         12
Llama.generate: 65 prefix-match found but partial kv removal not supported, re-evaluating full prompt
ggml_backend_cuda_graph_compute: CUDA graph warmup reset
ggml_backend_cuda_graph_compute: CUDA graph warmup reset
CUDA Graph id 315 reused
ggml_backend_cuda_graph_compute: CUDA graph warmup complete
CUDA Graph id 316 reused
ggml_backend_cuda_graph_compute: CUDA graph warmup complete
CUDA Graph id 315 reused
CUDA Graph id 316 reused
CUDA Graph id 315 reused
CUDA Graph id 316 reused
CUDA Graph id 315 reused
CUDA Graph id 316 reused
CUDA Graph id 315 reused
CUDA Graph id 316 reused
CUDA Graph id 315 reused
CUDA Graph id 316 reused
CUDA Graph id 315 reused
CUDA Graph id 316 reused
CUDA Graph id 315 reused
CUDA Graph id 316 reused
CUDA Graph id 315 reused
CUDA Graph id 316 reused
CUDA Graph id 315 reused
CUDA Graph id 316 reused
CUDA Graph id 315 reused
CUDA Graph id 316 reused
CUDA Graph id 315 reused
CUDA Graph id 316 reused
llama_perf_context_print:        load time =     475.48 ms
llama_perf_context_print: prompt eval time =     150.50 ms /   138 tokens (    1.09 ms per token,   916.94 tokens per second)
llama_perf_context_print:        eval time =     181.36 ms /    13 runs   (   13.95 ms per token,    71.68 tokens per second)
llama_perf_context_print:       total time =     669.88 ms /   151 tokens
llama_perf_context_print:    graphs reused =         12
Llama.generate: 65 prefix-match found but partial kv removal not supported, re-evaluating full prompt
ggml_backend_cuda_graph_compute: CUDA graph warmup reset
ggml_backend_cuda_graph_compute: CUDA graph warmup reset
CUDA Graph id 323 reused
ggml_backend_cuda_graph_compute: CUDA graph warmup complete
CUDA Graph id 324 reused
ggml_backend_cuda_graph_compute: CUDA graph warmup complete
CUDA Graph id 323 reused
CUDA Graph id 324 reused
CUDA Graph id 323 reused
CUDA Graph id 324 reused
CUDA Graph id 323 reused
CUDA Graph id 324 reused
CUDA Graph id 323 reused
CUDA Graph id 324 reused
CUDA Graph id 323 reused
CUDA Graph id 324 reused
CUDA Graph id 323 reused
CUDA Graph id 324 reused
CUDA Graph id 323 reused
CUDA Graph id 324 reused
CUDA Graph id 323 reused
CUDA Graph id 324 reused
CUDA Graph id 323 reused
CUDA Graph id 324 reused
CUDA Graph id 323 reused
CUDA Graph id 324 reused
CUDA Graph id 323 reused
CUDA Graph id 324 reused
llama_perf_context_print:        load time =     475.48 ms
llama_perf_context_print: prompt eval time =     143.34 ms /   139 tokens (    1.03 ms per token,   969.74 tokens per second)
llama_perf_context_print:        eval time =     179.44 ms /    13 runs   (   13.80 ms per token,    72.45 tokens per second)
llama_perf_context_print:       total time =     657.29 ms /   152 tokens
llama_perf_context_print:    graphs reused =         12
Llama.generate: 66 prefix-match found but partial kv removal not supported, re-evaluating full prompt
ggml_backend_cuda_graph_compute: CUDA graph warmup reset
ggml_backend_cuda_graph_compute: CUDA graph warmup reset
CUDA Graph id 331 reused
ggml_backend_cuda_graph_compute: CUDA graph warmup complete
CUDA Graph id 332 reused
ggml_backend_cuda_graph_compute: CUDA graph warmup complete
CUDA Graph id 331 reused
CUDA Graph id 332 reused
CUDA Graph id 331 reused
CUDA Graph id 332 reused
CUDA Graph id 331 reused
CUDA Graph id 332 reused
CUDA Graph id 331 reused
CUDA Graph id 332 reused
CUDA Graph id 331 reused
CUDA Graph id 332 reused
CUDA Graph id 331 reused
CUDA Graph id 332 reused
CUDA Graph id 331 reused
CUDA Graph id 332 reused
CUDA Graph id 331 reused
CUDA Graph id 332 reused
CUDA Graph id 331 reused
CUDA Graph id 332 reused
CUDA Graph id 331 reused
CUDA Graph id 332 reused
CUDA Graph id 331 reused
CUDA Graph id 332 reused
llama_perf_context_print:        load time =     475.48 ms
llama_perf_context_print: prompt eval time =     141.44 ms /   137 tokens (    1.03 ms per token,   968.57 tokens per second)
llama_perf_context_print:        eval time =     181.09 ms /    13 runs   (   13.93 ms per token,    71.79 tokens per second)
llama_perf_context_print:       total time =     666.38 ms /   150 tokens
llama_perf_context_print:    graphs reused =         12
Llama.generate: 65 prefix-match found but partial kv removal not supported, re-evaluating full prompt
ggml_backend_cuda_graph_compute: CUDA graph warmup reset
ggml_backend_cuda_graph_compute: CUDA graph warmup reset
CUDA Graph id 339 reused
ggml_backend_cuda_graph_compute: CUDA graph warmup complete
CUDA Graph id 340 reused
ggml_backend_cuda_graph_compute: CUDA graph warmup complete
CUDA Graph id 339 reused
CUDA Graph id 340 reused
CUDA Graph id 339 reused
CUDA Graph id 340 reused
CUDA Graph id 339 reused
CUDA Graph id 340 reused
CUDA Graph id 339 reused
CUDA Graph id 340 reused
CUDA Graph id 339 reused
CUDA Graph id 340 reused
CUDA Graph id 339 reused
CUDA Graph id 340 reused
CUDA Graph id 339 reused
CUDA Graph id 340 reused
CUDA Graph id 339 reused
CUDA Graph id 340 reused
CUDA Graph id 339 reused
CUDA Graph id 340 reused
CUDA Graph id 339 reused
CUDA Graph id 340 reused
CUDA Graph id 339 reused
CUDA Graph id 340 reused
llama_perf_context_print:        load time =     475.48 ms
llama_perf_context_print: prompt eval time =     151.31 ms /   139 tokens (    1.09 ms per token,   918.67 tokens per second)
llama_perf_context_print:        eval time =     180.92 ms /    13 runs   (   13.92 ms per token,    71.86 tokens per second)
llama_perf_context_print:       total time =     662.71 ms /   152 tokens
llama_perf_context_print:    graphs reused =         12
Llama.generate: 65 prefix-match found but partial kv removal not supported, re-evaluating full prompt
ggml_backend_cuda_graph_compute: CUDA graph warmup reset
ggml_backend_cuda_graph_compute: CUDA graph warmup reset
CUDA Graph id 347 reused
ggml_backend_cuda_graph_compute: CUDA graph warmup complete
CUDA Graph id 348 reused
ggml_backend_cuda_graph_compute: CUDA graph warmup complete
CUDA Graph id 347 reused
CUDA Graph id 348 reused
CUDA Graph id 347 reused
CUDA Graph id 348 reused
CUDA Graph id 347 reused
CUDA Graph id 348 reused
CUDA Graph id 347 reused
CUDA Graph id 348 reused
CUDA Graph id 347 reused
CUDA Graph id 348 reused
CUDA Graph id 347 reused
CUDA Graph id 348 reused
CUDA Graph id 347 reused
CUDA Graph id 348 reused
CUDA Graph id 347 reused
CUDA Graph id 348 reused
CUDA Graph id 347 reused
CUDA Graph id 348 reused
CUDA Graph id 347 reused
CUDA Graph id 348 reused
CUDA Graph id 347 reused
CUDA Graph id 348 reused
llama_perf_context_print:        load time =     475.48 ms
llama_perf_context_print: prompt eval time =     144.14 ms /   137 tokens (    1.05 ms per token,   950.48 tokens per second)
llama_perf_context_print:        eval time =     177.68 ms /    13 runs   (   13.67 ms per token,    73.17 tokens per second)
llama_perf_context_print:       total time =     662.20 ms /   150 tokens
llama_perf_context_print:    graphs reused =         12
Llama.generate: 66 prefix-match found but partial kv removal not supported, re-evaluating full prompt
ggml_backend_cuda_graph_compute: CUDA graph warmup reset
ggml_backend_cuda_graph_compute: CUDA graph warmup reset
CUDA Graph id 355 reused
ggml_backend_cuda_graph_compute: CUDA graph warmup complete
CUDA Graph id 356 reused
ggml_backend_cuda_graph_compute: CUDA graph warmup complete
CUDA Graph id 355 reused
CUDA Graph id 356 reused
CUDA Graph id 355 reused
CUDA Graph id 356 reused
CUDA Graph id 355 reused
CUDA Graph id 356 reused
CUDA Graph id 355 reused
CUDA Graph id 356 reused
CUDA Graph id 355 reused
CUDA Graph id 356 reused
CUDA Graph id 355 reused
CUDA Graph id 356 reused
CUDA Graph id 355 reused
CUDA Graph id 356 reused
CUDA Graph id 355 reused
CUDA Graph id 356 reused
CUDA Graph id 355 reused
CUDA Graph id 356 reused
CUDA Graph id 355 reused
CUDA Graph id 356 reused
CUDA Graph id 355 reused
CUDA Graph id 356 reused
llama_perf_context_print:        load time =     475.48 ms
llama_perf_context_print: prompt eval time =     140.60 ms /   138 tokens (    1.02 ms per token,   981.48 tokens per second)
llama_perf_context_print:        eval time =     173.23 ms /    13 runs   (   13.33 ms per token,    75.04 tokens per second)
llama_perf_context_print:       total time =     653.77 ms /   151 tokens
llama_perf_context_print:    graphs reused =         12
Llama.generate: 66 prefix-match found but partial kv removal not supported, re-evaluating full prompt
ggml_backend_cuda_graph_compute: CUDA graph warmup reset
ggml_backend_cuda_graph_compute: CUDA graph warmup reset
CUDA Graph id 363 reused
ggml_backend_cuda_graph_compute: CUDA graph warmup complete
CUDA Graph id 364 reused
ggml_backend_cuda_graph_compute: CUDA graph warmup complete
CUDA Graph id 363 reused
CUDA Graph id 364 reused
CUDA Graph id 363 reused
CUDA Graph id 364 reused
CUDA Graph id 363 reused
CUDA Graph id 364 reused
CUDA Graph id 363 reused
CUDA Graph id 364 reused
CUDA Graph id 363 reused
CUDA Graph id 364 reused
CUDA Graph id 363 reused
CUDA Graph id 364 reused
CUDA Graph id 363 reused
CUDA Graph id 364 reused
CUDA Graph id 363 reused
CUDA Graph id 364 reused
CUDA Graph id 363 reused
CUDA Graph id 364 reused
CUDA Graph id 363 reused
CUDA Graph id 364 reused
CUDA Graph id 363 reused
CUDA Graph id 364 reused
llama_perf_context_print:        load time =     475.48 ms
llama_perf_context_print: prompt eval time =     132.79 ms /   136 tokens (    0.98 ms per token,  1024.15 tokens per second)
llama_perf_context_print:        eval time =     172.53 ms /    13 runs   (   13.27 ms per token,    75.35 tokens per second)
llama_perf_context_print:       total time =     634.13 ms /   149 tokens
llama_perf_context_print:    graphs reused =         12
Llama.generate: 65 prefix-match found but partial kv removal not supported, re-evaluating full prompt
ggml_backend_cuda_graph_compute: CUDA graph warmup reset
ggml_backend_cuda_graph_compute: CUDA graph warmup reset
CUDA Graph id 371 reused
ggml_backend_cuda_graph_compute: CUDA graph warmup complete
CUDA Graph id 372 reused
ggml_backend_cuda_graph_compute: CUDA graph warmup complete
CUDA Graph id 371 reused
CUDA Graph id 372 reused
CUDA Graph id 371 reused
CUDA Graph id 372 reused
CUDA Graph id 371 reused
CUDA Graph id 372 reused
CUDA Graph id 371 reused
CUDA Graph id 372 reused
CUDA Graph id 371 reused
CUDA Graph id 372 reused
CUDA Graph id 371 reused
CUDA Graph id 372 reused
CUDA Graph id 371 reused
CUDA Graph id 372 reused
CUDA Graph id 371 reused
CUDA Graph id 372 reused
CUDA Graph id 371 reused
CUDA Graph id 372 reused
CUDA Graph id 371 reused
CUDA Graph id 372 reused
CUDA Graph id 371 reused
CUDA Graph id 372 reused
llama_perf_context_print:        load time =     475.48 ms
llama_perf_context_print: prompt eval time =     133.73 ms /   138 tokens (    0.97 ms per token,  1031.90 tokens per second)
llama_perf_context_print:        eval time =     173.39 ms /    13 runs   (   13.34 ms per token,    74.97 tokens per second)
llama_perf_context_print:       total time =     648.06 ms /   151 tokens
llama_perf_context_print:    graphs reused =         12
Llama.generate: 65 prefix-match found but partial kv removal not supported, re-evaluating full prompt
ggml_backend_cuda_graph_compute: CUDA graph warmup reset
ggml_backend_cuda_graph_compute: CUDA graph warmup reset
CUDA Graph id 379 reused
ggml_backend_cuda_graph_compute: CUDA graph warmup complete
CUDA Graph id 380 reused
ggml_backend_cuda_graph_compute: CUDA graph warmup complete
CUDA Graph id 379 reused
CUDA Graph id 380 reused
CUDA Graph id 379 reused
CUDA Graph id 380 reused
CUDA Graph id 379 reused
CUDA Graph id 380 reused
CUDA Graph id 379 reused
CUDA Graph id 380 reused
CUDA Graph id 379 reused
CUDA Graph id 380 reused
CUDA Graph id 379 reused
CUDA Graph id 380 reused
CUDA Graph id 379 reused
CUDA Graph id 380 reused
CUDA Graph id 379 reused
CUDA Graph id 380 reused
CUDA Graph id 379 reused
CUDA Graph id 380 reused
CUDA Graph id 379 reused
CUDA Graph id 380 reused
CUDA Graph id 379 reused
CUDA Graph id 380 reused
llama_perf_context_print:        load time =     475.48 ms
llama_perf_context_print: prompt eval time =     153.39 ms /   137 tokens (    1.12 ms per token,   893.15 tokens per second)
llama_perf_context_print:        eval time =     177.47 ms /    13 runs   (   13.65 ms per token,    73.25 tokens per second)
llama_perf_context_print:       total time =     661.58 ms /   150 tokens
llama_perf_context_print:    graphs reused =         12
Llama.generate: 65 prefix-match found but partial kv removal not supported, re-evaluating full prompt
ggml_backend_cuda_graph_compute: CUDA graph warmup reset
ggml_backend_cuda_graph_compute: CUDA graph warmup reset
CUDA Graph id 387 reused
ggml_backend_cuda_graph_compute: CUDA graph warmup complete
CUDA Graph id 388 reused
ggml_backend_cuda_graph_compute: CUDA graph warmup complete
CUDA Graph id 387 reused
CUDA Graph id 388 reused
CUDA Graph id 387 reused
CUDA Graph id 388 reused
CUDA Graph id 387 reused
CUDA Graph id 388 reused
CUDA Graph id 387 reused
CUDA Graph id 388 reused
CUDA Graph id 387 reused
CUDA Graph id 388 reused
CUDA Graph id 387 reused
CUDA Graph id 388 reused
CUDA Graph id 387 reused
CUDA Graph id 388 reused
CUDA Graph id 387 reused
CUDA Graph id 388 reused
CUDA Graph id 387 reused
CUDA Graph id 388 reused
CUDA Graph id 387 reused
CUDA Graph id 388 reused
CUDA Graph id 387 reused
CUDA Graph id 388 reused
llama_perf_context_print:        load time =     475.48 ms
llama_perf_context_print: prompt eval time =     136.34 ms /   137 tokens (    1.00 ms per token,  1004.83 tokens per second)
llama_perf_context_print:        eval time =     175.15 ms /    13 runs   (   13.47 ms per token,    74.22 tokens per second)
llama_perf_context_print:       total time =     649.55 ms /   150 tokens
llama_perf_context_print:    graphs reused =         12
Llama.generate: 65 prefix-match found but partial kv removal not supported, re-evaluating full prompt
ggml_backend_cuda_graph_compute: CUDA graph warmup reset
ggml_backend_cuda_graph_compute: CUDA graph warmup reset
CUDA Graph id 395 reused
ggml_backend_cuda_graph_compute: CUDA graph warmup complete
CUDA Graph id 396 reused
ggml_backend_cuda_graph_compute: CUDA graph warmup complete
CUDA Graph id 395 reused
CUDA Graph id 396 reused
CUDA Graph id 395 reused
CUDA Graph id 396 reused
CUDA Graph id 395 reused
CUDA Graph id 396 reused
CUDA Graph id 395 reused
CUDA Graph id 396 reused
CUDA Graph id 395 reused
CUDA Graph id 396 reused
CUDA Graph id 395 reused
CUDA Graph id 396 reused
CUDA Graph id 395 reused
CUDA Graph id 396 reused
CUDA Graph id 395 reused
CUDA Graph id 396 reused
CUDA Graph id 395 reused
CUDA Graph id 396 reused
CUDA Graph id 395 reused
CUDA Graph id 396 reused
CUDA Graph id 395 reused
CUDA Graph id 396 reused
llama_perf_context_print:        load time =     475.48 ms
llama_perf_context_print: prompt eval time =     136.90 ms /   138 tokens (    0.99 ms per token,  1008.06 tokens per second)
llama_perf_context_print:        eval time =     176.01 ms /    13 runs   (   13.54 ms per token,    73.86 tokens per second)
llama_perf_context_print:       total time =     654.32 ms /   151 tokens
llama_perf_context_print:    graphs reused =         12
Llama.generate: 66 prefix-match found but partial kv removal not supported, re-evaluating full prompt
ggml_backend_cuda_graph_compute: CUDA graph warmup reset
ggml_backend_cuda_graph_compute: CUDA graph warmup reset
CUDA Graph id 403 reused
ggml_backend_cuda_graph_compute: CUDA graph warmup complete
CUDA Graph id 404 reused
ggml_backend_cuda_graph_compute: CUDA graph warmup complete
CUDA Graph id 403 reused
CUDA Graph id 404 reused
CUDA Graph id 403 reused
CUDA Graph id 404 reused
CUDA Graph id 403 reused
CUDA Graph id 404 reused
CUDA Graph id 403 reused
CUDA Graph id 404 reused
CUDA Graph id 403 reused
CUDA Graph id 404 reused
CUDA Graph id 403 reused
CUDA Graph id 404 reused
CUDA Graph id 403 reused
CUDA Graph id 404 reused
CUDA Graph id 403 reused
CUDA Graph id 404 reused
CUDA Graph id 403 reused
CUDA Graph id 404 reused
CUDA Graph id 403 reused
CUDA Graph id 404 reused
CUDA Graph id 403 reused
CUDA Graph id 404 reused
llama_perf_context_print:        load time =     475.48 ms
llama_perf_context_print: prompt eval time =     160.85 ms /   137 tokens (    1.17 ms per token,   851.70 tokens per second)
llama_perf_context_print:        eval time =     178.03 ms /    13 runs   (   13.69 ms per token,    73.02 tokens per second)
llama_perf_context_print:       total time =     671.13 ms /   150 tokens
llama_perf_context_print:    graphs reused =         12
Llama.generate: 66 prefix-match found but partial kv removal not supported, re-evaluating full prompt
ggml_backend_cuda_graph_compute: CUDA graph warmup reset
ggml_backend_cuda_graph_compute: CUDA graph warmup reset
CUDA Graph id 411 reused
ggml_backend_cuda_graph_compute: CUDA graph warmup complete
CUDA Graph id 412 reused
ggml_backend_cuda_graph_compute: CUDA graph warmup complete
CUDA Graph id 411 reused
CUDA Graph id 412 reused
CUDA Graph id 411 reused
CUDA Graph id 412 reused
CUDA Graph id 411 reused
CUDA Graph id 412 reused
CUDA Graph id 411 reused
CUDA Graph id 412 reused
CUDA Graph id 411 reused
CUDA Graph id 412 reused
CUDA Graph id 411 reused
CUDA Graph id 412 reused
CUDA Graph id 411 reused
CUDA Graph id 412 reused
CUDA Graph id 411 reused
CUDA Graph id 412 reused
CUDA Graph id 411 reused
CUDA Graph id 412 reused
CUDA Graph id 411 reused
CUDA Graph id 412 reused
CUDA Graph id 411 reused
CUDA Graph id 412 reused
llama_perf_context_print:        load time =     475.48 ms
llama_perf_context_print: prompt eval time =     137.17 ms /   136 tokens (    1.01 ms per token,   991.50 tokens per second)
llama_perf_context_print:        eval time =     176.54 ms /    13 runs   (   13.58 ms per token,    73.64 tokens per second)
llama_perf_context_print:       total time =     643.21 ms /   149 tokens
llama_perf_context_print:    graphs reused =         12
Llama.generate: 66 prefix-match found but partial kv removal not supported, re-evaluating full prompt
ggml_backend_cuda_graph_compute: CUDA graph warmup reset
ggml_backend_cuda_graph_compute: CUDA graph warmup reset
CUDA Graph id 419 reused
ggml_backend_cuda_graph_compute: CUDA graph warmup complete
CUDA Graph id 420 reused
ggml_backend_cuda_graph_compute: CUDA graph warmup complete
CUDA Graph id 419 reused
CUDA Graph id 420 reused
CUDA Graph id 419 reused
CUDA Graph id 420 reused
CUDA Graph id 419 reused
CUDA Graph id 420 reused
CUDA Graph id 419 reused
CUDA Graph id 420 reused
CUDA Graph id 419 reused
CUDA Graph id 420 reused
CUDA Graph id 419 reused
CUDA Graph id 420 reused
CUDA Graph id 419 reused
CUDA Graph id 420 reused
CUDA Graph id 419 reused
CUDA Graph id 420 reused
CUDA Graph id 419 reused
CUDA Graph id 420 reused
CUDA Graph id 419 reused
CUDA Graph id 420 reused
CUDA Graph id 419 reused
CUDA Graph id 420 reused
llama_perf_context_print:        load time =     475.48 ms
llama_perf_context_print: prompt eval time =     137.94 ms /   137 tokens (    1.01 ms per token,   993.19 tokens per second)
llama_perf_context_print:        eval time =     177.43 ms /    13 runs   (   13.65 ms per token,    73.27 tokens per second)
llama_perf_context_print:       total time =     652.70 ms /   150 tokens
llama_perf_context_print:    graphs reused =         12
Llama.generate: 66 prefix-match found but partial kv removal not supported, re-evaluating full prompt
ggml_backend_cuda_graph_compute: CUDA graph warmup reset
ggml_backend_cuda_graph_compute: CUDA graph warmup reset
CUDA Graph id 427 reused
ggml_backend_cuda_graph_compute: CUDA graph warmup complete
CUDA Graph id 428 reused
ggml_backend_cuda_graph_compute: CUDA graph warmup complete
CUDA Graph id 427 reused
CUDA Graph id 428 reused
CUDA Graph id 427 reused
CUDA Graph id 428 reused
CUDA Graph id 427 reused
CUDA Graph id 428 reused
CUDA Graph id 427 reused
CUDA Graph id 428 reused
CUDA Graph id 427 reused
CUDA Graph id 428 reused
CUDA Graph id 427 reused
CUDA Graph id 428 reused
CUDA Graph id 427 reused
CUDA Graph id 428 reused
CUDA Graph id 427 reused
CUDA Graph id 428 reused
CUDA Graph id 427 reused
CUDA Graph id 428 reused
CUDA Graph id 427 reused
CUDA Graph id 428 reused
CUDA Graph id 427 reused
CUDA Graph id 428 reused
llama_perf_context_print:        load time =     475.48 ms
llama_perf_context_print: prompt eval time =     163.90 ms /   137 tokens (    1.20 ms per token,   835.86 tokens per second)
llama_perf_context_print:        eval time =     190.13 ms /    13 runs   (   14.63 ms per token,    68.37 tokens per second)
llama_perf_context_print:       total time =     694.26 ms /   150 tokens
llama_perf_context_print:    graphs reused =         12
Llama.generate: 66 prefix-match found but partial kv removal not supported, re-evaluating full prompt
ggml_backend_cuda_graph_compute: CUDA graph warmup reset
ggml_backend_cuda_graph_compute: CUDA graph warmup reset
CUDA Graph id 435 reused
ggml_backend_cuda_graph_compute: CUDA graph warmup complete
CUDA Graph id 436 reused
ggml_backend_cuda_graph_compute: CUDA graph warmup complete
CUDA Graph id 435 reused
CUDA Graph id 436 reused
CUDA Graph id 435 reused
CUDA Graph id 436 reused
CUDA Graph id 435 reused
CUDA Graph id 436 reused
CUDA Graph id 435 reused
CUDA Graph id 436 reused
CUDA Graph id 435 reused
CUDA Graph id 436 reused
CUDA Graph id 435 reused
CUDA Graph id 436 reused
CUDA Graph id 435 reused
CUDA Graph id 436 reused
CUDA Graph id 435 reused
CUDA Graph id 436 reused
CUDA Graph id 435 reused
CUDA Graph id 436 reused
CUDA Graph id 435 reused
CUDA Graph id 436 reused
CUDA Graph id 435 reused
CUDA Graph id 436 reused
llama_perf_context_print:        load time =     475.48 ms
llama_perf_context_print: prompt eval time =     160.63 ms /   137 tokens (    1.17 ms per token,   852.91 tokens per second)
llama_perf_context_print:        eval time =     184.34 ms /    13 runs   (   14.18 ms per token,    70.52 tokens per second)
llama_perf_context_print:       total time =     685.76 ms /   150 tokens
llama_perf_context_print:    graphs reused =         12
Llama.generate: 66 prefix-match found but partial kv removal not supported, re-evaluating full prompt
ggml_backend_cuda_graph_compute: CUDA graph warmup reset
ggml_backend_cuda_graph_compute: CUDA graph warmup reset
CUDA Graph id 443 reused
ggml_backend_cuda_graph_compute: CUDA graph warmup complete
CUDA Graph id 444 reused
ggml_backend_cuda_graph_compute: CUDA graph warmup complete
CUDA Graph id 443 reused
CUDA Graph id 444 reused
CUDA Graph id 443 reused
CUDA Graph id 444 reused
CUDA Graph id 443 reused
CUDA Graph id 444 reused
CUDA Graph id 443 reused
CUDA Graph id 444 reused
CUDA Graph id 443 reused
CUDA Graph id 444 reused
CUDA Graph id 443 reused
CUDA Graph id 444 reused
CUDA Graph id 443 reused
CUDA Graph id 444 reused
CUDA Graph id 443 reused
CUDA Graph id 444 reused
CUDA Graph id 443 reused
CUDA Graph id 444 reused
CUDA Graph id 443 reused
CUDA Graph id 444 reused
CUDA Graph id 443 reused
CUDA Graph id 444 reused
llama_perf_context_print:        load time =     475.48 ms
llama_perf_context_print: prompt eval time =     148.49 ms /   137 tokens (    1.08 ms per token,   922.63 tokens per second)
llama_perf_context_print:        eval time =     182.91 ms /    13 runs   (   14.07 ms per token,    71.07 tokens per second)
llama_perf_context_print:       total time =     663.48 ms /   150 tokens
llama_perf_context_print:    graphs reused =         12
Llama.generate: 66 prefix-match found but partial kv removal not supported, re-evaluating full prompt
ggml_backend_cuda_graph_compute: CUDA graph warmup reset
ggml_backend_cuda_graph_compute: CUDA graph warmup reset
CUDA Graph id 451 reused
ggml_backend_cuda_graph_compute: CUDA graph warmup complete
CUDA Graph id 452 reused
ggml_backend_cuda_graph_compute: CUDA graph warmup complete
CUDA Graph id 451 reused
CUDA Graph id 452 reused
CUDA Graph id 451 reused
CUDA Graph id 452 reused
CUDA Graph id 451 reused
CUDA Graph id 452 reused
CUDA Graph id 451 reused
CUDA Graph id 452 reused
CUDA Graph id 451 reused
CUDA Graph id 452 reused
CUDA Graph id 451 reused
CUDA Graph id 452 reused
CUDA Graph id 451 reused
CUDA Graph id 452 reused
CUDA Graph id 451 reused
CUDA Graph id 452 reused
CUDA Graph id 451 reused
CUDA Graph id 452 reused
CUDA Graph id 451 reused
CUDA Graph id 452 reused
CUDA Graph id 451 reused
CUDA Graph id 452 reused
llama_perf_context_print:        load time =     475.48 ms
llama_perf_context_print: prompt eval time =     146.97 ms /   136 tokens (    1.08 ms per token,   925.35 tokens per second)
llama_perf_context_print:        eval time =     184.10 ms /    13 runs   (   14.16 ms per token,    70.61 tokens per second)
llama_perf_context_print:       total time =     658.61 ms /   149 tokens
llama_perf_context_print:    graphs reused =         12
Llama.generate: 65 prefix-match found but partial kv removal not supported, re-evaluating full prompt
ggml_backend_cuda_graph_compute: CUDA graph warmup reset
ggml_backend_cuda_graph_compute: CUDA graph warmup reset
CUDA Graph id 459 reused
ggml_backend_cuda_graph_compute: CUDA graph warmup complete
CUDA Graph id 460 reused
ggml_backend_cuda_graph_compute: CUDA graph warmup complete
CUDA Graph id 459 reused
CUDA Graph id 460 reused
CUDA Graph id 459 reused
CUDA Graph id 460 reused
CUDA Graph id 459 reused
CUDA Graph id 460 reused
CUDA Graph id 459 reused
CUDA Graph id 460 reused
CUDA Graph id 459 reused
CUDA Graph id 460 reused
CUDA Graph id 459 reused
CUDA Graph id 460 reused
CUDA Graph id 459 reused
CUDA Graph id 460 reused
CUDA Graph id 459 reused
CUDA Graph id 460 reused
CUDA Graph id 459 reused
CUDA Graph id 460 reused
CUDA Graph id 459 reused
CUDA Graph id 460 reused
CUDA Graph id 459 reused
CUDA Graph id 460 reused
CUDA Graph id 459 reused
CUDA Graph id 460 reused
llama_perf_context_print:        load time =     475.48 ms
llama_perf_context_print: prompt eval time =     155.37 ms /   140 tokens (    1.11 ms per token,   901.09 tokens per second)
llama_perf_context_print:        eval time =     191.44 ms /    14 runs   (   13.67 ms per token,    73.13 tokens per second)
llama_perf_context_print:       total time =     710.94 ms /   154 tokens
llama_perf_context_print:    graphs reused =         13
Llama.generate: 65 prefix-match found but partial kv removal not supported, re-evaluating full prompt
ggml_backend_cuda_graph_compute: CUDA graph warmup reset
ggml_backend_cuda_graph_compute: CUDA graph warmup reset
CUDA Graph id 467 reused
ggml_backend_cuda_graph_compute: CUDA graph warmup complete
CUDA Graph id 468 reused
ggml_backend_cuda_graph_compute: CUDA graph warmup complete
CUDA Graph id 467 reused
CUDA Graph id 468 reused
CUDA Graph id 467 reused
CUDA Graph id 468 reused
CUDA Graph id 467 reused
CUDA Graph id 468 reused
CUDA Graph id 467 reused
CUDA Graph id 468 reused
CUDA Graph id 467 reused
CUDA Graph id 468 reused
CUDA Graph id 467 reused
CUDA Graph id 468 reused
CUDA Graph id 467 reused
CUDA Graph id 468 reused
CUDA Graph id 467 reused
CUDA Graph id 468 reused
CUDA Graph id 467 reused
CUDA Graph id 468 reused
CUDA Graph id 467 reused
CUDA Graph id 468 reused
CUDA Graph id 467 reused
CUDA Graph id 468 reused
llama_perf_context_print:        load time =     475.48 ms
llama_perf_context_print: prompt eval time =     140.09 ms /   136 tokens (    1.03 ms per token,   970.77 tokens per second)
llama_perf_context_print:        eval time =     177.47 ms /    13 runs   (   13.65 ms per token,    73.25 tokens per second)
llama_perf_context_print:       total time =     650.29 ms /   149 tokens
llama_perf_context_print:    graphs reused =         12
Llama.generate: 65 prefix-match found but partial kv removal not supported, re-evaluating full prompt
ggml_backend_cuda_graph_compute: CUDA graph warmup reset
ggml_backend_cuda_graph_compute: CUDA graph warmup reset
CUDA Graph id 475 reused
ggml_backend_cuda_graph_compute: CUDA graph warmup complete
CUDA Graph id 476 reused
ggml_backend_cuda_graph_compute: CUDA graph warmup complete
CUDA Graph id 475 reused
CUDA Graph id 476 reused
CUDA Graph id 475 reused
CUDA Graph id 476 reused
CUDA Graph id 475 reused
CUDA Graph id 476 reused
CUDA Graph id 475 reused
CUDA Graph id 476 reused
CUDA Graph id 475 reused
CUDA Graph id 476 reused
CUDA Graph id 475 reused
CUDA Graph id 476 reused
CUDA Graph id 475 reused
CUDA Graph id 476 reused
CUDA Graph id 475 reused
CUDA Graph id 476 reused
CUDA Graph id 475 reused
CUDA Graph id 476 reused
CUDA Graph id 475 reused
CUDA Graph id 476 reused
CUDA Graph id 475 reused
CUDA Graph id 476 reused
llama_perf_context_print:        load time =     475.48 ms
llama_perf_context_print: prompt eval time =     141.24 ms /   139 tokens (    1.02 ms per token,   984.11 tokens per second)
llama_perf_context_print:        eval time =     171.66 ms /    13 runs   (   13.20 ms per token,    75.73 tokens per second)
llama_perf_context_print:       total time =     651.54 ms /   152 tokens
llama_perf_context_print:    graphs reused =         12
Llama.generate: 65 prefix-match found but partial kv removal not supported, re-evaluating full prompt
ggml_backend_cuda_graph_compute: CUDA graph warmup reset
ggml_backend_cuda_graph_compute: CUDA graph warmup reset
CUDA Graph id 483 reused
ggml_backend_cuda_graph_compute: CUDA graph warmup complete
CUDA Graph id 484 reused
ggml_backend_cuda_graph_compute: CUDA graph warmup complete
CUDA Graph id 483 reused
CUDA Graph id 484 reused
CUDA Graph id 483 reused
CUDA Graph id 484 reused
CUDA Graph id 483 reused
CUDA Graph id 484 reused
CUDA Graph id 483 reused
CUDA Graph id 484 reused
CUDA Graph id 483 reused
CUDA Graph id 484 reused
CUDA Graph id 483 reused
CUDA Graph id 484 reused
CUDA Graph id 483 reused
CUDA Graph id 484 reused
CUDA Graph id 483 reused
CUDA Graph id 484 reused
CUDA Graph id 483 reused
CUDA Graph id 484 reused
CUDA Graph id 483 reused
CUDA Graph id 484 reused
CUDA Graph id 483 reused
CUDA Graph id 484 reused
llama_perf_context_print:        load time =     475.48 ms
llama_perf_context_print: prompt eval time =     131.05 ms /   138 tokens (    0.95 ms per token,  1053.03 tokens per second)
llama_perf_context_print:        eval time =     171.18 ms /    13 runs   (   13.17 ms per token,    75.95 tokens per second)
llama_perf_context_print:       total time =     635.24 ms /   151 tokens
llama_perf_context_print:    graphs reused =         12
Llama.generate: 66 prefix-match found but partial kv removal not supported, re-evaluating full prompt
ggml_backend_cuda_graph_compute: CUDA graph warmup reset
ggml_backend_cuda_graph_compute: CUDA graph warmup reset
CUDA Graph id 491 reused
ggml_backend_cuda_graph_compute: CUDA graph warmup complete
CUDA Graph id 492 reused
ggml_backend_cuda_graph_compute: CUDA graph warmup complete
CUDA Graph id 491 reused
CUDA Graph id 492 reused
CUDA Graph id 491 reused
CUDA Graph id 492 reused
CUDA Graph id 491 reused
CUDA Graph id 492 reused
CUDA Graph id 491 reused
CUDA Graph id 492 reused
CUDA Graph id 491 reused
CUDA Graph id 492 reused
CUDA Graph id 491 reused
CUDA Graph id 492 reused
CUDA Graph id 491 reused
CUDA Graph id 492 reused
CUDA Graph id 491 reused
CUDA Graph id 492 reused
CUDA Graph id 491 reused
CUDA Graph id 492 reused
CUDA Graph id 491 reused
CUDA Graph id 492 reused
CUDA Graph id 491 reused
CUDA Graph id 492 reused
llama_perf_context_print:        load time =     475.48 ms
llama_perf_context_print: prompt eval time =     130.54 ms /   137 tokens (    0.95 ms per token,  1049.47 tokens per second)
llama_perf_context_print:        eval time =     172.18 ms /    13 runs   (   13.24 ms per token,    75.50 tokens per second)
llama_perf_context_print:       total time =     632.44 ms /   150 tokens
llama_perf_context_print:    graphs reused =         12
Llama.generate: 66 prefix-match found but partial kv removal not supported, re-evaluating full prompt
ggml_backend_cuda_graph_compute: CUDA graph warmup reset
ggml_backend_cuda_graph_compute: CUDA graph warmup reset
CUDA Graph id 499 reused
ggml_backend_cuda_graph_compute: CUDA graph warmup complete
CUDA Graph id 500 reused
ggml_backend_cuda_graph_compute: CUDA graph warmup complete
CUDA Graph id 499 reused
CUDA Graph id 500 reused
CUDA Graph id 499 reused
CUDA Graph id 500 reused
CUDA Graph id 499 reused
CUDA Graph id 500 reused
CUDA Graph id 499 reused
CUDA Graph id 500 reused
CUDA Graph id 499 reused
CUDA Graph id 500 reused
CUDA Graph id 499 reused
CUDA Graph id 500 reused
CUDA Graph id 499 reused
CUDA Graph id 500 reused
CUDA Graph id 499 reused
CUDA Graph id 500 reused
CUDA Graph id 499 reused
CUDA Graph id 500 reused
CUDA Graph id 499 reused
CUDA Graph id 500 reused
CUDA Graph id 499 reused
CUDA Graph id 500 reused
llama_perf_context_print:        load time =     475.48 ms
llama_perf_context_print: prompt eval time =     152.34 ms /   137 tokens (    1.11 ms per token,   899.31 tokens per second)
llama_perf_context_print:        eval time =     174.69 ms /    13 runs   (   13.44 ms per token,    74.42 tokens per second)
llama_perf_context_print:       total time =     654.49 ms /   150 tokens
llama_perf_context_print:    graphs reused =         12
Llama.generate: 65 prefix-match found but partial kv removal not supported, re-evaluating full prompt
ggml_backend_cuda_graph_compute: CUDA graph warmup reset
ggml_backend_cuda_graph_compute: CUDA graph warmup reset
CUDA Graph id 507 reused
ggml_backend_cuda_graph_compute: CUDA graph warmup complete
CUDA Graph id 508 reused
ggml_backend_cuda_graph_compute: CUDA graph warmup complete
CUDA Graph id 507 reused
CUDA Graph id 508 reused
CUDA Graph id 507 reused
CUDA Graph id 508 reused
CUDA Graph id 507 reused
CUDA Graph id 508 reused
CUDA Graph id 507 reused
CUDA Graph id 508 reused
CUDA Graph id 507 reused
CUDA Graph id 508 reused
CUDA Graph id 507 reused
CUDA Graph id 508 reused
CUDA Graph id 507 reused
CUDA Graph id 508 reused
CUDA Graph id 507 reused
CUDA Graph id 508 reused
CUDA Graph id 507 reused
CUDA Graph id 508 reused
CUDA Graph id 507 reused
CUDA Graph id 508 reused
CUDA Graph id 507 reused
CUDA Graph id 508 reused
llama_perf_context_print:        load time =     475.48 ms
llama_perf_context_print: prompt eval time =     132.57 ms /   138 tokens (    0.96 ms per token,  1040.98 tokens per second)
llama_perf_context_print:        eval time =     172.31 ms /    13 runs   (   13.25 ms per token,    75.45 tokens per second)
llama_perf_context_print:       total time =     639.47 ms /   151 tokens
llama_perf_context_print:    graphs reused =         12
Llama.generate: 65 prefix-match found but partial kv removal not supported, re-evaluating full prompt
ggml_backend_cuda_graph_compute: CUDA graph warmup reset
ggml_backend_cuda_graph_compute: CUDA graph warmup reset
CUDA Graph id 515 reused
ggml_backend_cuda_graph_compute: CUDA graph warmup complete
CUDA Graph id 516 reused
ggml_backend_cuda_graph_compute: CUDA graph warmup complete
CUDA Graph id 515 reused
CUDA Graph id 516 reused
CUDA Graph id 515 reused
CUDA Graph id 516 reused
CUDA Graph id 515 reused
CUDA Graph id 516 reused
CUDA Graph id 515 reused
CUDA Graph id 516 reused
CUDA Graph id 515 reused
CUDA Graph id 516 reused
CUDA Graph id 515 reused
CUDA Graph id 516 reused
CUDA Graph id 515 reused
CUDA Graph id 516 reused
CUDA Graph id 515 reused
CUDA Graph id 516 reused
CUDA Graph id 515 reused
CUDA Graph id 516 reused
CUDA Graph id 515 reused
CUDA Graph id 516 reused
CUDA Graph id 515 reused
CUDA Graph id 516 reused
llama_perf_context_print:        load time =     475.48 ms
llama_perf_context_print: prompt eval time =     132.86 ms /   137 tokens (    0.97 ms per token,  1031.15 tokens per second)
llama_perf_context_print:        eval time =     172.99 ms /    13 runs   (   13.31 ms per token,    75.15 tokens per second)
llama_perf_context_print:       total time =     637.22 ms /   150 tokens
llama_perf_context_print:    graphs reused =         12
Llama.generate: 66 prefix-match found but partial kv removal not supported, re-evaluating full prompt
ggml_backend_cuda_graph_compute: CUDA graph warmup reset
ggml_backend_cuda_graph_compute: CUDA graph warmup reset
CUDA Graph id 523 reused
ggml_backend_cuda_graph_compute: CUDA graph warmup complete
CUDA Graph id 524 reused
ggml_backend_cuda_graph_compute: CUDA graph warmup complete
CUDA Graph id 523 reused
CUDA Graph id 524 reused
CUDA Graph id 523 reused
CUDA Graph id 524 reused
CUDA Graph id 523 reused
CUDA Graph id 524 reused
CUDA Graph id 523 reused
CUDA Graph id 524 reused
CUDA Graph id 523 reused
CUDA Graph id 524 reused
CUDA Graph id 523 reused
CUDA Graph id 524 reused
CUDA Graph id 523 reused
CUDA Graph id 524 reused
CUDA Graph id 523 reused
CUDA Graph id 524 reused
CUDA Graph id 523 reused
CUDA Graph id 524 reused
CUDA Graph id 523 reused
CUDA Graph id 524 reused
CUDA Graph id 523 reused
CUDA Graph id 524 reused
llama_perf_context_print:        load time =     475.48 ms
llama_perf_context_print: prompt eval time =     151.96 ms /   137 tokens (    1.11 ms per token,   901.58 tokens per second)
llama_perf_context_print:        eval time =     177.08 ms /    13 runs   (   13.62 ms per token,    73.41 tokens per second)
llama_perf_context_print:       total time =     662.08 ms /   150 tokens
llama_perf_context_print:    graphs reused =         12
Llama.generate: 65 prefix-match found but partial kv removal not supported, re-evaluating full prompt
ggml_backend_cuda_graph_compute: CUDA graph warmup reset
ggml_backend_cuda_graph_compute: CUDA graph warmup reset
CUDA Graph id 531 reused
ggml_backend_cuda_graph_compute: CUDA graph warmup complete
CUDA Graph id 532 reused
ggml_backend_cuda_graph_compute: CUDA graph warmup complete
CUDA Graph id 531 reused
CUDA Graph id 532 reused
CUDA Graph id 531 reused
CUDA Graph id 532 reused
CUDA Graph id 531 reused
CUDA Graph id 532 reused
CUDA Graph id 531 reused
CUDA Graph id 532 reused
CUDA Graph id 531 reused
CUDA Graph id 532 reused
CUDA Graph id 531 reused
CUDA Graph id 532 reused
CUDA Graph id 531 reused
CUDA Graph id 532 reused
CUDA Graph id 531 reused
CUDA Graph id 532 reused
CUDA Graph id 531 reused
CUDA Graph id 532 reused
CUDA Graph id 531 reused
CUDA Graph id 532 reused
CUDA Graph id 531 reused
CUDA Graph id 532 reused
llama_perf_context_print:        load time =     475.48 ms
llama_perf_context_print: prompt eval time =     136.58 ms /   139 tokens (    0.98 ms per token,  1017.73 tokens per second)
llama_perf_context_print:        eval time =     174.58 ms /    13 runs   (   13.43 ms per token,    74.46 tokens per second)
llama_perf_context_print:       total time =     639.11 ms /   152 tokens
llama_perf_context_print:    graphs reused =         12
Llama.generate: 66 prefix-match found but partial kv removal not supported, re-evaluating full prompt
ggml_backend_cuda_graph_compute: CUDA graph warmup reset
ggml_backend_cuda_graph_compute: CUDA graph warmup reset
CUDA Graph id 539 reused
ggml_backend_cuda_graph_compute: CUDA graph warmup complete
CUDA Graph id 540 reused
ggml_backend_cuda_graph_compute: CUDA graph warmup complete
CUDA Graph id 539 reused
CUDA Graph id 540 reused
CUDA Graph id 539 reused
CUDA Graph id 540 reused
CUDA Graph id 539 reused
CUDA Graph id 540 reused
CUDA Graph id 539 reused
CUDA Graph id 540 reused
CUDA Graph id 539 reused
CUDA Graph id 540 reused
CUDA Graph id 539 reused
CUDA Graph id 540 reused
CUDA Graph id 539 reused
CUDA Graph id 540 reused
CUDA Graph id 539 reused
CUDA Graph id 540 reused
CUDA Graph id 539 reused
CUDA Graph id 540 reused
CUDA Graph id 539 reused
CUDA Graph id 540 reused
CUDA Graph id 539 reused
CUDA Graph id 540 reused
llama_perf_context_print:        load time =     475.48 ms
llama_perf_context_print: prompt eval time =     136.18 ms /   138 tokens (    0.99 ms per token,  1013.38 tokens per second)
llama_perf_context_print:        eval time =     175.25 ms /    13 runs   (   13.48 ms per token,    74.18 tokens per second)
llama_perf_context_print:       total time =     651.21 ms /   151 tokens
llama_perf_context_print:    graphs reused =         12
Llama.generate: 66 prefix-match found but partial kv removal not supported, re-evaluating full prompt
ggml_backend_cuda_graph_compute: CUDA graph warmup reset
ggml_backend_cuda_graph_compute: CUDA graph warmup reset
CUDA Graph id 547 reused
ggml_backend_cuda_graph_compute: CUDA graph warmup complete
CUDA Graph id 548 reused
ggml_backend_cuda_graph_compute: CUDA graph warmup complete
CUDA Graph id 547 reused
CUDA Graph id 548 reused
CUDA Graph id 547 reused
CUDA Graph id 548 reused
CUDA Graph id 547 reused
CUDA Graph id 548 reused
CUDA Graph id 547 reused
CUDA Graph id 548 reused
CUDA Graph id 547 reused
CUDA Graph id 548 reused
CUDA Graph id 547 reused
CUDA Graph id 548 reused
CUDA Graph id 547 reused
CUDA Graph id 548 reused
CUDA Graph id 547 reused
CUDA Graph id 548 reused
CUDA Graph id 547 reused
CUDA Graph id 548 reused
CUDA Graph id 547 reused
CUDA Graph id 548 reused
CUDA Graph id 547 reused
CUDA Graph id 548 reused
llama_perf_context_print:        load time =     475.48 ms
llama_perf_context_print: prompt eval time =     157.71 ms /   139 tokens (    1.13 ms per token,   881.39 tokens per second)
llama_perf_context_print:        eval time =     178.03 ms /    13 runs   (   13.69 ms per token,    73.02 tokens per second)
llama_perf_context_print:       total time =     667.65 ms /   152 tokens
llama_perf_context_print:    graphs reused =         12
Llama.generate: 66 prefix-match found but partial kv removal not supported, re-evaluating full prompt
ggml_backend_cuda_graph_compute: CUDA graph warmup reset
ggml_backend_cuda_graph_compute: CUDA graph warmup reset
CUDA Graph id 555 reused
ggml_backend_cuda_graph_compute: CUDA graph warmup complete
CUDA Graph id 556 reused
ggml_backend_cuda_graph_compute: CUDA graph warmup complete
CUDA Graph id 555 reused
CUDA Graph id 556 reused
CUDA Graph id 555 reused
CUDA Graph id 556 reused
CUDA Graph id 555 reused
CUDA Graph id 556 reused
CUDA Graph id 555 reused
CUDA Graph id 556 reused
CUDA Graph id 555 reused
CUDA Graph id 556 reused
CUDA Graph id 555 reused
CUDA Graph id 556 reused
CUDA Graph id 555 reused
CUDA Graph id 556 reused
CUDA Graph id 555 reused
CUDA Graph id 556 reused
CUDA Graph id 555 reused
CUDA Graph id 556 reused
CUDA Graph id 555 reused
CUDA Graph id 556 reused
CUDA Graph id 555 reused
CUDA Graph id 556 reused
llama_perf_context_print:        load time =     475.48 ms
llama_perf_context_print: prompt eval time =     138.09 ms /   138 tokens (    1.00 ms per token,   999.38 tokens per second)
llama_perf_context_print:        eval time =     176.14 ms /    13 runs   (   13.55 ms per token,    73.81 tokens per second)
llama_perf_context_print:       total time =     657.62 ms /   151 tokens
llama_perf_context_print:    graphs reused =         12
Llama.generate: 137 prefix-match found but partial kv removal not supported, re-evaluating full prompt
ggml_backend_cuda_graph_compute: CUDA graph warmup reset
ggml_backend_cuda_graph_compute: CUDA graph warmup reset
CUDA Graph id 563 reused
ggml_backend_cuda_graph_compute: CUDA graph warmup complete
CUDA Graph id 564 reused
ggml_backend_cuda_graph_compute: CUDA graph warmup complete
CUDA Graph id 563 reused
CUDA Graph id 564 reused
CUDA Graph id 563 reused
CUDA Graph id 564 reused
CUDA Graph id 563 reused
CUDA Graph id 564 reused
CUDA Graph id 563 reused
CUDA Graph id 564 reused
CUDA Graph id 563 reused
CUDA Graph id 564 reused
CUDA Graph id 563 reused
CUDA Graph id 564 reused
CUDA Graph id 563 reused
CUDA Graph id 564 reused
CUDA Graph id 563 reused
CUDA Graph id 564 reused
CUDA Graph id 563 reused
CUDA Graph id 564 reused
CUDA Graph id 563 reused
CUDA Graph id 564 reused
CUDA Graph id 563 reused
CUDA Graph id 564 reused
llama_perf_context_print:        load time =     475.48 ms
llama_perf_context_print: prompt eval time =     138.13 ms /   138 tokens (    1.00 ms per token,   999.05 tokens per second)
llama_perf_context_print:        eval time =     175.08 ms /    13 runs   (   13.47 ms per token,    74.25 tokens per second)
llama_perf_context_print:       total time =     660.88 ms /   151 tokens
llama_perf_context_print:    graphs reused =         12
Llama.generate: 65 prefix-match found but partial kv removal not supported, re-evaluating full prompt
ggml_backend_cuda_graph_compute: CUDA graph warmup reset
ggml_backend_cuda_graph_compute: CUDA graph warmup reset
CUDA Graph id 571 reused
ggml_backend_cuda_graph_compute: CUDA graph warmup complete
CUDA Graph id 572 reused
ggml_backend_cuda_graph_compute: CUDA graph warmup complete
CUDA Graph id 571 reused
CUDA Graph id 572 reused
CUDA Graph id 571 reused
CUDA Graph id 572 reused
CUDA Graph id 571 reused
CUDA Graph id 572 reused
CUDA Graph id 571 reused
CUDA Graph id 572 reused
CUDA Graph id 571 reused
CUDA Graph id 572 reused
CUDA Graph id 571 reused
CUDA Graph id 572 reused
CUDA Graph id 571 reused
CUDA Graph id 572 reused
CUDA Graph id 571 reused
CUDA Graph id 572 reused
CUDA Graph id 571 reused
CUDA Graph id 572 reused
CUDA Graph id 571 reused
CUDA Graph id 572 reused
CUDA Graph id 571 reused
CUDA Graph id 572 reused
llama_perf_context_print:        load time =     475.48 ms
llama_perf_context_print: prompt eval time =     149.71 ms /   138 tokens (    1.08 ms per token,   921.81 tokens per second)
llama_perf_context_print:        eval time =     180.69 ms /    13 runs   (   13.90 ms per token,    71.95 tokens per second)
llama_perf_context_print:       total time =     678.18 ms /   151 tokens
llama_perf_context_print:    graphs reused =         12
Llama.generate: 65 prefix-match found but partial kv removal not supported, re-evaluating full prompt
ggml_backend_cuda_graph_compute: CUDA graph warmup reset
ggml_backend_cuda_graph_compute: CUDA graph warmup reset
CUDA Graph id 579 reused
ggml_backend_cuda_graph_compute: CUDA graph warmup complete
CUDA Graph id 580 reused
ggml_backend_cuda_graph_compute: CUDA graph warmup complete
CUDA Graph id 579 reused
CUDA Graph id 580 reused
CUDA Graph id 579 reused
CUDA Graph id 580 reused
CUDA Graph id 579 reused
CUDA Graph id 580 reused
CUDA Graph id 579 reused
CUDA Graph id 580 reused
CUDA Graph id 579 reused
CUDA Graph id 580 reused
CUDA Graph id 579 reused
CUDA Graph id 580 reused
CUDA Graph id 579 reused
CUDA Graph id 580 reused
CUDA Graph id 579 reused
CUDA Graph id 580 reused
CUDA Graph id 579 reused
CUDA Graph id 580 reused
CUDA Graph id 579 reused
CUDA Graph id 580 reused
CUDA Graph id 579 reused
CUDA Graph id 580 reused
llama_perf_context_print:        load time =     475.48 ms
llama_perf_context_print: prompt eval time =     141.87 ms /   139 tokens (    1.02 ms per token,   979.76 tokens per second)
llama_perf_context_print:        eval time =     180.96 ms /    13 runs   (   13.92 ms per token,    71.84 tokens per second)
llama_perf_context_print:       total time =     667.98 ms /   152 tokens
llama_perf_context_print:    graphs reused =         12
Llama.generate: 65 prefix-match found but partial kv removal not supported, re-evaluating full prompt
ggml_backend_cuda_graph_compute: CUDA graph warmup reset
ggml_backend_cuda_graph_compute: CUDA graph warmup reset
CUDA Graph id 587 reused
ggml_backend_cuda_graph_compute: CUDA graph warmup complete
CUDA Graph id 588 reused
ggml_backend_cuda_graph_compute: CUDA graph warmup complete
CUDA Graph id 587 reused
CUDA Graph id 588 reused
CUDA Graph id 587 reused
CUDA Graph id 588 reused
CUDA Graph id 587 reused
CUDA Graph id 588 reused
CUDA Graph id 587 reused
CUDA Graph id 588 reused
CUDA Graph id 587 reused
CUDA Graph id 588 reused
CUDA Graph id 587 reused
CUDA Graph id 588 reused
CUDA Graph id 587 reused
CUDA Graph id 588 reused
CUDA Graph id 587 reused
CUDA Graph id 588 reused
CUDA Graph id 587 reused
CUDA Graph id 588 reused
CUDA Graph id 587 reused
CUDA Graph id 588 reused
CUDA Graph id 587 reused
CUDA Graph id 588 reused
llama_perf_context_print:        load time =     475.48 ms
llama_perf_context_print: prompt eval time =     150.32 ms /   136 tokens (    1.11 ms per token,   904.75 tokens per second)
llama_perf_context_print:        eval time =     183.60 ms /    13 runs   (   14.12 ms per token,    70.81 tokens per second)
llama_perf_context_print:       total time =     671.28 ms /   149 tokens
llama_perf_context_print:    graphs reused =         12
Llama.generate: 66 prefix-match found but partial kv removal not supported, re-evaluating full prompt
ggml_backend_cuda_graph_compute: CUDA graph warmup reset
ggml_backend_cuda_graph_compute: CUDA graph warmup reset
CUDA Graph id 595 reused
ggml_backend_cuda_graph_compute: CUDA graph warmup complete
CUDA Graph id 596 reused
ggml_backend_cuda_graph_compute: CUDA graph warmup complete
CUDA Graph id 595 reused
CUDA Graph id 596 reused
CUDA Graph id 595 reused
CUDA Graph id 596 reused
CUDA Graph id 595 reused
CUDA Graph id 596 reused
CUDA Graph id 595 reused
CUDA Graph id 596 reused
CUDA Graph id 595 reused
CUDA Graph id 596 reused
CUDA Graph id 595 reused
CUDA Graph id 596 reused
CUDA Graph id 595 reused
CUDA Graph id 596 reused
CUDA Graph id 595 reused
CUDA Graph id 596 reused
CUDA Graph id 595 reused
CUDA Graph id 596 reused
CUDA Graph id 595 reused
CUDA Graph id 596 reused
CUDA Graph id 595 reused
CUDA Graph id 596 reused
llama_perf_context_print:        load time =     475.48 ms
llama_perf_context_print: prompt eval time =     153.87 ms /   137 tokens (    1.12 ms per token,   890.34 tokens per second)
llama_perf_context_print:        eval time =     181.64 ms /    13 runs   (   13.97 ms per token,    71.57 tokens per second)
llama_perf_context_print:       total time =     677.10 ms /   150 tokens
llama_perf_context_print:    graphs reused =         12
Llama.generate: 66 prefix-match found but partial kv removal not supported, re-evaluating full prompt
ggml_backend_cuda_graph_compute: CUDA graph warmup reset
ggml_backend_cuda_graph_compute: CUDA graph warmup reset
CUDA Graph id 603 reused
ggml_backend_cuda_graph_compute: CUDA graph warmup complete
CUDA Graph id 604 reused
ggml_backend_cuda_graph_compute: CUDA graph warmup complete
CUDA Graph id 603 reused
CUDA Graph id 604 reused
CUDA Graph id 603 reused
CUDA Graph id 604 reused
CUDA Graph id 603 reused
CUDA Graph id 604 reused
CUDA Graph id 603 reused
CUDA Graph id 604 reused
CUDA Graph id 603 reused
CUDA Graph id 604 reused
CUDA Graph id 603 reused
CUDA Graph id 604 reused
CUDA Graph id 603 reused
CUDA Graph id 604 reused
CUDA Graph id 603 reused
CUDA Graph id 604 reused
CUDA Graph id 603 reused
CUDA Graph id 604 reused
CUDA Graph id 603 reused
CUDA Graph id 604 reused
CUDA Graph id 603 reused
CUDA Graph id 604 reused
llama_perf_context_print:        load time =     475.48 ms
llama_perf_context_print: prompt eval time =     147.07 ms /   138 tokens (    1.07 ms per token,   938.34 tokens per second)
llama_perf_context_print:        eval time =     181.11 ms /    13 runs   (   13.93 ms per token,    71.78 tokens per second)
llama_perf_context_print:       total time =     661.45 ms /   151 tokens
llama_perf_context_print:    graphs reused =         12
Llama.generate: 65 prefix-match found but partial kv removal not supported, re-evaluating full prompt
ggml_backend_cuda_graph_compute: CUDA graph warmup reset
ggml_backend_cuda_graph_compute: CUDA graph warmup reset
CUDA Graph id 611 reused
ggml_backend_cuda_graph_compute: CUDA graph warmup complete
CUDA Graph id 612 reused
ggml_backend_cuda_graph_compute: CUDA graph warmup complete
CUDA Graph id 611 reused
CUDA Graph id 612 reused
CUDA Graph id 611 reused
CUDA Graph id 612 reused
CUDA Graph id 611 reused
CUDA Graph id 612 reused
CUDA Graph id 611 reused
CUDA Graph id 612 reused
CUDA Graph id 611 reused
CUDA Graph id 612 reused
CUDA Graph id 611 reused
CUDA Graph id 612 reused
CUDA Graph id 611 reused
CUDA Graph id 612 reused
CUDA Graph id 611 reused
CUDA Graph id 612 reused
CUDA Graph id 611 reused
CUDA Graph id 612 reused
CUDA Graph id 611 reused
CUDA Graph id 612 reused
CUDA Graph id 611 reused
CUDA Graph id 612 reused
llama_perf_context_print:        load time =     475.48 ms
llama_perf_context_print: prompt eval time =     146.87 ms /   139 tokens (    1.06 ms per token,   946.43 tokens per second)
llama_perf_context_print:        eval time =     177.04 ms /    13 runs   (   13.62 ms per token,    73.43 tokens per second)
llama_perf_context_print:       total time =     663.38 ms /   152 tokens
llama_perf_context_print:    graphs reused =         12
Llama.generate: 65 prefix-match found but partial kv removal not supported, re-evaluating full prompt
ggml_backend_cuda_graph_compute: CUDA graph warmup reset
ggml_backend_cuda_graph_compute: CUDA graph warmup reset
CUDA Graph id 619 reused
ggml_backend_cuda_graph_compute: CUDA graph warmup complete
CUDA Graph id 620 reused
ggml_backend_cuda_graph_compute: CUDA graph warmup complete
CUDA Graph id 619 reused
CUDA Graph id 620 reused
CUDA Graph id 619 reused
CUDA Graph id 620 reused
CUDA Graph id 619 reused
CUDA Graph id 620 reused
CUDA Graph id 619 reused
CUDA Graph id 620 reused
CUDA Graph id 619 reused
CUDA Graph id 620 reused
CUDA Graph id 619 reused
CUDA Graph id 620 reused
CUDA Graph id 619 reused
CUDA Graph id 620 reused
CUDA Graph id 619 reused
CUDA Graph id 620 reused
CUDA Graph id 619 reused
CUDA Graph id 620 reused
CUDA Graph id 619 reused
CUDA Graph id 620 reused
CUDA Graph id 619 reused
CUDA Graph id 620 reused
llama_perf_context_print:        load time =     475.48 ms
llama_perf_context_print: prompt eval time =     140.24 ms /   139 tokens (    1.01 ms per token,   991.13 tokens per second)
llama_perf_context_print:        eval time =     171.64 ms /    13 runs   (   13.20 ms per token,    75.74 tokens per second)
llama_perf_context_print:       total time =     650.69 ms /   152 tokens
llama_perf_context_print:    graphs reused =         12
Llama.generate: 65 prefix-match found but partial kv removal not supported, re-evaluating full prompt
ggml_backend_cuda_graph_compute: CUDA graph warmup reset
ggml_backend_cuda_graph_compute: CUDA graph warmup reset
CUDA Graph id 627 reused
ggml_backend_cuda_graph_compute: CUDA graph warmup complete
CUDA Graph id 628 reused
ggml_backend_cuda_graph_compute: CUDA graph warmup complete
CUDA Graph id 627 reused
CUDA Graph id 628 reused
CUDA Graph id 627 reused
CUDA Graph id 628 reused
CUDA Graph id 627 reused
CUDA Graph id 628 reused
CUDA Graph id 627 reused
CUDA Graph id 628 reused
CUDA Graph id 627 reused
CUDA Graph id 628 reused
CUDA Graph id 627 reused
CUDA Graph id 628 reused
CUDA Graph id 627 reused
CUDA Graph id 628 reused
CUDA Graph id 627 reused
CUDA Graph id 628 reused
CUDA Graph id 627 reused
CUDA Graph id 628 reused
CUDA Graph id 627 reused
CUDA Graph id 628 reused
CUDA Graph id 627 reused
CUDA Graph id 628 reused
llama_perf_context_print:        load time =     475.48 ms
llama_perf_context_print: prompt eval time =     130.42 ms /   137 tokens (    0.95 ms per token,  1050.48 tokens per second)
llama_perf_context_print:        eval time =     170.99 ms /    13 runs   (   13.15 ms per token,    76.03 tokens per second)
llama_perf_context_print:       total time =     653.72 ms /   150 tokens
llama_perf_context_print:    graphs reused =         12
Llama.generate: 65 prefix-match found but partial kv removal not supported, re-evaluating full prompt
ggml_backend_cuda_graph_compute: CUDA graph warmup reset
ggml_backend_cuda_graph_compute: CUDA graph warmup reset
CUDA Graph id 635 reused
ggml_backend_cuda_graph_compute: CUDA graph warmup complete
CUDA Graph id 636 reused
ggml_backend_cuda_graph_compute: CUDA graph warmup complete
CUDA Graph id 635 reused
CUDA Graph id 636 reused
CUDA Graph id 635 reused
CUDA Graph id 636 reused
CUDA Graph id 635 reused
CUDA Graph id 636 reused
CUDA Graph id 635 reused
CUDA Graph id 636 reused
CUDA Graph id 635 reused
CUDA Graph id 636 reused
CUDA Graph id 635 reused
CUDA Graph id 636 reused
CUDA Graph id 635 reused
CUDA Graph id 636 reused
CUDA Graph id 635 reused
CUDA Graph id 636 reused
CUDA Graph id 635 reused
CUDA Graph id 636 reused
CUDA Graph id 635 reused
CUDA Graph id 636 reused
CUDA Graph id 635 reused
CUDA Graph id 636 reused
llama_perf_context_print:        load time =     475.48 ms
llama_perf_context_print: prompt eval time =     131.32 ms /   138 tokens (    0.95 ms per token,  1050.85 tokens per second)
llama_perf_context_print:        eval time =     172.34 ms /    13 runs   (   13.26 ms per token,    75.43 tokens per second)
llama_perf_context_print:       total time =     656.79 ms /   151 tokens
llama_perf_context_print:    graphs reused =         12
Llama.generate: 67 prefix-match found but partial kv removal not supported, re-evaluating full prompt
ggml_backend_cuda_graph_compute: CUDA graph warmup reset
ggml_backend_cuda_graph_compute: CUDA graph warmup reset
CUDA Graph id 643 reused
ggml_backend_cuda_graph_compute: CUDA graph warmup complete
CUDA Graph id 644 reused
ggml_backend_cuda_graph_compute: CUDA graph warmup complete
CUDA Graph id 643 reused
CUDA Graph id 644 reused
CUDA Graph id 643 reused
CUDA Graph id 644 reused
CUDA Graph id 643 reused
CUDA Graph id 644 reused
CUDA Graph id 643 reused
CUDA Graph id 644 reused
CUDA Graph id 643 reused
CUDA Graph id 644 reused
CUDA Graph id 643 reused
CUDA Graph id 644 reused
CUDA Graph id 643 reused
CUDA Graph id 644 reused
CUDA Graph id 643 reused
CUDA Graph id 644 reused
CUDA Graph id 643 reused
CUDA Graph id 644 reused
CUDA Graph id 643 reused
CUDA Graph id 644 reused
CUDA Graph id 643 reused
CUDA Graph id 644 reused
llama_perf_context_print:        load time =     475.48 ms
llama_perf_context_print: prompt eval time =     157.80 ms /   138 tokens (    1.14 ms per token,   874.50 tokens per second)
llama_perf_context_print:        eval time =     185.85 ms /    13 runs   (   14.30 ms per token,    69.95 tokens per second)
llama_perf_context_print:       total time =     685.39 ms /   151 tokens
llama_perf_context_print:    graphs reused =         12
Llama.generate: 65 prefix-match found but partial kv removal not supported, re-evaluating full prompt
ggml_backend_cuda_graph_compute: CUDA graph warmup reset
ggml_backend_cuda_graph_compute: CUDA graph warmup reset
CUDA Graph id 651 reused
ggml_backend_cuda_graph_compute: CUDA graph warmup complete
CUDA Graph id 652 reused
ggml_backend_cuda_graph_compute: CUDA graph warmup complete
CUDA Graph id 651 reused
CUDA Graph id 652 reused
CUDA Graph id 651 reused
CUDA Graph id 652 reused
CUDA Graph id 651 reused
CUDA Graph id 652 reused
CUDA Graph id 651 reused
CUDA Graph id 652 reused
CUDA Graph id 651 reused
CUDA Graph id 652 reused
CUDA Graph id 651 reused
CUDA Graph id 652 reused
CUDA Graph id 651 reused
CUDA Graph id 652 reused
CUDA Graph id 651 reused
CUDA Graph id 652 reused
CUDA Graph id 651 reused
CUDA Graph id 652 reused
CUDA Graph id 651 reused
CUDA Graph id 652 reused
CUDA Graph id 651 reused
CUDA Graph id 652 reused
llama_perf_context_print:        load time =     475.48 ms
llama_perf_context_print: prompt eval time =     156.46 ms /   137 tokens (    1.14 ms per token,   875.62 tokens per second)
llama_perf_context_print:        eval time =     181.83 ms /    13 runs   (   13.99 ms per token,    71.50 tokens per second)
llama_perf_context_print:       total time =     692.48 ms /   150 tokens
llama_perf_context_print:    graphs reused =         12
Llama.generate: 66 prefix-match found but partial kv removal not supported, re-evaluating full prompt
ggml_backend_cuda_graph_compute: CUDA graph warmup reset
ggml_backend_cuda_graph_compute: CUDA graph warmup reset
CUDA Graph id 659 reused
ggml_backend_cuda_graph_compute: CUDA graph warmup complete
CUDA Graph id 660 reused
ggml_backend_cuda_graph_compute: CUDA graph warmup complete
CUDA Graph id 659 reused
CUDA Graph id 660 reused
CUDA Graph id 659 reused
CUDA Graph id 660 reused
CUDA Graph id 659 reused
CUDA Graph id 660 reused
CUDA Graph id 659 reused
CUDA Graph id 660 reused
CUDA Graph id 659 reused
CUDA Graph id 660 reused
CUDA Graph id 659 reused
CUDA Graph id 660 reused
CUDA Graph id 659 reused
CUDA Graph id 660 reused
CUDA Graph id 659 reused
CUDA Graph id 660 reused
CUDA Graph id 659 reused
CUDA Graph id 660 reused
CUDA Graph id 659 reused
CUDA Graph id 660 reused
CUDA Graph id 659 reused
CUDA Graph id 660 reused
llama_perf_context_print:        load time =     475.48 ms
llama_perf_context_print: prompt eval time =     146.68 ms /   138 tokens (    1.06 ms per token,   940.84 tokens per second)
llama_perf_context_print:        eval time =     182.99 ms /    13 runs   (   14.08 ms per token,    71.04 tokens per second)
llama_perf_context_print:       total time =     682.77 ms /   151 tokens
llama_perf_context_print:    graphs reused =         12
Llama.generate: 65 prefix-match found but partial kv removal not supported, re-evaluating full prompt
ggml_backend_cuda_graph_compute: CUDA graph warmup reset
ggml_backend_cuda_graph_compute: CUDA graph warmup reset
CUDA Graph id 667 reused
ggml_backend_cuda_graph_compute: CUDA graph warmup complete
CUDA Graph id 668 reused
ggml_backend_cuda_graph_compute: CUDA graph warmup complete
CUDA Graph id 667 reused
CUDA Graph id 668 reused
CUDA Graph id 667 reused
CUDA Graph id 668 reused
CUDA Graph id 667 reused
CUDA Graph id 668 reused
CUDA Graph id 667 reused
CUDA Graph id 668 reused
CUDA Graph id 667 reused
CUDA Graph id 668 reused
CUDA Graph id 667 reused
CUDA Graph id 668 reused
CUDA Graph id 667 reused
CUDA Graph id 668 reused
CUDA Graph id 667 reused
CUDA Graph id 668 reused
CUDA Graph id 667 reused
CUDA Graph id 668 reused
CUDA Graph id 667 reused
CUDA Graph id 668 reused
CUDA Graph id 667 reused
CUDA Graph id 668 reused
llama_perf_context_print:        load time =     475.48 ms
llama_perf_context_print: prompt eval time =     155.39 ms /   137 tokens (    1.13 ms per token,   881.67 tokens per second)
llama_perf_context_print:        eval time =     188.83 ms /    13 runs   (   14.53 ms per token,    68.84 tokens per second)
llama_perf_context_print:       total time =     693.58 ms /   150 tokens
llama_perf_context_print:    graphs reused =         12
Llama.generate: 66 prefix-match found but partial kv removal not supported, re-evaluating full prompt
ggml_backend_cuda_graph_compute: CUDA graph warmup reset
ggml_backend_cuda_graph_compute: CUDA graph warmup reset
CUDA Graph id 675 reused
ggml_backend_cuda_graph_compute: CUDA graph warmup complete
CUDA Graph id 676 reused
ggml_backend_cuda_graph_compute: CUDA graph warmup complete
CUDA Graph id 675 reused
CUDA Graph id 676 reused
CUDA Graph id 675 reused
CUDA Graph id 676 reused
CUDA Graph id 675 reused
CUDA Graph id 676 reused
CUDA Graph id 675 reused
CUDA Graph id 676 reused
CUDA Graph id 675 reused
CUDA Graph id 676 reused
CUDA Graph id 675 reused
CUDA Graph id 676 reused
CUDA Graph id 675 reused
CUDA Graph id 676 reused
CUDA Graph id 675 reused
CUDA Graph id 676 reused
CUDA Graph id 675 reused
CUDA Graph id 676 reused
CUDA Graph id 675 reused
CUDA Graph id 676 reused
CUDA Graph id 675 reused
CUDA Graph id 676 reused
llama_perf_context_print:        load time =     475.48 ms
llama_perf_context_print: prompt eval time =     160.89 ms /   139 tokens (    1.16 ms per token,   863.96 tokens per second)
llama_perf_context_print:        eval time =     184.16 ms /    13 runs   (   14.17 ms per token,    70.59 tokens per second)
llama_perf_context_print:       total time =     695.19 ms /   152 tokens
llama_perf_context_print:    graphs reused =         12
Llama.generate: 66 prefix-match found but partial kv removal not supported, re-evaluating full prompt
ggml_backend_cuda_graph_compute: CUDA graph warmup reset
ggml_backend_cuda_graph_compute: CUDA graph warmup reset
CUDA Graph id 683 reused
ggml_backend_cuda_graph_compute: CUDA graph warmup complete
CUDA Graph id 684 reused
ggml_backend_cuda_graph_compute: CUDA graph warmup complete
CUDA Graph id 683 reused
CUDA Graph id 684 reused
CUDA Graph id 683 reused
CUDA Graph id 684 reused
CUDA Graph id 683 reused
CUDA Graph id 684 reused
CUDA Graph id 683 reused
CUDA Graph id 684 reused
CUDA Graph id 683 reused
CUDA Graph id 684 reused
CUDA Graph id 683 reused
CUDA Graph id 684 reused
CUDA Graph id 683 reused
CUDA Graph id 684 reused
CUDA Graph id 683 reused
CUDA Graph id 684 reused
CUDA Graph id 683 reused
CUDA Graph id 684 reused
CUDA Graph id 683 reused
CUDA Graph id 684 reused
CUDA Graph id 683 reused
CUDA Graph id 684 reused
llama_perf_context_print:        load time =     475.48 ms
llama_perf_context_print: prompt eval time =     147.98 ms /   138 tokens (    1.07 ms per token,   932.53 tokens per second)
llama_perf_context_print:        eval time =     175.28 ms /    13 runs   (   13.48 ms per token,    74.17 tokens per second)
llama_perf_context_print:       total time =     663.65 ms /   151 tokens
llama_perf_context_print:    graphs reused =         12
Llama.generate: 65 prefix-match found but partial kv removal not supported, re-evaluating full prompt
ggml_backend_cuda_graph_compute: CUDA graph warmup reset
ggml_backend_cuda_graph_compute: CUDA graph warmup reset
CUDA Graph id 691 reused
ggml_backend_cuda_graph_compute: CUDA graph warmup complete
CUDA Graph id 692 reused
ggml_backend_cuda_graph_compute: CUDA graph warmup complete
CUDA Graph id 691 reused
CUDA Graph id 692 reused
CUDA Graph id 691 reused
CUDA Graph id 692 reused
CUDA Graph id 691 reused
CUDA Graph id 692 reused
CUDA Graph id 691 reused
CUDA Graph id 692 reused
CUDA Graph id 691 reused
CUDA Graph id 692 reused
CUDA Graph id 691 reused
CUDA Graph id 692 reused
CUDA Graph id 691 reused
CUDA Graph id 692 reused
CUDA Graph id 691 reused
CUDA Graph id 692 reused
CUDA Graph id 691 reused
CUDA Graph id 692 reused
CUDA Graph id 691 reused
CUDA Graph id 692 reused
CUDA Graph id 691 reused
CUDA Graph id 692 reused
llama_perf_context_print:        load time =     475.48 ms
llama_perf_context_print: prompt eval time =     134.97 ms /   137 tokens (    0.99 ms per token,  1015.05 tokens per second)
llama_perf_context_print:        eval time =     173.91 ms /    13 runs   (   13.38 ms per token,    74.75 tokens per second)
llama_perf_context_print:       total time =     671.47 ms /   150 tokens
llama_perf_context_print:    graphs reused =         12
Llama.generate: 65 prefix-match found but partial kv removal not supported, re-evaluating full prompt
ggml_backend_cuda_graph_compute: CUDA graph warmup reset
ggml_backend_cuda_graph_compute: CUDA graph warmup reset
CUDA Graph id 699 reused
ggml_backend_cuda_graph_compute: CUDA graph warmup complete
CUDA Graph id 700 reused
ggml_backend_cuda_graph_compute: CUDA graph warmup complete
CUDA Graph id 699 reused
CUDA Graph id 700 reused
CUDA Graph id 699 reused
CUDA Graph id 700 reused
CUDA Graph id 699 reused
CUDA Graph id 700 reused
CUDA Graph id 699 reused
CUDA Graph id 700 reused
CUDA Graph id 699 reused
CUDA Graph id 700 reused
CUDA Graph id 699 reused
CUDA Graph id 700 reused
CUDA Graph id 699 reused
CUDA Graph id 700 reused
CUDA Graph id 699 reused
CUDA Graph id 700 reused
CUDA Graph id 699 reused
CUDA Graph id 700 reused
CUDA Graph id 699 reused
CUDA Graph id 700 reused
CUDA Graph id 699 reused
CUDA Graph id 700 reused
llama_perf_context_print:        load time =     475.48 ms
llama_perf_context_print: prompt eval time =     135.54 ms /   138 tokens (    0.98 ms per token,  1018.13 tokens per second)
llama_perf_context_print:        eval time =     173.89 ms /    13 runs   (   13.38 ms per token,    74.76 tokens per second)
llama_perf_context_print:       total time =     666.21 ms /   151 tokens
llama_perf_context_print:    graphs reused =         12
Llama.generate: 65 prefix-match found but partial kv removal not supported, re-evaluating full prompt
ggml_backend_cuda_graph_compute: CUDA graph warmup reset
ggml_backend_cuda_graph_compute: CUDA graph warmup reset
CUDA Graph id 707 reused
ggml_backend_cuda_graph_compute: CUDA graph warmup complete
CUDA Graph id 708 reused
ggml_backend_cuda_graph_compute: CUDA graph warmup complete
CUDA Graph id 707 reused
CUDA Graph id 708 reused
CUDA Graph id 707 reused
CUDA Graph id 708 reused
CUDA Graph id 707 reused
CUDA Graph id 708 reused
CUDA Graph id 707 reused
CUDA Graph id 708 reused
CUDA Graph id 707 reused
CUDA Graph id 708 reused
CUDA Graph id 707 reused
CUDA Graph id 708 reused
CUDA Graph id 707 reused
CUDA Graph id 708 reused
CUDA Graph id 707 reused
CUDA Graph id 708 reused
CUDA Graph id 707 reused
CUDA Graph id 708 reused
CUDA Graph id 707 reused
CUDA Graph id 708 reused
CUDA Graph id 707 reused
CUDA Graph id 708 reused
llama_perf_context_print:        load time =     475.48 ms
llama_perf_context_print: prompt eval time =     150.86 ms /   138 tokens (    1.09 ms per token,   914.77 tokens per second)
llama_perf_context_print:        eval time =     180.90 ms /    13 runs   (   13.92 ms per token,    71.86 tokens per second)
llama_perf_context_print:       total time =     689.77 ms /   151 tokens
llama_perf_context_print:    graphs reused =         12
Llama.generate: 66 prefix-match found but partial kv removal not supported, re-evaluating full prompt
ggml_backend_cuda_graph_compute: CUDA graph warmup reset
ggml_backend_cuda_graph_compute: CUDA graph warmup reset
CUDA Graph id 715 reused
ggml_backend_cuda_graph_compute: CUDA graph warmup complete
CUDA Graph id 716 reused
ggml_backend_cuda_graph_compute: CUDA graph warmup complete
CUDA Graph id 715 reused
CUDA Graph id 716 reused
CUDA Graph id 715 reused
CUDA Graph id 716 reused
CUDA Graph id 715 reused
CUDA Graph id 716 reused
CUDA Graph id 715 reused
CUDA Graph id 716 reused
CUDA Graph id 715 reused
CUDA Graph id 716 reused
CUDA Graph id 715 reused
CUDA Graph id 716 reused
CUDA Graph id 715 reused
CUDA Graph id 716 reused
CUDA Graph id 715 reused
CUDA Graph id 716 reused
CUDA Graph id 715 reused
CUDA Graph id 716 reused
CUDA Graph id 715 reused
CUDA Graph id 716 reused
CUDA Graph id 715 reused
CUDA Graph id 716 reused
llama_perf_context_print:        load time =     475.48 ms
llama_perf_context_print: prompt eval time =     142.81 ms /   137 tokens (    1.04 ms per token,   959.35 tokens per second)
llama_perf_context_print:        eval time =     181.76 ms /    13 runs   (   13.98 ms per token,    71.52 tokens per second)
llama_perf_context_print:       total time =     667.70 ms /   150 tokens
llama_perf_context_print:    graphs reused =         12
Llama.generate: 66 prefix-match found but partial kv removal not supported, re-evaluating full prompt
ggml_backend_cuda_graph_compute: CUDA graph warmup reset
ggml_backend_cuda_graph_compute: CUDA graph warmup reset
CUDA Graph id 723 reused
ggml_backend_cuda_graph_compute: CUDA graph warmup complete
CUDA Graph id 724 reused
ggml_backend_cuda_graph_compute: CUDA graph warmup complete
CUDA Graph id 723 reused
CUDA Graph id 724 reused
CUDA Graph id 723 reused
CUDA Graph id 724 reused
CUDA Graph id 723 reused
CUDA Graph id 724 reused
CUDA Graph id 723 reused
CUDA Graph id 724 reused
CUDA Graph id 723 reused
CUDA Graph id 724 reused
CUDA Graph id 723 reused
CUDA Graph id 724 reused
CUDA Graph id 723 reused
CUDA Graph id 724 reused
CUDA Graph id 723 reused
CUDA Graph id 724 reused
CUDA Graph id 723 reused
CUDA Graph id 724 reused
CUDA Graph id 723 reused
CUDA Graph id 724 reused
CUDA Graph id 723 reused
CUDA Graph id 724 reused
llama_perf_context_print:        load time =     475.48 ms
llama_perf_context_print: prompt eval time =     149.83 ms /   137 tokens (    1.09 ms per token,   914.39 tokens per second)
llama_perf_context_print:        eval time =     186.66 ms /    13 runs   (   14.36 ms per token,    69.65 tokens per second)
llama_perf_context_print:       total time =     686.67 ms /   150 tokens
llama_perf_context_print:    graphs reused =         12
Llama.generate: 65 prefix-match found but partial kv removal not supported, re-evaluating full prompt
ggml_backend_cuda_graph_compute: CUDA graph warmup reset
ggml_backend_cuda_graph_compute: CUDA graph warmup reset
CUDA Graph id 731 reused
ggml_backend_cuda_graph_compute: CUDA graph warmup complete
CUDA Graph id 732 reused
ggml_backend_cuda_graph_compute: CUDA graph warmup complete
CUDA Graph id 731 reused
CUDA Graph id 732 reused
CUDA Graph id 731 reused
CUDA Graph id 732 reused
CUDA Graph id 731 reused
CUDA Graph id 732 reused
CUDA Graph id 731 reused
CUDA Graph id 732 reused
CUDA Graph id 731 reused
CUDA Graph id 732 reused
CUDA Graph id 731 reused
CUDA Graph id 732 reused
CUDA Graph id 731 reused
CUDA Graph id 732 reused
CUDA Graph id 731 reused
CUDA Graph id 732 reused
CUDA Graph id 731 reused
CUDA Graph id 732 reused
CUDA Graph id 731 reused
CUDA Graph id 732 reused
CUDA Graph id 731 reused
CUDA Graph id 732 reused
llama_perf_context_print:        load time =     475.48 ms
llama_perf_context_print: prompt eval time =     157.76 ms /   135 tokens (    1.17 ms per token,   855.75 tokens per second)
llama_perf_context_print:        eval time =     182.38 ms /    13 runs   (   14.03 ms per token,    71.28 tokens per second)
llama_perf_context_print:       total time =     682.30 ms /   148 tokens
llama_perf_context_print:    graphs reused =         12
Llama.generate: 65 prefix-match found but partial kv removal not supported, re-evaluating full prompt
ggml_backend_cuda_graph_compute: CUDA graph warmup reset
ggml_backend_cuda_graph_compute: CUDA graph warmup reset
CUDA Graph id 739 reused
ggml_backend_cuda_graph_compute: CUDA graph warmup complete
CUDA Graph id 740 reused
ggml_backend_cuda_graph_compute: CUDA graph warmup complete
CUDA Graph id 739 reused
CUDA Graph id 740 reused
CUDA Graph id 739 reused
CUDA Graph id 740 reused
CUDA Graph id 739 reused
CUDA Graph id 740 reused
CUDA Graph id 739 reused
CUDA Graph id 740 reused
CUDA Graph id 739 reused
CUDA Graph id 740 reused
CUDA Graph id 739 reused
CUDA Graph id 740 reused
CUDA Graph id 739 reused
CUDA Graph id 740 reused
CUDA Graph id 739 reused
CUDA Graph id 740 reused
CUDA Graph id 739 reused
CUDA Graph id 740 reused
CUDA Graph id 739 reused
CUDA Graph id 740 reused
CUDA Graph id 739 reused
CUDA Graph id 740 reused
llama_perf_context_print:        load time =     475.48 ms
llama_perf_context_print: prompt eval time =     146.59 ms /   138 tokens (    1.06 ms per token,   941.38 tokens per second)
llama_perf_context_print:        eval time =     182.20 ms /    13 runs   (   14.02 ms per token,    71.35 tokens per second)
llama_perf_context_print:       total time =     675.96 ms /   151 tokens
llama_perf_context_print:    graphs reused =         12
Llama.generate: 65 prefix-match found but partial kv removal not supported, re-evaluating full prompt
ggml_backend_cuda_graph_compute: CUDA graph warmup reset
ggml_backend_cuda_graph_compute: CUDA graph warmup reset
CUDA Graph id 747 reused
ggml_backend_cuda_graph_compute: CUDA graph warmup complete
CUDA Graph id 748 reused
ggml_backend_cuda_graph_compute: CUDA graph warmup complete
CUDA Graph id 747 reused
CUDA Graph id 748 reused
CUDA Graph id 747 reused
CUDA Graph id 748 reused
CUDA Graph id 747 reused
CUDA Graph id 748 reused
CUDA Graph id 747 reused
CUDA Graph id 748 reused
CUDA Graph id 747 reused
CUDA Graph id 748 reused
CUDA Graph id 747 reused
CUDA Graph id 748 reused
CUDA Graph id 747 reused
CUDA Graph id 748 reused
CUDA Graph id 747 reused
CUDA Graph id 748 reused
CUDA Graph id 747 reused
CUDA Graph id 748 reused
CUDA Graph id 747 reused
CUDA Graph id 748 reused
CUDA Graph id 747 reused
CUDA Graph id 748 reused
llama_perf_context_print:        load time =     475.48 ms
llama_perf_context_print: prompt eval time =     146.22 ms /   137 tokens (    1.07 ms per token,   936.94 tokens per second)
llama_perf_context_print:        eval time =     178.78 ms /    13 runs   (   13.75 ms per token,    72.72 tokens per second)
llama_perf_context_print:       total time =     672.77 ms /   150 tokens
llama_perf_context_print:    graphs reused =         12
Llama.generate: 66 prefix-match found but partial kv removal not supported, re-evaluating full prompt
ggml_backend_cuda_graph_compute: CUDA graph warmup reset
ggml_backend_cuda_graph_compute: CUDA graph warmup reset
CUDA Graph id 755 reused
ggml_backend_cuda_graph_compute: CUDA graph warmup complete
CUDA Graph id 756 reused
ggml_backend_cuda_graph_compute: CUDA graph warmup complete
CUDA Graph id 755 reused
CUDA Graph id 756 reused
CUDA Graph id 755 reused
CUDA Graph id 756 reused
CUDA Graph id 755 reused
CUDA Graph id 756 reused
CUDA Graph id 755 reused
CUDA Graph id 756 reused
CUDA Graph id 755 reused
CUDA Graph id 756 reused
CUDA Graph id 755 reused
CUDA Graph id 756 reused
CUDA Graph id 755 reused
CUDA Graph id 756 reused
CUDA Graph id 755 reused
CUDA Graph id 756 reused
CUDA Graph id 755 reused
CUDA Graph id 756 reused
CUDA Graph id 755 reused
CUDA Graph id 756 reused
CUDA Graph id 755 reused
CUDA Graph id 756 reused
llama_perf_context_print:        load time =     475.48 ms
llama_perf_context_print: prompt eval time =     151.35 ms /   138 tokens (    1.10 ms per token,   911.81 tokens per second)
llama_perf_context_print:        eval time =     180.99 ms /    13 runs   (   13.92 ms per token,    71.83 tokens per second)
llama_perf_context_print:       total time =     676.97 ms /   151 tokens
llama_perf_context_print:    graphs reused =         12
Llama.generate: 66 prefix-match found but partial kv removal not supported, re-evaluating full prompt
ggml_backend_cuda_graph_compute: CUDA graph warmup reset
ggml_backend_cuda_graph_compute: CUDA graph warmup reset
CUDA Graph id 763 reused
ggml_backend_cuda_graph_compute: CUDA graph warmup complete
CUDA Graph id 764 reused
ggml_backend_cuda_graph_compute: CUDA graph warmup complete
CUDA Graph id 763 reused
CUDA Graph id 764 reused
CUDA Graph id 763 reused
CUDA Graph id 764 reused
CUDA Graph id 763 reused
CUDA Graph id 764 reused
CUDA Graph id 763 reused
CUDA Graph id 764 reused
CUDA Graph id 763 reused
CUDA Graph id 764 reused
CUDA Graph id 763 reused
CUDA Graph id 764 reused
CUDA Graph id 763 reused
CUDA Graph id 764 reused
CUDA Graph id 763 reused
CUDA Graph id 764 reused
CUDA Graph id 763 reused
CUDA Graph id 764 reused
CUDA Graph id 763 reused
CUDA Graph id 764 reused
CUDA Graph id 763 reused
CUDA Graph id 764 reused
llama_perf_context_print:        load time =     475.48 ms
llama_perf_context_print: prompt eval time =     142.85 ms /   138 tokens (    1.04 ms per token,   966.07 tokens per second)
llama_perf_context_print:        eval time =     181.81 ms /    13 runs   (   13.99 ms per token,    71.50 tokens per second)
llama_perf_context_print:       total time =     682.18 ms /   151 tokens
llama_perf_context_print:    graphs reused =         12
Llama.generate: 65 prefix-match found but partial kv removal not supported, re-evaluating full prompt
ggml_backend_cuda_graph_compute: CUDA graph warmup reset
ggml_backend_cuda_graph_compute: CUDA graph warmup reset
CUDA Graph id 771 reused
ggml_backend_cuda_graph_compute: CUDA graph warmup complete
CUDA Graph id 772 reused
ggml_backend_cuda_graph_compute: CUDA graph warmup complete
CUDA Graph id 771 reused
CUDA Graph id 772 reused
CUDA Graph id 771 reused
CUDA Graph id 772 reused
CUDA Graph id 771 reused
CUDA Graph id 772 reused
CUDA Graph id 771 reused
CUDA Graph id 772 reused
CUDA Graph id 771 reused
CUDA Graph id 772 reused
CUDA Graph id 771 reused
CUDA Graph id 772 reused
CUDA Graph id 771 reused
CUDA Graph id 772 reused
CUDA Graph id 771 reused
CUDA Graph id 772 reused
CUDA Graph id 771 reused
CUDA Graph id 772 reused
CUDA Graph id 771 reused
CUDA Graph id 772 reused
CUDA Graph id 771 reused
CUDA Graph id 772 reused
llama_perf_context_print:        load time =     475.48 ms
llama_perf_context_print: prompt eval time =     152.49 ms /   138 tokens (    1.10 ms per token,   905.00 tokens per second)
llama_perf_context_print:        eval time =     187.86 ms /    13 runs   (   14.45 ms per token,    69.20 tokens per second)
llama_perf_context_print:       total time =     701.07 ms /   151 tokens
llama_perf_context_print:    graphs reused =         12
Llama.generate: 65 prefix-match found but partial kv removal not supported, re-evaluating full prompt
ggml_backend_cuda_graph_compute: CUDA graph warmup reset
ggml_backend_cuda_graph_compute: CUDA graph warmup reset
CUDA Graph id 779 reused
ggml_backend_cuda_graph_compute: CUDA graph warmup complete
CUDA Graph id 780 reused
ggml_backend_cuda_graph_compute: CUDA graph warmup complete
CUDA Graph id 779 reused
CUDA Graph id 780 reused
CUDA Graph id 779 reused
CUDA Graph id 780 reused
CUDA Graph id 779 reused
CUDA Graph id 780 reused
CUDA Graph id 779 reused
CUDA Graph id 780 reused
CUDA Graph id 779 reused
CUDA Graph id 780 reused
CUDA Graph id 779 reused
CUDA Graph id 780 reused
CUDA Graph id 779 reused
CUDA Graph id 780 reused
CUDA Graph id 779 reused
CUDA Graph id 780 reused
CUDA Graph id 779 reused
CUDA Graph id 780 reused
CUDA Graph id 779 reused
CUDA Graph id 780 reused
CUDA Graph id 779 reused
CUDA Graph id 780 reused
CUDA Graph id 779 reused
CUDA Graph id 780 reused
CUDA Graph id 779 reused
CUDA Graph id 780 reused
CUDA Graph id 779 reused
CUDA Graph id 780 reused
CUDA Graph id 779 reused
CUDA Graph id 780 reused
CUDA Graph id 779 reused
CUDA Graph id 780 reused
CUDA Graph id 779 reused
CUDA Graph id 780 reused
CUDA Graph id 779 reused
CUDA Graph id 780 reused
CUDA Graph id 779 reused
CUDA Graph id 780 reused
CUDA Graph id 779 reused
CUDA Graph id 780 reused
CUDA Graph id 779 reused
CUDA Graph id 780 reused
CUDA Graph id 779 reused
CUDA Graph id 780 reused
llama_perf_context_print:        load time =     475.48 ms
llama_perf_context_print: prompt eval time =     158.34 ms /   136 tokens (    1.16 ms per token,   858.92 tokens per second)
llama_perf_context_print:        eval time =     318.15 ms /    24 runs   (   13.26 ms per token,    75.44 tokens per second)
llama_perf_context_print:       total time =    1006.52 ms /   160 tokens
llama_perf_context_print:    graphs reused =         23
Llama.generate: 66 prefix-match found but partial kv removal not supported, re-evaluating full prompt
ggml_backend_cuda_graph_compute: CUDA graph warmup reset
ggml_backend_cuda_graph_compute: CUDA graph warmup reset
CUDA Graph id 787 reused
ggml_backend_cuda_graph_compute: CUDA graph warmup complete
CUDA Graph id 788 reused
ggml_backend_cuda_graph_compute: CUDA graph warmup complete
CUDA Graph id 787 reused
CUDA Graph id 788 reused
CUDA Graph id 787 reused
CUDA Graph id 788 reused
CUDA Graph id 787 reused
CUDA Graph id 788 reused
CUDA Graph id 787 reused
CUDA Graph id 788 reused
CUDA Graph id 787 reused
CUDA Graph id 788 reused
CUDA Graph id 787 reused
CUDA Graph id 788 reused
CUDA Graph id 787 reused
CUDA Graph id 788 reused
CUDA Graph id 787 reused
CUDA Graph id 788 reused
CUDA Graph id 787 reused
CUDA Graph id 788 reused
CUDA Graph id 787 reused
CUDA Graph id 788 reused
CUDA Graph id 787 reused
CUDA Graph id 788 reused
llama_perf_context_print:        load time =     475.48 ms
llama_perf_context_print: prompt eval time =     135.71 ms /   138 tokens (    0.98 ms per token,  1016.90 tokens per second)
llama_perf_context_print:        eval time =     172.55 ms /    13 runs   (   13.27 ms per token,    75.34 tokens per second)
llama_perf_context_print:       total time =     652.55 ms /   151 tokens
llama_perf_context_print:    graphs reused =         12
Llama.generate: 66 prefix-match found but partial kv removal not supported, re-evaluating full prompt
ggml_backend_cuda_graph_compute: CUDA graph warmup reset
ggml_backend_cuda_graph_compute: CUDA graph warmup reset
CUDA Graph id 795 reused
ggml_backend_cuda_graph_compute: CUDA graph warmup complete
CUDA Graph id 796 reused
ggml_backend_cuda_graph_compute: CUDA graph warmup complete
CUDA Graph id 795 reused
CUDA Graph id 796 reused
CUDA Graph id 795 reused
CUDA Graph id 796 reused
CUDA Graph id 795 reused
CUDA Graph id 796 reused
CUDA Graph id 795 reused
CUDA Graph id 796 reused
CUDA Graph id 795 reused
CUDA Graph id 796 reused
CUDA Graph id 795 reused
CUDA Graph id 796 reused
CUDA Graph id 795 reused
CUDA Graph id 796 reused
CUDA Graph id 795 reused
CUDA Graph id 796 reused
CUDA Graph id 795 reused
CUDA Graph id 796 reused
CUDA Graph id 795 reused
CUDA Graph id 796 reused
CUDA Graph id 795 reused
CUDA Graph id 796 reused
llama_perf_context_print:        load time =     475.48 ms
llama_perf_context_print: prompt eval time =     133.93 ms /   138 tokens (    0.97 ms per token,  1030.36 tokens per second)
llama_perf_context_print:        eval time =     176.83 ms /    13 runs   (   13.60 ms per token,    73.52 tokens per second)
llama_perf_context_print:       total time =     667.91 ms /   151 tokens
llama_perf_context_print:    graphs reused =         12
Llama.generate: 65 prefix-match found but partial kv removal not supported, re-evaluating full prompt
ggml_backend_cuda_graph_compute: CUDA graph warmup reset
ggml_backend_cuda_graph_compute: CUDA graph warmup reset
CUDA Graph id 803 reused
ggml_backend_cuda_graph_compute: CUDA graph warmup complete
CUDA Graph id 804 reused
ggml_backend_cuda_graph_compute: CUDA graph warmup complete
CUDA Graph id 803 reused
CUDA Graph id 804 reused
CUDA Graph id 803 reused
CUDA Graph id 804 reused
CUDA Graph id 803 reused
CUDA Graph id 804 reused
CUDA Graph id 803 reused
CUDA Graph id 804 reused
CUDA Graph id 803 reused
CUDA Graph id 804 reused
CUDA Graph id 803 reused
CUDA Graph id 804 reused
CUDA Graph id 803 reused
CUDA Graph id 804 reused
CUDA Graph id 803 reused
CUDA Graph id 804 reused
CUDA Graph id 803 reused
CUDA Graph id 804 reused
CUDA Graph id 803 reused
CUDA Graph id 804 reused
CUDA Graph id 803 reused
CUDA Graph id 804 reused
llama_perf_context_print:        load time =     475.48 ms
llama_perf_context_print: prompt eval time =     149.45 ms /   138 tokens (    1.08 ms per token,   923.41 tokens per second)
llama_perf_context_print:        eval time =     176.26 ms /    13 runs   (   13.56 ms per token,    73.75 tokens per second)
llama_perf_context_print:       total time =     681.63 ms /   151 tokens
llama_perf_context_print:    graphs reused =         12
Llama.generate: 65 prefix-match found but partial kv removal not supported, re-evaluating full prompt
ggml_backend_cuda_graph_compute: CUDA graph warmup reset
ggml_backend_cuda_graph_compute: CUDA graph warmup reset
CUDA Graph id 811 reused
ggml_backend_cuda_graph_compute: CUDA graph warmup complete
CUDA Graph id 812 reused
ggml_backend_cuda_graph_compute: CUDA graph warmup complete
CUDA Graph id 811 reused
CUDA Graph id 812 reused
CUDA Graph id 811 reused
CUDA Graph id 812 reused
CUDA Graph id 811 reused
CUDA Graph id 812 reused
CUDA Graph id 811 reused
CUDA Graph id 812 reused
CUDA Graph id 811 reused
CUDA Graph id 812 reused
CUDA Graph id 811 reused
CUDA Graph id 812 reused
CUDA Graph id 811 reused
CUDA Graph id 812 reused
CUDA Graph id 811 reused
CUDA Graph id 812 reused
CUDA Graph id 811 reused
CUDA Graph id 812 reused
CUDA Graph id 811 reused
CUDA Graph id 812 reused
CUDA Graph id 811 reused
CUDA Graph id 812 reused
CUDA Graph id 811 reused
CUDA Graph id 812 reused
llama_perf_context_print:        load time =     475.48 ms
llama_perf_context_print: prompt eval time =     135.09 ms /   140 tokens (    0.96 ms per token,  1036.35 tokens per second)
llama_perf_context_print:        eval time =     186.55 ms /    14 runs   (   13.33 ms per token,    75.05 tokens per second)
llama_perf_context_print:       total time =     695.60 ms /   154 tokens
llama_perf_context_print:    graphs reused =         13
Llama.generate: 65 prefix-match found but partial kv removal not supported, re-evaluating full prompt
ggml_backend_cuda_graph_compute: CUDA graph warmup reset
ggml_backend_cuda_graph_compute: CUDA graph warmup reset
CUDA Graph id 819 reused
ggml_backend_cuda_graph_compute: CUDA graph warmup complete
CUDA Graph id 820 reused
ggml_backend_cuda_graph_compute: CUDA graph warmup complete
CUDA Graph id 819 reused
CUDA Graph id 820 reused
CUDA Graph id 819 reused
CUDA Graph id 820 reused
CUDA Graph id 819 reused
CUDA Graph id 820 reused
CUDA Graph id 819 reused
CUDA Graph id 820 reused
CUDA Graph id 819 reused
CUDA Graph id 820 reused
CUDA Graph id 819 reused
CUDA Graph id 820 reused
CUDA Graph id 819 reused
CUDA Graph id 820 reused
CUDA Graph id 819 reused
CUDA Graph id 820 reused
CUDA Graph id 819 reused
CUDA Graph id 820 reused
CUDA Graph id 819 reused
CUDA Graph id 820 reused
CUDA Graph id 819 reused
CUDA Graph id 820 reused
llama_perf_context_print:        load time =     475.48 ms
llama_perf_context_print: prompt eval time =     134.70 ms /   138 tokens (    0.98 ms per token,  1024.53 tokens per second)
llama_perf_context_print:        eval time =     172.14 ms /    13 runs   (   13.24 ms per token,    75.52 tokens per second)
llama_perf_context_print:       total time =     663.45 ms /   151 tokens
llama_perf_context_print:    graphs reused =         12
Llama.generate: 65 prefix-match found but partial kv removal not supported, re-evaluating full prompt
ggml_backend_cuda_graph_compute: CUDA graph warmup reset
ggml_backend_cuda_graph_compute: CUDA graph warmup reset
CUDA Graph id 827 reused
ggml_backend_cuda_graph_compute: CUDA graph warmup complete
CUDA Graph id 828 reused
ggml_backend_cuda_graph_compute: CUDA graph warmup complete
CUDA Graph id 827 reused
CUDA Graph id 828 reused
CUDA Graph id 827 reused
CUDA Graph id 828 reused
CUDA Graph id 827 reused
CUDA Graph id 828 reused
CUDA Graph id 827 reused
CUDA Graph id 828 reused
CUDA Graph id 827 reused
CUDA Graph id 828 reused
CUDA Graph id 827 reused
CUDA Graph id 828 reused
CUDA Graph id 827 reused
CUDA Graph id 828 reused
CUDA Graph id 827 reused
CUDA Graph id 828 reused
CUDA Graph id 827 reused
CUDA Graph id 828 reused
CUDA Graph id 827 reused
CUDA Graph id 828 reused
CUDA Graph id 827 reused
CUDA Graph id 828 reused
llama_perf_context_print:        load time =     475.48 ms
llama_perf_context_print: prompt eval time =     131.38 ms /   137 tokens (    0.96 ms per token,  1042.75 tokens per second)
llama_perf_context_print:        eval time =     171.96 ms /    13 runs   (   13.23 ms per token,    75.60 tokens per second)
llama_perf_context_print:       total time =     646.50 ms /   150 tokens
llama_perf_context_print:    graphs reused =         12
Llama.generate: 65 prefix-match found but partial kv removal not supported, re-evaluating full prompt
ggml_backend_cuda_graph_compute: CUDA graph warmup reset
ggml_backend_cuda_graph_compute: CUDA graph warmup reset
CUDA Graph id 835 reused
ggml_backend_cuda_graph_compute: CUDA graph warmup complete
CUDA Graph id 836 reused
ggml_backend_cuda_graph_compute: CUDA graph warmup complete
CUDA Graph id 835 reused
CUDA Graph id 836 reused
CUDA Graph id 835 reused
CUDA Graph id 836 reused
CUDA Graph id 835 reused
CUDA Graph id 836 reused
CUDA Graph id 835 reused
CUDA Graph id 836 reused
CUDA Graph id 835 reused
CUDA Graph id 836 reused
CUDA Graph id 835 reused
CUDA Graph id 836 reused
CUDA Graph id 835 reused
CUDA Graph id 836 reused
CUDA Graph id 835 reused
CUDA Graph id 836 reused
CUDA Graph id 835 reused
CUDA Graph id 836 reused
CUDA Graph id 835 reused
CUDA Graph id 836 reused
CUDA Graph id 835 reused
CUDA Graph id 836 reused
llama_perf_context_print:        load time =     475.48 ms
llama_perf_context_print: prompt eval time =     132.11 ms /   139 tokens (    0.95 ms per token,  1052.17 tokens per second)
llama_perf_context_print:        eval time =     173.21 ms /    13 runs   (   13.32 ms per token,    75.05 tokens per second)
llama_perf_context_print:       total time =     648.38 ms /   152 tokens
llama_perf_context_print:    graphs reused =         12
Llama.generate: 65 prefix-match found but partial kv removal not supported, re-evaluating full prompt
ggml_backend_cuda_graph_compute: CUDA graph warmup reset
ggml_backend_cuda_graph_compute: CUDA graph warmup reset
CUDA Graph id 843 reused
ggml_backend_cuda_graph_compute: CUDA graph warmup complete
CUDA Graph id 844 reused
ggml_backend_cuda_graph_compute: CUDA graph warmup complete
CUDA Graph id 843 reused
CUDA Graph id 844 reused
CUDA Graph id 843 reused
CUDA Graph id 844 reused
CUDA Graph id 843 reused
CUDA Graph id 844 reused
CUDA Graph id 843 reused
CUDA Graph id 844 reused
CUDA Graph id 843 reused
CUDA Graph id 844 reused
CUDA Graph id 843 reused
CUDA Graph id 844 reused
CUDA Graph id 843 reused
CUDA Graph id 844 reused
CUDA Graph id 843 reused
CUDA Graph id 844 reused
CUDA Graph id 843 reused
CUDA Graph id 844 reused
CUDA Graph id 843 reused
CUDA Graph id 844 reused
CUDA Graph id 843 reused
CUDA Graph id 844 reused
llama_perf_context_print:        load time =     475.48 ms
llama_perf_context_print: prompt eval time =     152.40 ms /   137 tokens (    1.11 ms per token,   898.93 tokens per second)
llama_perf_context_print:        eval time =     186.00 ms /    13 runs   (   14.31 ms per token,    69.89 tokens per second)
llama_perf_context_print:       total time =     690.55 ms /   150 tokens
llama_perf_context_print:    graphs reused =         12
Llama.generate: 66 prefix-match found but partial kv removal not supported, re-evaluating full prompt
ggml_backend_cuda_graph_compute: CUDA graph warmup reset
ggml_backend_cuda_graph_compute: CUDA graph warmup reset
CUDA Graph id 851 reused
ggml_backend_cuda_graph_compute: CUDA graph warmup complete
CUDA Graph id 852 reused
ggml_backend_cuda_graph_compute: CUDA graph warmup complete
CUDA Graph id 851 reused
CUDA Graph id 852 reused
CUDA Graph id 851 reused
CUDA Graph id 852 reused
CUDA Graph id 851 reused
CUDA Graph id 852 reused
CUDA Graph id 851 reused
CUDA Graph id 852 reused
CUDA Graph id 851 reused
CUDA Graph id 852 reused
CUDA Graph id 851 reused
CUDA Graph id 852 reused
CUDA Graph id 851 reused
CUDA Graph id 852 reused
CUDA Graph id 851 reused
CUDA Graph id 852 reused
CUDA Graph id 851 reused
CUDA Graph id 852 reused
CUDA Graph id 851 reused
CUDA Graph id 852 reused
CUDA Graph id 851 reused
CUDA Graph id 852 reused
llama_perf_context_print:        load time =     475.48 ms
llama_perf_context_print: prompt eval time =     156.18 ms /   136 tokens (    1.15 ms per token,   870.78 tokens per second)
llama_perf_context_print:        eval time =     183.43 ms /    13 runs   (   14.11 ms per token,    70.87 tokens per second)
llama_perf_context_print:       total time =     680.80 ms /   149 tokens
llama_perf_context_print:    graphs reused =         12
Llama.generate: 65 prefix-match found but partial kv removal not supported, re-evaluating full prompt
ggml_backend_cuda_graph_compute: CUDA graph warmup reset
ggml_backend_cuda_graph_compute: CUDA graph warmup reset
CUDA Graph id 859 reused
ggml_backend_cuda_graph_compute: CUDA graph warmup complete
CUDA Graph id 860 reused
ggml_backend_cuda_graph_compute: CUDA graph warmup complete
CUDA Graph id 859 reused
CUDA Graph id 860 reused
CUDA Graph id 859 reused
CUDA Graph id 860 reused
CUDA Graph id 859 reused
CUDA Graph id 860 reused
CUDA Graph id 859 reused
CUDA Graph id 860 reused
CUDA Graph id 859 reused
CUDA Graph id 860 reused
CUDA Graph id 859 reused
CUDA Graph id 860 reused
CUDA Graph id 859 reused
CUDA Graph id 860 reused
CUDA Graph id 859 reused
CUDA Graph id 860 reused
CUDA Graph id 859 reused
CUDA Graph id 860 reused
CUDA Graph id 859 reused
CUDA Graph id 860 reused
CUDA Graph id 859 reused
CUDA Graph id 860 reused
llama_perf_context_print:        load time =     475.48 ms
llama_perf_context_print: prompt eval time =     147.90 ms /   138 tokens (    1.07 ms per token,   933.07 tokens per second)
llama_perf_context_print:        eval time =     182.52 ms /    13 runs   (   14.04 ms per token,    71.22 tokens per second)
llama_perf_context_print:       total time =     676.07 ms /   151 tokens
llama_perf_context_print:    graphs reused =         12
Llama.generate: 65 prefix-match found but partial kv removal not supported, re-evaluating full prompt
ggml_backend_cuda_graph_compute: CUDA graph warmup reset
ggml_backend_cuda_graph_compute: CUDA graph warmup reset
CUDA Graph id 867 reused
ggml_backend_cuda_graph_compute: CUDA graph warmup complete
CUDA Graph id 868 reused
ggml_backend_cuda_graph_compute: CUDA graph warmup complete
CUDA Graph id 867 reused
CUDA Graph id 868 reused
CUDA Graph id 867 reused
CUDA Graph id 868 reused
CUDA Graph id 867 reused
CUDA Graph id 868 reused
CUDA Graph id 867 reused
CUDA Graph id 868 reused
CUDA Graph id 867 reused
CUDA Graph id 868 reused
CUDA Graph id 867 reused
CUDA Graph id 868 reused
CUDA Graph id 867 reused
CUDA Graph id 868 reused
CUDA Graph id 867 reused
CUDA Graph id 868 reused
CUDA Graph id 867 reused
CUDA Graph id 868 reused
CUDA Graph id 867 reused
CUDA Graph id 868 reused
CUDA Graph id 867 reused
CUDA Graph id 868 reused
llama_perf_context_print:        load time =     475.48 ms
llama_perf_context_print: prompt eval time =     145.53 ms /   136 tokens (    1.07 ms per token,   934.49 tokens per second)
llama_perf_context_print:        eval time =     179.72 ms /    13 runs   (   13.82 ms per token,    72.34 tokens per second)
llama_perf_context_print:       total time =     669.49 ms /   149 tokens
llama_perf_context_print:    graphs reused =         12
Llama.generate: 66 prefix-match found but partial kv removal not supported, re-evaluating full prompt
ggml_backend_cuda_graph_compute: CUDA graph warmup reset
ggml_backend_cuda_graph_compute: CUDA graph warmup reset
CUDA Graph id 875 reused
ggml_backend_cuda_graph_compute: CUDA graph warmup complete
CUDA Graph id 876 reused
ggml_backend_cuda_graph_compute: CUDA graph warmup complete
CUDA Graph id 875 reused
CUDA Graph id 876 reused
CUDA Graph id 875 reused
CUDA Graph id 876 reused
CUDA Graph id 875 reused
CUDA Graph id 876 reused
CUDA Graph id 875 reused
CUDA Graph id 876 reused
CUDA Graph id 875 reused
CUDA Graph id 876 reused
CUDA Graph id 875 reused
CUDA Graph id 876 reused
CUDA Graph id 875 reused
CUDA Graph id 876 reused
CUDA Graph id 875 reused
CUDA Graph id 876 reused
CUDA Graph id 875 reused
CUDA Graph id 876 reused
CUDA Graph id 875 reused
CUDA Graph id 876 reused
CUDA Graph id 875 reused
CUDA Graph id 876 reused
llama_perf_context_print:        load time =     475.48 ms
llama_perf_context_print: prompt eval time =     141.46 ms /   137 tokens (    1.03 ms per token,   968.44 tokens per second)
llama_perf_context_print:        eval time =     180.48 ms /    13 runs   (   13.88 ms per token,    72.03 tokens per second)
llama_perf_context_print:       total time =     679.16 ms /   150 tokens
llama_perf_context_print:    graphs reused =         12
Llama.generate: 66 prefix-match found but partial kv removal not supported, re-evaluating full prompt
ggml_backend_cuda_graph_compute: CUDA graph warmup reset
ggml_backend_cuda_graph_compute: CUDA graph warmup reset
CUDA Graph id 883 reused
ggml_backend_cuda_graph_compute: CUDA graph warmup complete
CUDA Graph id 884 reused
ggml_backend_cuda_graph_compute: CUDA graph warmup complete
CUDA Graph id 883 reused
CUDA Graph id 884 reused
CUDA Graph id 883 reused
CUDA Graph id 884 reused
CUDA Graph id 883 reused
CUDA Graph id 884 reused
CUDA Graph id 883 reused
CUDA Graph id 884 reused
CUDA Graph id 883 reused
CUDA Graph id 884 reused
CUDA Graph id 883 reused
CUDA Graph id 884 reused
CUDA Graph id 883 reused
CUDA Graph id 884 reused
CUDA Graph id 883 reused
CUDA Graph id 884 reused
CUDA Graph id 883 reused
CUDA Graph id 884 reused
CUDA Graph id 883 reused
CUDA Graph id 884 reused
CUDA Graph id 883 reused
CUDA Graph id 884 reused
llama_perf_context_print:        load time =     475.48 ms
llama_perf_context_print: prompt eval time =     149.46 ms /   138 tokens (    1.08 ms per token,   923.31 tokens per second)
llama_perf_context_print:        eval time =     189.95 ms /    13 runs   (   14.61 ms per token,    68.44 tokens per second)
llama_perf_context_print:       total time =     699.16 ms /   151 tokens
llama_perf_context_print:    graphs reused =         12
Llama.generate: 66 prefix-match found but partial kv removal not supported, re-evaluating full prompt
ggml_backend_cuda_graph_compute: CUDA graph warmup reset
ggml_backend_cuda_graph_compute: CUDA graph warmup reset
CUDA Graph id 891 reused
ggml_backend_cuda_graph_compute: CUDA graph warmup complete
CUDA Graph id 892 reused
ggml_backend_cuda_graph_compute: CUDA graph warmup complete
CUDA Graph id 891 reused
CUDA Graph id 892 reused
CUDA Graph id 891 reused
CUDA Graph id 892 reused
CUDA Graph id 891 reused
CUDA Graph id 892 reused
CUDA Graph id 891 reused
CUDA Graph id 892 reused
CUDA Graph id 891 reused
CUDA Graph id 892 reused
CUDA Graph id 891 reused
CUDA Graph id 892 reused
CUDA Graph id 891 reused
CUDA Graph id 892 reused
CUDA Graph id 891 reused
CUDA Graph id 892 reused
CUDA Graph id 891 reused
CUDA Graph id 892 reused
CUDA Graph id 891 reused
CUDA Graph id 892 reused
CUDA Graph id 891 reused
CUDA Graph id 892 reused
llama_perf_context_print:        load time =     475.48 ms
llama_perf_context_print: prompt eval time =     167.54 ms /   138 tokens (    1.21 ms per token,   823.68 tokens per second)
llama_perf_context_print:        eval time =     190.00 ms /    13 runs   (   14.62 ms per token,    68.42 tokens per second)
llama_perf_context_print:       total time =     700.97 ms /   151 tokens
llama_perf_context_print:    graphs reused =         12
Llama.generate: 67 prefix-match found but partial kv removal not supported, re-evaluating full prompt
ggml_backend_cuda_graph_compute: CUDA graph warmup reset
ggml_backend_cuda_graph_compute: CUDA graph warmup reset
CUDA Graph id 899 reused
ggml_backend_cuda_graph_compute: CUDA graph warmup complete
CUDA Graph id 900 reused
ggml_backend_cuda_graph_compute: CUDA graph warmup complete
CUDA Graph id 899 reused
CUDA Graph id 900 reused
CUDA Graph id 899 reused
CUDA Graph id 900 reused
CUDA Graph id 899 reused
CUDA Graph id 900 reused
CUDA Graph id 899 reused
CUDA Graph id 900 reused
CUDA Graph id 899 reused
CUDA Graph id 900 reused
CUDA Graph id 899 reused
CUDA Graph id 900 reused
CUDA Graph id 899 reused
CUDA Graph id 900 reused
CUDA Graph id 899 reused
CUDA Graph id 900 reused
CUDA Graph id 899 reused
CUDA Graph id 900 reused
CUDA Graph id 899 reused
CUDA Graph id 900 reused
CUDA Graph id 899 reused
CUDA Graph id 900 reused
llama_perf_context_print:        load time =     475.48 ms
llama_perf_context_print: prompt eval time =     154.29 ms /   137 tokens (    1.13 ms per token,   887.94 tokens per second)
llama_perf_context_print:        eval time =     178.07 ms /    13 runs   (   13.70 ms per token,    73.00 tokens per second)
llama_perf_context_print:       total time =     688.66 ms /   150 tokens
llama_perf_context_print:    graphs reused =         12
Llama.generate: 65 prefix-match found but partial kv removal not supported, re-evaluating full prompt
ggml_backend_cuda_graph_compute: CUDA graph warmup reset
ggml_backend_cuda_graph_compute: CUDA graph warmup reset
CUDA Graph id 907 reused
ggml_backend_cuda_graph_compute: CUDA graph warmup complete
CUDA Graph id 908 reused
ggml_backend_cuda_graph_compute: CUDA graph warmup complete
CUDA Graph id 907 reused
CUDA Graph id 908 reused
CUDA Graph id 907 reused
CUDA Graph id 908 reused
CUDA Graph id 907 reused
CUDA Graph id 908 reused
CUDA Graph id 907 reused
CUDA Graph id 908 reused
CUDA Graph id 907 reused
CUDA Graph id 908 reused
CUDA Graph id 907 reused
CUDA Graph id 908 reused
CUDA Graph id 907 reused
CUDA Graph id 908 reused
CUDA Graph id 907 reused
CUDA Graph id 908 reused
CUDA Graph id 907 reused
CUDA Graph id 908 reused
CUDA Graph id 907 reused
CUDA Graph id 908 reused
CUDA Graph id 907 reused
CUDA Graph id 908 reused
llama_perf_context_print:        load time =     475.48 ms
llama_perf_context_print: prompt eval time =     137.92 ms /   138 tokens (    1.00 ms per token,  1000.61 tokens per second)
llama_perf_context_print:        eval time =     176.46 ms /    13 runs   (   13.57 ms per token,    73.67 tokens per second)
llama_perf_context_print:       total time =     658.30 ms /   151 tokens
llama_perf_context_print:    graphs reused =         12
Llama.generate: 65 prefix-match found but partial kv removal not supported, re-evaluating full prompt
ggml_backend_cuda_graph_compute: CUDA graph warmup reset
ggml_backend_cuda_graph_compute: CUDA graph warmup reset
CUDA Graph id 915 reused
ggml_backend_cuda_graph_compute: CUDA graph warmup complete
CUDA Graph id 916 reused
ggml_backend_cuda_graph_compute: CUDA graph warmup complete
CUDA Graph id 915 reused
CUDA Graph id 916 reused
CUDA Graph id 915 reused
CUDA Graph id 916 reused
CUDA Graph id 915 reused
CUDA Graph id 916 reused
CUDA Graph id 915 reused
CUDA Graph id 916 reused
CUDA Graph id 915 reused
CUDA Graph id 916 reused
CUDA Graph id 915 reused
CUDA Graph id 916 reused
CUDA Graph id 915 reused
CUDA Graph id 916 reused
CUDA Graph id 915 reused
CUDA Graph id 916 reused
CUDA Graph id 915 reused
CUDA Graph id 916 reused
CUDA Graph id 915 reused
CUDA Graph id 916 reused
CUDA Graph id 915 reused
CUDA Graph id 916 reused
llama_perf_context_print:        load time =     475.48 ms
llama_perf_context_print: prompt eval time =     137.50 ms /   137 tokens (    1.00 ms per token,   996.39 tokens per second)
llama_perf_context_print:        eval time =     172.45 ms /    13 runs   (   13.27 ms per token,    75.38 tokens per second)
llama_perf_context_print:       total time =     656.24 ms /   150 tokens
llama_perf_context_print:    graphs reused =         12
Llama.generate: 66 prefix-match found but partial kv removal not supported, re-evaluating full prompt
ggml_backend_cuda_graph_compute: CUDA graph warmup reset
ggml_backend_cuda_graph_compute: CUDA graph warmup reset
CUDA Graph id 923 reused
ggml_backend_cuda_graph_compute: CUDA graph warmup complete
CUDA Graph id 924 reused
ggml_backend_cuda_graph_compute: CUDA graph warmup complete
CUDA Graph id 923 reused
CUDA Graph id 924 reused
CUDA Graph id 923 reused
CUDA Graph id 924 reused
CUDA Graph id 923 reused
CUDA Graph id 924 reused
CUDA Graph id 923 reused
CUDA Graph id 924 reused
CUDA Graph id 923 reused
CUDA Graph id 924 reused
CUDA Graph id 923 reused
CUDA Graph id 924 reused
CUDA Graph id 923 reused
CUDA Graph id 924 reused
CUDA Graph id 923 reused
CUDA Graph id 924 reused
CUDA Graph id 923 reused
CUDA Graph id 924 reused
CUDA Graph id 923 reused
CUDA Graph id 924 reused
CUDA Graph id 923 reused
CUDA Graph id 924 reused
llama_perf_context_print:        load time =     475.48 ms
llama_perf_context_print: prompt eval time =     131.55 ms /   139 tokens (    0.95 ms per token,  1056.64 tokens per second)
llama_perf_context_print:        eval time =     171.83 ms /    13 runs   (   13.22 ms per token,    75.66 tokens per second)
llama_perf_context_print:       total time =     661.02 ms /   152 tokens
llama_perf_context_print:    graphs reused =         12
Llama.generate: 66 prefix-match found but partial kv removal not supported, re-evaluating full prompt
ggml_backend_cuda_graph_compute: CUDA graph warmup reset
ggml_backend_cuda_graph_compute: CUDA graph warmup reset
CUDA Graph id 931 reused
ggml_backend_cuda_graph_compute: CUDA graph warmup complete
CUDA Graph id 932 reused
ggml_backend_cuda_graph_compute: CUDA graph warmup complete
CUDA Graph id 931 reused
CUDA Graph id 932 reused
CUDA Graph id 931 reused
CUDA Graph id 932 reused
CUDA Graph id 931 reused
CUDA Graph id 932 reused
CUDA Graph id 931 reused
CUDA Graph id 932 reused
CUDA Graph id 931 reused
CUDA Graph id 932 reused
CUDA Graph id 931 reused
CUDA Graph id 932 reused
CUDA Graph id 931 reused
CUDA Graph id 932 reused
CUDA Graph id 931 reused
CUDA Graph id 932 reused
CUDA Graph id 931 reused
CUDA Graph id 932 reused
CUDA Graph id 931 reused
CUDA Graph id 932 reused
CUDA Graph id 931 reused
CUDA Graph id 932 reused
llama_perf_context_print:        load time =     475.48 ms
llama_perf_context_print: prompt eval time =     130.46 ms /   136 tokens (    0.96 ms per token,  1042.47 tokens per second)
llama_perf_context_print:        eval time =     173.35 ms /    13 runs   (   13.33 ms per token,    74.99 tokens per second)
llama_perf_context_print:       total time =     651.84 ms /   149 tokens
llama_perf_context_print:    graphs reused =         12
Llama.generate: 65 prefix-match found but partial kv removal not supported, re-evaluating full prompt
ggml_backend_cuda_graph_compute: CUDA graph warmup reset
ggml_backend_cuda_graph_compute: CUDA graph warmup reset
CUDA Graph id 939 reused
ggml_backend_cuda_graph_compute: CUDA graph warmup complete
CUDA Graph id 940 reused
ggml_backend_cuda_graph_compute: CUDA graph warmup complete
CUDA Graph id 939 reused
CUDA Graph id 940 reused
CUDA Graph id 939 reused
CUDA Graph id 940 reused
CUDA Graph id 939 reused
CUDA Graph id 940 reused
CUDA Graph id 939 reused
CUDA Graph id 940 reused
CUDA Graph id 939 reused
CUDA Graph id 940 reused
CUDA Graph id 939 reused
CUDA Graph id 940 reused
CUDA Graph id 939 reused
CUDA Graph id 940 reused
CUDA Graph id 939 reused
CUDA Graph id 940 reused
CUDA Graph id 939 reused
CUDA Graph id 940 reused
CUDA Graph id 939 reused
CUDA Graph id 940 reused
CUDA Graph id 939 reused
CUDA Graph id 940 reused
llama_perf_context_print:        load time =     475.48 ms
llama_perf_context_print: prompt eval time =     151.63 ms /   135 tokens (    1.12 ms per token,   890.34 tokens per second)
llama_perf_context_print:        eval time =     186.12 ms /    13 runs   (   14.32 ms per token,    69.85 tokens per second)
llama_perf_context_print:       total time =     678.23 ms /   148 tokens
llama_perf_context_print:    graphs reused =         12
Llama.generate: 65 prefix-match found but partial kv removal not supported, re-evaluating full prompt
ggml_backend_cuda_graph_compute: CUDA graph warmup reset
ggml_backend_cuda_graph_compute: CUDA graph warmup reset
CUDA Graph id 947 reused
ggml_backend_cuda_graph_compute: CUDA graph warmup complete
CUDA Graph id 948 reused
ggml_backend_cuda_graph_compute: CUDA graph warmup complete
CUDA Graph id 947 reused
CUDA Graph id 948 reused
CUDA Graph id 947 reused
CUDA Graph id 948 reused
CUDA Graph id 947 reused
CUDA Graph id 948 reused
CUDA Graph id 947 reused
CUDA Graph id 948 reused
CUDA Graph id 947 reused
CUDA Graph id 948 reused
CUDA Graph id 947 reused
CUDA Graph id 948 reused
CUDA Graph id 947 reused
CUDA Graph id 948 reused
CUDA Graph id 947 reused
CUDA Graph id 948 reused
CUDA Graph id 947 reused
CUDA Graph id 948 reused
CUDA Graph id 947 reused
CUDA Graph id 948 reused
CUDA Graph id 947 reused
CUDA Graph id 948 reused
llama_perf_context_print:        load time =     475.48 ms
llama_perf_context_print: prompt eval time =     154.63 ms /   135 tokens (    1.15 ms per token,   873.02 tokens per second)
llama_perf_context_print:        eval time =     184.25 ms /    13 runs   (   14.17 ms per token,    70.55 tokens per second)
llama_perf_context_print:       total time =     676.62 ms /   148 tokens
llama_perf_context_print:    graphs reused =         12
Llama.generate: 65 prefix-match found but partial kv removal not supported, re-evaluating full prompt
ggml_backend_cuda_graph_compute: CUDA graph warmup reset
ggml_backend_cuda_graph_compute: CUDA graph warmup reset
CUDA Graph id 955 reused
ggml_backend_cuda_graph_compute: CUDA graph warmup complete
CUDA Graph id 956 reused
ggml_backend_cuda_graph_compute: CUDA graph warmup complete
CUDA Graph id 955 reused
CUDA Graph id 956 reused
CUDA Graph id 955 reused
CUDA Graph id 956 reused
CUDA Graph id 955 reused
CUDA Graph id 956 reused
CUDA Graph id 955 reused
CUDA Graph id 956 reused
CUDA Graph id 955 reused
CUDA Graph id 956 reused
CUDA Graph id 955 reused
CUDA Graph id 956 reused
CUDA Graph id 955 reused
CUDA Graph id 956 reused
CUDA Graph id 955 reused
CUDA Graph id 956 reused
CUDA Graph id 955 reused
CUDA Graph id 956 reused
CUDA Graph id 955 reused
CUDA Graph id 956 reused
CUDA Graph id 955 reused
CUDA Graph id 956 reused
llama_perf_context_print:        load time =     475.48 ms
llama_perf_context_print: prompt eval time =     148.57 ms /   137 tokens (    1.08 ms per token,   922.12 tokens per second)
llama_perf_context_print:        eval time =     183.27 ms /    13 runs   (   14.10 ms per token,    70.93 tokens per second)
llama_perf_context_print:       total time =     674.41 ms /   150 tokens
llama_perf_context_print:    graphs reused =         12
Llama.generate: 66 prefix-match found but partial kv removal not supported, re-evaluating full prompt
ggml_backend_cuda_graph_compute: CUDA graph warmup reset
ggml_backend_cuda_graph_compute: CUDA graph warmup reset
CUDA Graph id 963 reused
ggml_backend_cuda_graph_compute: CUDA graph warmup complete
CUDA Graph id 964 reused
ggml_backend_cuda_graph_compute: CUDA graph warmup complete
CUDA Graph id 963 reused
CUDA Graph id 964 reused
CUDA Graph id 963 reused
CUDA Graph id 964 reused
CUDA Graph id 963 reused
CUDA Graph id 964 reused
CUDA Graph id 963 reused
CUDA Graph id 964 reused
CUDA Graph id 963 reused
CUDA Graph id 964 reused
CUDA Graph id 963 reused
CUDA Graph id 964 reused
CUDA Graph id 963 reused
CUDA Graph id 964 reused
CUDA Graph id 963 reused
CUDA Graph id 964 reused
CUDA Graph id 963 reused
CUDA Graph id 964 reused
CUDA Graph id 963 reused
CUDA Graph id 964 reused
CUDA Graph id 963 reused
CUDA Graph id 964 reused
llama_perf_context_print:        load time =     475.48 ms
llama_perf_context_print: prompt eval time =     147.59 ms /   137 tokens (    1.08 ms per token,   928.25 tokens per second)
llama_perf_context_print:        eval time =     182.01 ms /    13 runs   (   14.00 ms per token,    71.43 tokens per second)
llama_perf_context_print:       total time =     686.99 ms /   150 tokens
llama_perf_context_print:    graphs reused =         12
Llama.generate: 65 prefix-match found but partial kv removal not supported, re-evaluating full prompt
ggml_backend_cuda_graph_compute: CUDA graph warmup reset
ggml_backend_cuda_graph_compute: CUDA graph warmup reset
CUDA Graph id 971 reused
ggml_backend_cuda_graph_compute: CUDA graph warmup complete
CUDA Graph id 972 reused
ggml_backend_cuda_graph_compute: CUDA graph warmup complete
CUDA Graph id 971 reused
CUDA Graph id 972 reused
CUDA Graph id 971 reused
CUDA Graph id 972 reused
CUDA Graph id 971 reused
CUDA Graph id 972 reused
CUDA Graph id 971 reused
CUDA Graph id 972 reused
CUDA Graph id 971 reused
CUDA Graph id 972 reused
CUDA Graph id 971 reused
CUDA Graph id 972 reused
CUDA Graph id 971 reused
CUDA Graph id 972 reused
CUDA Graph id 971 reused
CUDA Graph id 972 reused
CUDA Graph id 971 reused
CUDA Graph id 972 reused
CUDA Graph id 971 reused
CUDA Graph id 972 reused
CUDA Graph id 971 reused
CUDA Graph id 972 reused
llama_perf_context_print:        load time =     475.48 ms
llama_perf_context_print: prompt eval time =     146.68 ms /   139 tokens (    1.06 ms per token,   947.67 tokens per second)
llama_perf_context_print:        eval time =     180.95 ms /    13 runs   (   13.92 ms per token,    71.84 tokens per second)
llama_perf_context_print:       total time =     681.65 ms /   152 tokens
llama_perf_context_print:    graphs reused =         12
Llama.generate: 65 prefix-match found but partial kv removal not supported, re-evaluating full prompt
ggml_backend_cuda_graph_compute: CUDA graph warmup reset
ggml_backend_cuda_graph_compute: CUDA graph warmup reset
CUDA Graph id 979 reused
ggml_backend_cuda_graph_compute: CUDA graph warmup complete
CUDA Graph id 980 reused
ggml_backend_cuda_graph_compute: CUDA graph warmup complete
CUDA Graph id 979 reused
CUDA Graph id 980 reused
CUDA Graph id 979 reused
CUDA Graph id 980 reused
CUDA Graph id 979 reused
CUDA Graph id 980 reused
CUDA Graph id 979 reused
CUDA Graph id 980 reused
CUDA Graph id 979 reused
CUDA Graph id 980 reused
CUDA Graph id 979 reused
CUDA Graph id 980 reused
CUDA Graph id 979 reused
CUDA Graph id 980 reused
CUDA Graph id 979 reused
CUDA Graph id 980 reused
CUDA Graph id 979 reused
CUDA Graph id 980 reused
CUDA Graph id 979 reused
CUDA Graph id 980 reused
CUDA Graph id 979 reused
CUDA Graph id 980 reused
llama_perf_context_print:        load time =     475.48 ms
llama_perf_context_print: prompt eval time =     144.47 ms /   138 tokens (    1.05 ms per token,   955.22 tokens per second)
llama_perf_context_print:        eval time =     174.48 ms /    13 runs   (   13.42 ms per token,    74.51 tokens per second)
llama_perf_context_print:       total time =     672.19 ms /   151 tokens
llama_perf_context_print:    graphs reused =         12
Llama.generate: 66 prefix-match found but partial kv removal not supported, re-evaluating full prompt
ggml_backend_cuda_graph_compute: CUDA graph warmup reset
ggml_backend_cuda_graph_compute: CUDA graph warmup reset
CUDA Graph id 987 reused
ggml_backend_cuda_graph_compute: CUDA graph warmup complete
CUDA Graph id 988 reused
ggml_backend_cuda_graph_compute: CUDA graph warmup complete
CUDA Graph id 987 reused
CUDA Graph id 988 reused
CUDA Graph id 987 reused
CUDA Graph id 988 reused
CUDA Graph id 987 reused
CUDA Graph id 988 reused
CUDA Graph id 987 reused
CUDA Graph id 988 reused
CUDA Graph id 987 reused
CUDA Graph id 988 reused
CUDA Graph id 987 reused
CUDA Graph id 988 reused
CUDA Graph id 987 reused
CUDA Graph id 988 reused
CUDA Graph id 987 reused
CUDA Graph id 988 reused
CUDA Graph id 987 reused
CUDA Graph id 988 reused
CUDA Graph id 987 reused
CUDA Graph id 988 reused
CUDA Graph id 987 reused
CUDA Graph id 988 reused
llama_perf_context_print:        load time =     475.48 ms
llama_perf_context_print: prompt eval time =     133.59 ms /   137 tokens (    0.98 ms per token,  1025.54 tokens per second)
llama_perf_context_print:        eval time =     173.26 ms /    13 runs   (   13.33 ms per token,    75.03 tokens per second)
llama_perf_context_print:       total time =     650.61 ms /   150 tokens
llama_perf_context_print:    graphs reused =         12
Llama.generate: 66 prefix-match found but partial kv removal not supported, re-evaluating full prompt
ggml_backend_cuda_graph_compute: CUDA graph warmup reset
ggml_backend_cuda_graph_compute: CUDA graph warmup reset
CUDA Graph id 995 reused
ggml_backend_cuda_graph_compute: CUDA graph warmup complete
CUDA Graph id 996 reused
ggml_backend_cuda_graph_compute: CUDA graph warmup complete
CUDA Graph id 995 reused
CUDA Graph id 996 reused
CUDA Graph id 995 reused
CUDA Graph id 996 reused
CUDA Graph id 995 reused
CUDA Graph id 996 reused
CUDA Graph id 995 reused
CUDA Graph id 996 reused
CUDA Graph id 995 reused
CUDA Graph id 996 reused
CUDA Graph id 995 reused
CUDA Graph id 996 reused
CUDA Graph id 995 reused
CUDA Graph id 996 reused
CUDA Graph id 995 reused
CUDA Graph id 996 reused
CUDA Graph id 995 reused
CUDA Graph id 996 reused
CUDA Graph id 995 reused
CUDA Graph id 996 reused
CUDA Graph id 995 reused
CUDA Graph id 996 reused
llama_perf_context_print:        load time =     475.48 ms
llama_perf_context_print: prompt eval time =     133.26 ms /   136 tokens (    0.98 ms per token,  1020.56 tokens per second)
llama_perf_context_print:        eval time =     174.75 ms /    13 runs   (   13.44 ms per token,    74.39 tokens per second)
llama_perf_context_print:       total time =     650.11 ms /   149 tokens
llama_perf_context_print:    graphs reused =         12
Llama.generate: 66 prefix-match found but partial kv removal not supported, re-evaluating full prompt
ggml_backend_cuda_graph_compute: CUDA graph warmup reset
ggml_backend_cuda_graph_compute: CUDA graph warmup reset
CUDA Graph id 1003 reused
ggml_backend_cuda_graph_compute: CUDA graph warmup complete
CUDA Graph id 1004 reused
ggml_backend_cuda_graph_compute: CUDA graph warmup complete
CUDA Graph id 1003 reused
CUDA Graph id 1004 reused
CUDA Graph id 1003 reused
CUDA Graph id 1004 reused
CUDA Graph id 1003 reused
CUDA Graph id 1004 reused
CUDA Graph id 1003 reused
CUDA Graph id 1004 reused
CUDA Graph id 1003 reused
CUDA Graph id 1004 reused
CUDA Graph id 1003 reused
CUDA Graph id 1004 reused
CUDA Graph id 1003 reused
CUDA Graph id 1004 reused
CUDA Graph id 1003 reused
CUDA Graph id 1004 reused
CUDA Graph id 1003 reused
CUDA Graph id 1004 reused
CUDA Graph id 1003 reused
CUDA Graph id 1004 reused
CUDA Graph id 1003 reused
CUDA Graph id 1004 reused
llama_perf_context_print:        load time =     475.48 ms
llama_perf_context_print: prompt eval time =     162.27 ms /   138 tokens (    1.18 ms per token,   850.44 tokens per second)
llama_perf_context_print:        eval time =     190.25 ms /    13 runs   (   14.63 ms per token,    68.33 tokens per second)
llama_perf_context_print:       total time =     709.78 ms /   151 tokens
llama_perf_context_print:    graphs reused =         12
Llama.generate: 65 prefix-match found but partial kv removal not supported, re-evaluating full prompt
ggml_backend_cuda_graph_compute: CUDA graph warmup reset
ggml_backend_cuda_graph_compute: CUDA graph warmup reset
CUDA Graph id 1011 reused
ggml_backend_cuda_graph_compute: CUDA graph warmup complete
CUDA Graph id 1012 reused
ggml_backend_cuda_graph_compute: CUDA graph warmup complete
CUDA Graph id 1011 reused
CUDA Graph id 1012 reused
CUDA Graph id 1011 reused
CUDA Graph id 1012 reused
CUDA Graph id 1011 reused
CUDA Graph id 1012 reused
CUDA Graph id 1011 reused
CUDA Graph id 1012 reused
CUDA Graph id 1011 reused
CUDA Graph id 1012 reused
CUDA Graph id 1011 reused
CUDA Graph id 1012 reused
CUDA Graph id 1011 reused
CUDA Graph id 1012 reused
CUDA Graph id 1011 reused
CUDA Graph id 1012 reused
CUDA Graph id 1011 reused
CUDA Graph id 1012 reused
CUDA Graph id 1011 reused
CUDA Graph id 1012 reused
CUDA Graph id 1011 reused
CUDA Graph id 1012 reused
llama_perf_context_print:        load time =     475.48 ms
llama_perf_context_print: prompt eval time =     163.52 ms /   138 tokens (    1.18 ms per token,   843.91 tokens per second)
llama_perf_context_print:        eval time =     176.47 ms /    13 runs   (   13.57 ms per token,    73.67 tokens per second)
llama_perf_context_print:       total time =     682.80 ms /   151 tokens
llama_perf_context_print:    graphs reused =         12
Llama.generate: 65 prefix-match found but partial kv removal not supported, re-evaluating full prompt
ggml_backend_cuda_graph_compute: CUDA graph warmup reset
ggml_backend_cuda_graph_compute: CUDA graph warmup reset
CUDA Graph id 1019 reused
ggml_backend_cuda_graph_compute: CUDA graph warmup complete
CUDA Graph id 1020 reused
ggml_backend_cuda_graph_compute: CUDA graph warmup complete
CUDA Graph id 1019 reused
CUDA Graph id 1020 reused
CUDA Graph id 1019 reused
CUDA Graph id 1020 reused
CUDA Graph id 1019 reused
CUDA Graph id 1020 reused
CUDA Graph id 1019 reused
CUDA Graph id 1020 reused
CUDA Graph id 1019 reused
CUDA Graph id 1020 reused
CUDA Graph id 1019 reused
CUDA Graph id 1020 reused
CUDA Graph id 1019 reused
CUDA Graph id 1020 reused
CUDA Graph id 1019 reused
CUDA Graph id 1020 reused
CUDA Graph id 1019 reused
CUDA Graph id 1020 reused
CUDA Graph id 1019 reused
CUDA Graph id 1020 reused
CUDA Graph id 1019 reused
CUDA Graph id 1020 reused
llama_perf_context_print:        load time =     475.48 ms
llama_perf_context_print: prompt eval time =     135.80 ms /   135 tokens (    1.01 ms per token,   994.09 tokens per second)
llama_perf_context_print:        eval time =     174.89 ms /    13 runs   (   13.45 ms per token,    74.33 tokens per second)
llama_perf_context_print:       total time =     639.80 ms /   148 tokens
llama_perf_context_print:    graphs reused =         12
Llama.generate: 65 prefix-match found but partial kv removal not supported, re-evaluating full prompt
ggml_backend_cuda_graph_compute: CUDA graph warmup reset
ggml_backend_cuda_graph_compute: CUDA graph warmup reset
CUDA Graph id 1027 reused
ggml_backend_cuda_graph_compute: CUDA graph warmup complete
CUDA Graph id 1028 reused
ggml_backend_cuda_graph_compute: CUDA graph warmup complete
CUDA Graph id 1027 reused
CUDA Graph id 1028 reused
CUDA Graph id 1027 reused
CUDA Graph id 1028 reused
CUDA Graph id 1027 reused
CUDA Graph id 1028 reused
CUDA Graph id 1027 reused
CUDA Graph id 1028 reused
CUDA Graph id 1027 reused
CUDA Graph id 1028 reused
CUDA Graph id 1027 reused
CUDA Graph id 1028 reused
CUDA Graph id 1027 reused
CUDA Graph id 1028 reused
CUDA Graph id 1027 reused
CUDA Graph id 1028 reused
CUDA Graph id 1027 reused
CUDA Graph id 1028 reused
CUDA Graph id 1027 reused
CUDA Graph id 1028 reused
CUDA Graph id 1027 reused
CUDA Graph id 1028 reused
CUDA Graph id 1027 reused
CUDA Graph id 1028 reused
CUDA Graph id 1027 reused
CUDA Graph id 1028 reused
CUDA Graph id 1027 reused
CUDA Graph id 1028 reused
CUDA Graph id 1027 reused
CUDA Graph id 1028 reused
CUDA Graph id 1027 reused
CUDA Graph id 1028 reused
CUDA Graph id 1027 reused
CUDA Graph id 1028 reused
CUDA Graph id 1027 reused
CUDA Graph id 1028 reused
CUDA Graph id 1027 reused
CUDA Graph id 1028 reused
CUDA Graph id 1027 reused
CUDA Graph id 1028 reused
CUDA Graph id 1027 reused
CUDA Graph id 1028 reused
CUDA Graph id 1027 reused
CUDA Graph id 1028 reused
CUDA Graph id 1027 reused
CUDA Graph id 1028 reused
CUDA Graph id 1027 reused
CUDA Graph id 1028 reused
CUDA Graph id 1027 reused
CUDA Graph id 1028 reused
CUDA Graph id 1027 reused
CUDA Graph id 1028 reused
CUDA Graph id 1027 reused
CUDA Graph id 1028 reused
CUDA Graph id 1027 reused
CUDA Graph id 1028 reused
CUDA Graph id 1027 reused
CUDA Graph id 1028 reused
CUDA Graph id 1027 reused
CUDA Graph id 1028 reused
CUDA Graph id 1027 reused
CUDA Graph id 1028 reused
CUDA Graph id 1027 reused
CUDA Graph id 1028 reused
CUDA Graph id 1027 reused
CUDA Graph id 1028 reused
CUDA Graph id 1027 reused
CUDA Graph id 1028 reused
CUDA Graph id 1027 reused
CUDA Graph id 1028 reused
CUDA Graph id 1027 reused
CUDA Graph id 1028 reused
CUDA Graph id 1027 reused
CUDA Graph id 1028 reused
CUDA Graph id 1027 reused
CUDA Graph id 1028 reused
CUDA Graph id 1027 reused
CUDA Graph id 1028 reused
CUDA Graph id 1027 reused
CUDA Graph id 1028 reused
llama_perf_context_print:        load time =     475.48 ms
llama_perf_context_print: prompt eval time =     137.02 ms /   138 tokens (    0.99 ms per token,  1007.16 tokens per second)
llama_perf_context_print:        eval time =     531.41 ms /    42 runs   (   12.65 ms per token,    79.03 tokens per second)
llama_perf_context_print:       total time =    1455.47 ms /   180 tokens
llama_perf_context_print:    graphs reused =         41
Llama.generate: 65 prefix-match found but partial kv removal not supported, re-evaluating full prompt
ggml_backend_cuda_graph_compute: CUDA graph warmup reset
ggml_backend_cuda_graph_compute: CUDA graph warmup reset
CUDA Graph id 1035 reused
ggml_backend_cuda_graph_compute: CUDA graph warmup complete
CUDA Graph id 1036 reused
ggml_backend_cuda_graph_compute: CUDA graph warmup complete
CUDA Graph id 1035 reused
CUDA Graph id 1036 reused
CUDA Graph id 1035 reused
CUDA Graph id 1036 reused
CUDA Graph id 1035 reused
CUDA Graph id 1036 reused
CUDA Graph id 1035 reused
CUDA Graph id 1036 reused
CUDA Graph id 1035 reused
CUDA Graph id 1036 reused
CUDA Graph id 1035 reused
CUDA Graph id 1036 reused
CUDA Graph id 1035 reused
CUDA Graph id 1036 reused
CUDA Graph id 1035 reused
CUDA Graph id 1036 reused
CUDA Graph id 1035 reused
CUDA Graph id 1036 reused
CUDA Graph id 1035 reused
CUDA Graph id 1036 reused
CUDA Graph id 1035 reused
CUDA Graph id 1036 reused
llama_perf_context_print:        load time =     475.48 ms
llama_perf_context_print: prompt eval time =     127.20 ms /   138 tokens (    0.92 ms per token,  1084.92 tokens per second)
llama_perf_context_print:        eval time =     170.73 ms /    13 runs   (   13.13 ms per token,    76.14 tokens per second)
llama_perf_context_print:       total time =     623.23 ms /   151 tokens
llama_perf_context_print:    graphs reused =         12
Llama.generate: 65 prefix-match found but partial kv removal not supported, re-evaluating full prompt
ggml_backend_cuda_graph_compute: CUDA graph warmup reset
ggml_backend_cuda_graph_compute: CUDA graph warmup reset
CUDA Graph id 1043 reused
ggml_backend_cuda_graph_compute: CUDA graph warmup complete
CUDA Graph id 1044 reused
ggml_backend_cuda_graph_compute: CUDA graph warmup complete
CUDA Graph id 1043 reused
CUDA Graph id 1044 reused
CUDA Graph id 1043 reused
CUDA Graph id 1044 reused
CUDA Graph id 1043 reused
CUDA Graph id 1044 reused
CUDA Graph id 1043 reused
CUDA Graph id 1044 reused
CUDA Graph id 1043 reused
CUDA Graph id 1044 reused
CUDA Graph id 1043 reused
CUDA Graph id 1044 reused
CUDA Graph id 1043 reused
CUDA Graph id 1044 reused
CUDA Graph id 1043 reused
CUDA Graph id 1044 reused
CUDA Graph id 1043 reused
CUDA Graph id 1044 reused
CUDA Graph id 1043 reused
CUDA Graph id 1044 reused
CUDA Graph id 1043 reused
CUDA Graph id 1044 reused
llama_perf_context_print:        load time =     475.48 ms
llama_perf_context_print: prompt eval time =     147.77 ms /   136 tokens (    1.09 ms per token,   920.36 tokens per second)
llama_perf_context_print:        eval time =     187.43 ms /    13 runs   (   14.42 ms per token,    69.36 tokens per second)
llama_perf_context_print:       total time =     659.99 ms /   149 tokens
llama_perf_context_print:    graphs reused =         12
Llama.generate: 67 prefix-match found but partial kv removal not supported, re-evaluating full prompt
ggml_backend_cuda_graph_compute: CUDA graph warmup reset
ggml_backend_cuda_graph_compute: CUDA graph warmup reset
CUDA Graph id 1051 reused
ggml_backend_cuda_graph_compute: CUDA graph warmup complete
CUDA Graph id 1052 reused
ggml_backend_cuda_graph_compute: CUDA graph warmup complete
CUDA Graph id 1051 reused
CUDA Graph id 1052 reused
CUDA Graph id 1051 reused
CUDA Graph id 1052 reused
CUDA Graph id 1051 reused
CUDA Graph id 1052 reused
CUDA Graph id 1051 reused
CUDA Graph id 1052 reused
CUDA Graph id 1051 reused
CUDA Graph id 1052 reused
CUDA Graph id 1051 reused
CUDA Graph id 1052 reused
CUDA Graph id 1051 reused
CUDA Graph id 1052 reused
CUDA Graph id 1051 reused
CUDA Graph id 1052 reused
CUDA Graph id 1051 reused
CUDA Graph id 1052 reused
CUDA Graph id 1051 reused
CUDA Graph id 1052 reused
CUDA Graph id 1051 reused
CUDA Graph id 1052 reused
llama_perf_context_print:        load time =     475.48 ms
llama_perf_context_print: prompt eval time =     165.19 ms /   137 tokens (    1.21 ms per token,   829.34 tokens per second)
llama_perf_context_print:        eval time =     182.59 ms /    13 runs   (   14.05 ms per token,    71.20 tokens per second)
llama_perf_context_print:       total time =     671.48 ms /   150 tokens
llama_perf_context_print:    graphs reused =         12
Llama.generate: 66 prefix-match found but partial kv removal not supported, re-evaluating full prompt
ggml_backend_cuda_graph_compute: CUDA graph warmup reset
ggml_backend_cuda_graph_compute: CUDA graph warmup reset
CUDA Graph id 1059 reused
ggml_backend_cuda_graph_compute: CUDA graph warmup complete
CUDA Graph id 1060 reused
ggml_backend_cuda_graph_compute: CUDA graph warmup complete
CUDA Graph id 1059 reused
CUDA Graph id 1060 reused
CUDA Graph id 1059 reused
CUDA Graph id 1060 reused
CUDA Graph id 1059 reused
CUDA Graph id 1060 reused
CUDA Graph id 1059 reused
CUDA Graph id 1060 reused
CUDA Graph id 1059 reused
CUDA Graph id 1060 reused
CUDA Graph id 1059 reused
CUDA Graph id 1060 reused
CUDA Graph id 1059 reused
CUDA Graph id 1060 reused
CUDA Graph id 1059 reused
CUDA Graph id 1060 reused
CUDA Graph id 1059 reused
CUDA Graph id 1060 reused
CUDA Graph id 1059 reused
CUDA Graph id 1060 reused
CUDA Graph id 1059 reused
CUDA Graph id 1060 reused
llama_perf_context_print:        load time =     475.48 ms
llama_perf_context_print: prompt eval time =     145.04 ms /   137 tokens (    1.06 ms per token,   944.55 tokens per second)
llama_perf_context_print:        eval time =     179.18 ms /    13 runs   (   13.78 ms per token,    72.55 tokens per second)
llama_perf_context_print:       total time =     649.16 ms /   150 tokens
llama_perf_context_print:    graphs reused =         12
Llama.generate: 67 prefix-match found but partial kv removal not supported, re-evaluating full prompt
ggml_backend_cuda_graph_compute: CUDA graph warmup reset
ggml_backend_cuda_graph_compute: CUDA graph warmup reset
CUDA Graph id 1067 reused
ggml_backend_cuda_graph_compute: CUDA graph warmup complete
CUDA Graph id 1068 reused
ggml_backend_cuda_graph_compute: CUDA graph warmup complete
CUDA Graph id 1067 reused
CUDA Graph id 1068 reused
CUDA Graph id 1067 reused
CUDA Graph id 1068 reused
CUDA Graph id 1067 reused
CUDA Graph id 1068 reused
CUDA Graph id 1067 reused
CUDA Graph id 1068 reused
CUDA Graph id 1067 reused
CUDA Graph id 1068 reused
CUDA Graph id 1067 reused
CUDA Graph id 1068 reused
CUDA Graph id 1067 reused
CUDA Graph id 1068 reused
CUDA Graph id 1067 reused
CUDA Graph id 1068 reused
CUDA Graph id 1067 reused
CUDA Graph id 1068 reused
CUDA Graph id 1067 reused
CUDA Graph id 1068 reused
CUDA Graph id 1067 reused
CUDA Graph id 1068 reused
llama_perf_context_print:        load time =     475.48 ms
llama_perf_context_print: prompt eval time =     142.86 ms /   138 tokens (    1.04 ms per token,   966.00 tokens per second)
llama_perf_context_print:        eval time =     172.37 ms /    13 runs   (   13.26 ms per token,    75.42 tokens per second)
llama_perf_context_print:       total time =     644.26 ms /   151 tokens
llama_perf_context_print:    graphs reused =         12
Llama.generate: 66 prefix-match found but partial kv removal not supported, re-evaluating full prompt
ggml_backend_cuda_graph_compute: CUDA graph warmup reset
ggml_backend_cuda_graph_compute: CUDA graph warmup reset
CUDA Graph id 1075 reused
ggml_backend_cuda_graph_compute: CUDA graph warmup complete
CUDA Graph id 1076 reused
ggml_backend_cuda_graph_compute: CUDA graph warmup complete
CUDA Graph id 1075 reused
CUDA Graph id 1076 reused
CUDA Graph id 1075 reused
CUDA Graph id 1076 reused
CUDA Graph id 1075 reused
CUDA Graph id 1076 reused
CUDA Graph id 1075 reused
CUDA Graph id 1076 reused
CUDA Graph id 1075 reused
CUDA Graph id 1076 reused
CUDA Graph id 1075 reused
CUDA Graph id 1076 reused
CUDA Graph id 1075 reused
CUDA Graph id 1076 reused
CUDA Graph id 1075 reused
CUDA Graph id 1076 reused
CUDA Graph id 1075 reused
CUDA Graph id 1076 reused
CUDA Graph id 1075 reused
CUDA Graph id 1076 reused
CUDA Graph id 1075 reused
CUDA Graph id 1076 reused
llama_perf_context_print:        load time =     475.48 ms
llama_perf_context_print: prompt eval time =     131.31 ms /   137 tokens (    0.96 ms per token,  1043.36 tokens per second)
llama_perf_context_print:        eval time =     171.39 ms /    13 runs   (   13.18 ms per token,    75.85 tokens per second)
llama_perf_context_print:       total time =     632.81 ms /   150 tokens
llama_perf_context_print:    graphs reused =         12
Llama.generate: 66 prefix-match found but partial kv removal not supported, re-evaluating full prompt
ggml_backend_cuda_graph_compute: CUDA graph warmup reset
ggml_backend_cuda_graph_compute: CUDA graph warmup reset
CUDA Graph id 1083 reused
ggml_backend_cuda_graph_compute: CUDA graph warmup complete
CUDA Graph id 1084 reused
ggml_backend_cuda_graph_compute: CUDA graph warmup complete
CUDA Graph id 1083 reused
CUDA Graph id 1084 reused
CUDA Graph id 1083 reused
CUDA Graph id 1084 reused
CUDA Graph id 1083 reused
CUDA Graph id 1084 reused
CUDA Graph id 1083 reused
CUDA Graph id 1084 reused
CUDA Graph id 1083 reused
CUDA Graph id 1084 reused
CUDA Graph id 1083 reused
CUDA Graph id 1084 reused
CUDA Graph id 1083 reused
CUDA Graph id 1084 reused
CUDA Graph id 1083 reused
CUDA Graph id 1084 reused
CUDA Graph id 1083 reused
CUDA Graph id 1084 reused
CUDA Graph id 1083 reused
CUDA Graph id 1084 reused
CUDA Graph id 1083 reused
CUDA Graph id 1084 reused
llama_perf_context_print:        load time =     475.48 ms
llama_perf_context_print: prompt eval time =     132.04 ms /   138 tokens (    0.96 ms per token,  1045.11 tokens per second)
llama_perf_context_print:        eval time =     172.12 ms /    13 runs   (   13.24 ms per token,    75.53 tokens per second)
llama_perf_context_print:       total time =     633.89 ms /   151 tokens
llama_perf_context_print:    graphs reused =         12
Llama.generate: 66 prefix-match found but partial kv removal not supported, re-evaluating full prompt
ggml_backend_cuda_graph_compute: CUDA graph warmup reset
ggml_backend_cuda_graph_compute: CUDA graph warmup reset
CUDA Graph id 1091 reused
ggml_backend_cuda_graph_compute: CUDA graph warmup complete
CUDA Graph id 1092 reused
ggml_backend_cuda_graph_compute: CUDA graph warmup complete
CUDA Graph id 1091 reused
CUDA Graph id 1092 reused
CUDA Graph id 1091 reused
CUDA Graph id 1092 reused
CUDA Graph id 1091 reused
CUDA Graph id 1092 reused
CUDA Graph id 1091 reused
CUDA Graph id 1092 reused
CUDA Graph id 1091 reused
CUDA Graph id 1092 reused
CUDA Graph id 1091 reused
CUDA Graph id 1092 reused
CUDA Graph id 1091 reused
CUDA Graph id 1092 reused
CUDA Graph id 1091 reused
CUDA Graph id 1092 reused
CUDA Graph id 1091 reused
CUDA Graph id 1092 reused
CUDA Graph id 1091 reused
CUDA Graph id 1092 reused
CUDA Graph id 1091 reused
CUDA Graph id 1092 reused
llama_perf_context_print:        load time =     475.48 ms
llama_perf_context_print: prompt eval time =     152.43 ms /   138 tokens (    1.10 ms per token,   905.34 tokens per second)
llama_perf_context_print:        eval time =     177.53 ms /    13 runs   (   13.66 ms per token,    73.23 tokens per second)
llama_perf_context_print:       total time =     655.67 ms /   151 tokens
llama_perf_context_print:    graphs reused =         12
Llama.generate: 65 prefix-match found but partial kv removal not supported, re-evaluating full prompt
ggml_backend_cuda_graph_compute: CUDA graph warmup reset
ggml_backend_cuda_graph_compute: CUDA graph warmup reset
CUDA Graph id 1099 reused
ggml_backend_cuda_graph_compute: CUDA graph warmup complete
CUDA Graph id 1100 reused
ggml_backend_cuda_graph_compute: CUDA graph warmup complete
CUDA Graph id 1099 reused
CUDA Graph id 1100 reused
CUDA Graph id 1099 reused
CUDA Graph id 1100 reused
CUDA Graph id 1099 reused
CUDA Graph id 1100 reused
CUDA Graph id 1099 reused
CUDA Graph id 1100 reused
CUDA Graph id 1099 reused
CUDA Graph id 1100 reused
CUDA Graph id 1099 reused
CUDA Graph id 1100 reused
CUDA Graph id 1099 reused
CUDA Graph id 1100 reused
CUDA Graph id 1099 reused
CUDA Graph id 1100 reused
CUDA Graph id 1099 reused
CUDA Graph id 1100 reused
CUDA Graph id 1099 reused
CUDA Graph id 1100 reused
CUDA Graph id 1099 reused
CUDA Graph id 1100 reused
llama_perf_context_print:        load time =     475.48 ms
llama_perf_context_print: prompt eval time =     137.09 ms /   138 tokens (    0.99 ms per token,  1006.62 tokens per second)
llama_perf_context_print:        eval time =     175.24 ms /    13 runs   (   13.48 ms per token,    74.19 tokens per second)
llama_perf_context_print:       total time =     648.31 ms /   151 tokens
llama_perf_context_print:    graphs reused =         12
Llama.generate: 66 prefix-match found but partial kv removal not supported, re-evaluating full prompt
ggml_backend_cuda_graph_compute: CUDA graph warmup reset
ggml_backend_cuda_graph_compute: CUDA graph warmup reset
CUDA Graph id 1107 reused
ggml_backend_cuda_graph_compute: CUDA graph warmup complete
CUDA Graph id 1108 reused
ggml_backend_cuda_graph_compute: CUDA graph warmup complete
CUDA Graph id 1107 reused
CUDA Graph id 1108 reused
CUDA Graph id 1107 reused
CUDA Graph id 1108 reused
CUDA Graph id 1107 reused
CUDA Graph id 1108 reused
CUDA Graph id 1107 reused
CUDA Graph id 1108 reused
CUDA Graph id 1107 reused
CUDA Graph id 1108 reused
CUDA Graph id 1107 reused
CUDA Graph id 1108 reused
CUDA Graph id 1107 reused
CUDA Graph id 1108 reused
CUDA Graph id 1107 reused
CUDA Graph id 1108 reused
CUDA Graph id 1107 reused
CUDA Graph id 1108 reused
CUDA Graph id 1107 reused
CUDA Graph id 1108 reused
CUDA Graph id 1107 reused
CUDA Graph id 1108 reused
llama_perf_context_print:        load time =     475.48 ms
llama_perf_context_print: prompt eval time =     137.02 ms /   138 tokens (    0.99 ms per token,  1007.17 tokens per second)
llama_perf_context_print:        eval time =     176.31 ms /    13 runs   (   13.56 ms per token,    73.73 tokens per second)
llama_perf_context_print:       total time =     643.66 ms /   151 tokens
llama_perf_context_print:    graphs reused =         12
Llama.generate: 65 prefix-match found but partial kv removal not supported, re-evaluating full prompt
ggml_backend_cuda_graph_compute: CUDA graph warmup reset
ggml_backend_cuda_graph_compute: CUDA graph warmup reset
CUDA Graph id 1115 reused
ggml_backend_cuda_graph_compute: CUDA graph warmup complete
CUDA Graph id 1116 reused
ggml_backend_cuda_graph_compute: CUDA graph warmup complete
CUDA Graph id 1115 reused
CUDA Graph id 1116 reused
CUDA Graph id 1115 reused
CUDA Graph id 1116 reused
CUDA Graph id 1115 reused
CUDA Graph id 1116 reused
CUDA Graph id 1115 reused
CUDA Graph id 1116 reused
CUDA Graph id 1115 reused
CUDA Graph id 1116 reused
CUDA Graph id 1115 reused
CUDA Graph id 1116 reused
CUDA Graph id 1115 reused
CUDA Graph id 1116 reused
CUDA Graph id 1115 reused
CUDA Graph id 1116 reused
CUDA Graph id 1115 reused
CUDA Graph id 1116 reused
CUDA Graph id 1115 reused
CUDA Graph id 1116 reused
CUDA Graph id 1115 reused
CUDA Graph id 1116 reused
llama_perf_context_print:        load time =     475.48 ms
llama_perf_context_print: prompt eval time =     162.86 ms /   137 tokens (    1.19 ms per token,   841.23 tokens per second)
llama_perf_context_print:        eval time =     178.46 ms /    13 runs   (   13.73 ms per token,    72.85 tokens per second)
llama_perf_context_print:       total time =     672.15 ms /   150 tokens
llama_perf_context_print:    graphs reused =         12
Llama.generate: 65 prefix-match found but partial kv removal not supported, re-evaluating full prompt
ggml_backend_cuda_graph_compute: CUDA graph warmup reset
ggml_backend_cuda_graph_compute: CUDA graph warmup reset
CUDA Graph id 1123 reused
ggml_backend_cuda_graph_compute: CUDA graph warmup complete
CUDA Graph id 1124 reused
ggml_backend_cuda_graph_compute: CUDA graph warmup complete
CUDA Graph id 1123 reused
CUDA Graph id 1124 reused
CUDA Graph id 1123 reused
CUDA Graph id 1124 reused
CUDA Graph id 1123 reused
CUDA Graph id 1124 reused
CUDA Graph id 1123 reused
CUDA Graph id 1124 reused
CUDA Graph id 1123 reused
CUDA Graph id 1124 reused
CUDA Graph id 1123 reused
CUDA Graph id 1124 reused
CUDA Graph id 1123 reused
CUDA Graph id 1124 reused
CUDA Graph id 1123 reused
CUDA Graph id 1124 reused
CUDA Graph id 1123 reused
CUDA Graph id 1124 reused
CUDA Graph id 1123 reused
CUDA Graph id 1124 reused
CUDA Graph id 1123 reused
CUDA Graph id 1124 reused
llama_perf_context_print:        load time =     475.48 ms
llama_perf_context_print: prompt eval time =     137.93 ms /   138 tokens (    1.00 ms per token,  1000.51 tokens per second)
llama_perf_context_print:        eval time =     176.74 ms /    13 runs   (   13.60 ms per token,    73.56 tokens per second)
llama_perf_context_print:       total time =     653.54 ms /   151 tokens
llama_perf_context_print:    graphs reused =         12
Llama.generate: 65 prefix-match found but partial kv removal not supported, re-evaluating full prompt
ggml_backend_cuda_graph_compute: CUDA graph warmup reset
ggml_backend_cuda_graph_compute: CUDA graph warmup reset
CUDA Graph id 1131 reused
ggml_backend_cuda_graph_compute: CUDA graph warmup complete
CUDA Graph id 1132 reused
ggml_backend_cuda_graph_compute: CUDA graph warmup complete
CUDA Graph id 1131 reused
CUDA Graph id 1132 reused
CUDA Graph id 1131 reused
CUDA Graph id 1132 reused
CUDA Graph id 1131 reused
CUDA Graph id 1132 reused
CUDA Graph id 1131 reused
CUDA Graph id 1132 reused
CUDA Graph id 1131 reused
CUDA Graph id 1132 reused
CUDA Graph id 1131 reused
CUDA Graph id 1132 reused
CUDA Graph id 1131 reused
CUDA Graph id 1132 reused
CUDA Graph id 1131 reused
CUDA Graph id 1132 reused
CUDA Graph id 1131 reused
CUDA Graph id 1132 reused
CUDA Graph id 1131 reused
CUDA Graph id 1132 reused
CUDA Graph id 1131 reused
CUDA Graph id 1132 reused
llama_perf_context_print:        load time =     475.48 ms
llama_perf_context_print: prompt eval time =     138.21 ms /   139 tokens (    0.99 ms per token,  1005.71 tokens per second)
llama_perf_context_print:        eval time =     174.23 ms /    13 runs   (   13.40 ms per token,    74.61 tokens per second)
llama_perf_context_print:       total time =     642.63 ms /   152 tokens
llama_perf_context_print:    graphs reused =         12
Llama.generate: 65 prefix-match found but partial kv removal not supported, re-evaluating full prompt
ggml_backend_cuda_graph_compute: CUDA graph warmup reset
ggml_backend_cuda_graph_compute: CUDA graph warmup reset
CUDA Graph id 1139 reused
ggml_backend_cuda_graph_compute: CUDA graph warmup complete
CUDA Graph id 1140 reused
ggml_backend_cuda_graph_compute: CUDA graph warmup complete
CUDA Graph id 1139 reused
CUDA Graph id 1140 reused
CUDA Graph id 1139 reused
CUDA Graph id 1140 reused
CUDA Graph id 1139 reused
CUDA Graph id 1140 reused
CUDA Graph id 1139 reused
CUDA Graph id 1140 reused
CUDA Graph id 1139 reused
CUDA Graph id 1140 reused
CUDA Graph id 1139 reused
CUDA Graph id 1140 reused
CUDA Graph id 1139 reused
CUDA Graph id 1140 reused
CUDA Graph id 1139 reused
CUDA Graph id 1140 reused
CUDA Graph id 1139 reused
CUDA Graph id 1140 reused
CUDA Graph id 1139 reused
CUDA Graph id 1140 reused
CUDA Graph id 1139 reused
CUDA Graph id 1140 reused
llama_perf_context_print:        load time =     475.48 ms
llama_perf_context_print: prompt eval time =     134.47 ms /   138 tokens (    0.97 ms per token,  1026.22 tokens per second)
llama_perf_context_print:        eval time =     172.95 ms /    13 runs   (   13.30 ms per token,    75.17 tokens per second)
llama_perf_context_print:       total time =     642.93 ms /   151 tokens
llama_perf_context_print:    graphs reused =         12
Llama.generate: 65 prefix-match found but partial kv removal not supported, re-evaluating full prompt
ggml_backend_cuda_graph_compute: CUDA graph warmup reset
ggml_backend_cuda_graph_compute: CUDA graph warmup reset
CUDA Graph id 1147 reused
ggml_backend_cuda_graph_compute: CUDA graph warmup complete
CUDA Graph id 1148 reused
ggml_backend_cuda_graph_compute: CUDA graph warmup complete
CUDA Graph id 1147 reused
CUDA Graph id 1148 reused
CUDA Graph id 1147 reused
CUDA Graph id 1148 reused
CUDA Graph id 1147 reused
CUDA Graph id 1148 reused
CUDA Graph id 1147 reused
CUDA Graph id 1148 reused
CUDA Graph id 1147 reused
CUDA Graph id 1148 reused
CUDA Graph id 1147 reused
CUDA Graph id 1148 reused
CUDA Graph id 1147 reused
CUDA Graph id 1148 reused
CUDA Graph id 1147 reused
CUDA Graph id 1148 reused
CUDA Graph id 1147 reused
CUDA Graph id 1148 reused
CUDA Graph id 1147 reused
CUDA Graph id 1148 reused
CUDA Graph id 1147 reused
CUDA Graph id 1148 reused
llama_perf_context_print:        load time =     475.48 ms
llama_perf_context_print: prompt eval time =     132.20 ms /   135 tokens (    0.98 ms per token,  1021.20 tokens per second)
llama_perf_context_print:        eval time =     173.71 ms /    13 runs   (   13.36 ms per token,    74.84 tokens per second)
llama_perf_context_print:       total time =     629.78 ms /   148 tokens
llama_perf_context_print:    graphs reused =         12
Llama.generate: 65 prefix-match found but partial kv removal not supported, re-evaluating full prompt
ggml_backend_cuda_graph_compute: CUDA graph warmup reset
ggml_backend_cuda_graph_compute: CUDA graph warmup reset
CUDA Graph id 1155 reused
ggml_backend_cuda_graph_compute: CUDA graph warmup complete
CUDA Graph id 1156 reused
ggml_backend_cuda_graph_compute: CUDA graph warmup complete
CUDA Graph id 1155 reused
CUDA Graph id 1156 reused
CUDA Graph id 1155 reused
CUDA Graph id 1156 reused
CUDA Graph id 1155 reused
CUDA Graph id 1156 reused
CUDA Graph id 1155 reused
CUDA Graph id 1156 reused
CUDA Graph id 1155 reused
CUDA Graph id 1156 reused
CUDA Graph id 1155 reused
CUDA Graph id 1156 reused
CUDA Graph id 1155 reused
CUDA Graph id 1156 reused
CUDA Graph id 1155 reused
CUDA Graph id 1156 reused
CUDA Graph id 1155 reused
CUDA Graph id 1156 reused
CUDA Graph id 1155 reused
CUDA Graph id 1156 reused
CUDA Graph id 1155 reused
CUDA Graph id 1156 reused
llama_perf_context_print:        load time =     475.48 ms
llama_perf_context_print: prompt eval time =     142.81 ms /   137 tokens (    1.04 ms per token,   959.35 tokens per second)
llama_perf_context_print:        eval time =     171.83 ms /    13 runs   (   13.22 ms per token,    75.66 tokens per second)
llama_perf_context_print:       total time =     646.70 ms /   150 tokens
llama_perf_context_print:    graphs reused =         12
Llama.generate: 66 prefix-match found but partial kv removal not supported, re-evaluating full prompt
ggml_backend_cuda_graph_compute: CUDA graph warmup reset
ggml_backend_cuda_graph_compute: CUDA graph warmup reset
CUDA Graph id 1163 reused
ggml_backend_cuda_graph_compute: CUDA graph warmup complete
CUDA Graph id 1164 reused
ggml_backend_cuda_graph_compute: CUDA graph warmup complete
CUDA Graph id 1163 reused
CUDA Graph id 1164 reused
CUDA Graph id 1163 reused
CUDA Graph id 1164 reused
CUDA Graph id 1163 reused
CUDA Graph id 1164 reused
CUDA Graph id 1163 reused
CUDA Graph id 1164 reused
CUDA Graph id 1163 reused
CUDA Graph id 1164 reused
CUDA Graph id 1163 reused
CUDA Graph id 1164 reused
CUDA Graph id 1163 reused
CUDA Graph id 1164 reused
CUDA Graph id 1163 reused
CUDA Graph id 1164 reused
CUDA Graph id 1163 reused
CUDA Graph id 1164 reused
CUDA Graph id 1163 reused
CUDA Graph id 1164 reused
CUDA Graph id 1163 reused
CUDA Graph id 1164 reused
llama_perf_context_print:        load time =     475.48 ms
llama_perf_context_print: prompt eval time =     132.23 ms /   138 tokens (    0.96 ms per token,  1043.64 tokens per second)
llama_perf_context_print:        eval time =     171.35 ms /    13 runs   (   13.18 ms per token,    75.87 tokens per second)
llama_perf_context_print:       total time =     646.38 ms /   151 tokens
llama_perf_context_print:    graphs reused =         12
Llama.generate: 66 prefix-match found but partial kv removal not supported, re-evaluating full prompt
ggml_backend_cuda_graph_compute: CUDA graph warmup reset
ggml_backend_cuda_graph_compute: CUDA graph warmup reset
CUDA Graph id 1171 reused
ggml_backend_cuda_graph_compute: CUDA graph warmup complete
CUDA Graph id 1172 reused
ggml_backend_cuda_graph_compute: CUDA graph warmup complete
CUDA Graph id 1171 reused
CUDA Graph id 1172 reused
CUDA Graph id 1171 reused
CUDA Graph id 1172 reused
CUDA Graph id 1171 reused
CUDA Graph id 1172 reused
CUDA Graph id 1171 reused
CUDA Graph id 1172 reused
CUDA Graph id 1171 reused
CUDA Graph id 1172 reused
CUDA Graph id 1171 reused
CUDA Graph id 1172 reused
CUDA Graph id 1171 reused
CUDA Graph id 1172 reused
CUDA Graph id 1171 reused
CUDA Graph id 1172 reused
CUDA Graph id 1171 reused
CUDA Graph id 1172 reused
CUDA Graph id 1171 reused
CUDA Graph id 1172 reused
CUDA Graph id 1171 reused
CUDA Graph id 1172 reused
llama_perf_context_print:        load time =     475.48 ms
llama_perf_context_print: prompt eval time =     131.88 ms /   138 tokens (    0.96 ms per token,  1046.37 tokens per second)
llama_perf_context_print:        eval time =     172.21 ms /    13 runs   (   13.25 ms per token,    75.49 tokens per second)
llama_perf_context_print:       total time =     637.19 ms /   151 tokens
llama_perf_context_print:    graphs reused =         12
Llama.generate: 66 prefix-match found but partial kv removal not supported, re-evaluating full prompt
ggml_backend_cuda_graph_compute: CUDA graph warmup reset
ggml_backend_cuda_graph_compute: CUDA graph warmup reset
CUDA Graph id 1179 reused
ggml_backend_cuda_graph_compute: CUDA graph warmup complete
CUDA Graph id 1180 reused
ggml_backend_cuda_graph_compute: CUDA graph warmup complete
CUDA Graph id 1179 reused
CUDA Graph id 1180 reused
CUDA Graph id 1179 reused
CUDA Graph id 1180 reused
CUDA Graph id 1179 reused
CUDA Graph id 1180 reused
CUDA Graph id 1179 reused
CUDA Graph id 1180 reused
CUDA Graph id 1179 reused
CUDA Graph id 1180 reused
CUDA Graph id 1179 reused
CUDA Graph id 1180 reused
CUDA Graph id 1179 reused
CUDA Graph id 1180 reused
CUDA Graph id 1179 reused
CUDA Graph id 1180 reused
CUDA Graph id 1179 reused
CUDA Graph id 1180 reused
CUDA Graph id 1179 reused
CUDA Graph id 1180 reused
CUDA Graph id 1179 reused
CUDA Graph id 1180 reused
llama_perf_context_print:        load time =     475.48 ms
llama_perf_context_print: prompt eval time =     156.43 ms /   137 tokens (    1.14 ms per token,   875.80 tokens per second)
llama_perf_context_print:        eval time =     176.96 ms /    13 runs   (   13.61 ms per token,    73.46 tokens per second)
llama_perf_context_print:       total time =     674.21 ms /   150 tokens
llama_perf_context_print:    graphs reused =         12
Llama.generate: 66 prefix-match found but partial kv removal not supported, re-evaluating full prompt
ggml_backend_cuda_graph_compute: CUDA graph warmup reset
ggml_backend_cuda_graph_compute: CUDA graph warmup reset
CUDA Graph id 1187 reused
ggml_backend_cuda_graph_compute: CUDA graph warmup complete
CUDA Graph id 1188 reused
ggml_backend_cuda_graph_compute: CUDA graph warmup complete
CUDA Graph id 1187 reused
CUDA Graph id 1188 reused
CUDA Graph id 1187 reused
CUDA Graph id 1188 reused
CUDA Graph id 1187 reused
CUDA Graph id 1188 reused
CUDA Graph id 1187 reused
CUDA Graph id 1188 reused
CUDA Graph id 1187 reused
CUDA Graph id 1188 reused
CUDA Graph id 1187 reused
CUDA Graph id 1188 reused
CUDA Graph id 1187 reused
CUDA Graph id 1188 reused
CUDA Graph id 1187 reused
CUDA Graph id 1188 reused
CUDA Graph id 1187 reused
CUDA Graph id 1188 reused
CUDA Graph id 1187 reused
CUDA Graph id 1188 reused
CUDA Graph id 1187 reused
CUDA Graph id 1188 reused
llama_perf_context_print:        load time =     475.48 ms
llama_perf_context_print: prompt eval time =     135.32 ms /   136 tokens (    1.00 ms per token,  1005.00 tokens per second)
llama_perf_context_print:        eval time =     174.72 ms /    13 runs   (   13.44 ms per token,    74.40 tokens per second)
llama_perf_context_print:       total time =     651.88 ms /   149 tokens
llama_perf_context_print:    graphs reused =         12
Llama.generate: 65 prefix-match found but partial kv removal not supported, re-evaluating full prompt
ggml_backend_cuda_graph_compute: CUDA graph warmup reset
ggml_backend_cuda_graph_compute: CUDA graph warmup reset
CUDA Graph id 1195 reused
ggml_backend_cuda_graph_compute: CUDA graph warmup complete
CUDA Graph id 1196 reused
ggml_backend_cuda_graph_compute: CUDA graph warmup complete
CUDA Graph id 1195 reused
CUDA Graph id 1196 reused
CUDA Graph id 1195 reused
CUDA Graph id 1196 reused
CUDA Graph id 1195 reused
CUDA Graph id 1196 reused
CUDA Graph id 1195 reused
CUDA Graph id 1196 reused
CUDA Graph id 1195 reused
CUDA Graph id 1196 reused
CUDA Graph id 1195 reused
CUDA Graph id 1196 reused
CUDA Graph id 1195 reused
CUDA Graph id 1196 reused
CUDA Graph id 1195 reused
CUDA Graph id 1196 reused
CUDA Graph id 1195 reused
CUDA Graph id 1196 reused
CUDA Graph id 1195 reused
CUDA Graph id 1196 reused
CUDA Graph id 1195 reused
CUDA Graph id 1196 reused
llama_perf_context_print:        load time =     475.48 ms
llama_perf_context_print: prompt eval time =     136.41 ms /   138 tokens (    0.99 ms per token,  1011.65 tokens per second)
llama_perf_context_print:        eval time =     174.26 ms /    13 runs   (   13.40 ms per token,    74.60 tokens per second)
llama_perf_context_print:       total time =     654.46 ms /   151 tokens
llama_perf_context_print:    graphs reused =         12
Llama.generate: 65 prefix-match found but partial kv removal not supported, re-evaluating full prompt
ggml_backend_cuda_graph_compute: CUDA graph warmup reset
ggml_backend_cuda_graph_compute: CUDA graph warmup reset
CUDA Graph id 1203 reused
ggml_backend_cuda_graph_compute: CUDA graph warmup complete
CUDA Graph id 1204 reused
ggml_backend_cuda_graph_compute: CUDA graph warmup complete
CUDA Graph id 1203 reused
CUDA Graph id 1204 reused
CUDA Graph id 1203 reused
CUDA Graph id 1204 reused
CUDA Graph id 1203 reused
CUDA Graph id 1204 reused
CUDA Graph id 1203 reused
CUDA Graph id 1204 reused
CUDA Graph id 1203 reused
CUDA Graph id 1204 reused
CUDA Graph id 1203 reused
CUDA Graph id 1204 reused
CUDA Graph id 1203 reused
CUDA Graph id 1204 reused
CUDA Graph id 1203 reused
CUDA Graph id 1204 reused
CUDA Graph id 1203 reused
CUDA Graph id 1204 reused
CUDA Graph id 1203 reused
CUDA Graph id 1204 reused
CUDA Graph id 1203 reused
CUDA Graph id 1204 reused
llama_perf_context_print:        load time =     475.48 ms
llama_perf_context_print: prompt eval time =     143.11 ms /   136 tokens (    1.05 ms per token,   950.33 tokens per second)
llama_perf_context_print:        eval time =     178.72 ms /    13 runs   (   13.75 ms per token,    72.74 tokens per second)
llama_perf_context_print:       total time =     663.90 ms /   149 tokens
llama_perf_context_print:    graphs reused =         12
Llama.generate: 67 prefix-match found but partial kv removal not supported, re-evaluating full prompt
ggml_backend_cuda_graph_compute: CUDA graph warmup reset
ggml_backend_cuda_graph_compute: CUDA graph warmup reset
CUDA Graph id 1211 reused
ggml_backend_cuda_graph_compute: CUDA graph warmup complete
CUDA Graph id 1212 reused
ggml_backend_cuda_graph_compute: CUDA graph warmup complete
CUDA Graph id 1211 reused
CUDA Graph id 1212 reused
CUDA Graph id 1211 reused
CUDA Graph id 1212 reused
CUDA Graph id 1211 reused
CUDA Graph id 1212 reused
CUDA Graph id 1211 reused
CUDA Graph id 1212 reused
CUDA Graph id 1211 reused
CUDA Graph id 1212 reused
CUDA Graph id 1211 reused
CUDA Graph id 1212 reused
CUDA Graph id 1211 reused
CUDA Graph id 1212 reused
CUDA Graph id 1211 reused
CUDA Graph id 1212 reused
CUDA Graph id 1211 reused
CUDA Graph id 1212 reused
CUDA Graph id 1211 reused
CUDA Graph id 1212 reused
CUDA Graph id 1211 reused
CUDA Graph id 1212 reused
llama_perf_context_print:        load time =     475.48 ms
llama_perf_context_print: prompt eval time =     140.06 ms /   137 tokens (    1.02 ms per token,   978.14 tokens per second)
llama_perf_context_print:        eval time =     180.13 ms /    13 runs   (   13.86 ms per token,    72.17 tokens per second)
llama_perf_context_print:       total time =     664.15 ms /   150 tokens
llama_perf_context_print:    graphs reused =         12
Llama.generate: 66 prefix-match found but partial kv removal not supported, re-evaluating full prompt
ggml_backend_cuda_graph_compute: CUDA graph warmup reset
ggml_backend_cuda_graph_compute: CUDA graph warmup reset
CUDA Graph id 1219 reused
ggml_backend_cuda_graph_compute: CUDA graph warmup complete
CUDA Graph id 1220 reused
ggml_backend_cuda_graph_compute: CUDA graph warmup complete
CUDA Graph id 1219 reused
CUDA Graph id 1220 reused
CUDA Graph id 1219 reused
CUDA Graph id 1220 reused
CUDA Graph id 1219 reused
CUDA Graph id 1220 reused
CUDA Graph id 1219 reused
CUDA Graph id 1220 reused
CUDA Graph id 1219 reused
CUDA Graph id 1220 reused
CUDA Graph id 1219 reused
CUDA Graph id 1220 reused
CUDA Graph id 1219 reused
CUDA Graph id 1220 reused
CUDA Graph id 1219 reused
CUDA Graph id 1220 reused
CUDA Graph id 1219 reused
CUDA Graph id 1220 reused
CUDA Graph id 1219 reused
CUDA Graph id 1220 reused
CUDA Graph id 1219 reused
CUDA Graph id 1220 reused
llama_perf_context_print:        load time =     475.48 ms
llama_perf_context_print: prompt eval time =     150.05 ms /   137 tokens (    1.10 ms per token,   913.00 tokens per second)
llama_perf_context_print:        eval time =     188.08 ms /    13 runs   (   14.47 ms per token,    69.12 tokens per second)
llama_perf_context_print:       total time =     670.86 ms /   150 tokens
llama_perf_context_print:    graphs reused =         12
Llama.generate: 66 prefix-match found but partial kv removal not supported, re-evaluating full prompt
ggml_backend_cuda_graph_compute: CUDA graph warmup reset
ggml_backend_cuda_graph_compute: CUDA graph warmup reset
CUDA Graph id 1227 reused
ggml_backend_cuda_graph_compute: CUDA graph warmup complete
CUDA Graph id 1228 reused
ggml_backend_cuda_graph_compute: CUDA graph warmup complete
CUDA Graph id 1227 reused
CUDA Graph id 1228 reused
CUDA Graph id 1227 reused
CUDA Graph id 1228 reused
CUDA Graph id 1227 reused
CUDA Graph id 1228 reused
CUDA Graph id 1227 reused
CUDA Graph id 1228 reused
CUDA Graph id 1227 reused
CUDA Graph id 1228 reused
CUDA Graph id 1227 reused
CUDA Graph id 1228 reused
CUDA Graph id 1227 reused
CUDA Graph id 1228 reused
CUDA Graph id 1227 reused
CUDA Graph id 1228 reused
CUDA Graph id 1227 reused
CUDA Graph id 1228 reused
CUDA Graph id 1227 reused
CUDA Graph id 1228 reused
CUDA Graph id 1227 reused
CUDA Graph id 1228 reused
llama_perf_context_print:        load time =     475.48 ms
llama_perf_context_print: prompt eval time =     168.03 ms /   137 tokens (    1.23 ms per token,   815.32 tokens per second)
llama_perf_context_print:        eval time =     192.71 ms /    13 runs   (   14.82 ms per token,    67.46 tokens per second)
llama_perf_context_print:       total time =     695.98 ms /   150 tokens
llama_perf_context_print:    graphs reused =         12
Llama.generate: 65 prefix-match found but partial kv removal not supported, re-evaluating full prompt
ggml_backend_cuda_graph_compute: CUDA graph warmup reset
ggml_backend_cuda_graph_compute: CUDA graph warmup reset
CUDA Graph id 1235 reused
ggml_backend_cuda_graph_compute: CUDA graph warmup complete
CUDA Graph id 1236 reused
ggml_backend_cuda_graph_compute: CUDA graph warmup complete
CUDA Graph id 1235 reused
CUDA Graph id 1236 reused
CUDA Graph id 1235 reused
CUDA Graph id 1236 reused
CUDA Graph id 1235 reused
CUDA Graph id 1236 reused
CUDA Graph id 1235 reused
CUDA Graph id 1236 reused
CUDA Graph id 1235 reused
CUDA Graph id 1236 reused
CUDA Graph id 1235 reused
CUDA Graph id 1236 reused
CUDA Graph id 1235 reused
CUDA Graph id 1236 reused
CUDA Graph id 1235 reused
CUDA Graph id 1236 reused
CUDA Graph id 1235 reused
CUDA Graph id 1236 reused
CUDA Graph id 1235 reused
CUDA Graph id 1236 reused
CUDA Graph id 1235 reused
CUDA Graph id 1236 reused
llama_perf_context_print:        load time =     475.48 ms
llama_perf_context_print: prompt eval time =     164.52 ms /   139 tokens (    1.18 ms per token,   844.90 tokens per second)
llama_perf_context_print:        eval time =     187.73 ms /    13 runs   (   14.44 ms per token,    69.25 tokens per second)
llama_perf_context_print:       total time =     697.47 ms /   152 tokens
llama_perf_context_print:    graphs reused =         12
Llama.generate: 65 prefix-match found but partial kv removal not supported, re-evaluating full prompt
ggml_backend_cuda_graph_compute: CUDA graph warmup reset
ggml_backend_cuda_graph_compute: CUDA graph warmup reset
CUDA Graph id 1243 reused
ggml_backend_cuda_graph_compute: CUDA graph warmup complete
CUDA Graph id 1244 reused
ggml_backend_cuda_graph_compute: CUDA graph warmup complete
CUDA Graph id 1243 reused
CUDA Graph id 1244 reused
CUDA Graph id 1243 reused
CUDA Graph id 1244 reused
CUDA Graph id 1243 reused
CUDA Graph id 1244 reused
CUDA Graph id 1243 reused
CUDA Graph id 1244 reused
CUDA Graph id 1243 reused
CUDA Graph id 1244 reused
CUDA Graph id 1243 reused
CUDA Graph id 1244 reused
CUDA Graph id 1243 reused
CUDA Graph id 1244 reused
CUDA Graph id 1243 reused
CUDA Graph id 1244 reused
CUDA Graph id 1243 reused
CUDA Graph id 1244 reused
CUDA Graph id 1243 reused
CUDA Graph id 1244 reused
CUDA Graph id 1243 reused
CUDA Graph id 1244 reused
llama_perf_context_print:        load time =     475.48 ms
llama_perf_context_print: prompt eval time =     152.01 ms /   137 tokens (    1.11 ms per token,   901.28 tokens per second)
llama_perf_context_print:        eval time =     176.00 ms /    13 runs   (   13.54 ms per token,    73.86 tokens per second)
llama_perf_context_print:       total time =     670.22 ms /   150 tokens
llama_perf_context_print:    graphs reused =         12
Llama.generate: 65 prefix-match found but partial kv removal not supported, re-evaluating full prompt
ggml_backend_cuda_graph_compute: CUDA graph warmup reset
ggml_backend_cuda_graph_compute: CUDA graph warmup reset
CUDA Graph id 1251 reused
ggml_backend_cuda_graph_compute: CUDA graph warmup complete
CUDA Graph id 1252 reused
ggml_backend_cuda_graph_compute: CUDA graph warmup complete
CUDA Graph id 1251 reused
CUDA Graph id 1252 reused
CUDA Graph id 1251 reused
CUDA Graph id 1252 reused
CUDA Graph id 1251 reused
CUDA Graph id 1252 reused
CUDA Graph id 1251 reused
CUDA Graph id 1252 reused
CUDA Graph id 1251 reused
CUDA Graph id 1252 reused
CUDA Graph id 1251 reused
CUDA Graph id 1252 reused
CUDA Graph id 1251 reused
CUDA Graph id 1252 reused
CUDA Graph id 1251 reused
CUDA Graph id 1252 reused
CUDA Graph id 1251 reused
CUDA Graph id 1252 reused
CUDA Graph id 1251 reused
CUDA Graph id 1252 reused
CUDA Graph id 1251 reused
CUDA Graph id 1252 reused
llama_perf_context_print:        load time =     475.48 ms
llama_perf_context_print: prompt eval time =     135.71 ms /   139 tokens (    0.98 ms per token,  1024.26 tokens per second)
llama_perf_context_print:        eval time =     173.69 ms /    13 runs   (   13.36 ms per token,    74.85 tokens per second)
llama_perf_context_print:       total time =     643.50 ms /   152 tokens
llama_perf_context_print:    graphs reused =         12
Llama.generate: 66 prefix-match found but partial kv removal not supported, re-evaluating full prompt
ggml_backend_cuda_graph_compute: CUDA graph warmup reset
ggml_backend_cuda_graph_compute: CUDA graph warmup reset
CUDA Graph id 1259 reused
ggml_backend_cuda_graph_compute: CUDA graph warmup complete
CUDA Graph id 1260 reused
ggml_backend_cuda_graph_compute: CUDA graph warmup complete
CUDA Graph id 1259 reused
CUDA Graph id 1260 reused
CUDA Graph id 1259 reused
CUDA Graph id 1260 reused
CUDA Graph id 1259 reused
CUDA Graph id 1260 reused
CUDA Graph id 1259 reused
CUDA Graph id 1260 reused
CUDA Graph id 1259 reused
CUDA Graph id 1260 reused
CUDA Graph id 1259 reused
CUDA Graph id 1260 reused
CUDA Graph id 1259 reused
CUDA Graph id 1260 reused
CUDA Graph id 1259 reused
CUDA Graph id 1260 reused
CUDA Graph id 1259 reused
CUDA Graph id 1260 reused
CUDA Graph id 1259 reused
CUDA Graph id 1260 reused
CUDA Graph id 1259 reused
CUDA Graph id 1260 reused
llama_perf_context_print:        load time =     475.48 ms
llama_perf_context_print: prompt eval time =     135.12 ms /   137 tokens (    0.99 ms per token,  1013.94 tokens per second)
llama_perf_context_print:        eval time =     174.94 ms /    13 runs   (   13.46 ms per token,    74.31 tokens per second)
llama_perf_context_print:       total time =     643.54 ms /   150 tokens
llama_perf_context_print:    graphs reused =         12
Llama.generate: 65 prefix-match found but partial kv removal not supported, re-evaluating full prompt
ggml_backend_cuda_graph_compute: CUDA graph warmup reset
ggml_backend_cuda_graph_compute: CUDA graph warmup reset
CUDA Graph id 1267 reused
ggml_backend_cuda_graph_compute: CUDA graph warmup complete
CUDA Graph id 1268 reused
ggml_backend_cuda_graph_compute: CUDA graph warmup complete
CUDA Graph id 1267 reused
CUDA Graph id 1268 reused
CUDA Graph id 1267 reused
CUDA Graph id 1268 reused
CUDA Graph id 1267 reused
CUDA Graph id 1268 reused
CUDA Graph id 1267 reused
CUDA Graph id 1268 reused
CUDA Graph id 1267 reused
CUDA Graph id 1268 reused
CUDA Graph id 1267 reused
CUDA Graph id 1268 reused
CUDA Graph id 1267 reused
CUDA Graph id 1268 reused
CUDA Graph id 1267 reused
CUDA Graph id 1268 reused
CUDA Graph id 1267 reused
CUDA Graph id 1268 reused
CUDA Graph id 1267 reused
CUDA Graph id 1268 reused
CUDA Graph id 1267 reused
CUDA Graph id 1268 reused
llama_perf_context_print:        load time =     475.48 ms
llama_perf_context_print: prompt eval time =     156.44 ms /   137 tokens (    1.14 ms per token,   875.74 tokens per second)
llama_perf_context_print:        eval time =     188.71 ms /    13 runs   (   14.52 ms per token,    68.89 tokens per second)
llama_perf_context_print:       total time =     682.87 ms /   150 tokens
llama_perf_context_print:    graphs reused =         12
Llama.generate: 65 prefix-match found but partial kv removal not supported, re-evaluating full prompt
ggml_backend_cuda_graph_compute: CUDA graph warmup reset
ggml_backend_cuda_graph_compute: CUDA graph warmup reset
CUDA Graph id 1275 reused
ggml_backend_cuda_graph_compute: CUDA graph warmup complete
CUDA Graph id 1276 reused
ggml_backend_cuda_graph_compute: CUDA graph warmup complete
CUDA Graph id 1275 reused
CUDA Graph id 1276 reused
CUDA Graph id 1275 reused
CUDA Graph id 1276 reused
CUDA Graph id 1275 reused
CUDA Graph id 1276 reused
CUDA Graph id 1275 reused
CUDA Graph id 1276 reused
CUDA Graph id 1275 reused
CUDA Graph id 1276 reused
CUDA Graph id 1275 reused
CUDA Graph id 1276 reused
CUDA Graph id 1275 reused
CUDA Graph id 1276 reused
CUDA Graph id 1275 reused
CUDA Graph id 1276 reused
CUDA Graph id 1275 reused
CUDA Graph id 1276 reused
CUDA Graph id 1275 reused
CUDA Graph id 1276 reused
CUDA Graph id 1275 reused
CUDA Graph id 1276 reused
llama_perf_context_print:        load time =     475.48 ms
llama_perf_context_print: prompt eval time =     160.86 ms /   137 tokens (    1.17 ms per token,   851.66 tokens per second)
llama_perf_context_print:        eval time =     183.94 ms /    13 runs   (   14.15 ms per token,    70.67 tokens per second)
llama_perf_context_print:       total time =     675.94 ms /   150 tokens
llama_perf_context_print:    graphs reused =         12
Llama.generate: 65 prefix-match found but partial kv removal not supported, re-evaluating full prompt
ggml_backend_cuda_graph_compute: CUDA graph warmup reset
ggml_backend_cuda_graph_compute: CUDA graph warmup reset
CUDA Graph id 1283 reused
ggml_backend_cuda_graph_compute: CUDA graph warmup complete
CUDA Graph id 1284 reused
ggml_backend_cuda_graph_compute: CUDA graph warmup complete
CUDA Graph id 1283 reused
CUDA Graph id 1284 reused
CUDA Graph id 1283 reused
CUDA Graph id 1284 reused
CUDA Graph id 1283 reused
CUDA Graph id 1284 reused
CUDA Graph id 1283 reused
CUDA Graph id 1284 reused
CUDA Graph id 1283 reused
CUDA Graph id 1284 reused
CUDA Graph id 1283 reused
CUDA Graph id 1284 reused
CUDA Graph id 1283 reused
CUDA Graph id 1284 reused
CUDA Graph id 1283 reused
CUDA Graph id 1284 reused
CUDA Graph id 1283 reused
CUDA Graph id 1284 reused
CUDA Graph id 1283 reused
CUDA Graph id 1284 reused
CUDA Graph id 1283 reused
CUDA Graph id 1284 reused
llama_perf_context_print:        load time =     475.48 ms
llama_perf_context_print: prompt eval time =     148.31 ms /   137 tokens (    1.08 ms per token,   923.73 tokens per second)
llama_perf_context_print:        eval time =     184.40 ms /    13 runs   (   14.18 ms per token,    70.50 tokens per second)
llama_perf_context_print:       total time =     662.75 ms /   150 tokens
llama_perf_context_print:    graphs reused =         12
Llama.generate: 66 prefix-match found but partial kv removal not supported, re-evaluating full prompt
ggml_backend_cuda_graph_compute: CUDA graph warmup reset
ggml_backend_cuda_graph_compute: CUDA graph warmup reset
CUDA Graph id 1291 reused
ggml_backend_cuda_graph_compute: CUDA graph warmup complete
CUDA Graph id 1292 reused
ggml_backend_cuda_graph_compute: CUDA graph warmup complete
CUDA Graph id 1291 reused
CUDA Graph id 1292 reused
CUDA Graph id 1291 reused
CUDA Graph id 1292 reused
CUDA Graph id 1291 reused
CUDA Graph id 1292 reused
CUDA Graph id 1291 reused
CUDA Graph id 1292 reused
CUDA Graph id 1291 reused
CUDA Graph id 1292 reused
CUDA Graph id 1291 reused
CUDA Graph id 1292 reused
CUDA Graph id 1291 reused
CUDA Graph id 1292 reused
CUDA Graph id 1291 reused
CUDA Graph id 1292 reused
CUDA Graph id 1291 reused
CUDA Graph id 1292 reused
CUDA Graph id 1291 reused
CUDA Graph id 1292 reused
CUDA Graph id 1291 reused
CUDA Graph id 1292 reused
llama_perf_context_print:        load time =     475.48 ms
llama_perf_context_print: prompt eval time =     155.91 ms /   138 tokens (    1.13 ms per token,   885.15 tokens per second)
llama_perf_context_print:        eval time =     190.84 ms /    13 runs   (   14.68 ms per token,    68.12 tokens per second)
llama_perf_context_print:       total time =     685.35 ms /   151 tokens
llama_perf_context_print:    graphs reused =         12
Llama.generate: 66 prefix-match found but partial kv removal not supported, re-evaluating full prompt
ggml_backend_cuda_graph_compute: CUDA graph warmup reset
ggml_backend_cuda_graph_compute: CUDA graph warmup reset
CUDA Graph id 1299 reused
ggml_backend_cuda_graph_compute: CUDA graph warmup complete
CUDA Graph id 1300 reused
ggml_backend_cuda_graph_compute: CUDA graph warmup complete
CUDA Graph id 1299 reused
CUDA Graph id 1300 reused
CUDA Graph id 1299 reused
CUDA Graph id 1300 reused
CUDA Graph id 1299 reused
CUDA Graph id 1300 reused
CUDA Graph id 1299 reused
CUDA Graph id 1300 reused
CUDA Graph id 1299 reused
CUDA Graph id 1300 reused
CUDA Graph id 1299 reused
CUDA Graph id 1300 reused
CUDA Graph id 1299 reused
CUDA Graph id 1300 reused
CUDA Graph id 1299 reused
CUDA Graph id 1300 reused
CUDA Graph id 1299 reused
CUDA Graph id 1300 reused
CUDA Graph id 1299 reused
CUDA Graph id 1300 reused
CUDA Graph id 1299 reused
CUDA Graph id 1300 reused
llama_perf_context_print:        load time =     475.48 ms
llama_perf_context_print: prompt eval time =     162.31 ms /   137 tokens (    1.18 ms per token,   844.09 tokens per second)
llama_perf_context_print:        eval time =     185.08 ms /    13 runs   (   14.24 ms per token,    70.24 tokens per second)
llama_perf_context_print:       total time =     684.59 ms /   150 tokens
llama_perf_context_print:    graphs reused =         12
Llama.generate: 65 prefix-match found but partial kv removal not supported, re-evaluating full prompt
ggml_backend_cuda_graph_compute: CUDA graph warmup reset
ggml_backend_cuda_graph_compute: CUDA graph warmup reset
CUDA Graph id 1307 reused
ggml_backend_cuda_graph_compute: CUDA graph warmup complete
CUDA Graph id 1308 reused
ggml_backend_cuda_graph_compute: CUDA graph warmup complete
CUDA Graph id 1307 reused
CUDA Graph id 1308 reused
CUDA Graph id 1307 reused
CUDA Graph id 1308 reused
CUDA Graph id 1307 reused
CUDA Graph id 1308 reused
CUDA Graph id 1307 reused
CUDA Graph id 1308 reused
CUDA Graph id 1307 reused
CUDA Graph id 1308 reused
CUDA Graph id 1307 reused
CUDA Graph id 1308 reused
CUDA Graph id 1307 reused
CUDA Graph id 1308 reused
CUDA Graph id 1307 reused
CUDA Graph id 1308 reused
CUDA Graph id 1307 reused
CUDA Graph id 1308 reused
CUDA Graph id 1307 reused
CUDA Graph id 1308 reused
CUDA Graph id 1307 reused
CUDA Graph id 1308 reused
llama_perf_context_print:        load time =     475.48 ms
llama_perf_context_print: prompt eval time =     149.14 ms /   138 tokens (    1.08 ms per token,   925.30 tokens per second)
llama_perf_context_print:        eval time =     177.88 ms /    13 runs   (   13.68 ms per token,    73.08 tokens per second)
llama_perf_context_print:       total time =     658.78 ms /   151 tokens
llama_perf_context_print:    graphs reused =         12
Llama.generate: 65 prefix-match found but partial kv removal not supported, re-evaluating full prompt
ggml_backend_cuda_graph_compute: CUDA graph warmup reset
ggml_backend_cuda_graph_compute: CUDA graph warmup reset
CUDA Graph id 1315 reused
ggml_backend_cuda_graph_compute: CUDA graph warmup complete
CUDA Graph id 1316 reused
ggml_backend_cuda_graph_compute: CUDA graph warmup complete
CUDA Graph id 1315 reused
CUDA Graph id 1316 reused
CUDA Graph id 1315 reused
CUDA Graph id 1316 reused
CUDA Graph id 1315 reused
CUDA Graph id 1316 reused
CUDA Graph id 1315 reused
CUDA Graph id 1316 reused
CUDA Graph id 1315 reused
CUDA Graph id 1316 reused
CUDA Graph id 1315 reused
CUDA Graph id 1316 reused
CUDA Graph id 1315 reused
CUDA Graph id 1316 reused
CUDA Graph id 1315 reused
CUDA Graph id 1316 reused
CUDA Graph id 1315 reused
CUDA Graph id 1316 reused
CUDA Graph id 1315 reused
CUDA Graph id 1316 reused
CUDA Graph id 1315 reused
CUDA Graph id 1316 reused
llama_perf_context_print:        load time =     475.48 ms
llama_perf_context_print: prompt eval time =     137.49 ms /   135 tokens (    1.02 ms per token,   981.90 tokens per second)
llama_perf_context_print:        eval time =     177.11 ms /    13 runs   (   13.62 ms per token,    73.40 tokens per second)
llama_perf_context_print:       total time =     649.78 ms /   148 tokens
llama_perf_context_print:    graphs reused =         12
Llama.generate: 65 prefix-match found but partial kv removal not supported, re-evaluating full prompt
ggml_backend_cuda_graph_compute: CUDA graph warmup reset
ggml_backend_cuda_graph_compute: CUDA graph warmup reset
CUDA Graph id 1323 reused
ggml_backend_cuda_graph_compute: CUDA graph warmup complete
CUDA Graph id 1324 reused
ggml_backend_cuda_graph_compute: CUDA graph warmup complete
CUDA Graph id 1323 reused
CUDA Graph id 1324 reused
CUDA Graph id 1323 reused
CUDA Graph id 1324 reused
CUDA Graph id 1323 reused
CUDA Graph id 1324 reused
CUDA Graph id 1323 reused
CUDA Graph id 1324 reused
CUDA Graph id 1323 reused
CUDA Graph id 1324 reused
CUDA Graph id 1323 reused
CUDA Graph id 1324 reused
CUDA Graph id 1323 reused
CUDA Graph id 1324 reused
CUDA Graph id 1323 reused
CUDA Graph id 1324 reused
CUDA Graph id 1323 reused
CUDA Graph id 1324 reused
CUDA Graph id 1323 reused
CUDA Graph id 1324 reused
CUDA Graph id 1323 reused
CUDA Graph id 1324 reused
llama_perf_context_print:        load time =     475.48 ms
llama_perf_context_print: prompt eval time =     138.56 ms /   138 tokens (    1.00 ms per token,   995.96 tokens per second)
llama_perf_context_print:        eval time =     178.36 ms /    13 runs   (   13.72 ms per token,    72.89 tokens per second)
llama_perf_context_print:       total time =     663.44 ms /   151 tokens
llama_perf_context_print:    graphs reused =         12
Llama.generate: 67 prefix-match found but partial kv removal not supported, re-evaluating full prompt
ggml_backend_cuda_graph_compute: CUDA graph warmup reset
ggml_backend_cuda_graph_compute: CUDA graph warmup reset
CUDA Graph id 1331 reused
ggml_backend_cuda_graph_compute: CUDA graph warmup complete
CUDA Graph id 1332 reused
ggml_backend_cuda_graph_compute: CUDA graph warmup complete
CUDA Graph id 1331 reused
CUDA Graph id 1332 reused
CUDA Graph id 1331 reused
CUDA Graph id 1332 reused
CUDA Graph id 1331 reused
CUDA Graph id 1332 reused
CUDA Graph id 1331 reused
CUDA Graph id 1332 reused
CUDA Graph id 1331 reused
CUDA Graph id 1332 reused
CUDA Graph id 1331 reused
CUDA Graph id 1332 reused
CUDA Graph id 1331 reused
CUDA Graph id 1332 reused
CUDA Graph id 1331 reused
CUDA Graph id 1332 reused
CUDA Graph id 1331 reused
CUDA Graph id 1332 reused
CUDA Graph id 1331 reused
CUDA Graph id 1332 reused
CUDA Graph id 1331 reused
CUDA Graph id 1332 reused
llama_perf_context_print:        load time =     475.48 ms
llama_perf_context_print: prompt eval time =     165.83 ms /   136 tokens (    1.22 ms per token,   820.11 tokens per second)
llama_perf_context_print:        eval time =     190.89 ms /    13 runs   (   14.68 ms per token,    68.10 tokens per second)
llama_perf_context_print:       total time =     690.39 ms /   149 tokens
llama_perf_context_print:    graphs reused =         12
Llama.generate: 65 prefix-match found but partial kv removal not supported, re-evaluating full prompt
ggml_backend_cuda_graph_compute: CUDA graph warmup reset
ggml_backend_cuda_graph_compute: CUDA graph warmup reset
CUDA Graph id 1339 reused
ggml_backend_cuda_graph_compute: CUDA graph warmup complete
CUDA Graph id 1340 reused
ggml_backend_cuda_graph_compute: CUDA graph warmup complete
CUDA Graph id 1339 reused
CUDA Graph id 1340 reused
CUDA Graph id 1339 reused
CUDA Graph id 1340 reused
CUDA Graph id 1339 reused
CUDA Graph id 1340 reused
CUDA Graph id 1339 reused
CUDA Graph id 1340 reused
CUDA Graph id 1339 reused
CUDA Graph id 1340 reused
CUDA Graph id 1339 reused
CUDA Graph id 1340 reused
CUDA Graph id 1339 reused
CUDA Graph id 1340 reused
CUDA Graph id 1339 reused
CUDA Graph id 1340 reused
CUDA Graph id 1339 reused
CUDA Graph id 1340 reused
CUDA Graph id 1339 reused
CUDA Graph id 1340 reused
CUDA Graph id 1339 reused
CUDA Graph id 1340 reused
llama_perf_context_print:        load time =     475.48 ms
llama_perf_context_print: prompt eval time =     163.42 ms /   138 tokens (    1.18 ms per token,   844.45 tokens per second)
llama_perf_context_print:        eval time =     184.99 ms /    13 runs   (   14.23 ms per token,    70.27 tokens per second)
llama_perf_context_print:       total time =     682.62 ms /   151 tokens
llama_perf_context_print:    graphs reused =         12
Llama.generate: 65 prefix-match found but partial kv removal not supported, re-evaluating full prompt
ggml_backend_cuda_graph_compute: CUDA graph warmup reset
ggml_backend_cuda_graph_compute: CUDA graph warmup reset
CUDA Graph id 1347 reused
ggml_backend_cuda_graph_compute: CUDA graph warmup complete
CUDA Graph id 1348 reused
ggml_backend_cuda_graph_compute: CUDA graph warmup complete
CUDA Graph id 1347 reused
CUDA Graph id 1348 reused
CUDA Graph id 1347 reused
CUDA Graph id 1348 reused
CUDA Graph id 1347 reused
CUDA Graph id 1348 reused
CUDA Graph id 1347 reused
CUDA Graph id 1348 reused
CUDA Graph id 1347 reused
CUDA Graph id 1348 reused
CUDA Graph id 1347 reused
CUDA Graph id 1348 reused
CUDA Graph id 1347 reused
CUDA Graph id 1348 reused
CUDA Graph id 1347 reused
CUDA Graph id 1348 reused
CUDA Graph id 1347 reused
CUDA Graph id 1348 reused
CUDA Graph id 1347 reused
CUDA Graph id 1348 reused
CUDA Graph id 1347 reused
CUDA Graph id 1348 reused
llama_perf_context_print:        load time =     475.48 ms
llama_perf_context_print: prompt eval time =     149.90 ms /   138 tokens (    1.09 ms per token,   920.61 tokens per second)
llama_perf_context_print:        eval time =     183.85 ms /    13 runs   (   14.14 ms per token,    70.71 tokens per second)
llama_perf_context_print:       total time =     670.00 ms /   151 tokens
llama_perf_context_print:    graphs reused =         12
Llama.generate: 65 prefix-match found but partial kv removal not supported, re-evaluating full prompt
ggml_backend_cuda_graph_compute: CUDA graph warmup reset
ggml_backend_cuda_graph_compute: CUDA graph warmup reset
CUDA Graph id 1355 reused
ggml_backend_cuda_graph_compute: CUDA graph warmup complete
CUDA Graph id 1356 reused
ggml_backend_cuda_graph_compute: CUDA graph warmup complete
CUDA Graph id 1355 reused
CUDA Graph id 1356 reused
CUDA Graph id 1355 reused
CUDA Graph id 1356 reused
CUDA Graph id 1355 reused
CUDA Graph id 1356 reused
CUDA Graph id 1355 reused
CUDA Graph id 1356 reused
CUDA Graph id 1355 reused
CUDA Graph id 1356 reused
CUDA Graph id 1355 reused
CUDA Graph id 1356 reused
CUDA Graph id 1355 reused
CUDA Graph id 1356 reused
CUDA Graph id 1355 reused
CUDA Graph id 1356 reused
CUDA Graph id 1355 reused
CUDA Graph id 1356 reused
CUDA Graph id 1355 reused
CUDA Graph id 1356 reused
CUDA Graph id 1355 reused
CUDA Graph id 1356 reused
llama_perf_context_print:        load time =     475.48 ms
llama_perf_context_print: prompt eval time =     147.53 ms /   135 tokens (    1.09 ms per token,   915.04 tokens per second)
llama_perf_context_print:        eval time =     181.17 ms /    13 runs   (   13.94 ms per token,    71.75 tokens per second)
llama_perf_context_print:       total time =     662.97 ms /   148 tokens
llama_perf_context_print:    graphs reused =         12
Llama.generate: 65 prefix-match found but partial kv removal not supported, re-evaluating full prompt
ggml_backend_cuda_graph_compute: CUDA graph warmup reset
ggml_backend_cuda_graph_compute: CUDA graph warmup reset
CUDA Graph id 1363 reused
ggml_backend_cuda_graph_compute: CUDA graph warmup complete
CUDA Graph id 1364 reused
ggml_backend_cuda_graph_compute: CUDA graph warmup complete
CUDA Graph id 1363 reused
CUDA Graph id 1364 reused
CUDA Graph id 1363 reused
CUDA Graph id 1364 reused
CUDA Graph id 1363 reused
CUDA Graph id 1364 reused
CUDA Graph id 1363 reused
CUDA Graph id 1364 reused
CUDA Graph id 1363 reused
CUDA Graph id 1364 reused
CUDA Graph id 1363 reused
CUDA Graph id 1364 reused
CUDA Graph id 1363 reused
CUDA Graph id 1364 reused
CUDA Graph id 1363 reused
CUDA Graph id 1364 reused
CUDA Graph id 1363 reused
CUDA Graph id 1364 reused
CUDA Graph id 1363 reused
CUDA Graph id 1364 reused
CUDA Graph id 1363 reused
CUDA Graph id 1364 reused
llama_perf_context_print:        load time =     475.48 ms
llama_perf_context_print: prompt eval time =     143.44 ms /   135 tokens (    1.06 ms per token,   941.17 tokens per second)
llama_perf_context_print:        eval time =     181.85 ms /    13 runs   (   13.99 ms per token,    71.49 tokens per second)
llama_perf_context_print:       total time =     656.99 ms /   148 tokens
llama_perf_context_print:    graphs reused =         12
Llama.generate: 65 prefix-match found but partial kv removal not supported, re-evaluating full prompt
ggml_backend_cuda_graph_compute: CUDA graph warmup reset
ggml_backend_cuda_graph_compute: CUDA graph warmup reset
CUDA Graph id 1371 reused
ggml_backend_cuda_graph_compute: CUDA graph warmup complete
CUDA Graph id 1372 reused
ggml_backend_cuda_graph_compute: CUDA graph warmup complete
CUDA Graph id 1371 reused
CUDA Graph id 1372 reused
CUDA Graph id 1371 reused
CUDA Graph id 1372 reused
CUDA Graph id 1371 reused
CUDA Graph id 1372 reused
CUDA Graph id 1371 reused
CUDA Graph id 1372 reused
CUDA Graph id 1371 reused
CUDA Graph id 1372 reused
CUDA Graph id 1371 reused
CUDA Graph id 1372 reused
CUDA Graph id 1371 reused
CUDA Graph id 1372 reused
CUDA Graph id 1371 reused
CUDA Graph id 1372 reused
CUDA Graph id 1371 reused
CUDA Graph id 1372 reused
CUDA Graph id 1371 reused
CUDA Graph id 1372 reused
CUDA Graph id 1371 reused
CUDA Graph id 1372 reused
llama_perf_context_print:        load time =     475.48 ms
llama_perf_context_print: prompt eval time =     152.65 ms /   139 tokens (    1.10 ms per token,   910.56 tokens per second)
llama_perf_context_print:        eval time =     191.11 ms /    13 runs   (   14.70 ms per token,    68.02 tokens per second)
llama_perf_context_print:       total time =     689.59 ms /   152 tokens
llama_perf_context_print:    graphs reused =         12
Llama.generate: 65 prefix-match found but partial kv removal not supported, re-evaluating full prompt
ggml_backend_cuda_graph_compute: CUDA graph warmup reset
ggml_backend_cuda_graph_compute: CUDA graph warmup reset
CUDA Graph id 1379 reused
ggml_backend_cuda_graph_compute: CUDA graph warmup complete
CUDA Graph id 1380 reused
ggml_backend_cuda_graph_compute: CUDA graph warmup complete
CUDA Graph id 1379 reused
CUDA Graph id 1380 reused
CUDA Graph id 1379 reused
CUDA Graph id 1380 reused
CUDA Graph id 1379 reused
CUDA Graph id 1380 reused
CUDA Graph id 1379 reused
CUDA Graph id 1380 reused
CUDA Graph id 1379 reused
CUDA Graph id 1380 reused
CUDA Graph id 1379 reused
CUDA Graph id 1380 reused
CUDA Graph id 1379 reused
CUDA Graph id 1380 reused
CUDA Graph id 1379 reused
CUDA Graph id 1380 reused
CUDA Graph id 1379 reused
CUDA Graph id 1380 reused
CUDA Graph id 1379 reused
CUDA Graph id 1380 reused
CUDA Graph id 1379 reused
CUDA Graph id 1380 reused
llama_perf_context_print:        load time =     475.48 ms
llama_perf_context_print: prompt eval time =     168.22 ms /   135 tokens (    1.25 ms per token,   802.53 tokens per second)
llama_perf_context_print:        eval time =     196.81 ms /    13 runs   (   15.14 ms per token,    66.05 tokens per second)
llama_perf_context_print:       total time =     697.94 ms /   148 tokens
llama_perf_context_print:    graphs reused =         12
Llama.generate: 65 prefix-match found but partial kv removal not supported, re-evaluating full prompt
ggml_backend_cuda_graph_compute: CUDA graph warmup reset
ggml_backend_cuda_graph_compute: CUDA graph warmup reset
CUDA Graph id 1387 reused
ggml_backend_cuda_graph_compute: CUDA graph warmup complete
CUDA Graph id 1388 reused
ggml_backend_cuda_graph_compute: CUDA graph warmup complete
CUDA Graph id 1387 reused
CUDA Graph id 1388 reused
CUDA Graph id 1387 reused
CUDA Graph id 1388 reused
CUDA Graph id 1387 reused
CUDA Graph id 1388 reused
CUDA Graph id 1387 reused
CUDA Graph id 1388 reused
CUDA Graph id 1387 reused
CUDA Graph id 1388 reused
CUDA Graph id 1387 reused
CUDA Graph id 1388 reused
CUDA Graph id 1387 reused
CUDA Graph id 1388 reused
CUDA Graph id 1387 reused
CUDA Graph id 1388 reused
CUDA Graph id 1387 reused
CUDA Graph id 1388 reused
CUDA Graph id 1387 reused
CUDA Graph id 1388 reused
CUDA Graph id 1387 reused
CUDA Graph id 1388 reused
llama_perf_context_print:        load time =     475.48 ms
llama_perf_context_print: prompt eval time =     169.31 ms /   137 tokens (    1.24 ms per token,   809.16 tokens per second)
llama_perf_context_print:        eval time =     182.54 ms /    13 runs   (   14.04 ms per token,    71.22 tokens per second)
llama_perf_context_print:       total time =     689.35 ms /   150 tokens
llama_perf_context_print:    graphs reused =         12
Llama.generate: 66 prefix-match found but partial kv removal not supported, re-evaluating full prompt
ggml_backend_cuda_graph_compute: CUDA graph warmup reset
ggml_backend_cuda_graph_compute: CUDA graph warmup reset
CUDA Graph id 1395 reused
ggml_backend_cuda_graph_compute: CUDA graph warmup complete
CUDA Graph id 1396 reused
ggml_backend_cuda_graph_compute: CUDA graph warmup complete
CUDA Graph id 1395 reused
CUDA Graph id 1396 reused
CUDA Graph id 1395 reused
CUDA Graph id 1396 reused
CUDA Graph id 1395 reused
CUDA Graph id 1396 reused
CUDA Graph id 1395 reused
CUDA Graph id 1396 reused
CUDA Graph id 1395 reused
CUDA Graph id 1396 reused
CUDA Graph id 1395 reused
CUDA Graph id 1396 reused
CUDA Graph id 1395 reused
CUDA Graph id 1396 reused
CUDA Graph id 1395 reused
CUDA Graph id 1396 reused
CUDA Graph id 1395 reused
CUDA Graph id 1396 reused
CUDA Graph id 1395 reused
CUDA Graph id 1396 reused
CUDA Graph id 1395 reused
CUDA Graph id 1396 reused
llama_perf_context_print:        load time =     475.48 ms
llama_perf_context_print: prompt eval time =     144.50 ms /   136 tokens (    1.06 ms per token,   941.20 tokens per second)
llama_perf_context_print:        eval time =     180.52 ms /    13 runs   (   13.89 ms per token,    72.01 tokens per second)
llama_perf_context_print:       total time =     658.54 ms /   149 tokens
llama_perf_context_print:    graphs reused =         12
Llama.generate: 65 prefix-match found but partial kv removal not supported, re-evaluating full prompt
ggml_backend_cuda_graph_compute: CUDA graph warmup reset
ggml_backend_cuda_graph_compute: CUDA graph warmup reset
CUDA Graph id 1403 reused
ggml_backend_cuda_graph_compute: CUDA graph warmup complete
CUDA Graph id 1404 reused
ggml_backend_cuda_graph_compute: CUDA graph warmup complete
CUDA Graph id 1403 reused
CUDA Graph id 1404 reused
CUDA Graph id 1403 reused
CUDA Graph id 1404 reused
CUDA Graph id 1403 reused
CUDA Graph id 1404 reused
CUDA Graph id 1403 reused
CUDA Graph id 1404 reused
CUDA Graph id 1403 reused
CUDA Graph id 1404 reused
CUDA Graph id 1403 reused
CUDA Graph id 1404 reused
CUDA Graph id 1403 reused
CUDA Graph id 1404 reused
CUDA Graph id 1403 reused
CUDA Graph id 1404 reused
CUDA Graph id 1403 reused
CUDA Graph id 1404 reused
CUDA Graph id 1403 reused
CUDA Graph id 1404 reused
CUDA Graph id 1403 reused
CUDA Graph id 1404 reused
llama_perf_context_print:        load time =     475.48 ms
llama_perf_context_print: prompt eval time =     144.89 ms /   139 tokens (    1.04 ms per token,   959.36 tokens per second)
llama_perf_context_print:        eval time =     173.47 ms /    13 runs   (   13.34 ms per token,    74.94 tokens per second)
llama_perf_context_print:       total time =     653.96 ms /   152 tokens
llama_perf_context_print:    graphs reused =         12
Llama.generate: 65 prefix-match found but partial kv removal not supported, re-evaluating full prompt
ggml_backend_cuda_graph_compute: CUDA graph warmup reset
ggml_backend_cuda_graph_compute: CUDA graph warmup reset
CUDA Graph id 1411 reused
ggml_backend_cuda_graph_compute: CUDA graph warmup complete
CUDA Graph id 1412 reused
ggml_backend_cuda_graph_compute: CUDA graph warmup complete
CUDA Graph id 1411 reused
CUDA Graph id 1412 reused
CUDA Graph id 1411 reused
CUDA Graph id 1412 reused
CUDA Graph id 1411 reused
CUDA Graph id 1412 reused
CUDA Graph id 1411 reused
CUDA Graph id 1412 reused
CUDA Graph id 1411 reused
CUDA Graph id 1412 reused
CUDA Graph id 1411 reused
CUDA Graph id 1412 reused
CUDA Graph id 1411 reused
CUDA Graph id 1412 reused
CUDA Graph id 1411 reused
CUDA Graph id 1412 reused
CUDA Graph id 1411 reused
CUDA Graph id 1412 reused
CUDA Graph id 1411 reused
CUDA Graph id 1412 reused
CUDA Graph id 1411 reused
CUDA Graph id 1412 reused
llama_perf_context_print:        load time =     475.48 ms
llama_perf_context_print: prompt eval time =     133.66 ms /   138 tokens (    0.97 ms per token,  1032.50 tokens per second)
llama_perf_context_print:        eval time =     173.17 ms /    13 runs   (   13.32 ms per token,    75.07 tokens per second)
llama_perf_context_print:       total time =     638.57 ms /   151 tokens
llama_perf_context_print:    graphs reused =         12
Llama.generate: 65 prefix-match found but partial kv removal not supported, re-evaluating full prompt
ggml_backend_cuda_graph_compute: CUDA graph warmup reset
ggml_backend_cuda_graph_compute: CUDA graph warmup reset
CUDA Graph id 1419 reused
ggml_backend_cuda_graph_compute: CUDA graph warmup complete
CUDA Graph id 1420 reused
ggml_backend_cuda_graph_compute: CUDA graph warmup complete
CUDA Graph id 1419 reused
CUDA Graph id 1420 reused
CUDA Graph id 1419 reused
CUDA Graph id 1420 reused
CUDA Graph id 1419 reused
CUDA Graph id 1420 reused
CUDA Graph id 1419 reused
CUDA Graph id 1420 reused
CUDA Graph id 1419 reused
CUDA Graph id 1420 reused
CUDA Graph id 1419 reused
CUDA Graph id 1420 reused
CUDA Graph id 1419 reused
CUDA Graph id 1420 reused
CUDA Graph id 1419 reused
CUDA Graph id 1420 reused
CUDA Graph id 1419 reused
CUDA Graph id 1420 reused
CUDA Graph id 1419 reused
CUDA Graph id 1420 reused
CUDA Graph id 1419 reused
CUDA Graph id 1420 reused
llama_perf_context_print:        load time =     475.48 ms
llama_perf_context_print: prompt eval time =     133.73 ms /   138 tokens (    0.97 ms per token,  1031.96 tokens per second)
llama_perf_context_print:        eval time =     174.42 ms /    13 runs   (   13.42 ms per token,    74.53 tokens per second)
llama_perf_context_print:       total time =     653.14 ms /   151 tokens
llama_perf_context_print:    graphs reused =         12
Llama.generate: 65 prefix-match found but partial kv removal not supported, re-evaluating full prompt
ggml_backend_cuda_graph_compute: CUDA graph warmup reset
ggml_backend_cuda_graph_compute: CUDA graph warmup reset
CUDA Graph id 1427 reused
ggml_backend_cuda_graph_compute: CUDA graph warmup complete
CUDA Graph id 1428 reused
ggml_backend_cuda_graph_compute: CUDA graph warmup complete
CUDA Graph id 1427 reused
CUDA Graph id 1428 reused
CUDA Graph id 1427 reused
CUDA Graph id 1428 reused
CUDA Graph id 1427 reused
CUDA Graph id 1428 reused
CUDA Graph id 1427 reused
CUDA Graph id 1428 reused
CUDA Graph id 1427 reused
CUDA Graph id 1428 reused
CUDA Graph id 1427 reused
CUDA Graph id 1428 reused
CUDA Graph id 1427 reused
CUDA Graph id 1428 reused
CUDA Graph id 1427 reused
CUDA Graph id 1428 reused
CUDA Graph id 1427 reused
CUDA Graph id 1428 reused
CUDA Graph id 1427 reused
CUDA Graph id 1428 reused
CUDA Graph id 1427 reused
CUDA Graph id 1428 reused
llama_perf_context_print:        load time =     475.48 ms
llama_perf_context_print: prompt eval time =     161.23 ms /   137 tokens (    1.18 ms per token,   849.72 tokens per second)
llama_perf_context_print:        eval time =     188.86 ms /    13 runs   (   14.53 ms per token,    68.83 tokens per second)
llama_perf_context_print:       total time =     684.13 ms /   150 tokens
llama_perf_context_print:    graphs reused =         12
Llama.generate: 65 prefix-match found but partial kv removal not supported, re-evaluating full prompt
ggml_backend_cuda_graph_compute: CUDA graph warmup reset
ggml_backend_cuda_graph_compute: CUDA graph warmup reset
CUDA Graph id 1435 reused
ggml_backend_cuda_graph_compute: CUDA graph warmup complete
CUDA Graph id 1436 reused
ggml_backend_cuda_graph_compute: CUDA graph warmup complete
CUDA Graph id 1435 reused
CUDA Graph id 1436 reused
CUDA Graph id 1435 reused
CUDA Graph id 1436 reused
CUDA Graph id 1435 reused
CUDA Graph id 1436 reused
CUDA Graph id 1435 reused
CUDA Graph id 1436 reused
CUDA Graph id 1435 reused
CUDA Graph id 1436 reused
CUDA Graph id 1435 reused
CUDA Graph id 1436 reused
CUDA Graph id 1435 reused
CUDA Graph id 1436 reused
CUDA Graph id 1435 reused
CUDA Graph id 1436 reused
CUDA Graph id 1435 reused
CUDA Graph id 1436 reused
CUDA Graph id 1435 reused
CUDA Graph id 1436 reused
CUDA Graph id 1435 reused
CUDA Graph id 1436 reused
llama_perf_context_print:        load time =     475.48 ms
llama_perf_context_print: prompt eval time =     160.96 ms /   138 tokens (    1.17 ms per token,   857.34 tokens per second)
llama_perf_context_print:        eval time =     184.07 ms /    13 runs   (   14.16 ms per token,    70.62 tokens per second)
llama_perf_context_print:       total time =     691.10 ms /   151 tokens
llama_perf_context_print:    graphs reused =         12
Llama.generate: 66 prefix-match found but partial kv removal not supported, re-evaluating full prompt
ggml_backend_cuda_graph_compute: CUDA graph warmup reset
ggml_backend_cuda_graph_compute: CUDA graph warmup reset
CUDA Graph id 1443 reused
ggml_backend_cuda_graph_compute: CUDA graph warmup complete
CUDA Graph id 1444 reused
ggml_backend_cuda_graph_compute: CUDA graph warmup complete
CUDA Graph id 1443 reused
CUDA Graph id 1444 reused
CUDA Graph id 1443 reused
CUDA Graph id 1444 reused
CUDA Graph id 1443 reused
CUDA Graph id 1444 reused
CUDA Graph id 1443 reused
CUDA Graph id 1444 reused
CUDA Graph id 1443 reused
CUDA Graph id 1444 reused
CUDA Graph id 1443 reused
CUDA Graph id 1444 reused
CUDA Graph id 1443 reused
CUDA Graph id 1444 reused
CUDA Graph id 1443 reused
CUDA Graph id 1444 reused
CUDA Graph id 1443 reused
CUDA Graph id 1444 reused
CUDA Graph id 1443 reused
CUDA Graph id 1444 reused
CUDA Graph id 1443 reused
CUDA Graph id 1444 reused
llama_perf_context_print:        load time =     475.48 ms
llama_perf_context_print: prompt eval time =     148.30 ms /   137 tokens (    1.08 ms per token,   923.80 tokens per second)
llama_perf_context_print:        eval time =     182.56 ms /    13 runs   (   14.04 ms per token,    71.21 tokens per second)
llama_perf_context_print:       total time =     663.26 ms /   150 tokens
llama_perf_context_print:    graphs reused =         12
Llama.generate: 66 prefix-match found but partial kv removal not supported, re-evaluating full prompt
ggml_backend_cuda_graph_compute: CUDA graph warmup reset
ggml_backend_cuda_graph_compute: CUDA graph warmup reset
CUDA Graph id 1451 reused
ggml_backend_cuda_graph_compute: CUDA graph warmup complete
CUDA Graph id 1452 reused
ggml_backend_cuda_graph_compute: CUDA graph warmup complete
CUDA Graph id 1451 reused
CUDA Graph id 1452 reused
CUDA Graph id 1451 reused
CUDA Graph id 1452 reused
CUDA Graph id 1451 reused
CUDA Graph id 1452 reused
CUDA Graph id 1451 reused
CUDA Graph id 1452 reused
CUDA Graph id 1451 reused
CUDA Graph id 1452 reused
CUDA Graph id 1451 reused
CUDA Graph id 1452 reused
CUDA Graph id 1451 reused
CUDA Graph id 1452 reused
CUDA Graph id 1451 reused
CUDA Graph id 1452 reused
CUDA Graph id 1451 reused
CUDA Graph id 1452 reused
CUDA Graph id 1451 reused
CUDA Graph id 1452 reused
CUDA Graph id 1451 reused
CUDA Graph id 1452 reused
llama_perf_context_print:        load time =     475.48 ms
llama_perf_context_print: prompt eval time =     146.88 ms /   138 tokens (    1.06 ms per token,   939.56 tokens per second)
llama_perf_context_print:        eval time =     178.25 ms /    13 runs   (   13.71 ms per token,    72.93 tokens per second)
llama_perf_context_print:       total time =     660.81 ms /   151 tokens
llama_perf_context_print:    graphs reused =         12
Llama.generate: 65 prefix-match found but partial kv removal not supported, re-evaluating full prompt
ggml_backend_cuda_graph_compute: CUDA graph warmup reset
ggml_backend_cuda_graph_compute: CUDA graph warmup reset
CUDA Graph id 1459 reused
ggml_backend_cuda_graph_compute: CUDA graph warmup complete
CUDA Graph id 1460 reused
ggml_backend_cuda_graph_compute: CUDA graph warmup complete
CUDA Graph id 1459 reused
CUDA Graph id 1460 reused
CUDA Graph id 1459 reused
CUDA Graph id 1460 reused
CUDA Graph id 1459 reused
CUDA Graph id 1460 reused
CUDA Graph id 1459 reused
CUDA Graph id 1460 reused
CUDA Graph id 1459 reused
CUDA Graph id 1460 reused
CUDA Graph id 1459 reused
CUDA Graph id 1460 reused
CUDA Graph id 1459 reused
CUDA Graph id 1460 reused
CUDA Graph id 1459 reused
CUDA Graph id 1460 reused
CUDA Graph id 1459 reused
CUDA Graph id 1460 reused
CUDA Graph id 1459 reused
CUDA Graph id 1460 reused
CUDA Graph id 1459 reused
CUDA Graph id 1460 reused
llama_perf_context_print:        load time =     475.48 ms
llama_perf_context_print: prompt eval time =     139.02 ms /   136 tokens (    1.02 ms per token,   978.26 tokens per second)
llama_perf_context_print:        eval time =     177.72 ms /    13 runs   (   13.67 ms per token,    73.15 tokens per second)
llama_perf_context_print:       total time =     662.62 ms /   149 tokens
llama_perf_context_print:    graphs reused =         12
Llama.generate: 66 prefix-match found but partial kv removal not supported, re-evaluating full prompt
ggml_backend_cuda_graph_compute: CUDA graph warmup reset
ggml_backend_cuda_graph_compute: CUDA graph warmup reset
CUDA Graph id 1467 reused
ggml_backend_cuda_graph_compute: CUDA graph warmup complete
CUDA Graph id 1468 reused
ggml_backend_cuda_graph_compute: CUDA graph warmup complete
CUDA Graph id 1467 reused
CUDA Graph id 1468 reused
CUDA Graph id 1467 reused
CUDA Graph id 1468 reused
CUDA Graph id 1467 reused
CUDA Graph id 1468 reused
CUDA Graph id 1467 reused
CUDA Graph id 1468 reused
CUDA Graph id 1467 reused
CUDA Graph id 1468 reused
CUDA Graph id 1467 reused
CUDA Graph id 1468 reused
CUDA Graph id 1467 reused
CUDA Graph id 1468 reused
CUDA Graph id 1467 reused
CUDA Graph id 1468 reused
CUDA Graph id 1467 reused
CUDA Graph id 1468 reused
CUDA Graph id 1467 reused
CUDA Graph id 1468 reused
CUDA Graph id 1467 reused
CUDA Graph id 1468 reused
llama_perf_context_print:        load time =     475.48 ms
llama_perf_context_print: prompt eval time =     139.52 ms /   137 tokens (    1.02 ms per token,   981.95 tokens per second)
llama_perf_context_print:        eval time =     179.20 ms /    13 runs   (   13.78 ms per token,    72.55 tokens per second)
llama_perf_context_print:       total time =     654.62 ms /   150 tokens
llama_perf_context_print:    graphs reused =         12
Llama.generate: 67 prefix-match found but partial kv removal not supported, re-evaluating full prompt
ggml_backend_cuda_graph_compute: CUDA graph warmup reset
ggml_backend_cuda_graph_compute: CUDA graph warmup reset
CUDA Graph id 1475 reused
ggml_backend_cuda_graph_compute: CUDA graph warmup complete
CUDA Graph id 1476 reused
ggml_backend_cuda_graph_compute: CUDA graph warmup complete
CUDA Graph id 1475 reused
CUDA Graph id 1476 reused
CUDA Graph id 1475 reused
CUDA Graph id 1476 reused
CUDA Graph id 1475 reused
CUDA Graph id 1476 reused
CUDA Graph id 1475 reused
CUDA Graph id 1476 reused
CUDA Graph id 1475 reused
CUDA Graph id 1476 reused
CUDA Graph id 1475 reused
CUDA Graph id 1476 reused
CUDA Graph id 1475 reused
CUDA Graph id 1476 reused
CUDA Graph id 1475 reused
CUDA Graph id 1476 reused
CUDA Graph id 1475 reused
CUDA Graph id 1476 reused
CUDA Graph id 1475 reused
CUDA Graph id 1476 reused
CUDA Graph id 1475 reused
CUDA Graph id 1476 reused
llama_perf_context_print:        load time =     475.48 ms
llama_perf_context_print: prompt eval time =     163.60 ms /   138 tokens (    1.19 ms per token,   843.52 tokens per second)
llama_perf_context_print:        eval time =     189.88 ms /    13 runs   (   14.61 ms per token,    68.46 tokens per second)
llama_perf_context_print:       total time =     691.46 ms /   151 tokens
llama_perf_context_print:    graphs reused =         12
Llama.generate: 66 prefix-match found but partial kv removal not supported, re-evaluating full prompt
ggml_backend_cuda_graph_compute: CUDA graph warmup reset
ggml_backend_cuda_graph_compute: CUDA graph warmup reset
CUDA Graph id 1483 reused
ggml_backend_cuda_graph_compute: CUDA graph warmup complete
CUDA Graph id 1484 reused
ggml_backend_cuda_graph_compute: CUDA graph warmup complete
CUDA Graph id 1483 reused
CUDA Graph id 1484 reused
CUDA Graph id 1483 reused
CUDA Graph id 1484 reused
CUDA Graph id 1483 reused
CUDA Graph id 1484 reused
CUDA Graph id 1483 reused
CUDA Graph id 1484 reused
CUDA Graph id 1483 reused
CUDA Graph id 1484 reused
CUDA Graph id 1483 reused
CUDA Graph id 1484 reused
CUDA Graph id 1483 reused
CUDA Graph id 1484 reused
CUDA Graph id 1483 reused
CUDA Graph id 1484 reused
CUDA Graph id 1483 reused
CUDA Graph id 1484 reused
CUDA Graph id 1483 reused
CUDA Graph id 1484 reused
CUDA Graph id 1483 reused
CUDA Graph id 1484 reused
llama_perf_context_print:        load time =     475.48 ms
llama_perf_context_print: prompt eval time =     161.33 ms /   137 tokens (    1.18 ms per token,   849.18 tokens per second)
llama_perf_context_print:        eval time =     179.52 ms /    13 runs   (   13.81 ms per token,    72.42 tokens per second)
llama_perf_context_print:       total time =     678.34 ms /   150 tokens
llama_perf_context_print:    graphs reused =         12
Llama.generate: 66 prefix-match found but partial kv removal not supported, re-evaluating full prompt
ggml_backend_cuda_graph_compute: CUDA graph warmup reset
ggml_backend_cuda_graph_compute: CUDA graph warmup reset
CUDA Graph id 1491 reused
ggml_backend_cuda_graph_compute: CUDA graph warmup complete
CUDA Graph id 1492 reused
ggml_backend_cuda_graph_compute: CUDA graph warmup complete
CUDA Graph id 1491 reused
CUDA Graph id 1492 reused
CUDA Graph id 1491 reused
CUDA Graph id 1492 reused
CUDA Graph id 1491 reused
CUDA Graph id 1492 reused
CUDA Graph id 1491 reused
CUDA Graph id 1492 reused
CUDA Graph id 1491 reused
CUDA Graph id 1492 reused
CUDA Graph id 1491 reused
CUDA Graph id 1492 reused
CUDA Graph id 1491 reused
CUDA Graph id 1492 reused
CUDA Graph id 1491 reused
CUDA Graph id 1492 reused
CUDA Graph id 1491 reused
CUDA Graph id 1492 reused
CUDA Graph id 1491 reused
CUDA Graph id 1492 reused
CUDA Graph id 1491 reused
CUDA Graph id 1492 reused
llama_perf_context_print:        load time =     475.48 ms
llama_perf_context_print: prompt eval time =     140.78 ms /   136 tokens (    1.04 ms per token,   966.07 tokens per second)
llama_perf_context_print:        eval time =     177.04 ms /    13 runs   (   13.62 ms per token,    73.43 tokens per second)
llama_perf_context_print:       total time =     655.99 ms /   149 tokens
llama_perf_context_print:    graphs reused =         12
Llama.generate: 65 prefix-match found but partial kv removal not supported, re-evaluating full prompt
ggml_backend_cuda_graph_compute: CUDA graph warmup reset
ggml_backend_cuda_graph_compute: CUDA graph warmup reset
CUDA Graph id 1499 reused
ggml_backend_cuda_graph_compute: CUDA graph warmup complete
CUDA Graph id 1500 reused
ggml_backend_cuda_graph_compute: CUDA graph warmup complete
CUDA Graph id 1499 reused
CUDA Graph id 1500 reused
CUDA Graph id 1499 reused
CUDA Graph id 1500 reused
CUDA Graph id 1499 reused
CUDA Graph id 1500 reused
CUDA Graph id 1499 reused
CUDA Graph id 1500 reused
CUDA Graph id 1499 reused
CUDA Graph id 1500 reused
CUDA Graph id 1499 reused
CUDA Graph id 1500 reused
CUDA Graph id 1499 reused
CUDA Graph id 1500 reused
CUDA Graph id 1499 reused
CUDA Graph id 1500 reused
CUDA Graph id 1499 reused
CUDA Graph id 1500 reused
CUDA Graph id 1499 reused
CUDA Graph id 1500 reused
CUDA Graph id 1499 reused
CUDA Graph id 1500 reused
llama_perf_context_print:        load time =     475.48 ms
llama_perf_context_print: prompt eval time =     140.39 ms /   139 tokens (    1.01 ms per token,   990.10 tokens per second)
llama_perf_context_print:        eval time =     177.14 ms /    13 runs   (   13.63 ms per token,    73.39 tokens per second)
llama_perf_context_print:       total time =     654.96 ms /   152 tokens
llama_perf_context_print:    graphs reused =         12
Llama.generate: 65 prefix-match found but partial kv removal not supported, re-evaluating full prompt
ggml_backend_cuda_graph_compute: CUDA graph warmup reset
ggml_backend_cuda_graph_compute: CUDA graph warmup reset
CUDA Graph id 1507 reused
ggml_backend_cuda_graph_compute: CUDA graph warmup complete
CUDA Graph id 1508 reused
ggml_backend_cuda_graph_compute: CUDA graph warmup complete
CUDA Graph id 1507 reused
CUDA Graph id 1508 reused
CUDA Graph id 1507 reused
CUDA Graph id 1508 reused
CUDA Graph id 1507 reused
CUDA Graph id 1508 reused
CUDA Graph id 1507 reused
CUDA Graph id 1508 reused
CUDA Graph id 1507 reused
CUDA Graph id 1508 reused
CUDA Graph id 1507 reused
CUDA Graph id 1508 reused
CUDA Graph id 1507 reused
CUDA Graph id 1508 reused
CUDA Graph id 1507 reused
CUDA Graph id 1508 reused
CUDA Graph id 1507 reused
CUDA Graph id 1508 reused
CUDA Graph id 1507 reused
CUDA Graph id 1508 reused
CUDA Graph id 1507 reused
CUDA Graph id 1508 reused
llama_perf_context_print:        load time =     475.48 ms
llama_perf_context_print: prompt eval time =     152.35 ms /   136 tokens (    1.12 ms per token,   892.69 tokens per second)
llama_perf_context_print:        eval time =     187.11 ms /    13 runs   (   14.39 ms per token,    69.48 tokens per second)
llama_perf_context_print:       total time =     674.66 ms /   149 tokens
llama_perf_context_print:    graphs reused =         12
Llama.generate: 65 prefix-match found but partial kv removal not supported, re-evaluating full prompt
ggml_backend_cuda_graph_compute: CUDA graph warmup reset
ggml_backend_cuda_graph_compute: CUDA graph warmup reset
CUDA Graph id 1515 reused
ggml_backend_cuda_graph_compute: CUDA graph warmup complete
CUDA Graph id 1516 reused
ggml_backend_cuda_graph_compute: CUDA graph warmup complete
CUDA Graph id 1515 reused
CUDA Graph id 1516 reused
CUDA Graph id 1515 reused
CUDA Graph id 1516 reused
CUDA Graph id 1515 reused
CUDA Graph id 1516 reused
CUDA Graph id 1515 reused
CUDA Graph id 1516 reused
CUDA Graph id 1515 reused
CUDA Graph id 1516 reused
CUDA Graph id 1515 reused
CUDA Graph id 1516 reused
CUDA Graph id 1515 reused
CUDA Graph id 1516 reused
CUDA Graph id 1515 reused
CUDA Graph id 1516 reused
CUDA Graph id 1515 reused
CUDA Graph id 1516 reused
CUDA Graph id 1515 reused
CUDA Graph id 1516 reused
CUDA Graph id 1515 reused
CUDA Graph id 1516 reused
llama_perf_context_print:        load time =     475.48 ms
llama_perf_context_print: prompt eval time =     151.87 ms /   138 tokens (    1.10 ms per token,   908.65 tokens per second)
llama_perf_context_print:        eval time =     176.14 ms /    13 runs   (   13.55 ms per token,    73.80 tokens per second)
llama_perf_context_print:       total time =     674.41 ms /   151 tokens
llama_perf_context_print:    graphs reused =         12
Llama.generate: 65 prefix-match found but partial kv removal not supported, re-evaluating full prompt
ggml_backend_cuda_graph_compute: CUDA graph warmup reset
ggml_backend_cuda_graph_compute: CUDA graph warmup reset
CUDA Graph id 1523 reused
ggml_backend_cuda_graph_compute: CUDA graph warmup complete
CUDA Graph id 1524 reused
ggml_backend_cuda_graph_compute: CUDA graph warmup complete
CUDA Graph id 1523 reused
CUDA Graph id 1524 reused
CUDA Graph id 1523 reused
CUDA Graph id 1524 reused
CUDA Graph id 1523 reused
CUDA Graph id 1524 reused
CUDA Graph id 1523 reused
CUDA Graph id 1524 reused
CUDA Graph id 1523 reused
CUDA Graph id 1524 reused
CUDA Graph id 1523 reused
CUDA Graph id 1524 reused
CUDA Graph id 1523 reused
CUDA Graph id 1524 reused
CUDA Graph id 1523 reused
CUDA Graph id 1524 reused
CUDA Graph id 1523 reused
CUDA Graph id 1524 reused
CUDA Graph id 1523 reused
CUDA Graph id 1524 reused
CUDA Graph id 1523 reused
CUDA Graph id 1524 reused
llama_perf_context_print:        load time =     475.48 ms
llama_perf_context_print: prompt eval time =     134.24 ms /   137 tokens (    0.98 ms per token,  1020.58 tokens per second)
llama_perf_context_print:        eval time =     173.10 ms /    13 runs   (   13.32 ms per token,    75.10 tokens per second)
llama_perf_context_print:       total time =     643.65 ms /   150 tokens
llama_perf_context_print:    graphs reused =         12
Llama.generate: 65 prefix-match found but partial kv removal not supported, re-evaluating full prompt
ggml_backend_cuda_graph_compute: CUDA graph warmup reset
ggml_backend_cuda_graph_compute: CUDA graph warmup reset
CUDA Graph id 1531 reused
ggml_backend_cuda_graph_compute: CUDA graph warmup complete
CUDA Graph id 1532 reused
ggml_backend_cuda_graph_compute: CUDA graph warmup complete
CUDA Graph id 1531 reused
CUDA Graph id 1532 reused
CUDA Graph id 1531 reused
CUDA Graph id 1532 reused
CUDA Graph id 1531 reused
CUDA Graph id 1532 reused
CUDA Graph id 1531 reused
CUDA Graph id 1532 reused
CUDA Graph id 1531 reused
CUDA Graph id 1532 reused
CUDA Graph id 1531 reused
CUDA Graph id 1532 reused
CUDA Graph id 1531 reused
CUDA Graph id 1532 reused
CUDA Graph id 1531 reused
CUDA Graph id 1532 reused
CUDA Graph id 1531 reused
CUDA Graph id 1532 reused
CUDA Graph id 1531 reused
CUDA Graph id 1532 reused
CUDA Graph id 1531 reused
CUDA Graph id 1532 reused
llama_perf_context_print:        load time =     475.48 ms
llama_perf_context_print: prompt eval time =     134.56 ms /   138 tokens (    0.98 ms per token,  1025.60 tokens per second)
llama_perf_context_print:        eval time =     172.84 ms /    13 runs   (   13.30 ms per token,    75.21 tokens per second)
llama_perf_context_print:       total time =     643.02 ms /   151 tokens
llama_perf_context_print:    graphs reused =         12
Llama.generate: 65 prefix-match found but partial kv removal not supported, re-evaluating full prompt
ggml_backend_cuda_graph_compute: CUDA graph warmup reset
ggml_backend_cuda_graph_compute: CUDA graph warmup reset
CUDA Graph id 1539 reused
ggml_backend_cuda_graph_compute: CUDA graph warmup complete
CUDA Graph id 1540 reused
ggml_backend_cuda_graph_compute: CUDA graph warmup complete
CUDA Graph id 1539 reused
CUDA Graph id 1540 reused
CUDA Graph id 1539 reused
CUDA Graph id 1540 reused
CUDA Graph id 1539 reused
CUDA Graph id 1540 reused
CUDA Graph id 1539 reused
CUDA Graph id 1540 reused
CUDA Graph id 1539 reused
CUDA Graph id 1540 reused
CUDA Graph id 1539 reused
CUDA Graph id 1540 reused
CUDA Graph id 1539 reused
CUDA Graph id 1540 reused
CUDA Graph id 1539 reused
CUDA Graph id 1540 reused
CUDA Graph id 1539 reused
CUDA Graph id 1540 reused
CUDA Graph id 1539 reused
CUDA Graph id 1540 reused
CUDA Graph id 1539 reused
CUDA Graph id 1540 reused
llama_perf_context_print:        load time =     475.48 ms
llama_perf_context_print: prompt eval time =     142.69 ms /   137 tokens (    1.04 ms per token,   960.12 tokens per second)
llama_perf_context_print:        eval time =     176.50 ms /    13 runs   (   13.58 ms per token,    73.66 tokens per second)
llama_perf_context_print:       total time =     646.68 ms /   150 tokens
llama_perf_context_print:    graphs reused =         12
Llama.generate: 66 prefix-match found but partial kv removal not supported, re-evaluating full prompt
ggml_backend_cuda_graph_compute: CUDA graph warmup reset
ggml_backend_cuda_graph_compute: CUDA graph warmup reset
CUDA Graph id 1547 reused
ggml_backend_cuda_graph_compute: CUDA graph warmup complete
CUDA Graph id 1548 reused
ggml_backend_cuda_graph_compute: CUDA graph warmup complete
CUDA Graph id 1547 reused
CUDA Graph id 1548 reused
CUDA Graph id 1547 reused
CUDA Graph id 1548 reused
CUDA Graph id 1547 reused
CUDA Graph id 1548 reused
CUDA Graph id 1547 reused
CUDA Graph id 1548 reused
CUDA Graph id 1547 reused
CUDA Graph id 1548 reused
CUDA Graph id 1547 reused
CUDA Graph id 1548 reused
CUDA Graph id 1547 reused
CUDA Graph id 1548 reused
CUDA Graph id 1547 reused
CUDA Graph id 1548 reused
CUDA Graph id 1547 reused
CUDA Graph id 1548 reused
CUDA Graph id 1547 reused
CUDA Graph id 1548 reused
CUDA Graph id 1547 reused
CUDA Graph id 1548 reused
llama_perf_context_print:        load time =     475.48 ms
llama_perf_context_print: prompt eval time =     136.70 ms /   138 tokens (    0.99 ms per token,  1009.52 tokens per second)
llama_perf_context_print:        eval time =     176.59 ms /    13 runs   (   13.58 ms per token,    73.62 tokens per second)
llama_perf_context_print:       total time =     643.30 ms /   151 tokens
llama_perf_context_print:    graphs reused =         12
Llama.generate: 66 prefix-match found but partial kv removal not supported, re-evaluating full prompt
ggml_backend_cuda_graph_compute: CUDA graph warmup reset
ggml_backend_cuda_graph_compute: CUDA graph warmup reset
CUDA Graph id 1555 reused
ggml_backend_cuda_graph_compute: CUDA graph warmup complete
CUDA Graph id 1556 reused
ggml_backend_cuda_graph_compute: CUDA graph warmup complete
CUDA Graph id 1555 reused
CUDA Graph id 1556 reused
CUDA Graph id 1555 reused
CUDA Graph id 1556 reused
CUDA Graph id 1555 reused
CUDA Graph id 1556 reused
CUDA Graph id 1555 reused
CUDA Graph id 1556 reused
CUDA Graph id 1555 reused
CUDA Graph id 1556 reused
CUDA Graph id 1555 reused
CUDA Graph id 1556 reused
CUDA Graph id 1555 reused
CUDA Graph id 1556 reused
CUDA Graph id 1555 reused
CUDA Graph id 1556 reused
CUDA Graph id 1555 reused
CUDA Graph id 1556 reused
CUDA Graph id 1555 reused
CUDA Graph id 1556 reused
CUDA Graph id 1555 reused
CUDA Graph id 1556 reused
llama_perf_context_print:        load time =     475.48 ms
llama_perf_context_print: prompt eval time =     144.80 ms /   136 tokens (    1.06 ms per token,   939.25 tokens per second)
llama_perf_context_print:        eval time =     172.48 ms /    13 runs   (   13.27 ms per token,    75.37 tokens per second)
llama_perf_context_print:       total time =     640.80 ms /   149 tokens
llama_perf_context_print:    graphs reused =         12
Llama.generate: 66 prefix-match found but partial kv removal not supported, re-evaluating full prompt
ggml_backend_cuda_graph_compute: CUDA graph warmup reset
ggml_backend_cuda_graph_compute: CUDA graph warmup reset
CUDA Graph id 1563 reused
ggml_backend_cuda_graph_compute: CUDA graph warmup complete
CUDA Graph id 1564 reused
ggml_backend_cuda_graph_compute: CUDA graph warmup complete
CUDA Graph id 1563 reused
CUDA Graph id 1564 reused
CUDA Graph id 1563 reused
CUDA Graph id 1564 reused
CUDA Graph id 1563 reused
CUDA Graph id 1564 reused
CUDA Graph id 1563 reused
CUDA Graph id 1564 reused
CUDA Graph id 1563 reused
CUDA Graph id 1564 reused
CUDA Graph id 1563 reused
CUDA Graph id 1564 reused
CUDA Graph id 1563 reused
CUDA Graph id 1564 reused
CUDA Graph id 1563 reused
CUDA Graph id 1564 reused
CUDA Graph id 1563 reused
CUDA Graph id 1564 reused
CUDA Graph id 1563 reused
CUDA Graph id 1564 reused
CUDA Graph id 1563 reused
CUDA Graph id 1564 reused
llama_perf_context_print:        load time =     475.48 ms
llama_perf_context_print: prompt eval time =     130.88 ms /   136 tokens (    0.96 ms per token,  1039.15 tokens per second)
llama_perf_context_print:        eval time =     171.30 ms /    13 runs   (   13.18 ms per token,    75.89 tokens per second)
llama_perf_context_print:       total time =     634.22 ms /   149 tokens
llama_perf_context_print:    graphs reused =         12
Llama.generate: 66 prefix-match found but partial kv removal not supported, re-evaluating full prompt
ggml_backend_cuda_graph_compute: CUDA graph warmup reset
ggml_backend_cuda_graph_compute: CUDA graph warmup reset
CUDA Graph id 1571 reused
ggml_backend_cuda_graph_compute: CUDA graph warmup complete
CUDA Graph id 1572 reused
ggml_backend_cuda_graph_compute: CUDA graph warmup complete
CUDA Graph id 1571 reused
CUDA Graph id 1572 reused
CUDA Graph id 1571 reused
CUDA Graph id 1572 reused
CUDA Graph id 1571 reused
CUDA Graph id 1572 reused
CUDA Graph id 1571 reused
CUDA Graph id 1572 reused
CUDA Graph id 1571 reused
CUDA Graph id 1572 reused
CUDA Graph id 1571 reused
CUDA Graph id 1572 reused
CUDA Graph id 1571 reused
CUDA Graph id 1572 reused
CUDA Graph id 1571 reused
CUDA Graph id 1572 reused
CUDA Graph id 1571 reused
CUDA Graph id 1572 reused
CUDA Graph id 1571 reused
CUDA Graph id 1572 reused
CUDA Graph id 1571 reused
CUDA Graph id 1572 reused
llama_perf_context_print:        load time =     475.48 ms
llama_perf_context_print: prompt eval time =     131.08 ms /   137 tokens (    0.96 ms per token,  1045.15 tokens per second)
llama_perf_context_print:        eval time =     172.59 ms /    13 runs   (   13.28 ms per token,    75.32 tokens per second)
llama_perf_context_print:       total time =     631.63 ms /   150 tokens
llama_perf_context_print:    graphs reused =         12
Llama.generate: 65 prefix-match found but partial kv removal not supported, re-evaluating full prompt
ggml_backend_cuda_graph_compute: CUDA graph warmup reset
ggml_backend_cuda_graph_compute: CUDA graph warmup reset
CUDA Graph id 1579 reused
ggml_backend_cuda_graph_compute: CUDA graph warmup complete
CUDA Graph id 1580 reused
ggml_backend_cuda_graph_compute: CUDA graph warmup complete
CUDA Graph id 1579 reused
CUDA Graph id 1580 reused
CUDA Graph id 1579 reused
CUDA Graph id 1580 reused
CUDA Graph id 1579 reused
CUDA Graph id 1580 reused
CUDA Graph id 1579 reused
CUDA Graph id 1580 reused
CUDA Graph id 1579 reused
CUDA Graph id 1580 reused
CUDA Graph id 1579 reused
CUDA Graph id 1580 reused
CUDA Graph id 1579 reused
CUDA Graph id 1580 reused
CUDA Graph id 1579 reused
CUDA Graph id 1580 reused
CUDA Graph id 1579 reused
CUDA Graph id 1580 reused
CUDA Graph id 1579 reused
CUDA Graph id 1580 reused
CUDA Graph id 1579 reused
CUDA Graph id 1580 reused
llama_perf_context_print:        load time =     475.48 ms
llama_perf_context_print: prompt eval time =     162.36 ms /   138 tokens (    1.18 ms per token,   849.98 tokens per second)
llama_perf_context_print:        eval time =     177.39 ms /    13 runs   (   13.65 ms per token,    73.29 tokens per second)
llama_perf_context_print:       total time =     668.52 ms /   151 tokens
llama_perf_context_print:    graphs reused =         12
Llama.generate: 65 prefix-match found but partial kv removal not supported, re-evaluating full prompt
ggml_backend_cuda_graph_compute: CUDA graph warmup reset
ggml_backend_cuda_graph_compute: CUDA graph warmup reset
CUDA Graph id 1587 reused
ggml_backend_cuda_graph_compute: CUDA graph warmup complete
CUDA Graph id 1588 reused
ggml_backend_cuda_graph_compute: CUDA graph warmup complete
CUDA Graph id 1587 reused
CUDA Graph id 1588 reused
CUDA Graph id 1587 reused
CUDA Graph id 1588 reused
CUDA Graph id 1587 reused
CUDA Graph id 1588 reused
CUDA Graph id 1587 reused
CUDA Graph id 1588 reused
CUDA Graph id 1587 reused
CUDA Graph id 1588 reused
CUDA Graph id 1587 reused
CUDA Graph id 1588 reused
CUDA Graph id 1587 reused
CUDA Graph id 1588 reused
CUDA Graph id 1587 reused
CUDA Graph id 1588 reused
CUDA Graph id 1587 reused
CUDA Graph id 1588 reused
CUDA Graph id 1587 reused
CUDA Graph id 1588 reused
CUDA Graph id 1587 reused
CUDA Graph id 1588 reused
llama_perf_context_print:        load time =     475.48 ms
llama_perf_context_print: prompt eval time =     136.19 ms /   136 tokens (    1.00 ms per token,   998.63 tokens per second)
llama_perf_context_print:        eval time =     175.55 ms /    13 runs   (   13.50 ms per token,    74.05 tokens per second)
llama_perf_context_print:       total time =     637.42 ms /   149 tokens
llama_perf_context_print:    graphs reused =         12
Llama.generate: 65 prefix-match found but partial kv removal not supported, re-evaluating full prompt
ggml_backend_cuda_graph_compute: CUDA graph warmup reset
ggml_backend_cuda_graph_compute: CUDA graph warmup reset
CUDA Graph id 1595 reused
ggml_backend_cuda_graph_compute: CUDA graph warmup complete
CUDA Graph id 1596 reused
ggml_backend_cuda_graph_compute: CUDA graph warmup complete
CUDA Graph id 1595 reused
CUDA Graph id 1596 reused
CUDA Graph id 1595 reused
CUDA Graph id 1596 reused
CUDA Graph id 1595 reused
CUDA Graph id 1596 reused
CUDA Graph id 1595 reused
CUDA Graph id 1596 reused
CUDA Graph id 1595 reused
CUDA Graph id 1596 reused
CUDA Graph id 1595 reused
CUDA Graph id 1596 reused
CUDA Graph id 1595 reused
CUDA Graph id 1596 reused
CUDA Graph id 1595 reused
CUDA Graph id 1596 reused
CUDA Graph id 1595 reused
CUDA Graph id 1596 reused
CUDA Graph id 1595 reused
CUDA Graph id 1596 reused
CUDA Graph id 1595 reused
CUDA Graph id 1596 reused
llama_perf_context_print:        load time =     475.48 ms
llama_perf_context_print: prompt eval time =     136.73 ms /   138 tokens (    0.99 ms per token,  1009.30 tokens per second)
llama_perf_context_print:        eval time =     175.10 ms /    13 runs   (   13.47 ms per token,    74.24 tokens per second)
llama_perf_context_print:       total time =     643.18 ms /   151 tokens
llama_perf_context_print:    graphs reused =         12
Llama.generate: 66 prefix-match found but partial kv removal not supported, re-evaluating full prompt
ggml_backend_cuda_graph_compute: CUDA graph warmup reset
ggml_backend_cuda_graph_compute: CUDA graph warmup reset
CUDA Graph id 1603 reused
ggml_backend_cuda_graph_compute: CUDA graph warmup complete
CUDA Graph id 1604 reused
ggml_backend_cuda_graph_compute: CUDA graph warmup complete
CUDA Graph id 1603 reused
CUDA Graph id 1604 reused
CUDA Graph id 1603 reused
CUDA Graph id 1604 reused
CUDA Graph id 1603 reused
CUDA Graph id 1604 reused
CUDA Graph id 1603 reused
CUDA Graph id 1604 reused
CUDA Graph id 1603 reused
CUDA Graph id 1604 reused
CUDA Graph id 1603 reused
CUDA Graph id 1604 reused
CUDA Graph id 1603 reused
CUDA Graph id 1604 reused
CUDA Graph id 1603 reused
CUDA Graph id 1604 reused
CUDA Graph id 1603 reused
CUDA Graph id 1604 reused
CUDA Graph id 1603 reused
CUDA Graph id 1604 reused
CUDA Graph id 1603 reused
CUDA Graph id 1604 reused
llama_perf_context_print:        load time =     475.48 ms
llama_perf_context_print: prompt eval time =     146.99 ms /   138 tokens (    1.07 ms per token,   938.87 tokens per second)
llama_perf_context_print:        eval time =     179.43 ms /    13 runs   (   13.80 ms per token,    72.45 tokens per second)
llama_perf_context_print:       total time =     664.81 ms /   151 tokens
llama_perf_context_print:    graphs reused =         12
Llama.generate: 65 prefix-match found but partial kv removal not supported, re-evaluating full prompt
ggml_backend_cuda_graph_compute: CUDA graph warmup reset
ggml_backend_cuda_graph_compute: CUDA graph warmup reset
CUDA Graph id 1611 reused
ggml_backend_cuda_graph_compute: CUDA graph warmup complete
CUDA Graph id 1612 reused
ggml_backend_cuda_graph_compute: CUDA graph warmup complete
CUDA Graph id 1611 reused
CUDA Graph id 1612 reused
CUDA Graph id 1611 reused
CUDA Graph id 1612 reused
CUDA Graph id 1611 reused
CUDA Graph id 1612 reused
CUDA Graph id 1611 reused
CUDA Graph id 1612 reused
CUDA Graph id 1611 reused
CUDA Graph id 1612 reused
CUDA Graph id 1611 reused
CUDA Graph id 1612 reused
CUDA Graph id 1611 reused
CUDA Graph id 1612 reused
CUDA Graph id 1611 reused
CUDA Graph id 1612 reused
CUDA Graph id 1611 reused
CUDA Graph id 1612 reused
CUDA Graph id 1611 reused
CUDA Graph id 1612 reused
CUDA Graph id 1611 reused
CUDA Graph id 1612 reused
llama_perf_context_print:        load time =     475.48 ms
llama_perf_context_print: prompt eval time =     139.93 ms /   137 tokens (    1.02 ms per token,   979.07 tokens per second)
llama_perf_context_print:        eval time =     180.00 ms /    13 runs   (   13.85 ms per token,    72.22 tokens per second)
llama_perf_context_print:       total time =     648.62 ms /   150 tokens
llama_perf_context_print:    graphs reused =         12
Llama.generate: 65 prefix-match found but partial kv removal not supported, re-evaluating full prompt
ggml_backend_cuda_graph_compute: CUDA graph warmup reset
ggml_backend_cuda_graph_compute: CUDA graph warmup reset
CUDA Graph id 1619 reused
ggml_backend_cuda_graph_compute: CUDA graph warmup complete
CUDA Graph id 1620 reused
ggml_backend_cuda_graph_compute: CUDA graph warmup complete
CUDA Graph id 1619 reused
CUDA Graph id 1620 reused
CUDA Graph id 1619 reused
CUDA Graph id 1620 reused
CUDA Graph id 1619 reused
CUDA Graph id 1620 reused
CUDA Graph id 1619 reused
CUDA Graph id 1620 reused
CUDA Graph id 1619 reused
CUDA Graph id 1620 reused
CUDA Graph id 1619 reused
CUDA Graph id 1620 reused
CUDA Graph id 1619 reused
CUDA Graph id 1620 reused
CUDA Graph id 1619 reused
CUDA Graph id 1620 reused
CUDA Graph id 1619 reused
CUDA Graph id 1620 reused
CUDA Graph id 1619 reused
CUDA Graph id 1620 reused
CUDA Graph id 1619 reused
CUDA Graph id 1620 reused
llama_perf_context_print:        load time =     475.48 ms
llama_perf_context_print: prompt eval time =     150.02 ms /   137 tokens (    1.10 ms per token,   913.24 tokens per second)
llama_perf_context_print:        eval time =     183.41 ms /    13 runs   (   14.11 ms per token,    70.88 tokens per second)
llama_perf_context_print:       total time =     667.25 ms /   150 tokens
llama_perf_context_print:    graphs reused =         12
Llama.generate: 66 prefix-match found but partial kv removal not supported, re-evaluating full prompt
ggml_backend_cuda_graph_compute: CUDA graph warmup reset
ggml_backend_cuda_graph_compute: CUDA graph warmup reset
CUDA Graph id 1627 reused
ggml_backend_cuda_graph_compute: CUDA graph warmup complete
CUDA Graph id 1628 reused
ggml_backend_cuda_graph_compute: CUDA graph warmup complete
CUDA Graph id 1627 reused
CUDA Graph id 1628 reused
CUDA Graph id 1627 reused
CUDA Graph id 1628 reused
CUDA Graph id 1627 reused
CUDA Graph id 1628 reused
CUDA Graph id 1627 reused
CUDA Graph id 1628 reused
CUDA Graph id 1627 reused
CUDA Graph id 1628 reused
CUDA Graph id 1627 reused
CUDA Graph id 1628 reused
CUDA Graph id 1627 reused
CUDA Graph id 1628 reused
CUDA Graph id 1627 reused
CUDA Graph id 1628 reused
CUDA Graph id 1627 reused
CUDA Graph id 1628 reused
CUDA Graph id 1627 reused
CUDA Graph id 1628 reused
CUDA Graph id 1627 reused
CUDA Graph id 1628 reused
llama_perf_context_print:        load time =     475.48 ms
llama_perf_context_print: prompt eval time =     156.28 ms /   139 tokens (    1.12 ms per token,   889.43 tokens per second)
llama_perf_context_print:        eval time =     182.79 ms /    13 runs   (   14.06 ms per token,    71.12 tokens per second)
llama_perf_context_print:       total time =     670.00 ms /   152 tokens
llama_perf_context_print:    graphs reused =         12
Llama.generate: 65 prefix-match found but partial kv removal not supported, re-evaluating full prompt
ggml_backend_cuda_graph_compute: CUDA graph warmup reset
ggml_backend_cuda_graph_compute: CUDA graph warmup reset
CUDA Graph id 1635 reused
ggml_backend_cuda_graph_compute: CUDA graph warmup complete
CUDA Graph id 1636 reused
ggml_backend_cuda_graph_compute: CUDA graph warmup complete
CUDA Graph id 1635 reused
CUDA Graph id 1636 reused
CUDA Graph id 1635 reused
CUDA Graph id 1636 reused
CUDA Graph id 1635 reused
CUDA Graph id 1636 reused
CUDA Graph id 1635 reused
CUDA Graph id 1636 reused
CUDA Graph id 1635 reused
CUDA Graph id 1636 reused
CUDA Graph id 1635 reused
CUDA Graph id 1636 reused
CUDA Graph id 1635 reused
CUDA Graph id 1636 reused
CUDA Graph id 1635 reused
CUDA Graph id 1636 reused
CUDA Graph id 1635 reused
CUDA Graph id 1636 reused
CUDA Graph id 1635 reused
CUDA Graph id 1636 reused
CUDA Graph id 1635 reused
CUDA Graph id 1636 reused
llama_perf_context_print:        load time =     475.48 ms
llama_perf_context_print: prompt eval time =     148.36 ms /   137 tokens (    1.08 ms per token,   923.43 tokens per second)
llama_perf_context_print:        eval time =     181.98 ms /    13 runs   (   14.00 ms per token,    71.44 tokens per second)
llama_perf_context_print:       total time =     660.72 ms /   150 tokens
llama_perf_context_print:    graphs reused =         12
Llama.generate: 66 prefix-match found but partial kv removal not supported, re-evaluating full prompt
ggml_backend_cuda_graph_compute: CUDA graph warmup reset
ggml_backend_cuda_graph_compute: CUDA graph warmup reset
CUDA Graph id 1643 reused
ggml_backend_cuda_graph_compute: CUDA graph warmup complete
CUDA Graph id 1644 reused
ggml_backend_cuda_graph_compute: CUDA graph warmup complete
CUDA Graph id 1643 reused
CUDA Graph id 1644 reused
CUDA Graph id 1643 reused
CUDA Graph id 1644 reused
CUDA Graph id 1643 reused
CUDA Graph id 1644 reused
CUDA Graph id 1643 reused
CUDA Graph id 1644 reused
CUDA Graph id 1643 reused
CUDA Graph id 1644 reused
CUDA Graph id 1643 reused
CUDA Graph id 1644 reused
CUDA Graph id 1643 reused
CUDA Graph id 1644 reused
CUDA Graph id 1643 reused
CUDA Graph id 1644 reused
CUDA Graph id 1643 reused
CUDA Graph id 1644 reused
CUDA Graph id 1643 reused
CUDA Graph id 1644 reused
CUDA Graph id 1643 reused
CUDA Graph id 1644 reused
llama_perf_context_print:        load time =     475.48 ms
llama_perf_context_print: prompt eval time =     146.99 ms /   136 tokens (    1.08 ms per token,   925.23 tokens per second)
llama_perf_context_print:        eval time =     180.97 ms /    13 runs   (   13.92 ms per token,    71.84 tokens per second)
llama_perf_context_print:       total time =     670.51 ms /   149 tokens
llama_perf_context_print:    graphs reused =         12
Llama.generate: 66 prefix-match found but partial kv removal not supported, re-evaluating full prompt
ggml_backend_cuda_graph_compute: CUDA graph warmup reset
ggml_backend_cuda_graph_compute: CUDA graph warmup reset
CUDA Graph id 1651 reused
ggml_backend_cuda_graph_compute: CUDA graph warmup complete
CUDA Graph id 1652 reused
ggml_backend_cuda_graph_compute: CUDA graph warmup complete
CUDA Graph id 1651 reused
CUDA Graph id 1652 reused
CUDA Graph id 1651 reused
CUDA Graph id 1652 reused
CUDA Graph id 1651 reused
CUDA Graph id 1652 reused
CUDA Graph id 1651 reused
CUDA Graph id 1652 reused
CUDA Graph id 1651 reused
CUDA Graph id 1652 reused
CUDA Graph id 1651 reused
CUDA Graph id 1652 reused
CUDA Graph id 1651 reused
CUDA Graph id 1652 reused
CUDA Graph id 1651 reused
CUDA Graph id 1652 reused
CUDA Graph id 1651 reused
CUDA Graph id 1652 reused
CUDA Graph id 1651 reused
CUDA Graph id 1652 reused
CUDA Graph id 1651 reused
CUDA Graph id 1652 reused
llama_perf_context_print:        load time =     475.48 ms
llama_perf_context_print: prompt eval time =     146.02 ms /   137 tokens (    1.07 ms per token,   938.22 tokens per second)
llama_perf_context_print:        eval time =     181.12 ms /    13 runs   (   13.93 ms per token,    71.78 tokens per second)
llama_perf_context_print:       total time =     661.09 ms /   150 tokens
llama_perf_context_print:    graphs reused =         12
Llama.generate: 66 prefix-match found but partial kv removal not supported, re-evaluating full prompt
ggml_backend_cuda_graph_compute: CUDA graph warmup reset
ggml_backend_cuda_graph_compute: CUDA graph warmup reset
CUDA Graph id 1659 reused
ggml_backend_cuda_graph_compute: CUDA graph warmup complete
CUDA Graph id 1660 reused
ggml_backend_cuda_graph_compute: CUDA graph warmup complete
CUDA Graph id 1659 reused
CUDA Graph id 1660 reused
CUDA Graph id 1659 reused
CUDA Graph id 1660 reused
CUDA Graph id 1659 reused
CUDA Graph id 1660 reused
CUDA Graph id 1659 reused
CUDA Graph id 1660 reused
CUDA Graph id 1659 reused
CUDA Graph id 1660 reused
CUDA Graph id 1659 reused
CUDA Graph id 1660 reused
CUDA Graph id 1659 reused
CUDA Graph id 1660 reused
CUDA Graph id 1659 reused
CUDA Graph id 1660 reused
CUDA Graph id 1659 reused
CUDA Graph id 1660 reused
CUDA Graph id 1659 reused
CUDA Graph id 1660 reused
CUDA Graph id 1659 reused
CUDA Graph id 1660 reused
llama_perf_context_print:        load time =     475.48 ms
llama_perf_context_print: prompt eval time =     151.91 ms /   137 tokens (    1.11 ms per token,   901.84 tokens per second)
llama_perf_context_print:        eval time =     190.07 ms /    13 runs   (   14.62 ms per token,    68.39 tokens per second)
llama_perf_context_print:       total time =     685.39 ms /   150 tokens
llama_perf_context_print:    graphs reused =         12
Llama.generate: 66 prefix-match found but partial kv removal not supported, re-evaluating full prompt
ggml_backend_cuda_graph_compute: CUDA graph warmup reset
ggml_backend_cuda_graph_compute: CUDA graph warmup reset
CUDA Graph id 1667 reused
ggml_backend_cuda_graph_compute: CUDA graph warmup complete
CUDA Graph id 1668 reused
ggml_backend_cuda_graph_compute: CUDA graph warmup complete
CUDA Graph id 1667 reused
CUDA Graph id 1668 reused
CUDA Graph id 1667 reused
CUDA Graph id 1668 reused
CUDA Graph id 1667 reused
CUDA Graph id 1668 reused
CUDA Graph id 1667 reused
CUDA Graph id 1668 reused
CUDA Graph id 1667 reused
CUDA Graph id 1668 reused
CUDA Graph id 1667 reused
CUDA Graph id 1668 reused
CUDA Graph id 1667 reused
CUDA Graph id 1668 reused
CUDA Graph id 1667 reused
CUDA Graph id 1668 reused
CUDA Graph id 1667 reused
CUDA Graph id 1668 reused
CUDA Graph id 1667 reused
CUDA Graph id 1668 reused
CUDA Graph id 1667 reused
CUDA Graph id 1668 reused
llama_perf_context_print:        load time =     475.48 ms
llama_perf_context_print: prompt eval time =     170.09 ms /   137 tokens (    1.24 ms per token,   805.44 tokens per second)
llama_perf_context_print:        eval time =     195.63 ms /    13 runs   (   15.05 ms per token,    66.45 tokens per second)
llama_perf_context_print:       total time =     698.18 ms /   150 tokens
llama_perf_context_print:    graphs reused =         12
Llama.generate: 65 prefix-match found but partial kv removal not supported, re-evaluating full prompt
ggml_backend_cuda_graph_compute: CUDA graph warmup reset
ggml_backend_cuda_graph_compute: CUDA graph warmup reset
CUDA Graph id 1675 reused
ggml_backend_cuda_graph_compute: CUDA graph warmup complete
CUDA Graph id 1676 reused
ggml_backend_cuda_graph_compute: CUDA graph warmup complete
CUDA Graph id 1675 reused
CUDA Graph id 1676 reused
CUDA Graph id 1675 reused
CUDA Graph id 1676 reused
CUDA Graph id 1675 reused
CUDA Graph id 1676 reused
CUDA Graph id 1675 reused
CUDA Graph id 1676 reused
CUDA Graph id 1675 reused
CUDA Graph id 1676 reused
CUDA Graph id 1675 reused
CUDA Graph id 1676 reused
CUDA Graph id 1675 reused
CUDA Graph id 1676 reused
CUDA Graph id 1675 reused
CUDA Graph id 1676 reused
CUDA Graph id 1675 reused
CUDA Graph id 1676 reused
CUDA Graph id 1675 reused
CUDA Graph id 1676 reused
CUDA Graph id 1675 reused
CUDA Graph id 1676 reused
llama_perf_context_print:        load time =     475.48 ms
llama_perf_context_print: prompt eval time =     169.49 ms /   135 tokens (    1.26 ms per token,   796.53 tokens per second)
llama_perf_context_print:        eval time =     179.25 ms /    13 runs   (   13.79 ms per token,    72.52 tokens per second)
llama_perf_context_print:       total time =     679.27 ms /   148 tokens
llama_perf_context_print:    graphs reused =         12
Llama.generate: 65 prefix-match found but partial kv removal not supported, re-evaluating full prompt
ggml_backend_cuda_graph_compute: CUDA graph warmup reset
ggml_backend_cuda_graph_compute: CUDA graph warmup reset
CUDA Graph id 1683 reused
ggml_backend_cuda_graph_compute: CUDA graph warmup complete
CUDA Graph id 1684 reused
ggml_backend_cuda_graph_compute: CUDA graph warmup complete
CUDA Graph id 1683 reused
CUDA Graph id 1684 reused
CUDA Graph id 1683 reused
CUDA Graph id 1684 reused
CUDA Graph id 1683 reused
CUDA Graph id 1684 reused
CUDA Graph id 1683 reused
CUDA Graph id 1684 reused
CUDA Graph id 1683 reused
CUDA Graph id 1684 reused
CUDA Graph id 1683 reused
CUDA Graph id 1684 reused
CUDA Graph id 1683 reused
CUDA Graph id 1684 reused
CUDA Graph id 1683 reused
CUDA Graph id 1684 reused
CUDA Graph id 1683 reused
CUDA Graph id 1684 reused
CUDA Graph id 1683 reused
CUDA Graph id 1684 reused
CUDA Graph id 1683 reused
CUDA Graph id 1684 reused
llama_perf_context_print:        load time =     475.48 ms
llama_perf_context_print: prompt eval time =     141.23 ms /   138 tokens (    1.02 ms per token,   977.14 tokens per second)
llama_perf_context_print:        eval time =     175.20 ms /    13 runs   (   13.48 ms per token,    74.20 tokens per second)
llama_perf_context_print:       total time =     645.64 ms /   151 tokens
llama_perf_context_print:    graphs reused =         12
Llama.generate: 65 prefix-match found but partial kv removal not supported, re-evaluating full prompt
ggml_backend_cuda_graph_compute: CUDA graph warmup reset
ggml_backend_cuda_graph_compute: CUDA graph warmup reset
CUDA Graph id 1691 reused
ggml_backend_cuda_graph_compute: CUDA graph warmup complete
CUDA Graph id 1692 reused
ggml_backend_cuda_graph_compute: CUDA graph warmup complete
CUDA Graph id 1691 reused
CUDA Graph id 1692 reused
CUDA Graph id 1691 reused
CUDA Graph id 1692 reused
CUDA Graph id 1691 reused
CUDA Graph id 1692 reused
CUDA Graph id 1691 reused
CUDA Graph id 1692 reused
CUDA Graph id 1691 reused
CUDA Graph id 1692 reused
CUDA Graph id 1691 reused
CUDA Graph id 1692 reused
CUDA Graph id 1691 reused
CUDA Graph id 1692 reused
CUDA Graph id 1691 reused
CUDA Graph id 1692 reused
CUDA Graph id 1691 reused
CUDA Graph id 1692 reused
CUDA Graph id 1691 reused
CUDA Graph id 1692 reused
CUDA Graph id 1691 reused
CUDA Graph id 1692 reused
llama_perf_context_print:        load time =     475.48 ms
llama_perf_context_print: prompt eval time =     137.62 ms /   138 tokens (    1.00 ms per token,  1002.76 tokens per second)
llama_perf_context_print:        eval time =     174.92 ms /    13 runs   (   13.46 ms per token,    74.32 tokens per second)
llama_perf_context_print:       total time =     655.60 ms /   151 tokens
llama_perf_context_print:    graphs reused =         12
Llama.generate: 66 prefix-match found but partial kv removal not supported, re-evaluating full prompt
ggml_backend_cuda_graph_compute: CUDA graph warmup reset
ggml_backend_cuda_graph_compute: CUDA graph warmup reset
CUDA Graph id 1699 reused
ggml_backend_cuda_graph_compute: CUDA graph warmup complete
CUDA Graph id 1700 reused
ggml_backend_cuda_graph_compute: CUDA graph warmup complete
CUDA Graph id 1699 reused
CUDA Graph id 1700 reused
CUDA Graph id 1699 reused
CUDA Graph id 1700 reused
CUDA Graph id 1699 reused
CUDA Graph id 1700 reused
CUDA Graph id 1699 reused
CUDA Graph id 1700 reused
CUDA Graph id 1699 reused
CUDA Graph id 1700 reused
CUDA Graph id 1699 reused
CUDA Graph id 1700 reused
CUDA Graph id 1699 reused
CUDA Graph id 1700 reused
CUDA Graph id 1699 reused
CUDA Graph id 1700 reused
CUDA Graph id 1699 reused
CUDA Graph id 1700 reused
CUDA Graph id 1699 reused
CUDA Graph id 1700 reused
CUDA Graph id 1699 reused
CUDA Graph id 1700 reused
llama_perf_context_print:        load time =     475.48 ms
llama_perf_context_print: prompt eval time =     152.53 ms /   138 tokens (    1.11 ms per token,   904.74 tokens per second)
llama_perf_context_print:        eval time =     183.19 ms /    13 runs   (   14.09 ms per token,    70.96 tokens per second)
llama_perf_context_print:       total time =     683.52 ms /   151 tokens
llama_perf_context_print:    graphs reused =         12
Llama.generate: 66 prefix-match found but partial kv removal not supported, re-evaluating full prompt
ggml_backend_cuda_graph_compute: CUDA graph warmup reset
ggml_backend_cuda_graph_compute: CUDA graph warmup reset
CUDA Graph id 1707 reused
ggml_backend_cuda_graph_compute: CUDA graph warmup complete
CUDA Graph id 1708 reused
ggml_backend_cuda_graph_compute: CUDA graph warmup complete
CUDA Graph id 1707 reused
CUDA Graph id 1708 reused
CUDA Graph id 1707 reused
CUDA Graph id 1708 reused
CUDA Graph id 1707 reused
CUDA Graph id 1708 reused
CUDA Graph id 1707 reused
CUDA Graph id 1708 reused
CUDA Graph id 1707 reused
CUDA Graph id 1708 reused
CUDA Graph id 1707 reused
CUDA Graph id 1708 reused
CUDA Graph id 1707 reused
CUDA Graph id 1708 reused
CUDA Graph id 1707 reused
CUDA Graph id 1708 reused
CUDA Graph id 1707 reused
CUDA Graph id 1708 reused
CUDA Graph id 1707 reused
CUDA Graph id 1708 reused
CUDA Graph id 1707 reused
CUDA Graph id 1708 reused
llama_perf_context_print:        load time =     475.48 ms
llama_perf_context_print: prompt eval time =     168.34 ms /   139 tokens (    1.21 ms per token,   825.70 tokens per second)
llama_perf_context_print:        eval time =     178.03 ms /    13 runs   (   13.69 ms per token,    73.02 tokens per second)
llama_perf_context_print:       total time =     675.16 ms /   152 tokens
llama_perf_context_print:    graphs reused =         12
Llama.generate: 65 prefix-match found but partial kv removal not supported, re-evaluating full prompt
ggml_backend_cuda_graph_compute: CUDA graph warmup reset
ggml_backend_cuda_graph_compute: CUDA graph warmup reset
CUDA Graph id 1715 reused
ggml_backend_cuda_graph_compute: CUDA graph warmup complete
CUDA Graph id 1716 reused
ggml_backend_cuda_graph_compute: CUDA graph warmup complete
CUDA Graph id 1715 reused
CUDA Graph id 1716 reused
CUDA Graph id 1715 reused
CUDA Graph id 1716 reused
CUDA Graph id 1715 reused
CUDA Graph id 1716 reused
CUDA Graph id 1715 reused
CUDA Graph id 1716 reused
CUDA Graph id 1715 reused
CUDA Graph id 1716 reused
CUDA Graph id 1715 reused
CUDA Graph id 1716 reused
CUDA Graph id 1715 reused
CUDA Graph id 1716 reused
CUDA Graph id 1715 reused
CUDA Graph id 1716 reused
CUDA Graph id 1715 reused
CUDA Graph id 1716 reused
CUDA Graph id 1715 reused
CUDA Graph id 1716 reused
CUDA Graph id 1715 reused
CUDA Graph id 1716 reused
llama_perf_context_print:        load time =     475.48 ms
llama_perf_context_print: prompt eval time =     139.67 ms /   138 tokens (    1.01 ms per token,   988.01 tokens per second)
llama_perf_context_print:        eval time =     173.97 ms /    13 runs   (   13.38 ms per token,    74.72 tokens per second)
llama_perf_context_print:       total time =     644.79 ms /   151 tokens
llama_perf_context_print:    graphs reused =         12
Llama.generate: 67 prefix-match found but partial kv removal not supported, re-evaluating full prompt
ggml_backend_cuda_graph_compute: CUDA graph warmup reset
ggml_backend_cuda_graph_compute: CUDA graph warmup reset
CUDA Graph id 1723 reused
ggml_backend_cuda_graph_compute: CUDA graph warmup complete
CUDA Graph id 1724 reused
ggml_backend_cuda_graph_compute: CUDA graph warmup complete
CUDA Graph id 1723 reused
CUDA Graph id 1724 reused
CUDA Graph id 1723 reused
CUDA Graph id 1724 reused
CUDA Graph id 1723 reused
CUDA Graph id 1724 reused
CUDA Graph id 1723 reused
CUDA Graph id 1724 reused
CUDA Graph id 1723 reused
CUDA Graph id 1724 reused
CUDA Graph id 1723 reused
CUDA Graph id 1724 reused
CUDA Graph id 1723 reused
CUDA Graph id 1724 reused
CUDA Graph id 1723 reused
CUDA Graph id 1724 reused
CUDA Graph id 1723 reused
CUDA Graph id 1724 reused
CUDA Graph id 1723 reused
CUDA Graph id 1724 reused
CUDA Graph id 1723 reused
CUDA Graph id 1724 reused
llama_perf_context_print:        load time =     475.48 ms
llama_perf_context_print: prompt eval time =     135.13 ms /   137 tokens (    0.99 ms per token,  1013.82 tokens per second)
llama_perf_context_print:        eval time =     173.58 ms /    13 runs   (   13.35 ms per token,    74.89 tokens per second)
llama_perf_context_print:       total time =     638.36 ms /   150 tokens
llama_perf_context_print:    graphs reused =         12
Llama.generate: 66 prefix-match found but partial kv removal not supported, re-evaluating full prompt
ggml_backend_cuda_graph_compute: CUDA graph warmup reset
ggml_backend_cuda_graph_compute: CUDA graph warmup reset
CUDA Graph id 1731 reused
ggml_backend_cuda_graph_compute: CUDA graph warmup complete
CUDA Graph id 1732 reused
ggml_backend_cuda_graph_compute: CUDA graph warmup complete
CUDA Graph id 1731 reused
CUDA Graph id 1732 reused
CUDA Graph id 1731 reused
CUDA Graph id 1732 reused
CUDA Graph id 1731 reused
CUDA Graph id 1732 reused
CUDA Graph id 1731 reused
CUDA Graph id 1732 reused
CUDA Graph id 1731 reused
CUDA Graph id 1732 reused
CUDA Graph id 1731 reused
CUDA Graph id 1732 reused
CUDA Graph id 1731 reused
CUDA Graph id 1732 reused
CUDA Graph id 1731 reused
CUDA Graph id 1732 reused
CUDA Graph id 1731 reused
CUDA Graph id 1732 reused
CUDA Graph id 1731 reused
CUDA Graph id 1732 reused
CUDA Graph id 1731 reused
CUDA Graph id 1732 reused
llama_perf_context_print:        load time =     475.48 ms
llama_perf_context_print: prompt eval time =     155.09 ms /   138 tokens (    1.12 ms per token,   889.83 tokens per second)
llama_perf_context_print:        eval time =     179.70 ms /    13 runs   (   13.82 ms per token,    72.34 tokens per second)
llama_perf_context_print:       total time =     666.05 ms /   151 tokens
llama_perf_context_print:    graphs reused =         12
Llama.generate: 66 prefix-match found but partial kv removal not supported, re-evaluating full prompt
ggml_backend_cuda_graph_compute: CUDA graph warmup reset
ggml_backend_cuda_graph_compute: CUDA graph warmup reset
CUDA Graph id 1739 reused
ggml_backend_cuda_graph_compute: CUDA graph warmup complete
CUDA Graph id 1740 reused
ggml_backend_cuda_graph_compute: CUDA graph warmup complete
CUDA Graph id 1739 reused
CUDA Graph id 1740 reused
CUDA Graph id 1739 reused
CUDA Graph id 1740 reused
CUDA Graph id 1739 reused
CUDA Graph id 1740 reused
CUDA Graph id 1739 reused
CUDA Graph id 1740 reused
CUDA Graph id 1739 reused
CUDA Graph id 1740 reused
CUDA Graph id 1739 reused
CUDA Graph id 1740 reused
CUDA Graph id 1739 reused
CUDA Graph id 1740 reused
CUDA Graph id 1739 reused
CUDA Graph id 1740 reused
CUDA Graph id 1739 reused
CUDA Graph id 1740 reused
CUDA Graph id 1739 reused
CUDA Graph id 1740 reused
CUDA Graph id 1739 reused
CUDA Graph id 1740 reused
llama_perf_context_print:        load time =     475.48 ms
llama_perf_context_print: prompt eval time =     154.51 ms /   137 tokens (    1.13 ms per token,   886.65 tokens per second)
llama_perf_context_print:        eval time =     182.43 ms /    13 runs   (   14.03 ms per token,    71.26 tokens per second)
llama_perf_context_print:       total time =     669.26 ms /   150 tokens
llama_perf_context_print:    graphs reused =         12
Llama.generate: 67 prefix-match found but partial kv removal not supported, re-evaluating full prompt
ggml_backend_cuda_graph_compute: CUDA graph warmup reset
ggml_backend_cuda_graph_compute: CUDA graph warmup reset
CUDA Graph id 1747 reused
ggml_backend_cuda_graph_compute: CUDA graph warmup complete
CUDA Graph id 1748 reused
ggml_backend_cuda_graph_compute: CUDA graph warmup complete
CUDA Graph id 1747 reused
CUDA Graph id 1748 reused
CUDA Graph id 1747 reused
CUDA Graph id 1748 reused
CUDA Graph id 1747 reused
CUDA Graph id 1748 reused
CUDA Graph id 1747 reused
CUDA Graph id 1748 reused
CUDA Graph id 1747 reused
CUDA Graph id 1748 reused
CUDA Graph id 1747 reused
CUDA Graph id 1748 reused
CUDA Graph id 1747 reused
CUDA Graph id 1748 reused
CUDA Graph id 1747 reused
CUDA Graph id 1748 reused
CUDA Graph id 1747 reused
CUDA Graph id 1748 reused
CUDA Graph id 1747 reused
CUDA Graph id 1748 reused
CUDA Graph id 1747 reused
CUDA Graph id 1748 reused
llama_perf_context_print:        load time =     475.48 ms
llama_perf_context_print: prompt eval time =     147.67 ms /   137 tokens (    1.08 ms per token,   927.76 tokens per second)
llama_perf_context_print:        eval time =     181.29 ms /    13 runs   (   13.95 ms per token,    71.71 tokens per second)
llama_perf_context_print:       total time =     676.87 ms /   150 tokens
llama_perf_context_print:    graphs reused =         12
Llama.generate: 66 prefix-match found but partial kv removal not supported, re-evaluating full prompt
ggml_backend_cuda_graph_compute: CUDA graph warmup reset
ggml_backend_cuda_graph_compute: CUDA graph warmup reset
CUDA Graph id 1755 reused
ggml_backend_cuda_graph_compute: CUDA graph warmup complete
CUDA Graph id 1756 reused
ggml_backend_cuda_graph_compute: CUDA graph warmup complete
CUDA Graph id 1755 reused
CUDA Graph id 1756 reused
CUDA Graph id 1755 reused
CUDA Graph id 1756 reused
CUDA Graph id 1755 reused
CUDA Graph id 1756 reused
CUDA Graph id 1755 reused
CUDA Graph id 1756 reused
CUDA Graph id 1755 reused
CUDA Graph id 1756 reused
CUDA Graph id 1755 reused
CUDA Graph id 1756 reused
CUDA Graph id 1755 reused
CUDA Graph id 1756 reused
CUDA Graph id 1755 reused
CUDA Graph id 1756 reused
CUDA Graph id 1755 reused
CUDA Graph id 1756 reused
CUDA Graph id 1755 reused
CUDA Graph id 1756 reused
CUDA Graph id 1755 reused
CUDA Graph id 1756 reused
llama_perf_context_print:        load time =     475.48 ms
llama_perf_context_print: prompt eval time =     146.00 ms /   138 tokens (    1.06 ms per token,   945.17 tokens per second)
llama_perf_context_print:        eval time =     180.14 ms /    13 runs   (   13.86 ms per token,    72.17 tokens per second)
llama_perf_context_print:       total time =     670.50 ms /   151 tokens
llama_perf_context_print:    graphs reused =         12
Llama.generate: 66 prefix-match found but partial kv removal not supported, re-evaluating full prompt
ggml_backend_cuda_graph_compute: CUDA graph warmup reset
ggml_backend_cuda_graph_compute: CUDA graph warmup reset
CUDA Graph id 1763 reused
ggml_backend_cuda_graph_compute: CUDA graph warmup complete
CUDA Graph id 1764 reused
ggml_backend_cuda_graph_compute: CUDA graph warmup complete
CUDA Graph id 1763 reused
CUDA Graph id 1764 reused
CUDA Graph id 1763 reused
CUDA Graph id 1764 reused
CUDA Graph id 1763 reused
CUDA Graph id 1764 reused
CUDA Graph id 1763 reused
CUDA Graph id 1764 reused
CUDA Graph id 1763 reused
CUDA Graph id 1764 reused
CUDA Graph id 1763 reused
CUDA Graph id 1764 reused
CUDA Graph id 1763 reused
CUDA Graph id 1764 reused
CUDA Graph id 1763 reused
CUDA Graph id 1764 reused
CUDA Graph id 1763 reused
CUDA Graph id 1764 reused
CUDA Graph id 1763 reused
CUDA Graph id 1764 reused
CUDA Graph id 1763 reused
CUDA Graph id 1764 reused
llama_perf_context_print:        load time =     475.48 ms
llama_perf_context_print: prompt eval time =     145.21 ms /   138 tokens (    1.05 ms per token,   950.33 tokens per second)
llama_perf_context_print:        eval time =     181.00 ms /    13 runs   (   13.92 ms per token,    71.83 tokens per second)
llama_perf_context_print:       total time =     658.36 ms /   151 tokens
llama_perf_context_print:    graphs reused =         12
Llama.generate: 65 prefix-match found but partial kv removal not supported, re-evaluating full prompt
ggml_backend_cuda_graph_compute: CUDA graph warmup reset
ggml_backend_cuda_graph_compute: CUDA graph warmup reset
CUDA Graph id 1771 reused
ggml_backend_cuda_graph_compute: CUDA graph warmup complete
CUDA Graph id 1772 reused
ggml_backend_cuda_graph_compute: CUDA graph warmup complete
CUDA Graph id 1771 reused
CUDA Graph id 1772 reused
CUDA Graph id 1771 reused
CUDA Graph id 1772 reused
CUDA Graph id 1771 reused
CUDA Graph id 1772 reused
CUDA Graph id 1771 reused
CUDA Graph id 1772 reused
CUDA Graph id 1771 reused
CUDA Graph id 1772 reused
CUDA Graph id 1771 reused
CUDA Graph id 1772 reused
CUDA Graph id 1771 reused
CUDA Graph id 1772 reused
CUDA Graph id 1771 reused
CUDA Graph id 1772 reused
CUDA Graph id 1771 reused
CUDA Graph id 1772 reused
CUDA Graph id 1771 reused
CUDA Graph id 1772 reused
CUDA Graph id 1771 reused
CUDA Graph id 1772 reused
llama_perf_context_print:        load time =     475.48 ms
llama_perf_context_print: prompt eval time =     153.07 ms /   139 tokens (    1.10 ms per token,   908.10 tokens per second)
llama_perf_context_print:        eval time =     191.03 ms /    13 runs   (   14.70 ms per token,    68.05 tokens per second)
llama_perf_context_print:       total time =     677.23 ms /   152 tokens
llama_perf_context_print:    graphs reused =         12
Llama.generate: 65 prefix-match found but partial kv removal not supported, re-evaluating full prompt
ggml_backend_cuda_graph_compute: CUDA graph warmup reset
ggml_backend_cuda_graph_compute: CUDA graph warmup reset
CUDA Graph id 1779 reused
ggml_backend_cuda_graph_compute: CUDA graph warmup complete
CUDA Graph id 1780 reused
ggml_backend_cuda_graph_compute: CUDA graph warmup complete
CUDA Graph id 1779 reused
CUDA Graph id 1780 reused
CUDA Graph id 1779 reused
CUDA Graph id 1780 reused
CUDA Graph id 1779 reused
CUDA Graph id 1780 reused
CUDA Graph id 1779 reused
CUDA Graph id 1780 reused
CUDA Graph id 1779 reused
CUDA Graph id 1780 reused
CUDA Graph id 1779 reused
CUDA Graph id 1780 reused
CUDA Graph id 1779 reused
CUDA Graph id 1780 reused
CUDA Graph id 1779 reused
CUDA Graph id 1780 reused
CUDA Graph id 1779 reused
CUDA Graph id 1780 reused
CUDA Graph id 1779 reused
CUDA Graph id 1780 reused
CUDA Graph id 1779 reused
CUDA Graph id 1780 reused
llama_perf_context_print:        load time =     475.48 ms
llama_perf_context_print: prompt eval time =     172.47 ms /   138 tokens (    1.25 ms per token,   800.16 tokens per second)
llama_perf_context_print:        eval time =     196.20 ms /    13 runs   (   15.09 ms per token,    66.26 tokens per second)
llama_perf_context_print:       total time =     711.77 ms /   151 tokens
llama_perf_context_print:    graphs reused =         12
Llama.generate: 65 prefix-match found but partial kv removal not supported, re-evaluating full prompt
ggml_backend_cuda_graph_compute: CUDA graph warmup reset
ggml_backend_cuda_graph_compute: CUDA graph warmup reset
CUDA Graph id 1787 reused
ggml_backend_cuda_graph_compute: CUDA graph warmup complete
CUDA Graph id 1788 reused
ggml_backend_cuda_graph_compute: CUDA graph warmup complete
CUDA Graph id 1787 reused
CUDA Graph id 1788 reused
CUDA Graph id 1787 reused
CUDA Graph id 1788 reused
CUDA Graph id 1787 reused
CUDA Graph id 1788 reused
CUDA Graph id 1787 reused
CUDA Graph id 1788 reused
CUDA Graph id 1787 reused
CUDA Graph id 1788 reused
CUDA Graph id 1787 reused
CUDA Graph id 1788 reused
CUDA Graph id 1787 reused
CUDA Graph id 1788 reused
CUDA Graph id 1787 reused
CUDA Graph id 1788 reused
CUDA Graph id 1787 reused
CUDA Graph id 1788 reused
CUDA Graph id 1787 reused
CUDA Graph id 1788 reused
CUDA Graph id 1787 reused
CUDA Graph id 1788 reused
llama_perf_context_print:        load time =     475.48 ms
llama_perf_context_print: prompt eval time =     168.79 ms /   136 tokens (    1.24 ms per token,   805.74 tokens per second)
llama_perf_context_print:        eval time =     183.99 ms /    13 runs   (   14.15 ms per token,    70.65 tokens per second)
llama_perf_context_print:       total time =     691.35 ms /   149 tokens
llama_perf_context_print:    graphs reused =         12
Llama.generate: 67 prefix-match found but partial kv removal not supported, re-evaluating full prompt
ggml_backend_cuda_graph_compute: CUDA graph warmup reset
ggml_backend_cuda_graph_compute: CUDA graph warmup reset
CUDA Graph id 1795 reused
ggml_backend_cuda_graph_compute: CUDA graph warmup complete
CUDA Graph id 1796 reused
ggml_backend_cuda_graph_compute: CUDA graph warmup complete
CUDA Graph id 1795 reused
CUDA Graph id 1796 reused
CUDA Graph id 1795 reused
CUDA Graph id 1796 reused
CUDA Graph id 1795 reused
CUDA Graph id 1796 reused
CUDA Graph id 1795 reused
CUDA Graph id 1796 reused
CUDA Graph id 1795 reused
CUDA Graph id 1796 reused
CUDA Graph id 1795 reused
CUDA Graph id 1796 reused
CUDA Graph id 1795 reused
CUDA Graph id 1796 reused
CUDA Graph id 1795 reused
CUDA Graph id 1796 reused
CUDA Graph id 1795 reused
CUDA Graph id 1796 reused
CUDA Graph id 1795 reused
CUDA Graph id 1796 reused
CUDA Graph id 1795 reused
CUDA Graph id 1796 reused
llama_perf_context_print:        load time =     475.48 ms
llama_perf_context_print: prompt eval time =     148.69 ms /   136 tokens (    1.09 ms per token,   914.69 tokens per second)
llama_perf_context_print:        eval time =     182.57 ms /    13 runs   (   14.04 ms per token,    71.21 tokens per second)
llama_perf_context_print:       total time =     669.13 ms /   149 tokens
llama_perf_context_print:    graphs reused =         12
Llama.generate: 66 prefix-match found but partial kv removal not supported, re-evaluating full prompt
ggml_backend_cuda_graph_compute: CUDA graph warmup reset
ggml_backend_cuda_graph_compute: CUDA graph warmup reset
CUDA Graph id 1803 reused
ggml_backend_cuda_graph_compute: CUDA graph warmup complete
CUDA Graph id 1804 reused
ggml_backend_cuda_graph_compute: CUDA graph warmup complete
CUDA Graph id 1803 reused
CUDA Graph id 1804 reused
CUDA Graph id 1803 reused
CUDA Graph id 1804 reused
CUDA Graph id 1803 reused
CUDA Graph id 1804 reused
CUDA Graph id 1803 reused
CUDA Graph id 1804 reused
CUDA Graph id 1803 reused
CUDA Graph id 1804 reused
CUDA Graph id 1803 reused
CUDA Graph id 1804 reused
CUDA Graph id 1803 reused
CUDA Graph id 1804 reused
CUDA Graph id 1803 reused
CUDA Graph id 1804 reused
CUDA Graph id 1803 reused
CUDA Graph id 1804 reused
CUDA Graph id 1803 reused
CUDA Graph id 1804 reused
CUDA Graph id 1803 reused
CUDA Graph id 1804 reused
llama_perf_context_print:        load time =     475.48 ms
llama_perf_context_print: prompt eval time =     148.29 ms /   137 tokens (    1.08 ms per token,   923.84 tokens per second)
llama_perf_context_print:        eval time =     183.49 ms /    13 runs   (   14.11 ms per token,    70.85 tokens per second)
llama_perf_context_print:       total time =     660.95 ms /   150 tokens
llama_perf_context_print:    graphs reused =         12
Llama.generate: 65 prefix-match found but partial kv removal not supported, re-evaluating full prompt
ggml_backend_cuda_graph_compute: CUDA graph warmup reset
ggml_backend_cuda_graph_compute: CUDA graph warmup reset
CUDA Graph id 1811 reused
ggml_backend_cuda_graph_compute: CUDA graph warmup complete
CUDA Graph id 1812 reused
ggml_backend_cuda_graph_compute: CUDA graph warmup complete
CUDA Graph id 1811 reused
CUDA Graph id 1812 reused
CUDA Graph id 1811 reused
CUDA Graph id 1812 reused
CUDA Graph id 1811 reused
CUDA Graph id 1812 reused
CUDA Graph id 1811 reused
CUDA Graph id 1812 reused
CUDA Graph id 1811 reused
CUDA Graph id 1812 reused
CUDA Graph id 1811 reused
CUDA Graph id 1812 reused
CUDA Graph id 1811 reused
CUDA Graph id 1812 reused
CUDA Graph id 1811 reused
CUDA Graph id 1812 reused
CUDA Graph id 1811 reused
CUDA Graph id 1812 reused
CUDA Graph id 1811 reused
CUDA Graph id 1812 reused
CUDA Graph id 1811 reused
CUDA Graph id 1812 reused
llama_perf_context_print:        load time =     475.48 ms
llama_perf_context_print: prompt eval time =     155.80 ms /   135 tokens (    1.15 ms per token,   866.52 tokens per second)
llama_perf_context_print:        eval time =     189.28 ms /    13 runs   (   14.56 ms per token,    68.68 tokens per second)
llama_perf_context_print:       total time =     671.95 ms /   148 tokens
llama_perf_context_print:    graphs reused =         12
Llama.generate: 65 prefix-match found but partial kv removal not supported, re-evaluating full prompt
ggml_backend_cuda_graph_compute: CUDA graph warmup reset
ggml_backend_cuda_graph_compute: CUDA graph warmup reset
CUDA Graph id 1819 reused
ggml_backend_cuda_graph_compute: CUDA graph warmup complete
CUDA Graph id 1820 reused
ggml_backend_cuda_graph_compute: CUDA graph warmup complete
CUDA Graph id 1819 reused
CUDA Graph id 1820 reused
CUDA Graph id 1819 reused
CUDA Graph id 1820 reused
CUDA Graph id 1819 reused
CUDA Graph id 1820 reused
CUDA Graph id 1819 reused
CUDA Graph id 1820 reused
CUDA Graph id 1819 reused
CUDA Graph id 1820 reused
CUDA Graph id 1819 reused
CUDA Graph id 1820 reused
CUDA Graph id 1819 reused
CUDA Graph id 1820 reused
CUDA Graph id 1819 reused
CUDA Graph id 1820 reused
CUDA Graph id 1819 reused
CUDA Graph id 1820 reused
CUDA Graph id 1819 reused
CUDA Graph id 1820 reused
CUDA Graph id 1819 reused
CUDA Graph id 1820 reused
llama_perf_context_print:        load time =     475.48 ms
llama_perf_context_print: prompt eval time =     161.43 ms /   138 tokens (    1.17 ms per token,   854.85 tokens per second)
llama_perf_context_print:        eval time =     185.70 ms /    13 runs   (   14.28 ms per token,    70.01 tokens per second)
llama_perf_context_print:       total time =     685.52 ms /   151 tokens
llama_perf_context_print:    graphs reused =         12
Llama.generate: 65 prefix-match found but partial kv removal not supported, re-evaluating full prompt
ggml_backend_cuda_graph_compute: CUDA graph warmup reset
ggml_backend_cuda_graph_compute: CUDA graph warmup reset
CUDA Graph id 1827 reused
ggml_backend_cuda_graph_compute: CUDA graph warmup complete
CUDA Graph id 1828 reused
ggml_backend_cuda_graph_compute: CUDA graph warmup complete
CUDA Graph id 1827 reused
CUDA Graph id 1828 reused
CUDA Graph id 1827 reused
CUDA Graph id 1828 reused
CUDA Graph id 1827 reused
CUDA Graph id 1828 reused
CUDA Graph id 1827 reused
CUDA Graph id 1828 reused
CUDA Graph id 1827 reused
CUDA Graph id 1828 reused
CUDA Graph id 1827 reused
CUDA Graph id 1828 reused
CUDA Graph id 1827 reused
CUDA Graph id 1828 reused
CUDA Graph id 1827 reused
CUDA Graph id 1828 reused
CUDA Graph id 1827 reused
CUDA Graph id 1828 reused
CUDA Graph id 1827 reused
CUDA Graph id 1828 reused
CUDA Graph id 1827 reused
CUDA Graph id 1828 reused
llama_perf_context_print:        load time =     475.48 ms
llama_perf_context_print: prompt eval time =     149.84 ms /   137 tokens (    1.09 ms per token,   914.30 tokens per second)
llama_perf_context_print:        eval time =     175.14 ms /    13 runs   (   13.47 ms per token,    74.23 tokens per second)
llama_perf_context_print:       total time =     663.66 ms /   150 tokens
llama_perf_context_print:    graphs reused =         12
Llama.generate: 136 prefix-match found but partial kv removal not supported, re-evaluating full prompt
ggml_backend_cuda_graph_compute: CUDA graph warmup reset
ggml_backend_cuda_graph_compute: CUDA graph warmup reset
CUDA Graph id 1835 reused
ggml_backend_cuda_graph_compute: CUDA graph warmup complete
CUDA Graph id 1836 reused
ggml_backend_cuda_graph_compute: CUDA graph warmup complete
CUDA Graph id 1835 reused
CUDA Graph id 1836 reused
CUDA Graph id 1835 reused
CUDA Graph id 1836 reused
CUDA Graph id 1835 reused
CUDA Graph id 1836 reused
CUDA Graph id 1835 reused
CUDA Graph id 1836 reused
CUDA Graph id 1835 reused
CUDA Graph id 1836 reused
CUDA Graph id 1835 reused
CUDA Graph id 1836 reused
CUDA Graph id 1835 reused
CUDA Graph id 1836 reused
CUDA Graph id 1835 reused
CUDA Graph id 1836 reused
CUDA Graph id 1835 reused
CUDA Graph id 1836 reused
CUDA Graph id 1835 reused
CUDA Graph id 1836 reused
CUDA Graph id 1835 reused
CUDA Graph id 1836 reused
llama_perf_context_print:        load time =     475.48 ms
llama_perf_context_print: prompt eval time =     134.14 ms /   137 tokens (    0.98 ms per token,  1021.31 tokens per second)
llama_perf_context_print:        eval time =     172.32 ms /    13 runs   (   13.26 ms per token,    75.44 tokens per second)
llama_perf_context_print:       total time =     645.53 ms /   150 tokens
llama_perf_context_print:    graphs reused =         12
Llama.generate: 65 prefix-match found but partial kv removal not supported, re-evaluating full prompt
ggml_backend_cuda_graph_compute: CUDA graph warmup reset
ggml_backend_cuda_graph_compute: CUDA graph warmup reset
CUDA Graph id 1843 reused
ggml_backend_cuda_graph_compute: CUDA graph warmup complete
CUDA Graph id 1844 reused
ggml_backend_cuda_graph_compute: CUDA graph warmup complete
CUDA Graph id 1843 reused
CUDA Graph id 1844 reused
CUDA Graph id 1843 reused
CUDA Graph id 1844 reused
CUDA Graph id 1843 reused
CUDA Graph id 1844 reused
CUDA Graph id 1843 reused
CUDA Graph id 1844 reused
CUDA Graph id 1843 reused
CUDA Graph id 1844 reused
CUDA Graph id 1843 reused
CUDA Graph id 1844 reused
CUDA Graph id 1843 reused
CUDA Graph id 1844 reused
CUDA Graph id 1843 reused
CUDA Graph id 1844 reused
CUDA Graph id 1843 reused
CUDA Graph id 1844 reused
CUDA Graph id 1843 reused
CUDA Graph id 1844 reused
CUDA Graph id 1843 reused
CUDA Graph id 1844 reused
llama_perf_context_print:        load time =     475.48 ms
llama_perf_context_print: prompt eval time =     132.78 ms /   138 tokens (    0.96 ms per token,  1039.27 tokens per second)
llama_perf_context_print:        eval time =     172.17 ms /    13 runs   (   13.24 ms per token,    75.51 tokens per second)
llama_perf_context_print:       total time =     644.23 ms /   151 tokens
llama_perf_context_print:    graphs reused =         12
Llama.generate: 65 prefix-match found but partial kv removal not supported, re-evaluating full prompt
ggml_backend_cuda_graph_compute: CUDA graph warmup reset
ggml_backend_cuda_graph_compute: CUDA graph warmup reset
CUDA Graph id 1851 reused
ggml_backend_cuda_graph_compute: CUDA graph warmup complete
CUDA Graph id 1852 reused
ggml_backend_cuda_graph_compute: CUDA graph warmup complete
CUDA Graph id 1851 reused
CUDA Graph id 1852 reused
CUDA Graph id 1851 reused
CUDA Graph id 1852 reused
CUDA Graph id 1851 reused
CUDA Graph id 1852 reused
CUDA Graph id 1851 reused
CUDA Graph id 1852 reused
CUDA Graph id 1851 reused
CUDA Graph id 1852 reused
CUDA Graph id 1851 reused
CUDA Graph id 1852 reused
CUDA Graph id 1851 reused
CUDA Graph id 1852 reused
CUDA Graph id 1851 reused
CUDA Graph id 1852 reused
CUDA Graph id 1851 reused
CUDA Graph id 1852 reused
CUDA Graph id 1851 reused
CUDA Graph id 1852 reused
CUDA Graph id 1851 reused
CUDA Graph id 1852 reused
CUDA Graph id 1851 reused
CUDA Graph id 1852 reused
llama_perf_context_print:        load time =     475.48 ms
llama_perf_context_print: prompt eval time =     150.17 ms /   140 tokens (    1.07 ms per token,   932.25 tokens per second)
llama_perf_context_print:        eval time =     193.43 ms /    14 runs   (   13.82 ms per token,    72.38 tokens per second)
llama_perf_context_print:       total time =     699.37 ms /   154 tokens
llama_perf_context_print:    graphs reused =         13
Llama.generate: 65 prefix-match found but partial kv removal not supported, re-evaluating full prompt
ggml_backend_cuda_graph_compute: CUDA graph warmup reset
ggml_backend_cuda_graph_compute: CUDA graph warmup reset
CUDA Graph id 1859 reused
ggml_backend_cuda_graph_compute: CUDA graph warmup complete
CUDA Graph id 1860 reused
ggml_backend_cuda_graph_compute: CUDA graph warmup complete
CUDA Graph id 1859 reused
CUDA Graph id 1860 reused
CUDA Graph id 1859 reused
CUDA Graph id 1860 reused
CUDA Graph id 1859 reused
CUDA Graph id 1860 reused
CUDA Graph id 1859 reused
CUDA Graph id 1860 reused
CUDA Graph id 1859 reused
CUDA Graph id 1860 reused
CUDA Graph id 1859 reused
CUDA Graph id 1860 reused
CUDA Graph id 1859 reused
CUDA Graph id 1860 reused
CUDA Graph id 1859 reused
CUDA Graph id 1860 reused
CUDA Graph id 1859 reused
CUDA Graph id 1860 reused
CUDA Graph id 1859 reused
CUDA Graph id 1860 reused
CUDA Graph id 1859 reused
CUDA Graph id 1860 reused
llama_perf_context_print:        load time =     475.48 ms
llama_perf_context_print: prompt eval time =     161.87 ms /   139 tokens (    1.16 ms per token,   858.71 tokens per second)
llama_perf_context_print:        eval time =     175.29 ms /    13 runs   (   13.48 ms per token,    74.16 tokens per second)
llama_perf_context_print:       total time =     673.38 ms /   152 tokens
llama_perf_context_print:    graphs reused =         12
Llama.generate: 66 prefix-match found but partial kv removal not supported, re-evaluating full prompt
ggml_backend_cuda_graph_compute: CUDA graph warmup reset
ggml_backend_cuda_graph_compute: CUDA graph warmup reset
CUDA Graph id 1867 reused
ggml_backend_cuda_graph_compute: CUDA graph warmup complete
CUDA Graph id 1868 reused
ggml_backend_cuda_graph_compute: CUDA graph warmup complete
CUDA Graph id 1867 reused
CUDA Graph id 1868 reused
CUDA Graph id 1867 reused
CUDA Graph id 1868 reused
CUDA Graph id 1867 reused
CUDA Graph id 1868 reused
CUDA Graph id 1867 reused
CUDA Graph id 1868 reused
CUDA Graph id 1867 reused
CUDA Graph id 1868 reused
CUDA Graph id 1867 reused
CUDA Graph id 1868 reused
CUDA Graph id 1867 reused
CUDA Graph id 1868 reused
CUDA Graph id 1867 reused
CUDA Graph id 1868 reused
CUDA Graph id 1867 reused
CUDA Graph id 1868 reused
CUDA Graph id 1867 reused
CUDA Graph id 1868 reused
CUDA Graph id 1867 reused
CUDA Graph id 1868 reused
llama_perf_context_print:        load time =     475.48 ms
llama_perf_context_print: prompt eval time =     135.49 ms /   138 tokens (    0.98 ms per token,  1018.51 tokens per second)
llama_perf_context_print:        eval time =     172.58 ms /    13 runs   (   13.28 ms per token,    75.33 tokens per second)
llama_perf_context_print:       total time =     639.80 ms /   151 tokens
llama_perf_context_print:    graphs reused =         12
Llama.generate: 65 prefix-match found but partial kv removal not supported, re-evaluating full prompt
ggml_backend_cuda_graph_compute: CUDA graph warmup reset
ggml_backend_cuda_graph_compute: CUDA graph warmup reset
CUDA Graph id 1875 reused
ggml_backend_cuda_graph_compute: CUDA graph warmup complete
CUDA Graph id 1876 reused
ggml_backend_cuda_graph_compute: CUDA graph warmup complete
CUDA Graph id 1875 reused
CUDA Graph id 1876 reused
CUDA Graph id 1875 reused
CUDA Graph id 1876 reused
CUDA Graph id 1875 reused
CUDA Graph id 1876 reused
CUDA Graph id 1875 reused
CUDA Graph id 1876 reused
CUDA Graph id 1875 reused
CUDA Graph id 1876 reused
CUDA Graph id 1875 reused
CUDA Graph id 1876 reused
CUDA Graph id 1875 reused
CUDA Graph id 1876 reused
CUDA Graph id 1875 reused
CUDA Graph id 1876 reused
CUDA Graph id 1875 reused
CUDA Graph id 1876 reused
CUDA Graph id 1875 reused
CUDA Graph id 1876 reused
CUDA Graph id 1875 reused
CUDA Graph id 1876 reused
llama_perf_context_print:        load time =     475.48 ms
llama_perf_context_print: prompt eval time =     134.13 ms /   139 tokens (    0.96 ms per token,  1036.30 tokens per second)
llama_perf_context_print:        eval time =     172.61 ms /    13 runs   (   13.28 ms per token,    75.31 tokens per second)
llama_perf_context_print:       total time =     652.13 ms /   152 tokens
llama_perf_context_print:    graphs reused =         12
Llama.generate: 65 prefix-match found but partial kv removal not supported, re-evaluating full prompt
ggml_backend_cuda_graph_compute: CUDA graph warmup reset
ggml_backend_cuda_graph_compute: CUDA graph warmup reset
CUDA Graph id 1883 reused
ggml_backend_cuda_graph_compute: CUDA graph warmup complete
CUDA Graph id 1884 reused
ggml_backend_cuda_graph_compute: CUDA graph warmup complete
CUDA Graph id 1883 reused
CUDA Graph id 1884 reused
CUDA Graph id 1883 reused
CUDA Graph id 1884 reused
CUDA Graph id 1883 reused
CUDA Graph id 1884 reused
CUDA Graph id 1883 reused
CUDA Graph id 1884 reused
CUDA Graph id 1883 reused
CUDA Graph id 1884 reused
CUDA Graph id 1883 reused
CUDA Graph id 1884 reused
CUDA Graph id 1883 reused
CUDA Graph id 1884 reused
CUDA Graph id 1883 reused
CUDA Graph id 1884 reused
CUDA Graph id 1883 reused
CUDA Graph id 1884 reused
CUDA Graph id 1883 reused
CUDA Graph id 1884 reused
CUDA Graph id 1883 reused
CUDA Graph id 1884 reused
llama_perf_context_print:        load time =     475.48 ms
llama_perf_context_print: prompt eval time =     149.00 ms /   135 tokens (    1.10 ms per token,   906.03 tokens per second)
llama_perf_context_print:        eval time =     181.54 ms /    13 runs   (   13.96 ms per token,    71.61 tokens per second)
llama_perf_context_print:       total time =     661.63 ms /   148 tokens
llama_perf_context_print:    graphs reused =         12
Llama.generate: 65 prefix-match found but partial kv removal not supported, re-evaluating full prompt
ggml_backend_cuda_graph_compute: CUDA graph warmup reset
ggml_backend_cuda_graph_compute: CUDA graph warmup reset
CUDA Graph id 1891 reused
ggml_backend_cuda_graph_compute: CUDA graph warmup complete
CUDA Graph id 1892 reused
ggml_backend_cuda_graph_compute: CUDA graph warmup complete
CUDA Graph id 1891 reused
CUDA Graph id 1892 reused
CUDA Graph id 1891 reused
CUDA Graph id 1892 reused
CUDA Graph id 1891 reused
CUDA Graph id 1892 reused
CUDA Graph id 1891 reused
CUDA Graph id 1892 reused
CUDA Graph id 1891 reused
CUDA Graph id 1892 reused
CUDA Graph id 1891 reused
CUDA Graph id 1892 reused
CUDA Graph id 1891 reused
CUDA Graph id 1892 reused
CUDA Graph id 1891 reused
CUDA Graph id 1892 reused
CUDA Graph id 1891 reused
CUDA Graph id 1892 reused
CUDA Graph id 1891 reused
CUDA Graph id 1892 reused
CUDA Graph id 1891 reused
CUDA Graph id 1892 reused
llama_perf_context_print:        load time =     475.48 ms
llama_perf_context_print: prompt eval time =     164.67 ms /   136 tokens (    1.21 ms per token,   825.91 tokens per second)
llama_perf_context_print:        eval time =     186.96 ms /    13 runs   (   14.38 ms per token,    69.53 tokens per second)
llama_perf_context_print:       total time =     705.54 ms /   149 tokens
llama_perf_context_print:    graphs reused =         12
Llama.generate: 65 prefix-match found but partial kv removal not supported, re-evaluating full prompt
ggml_backend_cuda_graph_compute: CUDA graph warmup reset
ggml_backend_cuda_graph_compute: CUDA graph warmup reset
CUDA Graph id 1899 reused
ggml_backend_cuda_graph_compute: CUDA graph warmup complete
CUDA Graph id 1900 reused
ggml_backend_cuda_graph_compute: CUDA graph warmup complete
CUDA Graph id 1899 reused
CUDA Graph id 1900 reused
CUDA Graph id 1899 reused
CUDA Graph id 1900 reused
CUDA Graph id 1899 reused
CUDA Graph id 1900 reused
CUDA Graph id 1899 reused
CUDA Graph id 1900 reused
CUDA Graph id 1899 reused
CUDA Graph id 1900 reused
CUDA Graph id 1899 reused
CUDA Graph id 1900 reused
CUDA Graph id 1899 reused
CUDA Graph id 1900 reused
CUDA Graph id 1899 reused
CUDA Graph id 1900 reused
CUDA Graph id 1899 reused
CUDA Graph id 1900 reused
CUDA Graph id 1899 reused
CUDA Graph id 1900 reused
CUDA Graph id 1899 reused
CUDA Graph id 1900 reused
CUDA Graph id 1899 reused
CUDA Graph id 1900 reused
llama_perf_context_print:        load time =     475.48 ms
llama_perf_context_print: prompt eval time =     154.74 ms /   140 tokens (    1.11 ms per token,   904.76 tokens per second)
llama_perf_context_print:        eval time =     198.77 ms /    14 runs   (   14.20 ms per token,    70.43 tokens per second)
llama_perf_context_print:       total time =     714.62 ms /   154 tokens
llama_perf_context_print:    graphs reused =         13
Llama.generate: 139 prefix-match found but partial kv removal not supported, re-evaluating full prompt
ggml_backend_cuda_graph_compute: CUDA graph warmup reset
ggml_backend_cuda_graph_compute: CUDA graph warmup reset
CUDA Graph id 1907 reused
ggml_backend_cuda_graph_compute: CUDA graph warmup complete
CUDA Graph id 1908 reused
ggml_backend_cuda_graph_compute: CUDA graph warmup complete
CUDA Graph id 1907 reused
CUDA Graph id 1908 reused
CUDA Graph id 1907 reused
CUDA Graph id 1908 reused
CUDA Graph id 1907 reused
CUDA Graph id 1908 reused
CUDA Graph id 1907 reused
CUDA Graph id 1908 reused
CUDA Graph id 1907 reused
CUDA Graph id 1908 reused
CUDA Graph id 1907 reused
CUDA Graph id 1908 reused
CUDA Graph id 1907 reused
CUDA Graph id 1908 reused
CUDA Graph id 1907 reused
CUDA Graph id 1908 reused
CUDA Graph id 1907 reused
CUDA Graph id 1908 reused
CUDA Graph id 1907 reused
CUDA Graph id 1908 reused
CUDA Graph id 1907 reused
CUDA Graph id 1908 reused
CUDA Graph id 1907 reused
CUDA Graph id 1908 reused
llama_perf_context_print:        load time =     475.48 ms
llama_perf_context_print: prompt eval time =     162.43 ms /   140 tokens (    1.16 ms per token,   861.94 tokens per second)
llama_perf_context_print:        eval time =     198.60 ms /    14 runs   (   14.19 ms per token,    70.49 tokens per second)
llama_perf_context_print:       total time =     722.30 ms /   154 tokens
llama_perf_context_print:    graphs reused =         13
Llama.generate: 65 prefix-match found but partial kv removal not supported, re-evaluating full prompt
ggml_backend_cuda_graph_compute: CUDA graph warmup reset
ggml_backend_cuda_graph_compute: CUDA graph warmup reset
CUDA Graph id 1915 reused
ggml_backend_cuda_graph_compute: CUDA graph warmup complete
CUDA Graph id 1916 reused
ggml_backend_cuda_graph_compute: CUDA graph warmup complete
CUDA Graph id 1915 reused
CUDA Graph id 1916 reused
CUDA Graph id 1915 reused
CUDA Graph id 1916 reused
CUDA Graph id 1915 reused
CUDA Graph id 1916 reused
CUDA Graph id 1915 reused
CUDA Graph id 1916 reused
CUDA Graph id 1915 reused
CUDA Graph id 1916 reused
CUDA Graph id 1915 reused
CUDA Graph id 1916 reused
CUDA Graph id 1915 reused
CUDA Graph id 1916 reused
CUDA Graph id 1915 reused
CUDA Graph id 1916 reused
CUDA Graph id 1915 reused
CUDA Graph id 1916 reused
CUDA Graph id 1915 reused
CUDA Graph id 1916 reused
CUDA Graph id 1915 reused
CUDA Graph id 1916 reused
llama_perf_context_print:        load time =     475.48 ms
llama_perf_context_print: prompt eval time =     148.31 ms /   138 tokens (    1.07 ms per token,   930.49 tokens per second)
llama_perf_context_print:        eval time =     174.20 ms /    13 runs   (   13.40 ms per token,    74.63 tokens per second)
llama_perf_context_print:       total time =     655.75 ms /   151 tokens
llama_perf_context_print:    graphs reused =         12
Llama.generate: 65 prefix-match found but partial kv removal not supported, re-evaluating full prompt
ggml_backend_cuda_graph_compute: CUDA graph warmup reset
ggml_backend_cuda_graph_compute: CUDA graph warmup reset
CUDA Graph id 1923 reused
ggml_backend_cuda_graph_compute: CUDA graph warmup complete
CUDA Graph id 1924 reused
ggml_backend_cuda_graph_compute: CUDA graph warmup complete
CUDA Graph id 1923 reused
CUDA Graph id 1924 reused
CUDA Graph id 1923 reused
CUDA Graph id 1924 reused
CUDA Graph id 1923 reused
CUDA Graph id 1924 reused
CUDA Graph id 1923 reused
CUDA Graph id 1924 reused
CUDA Graph id 1923 reused
CUDA Graph id 1924 reused
CUDA Graph id 1923 reused
CUDA Graph id 1924 reused
CUDA Graph id 1923 reused
CUDA Graph id 1924 reused
CUDA Graph id 1923 reused
CUDA Graph id 1924 reused
CUDA Graph id 1923 reused
CUDA Graph id 1924 reused
CUDA Graph id 1923 reused
CUDA Graph id 1924 reused
CUDA Graph id 1923 reused
CUDA Graph id 1924 reused
llama_perf_context_print:        load time =     475.48 ms
llama_perf_context_print: prompt eval time =     133.15 ms /   138 tokens (    0.96 ms per token,  1036.44 tokens per second)
llama_perf_context_print:        eval time =     172.17 ms /    13 runs   (   13.24 ms per token,    75.51 tokens per second)
llama_perf_context_print:       total time =     649.47 ms /   151 tokens
llama_perf_context_print:    graphs reused =         12
Llama.generate: 65 prefix-match found but partial kv removal not supported, re-evaluating full prompt
ggml_backend_cuda_graph_compute: CUDA graph warmup reset
ggml_backend_cuda_graph_compute: CUDA graph warmup reset
CUDA Graph id 1931 reused
ggml_backend_cuda_graph_compute: CUDA graph warmup complete
CUDA Graph id 1932 reused
ggml_backend_cuda_graph_compute: CUDA graph warmup complete
CUDA Graph id 1931 reused
CUDA Graph id 1932 reused
CUDA Graph id 1931 reused
CUDA Graph id 1932 reused
CUDA Graph id 1931 reused
CUDA Graph id 1932 reused
CUDA Graph id 1931 reused
CUDA Graph id 1932 reused
CUDA Graph id 1931 reused
CUDA Graph id 1932 reused
CUDA Graph id 1931 reused
CUDA Graph id 1932 reused
CUDA Graph id 1931 reused
CUDA Graph id 1932 reused
CUDA Graph id 1931 reused
CUDA Graph id 1932 reused
CUDA Graph id 1931 reused
CUDA Graph id 1932 reused
CUDA Graph id 1931 reused
CUDA Graph id 1932 reused
CUDA Graph id 1931 reused
CUDA Graph id 1932 reused
llama_perf_context_print:        load time =     475.48 ms
llama_perf_context_print: prompt eval time =     132.39 ms /   138 tokens (    0.96 ms per token,  1042.35 tokens per second)
llama_perf_context_print:        eval time =     173.23 ms /    13 runs   (   13.33 ms per token,    75.04 tokens per second)
llama_perf_context_print:       total time =     642.16 ms /   151 tokens
llama_perf_context_print:    graphs reused =         12
Llama.generate: 67 prefix-match found but partial kv removal not supported, re-evaluating full prompt
ggml_backend_cuda_graph_compute: CUDA graph warmup reset
ggml_backend_cuda_graph_compute: CUDA graph warmup reset
CUDA Graph id 1939 reused
ggml_backend_cuda_graph_compute: CUDA graph warmup complete
CUDA Graph id 1940 reused
ggml_backend_cuda_graph_compute: CUDA graph warmup complete
CUDA Graph id 1939 reused
CUDA Graph id 1940 reused
CUDA Graph id 1939 reused
CUDA Graph id 1940 reused
CUDA Graph id 1939 reused
CUDA Graph id 1940 reused
CUDA Graph id 1939 reused
CUDA Graph id 1940 reused
CUDA Graph id 1939 reused
CUDA Graph id 1940 reused
CUDA Graph id 1939 reused
CUDA Graph id 1940 reused
CUDA Graph id 1939 reused
CUDA Graph id 1940 reused
CUDA Graph id 1939 reused
CUDA Graph id 1940 reused
CUDA Graph id 1939 reused
CUDA Graph id 1940 reused
CUDA Graph id 1939 reused
CUDA Graph id 1940 reused
CUDA Graph id 1939 reused
CUDA Graph id 1940 reused
llama_perf_context_print:        load time =     475.48 ms
llama_perf_context_print: prompt eval time =     151.42 ms /   138 tokens (    1.10 ms per token,   911.38 tokens per second)
llama_perf_context_print:        eval time =     185.99 ms /    13 runs   (   14.31 ms per token,    69.90 tokens per second)
llama_perf_context_print:       total time =     672.36 ms /   151 tokens
llama_perf_context_print:    graphs reused =         12
Llama.generate: 65 prefix-match found but partial kv removal not supported, re-evaluating full prompt
ggml_backend_cuda_graph_compute: CUDA graph warmup reset
ggml_backend_cuda_graph_compute: CUDA graph warmup reset
CUDA Graph id 1947 reused
ggml_backend_cuda_graph_compute: CUDA graph warmup complete
CUDA Graph id 1948 reused
ggml_backend_cuda_graph_compute: CUDA graph warmup complete
CUDA Graph id 1947 reused
CUDA Graph id 1948 reused
CUDA Graph id 1947 reused
CUDA Graph id 1948 reused
CUDA Graph id 1947 reused
CUDA Graph id 1948 reused
CUDA Graph id 1947 reused
CUDA Graph id 1948 reused
CUDA Graph id 1947 reused
CUDA Graph id 1948 reused
CUDA Graph id 1947 reused
CUDA Graph id 1948 reused
CUDA Graph id 1947 reused
CUDA Graph id 1948 reused
CUDA Graph id 1947 reused
CUDA Graph id 1948 reused
CUDA Graph id 1947 reused
CUDA Graph id 1948 reused
CUDA Graph id 1947 reused
CUDA Graph id 1948 reused
CUDA Graph id 1947 reused
CUDA Graph id 1948 reused
llama_perf_context_print:        load time =     475.48 ms
llama_perf_context_print: prompt eval time =     156.74 ms /   135 tokens (    1.16 ms per token,   861.30 tokens per second)
llama_perf_context_print:        eval time =     182.84 ms /    13 runs   (   14.06 ms per token,    71.10 tokens per second)
llama_perf_context_print:       total time =     672.48 ms /   148 tokens
llama_perf_context_print:    graphs reused =         12
Llama.generate: 65 prefix-match found but partial kv removal not supported, re-evaluating full prompt
ggml_backend_cuda_graph_compute: CUDA graph warmup reset
ggml_backend_cuda_graph_compute: CUDA graph warmup reset
CUDA Graph id 1955 reused
ggml_backend_cuda_graph_compute: CUDA graph warmup complete
CUDA Graph id 1956 reused
ggml_backend_cuda_graph_compute: CUDA graph warmup complete
CUDA Graph id 1955 reused
CUDA Graph id 1956 reused
CUDA Graph id 1955 reused
CUDA Graph id 1956 reused
CUDA Graph id 1955 reused
CUDA Graph id 1956 reused
CUDA Graph id 1955 reused
CUDA Graph id 1956 reused
CUDA Graph id 1955 reused
CUDA Graph id 1956 reused
CUDA Graph id 1955 reused
CUDA Graph id 1956 reused
CUDA Graph id 1955 reused
CUDA Graph id 1956 reused
CUDA Graph id 1955 reused
CUDA Graph id 1956 reused
CUDA Graph id 1955 reused
CUDA Graph id 1956 reused
CUDA Graph id 1955 reused
CUDA Graph id 1956 reused
CUDA Graph id 1955 reused
CUDA Graph id 1956 reused
llama_perf_context_print:        load time =     475.48 ms
llama_perf_context_print: prompt eval time =     147.03 ms /   137 tokens (    1.07 ms per token,   931.81 tokens per second)
llama_perf_context_print:        eval time =     183.27 ms /    13 runs   (   14.10 ms per token,    70.93 tokens per second)
llama_perf_context_print:       total time =     661.49 ms /   150 tokens
llama_perf_context_print:    graphs reused =         12
Llama.generate: 66 prefix-match found but partial kv removal not supported, re-evaluating full prompt
ggml_backend_cuda_graph_compute: CUDA graph warmup reset
ggml_backend_cuda_graph_compute: CUDA graph warmup reset
CUDA Graph id 1963 reused
ggml_backend_cuda_graph_compute: CUDA graph warmup complete
CUDA Graph id 1964 reused
ggml_backend_cuda_graph_compute: CUDA graph warmup complete
CUDA Graph id 1963 reused
CUDA Graph id 1964 reused
CUDA Graph id 1963 reused
CUDA Graph id 1964 reused
CUDA Graph id 1963 reused
CUDA Graph id 1964 reused
CUDA Graph id 1963 reused
CUDA Graph id 1964 reused
CUDA Graph id 1963 reused
CUDA Graph id 1964 reused
CUDA Graph id 1963 reused
CUDA Graph id 1964 reused
CUDA Graph id 1963 reused
CUDA Graph id 1964 reused
CUDA Graph id 1963 reused
CUDA Graph id 1964 reused
CUDA Graph id 1963 reused
CUDA Graph id 1964 reused
CUDA Graph id 1963 reused
CUDA Graph id 1964 reused
CUDA Graph id 1963 reused
CUDA Graph id 1964 reused
llama_perf_context_print:        load time =     475.48 ms
llama_perf_context_print: prompt eval time =     160.34 ms /   136 tokens (    1.18 ms per token,   848.22 tokens per second)
llama_perf_context_print:        eval time =     180.26 ms /    13 runs   (   13.87 ms per token,    72.12 tokens per second)
llama_perf_context_print:       total time =     680.62 ms /   149 tokens
llama_perf_context_print:    graphs reused =         12
Llama.generate: 65 prefix-match found but partial kv removal not supported, re-evaluating full prompt
ggml_backend_cuda_graph_compute: CUDA graph warmup reset
ggml_backend_cuda_graph_compute: CUDA graph warmup reset
CUDA Graph id 1971 reused
ggml_backend_cuda_graph_compute: CUDA graph warmup complete
CUDA Graph id 1972 reused
ggml_backend_cuda_graph_compute: CUDA graph warmup complete
CUDA Graph id 1971 reused
CUDA Graph id 1972 reused
CUDA Graph id 1971 reused
CUDA Graph id 1972 reused
CUDA Graph id 1971 reused
CUDA Graph id 1972 reused
CUDA Graph id 1971 reused
CUDA Graph id 1972 reused
CUDA Graph id 1971 reused
CUDA Graph id 1972 reused
CUDA Graph id 1971 reused
CUDA Graph id 1972 reused
CUDA Graph id 1971 reused
CUDA Graph id 1972 reused
CUDA Graph id 1971 reused
CUDA Graph id 1972 reused
CUDA Graph id 1971 reused
CUDA Graph id 1972 reused
CUDA Graph id 1971 reused
CUDA Graph id 1972 reused
CUDA Graph id 1971 reused
CUDA Graph id 1972 reused
llama_perf_context_print:        load time =     475.48 ms
llama_perf_context_print: prompt eval time =     140.81 ms /   139 tokens (    1.01 ms per token,   987.18 tokens per second)
llama_perf_context_print:        eval time =     177.71 ms /    13 runs   (   13.67 ms per token,    73.15 tokens per second)
llama_perf_context_print:       total time =     656.60 ms /   152 tokens
llama_perf_context_print:    graphs reused =         12
Llama.generate: 65 prefix-match found but partial kv removal not supported, re-evaluating full prompt
ggml_backend_cuda_graph_compute: CUDA graph warmup reset
ggml_backend_cuda_graph_compute: CUDA graph warmup reset
CUDA Graph id 1979 reused
ggml_backend_cuda_graph_compute: CUDA graph warmup complete
CUDA Graph id 1980 reused
ggml_backend_cuda_graph_compute: CUDA graph warmup complete
CUDA Graph id 1979 reused
CUDA Graph id 1980 reused
CUDA Graph id 1979 reused
CUDA Graph id 1980 reused
CUDA Graph id 1979 reused
CUDA Graph id 1980 reused
CUDA Graph id 1979 reused
CUDA Graph id 1980 reused
CUDA Graph id 1979 reused
CUDA Graph id 1980 reused
CUDA Graph id 1979 reused
CUDA Graph id 1980 reused
CUDA Graph id 1979 reused
CUDA Graph id 1980 reused
CUDA Graph id 1979 reused
CUDA Graph id 1980 reused
CUDA Graph id 1979 reused
CUDA Graph id 1980 reused
CUDA Graph id 1979 reused
CUDA Graph id 1980 reused
CUDA Graph id 1979 reused
CUDA Graph id 1980 reused
llama_perf_context_print:        load time =     475.48 ms
llama_perf_context_print: prompt eval time =     139.92 ms /   138 tokens (    1.01 ms per token,   986.30 tokens per second)
llama_perf_context_print:        eval time =     174.75 ms /    13 runs   (   13.44 ms per token,    74.39 tokens per second)
llama_perf_context_print:       total time =     651.47 ms /   151 tokens
llama_perf_context_print:    graphs reused =         12
Llama.generate: 66 prefix-match found but partial kv removal not supported, re-evaluating full prompt
ggml_backend_cuda_graph_compute: CUDA graph warmup reset
ggml_backend_cuda_graph_compute: CUDA graph warmup reset
CUDA Graph id 1987 reused
ggml_backend_cuda_graph_compute: CUDA graph warmup complete
CUDA Graph id 1988 reused
ggml_backend_cuda_graph_compute: CUDA graph warmup complete
CUDA Graph id 1987 reused
CUDA Graph id 1988 reused
CUDA Graph id 1987 reused
CUDA Graph id 1988 reused
CUDA Graph id 1987 reused
CUDA Graph id 1988 reused
CUDA Graph id 1987 reused
CUDA Graph id 1988 reused
CUDA Graph id 1987 reused
CUDA Graph id 1988 reused
CUDA Graph id 1987 reused
CUDA Graph id 1988 reused
CUDA Graph id 1987 reused
CUDA Graph id 1988 reused
CUDA Graph id 1987 reused
CUDA Graph id 1988 reused
CUDA Graph id 1987 reused
CUDA Graph id 1988 reused
CUDA Graph id 1987 reused
CUDA Graph id 1988 reused
CUDA Graph id 1987 reused
CUDA Graph id 1988 reused
llama_perf_context_print:        load time =     475.48 ms
llama_perf_context_print: prompt eval time =     134.13 ms /   136 tokens (    0.99 ms per token,  1013.96 tokens per second)
llama_perf_context_print:        eval time =     174.21 ms /    13 runs   (   13.40 ms per token,    74.62 tokens per second)
llama_perf_context_print:       total time =     634.49 ms /   149 tokens
llama_perf_context_print:    graphs reused =         12
Llama.generate: 65 prefix-match found but partial kv removal not supported, re-evaluating full prompt
ggml_backend_cuda_graph_compute: CUDA graph warmup reset
ggml_backend_cuda_graph_compute: CUDA graph warmup reset
CUDA Graph id 1995 reused
ggml_backend_cuda_graph_compute: CUDA graph warmup complete
CUDA Graph id 1996 reused
ggml_backend_cuda_graph_compute: CUDA graph warmup complete
CUDA Graph id 1995 reused
CUDA Graph id 1996 reused
CUDA Graph id 1995 reused
CUDA Graph id 1996 reused
CUDA Graph id 1995 reused
CUDA Graph id 1996 reused
CUDA Graph id 1995 reused
CUDA Graph id 1996 reused
CUDA Graph id 1995 reused
CUDA Graph id 1996 reused
CUDA Graph id 1995 reused
CUDA Graph id 1996 reused
CUDA Graph id 1995 reused
CUDA Graph id 1996 reused
CUDA Graph id 1995 reused
CUDA Graph id 1996 reused
CUDA Graph id 1995 reused
CUDA Graph id 1996 reused
CUDA Graph id 1995 reused
CUDA Graph id 1996 reused
CUDA Graph id 1995 reused
CUDA Graph id 1996 reused
llama_perf_context_print:        load time =     475.48 ms
llama_perf_context_print: prompt eval time =     134.69 ms /   137 tokens (    0.98 ms per token,  1017.15 tokens per second)
llama_perf_context_print:        eval time =     175.54 ms /    13 runs   (   13.50 ms per token,    74.06 tokens per second)
llama_perf_context_print:       total time =     646.71 ms /   150 tokens
llama_perf_context_print:    graphs reused =         12
Llama.generate: 65 prefix-match found but partial kv removal not supported, re-evaluating full prompt
ggml_backend_cuda_graph_compute: CUDA graph warmup reset
ggml_backend_cuda_graph_compute: CUDA graph warmup reset
CUDA Graph id 2003 reused
ggml_backend_cuda_graph_compute: CUDA graph warmup complete
CUDA Graph id 2004 reused
ggml_backend_cuda_graph_compute: CUDA graph warmup complete
CUDA Graph id 2003 reused
CUDA Graph id 2004 reused
CUDA Graph id 2003 reused
CUDA Graph id 2004 reused
CUDA Graph id 2003 reused
CUDA Graph id 2004 reused
CUDA Graph id 2003 reused
CUDA Graph id 2004 reused
CUDA Graph id 2003 reused
CUDA Graph id 2004 reused
CUDA Graph id 2003 reused
CUDA Graph id 2004 reused
CUDA Graph id 2003 reused
CUDA Graph id 2004 reused
CUDA Graph id 2003 reused
CUDA Graph id 2004 reused
CUDA Graph id 2003 reused
CUDA Graph id 2004 reused
CUDA Graph id 2003 reused
CUDA Graph id 2004 reused
CUDA Graph id 2003 reused
CUDA Graph id 2004 reused
llama_perf_context_print:        load time =     475.48 ms
llama_perf_context_print: prompt eval time =     154.60 ms /   137 tokens (    1.13 ms per token,   886.18 tokens per second)
llama_perf_context_print:        eval time =     186.66 ms /    13 runs   (   14.36 ms per token,    69.64 tokens per second)
llama_perf_context_print:       total time =     684.83 ms /   150 tokens
llama_perf_context_print:    graphs reused =         12
Llama.generate: 65 prefix-match found but partial kv removal not supported, re-evaluating full prompt
ggml_backend_cuda_graph_compute: CUDA graph warmup reset
ggml_backend_cuda_graph_compute: CUDA graph warmup reset
CUDA Graph id 2011 reused
ggml_backend_cuda_graph_compute: CUDA graph warmup complete
CUDA Graph id 2012 reused
ggml_backend_cuda_graph_compute: CUDA graph warmup complete
CUDA Graph id 2011 reused
CUDA Graph id 2012 reused
CUDA Graph id 2011 reused
CUDA Graph id 2012 reused
CUDA Graph id 2011 reused
CUDA Graph id 2012 reused
CUDA Graph id 2011 reused
CUDA Graph id 2012 reused
CUDA Graph id 2011 reused
CUDA Graph id 2012 reused
CUDA Graph id 2011 reused
CUDA Graph id 2012 reused
CUDA Graph id 2011 reused
CUDA Graph id 2012 reused
CUDA Graph id 2011 reused
CUDA Graph id 2012 reused
CUDA Graph id 2011 reused
CUDA Graph id 2012 reused
CUDA Graph id 2011 reused
CUDA Graph id 2012 reused
CUDA Graph id 2011 reused
CUDA Graph id 2012 reused
llama_perf_context_print:        load time =     475.48 ms
llama_perf_context_print: prompt eval time =     159.67 ms /   139 tokens (    1.15 ms per token,   870.54 tokens per second)
llama_perf_context_print:        eval time =     174.67 ms /    13 runs   (   13.44 ms per token,    74.42 tokens per second)
llama_perf_context_print:       total time =     663.47 ms /   152 tokens
llama_perf_context_print:    graphs reused =         12
Llama.generate: 65 prefix-match found but partial kv removal not supported, re-evaluating full prompt
ggml_backend_cuda_graph_compute: CUDA graph warmup reset
ggml_backend_cuda_graph_compute: CUDA graph warmup reset
CUDA Graph id 2019 reused
ggml_backend_cuda_graph_compute: CUDA graph warmup complete
CUDA Graph id 2020 reused
ggml_backend_cuda_graph_compute: CUDA graph warmup complete
CUDA Graph id 2019 reused
CUDA Graph id 2020 reused
CUDA Graph id 2019 reused
CUDA Graph id 2020 reused
CUDA Graph id 2019 reused
CUDA Graph id 2020 reused
CUDA Graph id 2019 reused
CUDA Graph id 2020 reused
CUDA Graph id 2019 reused
CUDA Graph id 2020 reused
CUDA Graph id 2019 reused
CUDA Graph id 2020 reused
CUDA Graph id 2019 reused
CUDA Graph id 2020 reused
CUDA Graph id 2019 reused
CUDA Graph id 2020 reused
CUDA Graph id 2019 reused
CUDA Graph id 2020 reused
CUDA Graph id 2019 reused
CUDA Graph id 2020 reused
CUDA Graph id 2019 reused
CUDA Graph id 2020 reused
llama_perf_context_print:        load time =     475.48 ms
llama_perf_context_print: prompt eval time =     133.84 ms /   136 tokens (    0.98 ms per token,  1016.15 tokens per second)
llama_perf_context_print:        eval time =     171.64 ms /    13 runs   (   13.20 ms per token,    75.74 tokens per second)
llama_perf_context_print:       total time =     647.06 ms /   149 tokens
llama_perf_context_print:    graphs reused =         12
Llama.generate: 65 prefix-match found but partial kv removal not supported, re-evaluating full prompt
ggml_backend_cuda_graph_compute: CUDA graph warmup reset
ggml_backend_cuda_graph_compute: CUDA graph warmup reset
CUDA Graph id 2027 reused
ggml_backend_cuda_graph_compute: CUDA graph warmup complete
CUDA Graph id 2028 reused
ggml_backend_cuda_graph_compute: CUDA graph warmup complete
CUDA Graph id 2027 reused
CUDA Graph id 2028 reused
CUDA Graph id 2027 reused
CUDA Graph id 2028 reused
CUDA Graph id 2027 reused
CUDA Graph id 2028 reused
CUDA Graph id 2027 reused
CUDA Graph id 2028 reused
CUDA Graph id 2027 reused
CUDA Graph id 2028 reused
CUDA Graph id 2027 reused
CUDA Graph id 2028 reused
CUDA Graph id 2027 reused
CUDA Graph id 2028 reused
CUDA Graph id 2027 reused
CUDA Graph id 2028 reused
CUDA Graph id 2027 reused
CUDA Graph id 2028 reused
CUDA Graph id 2027 reused
CUDA Graph id 2028 reused
CUDA Graph id 2027 reused
CUDA Graph id 2028 reused
CUDA Graph id 2027 reused
CUDA Graph id 2028 reused
llama_perf_context_print:        load time =     475.48 ms
llama_perf_context_print: prompt eval time =     132.67 ms /   140 tokens (    0.95 ms per token,  1055.23 tokens per second)
llama_perf_context_print:        eval time =     184.11 ms /    14 runs   (   13.15 ms per token,    76.04 tokens per second)
llama_perf_context_print:       total time =     678.82 ms /   154 tokens
llama_perf_context_print:    graphs reused =         13
Llama.generate: 65 prefix-match found but partial kv removal not supported, re-evaluating full prompt
ggml_backend_cuda_graph_compute: CUDA graph warmup reset
ggml_backend_cuda_graph_compute: CUDA graph warmup reset
CUDA Graph id 2035 reused
ggml_backend_cuda_graph_compute: CUDA graph warmup complete
CUDA Graph id 2036 reused
ggml_backend_cuda_graph_compute: CUDA graph warmup complete
CUDA Graph id 2035 reused
CUDA Graph id 2036 reused
CUDA Graph id 2035 reused
CUDA Graph id 2036 reused
CUDA Graph id 2035 reused
CUDA Graph id 2036 reused
CUDA Graph id 2035 reused
CUDA Graph id 2036 reused
CUDA Graph id 2035 reused
CUDA Graph id 2036 reused
CUDA Graph id 2035 reused
CUDA Graph id 2036 reused
CUDA Graph id 2035 reused
CUDA Graph id 2036 reused
CUDA Graph id 2035 reused
CUDA Graph id 2036 reused
CUDA Graph id 2035 reused
CUDA Graph id 2036 reused
CUDA Graph id 2035 reused
CUDA Graph id 2036 reused
CUDA Graph id 2035 reused
CUDA Graph id 2036 reused
llama_perf_context_print:        load time =     475.48 ms
llama_perf_context_print: prompt eval time =     145.52 ms /   137 tokens (    1.06 ms per token,   941.43 tokens per second)
llama_perf_context_print:        eval time =     179.88 ms /    13 runs   (   13.84 ms per token,    72.27 tokens per second)
llama_perf_context_print:       total time =     654.99 ms /   150 tokens
llama_perf_context_print:    graphs reused =         12
Llama.generate: 67 prefix-match found but partial kv removal not supported, re-evaluating full prompt
ggml_backend_cuda_graph_compute: CUDA graph warmup reset
ggml_backend_cuda_graph_compute: CUDA graph warmup reset
CUDA Graph id 2043 reused
ggml_backend_cuda_graph_compute: CUDA graph warmup complete
CUDA Graph id 2044 reused
ggml_backend_cuda_graph_compute: CUDA graph warmup complete
CUDA Graph id 2043 reused
CUDA Graph id 2044 reused
CUDA Graph id 2043 reused
CUDA Graph id 2044 reused
CUDA Graph id 2043 reused
CUDA Graph id 2044 reused
CUDA Graph id 2043 reused
CUDA Graph id 2044 reused
CUDA Graph id 2043 reused
CUDA Graph id 2044 reused
CUDA Graph id 2043 reused
CUDA Graph id 2044 reused
CUDA Graph id 2043 reused
CUDA Graph id 2044 reused
CUDA Graph id 2043 reused
CUDA Graph id 2044 reused
CUDA Graph id 2043 reused
CUDA Graph id 2044 reused
CUDA Graph id 2043 reused
CUDA Graph id 2044 reused
CUDA Graph id 2043 reused
CUDA Graph id 2044 reused
llama_perf_context_print:        load time =     475.48 ms
llama_perf_context_print: prompt eval time =     149.33 ms /   137 tokens (    1.09 ms per token,   917.43 tokens per second)
llama_perf_context_print:        eval time =     180.48 ms /    13 runs   (   13.88 ms per token,    72.03 tokens per second)
llama_perf_context_print:       total time =     660.07 ms /   150 tokens
llama_perf_context_print:    graphs reused =         12
Llama.generate: 66 prefix-match found but partial kv removal not supported, re-evaluating full prompt
ggml_backend_cuda_graph_compute: CUDA graph warmup reset
ggml_backend_cuda_graph_compute: CUDA graph warmup reset
CUDA Graph id 2051 reused
ggml_backend_cuda_graph_compute: CUDA graph warmup complete
CUDA Graph id 2052 reused
ggml_backend_cuda_graph_compute: CUDA graph warmup complete
CUDA Graph id 2051 reused
CUDA Graph id 2052 reused
CUDA Graph id 2051 reused
CUDA Graph id 2052 reused
CUDA Graph id 2051 reused
CUDA Graph id 2052 reused
CUDA Graph id 2051 reused
CUDA Graph id 2052 reused
CUDA Graph id 2051 reused
CUDA Graph id 2052 reused
CUDA Graph id 2051 reused
CUDA Graph id 2052 reused
CUDA Graph id 2051 reused
CUDA Graph id 2052 reused
CUDA Graph id 2051 reused
CUDA Graph id 2052 reused
CUDA Graph id 2051 reused
CUDA Graph id 2052 reused
CUDA Graph id 2051 reused
CUDA Graph id 2052 reused
CUDA Graph id 2051 reused
CUDA Graph id 2052 reused
llama_perf_context_print:        load time =     475.48 ms
llama_perf_context_print: prompt eval time =     143.17 ms /   137 tokens (    1.05 ms per token,   956.88 tokens per second)
llama_perf_context_print:        eval time =     179.77 ms /    13 runs   (   13.83 ms per token,    72.31 tokens per second)
llama_perf_context_print:       total time =     654.01 ms /   150 tokens
llama_perf_context_print:    graphs reused =         12
Llama.generate: 65 prefix-match found but partial kv removal not supported, re-evaluating full prompt
ggml_backend_cuda_graph_compute: CUDA graph warmup reset
ggml_backend_cuda_graph_compute: CUDA graph warmup reset
CUDA Graph id 2059 reused
ggml_backend_cuda_graph_compute: CUDA graph warmup complete
CUDA Graph id 2060 reused
ggml_backend_cuda_graph_compute: CUDA graph warmup complete
CUDA Graph id 2059 reused
CUDA Graph id 2060 reused
CUDA Graph id 2059 reused
CUDA Graph id 2060 reused
CUDA Graph id 2059 reused
CUDA Graph id 2060 reused
CUDA Graph id 2059 reused
CUDA Graph id 2060 reused
CUDA Graph id 2059 reused
CUDA Graph id 2060 reused
CUDA Graph id 2059 reused
CUDA Graph id 2060 reused
CUDA Graph id 2059 reused
CUDA Graph id 2060 reused
CUDA Graph id 2059 reused
CUDA Graph id 2060 reused
CUDA Graph id 2059 reused
CUDA Graph id 2060 reused
CUDA Graph id 2059 reused
CUDA Graph id 2060 reused
CUDA Graph id 2059 reused
CUDA Graph id 2060 reused
llama_perf_context_print:        load time =     475.48 ms
llama_perf_context_print: prompt eval time =     143.53 ms /   138 tokens (    1.04 ms per token,   961.47 tokens per second)
llama_perf_context_print:        eval time =     179.10 ms /    13 runs   (   13.78 ms per token,    72.59 tokens per second)
llama_perf_context_print:       total time =     656.87 ms /   151 tokens
llama_perf_context_print:    graphs reused =         12
Llama.generate: 65 prefix-match found but partial kv removal not supported, re-evaluating full prompt
ggml_backend_cuda_graph_compute: CUDA graph warmup reset
ggml_backend_cuda_graph_compute: CUDA graph warmup reset
CUDA Graph id 2067 reused
ggml_backend_cuda_graph_compute: CUDA graph warmup complete
CUDA Graph id 2068 reused
ggml_backend_cuda_graph_compute: CUDA graph warmup complete
CUDA Graph id 2067 reused
CUDA Graph id 2068 reused
CUDA Graph id 2067 reused
CUDA Graph id 2068 reused
CUDA Graph id 2067 reused
CUDA Graph id 2068 reused
CUDA Graph id 2067 reused
CUDA Graph id 2068 reused
CUDA Graph id 2067 reused
CUDA Graph id 2068 reused
CUDA Graph id 2067 reused
CUDA Graph id 2068 reused
CUDA Graph id 2067 reused
CUDA Graph id 2068 reused
CUDA Graph id 2067 reused
CUDA Graph id 2068 reused
CUDA Graph id 2067 reused
CUDA Graph id 2068 reused
CUDA Graph id 2067 reused
CUDA Graph id 2068 reused
CUDA Graph id 2067 reused
CUDA Graph id 2068 reused
llama_perf_context_print:        load time =     475.48 ms
llama_perf_context_print: prompt eval time =     152.65 ms /   137 tokens (    1.11 ms per token,   897.46 tokens per second)
llama_perf_context_print:        eval time =     183.27 ms /    13 runs   (   14.10 ms per token,    70.93 tokens per second)
llama_perf_context_print:       total time =     676.06 ms /   150 tokens
llama_perf_context_print:    graphs reused =         12
Llama.generate: 66 prefix-match found but partial kv removal not supported, re-evaluating full prompt
ggml_backend_cuda_graph_compute: CUDA graph warmup reset
ggml_backend_cuda_graph_compute: CUDA graph warmup reset
CUDA Graph id 2075 reused
ggml_backend_cuda_graph_compute: CUDA graph warmup complete
CUDA Graph id 2076 reused
ggml_backend_cuda_graph_compute: CUDA graph warmup complete
CUDA Graph id 2075 reused
CUDA Graph id 2076 reused
CUDA Graph id 2075 reused
CUDA Graph id 2076 reused
CUDA Graph id 2075 reused
CUDA Graph id 2076 reused
CUDA Graph id 2075 reused
CUDA Graph id 2076 reused
CUDA Graph id 2075 reused
CUDA Graph id 2076 reused
CUDA Graph id 2075 reused
CUDA Graph id 2076 reused
CUDA Graph id 2075 reused
CUDA Graph id 2076 reused
CUDA Graph id 2075 reused
CUDA Graph id 2076 reused
CUDA Graph id 2075 reused
CUDA Graph id 2076 reused
CUDA Graph id 2075 reused
CUDA Graph id 2076 reused
CUDA Graph id 2075 reused
CUDA Graph id 2076 reused
llama_perf_context_print:        load time =     475.48 ms
llama_perf_context_print: prompt eval time =     145.87 ms /   136 tokens (    1.07 ms per token,   932.31 tokens per second)
llama_perf_context_print:        eval time =     184.27 ms /    13 runs   (   14.17 ms per token,    70.55 tokens per second)
llama_perf_context_print:       total time =     663.08 ms /   149 tokens
llama_perf_context_print:    graphs reused =         12
Llama.generate: 66 prefix-match found but partial kv removal not supported, re-evaluating full prompt
ggml_backend_cuda_graph_compute: CUDA graph warmup reset
ggml_backend_cuda_graph_compute: CUDA graph warmup reset
CUDA Graph id 2083 reused
ggml_backend_cuda_graph_compute: CUDA graph warmup complete
CUDA Graph id 2084 reused
ggml_backend_cuda_graph_compute: CUDA graph warmup complete
CUDA Graph id 2083 reused
CUDA Graph id 2084 reused
CUDA Graph id 2083 reused
CUDA Graph id 2084 reused
CUDA Graph id 2083 reused
CUDA Graph id 2084 reused
CUDA Graph id 2083 reused
CUDA Graph id 2084 reused
CUDA Graph id 2083 reused
CUDA Graph id 2084 reused
CUDA Graph id 2083 reused
CUDA Graph id 2084 reused
CUDA Graph id 2083 reused
CUDA Graph id 2084 reused
CUDA Graph id 2083 reused
CUDA Graph id 2084 reused
CUDA Graph id 2083 reused
CUDA Graph id 2084 reused
CUDA Graph id 2083 reused
CUDA Graph id 2084 reused
CUDA Graph id 2083 reused
CUDA Graph id 2084 reused
llama_perf_context_print:        load time =     475.48 ms
llama_perf_context_print: prompt eval time =     156.85 ms /   138 tokens (    1.14 ms per token,   879.80 tokens per second)
llama_perf_context_print:        eval time =     186.95 ms /    13 runs   (   14.38 ms per token,    69.54 tokens per second)
llama_perf_context_print:       total time =     676.49 ms /   151 tokens
llama_perf_context_print:    graphs reused =         12
Llama.generate: 66 prefix-match found but partial kv removal not supported, re-evaluating full prompt
ggml_backend_cuda_graph_compute: CUDA graph warmup reset
ggml_backend_cuda_graph_compute: CUDA graph warmup reset
CUDA Graph id 2091 reused
ggml_backend_cuda_graph_compute: CUDA graph warmup complete
CUDA Graph id 2092 reused
ggml_backend_cuda_graph_compute: CUDA graph warmup complete
CUDA Graph id 2091 reused
CUDA Graph id 2092 reused
CUDA Graph id 2091 reused
CUDA Graph id 2092 reused
CUDA Graph id 2091 reused
CUDA Graph id 2092 reused
CUDA Graph id 2091 reused
CUDA Graph id 2092 reused
CUDA Graph id 2091 reused
CUDA Graph id 2092 reused
CUDA Graph id 2091 reused
CUDA Graph id 2092 reused
CUDA Graph id 2091 reused
CUDA Graph id 2092 reused
CUDA Graph id 2091 reused
CUDA Graph id 2092 reused
CUDA Graph id 2091 reused
CUDA Graph id 2092 reused
CUDA Graph id 2091 reused
CUDA Graph id 2092 reused
CUDA Graph id 2091 reused
CUDA Graph id 2092 reused
llama_perf_context_print:        load time =     475.48 ms
llama_perf_context_print: prompt eval time =     153.52 ms /   138 tokens (    1.11 ms per token,   898.91 tokens per second)
llama_perf_context_print:        eval time =     174.93 ms /    13 runs   (   13.46 ms per token,    74.32 tokens per second)
llama_perf_context_print:       total time =     671.85 ms /   151 tokens
llama_perf_context_print:    graphs reused =         12
Llama.generate: 66 prefix-match found but partial kv removal not supported, re-evaluating full prompt
ggml_backend_cuda_graph_compute: CUDA graph warmup reset
ggml_backend_cuda_graph_compute: CUDA graph warmup reset
CUDA Graph id 2099 reused
ggml_backend_cuda_graph_compute: CUDA graph warmup complete
CUDA Graph id 2100 reused
ggml_backend_cuda_graph_compute: CUDA graph warmup complete
CUDA Graph id 2099 reused
CUDA Graph id 2100 reused
CUDA Graph id 2099 reused
CUDA Graph id 2100 reused
CUDA Graph id 2099 reused
CUDA Graph id 2100 reused
CUDA Graph id 2099 reused
CUDA Graph id 2100 reused
CUDA Graph id 2099 reused
CUDA Graph id 2100 reused
CUDA Graph id 2099 reused
CUDA Graph id 2100 reused
CUDA Graph id 2099 reused
CUDA Graph id 2100 reused
CUDA Graph id 2099 reused
CUDA Graph id 2100 reused
CUDA Graph id 2099 reused
CUDA Graph id 2100 reused
CUDA Graph id 2099 reused
CUDA Graph id 2100 reused
CUDA Graph id 2099 reused
CUDA Graph id 2100 reused
llama_perf_context_print:        load time =     475.48 ms
llama_perf_context_print: prompt eval time =     133.80 ms /   136 tokens (    0.98 ms per token,  1016.45 tokens per second)
llama_perf_context_print:        eval time =     173.11 ms /    13 runs   (   13.32 ms per token,    75.10 tokens per second)
llama_perf_context_print:       total time =     643.36 ms /   149 tokens
llama_perf_context_print:    graphs reused =         12
Llama.generate: 66 prefix-match found but partial kv removal not supported, re-evaluating full prompt
ggml_backend_cuda_graph_compute: CUDA graph warmup reset
ggml_backend_cuda_graph_compute: CUDA graph warmup reset
CUDA Graph id 2107 reused
ggml_backend_cuda_graph_compute: CUDA graph warmup complete
CUDA Graph id 2108 reused
ggml_backend_cuda_graph_compute: CUDA graph warmup complete
CUDA Graph id 2107 reused
CUDA Graph id 2108 reused
CUDA Graph id 2107 reused
CUDA Graph id 2108 reused
CUDA Graph id 2107 reused
CUDA Graph id 2108 reused
CUDA Graph id 2107 reused
CUDA Graph id 2108 reused
CUDA Graph id 2107 reused
CUDA Graph id 2108 reused
CUDA Graph id 2107 reused
CUDA Graph id 2108 reused
CUDA Graph id 2107 reused
CUDA Graph id 2108 reused
CUDA Graph id 2107 reused
CUDA Graph id 2108 reused
CUDA Graph id 2107 reused
CUDA Graph id 2108 reused
CUDA Graph id 2107 reused
CUDA Graph id 2108 reused
CUDA Graph id 2107 reused
CUDA Graph id 2108 reused
llama_perf_context_print:        load time =     475.48 ms
llama_perf_context_print: prompt eval time =     134.14 ms /   137 tokens (    0.98 ms per token,  1021.34 tokens per second)
llama_perf_context_print:        eval time =     172.00 ms /    13 runs   (   13.23 ms per token,    75.58 tokens per second)
llama_perf_context_print:       total time =     634.70 ms /   150 tokens
llama_perf_context_print:    graphs reused =         12
Llama.generate: 65 prefix-match found but partial kv removal not supported, re-evaluating full prompt
ggml_backend_cuda_graph_compute: CUDA graph warmup reset
ggml_backend_cuda_graph_compute: CUDA graph warmup reset
CUDA Graph id 2115 reused
ggml_backend_cuda_graph_compute: CUDA graph warmup complete
CUDA Graph id 2116 reused
ggml_backend_cuda_graph_compute: CUDA graph warmup complete
CUDA Graph id 2115 reused
CUDA Graph id 2116 reused
CUDA Graph id 2115 reused
CUDA Graph id 2116 reused
CUDA Graph id 2115 reused
CUDA Graph id 2116 reused
CUDA Graph id 2115 reused
CUDA Graph id 2116 reused
CUDA Graph id 2115 reused
CUDA Graph id 2116 reused
CUDA Graph id 2115 reused
CUDA Graph id 2116 reused
CUDA Graph id 2115 reused
CUDA Graph id 2116 reused
CUDA Graph id 2115 reused
CUDA Graph id 2116 reused
CUDA Graph id 2115 reused
CUDA Graph id 2116 reused
CUDA Graph id 2115 reused
CUDA Graph id 2116 reused
CUDA Graph id 2115 reused
CUDA Graph id 2116 reused
llama_perf_context_print:        load time =     475.48 ms
llama_perf_context_print: prompt eval time =     141.62 ms /   137 tokens (    1.03 ms per token,   967.38 tokens per second)
llama_perf_context_print:        eval time =     180.51 ms /    13 runs   (   13.89 ms per token,    72.02 tokens per second)
llama_perf_context_print:       total time =     661.36 ms /   150 tokens
llama_perf_context_print:    graphs reused =         12
Llama.generate: 65 prefix-match found but partial kv removal not supported, re-evaluating full prompt
ggml_backend_cuda_graph_compute: CUDA graph warmup reset
ggml_backend_cuda_graph_compute: CUDA graph warmup reset
CUDA Graph id 2123 reused
ggml_backend_cuda_graph_compute: CUDA graph warmup complete
CUDA Graph id 2124 reused
ggml_backend_cuda_graph_compute: CUDA graph warmup complete
CUDA Graph id 2123 reused
CUDA Graph id 2124 reused
CUDA Graph id 2123 reused
CUDA Graph id 2124 reused
CUDA Graph id 2123 reused
CUDA Graph id 2124 reused
CUDA Graph id 2123 reused
CUDA Graph id 2124 reused
CUDA Graph id 2123 reused
CUDA Graph id 2124 reused
CUDA Graph id 2123 reused
CUDA Graph id 2124 reused
CUDA Graph id 2123 reused
CUDA Graph id 2124 reused
CUDA Graph id 2123 reused
CUDA Graph id 2124 reused
CUDA Graph id 2123 reused
CUDA Graph id 2124 reused
CUDA Graph id 2123 reused
CUDA Graph id 2124 reused
CUDA Graph id 2123 reused
CUDA Graph id 2124 reused
llama_perf_context_print:        load time =     475.48 ms
llama_perf_context_print: prompt eval time =     152.26 ms /   139 tokens (    1.10 ms per token,   912.92 tokens per second)
llama_perf_context_print:        eval time =     176.91 ms /    13 runs   (   13.61 ms per token,    73.48 tokens per second)
llama_perf_context_print:       total time =     668.31 ms /   152 tokens
llama_perf_context_print:    graphs reused =         12
Llama.generate: 65 prefix-match found but partial kv removal not supported, re-evaluating full prompt
ggml_backend_cuda_graph_compute: CUDA graph warmup reset
ggml_backend_cuda_graph_compute: CUDA graph warmup reset
CUDA Graph id 2131 reused
ggml_backend_cuda_graph_compute: CUDA graph warmup complete
CUDA Graph id 2132 reused
ggml_backend_cuda_graph_compute: CUDA graph warmup complete
CUDA Graph id 2131 reused
CUDA Graph id 2132 reused
CUDA Graph id 2131 reused
CUDA Graph id 2132 reused
CUDA Graph id 2131 reused
CUDA Graph id 2132 reused
CUDA Graph id 2131 reused
CUDA Graph id 2132 reused
CUDA Graph id 2131 reused
CUDA Graph id 2132 reused
CUDA Graph id 2131 reused
CUDA Graph id 2132 reused
CUDA Graph id 2131 reused
CUDA Graph id 2132 reused
CUDA Graph id 2131 reused
CUDA Graph id 2132 reused
CUDA Graph id 2131 reused
CUDA Graph id 2132 reused
CUDA Graph id 2131 reused
CUDA Graph id 2132 reused
CUDA Graph id 2131 reused
CUDA Graph id 2132 reused
llama_perf_context_print:        load time =     475.48 ms
llama_perf_context_print: prompt eval time =     134.51 ms /   138 tokens (    0.97 ms per token,  1025.97 tokens per second)
llama_perf_context_print:        eval time =     173.58 ms /    13 runs   (   13.35 ms per token,    74.89 tokens per second)
llama_perf_context_print:       total time =     642.65 ms /   151 tokens
llama_perf_context_print:    graphs reused =         12
Llama.generate: 65 prefix-match found but partial kv removal not supported, re-evaluating full prompt
ggml_backend_cuda_graph_compute: CUDA graph warmup reset
ggml_backend_cuda_graph_compute: CUDA graph warmup reset
CUDA Graph id 2139 reused
ggml_backend_cuda_graph_compute: CUDA graph warmup complete
CUDA Graph id 2140 reused
ggml_backend_cuda_graph_compute: CUDA graph warmup complete
CUDA Graph id 2139 reused
CUDA Graph id 2140 reused
CUDA Graph id 2139 reused
CUDA Graph id 2140 reused
CUDA Graph id 2139 reused
CUDA Graph id 2140 reused
CUDA Graph id 2139 reused
CUDA Graph id 2140 reused
CUDA Graph id 2139 reused
CUDA Graph id 2140 reused
CUDA Graph id 2139 reused
CUDA Graph id 2140 reused
CUDA Graph id 2139 reused
CUDA Graph id 2140 reused
CUDA Graph id 2139 reused
CUDA Graph id 2140 reused
CUDA Graph id 2139 reused
CUDA Graph id 2140 reused
CUDA Graph id 2139 reused
CUDA Graph id 2140 reused
CUDA Graph id 2139 reused
CUDA Graph id 2140 reused
llama_perf_context_print:        load time =     475.48 ms
llama_perf_context_print: prompt eval time =     133.57 ms /   136 tokens (    0.98 ms per token,  1018.21 tokens per second)
llama_perf_context_print:        eval time =     174.89 ms /    13 runs   (   13.45 ms per token,    74.33 tokens per second)
llama_perf_context_print:       total time =     643.05 ms /   149 tokens
llama_perf_context_print:    graphs reused =         12
Llama.generate: 66 prefix-match found but partial kv removal not supported, re-evaluating full prompt
ggml_backend_cuda_graph_compute: CUDA graph warmup reset
ggml_backend_cuda_graph_compute: CUDA graph warmup reset
CUDA Graph id 2147 reused
ggml_backend_cuda_graph_compute: CUDA graph warmup complete
CUDA Graph id 2148 reused
ggml_backend_cuda_graph_compute: CUDA graph warmup complete
CUDA Graph id 2147 reused
CUDA Graph id 2148 reused
CUDA Graph id 2147 reused
CUDA Graph id 2148 reused
CUDA Graph id 2147 reused
CUDA Graph id 2148 reused
CUDA Graph id 2147 reused
CUDA Graph id 2148 reused
CUDA Graph id 2147 reused
CUDA Graph id 2148 reused
CUDA Graph id 2147 reused
CUDA Graph id 2148 reused
CUDA Graph id 2147 reused
CUDA Graph id 2148 reused
CUDA Graph id 2147 reused
CUDA Graph id 2148 reused
CUDA Graph id 2147 reused
CUDA Graph id 2148 reused
CUDA Graph id 2147 reused
CUDA Graph id 2148 reused
CUDA Graph id 2147 reused
CUDA Graph id 2148 reused
llama_perf_context_print:        load time =     475.48 ms
llama_perf_context_print: prompt eval time =     153.35 ms /   138 tokens (    1.11 ms per token,   899.90 tokens per second)
llama_perf_context_print:        eval time =     186.89 ms /    13 runs   (   14.38 ms per token,    69.56 tokens per second)
llama_perf_context_print:       total time =     669.90 ms /   151 tokens
llama_perf_context_print:    graphs reused =         12
Llama.generate: 65 prefix-match found but partial kv removal not supported, re-evaluating full prompt
ggml_backend_cuda_graph_compute: CUDA graph warmup reset
ggml_backend_cuda_graph_compute: CUDA graph warmup reset
CUDA Graph id 2155 reused
ggml_backend_cuda_graph_compute: CUDA graph warmup complete
CUDA Graph id 2156 reused
ggml_backend_cuda_graph_compute: CUDA graph warmup complete
CUDA Graph id 2155 reused
CUDA Graph id 2156 reused
CUDA Graph id 2155 reused
CUDA Graph id 2156 reused
CUDA Graph id 2155 reused
CUDA Graph id 2156 reused
CUDA Graph id 2155 reused
CUDA Graph id 2156 reused
CUDA Graph id 2155 reused
CUDA Graph id 2156 reused
CUDA Graph id 2155 reused
CUDA Graph id 2156 reused
CUDA Graph id 2155 reused
CUDA Graph id 2156 reused
CUDA Graph id 2155 reused
CUDA Graph id 2156 reused
CUDA Graph id 2155 reused
CUDA Graph id 2156 reused
CUDA Graph id 2155 reused
CUDA Graph id 2156 reused
CUDA Graph id 2155 reused
CUDA Graph id 2156 reused
llama_perf_context_print:        load time =     475.48 ms
llama_perf_context_print: prompt eval time =     159.66 ms /   139 tokens (    1.15 ms per token,   870.59 tokens per second)
llama_perf_context_print:        eval time =     179.71 ms /    13 runs   (   13.82 ms per token,    72.34 tokens per second)
llama_perf_context_print:       total time =     677.34 ms /   152 tokens
llama_perf_context_print:    graphs reused =         12
Llama.generate: 65 prefix-match found but partial kv removal not supported, re-evaluating full prompt
ggml_backend_cuda_graph_compute: CUDA graph warmup reset
ggml_backend_cuda_graph_compute: CUDA graph warmup reset
CUDA Graph id 2163 reused
ggml_backend_cuda_graph_compute: CUDA graph warmup complete
CUDA Graph id 2164 reused
ggml_backend_cuda_graph_compute: CUDA graph warmup complete
CUDA Graph id 2163 reused
CUDA Graph id 2164 reused
CUDA Graph id 2163 reused
CUDA Graph id 2164 reused
CUDA Graph id 2163 reused
CUDA Graph id 2164 reused
CUDA Graph id 2163 reused
CUDA Graph id 2164 reused
CUDA Graph id 2163 reused
CUDA Graph id 2164 reused
CUDA Graph id 2163 reused
CUDA Graph id 2164 reused
CUDA Graph id 2163 reused
CUDA Graph id 2164 reused
CUDA Graph id 2163 reused
CUDA Graph id 2164 reused
CUDA Graph id 2163 reused
CUDA Graph id 2164 reused
CUDA Graph id 2163 reused
CUDA Graph id 2164 reused
CUDA Graph id 2163 reused
CUDA Graph id 2164 reused
llama_perf_context_print:        load time =     475.48 ms
llama_perf_context_print: prompt eval time =     142.44 ms /   138 tokens (    1.03 ms per token,   968.84 tokens per second)
llama_perf_context_print:        eval time =     177.78 ms /    13 runs   (   13.68 ms per token,    73.12 tokens per second)
llama_perf_context_print:       total time =     650.90 ms /   151 tokens
llama_perf_context_print:    graphs reused =         12
Llama.generate: 65 prefix-match found but partial kv removal not supported, re-evaluating full prompt
ggml_backend_cuda_graph_compute: CUDA graph warmup reset
ggml_backend_cuda_graph_compute: CUDA graph warmup reset
CUDA Graph id 2171 reused
ggml_backend_cuda_graph_compute: CUDA graph warmup complete
CUDA Graph id 2172 reused
ggml_backend_cuda_graph_compute: CUDA graph warmup complete
CUDA Graph id 2171 reused
CUDA Graph id 2172 reused
CUDA Graph id 2171 reused
CUDA Graph id 2172 reused
CUDA Graph id 2171 reused
CUDA Graph id 2172 reused
CUDA Graph id 2171 reused
CUDA Graph id 2172 reused
CUDA Graph id 2171 reused
CUDA Graph id 2172 reused
CUDA Graph id 2171 reused
CUDA Graph id 2172 reused
CUDA Graph id 2171 reused
CUDA Graph id 2172 reused
CUDA Graph id 2171 reused
CUDA Graph id 2172 reused
CUDA Graph id 2171 reused
CUDA Graph id 2172 reused
CUDA Graph id 2171 reused
CUDA Graph id 2172 reused
CUDA Graph id 2171 reused
CUDA Graph id 2172 reused
llama_perf_context_print:        load time =     475.48 ms
llama_perf_context_print: prompt eval time =     139.27 ms /   135 tokens (    1.03 ms per token,   969.35 tokens per second)
llama_perf_context_print:        eval time =     177.71 ms /    13 runs   (   13.67 ms per token,    73.15 tokens per second)
llama_perf_context_print:       total time =     648.17 ms /   148 tokens
llama_perf_context_print:    graphs reused =         12
Llama.generate: 65 prefix-match found but partial kv removal not supported, re-evaluating full prompt
ggml_backend_cuda_graph_compute: CUDA graph warmup reset
ggml_backend_cuda_graph_compute: CUDA graph warmup reset
CUDA Graph id 2179 reused
ggml_backend_cuda_graph_compute: CUDA graph warmup complete
CUDA Graph id 2180 reused
ggml_backend_cuda_graph_compute: CUDA graph warmup complete
CUDA Graph id 2179 reused
CUDA Graph id 2180 reused
CUDA Graph id 2179 reused
CUDA Graph id 2180 reused
CUDA Graph id 2179 reused
CUDA Graph id 2180 reused
CUDA Graph id 2179 reused
CUDA Graph id 2180 reused
CUDA Graph id 2179 reused
CUDA Graph id 2180 reused
CUDA Graph id 2179 reused
CUDA Graph id 2180 reused
CUDA Graph id 2179 reused
CUDA Graph id 2180 reused
CUDA Graph id 2179 reused
CUDA Graph id 2180 reused
CUDA Graph id 2179 reused
CUDA Graph id 2180 reused
CUDA Graph id 2179 reused
CUDA Graph id 2180 reused
CUDA Graph id 2179 reused
CUDA Graph id 2180 reused
llama_perf_context_print:        load time =     475.48 ms
llama_perf_context_print: prompt eval time =     150.00 ms /   137 tokens (    1.09 ms per token,   913.33 tokens per second)
llama_perf_context_print:        eval time =     182.49 ms /    13 runs   (   14.04 ms per token,    71.24 tokens per second)
llama_perf_context_print:       total time =     662.37 ms /   150 tokens
llama_perf_context_print:    graphs reused =         12
Llama.generate: 65 prefix-match found but partial kv removal not supported, re-evaluating full prompt
ggml_backend_cuda_graph_compute: CUDA graph warmup reset
ggml_backend_cuda_graph_compute: CUDA graph warmup reset
CUDA Graph id 2187 reused
ggml_backend_cuda_graph_compute: CUDA graph warmup complete
CUDA Graph id 2188 reused
ggml_backend_cuda_graph_compute: CUDA graph warmup complete
CUDA Graph id 2187 reused
CUDA Graph id 2188 reused
CUDA Graph id 2187 reused
CUDA Graph id 2188 reused
CUDA Graph id 2187 reused
CUDA Graph id 2188 reused
CUDA Graph id 2187 reused
CUDA Graph id 2188 reused
CUDA Graph id 2187 reused
CUDA Graph id 2188 reused
CUDA Graph id 2187 reused
CUDA Graph id 2188 reused
CUDA Graph id 2187 reused
CUDA Graph id 2188 reused
CUDA Graph id 2187 reused
CUDA Graph id 2188 reused
CUDA Graph id 2187 reused
CUDA Graph id 2188 reused
CUDA Graph id 2187 reused
CUDA Graph id 2188 reused
CUDA Graph id 2187 reused
CUDA Graph id 2188 reused
llama_perf_context_print:        load time =     475.48 ms
llama_perf_context_print: prompt eval time =     164.41 ms /   138 tokens (    1.19 ms per token,   839.37 tokens per second)
llama_perf_context_print:        eval time =     181.64 ms /    13 runs   (   13.97 ms per token,    71.57 tokens per second)
llama_perf_context_print:       total time =     682.99 ms /   151 tokens
llama_perf_context_print:    graphs reused =         12
Llama.generate: 65 prefix-match found but partial kv removal not supported, re-evaluating full prompt
ggml_backend_cuda_graph_compute: CUDA graph warmup reset
ggml_backend_cuda_graph_compute: CUDA graph warmup reset
CUDA Graph id 2195 reused
ggml_backend_cuda_graph_compute: CUDA graph warmup complete
CUDA Graph id 2196 reused
ggml_backend_cuda_graph_compute: CUDA graph warmup complete
CUDA Graph id 2195 reused
CUDA Graph id 2196 reused
CUDA Graph id 2195 reused
CUDA Graph id 2196 reused
CUDA Graph id 2195 reused
CUDA Graph id 2196 reused
CUDA Graph id 2195 reused
CUDA Graph id 2196 reused
CUDA Graph id 2195 reused
CUDA Graph id 2196 reused
CUDA Graph id 2195 reused
CUDA Graph id 2196 reused
CUDA Graph id 2195 reused
CUDA Graph id 2196 reused
CUDA Graph id 2195 reused
CUDA Graph id 2196 reused
CUDA Graph id 2195 reused
CUDA Graph id 2196 reused
CUDA Graph id 2195 reused
CUDA Graph id 2196 reused
CUDA Graph id 2195 reused
CUDA Graph id 2196 reused
llama_perf_context_print:        load time =     475.48 ms
llama_perf_context_print: prompt eval time =     144.64 ms /   136 tokens (    1.06 ms per token,   940.28 tokens per second)
llama_perf_context_print:        eval time =     179.91 ms /    13 runs   (   13.84 ms per token,    72.26 tokens per second)
llama_perf_context_print:       total time =     664.99 ms /   149 tokens
llama_perf_context_print:    graphs reused =         12
Llama.generate: 65 prefix-match found but partial kv removal not supported, re-evaluating full prompt
ggml_backend_cuda_graph_compute: CUDA graph warmup reset
ggml_backend_cuda_graph_compute: CUDA graph warmup reset
CUDA Graph id 2203 reused
ggml_backend_cuda_graph_compute: CUDA graph warmup complete
CUDA Graph id 2204 reused
ggml_backend_cuda_graph_compute: CUDA graph warmup complete
CUDA Graph id 2203 reused
CUDA Graph id 2204 reused
CUDA Graph id 2203 reused
CUDA Graph id 2204 reused
CUDA Graph id 2203 reused
CUDA Graph id 2204 reused
CUDA Graph id 2203 reused
CUDA Graph id 2204 reused
CUDA Graph id 2203 reused
CUDA Graph id 2204 reused
CUDA Graph id 2203 reused
CUDA Graph id 2204 reused
CUDA Graph id 2203 reused
CUDA Graph id 2204 reused
CUDA Graph id 2203 reused
CUDA Graph id 2204 reused
CUDA Graph id 2203 reused
CUDA Graph id 2204 reused
CUDA Graph id 2203 reused
CUDA Graph id 2204 reused
CUDA Graph id 2203 reused
CUDA Graph id 2204 reused
llama_perf_context_print:        load time =     475.48 ms
llama_perf_context_print: prompt eval time =     143.81 ms /   138 tokens (    1.04 ms per token,   959.58 tokens per second)
llama_perf_context_print:        eval time =     173.88 ms /    13 runs   (   13.38 ms per token,    74.76 tokens per second)
llama_perf_context_print:       total time =     657.51 ms /   151 tokens
llama_perf_context_print:    graphs reused =         12
Llama.generate: 65 prefix-match found but partial kv removal not supported, re-evaluating full prompt
ggml_backend_cuda_graph_compute: CUDA graph warmup reset
ggml_backend_cuda_graph_compute: CUDA graph warmup reset
CUDA Graph id 2211 reused
ggml_backend_cuda_graph_compute: CUDA graph warmup complete
CUDA Graph id 2212 reused
ggml_backend_cuda_graph_compute: CUDA graph warmup complete
CUDA Graph id 2211 reused
CUDA Graph id 2212 reused
CUDA Graph id 2211 reused
CUDA Graph id 2212 reused
CUDA Graph id 2211 reused
CUDA Graph id 2212 reused
CUDA Graph id 2211 reused
CUDA Graph id 2212 reused
CUDA Graph id 2211 reused
CUDA Graph id 2212 reused
CUDA Graph id 2211 reused
CUDA Graph id 2212 reused
CUDA Graph id 2211 reused
CUDA Graph id 2212 reused
CUDA Graph id 2211 reused
CUDA Graph id 2212 reused
CUDA Graph id 2211 reused
CUDA Graph id 2212 reused
CUDA Graph id 2211 reused
CUDA Graph id 2212 reused
CUDA Graph id 2211 reused
CUDA Graph id 2212 reused
llama_perf_context_print:        load time =     475.48 ms
llama_perf_context_print: prompt eval time =     132.67 ms /   136 tokens (    0.98 ms per token,  1025.13 tokens per second)
llama_perf_context_print:        eval time =     171.86 ms /    13 runs   (   13.22 ms per token,    75.64 tokens per second)
llama_perf_context_print:       total time =     638.67 ms /   149 tokens
llama_perf_context_print:    graphs reused =         12
Llama.generate: 66 prefix-match found but partial kv removal not supported, re-evaluating full prompt
ggml_backend_cuda_graph_compute: CUDA graph warmup reset
ggml_backend_cuda_graph_compute: CUDA graph warmup reset
CUDA Graph id 2219 reused
ggml_backend_cuda_graph_compute: CUDA graph warmup complete
CUDA Graph id 2220 reused
ggml_backend_cuda_graph_compute: CUDA graph warmup complete
CUDA Graph id 2219 reused
CUDA Graph id 2220 reused
CUDA Graph id 2219 reused
CUDA Graph id 2220 reused
CUDA Graph id 2219 reused
CUDA Graph id 2220 reused
CUDA Graph id 2219 reused
CUDA Graph id 2220 reused
CUDA Graph id 2219 reused
CUDA Graph id 2220 reused
CUDA Graph id 2219 reused
CUDA Graph id 2220 reused
CUDA Graph id 2219 reused
CUDA Graph id 2220 reused
CUDA Graph id 2219 reused
CUDA Graph id 2220 reused
CUDA Graph id 2219 reused
CUDA Graph id 2220 reused
CUDA Graph id 2219 reused
CUDA Graph id 2220 reused
CUDA Graph id 2219 reused
CUDA Graph id 2220 reused
llama_perf_context_print:        load time =     475.48 ms
llama_perf_context_print: prompt eval time =     131.47 ms /   138 tokens (    0.95 ms per token,  1049.70 tokens per second)
llama_perf_context_print:        eval time =     171.54 ms /    13 runs   (   13.20 ms per token,    75.78 tokens per second)
llama_perf_context_print:       total time =     647.26 ms /   151 tokens
llama_perf_context_print:    graphs reused =         12
Llama.generate: 65 prefix-match found but partial kv removal not supported, re-evaluating full prompt
ggml_backend_cuda_graph_compute: CUDA graph warmup reset
ggml_backend_cuda_graph_compute: CUDA graph warmup reset
CUDA Graph id 2227 reused
ggml_backend_cuda_graph_compute: CUDA graph warmup complete
CUDA Graph id 2228 reused
ggml_backend_cuda_graph_compute: CUDA graph warmup complete
CUDA Graph id 2227 reused
CUDA Graph id 2228 reused
CUDA Graph id 2227 reused
CUDA Graph id 2228 reused
CUDA Graph id 2227 reused
CUDA Graph id 2228 reused
CUDA Graph id 2227 reused
CUDA Graph id 2228 reused
CUDA Graph id 2227 reused
CUDA Graph id 2228 reused
CUDA Graph id 2227 reused
CUDA Graph id 2228 reused
CUDA Graph id 2227 reused
CUDA Graph id 2228 reused
CUDA Graph id 2227 reused
CUDA Graph id 2228 reused
CUDA Graph id 2227 reused
CUDA Graph id 2228 reused
CUDA Graph id 2227 reused
CUDA Graph id 2228 reused
CUDA Graph id 2227 reused
CUDA Graph id 2228 reused
llama_perf_context_print:        load time =     475.48 ms
llama_perf_context_print: prompt eval time =     149.18 ms /   138 tokens (    1.08 ms per token,   925.07 tokens per second)
llama_perf_context_print:        eval time =     181.46 ms /    13 runs   (   13.96 ms per token,    71.64 tokens per second)
llama_perf_context_print:       total time =     674.72 ms /   151 tokens
llama_perf_context_print:    graphs reused =         12
Llama.generate: 65 prefix-match found but partial kv removal not supported, re-evaluating full prompt
ggml_backend_cuda_graph_compute: CUDA graph warmup reset
ggml_backend_cuda_graph_compute: CUDA graph warmup reset
CUDA Graph id 2235 reused
ggml_backend_cuda_graph_compute: CUDA graph warmup complete
CUDA Graph id 2236 reused
ggml_backend_cuda_graph_compute: CUDA graph warmup complete
CUDA Graph id 2235 reused
CUDA Graph id 2236 reused
CUDA Graph id 2235 reused
CUDA Graph id 2236 reused
CUDA Graph id 2235 reused
CUDA Graph id 2236 reused
CUDA Graph id 2235 reused
CUDA Graph id 2236 reused
CUDA Graph id 2235 reused
CUDA Graph id 2236 reused
CUDA Graph id 2235 reused
CUDA Graph id 2236 reused
CUDA Graph id 2235 reused
CUDA Graph id 2236 reused
CUDA Graph id 2235 reused
CUDA Graph id 2236 reused
CUDA Graph id 2235 reused
CUDA Graph id 2236 reused
CUDA Graph id 2235 reused
CUDA Graph id 2236 reused
CUDA Graph id 2235 reused
CUDA Graph id 2236 reused
llama_perf_context_print:        load time =     475.48 ms
llama_perf_context_print: prompt eval time =     165.10 ms /   137 tokens (    1.21 ms per token,   829.79 tokens per second)
llama_perf_context_print:        eval time =     179.98 ms /    13 runs   (   13.84 ms per token,    72.23 tokens per second)
llama_perf_context_print:       total time =     689.25 ms /   150 tokens
llama_perf_context_print:    graphs reused =         12
Llama.generate: 67 prefix-match found but partial kv removal not supported, re-evaluating full prompt
ggml_backend_cuda_graph_compute: CUDA graph warmup reset
ggml_backend_cuda_graph_compute: CUDA graph warmup reset
CUDA Graph id 2243 reused
ggml_backend_cuda_graph_compute: CUDA graph warmup complete
CUDA Graph id 2244 reused
ggml_backend_cuda_graph_compute: CUDA graph warmup complete
CUDA Graph id 2243 reused
CUDA Graph id 2244 reused
CUDA Graph id 2243 reused
CUDA Graph id 2244 reused
CUDA Graph id 2243 reused
CUDA Graph id 2244 reused
CUDA Graph id 2243 reused
CUDA Graph id 2244 reused
CUDA Graph id 2243 reused
CUDA Graph id 2244 reused
CUDA Graph id 2243 reused
CUDA Graph id 2244 reused
CUDA Graph id 2243 reused
CUDA Graph id 2244 reused
CUDA Graph id 2243 reused
CUDA Graph id 2244 reused
CUDA Graph id 2243 reused
CUDA Graph id 2244 reused
CUDA Graph id 2243 reused
CUDA Graph id 2244 reused
CUDA Graph id 2243 reused
CUDA Graph id 2244 reused
llama_perf_context_print:        load time =     475.48 ms
llama_perf_context_print: prompt eval time =     142.10 ms /   137 tokens (    1.04 ms per token,   964.08 tokens per second)
llama_perf_context_print:        eval time =     177.78 ms /    13 runs   (   13.68 ms per token,    73.12 tokens per second)
llama_perf_context_print:       total time =     650.37 ms /   150 tokens
llama_perf_context_print:    graphs reused =         12
Llama.generate: 65 prefix-match found but partial kv removal not supported, re-evaluating full prompt
ggml_backend_cuda_graph_compute: CUDA graph warmup reset
ggml_backend_cuda_graph_compute: CUDA graph warmup reset
CUDA Graph id 2251 reused
ggml_backend_cuda_graph_compute: CUDA graph warmup complete
CUDA Graph id 2252 reused
ggml_backend_cuda_graph_compute: CUDA graph warmup complete
CUDA Graph id 2251 reused
CUDA Graph id 2252 reused
CUDA Graph id 2251 reused
CUDA Graph id 2252 reused
CUDA Graph id 2251 reused
CUDA Graph id 2252 reused
CUDA Graph id 2251 reused
CUDA Graph id 2252 reused
CUDA Graph id 2251 reused
CUDA Graph id 2252 reused
CUDA Graph id 2251 reused
CUDA Graph id 2252 reused
CUDA Graph id 2251 reused
CUDA Graph id 2252 reused
CUDA Graph id 2251 reused
CUDA Graph id 2252 reused
CUDA Graph id 2251 reused
CUDA Graph id 2252 reused
CUDA Graph id 2251 reused
CUDA Graph id 2252 reused
CUDA Graph id 2251 reused
CUDA Graph id 2252 reused
llama_perf_context_print:        load time =     475.48 ms
llama_perf_context_print: prompt eval time =     141.31 ms /   138 tokens (    1.02 ms per token,   976.57 tokens per second)
llama_perf_context_print:        eval time =     173.77 ms /    13 runs   (   13.37 ms per token,    74.81 tokens per second)
llama_perf_context_print:       total time =     647.82 ms /   151 tokens
llama_perf_context_print:    graphs reused =         12
Llama.generate: 66 prefix-match found but partial kv removal not supported, re-evaluating full prompt
ggml_backend_cuda_graph_compute: CUDA graph warmup reset
ggml_backend_cuda_graph_compute: CUDA graph warmup reset
CUDA Graph id 2259 reused
ggml_backend_cuda_graph_compute: CUDA graph warmup complete
CUDA Graph id 2260 reused
ggml_backend_cuda_graph_compute: CUDA graph warmup complete
CUDA Graph id 2259 reused
CUDA Graph id 2260 reused
CUDA Graph id 2259 reused
CUDA Graph id 2260 reused
CUDA Graph id 2259 reused
CUDA Graph id 2260 reused
CUDA Graph id 2259 reused
CUDA Graph id 2260 reused
CUDA Graph id 2259 reused
CUDA Graph id 2260 reused
CUDA Graph id 2259 reused
CUDA Graph id 2260 reused
CUDA Graph id 2259 reused
CUDA Graph id 2260 reused
CUDA Graph id 2259 reused
CUDA Graph id 2260 reused
CUDA Graph id 2259 reused
CUDA Graph id 2260 reused
CUDA Graph id 2259 reused
CUDA Graph id 2260 reused
CUDA Graph id 2259 reused
CUDA Graph id 2260 reused
llama_perf_context_print:        load time =     475.48 ms
llama_perf_context_print: prompt eval time =     134.46 ms /   138 tokens (    0.97 ms per token,  1026.33 tokens per second)
llama_perf_context_print:        eval time =     173.39 ms /    13 runs   (   13.34 ms per token,    74.98 tokens per second)
llama_perf_context_print:       total time =     641.39 ms /   151 tokens
llama_perf_context_print:    graphs reused =         12
Llama.generate: 66 prefix-match found but partial kv removal not supported, re-evaluating full prompt
ggml_backend_cuda_graph_compute: CUDA graph warmup reset
ggml_backend_cuda_graph_compute: CUDA graph warmup reset
CUDA Graph id 2267 reused
ggml_backend_cuda_graph_compute: CUDA graph warmup complete
CUDA Graph id 2268 reused
ggml_backend_cuda_graph_compute: CUDA graph warmup complete
CUDA Graph id 2267 reused
CUDA Graph id 2268 reused
CUDA Graph id 2267 reused
CUDA Graph id 2268 reused
CUDA Graph id 2267 reused
CUDA Graph id 2268 reused
CUDA Graph id 2267 reused
CUDA Graph id 2268 reused
CUDA Graph id 2267 reused
CUDA Graph id 2268 reused
CUDA Graph id 2267 reused
CUDA Graph id 2268 reused
CUDA Graph id 2267 reused
CUDA Graph id 2268 reused
CUDA Graph id 2267 reused
CUDA Graph id 2268 reused
CUDA Graph id 2267 reused
CUDA Graph id 2268 reused
CUDA Graph id 2267 reused
CUDA Graph id 2268 reused
CUDA Graph id 2267 reused
CUDA Graph id 2268 reused
llama_perf_context_print:        load time =     475.48 ms
llama_perf_context_print: prompt eval time =     134.25 ms /   138 tokens (    0.97 ms per token,  1027.92 tokens per second)
llama_perf_context_print:        eval time =     174.70 ms /    13 runs   (   13.44 ms per token,    74.41 tokens per second)
llama_perf_context_print:       total time =     646.57 ms /   151 tokens
llama_perf_context_print:    graphs reused =         12
Llama.generate: 65 prefix-match found but partial kv removal not supported, re-evaluating full prompt
ggml_backend_cuda_graph_compute: CUDA graph warmup reset
ggml_backend_cuda_graph_compute: CUDA graph warmup reset
CUDA Graph id 2275 reused
ggml_backend_cuda_graph_compute: CUDA graph warmup complete
CUDA Graph id 2276 reused
ggml_backend_cuda_graph_compute: CUDA graph warmup complete
CUDA Graph id 2275 reused
CUDA Graph id 2276 reused
CUDA Graph id 2275 reused
CUDA Graph id 2276 reused
CUDA Graph id 2275 reused
CUDA Graph id 2276 reused
CUDA Graph id 2275 reused
CUDA Graph id 2276 reused
CUDA Graph id 2275 reused
CUDA Graph id 2276 reused
CUDA Graph id 2275 reused
CUDA Graph id 2276 reused
CUDA Graph id 2275 reused
CUDA Graph id 2276 reused
CUDA Graph id 2275 reused
CUDA Graph id 2276 reused
CUDA Graph id 2275 reused
CUDA Graph id 2276 reused
CUDA Graph id 2275 reused
CUDA Graph id 2276 reused
CUDA Graph id 2275 reused
CUDA Graph id 2276 reused
llama_perf_context_print:        load time =     475.48 ms
llama_perf_context_print: prompt eval time =     164.48 ms /   137 tokens (    1.20 ms per token,   832.94 tokens per second)
llama_perf_context_print:        eval time =     190.25 ms /    13 runs   (   14.63 ms per token,    68.33 tokens per second)
llama_perf_context_print:       total time =     688.76 ms /   150 tokens
llama_perf_context_print:    graphs reused =         12
Llama.generate: 66 prefix-match found but partial kv removal not supported, re-evaluating full prompt
ggml_backend_cuda_graph_compute: CUDA graph warmup reset
ggml_backend_cuda_graph_compute: CUDA graph warmup reset
CUDA Graph id 2283 reused
ggml_backend_cuda_graph_compute: CUDA graph warmup complete
CUDA Graph id 2284 reused
ggml_backend_cuda_graph_compute: CUDA graph warmup complete
CUDA Graph id 2283 reused
CUDA Graph id 2284 reused
CUDA Graph id 2283 reused
CUDA Graph id 2284 reused
CUDA Graph id 2283 reused
CUDA Graph id 2284 reused
CUDA Graph id 2283 reused
CUDA Graph id 2284 reused
CUDA Graph id 2283 reused
CUDA Graph id 2284 reused
CUDA Graph id 2283 reused
CUDA Graph id 2284 reused
CUDA Graph id 2283 reused
CUDA Graph id 2284 reused
CUDA Graph id 2283 reused
CUDA Graph id 2284 reused
CUDA Graph id 2283 reused
CUDA Graph id 2284 reused
CUDA Graph id 2283 reused
CUDA Graph id 2284 reused
CUDA Graph id 2283 reused
CUDA Graph id 2284 reused
llama_perf_context_print:        load time =     475.48 ms
llama_perf_context_print: prompt eval time =     163.53 ms /   138 tokens (    1.19 ms per token,   843.86 tokens per second)
llama_perf_context_print:        eval time =     183.60 ms /    13 runs   (   14.12 ms per token,    70.81 tokens per second)
llama_perf_context_print:       total time =     693.95 ms /   151 tokens
llama_perf_context_print:    graphs reused =         12
Llama.generate: 65 prefix-match found but partial kv removal not supported, re-evaluating full prompt
ggml_backend_cuda_graph_compute: CUDA graph warmup reset
ggml_backend_cuda_graph_compute: CUDA graph warmup reset
CUDA Graph id 2291 reused
ggml_backend_cuda_graph_compute: CUDA graph warmup complete
CUDA Graph id 2292 reused
ggml_backend_cuda_graph_compute: CUDA graph warmup complete
CUDA Graph id 2291 reused
CUDA Graph id 2292 reused
CUDA Graph id 2291 reused
CUDA Graph id 2292 reused
CUDA Graph id 2291 reused
CUDA Graph id 2292 reused
CUDA Graph id 2291 reused
CUDA Graph id 2292 reused
CUDA Graph id 2291 reused
CUDA Graph id 2292 reused
CUDA Graph id 2291 reused
CUDA Graph id 2292 reused
CUDA Graph id 2291 reused
CUDA Graph id 2292 reused
CUDA Graph id 2291 reused
CUDA Graph id 2292 reused
CUDA Graph id 2291 reused
CUDA Graph id 2292 reused
CUDA Graph id 2291 reused
CUDA Graph id 2292 reused
CUDA Graph id 2291 reused
CUDA Graph id 2292 reused
llama_perf_context_print:        load time =     475.48 ms
llama_perf_context_print: prompt eval time =     149.38 ms /   139 tokens (    1.07 ms per token,   930.54 tokens per second)
llama_perf_context_print:        eval time =     180.89 ms /    13 runs   (   13.91 ms per token,    71.87 tokens per second)
llama_perf_context_print:       total time =     660.67 ms /   152 tokens
llama_perf_context_print:    graphs reused =         12
Llama.generate: 65 prefix-match found but partial kv removal not supported, re-evaluating full prompt
ggml_backend_cuda_graph_compute: CUDA graph warmup reset
ggml_backend_cuda_graph_compute: CUDA graph warmup reset
CUDA Graph id 2299 reused
ggml_backend_cuda_graph_compute: CUDA graph warmup complete
CUDA Graph id 2300 reused
ggml_backend_cuda_graph_compute: CUDA graph warmup complete
CUDA Graph id 2299 reused
CUDA Graph id 2300 reused
CUDA Graph id 2299 reused
CUDA Graph id 2300 reused
CUDA Graph id 2299 reused
CUDA Graph id 2300 reused
CUDA Graph id 2299 reused
CUDA Graph id 2300 reused
CUDA Graph id 2299 reused
CUDA Graph id 2300 reused
CUDA Graph id 2299 reused
CUDA Graph id 2300 reused
CUDA Graph id 2299 reused
CUDA Graph id 2300 reused
CUDA Graph id 2299 reused
CUDA Graph id 2300 reused
CUDA Graph id 2299 reused
CUDA Graph id 2300 reused
CUDA Graph id 2299 reused
CUDA Graph id 2300 reused
CUDA Graph id 2299 reused
CUDA Graph id 2300 reused
llama_perf_context_print:        load time =     475.48 ms
llama_perf_context_print: prompt eval time =     145.29 ms /   137 tokens (    1.06 ms per token,   942.94 tokens per second)
llama_perf_context_print:        eval time =     180.21 ms /    13 runs   (   13.86 ms per token,    72.14 tokens per second)
llama_perf_context_print:       total time =     654.11 ms /   150 tokens
llama_perf_context_print:    graphs reused =         12
Llama.generate: 65 prefix-match found but partial kv removal not supported, re-evaluating full prompt
ggml_backend_cuda_graph_compute: CUDA graph warmup reset
ggml_backend_cuda_graph_compute: CUDA graph warmup reset
CUDA Graph id 2307 reused
ggml_backend_cuda_graph_compute: CUDA graph warmup complete
CUDA Graph id 2308 reused
ggml_backend_cuda_graph_compute: CUDA graph warmup complete
CUDA Graph id 2307 reused
CUDA Graph id 2308 reused
CUDA Graph id 2307 reused
CUDA Graph id 2308 reused
CUDA Graph id 2307 reused
CUDA Graph id 2308 reused
CUDA Graph id 2307 reused
CUDA Graph id 2308 reused
CUDA Graph id 2307 reused
CUDA Graph id 2308 reused
CUDA Graph id 2307 reused
CUDA Graph id 2308 reused
CUDA Graph id 2307 reused
CUDA Graph id 2308 reused
CUDA Graph id 2307 reused
CUDA Graph id 2308 reused
CUDA Graph id 2307 reused
CUDA Graph id 2308 reused
CUDA Graph id 2307 reused
CUDA Graph id 2308 reused
CUDA Graph id 2307 reused
CUDA Graph id 2308 reused
llama_perf_context_print:        load time =     475.48 ms
llama_perf_context_print: prompt eval time =     145.45 ms /   138 tokens (    1.05 ms per token,   948.77 tokens per second)
llama_perf_context_print:        eval time =     181.63 ms /    13 runs   (   13.97 ms per token,    71.58 tokens per second)
llama_perf_context_print:       total time =     667.77 ms /   151 tokens
llama_perf_context_print:    graphs reused =         12
Llama.generate: 65 prefix-match found but partial kv removal not supported, re-evaluating full prompt
ggml_backend_cuda_graph_compute: CUDA graph warmup reset
ggml_backend_cuda_graph_compute: CUDA graph warmup reset
CUDA Graph id 2315 reused
ggml_backend_cuda_graph_compute: CUDA graph warmup complete
CUDA Graph id 2316 reused
ggml_backend_cuda_graph_compute: CUDA graph warmup complete
CUDA Graph id 2315 reused
CUDA Graph id 2316 reused
CUDA Graph id 2315 reused
CUDA Graph id 2316 reused
CUDA Graph id 2315 reused
CUDA Graph id 2316 reused
CUDA Graph id 2315 reused
CUDA Graph id 2316 reused
CUDA Graph id 2315 reused
CUDA Graph id 2316 reused
CUDA Graph id 2315 reused
CUDA Graph id 2316 reused
CUDA Graph id 2315 reused
CUDA Graph id 2316 reused
CUDA Graph id 2315 reused
CUDA Graph id 2316 reused
CUDA Graph id 2315 reused
CUDA Graph id 2316 reused
CUDA Graph id 2315 reused
CUDA Graph id 2316 reused
CUDA Graph id 2315 reused
CUDA Graph id 2316 reused
llama_perf_context_print:        load time =     475.48 ms
llama_perf_context_print: prompt eval time =     153.70 ms /   138 tokens (    1.11 ms per token,   897.88 tokens per second)
llama_perf_context_print:        eval time =     188.47 ms /    13 runs   (   14.50 ms per token,    68.98 tokens per second)
llama_perf_context_print:       total time =     670.12 ms /   151 tokens
llama_perf_context_print:    graphs reused =         12
Llama.generate: 66 prefix-match found but partial kv removal not supported, re-evaluating full prompt
ggml_backend_cuda_graph_compute: CUDA graph warmup reset
ggml_backend_cuda_graph_compute: CUDA graph warmup reset
CUDA Graph id 2323 reused
ggml_backend_cuda_graph_compute: CUDA graph warmup complete
CUDA Graph id 2324 reused
ggml_backend_cuda_graph_compute: CUDA graph warmup complete
CUDA Graph id 2323 reused
CUDA Graph id 2324 reused
CUDA Graph id 2323 reused
CUDA Graph id 2324 reused
CUDA Graph id 2323 reused
CUDA Graph id 2324 reused
CUDA Graph id 2323 reused
CUDA Graph id 2324 reused
CUDA Graph id 2323 reused
CUDA Graph id 2324 reused
CUDA Graph id 2323 reused
CUDA Graph id 2324 reused
CUDA Graph id 2323 reused
CUDA Graph id 2324 reused
CUDA Graph id 2323 reused
CUDA Graph id 2324 reused
CUDA Graph id 2323 reused
CUDA Graph id 2324 reused
CUDA Graph id 2323 reused
CUDA Graph id 2324 reused
CUDA Graph id 2323 reused
CUDA Graph id 2324 reused
llama_perf_context_print:        load time =     475.48 ms
llama_perf_context_print: prompt eval time =     171.02 ms /   137 tokens (    1.25 ms per token,   801.08 tokens per second)
llama_perf_context_print:        eval time =     190.13 ms /    13 runs   (   14.63 ms per token,    68.37 tokens per second)
llama_perf_context_print:       total time =     693.56 ms /   150 tokens
llama_perf_context_print:    graphs reused =         12
Llama.generate: 66 prefix-match found but partial kv removal not supported, re-evaluating full prompt
ggml_backend_cuda_graph_compute: CUDA graph warmup reset
ggml_backend_cuda_graph_compute: CUDA graph warmup reset
CUDA Graph id 2331 reused
ggml_backend_cuda_graph_compute: CUDA graph warmup complete
CUDA Graph id 2332 reused
ggml_backend_cuda_graph_compute: CUDA graph warmup complete
CUDA Graph id 2331 reused
CUDA Graph id 2332 reused
CUDA Graph id 2331 reused
CUDA Graph id 2332 reused
CUDA Graph id 2331 reused
CUDA Graph id 2332 reused
CUDA Graph id 2331 reused
CUDA Graph id 2332 reused
CUDA Graph id 2331 reused
CUDA Graph id 2332 reused
CUDA Graph id 2331 reused
CUDA Graph id 2332 reused
CUDA Graph id 2331 reused
CUDA Graph id 2332 reused
CUDA Graph id 2331 reused
CUDA Graph id 2332 reused
CUDA Graph id 2331 reused
CUDA Graph id 2332 reused
CUDA Graph id 2331 reused
CUDA Graph id 2332 reused
CUDA Graph id 2331 reused
CUDA Graph id 2332 reused
llama_perf_context_print:        load time =     475.48 ms
llama_perf_context_print: prompt eval time =     157.37 ms /   138 tokens (    1.14 ms per token,   876.94 tokens per second)
llama_perf_context_print:        eval time =     185.99 ms /    13 runs   (   14.31 ms per token,    69.90 tokens per second)
llama_perf_context_print:       total time =     687.03 ms /   151 tokens
llama_perf_context_print:    graphs reused =         12
Llama.generate: 66 prefix-match found but partial kv removal not supported, re-evaluating full prompt
ggml_backend_cuda_graph_compute: CUDA graph warmup reset
ggml_backend_cuda_graph_compute: CUDA graph warmup reset
CUDA Graph id 2339 reused
ggml_backend_cuda_graph_compute: CUDA graph warmup complete
CUDA Graph id 2340 reused
ggml_backend_cuda_graph_compute: CUDA graph warmup complete
CUDA Graph id 2339 reused
CUDA Graph id 2340 reused
CUDA Graph id 2339 reused
CUDA Graph id 2340 reused
CUDA Graph id 2339 reused
CUDA Graph id 2340 reused
CUDA Graph id 2339 reused
CUDA Graph id 2340 reused
CUDA Graph id 2339 reused
CUDA Graph id 2340 reused
CUDA Graph id 2339 reused
CUDA Graph id 2340 reused
CUDA Graph id 2339 reused
CUDA Graph id 2340 reused
CUDA Graph id 2339 reused
CUDA Graph id 2340 reused
CUDA Graph id 2339 reused
CUDA Graph id 2340 reused
CUDA Graph id 2339 reused
CUDA Graph id 2340 reused
CUDA Graph id 2339 reused
CUDA Graph id 2340 reused
llama_perf_context_print:        load time =     475.48 ms
llama_perf_context_print: prompt eval time =     149.21 ms /   136 tokens (    1.10 ms per token,   911.46 tokens per second)
llama_perf_context_print:        eval time =     178.38 ms /    13 runs   (   13.72 ms per token,    72.88 tokens per second)
llama_perf_context_print:       total time =     661.93 ms /   149 tokens
llama_perf_context_print:    graphs reused =         12
Llama.generate: 66 prefix-match found but partial kv removal not supported, re-evaluating full prompt
ggml_backend_cuda_graph_compute: CUDA graph warmup reset
ggml_backend_cuda_graph_compute: CUDA graph warmup reset
CUDA Graph id 2347 reused
ggml_backend_cuda_graph_compute: CUDA graph warmup complete
CUDA Graph id 2348 reused
ggml_backend_cuda_graph_compute: CUDA graph warmup complete
CUDA Graph id 2347 reused
CUDA Graph id 2348 reused
CUDA Graph id 2347 reused
CUDA Graph id 2348 reused
CUDA Graph id 2347 reused
CUDA Graph id 2348 reused
CUDA Graph id 2347 reused
CUDA Graph id 2348 reused
CUDA Graph id 2347 reused
CUDA Graph id 2348 reused
CUDA Graph id 2347 reused
CUDA Graph id 2348 reused
CUDA Graph id 2347 reused
CUDA Graph id 2348 reused
CUDA Graph id 2347 reused
CUDA Graph id 2348 reused
CUDA Graph id 2347 reused
CUDA Graph id 2348 reused
CUDA Graph id 2347 reused
CUDA Graph id 2348 reused
CUDA Graph id 2347 reused
CUDA Graph id 2348 reused
llama_perf_context_print:        load time =     475.48 ms
llama_perf_context_print: prompt eval time =     140.09 ms /   139 tokens (    1.01 ms per token,   992.21 tokens per second)
llama_perf_context_print:        eval time =     177.13 ms /    13 runs   (   13.63 ms per token,    73.39 tokens per second)
llama_perf_context_print:       total time =     654.92 ms /   152 tokens
llama_perf_context_print:    graphs reused =         12
Llama.generate: 67 prefix-match found but partial kv removal not supported, re-evaluating full prompt
ggml_backend_cuda_graph_compute: CUDA graph warmup reset
ggml_backend_cuda_graph_compute: CUDA graph warmup reset
CUDA Graph id 2355 reused
ggml_backend_cuda_graph_compute: CUDA graph warmup complete
CUDA Graph id 2356 reused
ggml_backend_cuda_graph_compute: CUDA graph warmup complete
CUDA Graph id 2355 reused
CUDA Graph id 2356 reused
CUDA Graph id 2355 reused
CUDA Graph id 2356 reused
CUDA Graph id 2355 reused
CUDA Graph id 2356 reused
CUDA Graph id 2355 reused
CUDA Graph id 2356 reused
CUDA Graph id 2355 reused
CUDA Graph id 2356 reused
CUDA Graph id 2355 reused
CUDA Graph id 2356 reused
CUDA Graph id 2355 reused
CUDA Graph id 2356 reused
CUDA Graph id 2355 reused
CUDA Graph id 2356 reused
CUDA Graph id 2355 reused
CUDA Graph id 2356 reused
CUDA Graph id 2355 reused
CUDA Graph id 2356 reused
CUDA Graph id 2355 reused
CUDA Graph id 2356 reused
llama_perf_context_print:        load time =     475.48 ms
llama_perf_context_print: prompt eval time =     139.96 ms /   138 tokens (    1.01 ms per token,   985.97 tokens per second)
llama_perf_context_print:        eval time =     172.72 ms /    13 runs   (   13.29 ms per token,    75.27 tokens per second)
llama_perf_context_print:       total time =     645.82 ms /   151 tokens
llama_perf_context_print:    graphs reused =         12
Llama.generate: 66 prefix-match found but partial kv removal not supported, re-evaluating full prompt
ggml_backend_cuda_graph_compute: CUDA graph warmup reset
ggml_backend_cuda_graph_compute: CUDA graph warmup reset
CUDA Graph id 2363 reused
ggml_backend_cuda_graph_compute: CUDA graph warmup complete
CUDA Graph id 2364 reused
ggml_backend_cuda_graph_compute: CUDA graph warmup complete
CUDA Graph id 2363 reused
CUDA Graph id 2364 reused
CUDA Graph id 2363 reused
CUDA Graph id 2364 reused
CUDA Graph id 2363 reused
CUDA Graph id 2364 reused
CUDA Graph id 2363 reused
CUDA Graph id 2364 reused
CUDA Graph id 2363 reused
CUDA Graph id 2364 reused
CUDA Graph id 2363 reused
CUDA Graph id 2364 reused
CUDA Graph id 2363 reused
CUDA Graph id 2364 reused
CUDA Graph id 2363 reused
CUDA Graph id 2364 reused
CUDA Graph id 2363 reused
CUDA Graph id 2364 reused
CUDA Graph id 2363 reused
CUDA Graph id 2364 reused
CUDA Graph id 2363 reused
CUDA Graph id 2364 reused
llama_perf_context_print:        load time =     475.48 ms
llama_perf_context_print: prompt eval time =     131.89 ms /   137 tokens (    0.96 ms per token,  1038.74 tokens per second)
llama_perf_context_print:        eval time =     172.14 ms /    13 runs   (   13.24 ms per token,    75.52 tokens per second)
llama_perf_context_print:       total time =     637.33 ms /   150 tokens
llama_perf_context_print:    graphs reused =         12
Llama.generate: 66 prefix-match found but partial kv removal not supported, re-evaluating full prompt
ggml_backend_cuda_graph_compute: CUDA graph warmup reset
ggml_backend_cuda_graph_compute: CUDA graph warmup reset
CUDA Graph id 2371 reused
ggml_backend_cuda_graph_compute: CUDA graph warmup complete
CUDA Graph id 2372 reused
ggml_backend_cuda_graph_compute: CUDA graph warmup complete
CUDA Graph id 2371 reused
CUDA Graph id 2372 reused
CUDA Graph id 2371 reused
CUDA Graph id 2372 reused
CUDA Graph id 2371 reused
CUDA Graph id 2372 reused
CUDA Graph id 2371 reused
CUDA Graph id 2372 reused
CUDA Graph id 2371 reused
CUDA Graph id 2372 reused
CUDA Graph id 2371 reused
CUDA Graph id 2372 reused
CUDA Graph id 2371 reused
CUDA Graph id 2372 reused
CUDA Graph id 2371 reused
CUDA Graph id 2372 reused
CUDA Graph id 2371 reused
CUDA Graph id 2372 reused
CUDA Graph id 2371 reused
CUDA Graph id 2372 reused
CUDA Graph id 2371 reused
CUDA Graph id 2372 reused
llama_perf_context_print:        load time =     475.48 ms
llama_perf_context_print: prompt eval time =     132.42 ms /   137 tokens (    0.97 ms per token,  1034.59 tokens per second)
llama_perf_context_print:        eval time =     173.41 ms /    13 runs   (   13.34 ms per token,    74.97 tokens per second)
llama_perf_context_print:       total time =     638.78 ms /   150 tokens
llama_perf_context_print:    graphs reused =         12
Llama.generate: 65 prefix-match found but partial kv removal not supported, re-evaluating full prompt
ggml_backend_cuda_graph_compute: CUDA graph warmup reset
ggml_backend_cuda_graph_compute: CUDA graph warmup reset
CUDA Graph id 2379 reused
ggml_backend_cuda_graph_compute: CUDA graph warmup complete
CUDA Graph id 2380 reused
ggml_backend_cuda_graph_compute: CUDA graph warmup complete
CUDA Graph id 2379 reused
CUDA Graph id 2380 reused
CUDA Graph id 2379 reused
CUDA Graph id 2380 reused
CUDA Graph id 2379 reused
CUDA Graph id 2380 reused
CUDA Graph id 2379 reused
CUDA Graph id 2380 reused
CUDA Graph id 2379 reused
CUDA Graph id 2380 reused
CUDA Graph id 2379 reused
CUDA Graph id 2380 reused
CUDA Graph id 2379 reused
CUDA Graph id 2380 reused
CUDA Graph id 2379 reused
CUDA Graph id 2380 reused
CUDA Graph id 2379 reused
CUDA Graph id 2380 reused
CUDA Graph id 2379 reused
CUDA Graph id 2380 reused
CUDA Graph id 2379 reused
CUDA Graph id 2380 reused
llama_perf_context_print:        load time =     475.48 ms
llama_perf_context_print: prompt eval time =     154.20 ms /   138 tokens (    1.12 ms per token,   894.94 tokens per second)
llama_perf_context_print:        eval time =     188.35 ms /    13 runs   (   14.49 ms per token,    69.02 tokens per second)
llama_perf_context_print:       total time =     675.13 ms /   151 tokens
llama_perf_context_print:    graphs reused =         12
Llama.generate: 65 prefix-match found but partial kv removal not supported, re-evaluating full prompt
ggml_backend_cuda_graph_compute: CUDA graph warmup reset
ggml_backend_cuda_graph_compute: CUDA graph warmup reset
CUDA Graph id 2387 reused
ggml_backend_cuda_graph_compute: CUDA graph warmup complete
CUDA Graph id 2388 reused
ggml_backend_cuda_graph_compute: CUDA graph warmup complete
CUDA Graph id 2387 reused
CUDA Graph id 2388 reused
CUDA Graph id 2387 reused
CUDA Graph id 2388 reused
CUDA Graph id 2387 reused
CUDA Graph id 2388 reused
CUDA Graph id 2387 reused
CUDA Graph id 2388 reused
CUDA Graph id 2387 reused
CUDA Graph id 2388 reused
CUDA Graph id 2387 reused
CUDA Graph id 2388 reused
CUDA Graph id 2387 reused
CUDA Graph id 2388 reused
CUDA Graph id 2387 reused
CUDA Graph id 2388 reused
CUDA Graph id 2387 reused
CUDA Graph id 2388 reused
CUDA Graph id 2387 reused
CUDA Graph id 2388 reused
CUDA Graph id 2387 reused
CUDA Graph id 2388 reused
llama_perf_context_print:        load time =     475.48 ms
llama_perf_context_print: prompt eval time =     160.04 ms /   137 tokens (    1.17 ms per token,   856.03 tokens per second)
llama_perf_context_print:        eval time =     178.86 ms /    13 runs   (   13.76 ms per token,    72.68 tokens per second)
llama_perf_context_print:       total time =     671.72 ms /   150 tokens
llama_perf_context_print:    graphs reused =         12
Llama.generate: 66 prefix-match found but partial kv removal not supported, re-evaluating full prompt
ggml_backend_cuda_graph_compute: CUDA graph warmup reset
ggml_backend_cuda_graph_compute: CUDA graph warmup reset
CUDA Graph id 2395 reused
ggml_backend_cuda_graph_compute: CUDA graph warmup complete
CUDA Graph id 2396 reused
ggml_backend_cuda_graph_compute: CUDA graph warmup complete
CUDA Graph id 2395 reused
CUDA Graph id 2396 reused
CUDA Graph id 2395 reused
CUDA Graph id 2396 reused
CUDA Graph id 2395 reused
CUDA Graph id 2396 reused
CUDA Graph id 2395 reused
CUDA Graph id 2396 reused
CUDA Graph id 2395 reused
CUDA Graph id 2396 reused
CUDA Graph id 2395 reused
CUDA Graph id 2396 reused
CUDA Graph id 2395 reused
CUDA Graph id 2396 reused
CUDA Graph id 2395 reused
CUDA Graph id 2396 reused
CUDA Graph id 2395 reused
CUDA Graph id 2396 reused
CUDA Graph id 2395 reused
CUDA Graph id 2396 reused
CUDA Graph id 2395 reused
CUDA Graph id 2396 reused
llama_perf_context_print:        load time =     475.48 ms
llama_perf_context_print: prompt eval time =     140.77 ms /   137 tokens (    1.03 ms per token,   973.25 tokens per second)
llama_perf_context_print:        eval time =     175.66 ms /    13 runs   (   13.51 ms per token,    74.01 tokens per second)
llama_perf_context_print:       total time =     651.84 ms /   150 tokens
llama_perf_context_print:    graphs reused =         12
Llama.generate: 65 prefix-match found but partial kv removal not supported, re-evaluating full prompt
ggml_backend_cuda_graph_compute: CUDA graph warmup reset
ggml_backend_cuda_graph_compute: CUDA graph warmup reset
CUDA Graph id 2403 reused
ggml_backend_cuda_graph_compute: CUDA graph warmup complete
CUDA Graph id 2404 reused
ggml_backend_cuda_graph_compute: CUDA graph warmup complete
CUDA Graph id 2403 reused
CUDA Graph id 2404 reused
CUDA Graph id 2403 reused
CUDA Graph id 2404 reused
CUDA Graph id 2403 reused
CUDA Graph id 2404 reused
CUDA Graph id 2403 reused
CUDA Graph id 2404 reused
CUDA Graph id 2403 reused
CUDA Graph id 2404 reused
CUDA Graph id 2403 reused
CUDA Graph id 2404 reused
CUDA Graph id 2403 reused
CUDA Graph id 2404 reused
CUDA Graph id 2403 reused
CUDA Graph id 2404 reused
CUDA Graph id 2403 reused
CUDA Graph id 2404 reused
CUDA Graph id 2403 reused
CUDA Graph id 2404 reused
CUDA Graph id 2403 reused
CUDA Graph id 2404 reused
llama_perf_context_print:        load time =     475.48 ms
llama_perf_context_print: prompt eval time =     138.30 ms /   138 tokens (    1.00 ms per token,   997.81 tokens per second)
llama_perf_context_print:        eval time =     175.64 ms /    13 runs   (   13.51 ms per token,    74.01 tokens per second)
llama_perf_context_print:       total time =     648.97 ms /   151 tokens
llama_perf_context_print:    graphs reused =         12
Llama.generate: 65 prefix-match found but partial kv removal not supported, re-evaluating full prompt
ggml_backend_cuda_graph_compute: CUDA graph warmup reset
ggml_backend_cuda_graph_compute: CUDA graph warmup reset
CUDA Graph id 2411 reused
ggml_backend_cuda_graph_compute: CUDA graph warmup complete
CUDA Graph id 2412 reused
ggml_backend_cuda_graph_compute: CUDA graph warmup complete
CUDA Graph id 2411 reused
CUDA Graph id 2412 reused
CUDA Graph id 2411 reused
CUDA Graph id 2412 reused
CUDA Graph id 2411 reused
CUDA Graph id 2412 reused
CUDA Graph id 2411 reused
CUDA Graph id 2412 reused
CUDA Graph id 2411 reused
CUDA Graph id 2412 reused
CUDA Graph id 2411 reused
CUDA Graph id 2412 reused
CUDA Graph id 2411 reused
CUDA Graph id 2412 reused
CUDA Graph id 2411 reused
CUDA Graph id 2412 reused
CUDA Graph id 2411 reused
CUDA Graph id 2412 reused
CUDA Graph id 2411 reused
CUDA Graph id 2412 reused
CUDA Graph id 2411 reused
CUDA Graph id 2412 reused
llama_perf_context_print:        load time =     475.48 ms
llama_perf_context_print: prompt eval time =     145.08 ms /   137 tokens (    1.06 ms per token,   944.33 tokens per second)
llama_perf_context_print:        eval time =     183.66 ms /    13 runs   (   14.13 ms per token,    70.78 tokens per second)
llama_perf_context_print:       total time =     663.84 ms /   150 tokens
llama_perf_context_print:    graphs reused =         12
Llama.generate: 66 prefix-match found but partial kv removal not supported, re-evaluating full prompt
ggml_backend_cuda_graph_compute: CUDA graph warmup reset
ggml_backend_cuda_graph_compute: CUDA graph warmup reset
CUDA Graph id 2419 reused
ggml_backend_cuda_graph_compute: CUDA graph warmup complete
CUDA Graph id 2420 reused
ggml_backend_cuda_graph_compute: CUDA graph warmup complete
CUDA Graph id 2419 reused
CUDA Graph id 2420 reused
CUDA Graph id 2419 reused
CUDA Graph id 2420 reused
CUDA Graph id 2419 reused
CUDA Graph id 2420 reused
CUDA Graph id 2419 reused
CUDA Graph id 2420 reused
CUDA Graph id 2419 reused
CUDA Graph id 2420 reused
CUDA Graph id 2419 reused
CUDA Graph id 2420 reused
CUDA Graph id 2419 reused
CUDA Graph id 2420 reused
CUDA Graph id 2419 reused
CUDA Graph id 2420 reused
CUDA Graph id 2419 reused
CUDA Graph id 2420 reused
CUDA Graph id 2419 reused
CUDA Graph id 2420 reused
CUDA Graph id 2419 reused
CUDA Graph id 2420 reused
llama_perf_context_print:        load time =     475.48 ms
llama_perf_context_print: prompt eval time =     165.99 ms /   137 tokens (    1.21 ms per token,   825.35 tokens per second)
llama_perf_context_print:        eval time =     191.03 ms /    13 runs   (   14.69 ms per token,    68.05 tokens per second)
llama_perf_context_print:       total time =     691.26 ms /   150 tokens
llama_perf_context_print:    graphs reused =         12
Llama.generate: 65 prefix-match found but partial kv removal not supported, re-evaluating full prompt
ggml_backend_cuda_graph_compute: CUDA graph warmup reset
ggml_backend_cuda_graph_compute: CUDA graph warmup reset
CUDA Graph id 2427 reused
ggml_backend_cuda_graph_compute: CUDA graph warmup complete
CUDA Graph id 2428 reused
ggml_backend_cuda_graph_compute: CUDA graph warmup complete
CUDA Graph id 2427 reused
CUDA Graph id 2428 reused
CUDA Graph id 2427 reused
CUDA Graph id 2428 reused
CUDA Graph id 2427 reused
CUDA Graph id 2428 reused
CUDA Graph id 2427 reused
CUDA Graph id 2428 reused
CUDA Graph id 2427 reused
CUDA Graph id 2428 reused
CUDA Graph id 2427 reused
CUDA Graph id 2428 reused
CUDA Graph id 2427 reused
CUDA Graph id 2428 reused
CUDA Graph id 2427 reused
CUDA Graph id 2428 reused
CUDA Graph id 2427 reused
CUDA Graph id 2428 reused
CUDA Graph id 2427 reused
CUDA Graph id 2428 reused
CUDA Graph id 2427 reused
CUDA Graph id 2428 reused
llama_perf_context_print:        load time =     475.48 ms
llama_perf_context_print: prompt eval time =     163.22 ms /   135 tokens (    1.21 ms per token,   827.12 tokens per second)
llama_perf_context_print:        eval time =     185.00 ms /    13 runs   (   14.23 ms per token,    70.27 tokens per second)
llama_perf_context_print:       total time =     674.89 ms /   148 tokens
llama_perf_context_print:    graphs reused =         12
Llama.generate: 65 prefix-match found but partial kv removal not supported, re-evaluating full prompt
ggml_backend_cuda_graph_compute: CUDA graph warmup reset
ggml_backend_cuda_graph_compute: CUDA graph warmup reset
CUDA Graph id 2435 reused
ggml_backend_cuda_graph_compute: CUDA graph warmup complete
CUDA Graph id 2436 reused
ggml_backend_cuda_graph_compute: CUDA graph warmup complete
CUDA Graph id 2435 reused
CUDA Graph id 2436 reused
CUDA Graph id 2435 reused
CUDA Graph id 2436 reused
CUDA Graph id 2435 reused
CUDA Graph id 2436 reused
CUDA Graph id 2435 reused
CUDA Graph id 2436 reused
CUDA Graph id 2435 reused
CUDA Graph id 2436 reused
CUDA Graph id 2435 reused
CUDA Graph id 2436 reused
CUDA Graph id 2435 reused
CUDA Graph id 2436 reused
CUDA Graph id 2435 reused
CUDA Graph id 2436 reused
CUDA Graph id 2435 reused
CUDA Graph id 2436 reused
CUDA Graph id 2435 reused
CUDA Graph id 2436 reused
CUDA Graph id 2435 reused
CUDA Graph id 2436 reused
llama_perf_context_print:        load time =     475.48 ms
llama_perf_context_print: prompt eval time =     152.15 ms /   139 tokens (    1.09 ms per token,   913.60 tokens per second)
llama_perf_context_print:        eval time =     186.02 ms /    13 runs   (   14.31 ms per token,    69.88 tokens per second)
llama_perf_context_print:       total time =     665.75 ms /   152 tokens
llama_perf_context_print:    graphs reused =         12
Llama.generate: 65 prefix-match found but partial kv removal not supported, re-evaluating full prompt
ggml_backend_cuda_graph_compute: CUDA graph warmup reset
ggml_backend_cuda_graph_compute: CUDA graph warmup reset
CUDA Graph id 2443 reused
ggml_backend_cuda_graph_compute: CUDA graph warmup complete
CUDA Graph id 2444 reused
ggml_backend_cuda_graph_compute: CUDA graph warmup complete
CUDA Graph id 2443 reused
CUDA Graph id 2444 reused
CUDA Graph id 2443 reused
CUDA Graph id 2444 reused
CUDA Graph id 2443 reused
CUDA Graph id 2444 reused
CUDA Graph id 2443 reused
CUDA Graph id 2444 reused
CUDA Graph id 2443 reused
CUDA Graph id 2444 reused
CUDA Graph id 2443 reused
CUDA Graph id 2444 reused
CUDA Graph id 2443 reused
CUDA Graph id 2444 reused
CUDA Graph id 2443 reused
CUDA Graph id 2444 reused
CUDA Graph id 2443 reused
CUDA Graph id 2444 reused
CUDA Graph id 2443 reused
CUDA Graph id 2444 reused
CUDA Graph id 2443 reused
CUDA Graph id 2444 reused
llama_perf_context_print:        load time =     475.48 ms
llama_perf_context_print: prompt eval time =     161.88 ms /   136 tokens (    1.19 ms per token,   840.15 tokens per second)
llama_perf_context_print:        eval time =     183.99 ms /    13 runs   (   14.15 ms per token,    70.65 tokens per second)
llama_perf_context_print:       total time =     673.01 ms /   149 tokens
llama_perf_context_print:    graphs reused =         12
Llama.generate: 66 prefix-match found but partial kv removal not supported, re-evaluating full prompt
ggml_backend_cuda_graph_compute: CUDA graph warmup reset
ggml_backend_cuda_graph_compute: CUDA graph warmup reset
CUDA Graph id 2451 reused
ggml_backend_cuda_graph_compute: CUDA graph warmup complete
CUDA Graph id 2452 reused
ggml_backend_cuda_graph_compute: CUDA graph warmup complete
CUDA Graph id 2451 reused
CUDA Graph id 2452 reused
CUDA Graph id 2451 reused
CUDA Graph id 2452 reused
CUDA Graph id 2451 reused
CUDA Graph id 2452 reused
CUDA Graph id 2451 reused
CUDA Graph id 2452 reused
CUDA Graph id 2451 reused
CUDA Graph id 2452 reused
CUDA Graph id 2451 reused
CUDA Graph id 2452 reused
CUDA Graph id 2451 reused
CUDA Graph id 2452 reused
CUDA Graph id 2451 reused
CUDA Graph id 2452 reused
CUDA Graph id 2451 reused
CUDA Graph id 2452 reused
CUDA Graph id 2451 reused
CUDA Graph id 2452 reused
CUDA Graph id 2451 reused
CUDA Graph id 2452 reused
llama_perf_context_print:        load time =     475.48 ms
llama_perf_context_print: prompt eval time =     145.87 ms /   137 tokens (    1.06 ms per token,   939.18 tokens per second)
llama_perf_context_print:        eval time =     180.80 ms /    13 runs   (   13.91 ms per token,    71.90 tokens per second)
llama_perf_context_print:       total time =     652.00 ms /   150 tokens
llama_perf_context_print:    graphs reused =         12
Llama.generate: 66 prefix-match found but partial kv removal not supported, re-evaluating full prompt
ggml_backend_cuda_graph_compute: CUDA graph warmup reset
ggml_backend_cuda_graph_compute: CUDA graph warmup reset
CUDA Graph id 2459 reused
ggml_backend_cuda_graph_compute: CUDA graph warmup complete
CUDA Graph id 2460 reused
ggml_backend_cuda_graph_compute: CUDA graph warmup complete
CUDA Graph id 2459 reused
CUDA Graph id 2460 reused
CUDA Graph id 2459 reused
CUDA Graph id 2460 reused
CUDA Graph id 2459 reused
CUDA Graph id 2460 reused
CUDA Graph id 2459 reused
CUDA Graph id 2460 reused
CUDA Graph id 2459 reused
CUDA Graph id 2460 reused
CUDA Graph id 2459 reused
CUDA Graph id 2460 reused
CUDA Graph id 2459 reused
CUDA Graph id 2460 reused
CUDA Graph id 2459 reused
CUDA Graph id 2460 reused
CUDA Graph id 2459 reused
CUDA Graph id 2460 reused
CUDA Graph id 2459 reused
CUDA Graph id 2460 reused
CUDA Graph id 2459 reused
CUDA Graph id 2460 reused
llama_perf_context_print:        load time =     475.48 ms
llama_perf_context_print: prompt eval time =     144.33 ms /   138 tokens (    1.05 ms per token,   956.12 tokens per second)
llama_perf_context_print:        eval time =     178.98 ms /    13 runs   (   13.77 ms per token,    72.63 tokens per second)
llama_perf_context_print:       total time =     650.30 ms /   151 tokens
llama_perf_context_print:    graphs reused =         12
Llama.generate: 66 prefix-match found but partial kv removal not supported, re-evaluating full prompt
ggml_backend_cuda_graph_compute: CUDA graph warmup reset
ggml_backend_cuda_graph_compute: CUDA graph warmup reset
CUDA Graph id 2467 reused
ggml_backend_cuda_graph_compute: CUDA graph warmup complete
CUDA Graph id 2468 reused
ggml_backend_cuda_graph_compute: CUDA graph warmup complete
CUDA Graph id 2467 reused
CUDA Graph id 2468 reused
CUDA Graph id 2467 reused
CUDA Graph id 2468 reused
CUDA Graph id 2467 reused
CUDA Graph id 2468 reused
CUDA Graph id 2467 reused
CUDA Graph id 2468 reused
CUDA Graph id 2467 reused
CUDA Graph id 2468 reused
CUDA Graph id 2467 reused
CUDA Graph id 2468 reused
CUDA Graph id 2467 reused
CUDA Graph id 2468 reused
CUDA Graph id 2467 reused
CUDA Graph id 2468 reused
CUDA Graph id 2467 reused
CUDA Graph id 2468 reused
CUDA Graph id 2467 reused
CUDA Graph id 2468 reused
CUDA Graph id 2467 reused
CUDA Graph id 2468 reused
llama_perf_context_print:        load time =     475.48 ms
llama_perf_context_print: prompt eval time =     140.89 ms /   136 tokens (    1.04 ms per token,   965.31 tokens per second)
llama_perf_context_print:        eval time =     178.58 ms /    13 runs   (   13.74 ms per token,    72.80 tokens per second)
llama_perf_context_print:       total time =     649.24 ms /   149 tokens
llama_perf_context_print:    graphs reused =         12
Llama.generate: 65 prefix-match found but partial kv removal not supported, re-evaluating full prompt
ggml_backend_cuda_graph_compute: CUDA graph warmup reset
ggml_backend_cuda_graph_compute: CUDA graph warmup reset
CUDA Graph id 2475 reused
ggml_backend_cuda_graph_compute: CUDA graph warmup complete
CUDA Graph id 2476 reused
ggml_backend_cuda_graph_compute: CUDA graph warmup complete
CUDA Graph id 2475 reused
CUDA Graph id 2476 reused
CUDA Graph id 2475 reused
CUDA Graph id 2476 reused
CUDA Graph id 2475 reused
CUDA Graph id 2476 reused
CUDA Graph id 2475 reused
CUDA Graph id 2476 reused
CUDA Graph id 2475 reused
CUDA Graph id 2476 reused
CUDA Graph id 2475 reused
CUDA Graph id 2476 reused
CUDA Graph id 2475 reused
CUDA Graph id 2476 reused
CUDA Graph id 2475 reused
CUDA Graph id 2476 reused
CUDA Graph id 2475 reused
CUDA Graph id 2476 reused
CUDA Graph id 2475 reused
CUDA Graph id 2476 reused
CUDA Graph id 2475 reused
CUDA Graph id 2476 reused
llama_perf_context_print:        load time =     475.48 ms
llama_perf_context_print: prompt eval time =     142.04 ms /   139 tokens (    1.02 ms per token,   978.58 tokens per second)
llama_perf_context_print:        eval time =     179.74 ms /    13 runs   (   13.83 ms per token,    72.33 tokens per second)
llama_perf_context_print:       total time =     651.75 ms /   152 tokens
llama_perf_context_print:    graphs reused =         12
Llama.generate: 65 prefix-match found but partial kv removal not supported, re-evaluating full prompt
ggml_backend_cuda_graph_compute: CUDA graph warmup reset
ggml_backend_cuda_graph_compute: CUDA graph warmup reset
CUDA Graph id 2483 reused
ggml_backend_cuda_graph_compute: CUDA graph warmup complete
CUDA Graph id 2484 reused
ggml_backend_cuda_graph_compute: CUDA graph warmup complete
CUDA Graph id 2483 reused
CUDA Graph id 2484 reused
CUDA Graph id 2483 reused
CUDA Graph id 2484 reused
CUDA Graph id 2483 reused
CUDA Graph id 2484 reused
CUDA Graph id 2483 reused
CUDA Graph id 2484 reused
CUDA Graph id 2483 reused
CUDA Graph id 2484 reused
CUDA Graph id 2483 reused
CUDA Graph id 2484 reused
CUDA Graph id 2483 reused
CUDA Graph id 2484 reused
CUDA Graph id 2483 reused
CUDA Graph id 2484 reused
CUDA Graph id 2483 reused
CUDA Graph id 2484 reused
CUDA Graph id 2483 reused
CUDA Graph id 2484 reused
CUDA Graph id 2483 reused
CUDA Graph id 2484 reused
llama_perf_context_print:        load time =     475.48 ms
llama_perf_context_print: prompt eval time =     162.73 ms /   136 tokens (    1.20 ms per token,   835.76 tokens per second)
llama_perf_context_print:        eval time =     190.74 ms /    13 runs   (   14.67 ms per token,    68.16 tokens per second)
llama_perf_context_print:       total time =     685.80 ms /   149 tokens
llama_perf_context_print:    graphs reused =         12
Llama.generate: 66 prefix-match found but partial kv removal not supported, re-evaluating full prompt
ggml_backend_cuda_graph_compute: CUDA graph warmup reset
ggml_backend_cuda_graph_compute: CUDA graph warmup reset
CUDA Graph id 2491 reused
ggml_backend_cuda_graph_compute: CUDA graph warmup complete
CUDA Graph id 2492 reused
ggml_backend_cuda_graph_compute: CUDA graph warmup complete
CUDA Graph id 2491 reused
CUDA Graph id 2492 reused
CUDA Graph id 2491 reused
CUDA Graph id 2492 reused
CUDA Graph id 2491 reused
CUDA Graph id 2492 reused
CUDA Graph id 2491 reused
CUDA Graph id 2492 reused
CUDA Graph id 2491 reused
CUDA Graph id 2492 reused
CUDA Graph id 2491 reused
CUDA Graph id 2492 reused
CUDA Graph id 2491 reused
CUDA Graph id 2492 reused
CUDA Graph id 2491 reused
CUDA Graph id 2492 reused
CUDA Graph id 2491 reused
CUDA Graph id 2492 reused
CUDA Graph id 2491 reused
CUDA Graph id 2492 reused
CUDA Graph id 2491 reused
CUDA Graph id 2492 reused
llama_perf_context_print:        load time =     475.48 ms
llama_perf_context_print: prompt eval time =     163.70 ms /   138 tokens (    1.19 ms per token,   843.00 tokens per second)
llama_perf_context_print:        eval time =     177.89 ms /    13 runs   (   13.68 ms per token,    73.08 tokens per second)
llama_perf_context_print:       total time =     682.46 ms /   151 tokens
llama_perf_context_print:    graphs reused =         12
Llama.generate: 66 prefix-match found but partial kv removal not supported, re-evaluating full prompt
ggml_backend_cuda_graph_compute: CUDA graph warmup reset
ggml_backend_cuda_graph_compute: CUDA graph warmup reset
CUDA Graph id 2499 reused
ggml_backend_cuda_graph_compute: CUDA graph warmup complete
CUDA Graph id 2500 reused
ggml_backend_cuda_graph_compute: CUDA graph warmup complete
CUDA Graph id 2499 reused
CUDA Graph id 2500 reused
CUDA Graph id 2499 reused
CUDA Graph id 2500 reused
CUDA Graph id 2499 reused
CUDA Graph id 2500 reused
CUDA Graph id 2499 reused
CUDA Graph id 2500 reused
CUDA Graph id 2499 reused
CUDA Graph id 2500 reused
CUDA Graph id 2499 reused
CUDA Graph id 2500 reused
CUDA Graph id 2499 reused
CUDA Graph id 2500 reused
CUDA Graph id 2499 reused
CUDA Graph id 2500 reused
CUDA Graph id 2499 reused
CUDA Graph id 2500 reused
CUDA Graph id 2499 reused
CUDA Graph id 2500 reused
CUDA Graph id 2499 reused
CUDA Graph id 2500 reused
llama_perf_context_print:        load time =     475.48 ms
llama_perf_context_print: prompt eval time =     138.56 ms /   136 tokens (    1.02 ms per token,   981.54 tokens per second)
llama_perf_context_print:        eval time =     174.93 ms /    13 runs   (   13.46 ms per token,    74.31 tokens per second)
llama_perf_context_print:       total time =     646.70 ms /   149 tokens
llama_perf_context_print:    graphs reused =         12
Llama.generate: 67 prefix-match found but partial kv removal not supported, re-evaluating full prompt
ggml_backend_cuda_graph_compute: CUDA graph warmup reset
ggml_backend_cuda_graph_compute: CUDA graph warmup reset
CUDA Graph id 2507 reused
ggml_backend_cuda_graph_compute: CUDA graph warmup complete
CUDA Graph id 2508 reused
ggml_backend_cuda_graph_compute: CUDA graph warmup complete
CUDA Graph id 2507 reused
CUDA Graph id 2508 reused
CUDA Graph id 2507 reused
CUDA Graph id 2508 reused
CUDA Graph id 2507 reused
CUDA Graph id 2508 reused
CUDA Graph id 2507 reused
CUDA Graph id 2508 reused
CUDA Graph id 2507 reused
CUDA Graph id 2508 reused
CUDA Graph id 2507 reused
CUDA Graph id 2508 reused
CUDA Graph id 2507 reused
CUDA Graph id 2508 reused
CUDA Graph id 2507 reused
CUDA Graph id 2508 reused
CUDA Graph id 2507 reused
CUDA Graph id 2508 reused
CUDA Graph id 2507 reused
CUDA Graph id 2508 reused
CUDA Graph id 2507 reused
CUDA Graph id 2508 reused
llama_perf_context_print:        load time =     475.48 ms
llama_perf_context_print: prompt eval time =     136.92 ms /   137 tokens (    1.00 ms per token,  1000.61 tokens per second)
llama_perf_context_print:        eval time =     171.16 ms /    13 runs   (   13.17 ms per token,    75.95 tokens per second)
llama_perf_context_print:       total time =     637.27 ms /   150 tokens
llama_perf_context_print:    graphs reused =         12
Llama.generate: 65 prefix-match found but partial kv removal not supported, re-evaluating full prompt
ggml_backend_cuda_graph_compute: CUDA graph warmup reset
ggml_backend_cuda_graph_compute: CUDA graph warmup reset
CUDA Graph id 2515 reused
ggml_backend_cuda_graph_compute: CUDA graph warmup complete
CUDA Graph id 2516 reused
ggml_backend_cuda_graph_compute: CUDA graph warmup complete
CUDA Graph id 2515 reused
CUDA Graph id 2516 reused
CUDA Graph id 2515 reused
CUDA Graph id 2516 reused
CUDA Graph id 2515 reused
CUDA Graph id 2516 reused
CUDA Graph id 2515 reused
CUDA Graph id 2516 reused
CUDA Graph id 2515 reused
CUDA Graph id 2516 reused
CUDA Graph id 2515 reused
CUDA Graph id 2516 reused
CUDA Graph id 2515 reused
CUDA Graph id 2516 reused
CUDA Graph id 2515 reused
CUDA Graph id 2516 reused
CUDA Graph id 2515 reused
CUDA Graph id 2516 reused
CUDA Graph id 2515 reused
CUDA Graph id 2516 reused
CUDA Graph id 2515 reused
CUDA Graph id 2516 reused
llama_perf_context_print:        load time =     475.48 ms
llama_perf_context_print: prompt eval time =     131.67 ms /   139 tokens (    0.95 ms per token,  1055.67 tokens per second)
llama_perf_context_print:        eval time =     170.75 ms /    13 runs   (   13.13 ms per token,    76.13 tokens per second)
llama_perf_context_print:       total time =     637.98 ms /   152 tokens
llama_perf_context_print:    graphs reused =         12
Llama.generate: 66 prefix-match found but partial kv removal not supported, re-evaluating full prompt
ggml_backend_cuda_graph_compute: CUDA graph warmup reset
ggml_backend_cuda_graph_compute: CUDA graph warmup reset
CUDA Graph id 2523 reused
ggml_backend_cuda_graph_compute: CUDA graph warmup complete
CUDA Graph id 2524 reused
ggml_backend_cuda_graph_compute: CUDA graph warmup complete
CUDA Graph id 2523 reused
CUDA Graph id 2524 reused
CUDA Graph id 2523 reused
CUDA Graph id 2524 reused
CUDA Graph id 2523 reused
CUDA Graph id 2524 reused
CUDA Graph id 2523 reused
CUDA Graph id 2524 reused
CUDA Graph id 2523 reused
CUDA Graph id 2524 reused
CUDA Graph id 2523 reused
CUDA Graph id 2524 reused
CUDA Graph id 2523 reused
CUDA Graph id 2524 reused
CUDA Graph id 2523 reused
CUDA Graph id 2524 reused
CUDA Graph id 2523 reused
CUDA Graph id 2524 reused
CUDA Graph id 2523 reused
CUDA Graph id 2524 reused
CUDA Graph id 2523 reused
CUDA Graph id 2524 reused
llama_perf_context_print:        load time =     475.48 ms
llama_perf_context_print: prompt eval time =     131.49 ms /   139 tokens (    0.95 ms per token,  1057.11 tokens per second)
llama_perf_context_print:        eval time =     171.82 ms /    13 runs   (   13.22 ms per token,    75.66 tokens per second)
llama_perf_context_print:       total time =     645.40 ms /   152 tokens
llama_perf_context_print:    graphs reused =         12
Llama.generate: 65 prefix-match found but partial kv removal not supported, re-evaluating full prompt
ggml_backend_cuda_graph_compute: CUDA graph warmup reset
ggml_backend_cuda_graph_compute: CUDA graph warmup reset
CUDA Graph id 2531 reused
ggml_backend_cuda_graph_compute: CUDA graph warmup complete
CUDA Graph id 2532 reused
ggml_backend_cuda_graph_compute: CUDA graph warmup complete
CUDA Graph id 2531 reused
CUDA Graph id 2532 reused
CUDA Graph id 2531 reused
CUDA Graph id 2532 reused
CUDA Graph id 2531 reused
CUDA Graph id 2532 reused
CUDA Graph id 2531 reused
CUDA Graph id 2532 reused
CUDA Graph id 2531 reused
CUDA Graph id 2532 reused
CUDA Graph id 2531 reused
CUDA Graph id 2532 reused
CUDA Graph id 2531 reused
CUDA Graph id 2532 reused
CUDA Graph id 2531 reused
CUDA Graph id 2532 reused
CUDA Graph id 2531 reused
CUDA Graph id 2532 reused
CUDA Graph id 2531 reused
CUDA Graph id 2532 reused
CUDA Graph id 2531 reused
CUDA Graph id 2532 reused
llama_perf_context_print:        load time =     475.48 ms
llama_perf_context_print: prompt eval time =     162.10 ms /   138 tokens (    1.17 ms per token,   851.35 tokens per second)
llama_perf_context_print:        eval time =     188.55 ms /    13 runs   (   14.50 ms per token,    68.95 tokens per second)
llama_perf_context_print:       total time =     694.03 ms /   151 tokens
llama_perf_context_print:    graphs reused =         12
Llama.generate: 66 prefix-match found but partial kv removal not supported, re-evaluating full prompt
ggml_backend_cuda_graph_compute: CUDA graph warmup reset
ggml_backend_cuda_graph_compute: CUDA graph warmup reset
CUDA Graph id 2539 reused
ggml_backend_cuda_graph_compute: CUDA graph warmup complete
CUDA Graph id 2540 reused
ggml_backend_cuda_graph_compute: CUDA graph warmup complete
CUDA Graph id 2539 reused
CUDA Graph id 2540 reused
CUDA Graph id 2539 reused
CUDA Graph id 2540 reused
CUDA Graph id 2539 reused
CUDA Graph id 2540 reused
CUDA Graph id 2539 reused
CUDA Graph id 2540 reused
CUDA Graph id 2539 reused
CUDA Graph id 2540 reused
CUDA Graph id 2539 reused
CUDA Graph id 2540 reused
CUDA Graph id 2539 reused
CUDA Graph id 2540 reused
CUDA Graph id 2539 reused
CUDA Graph id 2540 reused
CUDA Graph id 2539 reused
CUDA Graph id 2540 reused
CUDA Graph id 2539 reused
CUDA Graph id 2540 reused
CUDA Graph id 2539 reused
CUDA Graph id 2540 reused
llama_perf_context_print:        load time =     475.48 ms
llama_perf_context_print: prompt eval time =     160.14 ms /   136 tokens (    1.18 ms per token,   849.25 tokens per second)
llama_perf_context_print:        eval time =     177.08 ms /    13 runs   (   13.62 ms per token,    73.41 tokens per second)
llama_perf_context_print:       total time =     683.47 ms /   149 tokens
llama_perf_context_print:    graphs reused =         12
Llama.generate: 66 prefix-match found but partial kv removal not supported, re-evaluating full prompt
ggml_backend_cuda_graph_compute: CUDA graph warmup reset
ggml_backend_cuda_graph_compute: CUDA graph warmup reset
CUDA Graph id 2547 reused
ggml_backend_cuda_graph_compute: CUDA graph warmup complete
CUDA Graph id 2548 reused
ggml_backend_cuda_graph_compute: CUDA graph warmup complete
CUDA Graph id 2547 reused
CUDA Graph id 2548 reused
CUDA Graph id 2547 reused
CUDA Graph id 2548 reused
CUDA Graph id 2547 reused
CUDA Graph id 2548 reused
CUDA Graph id 2547 reused
CUDA Graph id 2548 reused
CUDA Graph id 2547 reused
CUDA Graph id 2548 reused
CUDA Graph id 2547 reused
CUDA Graph id 2548 reused
CUDA Graph id 2547 reused
CUDA Graph id 2548 reused
CUDA Graph id 2547 reused
CUDA Graph id 2548 reused
CUDA Graph id 2547 reused
CUDA Graph id 2548 reused
CUDA Graph id 2547 reused
CUDA Graph id 2548 reused
CUDA Graph id 2547 reused
CUDA Graph id 2548 reused
llama_perf_context_print:        load time =     475.48 ms
llama_perf_context_print: prompt eval time =     138.22 ms /   138 tokens (    1.00 ms per token,   998.41 tokens per second)
llama_perf_context_print:        eval time =     174.25 ms /    13 runs   (   13.40 ms per token,    74.61 tokens per second)
llama_perf_context_print:       total time =     652.43 ms /   151 tokens
llama_perf_context_print:    graphs reused =         12
Llama.generate: 66 prefix-match found but partial kv removal not supported, re-evaluating full prompt
ggml_backend_cuda_graph_compute: CUDA graph warmup reset
ggml_backend_cuda_graph_compute: CUDA graph warmup reset
CUDA Graph id 2555 reused
ggml_backend_cuda_graph_compute: CUDA graph warmup complete
CUDA Graph id 2556 reused
ggml_backend_cuda_graph_compute: CUDA graph warmup complete
CUDA Graph id 2555 reused
CUDA Graph id 2556 reused
CUDA Graph id 2555 reused
CUDA Graph id 2556 reused
CUDA Graph id 2555 reused
CUDA Graph id 2556 reused
CUDA Graph id 2555 reused
CUDA Graph id 2556 reused
CUDA Graph id 2555 reused
CUDA Graph id 2556 reused
CUDA Graph id 2555 reused
CUDA Graph id 2556 reused
CUDA Graph id 2555 reused
CUDA Graph id 2556 reused
CUDA Graph id 2555 reused
CUDA Graph id 2556 reused
CUDA Graph id 2555 reused
CUDA Graph id 2556 reused
CUDA Graph id 2555 reused
CUDA Graph id 2556 reused
CUDA Graph id 2555 reused
CUDA Graph id 2556 reused
llama_perf_context_print:        load time =     475.48 ms
llama_perf_context_print: prompt eval time =     135.24 ms /   136 tokens (    0.99 ms per token,  1005.60 tokens per second)
llama_perf_context_print:        eval time =     171.27 ms /    13 runs   (   13.17 ms per token,    75.91 tokens per second)
llama_perf_context_print:       total time =     647.56 ms /   149 tokens
llama_perf_context_print:    graphs reused =         12
Llama.generate: 66 prefix-match found but partial kv removal not supported, re-evaluating full prompt
ggml_backend_cuda_graph_compute: CUDA graph warmup reset
ggml_backend_cuda_graph_compute: CUDA graph warmup reset
CUDA Graph id 2563 reused
ggml_backend_cuda_graph_compute: CUDA graph warmup complete
CUDA Graph id 2564 reused
ggml_backend_cuda_graph_compute: CUDA graph warmup complete
CUDA Graph id 2563 reused
CUDA Graph id 2564 reused
CUDA Graph id 2563 reused
CUDA Graph id 2564 reused
CUDA Graph id 2563 reused
CUDA Graph id 2564 reused
CUDA Graph id 2563 reused
CUDA Graph id 2564 reused
CUDA Graph id 2563 reused
CUDA Graph id 2564 reused
CUDA Graph id 2563 reused
CUDA Graph id 2564 reused
CUDA Graph id 2563 reused
CUDA Graph id 2564 reused
CUDA Graph id 2563 reused
CUDA Graph id 2564 reused
CUDA Graph id 2563 reused
CUDA Graph id 2564 reused
CUDA Graph id 2563 reused
CUDA Graph id 2564 reused
CUDA Graph id 2563 reused
CUDA Graph id 2564 reused
llama_perf_context_print:        load time =     475.48 ms
llama_perf_context_print: prompt eval time =     131.27 ms /   138 tokens (    0.95 ms per token,  1051.28 tokens per second)
llama_perf_context_print:        eval time =     170.81 ms /    13 runs   (   13.14 ms per token,    76.11 tokens per second)
llama_perf_context_print:       total time =     636.83 ms /   151 tokens
llama_perf_context_print:    graphs reused =         12
Llama.generate: 67 prefix-match found but partial kv removal not supported, re-evaluating full prompt
ggml_backend_cuda_graph_compute: CUDA graph warmup reset
ggml_backend_cuda_graph_compute: CUDA graph warmup reset
CUDA Graph id 2571 reused
ggml_backend_cuda_graph_compute: CUDA graph warmup complete
CUDA Graph id 2572 reused
ggml_backend_cuda_graph_compute: CUDA graph warmup complete
CUDA Graph id 2571 reused
CUDA Graph id 2572 reused
CUDA Graph id 2571 reused
CUDA Graph id 2572 reused
CUDA Graph id 2571 reused
CUDA Graph id 2572 reused
CUDA Graph id 2571 reused
CUDA Graph id 2572 reused
CUDA Graph id 2571 reused
CUDA Graph id 2572 reused
CUDA Graph id 2571 reused
CUDA Graph id 2572 reused
CUDA Graph id 2571 reused
CUDA Graph id 2572 reused
CUDA Graph id 2571 reused
CUDA Graph id 2572 reused
CUDA Graph id 2571 reused
CUDA Graph id 2572 reused
CUDA Graph id 2571 reused
CUDA Graph id 2572 reused
CUDA Graph id 2571 reused
CUDA Graph id 2572 reused
llama_perf_context_print:        load time =     475.48 ms
llama_perf_context_print: prompt eval time =     130.94 ms /   137 tokens (    0.96 ms per token,  1046.29 tokens per second)
llama_perf_context_print:        eval time =     172.02 ms /    13 runs   (   13.23 ms per token,    75.57 tokens per second)
llama_perf_context_print:       total time =     634.40 ms /   150 tokens
llama_perf_context_print:    graphs reused =         12
Llama.generate: 65 prefix-match found but partial kv removal not supported, re-evaluating full prompt
ggml_backend_cuda_graph_compute: CUDA graph warmup reset
ggml_backend_cuda_graph_compute: CUDA graph warmup reset
CUDA Graph id 2579 reused
ggml_backend_cuda_graph_compute: CUDA graph warmup complete
CUDA Graph id 2580 reused
ggml_backend_cuda_graph_compute: CUDA graph warmup complete
CUDA Graph id 2579 reused
CUDA Graph id 2580 reused
CUDA Graph id 2579 reused
CUDA Graph id 2580 reused
CUDA Graph id 2579 reused
CUDA Graph id 2580 reused
CUDA Graph id 2579 reused
CUDA Graph id 2580 reused
CUDA Graph id 2579 reused
CUDA Graph id 2580 reused
CUDA Graph id 2579 reused
CUDA Graph id 2580 reused
CUDA Graph id 2579 reused
CUDA Graph id 2580 reused
CUDA Graph id 2579 reused
CUDA Graph id 2580 reused
CUDA Graph id 2579 reused
CUDA Graph id 2580 reused
CUDA Graph id 2579 reused
CUDA Graph id 2580 reused
CUDA Graph id 2579 reused
CUDA Graph id 2580 reused
llama_perf_context_print:        load time =     475.48 ms
llama_perf_context_print: prompt eval time =     153.23 ms /   135 tokens (    1.14 ms per token,   881.01 tokens per second)
llama_perf_context_print:        eval time =     185.74 ms /    13 runs   (   14.29 ms per token,    69.99 tokens per second)
llama_perf_context_print:       total time =     670.57 ms /   148 tokens
llama_perf_context_print:    graphs reused =         12
Llama.generate: 65 prefix-match found but partial kv removal not supported, re-evaluating full prompt
ggml_backend_cuda_graph_compute: CUDA graph warmup reset
ggml_backend_cuda_graph_compute: CUDA graph warmup reset
CUDA Graph id 2587 reused
ggml_backend_cuda_graph_compute: CUDA graph warmup complete
CUDA Graph id 2588 reused
ggml_backend_cuda_graph_compute: CUDA graph warmup complete
CUDA Graph id 2587 reused
CUDA Graph id 2588 reused
CUDA Graph id 2587 reused
CUDA Graph id 2588 reused
CUDA Graph id 2587 reused
CUDA Graph id 2588 reused
CUDA Graph id 2587 reused
CUDA Graph id 2588 reused
CUDA Graph id 2587 reused
CUDA Graph id 2588 reused
CUDA Graph id 2587 reused
CUDA Graph id 2588 reused
CUDA Graph id 2587 reused
CUDA Graph id 2588 reused
CUDA Graph id 2587 reused
CUDA Graph id 2588 reused
CUDA Graph id 2587 reused
CUDA Graph id 2588 reused
CUDA Graph id 2587 reused
CUDA Graph id 2588 reused
CUDA Graph id 2587 reused
CUDA Graph id 2588 reused
llama_perf_context_print:        load time =     475.48 ms
llama_perf_context_print: prompt eval time =     157.94 ms /   137 tokens (    1.15 ms per token,   867.40 tokens per second)
llama_perf_context_print:        eval time =     178.97 ms /    13 runs   (   13.77 ms per token,    72.64 tokens per second)
llama_perf_context_print:       total time =     666.83 ms /   150 tokens
llama_perf_context_print:    graphs reused =         12
Llama.generate: 66 prefix-match found but partial kv removal not supported, re-evaluating full prompt
ggml_backend_cuda_graph_compute: CUDA graph warmup reset
ggml_backend_cuda_graph_compute: CUDA graph warmup reset
CUDA Graph id 2595 reused
ggml_backend_cuda_graph_compute: CUDA graph warmup complete
CUDA Graph id 2596 reused
ggml_backend_cuda_graph_compute: CUDA graph warmup complete
CUDA Graph id 2595 reused
CUDA Graph id 2596 reused
CUDA Graph id 2595 reused
CUDA Graph id 2596 reused
CUDA Graph id 2595 reused
CUDA Graph id 2596 reused
CUDA Graph id 2595 reused
CUDA Graph id 2596 reused
CUDA Graph id 2595 reused
CUDA Graph id 2596 reused
CUDA Graph id 2595 reused
CUDA Graph id 2596 reused
CUDA Graph id 2595 reused
CUDA Graph id 2596 reused
CUDA Graph id 2595 reused
CUDA Graph id 2596 reused
CUDA Graph id 2595 reused
CUDA Graph id 2596 reused
CUDA Graph id 2595 reused
CUDA Graph id 2596 reused
CUDA Graph id 2595 reused
CUDA Graph id 2596 reused
llama_perf_context_print:        load time =     475.48 ms
llama_perf_context_print: prompt eval time =     137.82 ms /   136 tokens (    1.01 ms per token,   986.77 tokens per second)
llama_perf_context_print:        eval time =     176.80 ms /    13 runs   (   13.60 ms per token,    73.53 tokens per second)
llama_perf_context_print:       total time =     647.98 ms /   149 tokens
llama_perf_context_print:    graphs reused =         12
Llama.generate: 66 prefix-match found but partial kv removal not supported, re-evaluating full prompt
ggml_backend_cuda_graph_compute: CUDA graph warmup reset
ggml_backend_cuda_graph_compute: CUDA graph warmup reset
CUDA Graph id 2603 reused
ggml_backend_cuda_graph_compute: CUDA graph warmup complete
CUDA Graph id 2604 reused
ggml_backend_cuda_graph_compute: CUDA graph warmup complete
CUDA Graph id 2603 reused
CUDA Graph id 2604 reused
CUDA Graph id 2603 reused
CUDA Graph id 2604 reused
CUDA Graph id 2603 reused
CUDA Graph id 2604 reused
CUDA Graph id 2603 reused
CUDA Graph id 2604 reused
CUDA Graph id 2603 reused
CUDA Graph id 2604 reused
CUDA Graph id 2603 reused
CUDA Graph id 2604 reused
CUDA Graph id 2603 reused
CUDA Graph id 2604 reused
CUDA Graph id 2603 reused
CUDA Graph id 2604 reused
CUDA Graph id 2603 reused
CUDA Graph id 2604 reused
CUDA Graph id 2603 reused
CUDA Graph id 2604 reused
CUDA Graph id 2603 reused
CUDA Graph id 2604 reused
llama_perf_context_print:        load time =     475.48 ms
llama_perf_context_print: prompt eval time =     138.68 ms /   138 tokens (    1.00 ms per token,   995.07 tokens per second)
llama_perf_context_print:        eval time =     172.85 ms /    13 runs   (   13.30 ms per token,    75.21 tokens per second)
llama_perf_context_print:       total time =     640.81 ms /   151 tokens
llama_perf_context_print:    graphs reused =         12
Llama.generate: 65 prefix-match found but partial kv removal not supported, re-evaluating full prompt
ggml_backend_cuda_graph_compute: CUDA graph warmup reset
ggml_backend_cuda_graph_compute: CUDA graph warmup reset
CUDA Graph id 2611 reused
ggml_backend_cuda_graph_compute: CUDA graph warmup complete
CUDA Graph id 2612 reused
ggml_backend_cuda_graph_compute: CUDA graph warmup complete
CUDA Graph id 2611 reused
CUDA Graph id 2612 reused
CUDA Graph id 2611 reused
CUDA Graph id 2612 reused
CUDA Graph id 2611 reused
CUDA Graph id 2612 reused
CUDA Graph id 2611 reused
CUDA Graph id 2612 reused
CUDA Graph id 2611 reused
CUDA Graph id 2612 reused
CUDA Graph id 2611 reused
CUDA Graph id 2612 reused
CUDA Graph id 2611 reused
CUDA Graph id 2612 reused
CUDA Graph id 2611 reused
CUDA Graph id 2612 reused
CUDA Graph id 2611 reused
CUDA Graph id 2612 reused
CUDA Graph id 2611 reused
CUDA Graph id 2612 reused
CUDA Graph id 2611 reused
CUDA Graph id 2612 reused
llama_perf_context_print:        load time =     475.48 ms
llama_perf_context_print: prompt eval time =     131.45 ms /   137 tokens (    0.96 ms per token,  1042.23 tokens per second)
llama_perf_context_print:        eval time =     170.69 ms /    13 runs   (   13.13 ms per token,    76.16 tokens per second)
llama_perf_context_print:       total time =     643.33 ms /   150 tokens
llama_perf_context_print:    graphs reused =         12
Llama.generate: 65 prefix-match found but partial kv removal not supported, re-evaluating full prompt
ggml_backend_cuda_graph_compute: CUDA graph warmup reset
ggml_backend_cuda_graph_compute: CUDA graph warmup reset
CUDA Graph id 2619 reused
ggml_backend_cuda_graph_compute: CUDA graph warmup complete
CUDA Graph id 2620 reused
ggml_backend_cuda_graph_compute: CUDA graph warmup complete
CUDA Graph id 2619 reused
CUDA Graph id 2620 reused
CUDA Graph id 2619 reused
CUDA Graph id 2620 reused
CUDA Graph id 2619 reused
CUDA Graph id 2620 reused
CUDA Graph id 2619 reused
CUDA Graph id 2620 reused
CUDA Graph id 2619 reused
CUDA Graph id 2620 reused
CUDA Graph id 2619 reused
CUDA Graph id 2620 reused
CUDA Graph id 2619 reused
CUDA Graph id 2620 reused
CUDA Graph id 2619 reused
CUDA Graph id 2620 reused
CUDA Graph id 2619 reused
CUDA Graph id 2620 reused
CUDA Graph id 2619 reused
CUDA Graph id 2620 reused
CUDA Graph id 2619 reused
CUDA Graph id 2620 reused
llama_perf_context_print:        load time =     475.48 ms
llama_perf_context_print: prompt eval time =     130.32 ms /   138 tokens (    0.94 ms per token,  1058.89 tokens per second)
llama_perf_context_print:        eval time =     170.61 ms /    13 runs   (   13.12 ms per token,    76.20 tokens per second)
llama_perf_context_print:       total time =     629.46 ms /   151 tokens
llama_perf_context_print:    graphs reused =         12
Llama.generate: 66 prefix-match found but partial kv removal not supported, re-evaluating full prompt
ggml_backend_cuda_graph_compute: CUDA graph warmup reset
ggml_backend_cuda_graph_compute: CUDA graph warmup reset
CUDA Graph id 2627 reused
ggml_backend_cuda_graph_compute: CUDA graph warmup complete
CUDA Graph id 2628 reused
ggml_backend_cuda_graph_compute: CUDA graph warmup complete
CUDA Graph id 2627 reused
CUDA Graph id 2628 reused
CUDA Graph id 2627 reused
CUDA Graph id 2628 reused
CUDA Graph id 2627 reused
CUDA Graph id 2628 reused
CUDA Graph id 2627 reused
CUDA Graph id 2628 reused
CUDA Graph id 2627 reused
CUDA Graph id 2628 reused
CUDA Graph id 2627 reused
CUDA Graph id 2628 reused
CUDA Graph id 2627 reused
CUDA Graph id 2628 reused
CUDA Graph id 2627 reused
CUDA Graph id 2628 reused
CUDA Graph id 2627 reused
CUDA Graph id 2628 reused
CUDA Graph id 2627 reused
CUDA Graph id 2628 reused
CUDA Graph id 2627 reused
CUDA Graph id 2628 reused
llama_perf_context_print:        load time =     475.48 ms
llama_perf_context_print: prompt eval time =     140.93 ms /   137 tokens (    1.03 ms per token,   972.09 tokens per second)
llama_perf_context_print:        eval time =     174.91 ms /    13 runs   (   13.45 ms per token,    74.32 tokens per second)
llama_perf_context_print:       total time =     646.91 ms /   150 tokens
llama_perf_context_print:    graphs reused =         12
Llama.generate: 65 prefix-match found but partial kv removal not supported, re-evaluating full prompt
ggml_backend_cuda_graph_compute: CUDA graph warmup reset
ggml_backend_cuda_graph_compute: CUDA graph warmup reset
CUDA Graph id 2635 reused
ggml_backend_cuda_graph_compute: CUDA graph warmup complete
CUDA Graph id 2636 reused
ggml_backend_cuda_graph_compute: CUDA graph warmup complete
CUDA Graph id 2635 reused
CUDA Graph id 2636 reused
CUDA Graph id 2635 reused
CUDA Graph id 2636 reused
CUDA Graph id 2635 reused
CUDA Graph id 2636 reused
CUDA Graph id 2635 reused
CUDA Graph id 2636 reused
CUDA Graph id 2635 reused
CUDA Graph id 2636 reused
CUDA Graph id 2635 reused
CUDA Graph id 2636 reused
CUDA Graph id 2635 reused
CUDA Graph id 2636 reused
CUDA Graph id 2635 reused
CUDA Graph id 2636 reused
CUDA Graph id 2635 reused
CUDA Graph id 2636 reused
CUDA Graph id 2635 reused
CUDA Graph id 2636 reused
CUDA Graph id 2635 reused
CUDA Graph id 2636 reused
CUDA Graph id 2635 reused
CUDA Graph id 2636 reused
llama_perf_context_print:        load time =     475.48 ms
llama_perf_context_print: prompt eval time =     158.81 ms /   140 tokens (    1.13 ms per token,   881.56 tokens per second)
llama_perf_context_print:        eval time =     194.46 ms /    14 runs   (   13.89 ms per token,    72.00 tokens per second)
llama_perf_context_print:       total time =     718.84 ms /   154 tokens
llama_perf_context_print:    graphs reused =         13
Llama.generate: 66 prefix-match found but partial kv removal not supported, re-evaluating full prompt
ggml_backend_cuda_graph_compute: CUDA graph warmup reset
ggml_backend_cuda_graph_compute: CUDA graph warmup reset
CUDA Graph id 2643 reused
ggml_backend_cuda_graph_compute: CUDA graph warmup complete
CUDA Graph id 2644 reused
ggml_backend_cuda_graph_compute: CUDA graph warmup complete
CUDA Graph id 2643 reused
CUDA Graph id 2644 reused
CUDA Graph id 2643 reused
CUDA Graph id 2644 reused
CUDA Graph id 2643 reused
CUDA Graph id 2644 reused
CUDA Graph id 2643 reused
CUDA Graph id 2644 reused
CUDA Graph id 2643 reused
CUDA Graph id 2644 reused
CUDA Graph id 2643 reused
CUDA Graph id 2644 reused
CUDA Graph id 2643 reused
CUDA Graph id 2644 reused
CUDA Graph id 2643 reused
CUDA Graph id 2644 reused
CUDA Graph id 2643 reused
CUDA Graph id 2644 reused
CUDA Graph id 2643 reused
CUDA Graph id 2644 reused
CUDA Graph id 2643 reused
CUDA Graph id 2644 reused
llama_perf_context_print:        load time =     475.48 ms
llama_perf_context_print: prompt eval time =     146.41 ms /   138 tokens (    1.06 ms per token,   942.55 tokens per second)
llama_perf_context_print:        eval time =     180.45 ms /    13 runs   (   13.88 ms per token,    72.04 tokens per second)
llama_perf_context_print:       total time =     659.98 ms /   151 tokens
llama_perf_context_print:    graphs reused =         12
Llama.generate: 65 prefix-match found but partial kv removal not supported, re-evaluating full prompt
ggml_backend_cuda_graph_compute: CUDA graph warmup reset
ggml_backend_cuda_graph_compute: CUDA graph warmup reset
CUDA Graph id 2651 reused
ggml_backend_cuda_graph_compute: CUDA graph warmup complete
CUDA Graph id 2652 reused
ggml_backend_cuda_graph_compute: CUDA graph warmup complete
CUDA Graph id 2651 reused
CUDA Graph id 2652 reused
CUDA Graph id 2651 reused
CUDA Graph id 2652 reused
CUDA Graph id 2651 reused
CUDA Graph id 2652 reused
CUDA Graph id 2651 reused
CUDA Graph id 2652 reused
CUDA Graph id 2651 reused
CUDA Graph id 2652 reused
CUDA Graph id 2651 reused
CUDA Graph id 2652 reused
CUDA Graph id 2651 reused
CUDA Graph id 2652 reused
CUDA Graph id 2651 reused
CUDA Graph id 2652 reused
CUDA Graph id 2651 reused
CUDA Graph id 2652 reused
CUDA Graph id 2651 reused
CUDA Graph id 2652 reused
CUDA Graph id 2651 reused
CUDA Graph id 2652 reused
llama_perf_context_print:        load time =     475.48 ms
llama_perf_context_print: prompt eval time =     157.61 ms /   137 tokens (    1.15 ms per token,   869.25 tokens per second)
llama_perf_context_print:        eval time =     179.16 ms /    13 runs   (   13.78 ms per token,    72.56 tokens per second)
llama_perf_context_print:       total time =     669.15 ms /   150 tokens
llama_perf_context_print:    graphs reused =         12
Llama.generate: 66 prefix-match found but partial kv removal not supported, re-evaluating full prompt
ggml_backend_cuda_graph_compute: CUDA graph warmup reset
ggml_backend_cuda_graph_compute: CUDA graph warmup reset
CUDA Graph id 2659 reused
ggml_backend_cuda_graph_compute: CUDA graph warmup complete
CUDA Graph id 2660 reused
ggml_backend_cuda_graph_compute: CUDA graph warmup complete
CUDA Graph id 2659 reused
CUDA Graph id 2660 reused
CUDA Graph id 2659 reused
CUDA Graph id 2660 reused
CUDA Graph id 2659 reused
CUDA Graph id 2660 reused
CUDA Graph id 2659 reused
CUDA Graph id 2660 reused
CUDA Graph id 2659 reused
CUDA Graph id 2660 reused
CUDA Graph id 2659 reused
CUDA Graph id 2660 reused
CUDA Graph id 2659 reused
CUDA Graph id 2660 reused
CUDA Graph id 2659 reused
CUDA Graph id 2660 reused
CUDA Graph id 2659 reused
CUDA Graph id 2660 reused
CUDA Graph id 2659 reused
CUDA Graph id 2660 reused
CUDA Graph id 2659 reused
CUDA Graph id 2660 reused
llama_perf_context_print:        load time =     475.48 ms
llama_perf_context_print: prompt eval time =     138.49 ms /   138 tokens (    1.00 ms per token,   996.49 tokens per second)
llama_perf_context_print:        eval time =     176.93 ms /    13 runs   (   13.61 ms per token,    73.48 tokens per second)
llama_perf_context_print:       total time =     660.35 ms /   151 tokens
llama_perf_context_print:    graphs reused =         12
Llama.generate: 66 prefix-match found but partial kv removal not supported, re-evaluating full prompt
ggml_backend_cuda_graph_compute: CUDA graph warmup reset
ggml_backend_cuda_graph_compute: CUDA graph warmup reset
CUDA Graph id 2667 reused
ggml_backend_cuda_graph_compute: CUDA graph warmup complete
CUDA Graph id 2668 reused
ggml_backend_cuda_graph_compute: CUDA graph warmup complete
CUDA Graph id 2667 reused
CUDA Graph id 2668 reused
CUDA Graph id 2667 reused
CUDA Graph id 2668 reused
CUDA Graph id 2667 reused
CUDA Graph id 2668 reused
CUDA Graph id 2667 reused
CUDA Graph id 2668 reused
CUDA Graph id 2667 reused
CUDA Graph id 2668 reused
CUDA Graph id 2667 reused
CUDA Graph id 2668 reused
CUDA Graph id 2667 reused
CUDA Graph id 2668 reused
CUDA Graph id 2667 reused
CUDA Graph id 2668 reused
CUDA Graph id 2667 reused
CUDA Graph id 2668 reused
CUDA Graph id 2667 reused
CUDA Graph id 2668 reused
CUDA Graph id 2667 reused
CUDA Graph id 2668 reused
llama_perf_context_print:        load time =     475.48 ms
llama_perf_context_print: prompt eval time =     138.73 ms /   137 tokens (    1.01 ms per token,   987.52 tokens per second)
llama_perf_context_print:        eval time =     177.57 ms /    13 runs   (   13.66 ms per token,    73.21 tokens per second)
llama_perf_context_print:       total time =     652.37 ms /   150 tokens
llama_perf_context_print:    graphs reused =         12
Llama.generate: 66 prefix-match found but partial kv removal not supported, re-evaluating full prompt
ggml_backend_cuda_graph_compute: CUDA graph warmup reset
ggml_backend_cuda_graph_compute: CUDA graph warmup reset
CUDA Graph id 2675 reused
ggml_backend_cuda_graph_compute: CUDA graph warmup complete
CUDA Graph id 2676 reused
ggml_backend_cuda_graph_compute: CUDA graph warmup complete
CUDA Graph id 2675 reused
CUDA Graph id 2676 reused
CUDA Graph id 2675 reused
CUDA Graph id 2676 reused
CUDA Graph id 2675 reused
CUDA Graph id 2676 reused
CUDA Graph id 2675 reused
CUDA Graph id 2676 reused
CUDA Graph id 2675 reused
CUDA Graph id 2676 reused
CUDA Graph id 2675 reused
CUDA Graph id 2676 reused
CUDA Graph id 2675 reused
CUDA Graph id 2676 reused
CUDA Graph id 2675 reused
CUDA Graph id 2676 reused
CUDA Graph id 2675 reused
CUDA Graph id 2676 reused
CUDA Graph id 2675 reused
CUDA Graph id 2676 reused
CUDA Graph id 2675 reused
CUDA Graph id 2676 reused
llama_perf_context_print:        load time =     475.48 ms
llama_perf_context_print: prompt eval time =     150.52 ms /   137 tokens (    1.10 ms per token,   910.21 tokens per second)
llama_perf_context_print:        eval time =     181.26 ms /    13 runs   (   13.94 ms per token,    71.72 tokens per second)
llama_perf_context_print:       total time =     662.32 ms /   150 tokens
llama_perf_context_print:    graphs reused =         12
Llama.generate: 65 prefix-match found but partial kv removal not supported, re-evaluating full prompt
ggml_backend_cuda_graph_compute: CUDA graph warmup reset
ggml_backend_cuda_graph_compute: CUDA graph warmup reset
CUDA Graph id 2683 reused
ggml_backend_cuda_graph_compute: CUDA graph warmup complete
CUDA Graph id 2684 reused
ggml_backend_cuda_graph_compute: CUDA graph warmup complete
CUDA Graph id 2683 reused
CUDA Graph id 2684 reused
CUDA Graph id 2683 reused
CUDA Graph id 2684 reused
CUDA Graph id 2683 reused
CUDA Graph id 2684 reused
CUDA Graph id 2683 reused
CUDA Graph id 2684 reused
CUDA Graph id 2683 reused
CUDA Graph id 2684 reused
CUDA Graph id 2683 reused
CUDA Graph id 2684 reused
CUDA Graph id 2683 reused
CUDA Graph id 2684 reused
CUDA Graph id 2683 reused
CUDA Graph id 2684 reused
CUDA Graph id 2683 reused
CUDA Graph id 2684 reused
CUDA Graph id 2683 reused
CUDA Graph id 2684 reused
CUDA Graph id 2683 reused
CUDA Graph id 2684 reused
llama_perf_context_print:        load time =     475.48 ms
llama_perf_context_print: prompt eval time =     146.27 ms /   138 tokens (    1.06 ms per token,   943.47 tokens per second)
llama_perf_context_print:        eval time =     180.98 ms /    13 runs   (   13.92 ms per token,    71.83 tokens per second)
llama_perf_context_print:       total time =     660.20 ms /   151 tokens
llama_perf_context_print:    graphs reused =         12
Llama.generate: 65 prefix-match found but partial kv removal not supported, re-evaluating full prompt
ggml_backend_cuda_graph_compute: CUDA graph warmup reset
ggml_backend_cuda_graph_compute: CUDA graph warmup reset
CUDA Graph id 2691 reused
ggml_backend_cuda_graph_compute: CUDA graph warmup complete
CUDA Graph id 2692 reused
ggml_backend_cuda_graph_compute: CUDA graph warmup complete
CUDA Graph id 2691 reused
CUDA Graph id 2692 reused
CUDA Graph id 2691 reused
CUDA Graph id 2692 reused
CUDA Graph id 2691 reused
CUDA Graph id 2692 reused
CUDA Graph id 2691 reused
CUDA Graph id 2692 reused
CUDA Graph id 2691 reused
CUDA Graph id 2692 reused
CUDA Graph id 2691 reused
CUDA Graph id 2692 reused
CUDA Graph id 2691 reused
CUDA Graph id 2692 reused
CUDA Graph id 2691 reused
CUDA Graph id 2692 reused
CUDA Graph id 2691 reused
CUDA Graph id 2692 reused
CUDA Graph id 2691 reused
CUDA Graph id 2692 reused
CUDA Graph id 2691 reused
CUDA Graph id 2692 reused
llama_perf_context_print:        load time =     475.48 ms
llama_perf_context_print: prompt eval time =     152.21 ms /   137 tokens (    1.11 ms per token,   900.08 tokens per second)
llama_perf_context_print:        eval time =     190.28 ms /    13 runs   (   14.64 ms per token,    68.32 tokens per second)
llama_perf_context_print:       total time =     674.71 ms /   150 tokens
llama_perf_context_print:    graphs reused =         12
Llama.generate: 66 prefix-match found but partial kv removal not supported, re-evaluating full prompt
ggml_backend_cuda_graph_compute: CUDA graph warmup reset
ggml_backend_cuda_graph_compute: CUDA graph warmup reset
CUDA Graph id 2699 reused
ggml_backend_cuda_graph_compute: CUDA graph warmup complete
CUDA Graph id 2700 reused
ggml_backend_cuda_graph_compute: CUDA graph warmup complete
CUDA Graph id 2699 reused
CUDA Graph id 2700 reused
CUDA Graph id 2699 reused
CUDA Graph id 2700 reused
CUDA Graph id 2699 reused
CUDA Graph id 2700 reused
CUDA Graph id 2699 reused
CUDA Graph id 2700 reused
CUDA Graph id 2699 reused
CUDA Graph id 2700 reused
CUDA Graph id 2699 reused
CUDA Graph id 2700 reused
CUDA Graph id 2699 reused
CUDA Graph id 2700 reused
CUDA Graph id 2699 reused
CUDA Graph id 2700 reused
CUDA Graph id 2699 reused
CUDA Graph id 2700 reused
CUDA Graph id 2699 reused
CUDA Graph id 2700 reused
CUDA Graph id 2699 reused
CUDA Graph id 2700 reused
llama_perf_context_print:        load time =     475.48 ms
llama_perf_context_print: prompt eval time =     170.71 ms /   136 tokens (    1.26 ms per token,   796.66 tokens per second)
llama_perf_context_print:        eval time =     196.84 ms /    13 runs   (   15.14 ms per token,    66.04 tokens per second)
llama_perf_context_print:       total time =     700.17 ms /   149 tokens
llama_perf_context_print:    graphs reused =         12
Llama.generate: 66 prefix-match found but partial kv removal not supported, re-evaluating full prompt
ggml_backend_cuda_graph_compute: CUDA graph warmup reset
ggml_backend_cuda_graph_compute: CUDA graph warmup reset
CUDA Graph id 2707 reused
ggml_backend_cuda_graph_compute: CUDA graph warmup complete
CUDA Graph id 2708 reused
ggml_backend_cuda_graph_compute: CUDA graph warmup complete
CUDA Graph id 2707 reused
CUDA Graph id 2708 reused
CUDA Graph id 2707 reused
CUDA Graph id 2708 reused
CUDA Graph id 2707 reused
CUDA Graph id 2708 reused
CUDA Graph id 2707 reused
CUDA Graph id 2708 reused
CUDA Graph id 2707 reused
CUDA Graph id 2708 reused
CUDA Graph id 2707 reused
CUDA Graph id 2708 reused
CUDA Graph id 2707 reused
CUDA Graph id 2708 reused
CUDA Graph id 2707 reused
CUDA Graph id 2708 reused
CUDA Graph id 2707 reused
CUDA Graph id 2708 reused
CUDA Graph id 2707 reused
CUDA Graph id 2708 reused
CUDA Graph id 2707 reused
CUDA Graph id 2708 reused
llama_perf_context_print:        load time =     475.48 ms
llama_perf_context_print: prompt eval time =     173.33 ms /   138 tokens (    1.26 ms per token,   796.17 tokens per second)
llama_perf_context_print:        eval time =     203.02 ms /    13 runs   (   15.62 ms per token,    64.03 tokens per second)
llama_perf_context_print:       total time =     709.50 ms /   151 tokens
llama_perf_context_print:    graphs reused =         12
Llama.generate: 66 prefix-match found but partial kv removal not supported, re-evaluating full prompt
ggml_backend_cuda_graph_compute: CUDA graph warmup reset
ggml_backend_cuda_graph_compute: CUDA graph warmup reset
CUDA Graph id 2715 reused
ggml_backend_cuda_graph_compute: CUDA graph warmup complete
CUDA Graph id 2716 reused
ggml_backend_cuda_graph_compute: CUDA graph warmup complete
CUDA Graph id 2715 reused
CUDA Graph id 2716 reused
CUDA Graph id 2715 reused
CUDA Graph id 2716 reused
CUDA Graph id 2715 reused
CUDA Graph id 2716 reused
CUDA Graph id 2715 reused
CUDA Graph id 2716 reused
CUDA Graph id 2715 reused
CUDA Graph id 2716 reused
CUDA Graph id 2715 reused
CUDA Graph id 2716 reused
CUDA Graph id 2715 reused
CUDA Graph id 2716 reused
CUDA Graph id 2715 reused
CUDA Graph id 2716 reused
CUDA Graph id 2715 reused
CUDA Graph id 2716 reused
CUDA Graph id 2715 reused
CUDA Graph id 2716 reused
CUDA Graph id 2715 reused
CUDA Graph id 2716 reused
llama_perf_context_print:        load time =     475.48 ms
llama_perf_context_print: prompt eval time =     179.14 ms /   137 tokens (    1.31 ms per token,   764.75 tokens per second)
llama_perf_context_print:        eval time =     185.01 ms /    13 runs   (   14.23 ms per token,    70.27 tokens per second)
llama_perf_context_print:       total time =     703.40 ms /   150 tokens
llama_perf_context_print:    graphs reused =         12
Llama.generate: 66 prefix-match found but partial kv removal not supported, re-evaluating full prompt
ggml_backend_cuda_graph_compute: CUDA graph warmup reset
ggml_backend_cuda_graph_compute: CUDA graph warmup reset
CUDA Graph id 2723 reused
ggml_backend_cuda_graph_compute: CUDA graph warmup complete
CUDA Graph id 2724 reused
ggml_backend_cuda_graph_compute: CUDA graph warmup complete
CUDA Graph id 2723 reused
CUDA Graph id 2724 reused
CUDA Graph id 2723 reused
CUDA Graph id 2724 reused
CUDA Graph id 2723 reused
CUDA Graph id 2724 reused
CUDA Graph id 2723 reused
CUDA Graph id 2724 reused
CUDA Graph id 2723 reused
CUDA Graph id 2724 reused
CUDA Graph id 2723 reused
CUDA Graph id 2724 reused
CUDA Graph id 2723 reused
CUDA Graph id 2724 reused
CUDA Graph id 2723 reused
CUDA Graph id 2724 reused
CUDA Graph id 2723 reused
CUDA Graph id 2724 reused
CUDA Graph id 2723 reused
CUDA Graph id 2724 reused
CUDA Graph id 2723 reused
CUDA Graph id 2724 reused
llama_perf_context_print:        load time =     475.48 ms
llama_perf_context_print: prompt eval time =     150.88 ms /   137 tokens (    1.10 ms per token,   907.98 tokens per second)
llama_perf_context_print:        eval time =     181.65 ms /    13 runs   (   13.97 ms per token,    71.57 tokens per second)
llama_perf_context_print:       total time =     661.49 ms /   150 tokens
llama_perf_context_print:    graphs reused =         12
Llama.generate: 65 prefix-match found but partial kv removal not supported, re-evaluating full prompt
ggml_backend_cuda_graph_compute: CUDA graph warmup reset
ggml_backend_cuda_graph_compute: CUDA graph warmup reset
CUDA Graph id 2731 reused
ggml_backend_cuda_graph_compute: CUDA graph warmup complete
CUDA Graph id 2732 reused
ggml_backend_cuda_graph_compute: CUDA graph warmup complete
CUDA Graph id 2731 reused
CUDA Graph id 2732 reused
CUDA Graph id 2731 reused
CUDA Graph id 2732 reused
CUDA Graph id 2731 reused
CUDA Graph id 2732 reused
CUDA Graph id 2731 reused
CUDA Graph id 2732 reused
CUDA Graph id 2731 reused
CUDA Graph id 2732 reused
CUDA Graph id 2731 reused
CUDA Graph id 2732 reused
CUDA Graph id 2731 reused
CUDA Graph id 2732 reused
CUDA Graph id 2731 reused
CUDA Graph id 2732 reused
CUDA Graph id 2731 reused
CUDA Graph id 2732 reused
CUDA Graph id 2731 reused
CUDA Graph id 2732 reused
CUDA Graph id 2731 reused
CUDA Graph id 2732 reused
llama_perf_context_print:        load time =     475.48 ms
llama_perf_context_print: prompt eval time =     148.31 ms /   139 tokens (    1.07 ms per token,   937.19 tokens per second)
llama_perf_context_print:        eval time =     182.45 ms /    13 runs   (   14.03 ms per token,    71.25 tokens per second)
llama_perf_context_print:       total time =     676.75 ms /   152 tokens
llama_perf_context_print:    graphs reused =         12
Llama.generate: 65 prefix-match found but partial kv removal not supported, re-evaluating full prompt
ggml_backend_cuda_graph_compute: CUDA graph warmup reset
ggml_backend_cuda_graph_compute: CUDA graph warmup reset
CUDA Graph id 2739 reused
ggml_backend_cuda_graph_compute: CUDA graph warmup complete
CUDA Graph id 2740 reused
ggml_backend_cuda_graph_compute: CUDA graph warmup complete
CUDA Graph id 2739 reused
CUDA Graph id 2740 reused
CUDA Graph id 2739 reused
CUDA Graph id 2740 reused
CUDA Graph id 2739 reused
CUDA Graph id 2740 reused
CUDA Graph id 2739 reused
CUDA Graph id 2740 reused
CUDA Graph id 2739 reused
CUDA Graph id 2740 reused
CUDA Graph id 2739 reused
CUDA Graph id 2740 reused
CUDA Graph id 2739 reused
CUDA Graph id 2740 reused
CUDA Graph id 2739 reused
CUDA Graph id 2740 reused
CUDA Graph id 2739 reused
CUDA Graph id 2740 reused
CUDA Graph id 2739 reused
CUDA Graph id 2740 reused
CUDA Graph id 2739 reused
CUDA Graph id 2740 reused
llama_perf_context_print:        load time =     475.48 ms
llama_perf_context_print: prompt eval time =     155.78 ms /   137 tokens (    1.14 ms per token,   879.43 tokens per second)
llama_perf_context_print:        eval time =     185.46 ms /    13 runs   (   14.27 ms per token,    70.10 tokens per second)
llama_perf_context_print:       total time =     671.56 ms /   150 tokens
llama_perf_context_print:    graphs reused =         12
Llama.generate: 65 prefix-match found but partial kv removal not supported, re-evaluating full prompt
ggml_backend_cuda_graph_compute: CUDA graph warmup reset
ggml_backend_cuda_graph_compute: CUDA graph warmup reset
CUDA Graph id 2747 reused
ggml_backend_cuda_graph_compute: CUDA graph warmup complete
CUDA Graph id 2748 reused
ggml_backend_cuda_graph_compute: CUDA graph warmup complete
CUDA Graph id 2747 reused
CUDA Graph id 2748 reused
CUDA Graph id 2747 reused
CUDA Graph id 2748 reused
CUDA Graph id 2747 reused
CUDA Graph id 2748 reused
CUDA Graph id 2747 reused
CUDA Graph id 2748 reused
CUDA Graph id 2747 reused
CUDA Graph id 2748 reused
CUDA Graph id 2747 reused
CUDA Graph id 2748 reused
CUDA Graph id 2747 reused
CUDA Graph id 2748 reused
CUDA Graph id 2747 reused
CUDA Graph id 2748 reused
CUDA Graph id 2747 reused
CUDA Graph id 2748 reused
CUDA Graph id 2747 reused
CUDA Graph id 2748 reused
CUDA Graph id 2747 reused
CUDA Graph id 2748 reused
llama_perf_context_print:        load time =     475.48 ms
llama_perf_context_print: prompt eval time =     150.10 ms /   138 tokens (    1.09 ms per token,   919.41 tokens per second)
llama_perf_context_print:        eval time =     181.89 ms /    13 runs   (   13.99 ms per token,    71.47 tokens per second)
llama_perf_context_print:       total time =     661.57 ms /   151 tokens
llama_perf_context_print:    graphs reused =         12
Llama.generate: 66 prefix-match found but partial kv removal not supported, re-evaluating full prompt
ggml_backend_cuda_graph_compute: CUDA graph warmup reset
ggml_backend_cuda_graph_compute: CUDA graph warmup reset
CUDA Graph id 2755 reused
ggml_backend_cuda_graph_compute: CUDA graph warmup complete
CUDA Graph id 2756 reused
ggml_backend_cuda_graph_compute: CUDA graph warmup complete
CUDA Graph id 2755 reused
CUDA Graph id 2756 reused
CUDA Graph id 2755 reused
CUDA Graph id 2756 reused
CUDA Graph id 2755 reused
CUDA Graph id 2756 reused
CUDA Graph id 2755 reused
CUDA Graph id 2756 reused
CUDA Graph id 2755 reused
CUDA Graph id 2756 reused
CUDA Graph id 2755 reused
CUDA Graph id 2756 reused
CUDA Graph id 2755 reused
CUDA Graph id 2756 reused
CUDA Graph id 2755 reused
CUDA Graph id 2756 reused
CUDA Graph id 2755 reused
CUDA Graph id 2756 reused
CUDA Graph id 2755 reused
CUDA Graph id 2756 reused
CUDA Graph id 2755 reused
CUDA Graph id 2756 reused
llama_perf_context_print:        load time =     475.48 ms
llama_perf_context_print: prompt eval time =     145.04 ms /   137 tokens (    1.06 ms per token,   944.55 tokens per second)
llama_perf_context_print:        eval time =     174.21 ms /    13 runs   (   13.40 ms per token,    74.62 tokens per second)
llama_perf_context_print:       total time =     647.16 ms /   150 tokens
llama_perf_context_print:    graphs reused =         12
Llama.generate: 66 prefix-match found but partial kv removal not supported, re-evaluating full prompt
ggml_backend_cuda_graph_compute: CUDA graph warmup reset
ggml_backend_cuda_graph_compute: CUDA graph warmup reset
CUDA Graph id 2763 reused
ggml_backend_cuda_graph_compute: CUDA graph warmup complete
CUDA Graph id 2764 reused
ggml_backend_cuda_graph_compute: CUDA graph warmup complete
CUDA Graph id 2763 reused
CUDA Graph id 2764 reused
CUDA Graph id 2763 reused
CUDA Graph id 2764 reused
CUDA Graph id 2763 reused
CUDA Graph id 2764 reused
CUDA Graph id 2763 reused
CUDA Graph id 2764 reused
CUDA Graph id 2763 reused
CUDA Graph id 2764 reused
CUDA Graph id 2763 reused
CUDA Graph id 2764 reused
CUDA Graph id 2763 reused
CUDA Graph id 2764 reused
CUDA Graph id 2763 reused
CUDA Graph id 2764 reused
CUDA Graph id 2763 reused
CUDA Graph id 2764 reused
CUDA Graph id 2763 reused
CUDA Graph id 2764 reused
CUDA Graph id 2763 reused
CUDA Graph id 2764 reused
llama_perf_context_print:        load time =     475.48 ms
llama_perf_context_print: prompt eval time =     133.77 ms /   139 tokens (    0.96 ms per token,  1039.07 tokens per second)
llama_perf_context_print:        eval time =     171.61 ms /    13 runs   (   13.20 ms per token,    75.75 tokens per second)
llama_perf_context_print:       total time =     639.92 ms /   152 tokens
llama_perf_context_print:    graphs reused =         12
Llama.generate: 66 prefix-match found but partial kv removal not supported, re-evaluating full prompt
ggml_backend_cuda_graph_compute: CUDA graph warmup reset
ggml_backend_cuda_graph_compute: CUDA graph warmup reset
CUDA Graph id 2771 reused
ggml_backend_cuda_graph_compute: CUDA graph warmup complete
CUDA Graph id 2772 reused
ggml_backend_cuda_graph_compute: CUDA graph warmup complete
CUDA Graph id 2771 reused
CUDA Graph id 2772 reused
CUDA Graph id 2771 reused
CUDA Graph id 2772 reused
CUDA Graph id 2771 reused
CUDA Graph id 2772 reused
CUDA Graph id 2771 reused
CUDA Graph id 2772 reused
CUDA Graph id 2771 reused
CUDA Graph id 2772 reused
CUDA Graph id 2771 reused
CUDA Graph id 2772 reused
CUDA Graph id 2771 reused
CUDA Graph id 2772 reused
CUDA Graph id 2771 reused
CUDA Graph id 2772 reused
CUDA Graph id 2771 reused
CUDA Graph id 2772 reused
CUDA Graph id 2771 reused
CUDA Graph id 2772 reused
CUDA Graph id 2771 reused
CUDA Graph id 2772 reused
llama_perf_context_print:        load time =     475.48 ms
llama_perf_context_print: prompt eval time =     131.89 ms /   138 tokens (    0.96 ms per token,  1046.29 tokens per second)
llama_perf_context_print:        eval time =     171.65 ms /    13 runs   (   13.20 ms per token,    75.73 tokens per second)
llama_perf_context_print:       total time =     642.50 ms /   151 tokens
llama_perf_context_print:    graphs reused =         12
Llama.generate: 66 prefix-match found but partial kv removal not supported, re-evaluating full prompt
ggml_backend_cuda_graph_compute: CUDA graph warmup reset
ggml_backend_cuda_graph_compute: CUDA graph warmup reset
CUDA Graph id 2779 reused
ggml_backend_cuda_graph_compute: CUDA graph warmup complete
CUDA Graph id 2780 reused
ggml_backend_cuda_graph_compute: CUDA graph warmup complete
CUDA Graph id 2779 reused
CUDA Graph id 2780 reused
CUDA Graph id 2779 reused
CUDA Graph id 2780 reused
CUDA Graph id 2779 reused
CUDA Graph id 2780 reused
CUDA Graph id 2779 reused
CUDA Graph id 2780 reused
CUDA Graph id 2779 reused
CUDA Graph id 2780 reused
CUDA Graph id 2779 reused
CUDA Graph id 2780 reused
CUDA Graph id 2779 reused
CUDA Graph id 2780 reused
CUDA Graph id 2779 reused
CUDA Graph id 2780 reused
CUDA Graph id 2779 reused
CUDA Graph id 2780 reused
CUDA Graph id 2779 reused
CUDA Graph id 2780 reused
CUDA Graph id 2779 reused
CUDA Graph id 2780 reused
llama_perf_context_print:        load time =     475.48 ms
llama_perf_context_print: prompt eval time =     146.16 ms /   138 tokens (    1.06 ms per token,   944.15 tokens per second)
llama_perf_context_print:        eval time =     179.12 ms /    13 runs   (   13.78 ms per token,    72.58 tokens per second)
llama_perf_context_print:       total time =     653.92 ms /   151 tokens
llama_perf_context_print:    graphs reused =         12
Llama.generate: 65 prefix-match found but partial kv removal not supported, re-evaluating full prompt
ggml_backend_cuda_graph_compute: CUDA graph warmup reset
ggml_backend_cuda_graph_compute: CUDA graph warmup reset
CUDA Graph id 2787 reused
ggml_backend_cuda_graph_compute: CUDA graph warmup complete
CUDA Graph id 2788 reused
ggml_backend_cuda_graph_compute: CUDA graph warmup complete
CUDA Graph id 2787 reused
CUDA Graph id 2788 reused
CUDA Graph id 2787 reused
CUDA Graph id 2788 reused
CUDA Graph id 2787 reused
CUDA Graph id 2788 reused
CUDA Graph id 2787 reused
CUDA Graph id 2788 reused
CUDA Graph id 2787 reused
CUDA Graph id 2788 reused
CUDA Graph id 2787 reused
CUDA Graph id 2788 reused
CUDA Graph id 2787 reused
CUDA Graph id 2788 reused
CUDA Graph id 2787 reused
CUDA Graph id 2788 reused
CUDA Graph id 2787 reused
CUDA Graph id 2788 reused
CUDA Graph id 2787 reused
CUDA Graph id 2788 reused
CUDA Graph id 2787 reused
CUDA Graph id 2788 reused
llama_perf_context_print:        load time =     475.48 ms
llama_perf_context_print: prompt eval time =     161.80 ms /   137 tokens (    1.18 ms per token,   846.75 tokens per second)
llama_perf_context_print:        eval time =     185.22 ms /    13 runs   (   14.25 ms per token,    70.19 tokens per second)
llama_perf_context_print:       total time =     691.27 ms /   150 tokens
llama_perf_context_print:    graphs reused =         12
Llama.generate: 65 prefix-match found but partial kv removal not supported, re-evaluating full prompt
ggml_backend_cuda_graph_compute: CUDA graph warmup reset
ggml_backend_cuda_graph_compute: CUDA graph warmup reset
CUDA Graph id 2795 reused
ggml_backend_cuda_graph_compute: CUDA graph warmup complete
CUDA Graph id 2796 reused
ggml_backend_cuda_graph_compute: CUDA graph warmup complete
CUDA Graph id 2795 reused
CUDA Graph id 2796 reused
CUDA Graph id 2795 reused
CUDA Graph id 2796 reused
CUDA Graph id 2795 reused
CUDA Graph id 2796 reused
CUDA Graph id 2795 reused
CUDA Graph id 2796 reused
CUDA Graph id 2795 reused
CUDA Graph id 2796 reused
CUDA Graph id 2795 reused
CUDA Graph id 2796 reused
CUDA Graph id 2795 reused
CUDA Graph id 2796 reused
CUDA Graph id 2795 reused
CUDA Graph id 2796 reused
CUDA Graph id 2795 reused
CUDA Graph id 2796 reused
CUDA Graph id 2795 reused
CUDA Graph id 2796 reused
CUDA Graph id 2795 reused
CUDA Graph id 2796 reused
llama_perf_context_print:        load time =     475.48 ms
llama_perf_context_print: prompt eval time =     151.63 ms /   139 tokens (    1.09 ms per token,   916.71 tokens per second)
llama_perf_context_print:        eval time =     185.23 ms /    13 runs   (   14.25 ms per token,    70.18 tokens per second)
llama_perf_context_print:       total time =     669.37 ms /   152 tokens
llama_perf_context_print:    graphs reused =         12
Llama.generate: 65 prefix-match found but partial kv removal not supported, re-evaluating full prompt
ggml_backend_cuda_graph_compute: CUDA graph warmup reset
ggml_backend_cuda_graph_compute: CUDA graph warmup reset
CUDA Graph id 2803 reused
ggml_backend_cuda_graph_compute: CUDA graph warmup complete
CUDA Graph id 2804 reused
ggml_backend_cuda_graph_compute: CUDA graph warmup complete
CUDA Graph id 2803 reused
CUDA Graph id 2804 reused
CUDA Graph id 2803 reused
CUDA Graph id 2804 reused
CUDA Graph id 2803 reused
CUDA Graph id 2804 reused
CUDA Graph id 2803 reused
CUDA Graph id 2804 reused
CUDA Graph id 2803 reused
CUDA Graph id 2804 reused
CUDA Graph id 2803 reused
CUDA Graph id 2804 reused
CUDA Graph id 2803 reused
CUDA Graph id 2804 reused
CUDA Graph id 2803 reused
CUDA Graph id 2804 reused
CUDA Graph id 2803 reused
CUDA Graph id 2804 reused
CUDA Graph id 2803 reused
CUDA Graph id 2804 reused
CUDA Graph id 2803 reused
CUDA Graph id 2804 reused
llama_perf_context_print:        load time =     475.48 ms
llama_perf_context_print: prompt eval time =     161.00 ms /   137 tokens (    1.18 ms per token,   850.94 tokens per second)
llama_perf_context_print:        eval time =     180.21 ms /    13 runs   (   13.86 ms per token,    72.14 tokens per second)
llama_perf_context_print:       total time =     672.68 ms /   150 tokens
llama_perf_context_print:    graphs reused =         12
Llama.generate: 66 prefix-match found but partial kv removal not supported, re-evaluating full prompt
ggml_backend_cuda_graph_compute: CUDA graph warmup reset
ggml_backend_cuda_graph_compute: CUDA graph warmup reset
CUDA Graph id 2811 reused
ggml_backend_cuda_graph_compute: CUDA graph warmup complete
CUDA Graph id 2812 reused
ggml_backend_cuda_graph_compute: CUDA graph warmup complete
CUDA Graph id 2811 reused
CUDA Graph id 2812 reused
CUDA Graph id 2811 reused
CUDA Graph id 2812 reused
CUDA Graph id 2811 reused
CUDA Graph id 2812 reused
CUDA Graph id 2811 reused
CUDA Graph id 2812 reused
CUDA Graph id 2811 reused
CUDA Graph id 2812 reused
CUDA Graph id 2811 reused
CUDA Graph id 2812 reused
CUDA Graph id 2811 reused
CUDA Graph id 2812 reused
CUDA Graph id 2811 reused
CUDA Graph id 2812 reused
CUDA Graph id 2811 reused
CUDA Graph id 2812 reused
CUDA Graph id 2811 reused
CUDA Graph id 2812 reused
CUDA Graph id 2811 reused
CUDA Graph id 2812 reused
llama_perf_context_print:        load time =     475.48 ms
llama_perf_context_print: prompt eval time =     139.73 ms /   137 tokens (    1.02 ms per token,   980.48 tokens per second)
llama_perf_context_print:        eval time =     177.72 ms /    13 runs   (   13.67 ms per token,    73.15 tokens per second)
llama_perf_context_print:       total time =     649.70 ms /   150 tokens
llama_perf_context_print:    graphs reused =         12
Llama.generate: 65 prefix-match found but partial kv removal not supported, re-evaluating full prompt
ggml_backend_cuda_graph_compute: CUDA graph warmup reset
ggml_backend_cuda_graph_compute: CUDA graph warmup reset
CUDA Graph id 2819 reused
ggml_backend_cuda_graph_compute: CUDA graph warmup complete
CUDA Graph id 2820 reused
ggml_backend_cuda_graph_compute: CUDA graph warmup complete
CUDA Graph id 2819 reused
CUDA Graph id 2820 reused
CUDA Graph id 2819 reused
CUDA Graph id 2820 reused
CUDA Graph id 2819 reused
CUDA Graph id 2820 reused
CUDA Graph id 2819 reused
CUDA Graph id 2820 reused
CUDA Graph id 2819 reused
CUDA Graph id 2820 reused
CUDA Graph id 2819 reused
CUDA Graph id 2820 reused
CUDA Graph id 2819 reused
CUDA Graph id 2820 reused
CUDA Graph id 2819 reused
CUDA Graph id 2820 reused
CUDA Graph id 2819 reused
CUDA Graph id 2820 reused
CUDA Graph id 2819 reused
CUDA Graph id 2820 reused
CUDA Graph id 2819 reused
CUDA Graph id 2820 reused
llama_perf_context_print:        load time =     475.48 ms
llama_perf_context_print: prompt eval time =     139.96 ms /   138 tokens (    1.01 ms per token,   986.01 tokens per second)
llama_perf_context_print:        eval time =     174.92 ms /    13 runs   (   13.46 ms per token,    74.32 tokens per second)
llama_perf_context_print:       total time =     643.73 ms /   151 tokens
llama_perf_context_print:    graphs reused =         12
Llama.generate: 65 prefix-match found but partial kv removal not supported, re-evaluating full prompt
ggml_backend_cuda_graph_compute: CUDA graph warmup reset
ggml_backend_cuda_graph_compute: CUDA graph warmup reset
CUDA Graph id 2827 reused
ggml_backend_cuda_graph_compute: CUDA graph warmup complete
CUDA Graph id 2828 reused
ggml_backend_cuda_graph_compute: CUDA graph warmup complete
CUDA Graph id 2827 reused
CUDA Graph id 2828 reused
CUDA Graph id 2827 reused
CUDA Graph id 2828 reused
CUDA Graph id 2827 reused
CUDA Graph id 2828 reused
CUDA Graph id 2827 reused
CUDA Graph id 2828 reused
CUDA Graph id 2827 reused
CUDA Graph id 2828 reused
CUDA Graph id 2827 reused
CUDA Graph id 2828 reused
CUDA Graph id 2827 reused
CUDA Graph id 2828 reused
CUDA Graph id 2827 reused
CUDA Graph id 2828 reused
CUDA Graph id 2827 reused
CUDA Graph id 2828 reused
CUDA Graph id 2827 reused
CUDA Graph id 2828 reused
CUDA Graph id 2827 reused
CUDA Graph id 2828 reused
llama_perf_context_print:        load time =     475.48 ms
llama_perf_context_print: prompt eval time =     135.32 ms /   137 tokens (    0.99 ms per token,  1012.39 tokens per second)
llama_perf_context_print:        eval time =     174.56 ms /    13 runs   (   13.43 ms per token,    74.47 tokens per second)
llama_perf_context_print:       total time =     643.24 ms /   150 tokens
llama_perf_context_print:    graphs reused =         12
Llama.generate: 65 prefix-match found but partial kv removal not supported, re-evaluating full prompt
ggml_backend_cuda_graph_compute: CUDA graph warmup reset
ggml_backend_cuda_graph_compute: CUDA graph warmup reset
CUDA Graph id 2835 reused
ggml_backend_cuda_graph_compute: CUDA graph warmup complete
CUDA Graph id 2836 reused
ggml_backend_cuda_graph_compute: CUDA graph warmup complete
CUDA Graph id 2835 reused
CUDA Graph id 2836 reused
CUDA Graph id 2835 reused
CUDA Graph id 2836 reused
CUDA Graph id 2835 reused
CUDA Graph id 2836 reused
CUDA Graph id 2835 reused
CUDA Graph id 2836 reused
CUDA Graph id 2835 reused
CUDA Graph id 2836 reused
CUDA Graph id 2835 reused
CUDA Graph id 2836 reused
CUDA Graph id 2835 reused
CUDA Graph id 2836 reused
CUDA Graph id 2835 reused
CUDA Graph id 2836 reused
CUDA Graph id 2835 reused
CUDA Graph id 2836 reused
CUDA Graph id 2835 reused
CUDA Graph id 2836 reused
CUDA Graph id 2835 reused
CUDA Graph id 2836 reused
llama_perf_context_print:        load time =     475.48 ms
llama_perf_context_print: prompt eval time =     135.46 ms /   139 tokens (    0.97 ms per token,  1026.10 tokens per second)
llama_perf_context_print:        eval time =     176.40 ms /    13 runs   (   13.57 ms per token,    73.70 tokens per second)
llama_perf_context_print:       total time =     650.55 ms /   152 tokens
llama_perf_context_print:    graphs reused =         12
Llama.generate: 65 prefix-match found but partial kv removal not supported, re-evaluating full prompt
ggml_backend_cuda_graph_compute: CUDA graph warmup reset
ggml_backend_cuda_graph_compute: CUDA graph warmup reset
CUDA Graph id 2843 reused
ggml_backend_cuda_graph_compute: CUDA graph warmup complete
CUDA Graph id 2844 reused
ggml_backend_cuda_graph_compute: CUDA graph warmup complete
CUDA Graph id 2843 reused
CUDA Graph id 2844 reused
CUDA Graph id 2843 reused
CUDA Graph id 2844 reused
CUDA Graph id 2843 reused
CUDA Graph id 2844 reused
CUDA Graph id 2843 reused
CUDA Graph id 2844 reused
CUDA Graph id 2843 reused
CUDA Graph id 2844 reused
CUDA Graph id 2843 reused
CUDA Graph id 2844 reused
CUDA Graph id 2843 reused
CUDA Graph id 2844 reused
CUDA Graph id 2843 reused
CUDA Graph id 2844 reused
CUDA Graph id 2843 reused
CUDA Graph id 2844 reused
CUDA Graph id 2843 reused
CUDA Graph id 2844 reused
CUDA Graph id 2843 reused
CUDA Graph id 2844 reused
llama_perf_context_print:        load time =     475.48 ms
llama_perf_context_print: prompt eval time =     150.03 ms /   138 tokens (    1.09 ms per token,   919.85 tokens per second)
llama_perf_context_print:        eval time =     180.90 ms /    13 runs   (   13.92 ms per token,    71.86 tokens per second)
llama_perf_context_print:       total time =     670.18 ms /   151 tokens
llama_perf_context_print:    graphs reused =         12
Llama.generate: 65 prefix-match found but partial kv removal not supported, re-evaluating full prompt
ggml_backend_cuda_graph_compute: CUDA graph warmup reset
ggml_backend_cuda_graph_compute: CUDA graph warmup reset
CUDA Graph id 2851 reused
ggml_backend_cuda_graph_compute: CUDA graph warmup complete
CUDA Graph id 2852 reused
ggml_backend_cuda_graph_compute: CUDA graph warmup complete
CUDA Graph id 2851 reused
CUDA Graph id 2852 reused
CUDA Graph id 2851 reused
CUDA Graph id 2852 reused
CUDA Graph id 2851 reused
CUDA Graph id 2852 reused
CUDA Graph id 2851 reused
CUDA Graph id 2852 reused
CUDA Graph id 2851 reused
CUDA Graph id 2852 reused
CUDA Graph id 2851 reused
CUDA Graph id 2852 reused
CUDA Graph id 2851 reused
CUDA Graph id 2852 reused
CUDA Graph id 2851 reused
CUDA Graph id 2852 reused
CUDA Graph id 2851 reused
CUDA Graph id 2852 reused
CUDA Graph id 2851 reused
CUDA Graph id 2852 reused
CUDA Graph id 2851 reused
CUDA Graph id 2852 reused
llama_perf_context_print:        load time =     475.48 ms
llama_perf_context_print: prompt eval time =     146.77 ms /   138 tokens (    1.06 ms per token,   940.22 tokens per second)
llama_perf_context_print:        eval time =     181.47 ms /    13 runs   (   13.96 ms per token,    71.64 tokens per second)
llama_perf_context_print:       total time =     650.98 ms /   151 tokens
llama_perf_context_print:    graphs reused =         12
Llama.generate: 66 prefix-match found but partial kv removal not supported, re-evaluating full prompt
ggml_backend_cuda_graph_compute: CUDA graph warmup reset
ggml_backend_cuda_graph_compute: CUDA graph warmup reset
CUDA Graph id 2859 reused
ggml_backend_cuda_graph_compute: CUDA graph warmup complete
CUDA Graph id 2860 reused
ggml_backend_cuda_graph_compute: CUDA graph warmup complete
CUDA Graph id 2859 reused
CUDA Graph id 2860 reused
CUDA Graph id 2859 reused
CUDA Graph id 2860 reused
CUDA Graph id 2859 reused
CUDA Graph id 2860 reused
CUDA Graph id 2859 reused
CUDA Graph id 2860 reused
CUDA Graph id 2859 reused
CUDA Graph id 2860 reused
CUDA Graph id 2859 reused
CUDA Graph id 2860 reused
CUDA Graph id 2859 reused
CUDA Graph id 2860 reused
CUDA Graph id 2859 reused
CUDA Graph id 2860 reused
CUDA Graph id 2859 reused
CUDA Graph id 2860 reused
CUDA Graph id 2859 reused
CUDA Graph id 2860 reused
CUDA Graph id 2859 reused
CUDA Graph id 2860 reused
llama_perf_context_print:        load time =     475.48 ms
llama_perf_context_print: prompt eval time =     157.04 ms /   138 tokens (    1.14 ms per token,   878.75 tokens per second)
llama_perf_context_print:        eval time =     191.22 ms /    13 runs   (   14.71 ms per token,    67.99 tokens per second)
llama_perf_context_print:       total time =     687.05 ms /   151 tokens
llama_perf_context_print:    graphs reused =         12
Llama.generate: 65 prefix-match found but partial kv removal not supported, re-evaluating full prompt
ggml_backend_cuda_graph_compute: CUDA graph warmup reset
ggml_backend_cuda_graph_compute: CUDA graph warmup reset
CUDA Graph id 2867 reused
ggml_backend_cuda_graph_compute: CUDA graph warmup complete
CUDA Graph id 2868 reused
ggml_backend_cuda_graph_compute: CUDA graph warmup complete
CUDA Graph id 2867 reused
CUDA Graph id 2868 reused
CUDA Graph id 2867 reused
CUDA Graph id 2868 reused
CUDA Graph id 2867 reused
CUDA Graph id 2868 reused
CUDA Graph id 2867 reused
CUDA Graph id 2868 reused
CUDA Graph id 2867 reused
CUDA Graph id 2868 reused
CUDA Graph id 2867 reused
CUDA Graph id 2868 reused
CUDA Graph id 2867 reused
CUDA Graph id 2868 reused
CUDA Graph id 2867 reused
CUDA Graph id 2868 reused
CUDA Graph id 2867 reused
CUDA Graph id 2868 reused
CUDA Graph id 2867 reused
CUDA Graph id 2868 reused
CUDA Graph id 2867 reused
CUDA Graph id 2868 reused
llama_perf_context_print:        load time =     475.48 ms
llama_perf_context_print: prompt eval time =     162.70 ms /   137 tokens (    1.19 ms per token,   842.05 tokens per second)
llama_perf_context_print:        eval time =     189.11 ms /    13 runs   (   14.55 ms per token,    68.74 tokens per second)
llama_perf_context_print:       total time =     680.59 ms /   150 tokens
llama_perf_context_print:    graphs reused =         12
Llama.generate: 65 prefix-match found but partial kv removal not supported, re-evaluating full prompt
ggml_backend_cuda_graph_compute: CUDA graph warmup reset
ggml_backend_cuda_graph_compute: CUDA graph warmup reset
CUDA Graph id 2875 reused
ggml_backend_cuda_graph_compute: CUDA graph warmup complete
CUDA Graph id 2876 reused
ggml_backend_cuda_graph_compute: CUDA graph warmup complete
CUDA Graph id 2875 reused
CUDA Graph id 2876 reused
CUDA Graph id 2875 reused
CUDA Graph id 2876 reused
CUDA Graph id 2875 reused
CUDA Graph id 2876 reused
CUDA Graph id 2875 reused
CUDA Graph id 2876 reused
CUDA Graph id 2875 reused
CUDA Graph id 2876 reused
CUDA Graph id 2875 reused
CUDA Graph id 2876 reused
CUDA Graph id 2875 reused
CUDA Graph id 2876 reused
CUDA Graph id 2875 reused
CUDA Graph id 2876 reused
CUDA Graph id 2875 reused
CUDA Graph id 2876 reused
CUDA Graph id 2875 reused
CUDA Graph id 2876 reused
CUDA Graph id 2875 reused
CUDA Graph id 2876 reused
llama_perf_context_print:        load time =     475.48 ms
llama_perf_context_print: prompt eval time =     154.52 ms /   139 tokens (    1.11 ms per token,   899.57 tokens per second)
llama_perf_context_print:        eval time =     180.45 ms /    13 runs   (   13.88 ms per token,    72.04 tokens per second)
llama_perf_context_print:       total time =     662.04 ms /   152 tokens
llama_perf_context_print:    graphs reused =         12
Llama.generate: 65 prefix-match found but partial kv removal not supported, re-evaluating full prompt
ggml_backend_cuda_graph_compute: CUDA graph warmup reset
ggml_backend_cuda_graph_compute: CUDA graph warmup reset
CUDA Graph id 2883 reused
ggml_backend_cuda_graph_compute: CUDA graph warmup complete
CUDA Graph id 2884 reused
ggml_backend_cuda_graph_compute: CUDA graph warmup complete
CUDA Graph id 2883 reused
CUDA Graph id 2884 reused
CUDA Graph id 2883 reused
CUDA Graph id 2884 reused
CUDA Graph id 2883 reused
CUDA Graph id 2884 reused
CUDA Graph id 2883 reused
CUDA Graph id 2884 reused
CUDA Graph id 2883 reused
CUDA Graph id 2884 reused
CUDA Graph id 2883 reused
CUDA Graph id 2884 reused
CUDA Graph id 2883 reused
CUDA Graph id 2884 reused
CUDA Graph id 2883 reused
CUDA Graph id 2884 reused
CUDA Graph id 2883 reused
CUDA Graph id 2884 reused
CUDA Graph id 2883 reused
CUDA Graph id 2884 reused
CUDA Graph id 2883 reused
CUDA Graph id 2884 reused
llama_perf_context_print:        load time =     475.48 ms
llama_perf_context_print: prompt eval time =     141.68 ms /   136 tokens (    1.04 ms per token,   959.92 tokens per second)
llama_perf_context_print:        eval time =     179.08 ms /    13 runs   (   13.78 ms per token,    72.60 tokens per second)
llama_perf_context_print:       total time =     650.00 ms /   149 tokens
llama_perf_context_print:    graphs reused =         12
Llama.generate: 65 prefix-match found but partial kv removal not supported, re-evaluating full prompt
ggml_backend_cuda_graph_compute: CUDA graph warmup reset
ggml_backend_cuda_graph_compute: CUDA graph warmup reset
CUDA Graph id 2891 reused
ggml_backend_cuda_graph_compute: CUDA graph warmup complete
CUDA Graph id 2892 reused
ggml_backend_cuda_graph_compute: CUDA graph warmup complete
CUDA Graph id 2891 reused
CUDA Graph id 2892 reused
CUDA Graph id 2891 reused
CUDA Graph id 2892 reused
CUDA Graph id 2891 reused
CUDA Graph id 2892 reused
CUDA Graph id 2891 reused
CUDA Graph id 2892 reused
CUDA Graph id 2891 reused
CUDA Graph id 2892 reused
CUDA Graph id 2891 reused
CUDA Graph id 2892 reused
CUDA Graph id 2891 reused
CUDA Graph id 2892 reused
CUDA Graph id 2891 reused
CUDA Graph id 2892 reused
CUDA Graph id 2891 reused
CUDA Graph id 2892 reused
CUDA Graph id 2891 reused
CUDA Graph id 2892 reused
CUDA Graph id 2891 reused
CUDA Graph id 2892 reused
llama_perf_context_print:        load time =     475.48 ms
llama_perf_context_print: prompt eval time =     142.08 ms /   137 tokens (    1.04 ms per token,   964.23 tokens per second)
llama_perf_context_print:        eval time =     179.33 ms /    13 runs   (   13.79 ms per token,    72.49 tokens per second)
llama_perf_context_print:       total time =     650.73 ms /   150 tokens
llama_perf_context_print:    graphs reused =         12
Llama.generate: 65 prefix-match found but partial kv removal not supported, re-evaluating full prompt
ggml_backend_cuda_graph_compute: CUDA graph warmup reset
ggml_backend_cuda_graph_compute: CUDA graph warmup reset
CUDA Graph id 2899 reused
ggml_backend_cuda_graph_compute: CUDA graph warmup complete
CUDA Graph id 2900 reused
ggml_backend_cuda_graph_compute: CUDA graph warmup complete
CUDA Graph id 2899 reused
CUDA Graph id 2900 reused
CUDA Graph id 2899 reused
CUDA Graph id 2900 reused
CUDA Graph id 2899 reused
CUDA Graph id 2900 reused
CUDA Graph id 2899 reused
CUDA Graph id 2900 reused
CUDA Graph id 2899 reused
CUDA Graph id 2900 reused
CUDA Graph id 2899 reused
CUDA Graph id 2900 reused
CUDA Graph id 2899 reused
CUDA Graph id 2900 reused
CUDA Graph id 2899 reused
CUDA Graph id 2900 reused
CUDA Graph id 2899 reused
CUDA Graph id 2900 reused
CUDA Graph id 2899 reused
CUDA Graph id 2900 reused
CUDA Graph id 2899 reused
CUDA Graph id 2900 reused
llama_perf_context_print:        load time =     475.48 ms
llama_perf_context_print: prompt eval time =     150.61 ms /   136 tokens (    1.11 ms per token,   902.97 tokens per second)
llama_perf_context_print:        eval time =     182.24 ms /    13 runs   (   14.02 ms per token,    71.33 tokens per second)
llama_perf_context_print:       total time =     674.26 ms /   149 tokens
llama_perf_context_print:    graphs reused =         12
Llama.generate: 66 prefix-match found but partial kv removal not supported, re-evaluating full prompt
ggml_backend_cuda_graph_compute: CUDA graph warmup reset
ggml_backend_cuda_graph_compute: CUDA graph warmup reset
CUDA Graph id 2907 reused
ggml_backend_cuda_graph_compute: CUDA graph warmup complete
CUDA Graph id 2908 reused
ggml_backend_cuda_graph_compute: CUDA graph warmup complete
CUDA Graph id 2907 reused
CUDA Graph id 2908 reused
CUDA Graph id 2907 reused
CUDA Graph id 2908 reused
CUDA Graph id 2907 reused
CUDA Graph id 2908 reused
CUDA Graph id 2907 reused
CUDA Graph id 2908 reused
CUDA Graph id 2907 reused
CUDA Graph id 2908 reused
CUDA Graph id 2907 reused
CUDA Graph id 2908 reused
CUDA Graph id 2907 reused
CUDA Graph id 2908 reused
CUDA Graph id 2907 reused
CUDA Graph id 2908 reused
CUDA Graph id 2907 reused
CUDA Graph id 2908 reused
CUDA Graph id 2907 reused
CUDA Graph id 2908 reused
CUDA Graph id 2907 reused
CUDA Graph id 2908 reused
llama_perf_context_print:        load time =     475.48 ms
llama_perf_context_print: prompt eval time =     146.61 ms /   137 tokens (    1.07 ms per token,   934.45 tokens per second)
llama_perf_context_print:        eval time =     181.15 ms /    13 runs   (   13.93 ms per token,    71.76 tokens per second)
llama_perf_context_print:       total time =     661.49 ms /   150 tokens
llama_perf_context_print:    graphs reused =         12
Llama.generate: 66 prefix-match found but partial kv removal not supported, re-evaluating full prompt
ggml_backend_cuda_graph_compute: CUDA graph warmup reset
ggml_backend_cuda_graph_compute: CUDA graph warmup reset
CUDA Graph id 2915 reused
ggml_backend_cuda_graph_compute: CUDA graph warmup complete
CUDA Graph id 2916 reused
ggml_backend_cuda_graph_compute: CUDA graph warmup complete
CUDA Graph id 2915 reused
CUDA Graph id 2916 reused
CUDA Graph id 2915 reused
CUDA Graph id 2916 reused
CUDA Graph id 2915 reused
CUDA Graph id 2916 reused
CUDA Graph id 2915 reused
CUDA Graph id 2916 reused
CUDA Graph id 2915 reused
CUDA Graph id 2916 reused
CUDA Graph id 2915 reused
CUDA Graph id 2916 reused
CUDA Graph id 2915 reused
CUDA Graph id 2916 reused
CUDA Graph id 2915 reused
CUDA Graph id 2916 reused
CUDA Graph id 2915 reused
CUDA Graph id 2916 reused
CUDA Graph id 2915 reused
CUDA Graph id 2916 reused
CUDA Graph id 2915 reused
CUDA Graph id 2916 reused
llama_perf_context_print:        load time =     475.48 ms
llama_perf_context_print: prompt eval time =     146.08 ms /   137 tokens (    1.07 ms per token,   937.84 tokens per second)
llama_perf_context_print:        eval time =     182.08 ms /    13 runs   (   14.01 ms per token,    71.40 tokens per second)
llama_perf_context_print:       total time =     660.69 ms /   150 tokens
llama_perf_context_print:    graphs reused =         12
Llama.generate: 66 prefix-match found but partial kv removal not supported, re-evaluating full prompt
ggml_backend_cuda_graph_compute: CUDA graph warmup reset
ggml_backend_cuda_graph_compute: CUDA graph warmup reset
CUDA Graph id 2923 reused
ggml_backend_cuda_graph_compute: CUDA graph warmup complete
CUDA Graph id 2924 reused
ggml_backend_cuda_graph_compute: CUDA graph warmup complete
CUDA Graph id 2923 reused
CUDA Graph id 2924 reused
CUDA Graph id 2923 reused
CUDA Graph id 2924 reused
CUDA Graph id 2923 reused
CUDA Graph id 2924 reused
CUDA Graph id 2923 reused
CUDA Graph id 2924 reused
CUDA Graph id 2923 reused
CUDA Graph id 2924 reused
CUDA Graph id 2923 reused
CUDA Graph id 2924 reused
CUDA Graph id 2923 reused
CUDA Graph id 2924 reused
CUDA Graph id 2923 reused
CUDA Graph id 2924 reused
CUDA Graph id 2923 reused
CUDA Graph id 2924 reused
CUDA Graph id 2923 reused
CUDA Graph id 2924 reused
CUDA Graph id 2923 reused
CUDA Graph id 2924 reused
llama_perf_context_print:        load time =     475.48 ms
llama_perf_context_print: prompt eval time =     154.42 ms /   136 tokens (    1.14 ms per token,   880.73 tokens per second)
llama_perf_context_print:        eval time =     190.44 ms /    13 runs   (   14.65 ms per token,    68.26 tokens per second)
llama_perf_context_print:       total time =     673.25 ms /   149 tokens
llama_perf_context_print:    graphs reused =         12
Llama.generate: 65 prefix-match found but partial kv removal not supported, re-evaluating full prompt
ggml_backend_cuda_graph_compute: CUDA graph warmup reset
ggml_backend_cuda_graph_compute: CUDA graph warmup reset
CUDA Graph id 2931 reused
ggml_backend_cuda_graph_compute: CUDA graph warmup complete
CUDA Graph id 2932 reused
ggml_backend_cuda_graph_compute: CUDA graph warmup complete
CUDA Graph id 2931 reused
CUDA Graph id 2932 reused
CUDA Graph id 2931 reused
CUDA Graph id 2932 reused
CUDA Graph id 2931 reused
CUDA Graph id 2932 reused
CUDA Graph id 2931 reused
CUDA Graph id 2932 reused
CUDA Graph id 2931 reused
CUDA Graph id 2932 reused
CUDA Graph id 2931 reused
CUDA Graph id 2932 reused
CUDA Graph id 2931 reused
CUDA Graph id 2932 reused
CUDA Graph id 2931 reused
CUDA Graph id 2932 reused
CUDA Graph id 2931 reused
CUDA Graph id 2932 reused
CUDA Graph id 2931 reused
CUDA Graph id 2932 reused
CUDA Graph id 2931 reused
CUDA Graph id 2932 reused
llama_perf_context_print:        load time =     475.48 ms
llama_perf_context_print: prompt eval time =     177.92 ms /   139 tokens (    1.28 ms per token,   781.26 tokens per second)
llama_perf_context_print:        eval time =     182.71 ms /    13 runs   (   14.05 ms per token,    71.15 tokens per second)
llama_perf_context_print:       total time =     699.16 ms /   152 tokens
llama_perf_context_print:    graphs reused =         12
Llama.generate: 66 prefix-match found but partial kv removal not supported, re-evaluating full prompt
ggml_backend_cuda_graph_compute: CUDA graph warmup reset
ggml_backend_cuda_graph_compute: CUDA graph warmup reset
CUDA Graph id 2939 reused
ggml_backend_cuda_graph_compute: CUDA graph warmup complete
CUDA Graph id 2940 reused
ggml_backend_cuda_graph_compute: CUDA graph warmup complete
CUDA Graph id 2939 reused
CUDA Graph id 2940 reused
CUDA Graph id 2939 reused
CUDA Graph id 2940 reused
CUDA Graph id 2939 reused
CUDA Graph id 2940 reused
CUDA Graph id 2939 reused
CUDA Graph id 2940 reused
CUDA Graph id 2939 reused
CUDA Graph id 2940 reused
CUDA Graph id 2939 reused
CUDA Graph id 2940 reused
CUDA Graph id 2939 reused
CUDA Graph id 2940 reused
CUDA Graph id 2939 reused
CUDA Graph id 2940 reused
CUDA Graph id 2939 reused
CUDA Graph id 2940 reused
CUDA Graph id 2939 reused
CUDA Graph id 2940 reused
CUDA Graph id 2939 reused
CUDA Graph id 2940 reused
CUDA Graph id 2939 reused
CUDA Graph id 2940 reused
llama_perf_context_print:        load time =     475.48 ms
llama_perf_context_print: prompt eval time =     146.97 ms /   140 tokens (    1.05 ms per token,   952.61 tokens per second)
llama_perf_context_print:        eval time =     194.53 ms /    14 runs   (   13.90 ms per token,    71.97 tokens per second)
llama_perf_context_print:       total time =     707.91 ms /   154 tokens
llama_perf_context_print:    graphs reused =         13
Llama.generate: 66 prefix-match found but partial kv removal not supported, re-evaluating full prompt
ggml_backend_cuda_graph_compute: CUDA graph warmup reset
ggml_backend_cuda_graph_compute: CUDA graph warmup reset
CUDA Graph id 2947 reused
ggml_backend_cuda_graph_compute: CUDA graph warmup complete
CUDA Graph id 2948 reused
ggml_backend_cuda_graph_compute: CUDA graph warmup complete
CUDA Graph id 2947 reused
CUDA Graph id 2948 reused
CUDA Graph id 2947 reused
CUDA Graph id 2948 reused
CUDA Graph id 2947 reused
CUDA Graph id 2948 reused
CUDA Graph id 2947 reused
CUDA Graph id 2948 reused
CUDA Graph id 2947 reused
CUDA Graph id 2948 reused
CUDA Graph id 2947 reused
CUDA Graph id 2948 reused
CUDA Graph id 2947 reused
CUDA Graph id 2948 reused
CUDA Graph id 2947 reused
CUDA Graph id 2948 reused
CUDA Graph id 2947 reused
CUDA Graph id 2948 reused
CUDA Graph id 2947 reused
CUDA Graph id 2948 reused
CUDA Graph id 2947 reused
CUDA Graph id 2948 reused
llama_perf_context_print:        load time =     475.48 ms
llama_perf_context_print: prompt eval time =     146.20 ms /   139 tokens (    1.05 ms per token,   950.75 tokens per second)
llama_perf_context_print:        eval time =     181.82 ms /    13 runs   (   13.99 ms per token,    71.50 tokens per second)
llama_perf_context_print:       total time =     658.53 ms /   152 tokens
llama_perf_context_print:    graphs reused =         12
Llama.generate: 65 prefix-match found but partial kv removal not supported, re-evaluating full prompt
ggml_backend_cuda_graph_compute: CUDA graph warmup reset
ggml_backend_cuda_graph_compute: CUDA graph warmup reset
CUDA Graph id 2955 reused
ggml_backend_cuda_graph_compute: CUDA graph warmup complete
CUDA Graph id 2956 reused
ggml_backend_cuda_graph_compute: CUDA graph warmup complete
CUDA Graph id 2955 reused
CUDA Graph id 2956 reused
CUDA Graph id 2955 reused
CUDA Graph id 2956 reused
CUDA Graph id 2955 reused
CUDA Graph id 2956 reused
CUDA Graph id 2955 reused
CUDA Graph id 2956 reused
CUDA Graph id 2955 reused
CUDA Graph id 2956 reused
CUDA Graph id 2955 reused
CUDA Graph id 2956 reused
CUDA Graph id 2955 reused
CUDA Graph id 2956 reused
CUDA Graph id 2955 reused
CUDA Graph id 2956 reused
CUDA Graph id 2955 reused
CUDA Graph id 2956 reused
CUDA Graph id 2955 reused
CUDA Graph id 2956 reused
CUDA Graph id 2955 reused
CUDA Graph id 2956 reused
llama_perf_context_print:        load time =     475.48 ms
llama_perf_context_print: prompt eval time =     158.06 ms /   137 tokens (    1.15 ms per token,   866.75 tokens per second)
llama_perf_context_print:        eval time =     181.83 ms /    13 runs   (   13.99 ms per token,    71.50 tokens per second)
llama_perf_context_print:       total time =     673.12 ms /   150 tokens
llama_perf_context_print:    graphs reused =         12
Llama.generate: 66 prefix-match found but partial kv removal not supported, re-evaluating full prompt
ggml_backend_cuda_graph_compute: CUDA graph warmup reset
ggml_backend_cuda_graph_compute: CUDA graph warmup reset
CUDA Graph id 2963 reused
ggml_backend_cuda_graph_compute: CUDA graph warmup complete
CUDA Graph id 2964 reused
ggml_backend_cuda_graph_compute: CUDA graph warmup complete
CUDA Graph id 2963 reused
CUDA Graph id 2964 reused
CUDA Graph id 2963 reused
CUDA Graph id 2964 reused
CUDA Graph id 2963 reused
CUDA Graph id 2964 reused
CUDA Graph id 2963 reused
CUDA Graph id 2964 reused
CUDA Graph id 2963 reused
CUDA Graph id 2964 reused
CUDA Graph id 2963 reused
CUDA Graph id 2964 reused
CUDA Graph id 2963 reused
CUDA Graph id 2964 reused
CUDA Graph id 2963 reused
CUDA Graph id 2964 reused
CUDA Graph id 2963 reused
CUDA Graph id 2964 reused
CUDA Graph id 2963 reused
CUDA Graph id 2964 reused
CUDA Graph id 2963 reused
CUDA Graph id 2964 reused
llama_perf_context_print:        load time =     475.48 ms
llama_perf_context_print: prompt eval time =     142.55 ms /   136 tokens (    1.05 ms per token,   954.06 tokens per second)
llama_perf_context_print:        eval time =     181.33 ms /    13 runs   (   13.95 ms per token,    71.69 tokens per second)
llama_perf_context_print:       total time =     652.77 ms /   149 tokens
llama_perf_context_print:    graphs reused =         12
Llama.generate: 66 prefix-match found but partial kv removal not supported, re-evaluating full prompt
ggml_backend_cuda_graph_compute: CUDA graph warmup reset
ggml_backend_cuda_graph_compute: CUDA graph warmup reset
CUDA Graph id 2971 reused
ggml_backend_cuda_graph_compute: CUDA graph warmup complete
CUDA Graph id 2972 reused
ggml_backend_cuda_graph_compute: CUDA graph warmup complete
CUDA Graph id 2971 reused
CUDA Graph id 2972 reused
CUDA Graph id 2971 reused
CUDA Graph id 2972 reused
CUDA Graph id 2971 reused
CUDA Graph id 2972 reused
CUDA Graph id 2971 reused
CUDA Graph id 2972 reused
CUDA Graph id 2971 reused
CUDA Graph id 2972 reused
CUDA Graph id 2971 reused
CUDA Graph id 2972 reused
CUDA Graph id 2971 reused
CUDA Graph id 2972 reused
CUDA Graph id 2971 reused
CUDA Graph id 2972 reused
CUDA Graph id 2971 reused
CUDA Graph id 2972 reused
CUDA Graph id 2971 reused
CUDA Graph id 2972 reused
CUDA Graph id 2971 reused
CUDA Graph id 2972 reused
llama_perf_context_print:        load time =     475.48 ms
llama_perf_context_print: prompt eval time =     154.35 ms /   138 tokens (    1.12 ms per token,   894.10 tokens per second)
llama_perf_context_print:        eval time =     190.65 ms /    13 runs   (   14.67 ms per token,    68.19 tokens per second)
llama_perf_context_print:       total time =     684.82 ms /   151 tokens
llama_perf_context_print:    graphs reused =         12
Llama.generate: 65 prefix-match found but partial kv removal not supported, re-evaluating full prompt
ggml_backend_cuda_graph_compute: CUDA graph warmup reset
ggml_backend_cuda_graph_compute: CUDA graph warmup reset
CUDA Graph id 2979 reused
ggml_backend_cuda_graph_compute: CUDA graph warmup complete
CUDA Graph id 2980 reused
ggml_backend_cuda_graph_compute: CUDA graph warmup complete
CUDA Graph id 2979 reused
CUDA Graph id 2980 reused
CUDA Graph id 2979 reused
CUDA Graph id 2980 reused
CUDA Graph id 2979 reused
CUDA Graph id 2980 reused
CUDA Graph id 2979 reused
CUDA Graph id 2980 reused
CUDA Graph id 2979 reused
CUDA Graph id 2980 reused
CUDA Graph id 2979 reused
CUDA Graph id 2980 reused
CUDA Graph id 2979 reused
CUDA Graph id 2980 reused
CUDA Graph id 2979 reused
CUDA Graph id 2980 reused
CUDA Graph id 2979 reused
CUDA Graph id 2980 reused
CUDA Graph id 2979 reused
CUDA Graph id 2980 reused
CUDA Graph id 2979 reused
CUDA Graph id 2980 reused
llama_perf_context_print:        load time =     475.48 ms
llama_perf_context_print: prompt eval time =     177.26 ms /   138 tokens (    1.28 ms per token,   778.51 tokens per second)
llama_perf_context_print:        eval time =     182.74 ms /    13 runs   (   14.06 ms per token,    71.14 tokens per second)
llama_perf_context_print:       total time =     703.78 ms /   151 tokens
llama_perf_context_print:    graphs reused =         12
Llama.generate: 65 prefix-match found but partial kv removal not supported, re-evaluating full prompt
ggml_backend_cuda_graph_compute: CUDA graph warmup reset
ggml_backend_cuda_graph_compute: CUDA graph warmup reset
CUDA Graph id 2987 reused
ggml_backend_cuda_graph_compute: CUDA graph warmup complete
CUDA Graph id 2988 reused
ggml_backend_cuda_graph_compute: CUDA graph warmup complete
CUDA Graph id 2987 reused
CUDA Graph id 2988 reused
CUDA Graph id 2987 reused
CUDA Graph id 2988 reused
CUDA Graph id 2987 reused
CUDA Graph id 2988 reused
CUDA Graph id 2987 reused
CUDA Graph id 2988 reused
CUDA Graph id 2987 reused
CUDA Graph id 2988 reused
CUDA Graph id 2987 reused
CUDA Graph id 2988 reused
CUDA Graph id 2987 reused
CUDA Graph id 2988 reused
CUDA Graph id 2987 reused
CUDA Graph id 2988 reused
CUDA Graph id 2987 reused
CUDA Graph id 2988 reused
CUDA Graph id 2987 reused
CUDA Graph id 2988 reused
CUDA Graph id 2987 reused
CUDA Graph id 2988 reused
llama_perf_context_print:        load time =     475.48 ms
llama_perf_context_print: prompt eval time =     144.26 ms /   137 tokens (    1.05 ms per token,   949.68 tokens per second)
llama_perf_context_print:        eval time =     180.23 ms /    13 runs   (   13.86 ms per token,    72.13 tokens per second)
llama_perf_context_print:       total time =     667.70 ms /   150 tokens
llama_perf_context_print:    graphs reused =         12
Llama.generate: 65 prefix-match found but partial kv removal not supported, re-evaluating full prompt
ggml_backend_cuda_graph_compute: CUDA graph warmup reset
ggml_backend_cuda_graph_compute: CUDA graph warmup reset
CUDA Graph id 2995 reused
ggml_backend_cuda_graph_compute: CUDA graph warmup complete
CUDA Graph id 2996 reused
ggml_backend_cuda_graph_compute: CUDA graph warmup complete
CUDA Graph id 2995 reused
CUDA Graph id 2996 reused
CUDA Graph id 2995 reused
CUDA Graph id 2996 reused
CUDA Graph id 2995 reused
CUDA Graph id 2996 reused
CUDA Graph id 2995 reused
CUDA Graph id 2996 reused
CUDA Graph id 2995 reused
CUDA Graph id 2996 reused
CUDA Graph id 2995 reused
CUDA Graph id 2996 reused
CUDA Graph id 2995 reused
CUDA Graph id 2996 reused
CUDA Graph id 2995 reused
CUDA Graph id 2996 reused
CUDA Graph id 2995 reused
CUDA Graph id 2996 reused
CUDA Graph id 2995 reused
CUDA Graph id 2996 reused
CUDA Graph id 2995 reused
CUDA Graph id 2996 reused
llama_perf_context_print:        load time =     475.48 ms
llama_perf_context_print: prompt eval time =     145.01 ms /   139 tokens (    1.04 ms per token,   958.57 tokens per second)
llama_perf_context_print:        eval time =     183.40 ms /    13 runs   (   14.11 ms per token,    70.88 tokens per second)
llama_perf_context_print:       total time =     657.31 ms /   152 tokens
llama_perf_context_print:    graphs reused =         12
Llama.generate: 65 prefix-match found but partial kv removal not supported, re-evaluating full prompt
ggml_backend_cuda_graph_compute: CUDA graph warmup reset
ggml_backend_cuda_graph_compute: CUDA graph warmup reset
CUDA Graph id 3003 reused
ggml_backend_cuda_graph_compute: CUDA graph warmup complete
CUDA Graph id 3004 reused
ggml_backend_cuda_graph_compute: CUDA graph warmup complete
CUDA Graph id 3003 reused
CUDA Graph id 3004 reused
CUDA Graph id 3003 reused
CUDA Graph id 3004 reused
CUDA Graph id 3003 reused
CUDA Graph id 3004 reused
CUDA Graph id 3003 reused
CUDA Graph id 3004 reused
CUDA Graph id 3003 reused
CUDA Graph id 3004 reused
CUDA Graph id 3003 reused
CUDA Graph id 3004 reused
CUDA Graph id 3003 reused
CUDA Graph id 3004 reused
CUDA Graph id 3003 reused
CUDA Graph id 3004 reused
CUDA Graph id 3003 reused
CUDA Graph id 3004 reused
CUDA Graph id 3003 reused
CUDA Graph id 3004 reused
CUDA Graph id 3003 reused
CUDA Graph id 3004 reused
llama_perf_context_print:        load time =     475.48 ms
llama_perf_context_print: prompt eval time =     163.87 ms /   138 tokens (    1.19 ms per token,   842.12 tokens per second)
llama_perf_context_print:        eval time =     182.05 ms /    13 runs   (   14.00 ms per token,    71.41 tokens per second)
llama_perf_context_print:       total time =     686.23 ms /   151 tokens
llama_perf_context_print:    graphs reused =         12
Llama.generate: 65 prefix-match found but partial kv removal not supported, re-evaluating full prompt
ggml_backend_cuda_graph_compute: CUDA graph warmup reset
ggml_backend_cuda_graph_compute: CUDA graph warmup reset
CUDA Graph id 3011 reused
ggml_backend_cuda_graph_compute: CUDA graph warmup complete
CUDA Graph id 3012 reused
ggml_backend_cuda_graph_compute: CUDA graph warmup complete
CUDA Graph id 3011 reused
CUDA Graph id 3012 reused
CUDA Graph id 3011 reused
CUDA Graph id 3012 reused
CUDA Graph id 3011 reused
CUDA Graph id 3012 reused
CUDA Graph id 3011 reused
CUDA Graph id 3012 reused
CUDA Graph id 3011 reused
CUDA Graph id 3012 reused
CUDA Graph id 3011 reused
CUDA Graph id 3012 reused
CUDA Graph id 3011 reused
CUDA Graph id 3012 reused
CUDA Graph id 3011 reused
CUDA Graph id 3012 reused
CUDA Graph id 3011 reused
CUDA Graph id 3012 reused
CUDA Graph id 3011 reused
CUDA Graph id 3012 reused
CUDA Graph id 3011 reused
CUDA Graph id 3012 reused
llama_perf_context_print:        load time =     475.48 ms
llama_perf_context_print: prompt eval time =     148.09 ms /   139 tokens (    1.07 ms per token,   938.59 tokens per second)
llama_perf_context_print:        eval time =     179.47 ms /    13 runs   (   13.80 ms per token,    72.44 tokens per second)
llama_perf_context_print:       total time =     658.65 ms /   152 tokens
llama_perf_context_print:    graphs reused =         12
Llama.generate: 65 prefix-match found but partial kv removal not supported, re-evaluating full prompt
ggml_backend_cuda_graph_compute: CUDA graph warmup reset
ggml_backend_cuda_graph_compute: CUDA graph warmup reset
CUDA Graph id 3019 reused
ggml_backend_cuda_graph_compute: CUDA graph warmup complete
CUDA Graph id 3020 reused
ggml_backend_cuda_graph_compute: CUDA graph warmup complete
CUDA Graph id 3019 reused
CUDA Graph id 3020 reused
CUDA Graph id 3019 reused
CUDA Graph id 3020 reused
CUDA Graph id 3019 reused
CUDA Graph id 3020 reused
CUDA Graph id 3019 reused
CUDA Graph id 3020 reused
CUDA Graph id 3019 reused
CUDA Graph id 3020 reused
CUDA Graph id 3019 reused
CUDA Graph id 3020 reused
CUDA Graph id 3019 reused
CUDA Graph id 3020 reused
CUDA Graph id 3019 reused
CUDA Graph id 3020 reused
CUDA Graph id 3019 reused
CUDA Graph id 3020 reused
CUDA Graph id 3019 reused
CUDA Graph id 3020 reused
CUDA Graph id 3019 reused
CUDA Graph id 3020 reused
llama_perf_context_print:        load time =     475.48 ms
llama_perf_context_print: prompt eval time =     154.11 ms /   136 tokens (    1.13 ms per token,   882.48 tokens per second)
llama_perf_context_print:        eval time =     178.89 ms /    13 runs   (   13.76 ms per token,    72.67 tokens per second)
llama_perf_context_print:       total time =     674.35 ms /   149 tokens
llama_perf_context_print:    graphs reused =         12
Llama.generate: 66 prefix-match found but partial kv removal not supported, re-evaluating full prompt
ggml_backend_cuda_graph_compute: CUDA graph warmup reset
ggml_backend_cuda_graph_compute: CUDA graph warmup reset
CUDA Graph id 3027 reused
ggml_backend_cuda_graph_compute: CUDA graph warmup complete
CUDA Graph id 3028 reused
ggml_backend_cuda_graph_compute: CUDA graph warmup complete
CUDA Graph id 3027 reused
CUDA Graph id 3028 reused
CUDA Graph id 3027 reused
CUDA Graph id 3028 reused
CUDA Graph id 3027 reused
CUDA Graph id 3028 reused
CUDA Graph id 3027 reused
CUDA Graph id 3028 reused
CUDA Graph id 3027 reused
CUDA Graph id 3028 reused
CUDA Graph id 3027 reused
CUDA Graph id 3028 reused
CUDA Graph id 3027 reused
CUDA Graph id 3028 reused
CUDA Graph id 3027 reused
CUDA Graph id 3028 reused
CUDA Graph id 3027 reused
CUDA Graph id 3028 reused
CUDA Graph id 3027 reused
CUDA Graph id 3028 reused
CUDA Graph id 3027 reused
CUDA Graph id 3028 reused
llama_perf_context_print:        load time =     475.48 ms
llama_perf_context_print: prompt eval time =     138.37 ms /   137 tokens (    1.01 ms per token,   990.08 tokens per second)
llama_perf_context_print:        eval time =     175.68 ms /    13 runs   (   13.51 ms per token,    74.00 tokens per second)
llama_perf_context_print:       total time =     656.97 ms /   150 tokens
llama_perf_context_print:    graphs reused =         12
Llama.generate: 67 prefix-match found but partial kv removal not supported, re-evaluating full prompt
ggml_backend_cuda_graph_compute: CUDA graph warmup reset
ggml_backend_cuda_graph_compute: CUDA graph warmup reset
CUDA Graph id 3035 reused
ggml_backend_cuda_graph_compute: CUDA graph warmup complete
CUDA Graph id 3036 reused
ggml_backend_cuda_graph_compute: CUDA graph warmup complete
CUDA Graph id 3035 reused
CUDA Graph id 3036 reused
CUDA Graph id 3035 reused
CUDA Graph id 3036 reused
CUDA Graph id 3035 reused
CUDA Graph id 3036 reused
CUDA Graph id 3035 reused
CUDA Graph id 3036 reused
CUDA Graph id 3035 reused
CUDA Graph id 3036 reused
CUDA Graph id 3035 reused
CUDA Graph id 3036 reused
CUDA Graph id 3035 reused
CUDA Graph id 3036 reused
CUDA Graph id 3035 reused
CUDA Graph id 3036 reused
CUDA Graph id 3035 reused
CUDA Graph id 3036 reused
CUDA Graph id 3035 reused
CUDA Graph id 3036 reused
CUDA Graph id 3035 reused
CUDA Graph id 3036 reused
llama_perf_context_print:        load time =     475.48 ms
llama_perf_context_print: prompt eval time =     137.73 ms /   138 tokens (    1.00 ms per token,  1001.95 tokens per second)
llama_perf_context_print:        eval time =     173.28 ms /    13 runs   (   13.33 ms per token,    75.02 tokens per second)
llama_perf_context_print:       total time =     654.82 ms /   151 tokens
llama_perf_context_print:    graphs reused =         12
Llama.generate: 66 prefix-match found but partial kv removal not supported, re-evaluating full prompt
ggml_backend_cuda_graph_compute: CUDA graph warmup reset
ggml_backend_cuda_graph_compute: CUDA graph warmup reset
CUDA Graph id 3043 reused
ggml_backend_cuda_graph_compute: CUDA graph warmup complete
CUDA Graph id 3044 reused
ggml_backend_cuda_graph_compute: CUDA graph warmup complete
CUDA Graph id 3043 reused
CUDA Graph id 3044 reused
CUDA Graph id 3043 reused
CUDA Graph id 3044 reused
CUDA Graph id 3043 reused
CUDA Graph id 3044 reused
CUDA Graph id 3043 reused
CUDA Graph id 3044 reused
CUDA Graph id 3043 reused
CUDA Graph id 3044 reused
CUDA Graph id 3043 reused
CUDA Graph id 3044 reused
CUDA Graph id 3043 reused
CUDA Graph id 3044 reused
CUDA Graph id 3043 reused
CUDA Graph id 3044 reused
CUDA Graph id 3043 reused
CUDA Graph id 3044 reused
CUDA Graph id 3043 reused
CUDA Graph id 3044 reused
CUDA Graph id 3043 reused
CUDA Graph id 3044 reused
llama_perf_context_print:        load time =     475.48 ms
llama_perf_context_print: prompt eval time =     134.72 ms /   138 tokens (    0.98 ms per token,  1024.32 tokens per second)
llama_perf_context_print:        eval time =     173.05 ms /    13 runs   (   13.31 ms per token,    75.12 tokens per second)
llama_perf_context_print:       total time =     639.17 ms /   151 tokens
llama_perf_context_print:    graphs reused =         12
Llama.generate: 66 prefix-match found but partial kv removal not supported, re-evaluating full prompt
ggml_backend_cuda_graph_compute: CUDA graph warmup reset
ggml_backend_cuda_graph_compute: CUDA graph warmup reset
CUDA Graph id 3051 reused
ggml_backend_cuda_graph_compute: CUDA graph warmup complete
CUDA Graph id 3052 reused
ggml_backend_cuda_graph_compute: CUDA graph warmup complete
CUDA Graph id 3051 reused
CUDA Graph id 3052 reused
CUDA Graph id 3051 reused
CUDA Graph id 3052 reused
CUDA Graph id 3051 reused
CUDA Graph id 3052 reused
CUDA Graph id 3051 reused
CUDA Graph id 3052 reused
CUDA Graph id 3051 reused
CUDA Graph id 3052 reused
CUDA Graph id 3051 reused
CUDA Graph id 3052 reused
CUDA Graph id 3051 reused
CUDA Graph id 3052 reused
CUDA Graph id 3051 reused
CUDA Graph id 3052 reused
CUDA Graph id 3051 reused
CUDA Graph id 3052 reused
CUDA Graph id 3051 reused
CUDA Graph id 3052 reused
CUDA Graph id 3051 reused
CUDA Graph id 3052 reused
llama_perf_context_print:        load time =     475.48 ms
llama_perf_context_print: prompt eval time =     133.96 ms /   137 tokens (    0.98 ms per token,  1022.72 tokens per second)
llama_perf_context_print:        eval time =     170.71 ms /    13 runs   (   13.13 ms per token,    76.15 tokens per second)
llama_perf_context_print:       total time =     638.62 ms /   150 tokens
llama_perf_context_print:    graphs reused =         12
Llama.generate: 65 prefix-match found but partial kv removal not supported, re-evaluating full prompt
ggml_backend_cuda_graph_compute: CUDA graph warmup reset
ggml_backend_cuda_graph_compute: CUDA graph warmup reset
CUDA Graph id 3059 reused
ggml_backend_cuda_graph_compute: CUDA graph warmup complete
CUDA Graph id 3060 reused
ggml_backend_cuda_graph_compute: CUDA graph warmup complete
CUDA Graph id 3059 reused
CUDA Graph id 3060 reused
CUDA Graph id 3059 reused
CUDA Graph id 3060 reused
CUDA Graph id 3059 reused
CUDA Graph id 3060 reused
CUDA Graph id 3059 reused
CUDA Graph id 3060 reused
CUDA Graph id 3059 reused
CUDA Graph id 3060 reused
CUDA Graph id 3059 reused
CUDA Graph id 3060 reused
CUDA Graph id 3059 reused
CUDA Graph id 3060 reused
CUDA Graph id 3059 reused
CUDA Graph id 3060 reused
CUDA Graph id 3059 reused
CUDA Graph id 3060 reused
CUDA Graph id 3059 reused
CUDA Graph id 3060 reused
CUDA Graph id 3059 reused
CUDA Graph id 3060 reused
llama_perf_context_print:        load time =     475.48 ms
llama_perf_context_print: prompt eval time =     130.36 ms /   138 tokens (    0.94 ms per token,  1058.60 tokens per second)
llama_perf_context_print:        eval time =     170.15 ms /    13 runs   (   13.09 ms per token,    76.40 tokens per second)
llama_perf_context_print:       total time =     633.60 ms /   151 tokens
llama_perf_context_print:    graphs reused =         12
Llama.generate: 66 prefix-match found but partial kv removal not supported, re-evaluating full prompt
ggml_backend_cuda_graph_compute: CUDA graph warmup reset
ggml_backend_cuda_graph_compute: CUDA graph warmup reset
CUDA Graph id 3067 reused
ggml_backend_cuda_graph_compute: CUDA graph warmup complete
CUDA Graph id 3068 reused
ggml_backend_cuda_graph_compute: CUDA graph warmup complete
CUDA Graph id 3067 reused
CUDA Graph id 3068 reused
CUDA Graph id 3067 reused
CUDA Graph id 3068 reused
CUDA Graph id 3067 reused
CUDA Graph id 3068 reused
CUDA Graph id 3067 reused
CUDA Graph id 3068 reused
CUDA Graph id 3067 reused
CUDA Graph id 3068 reused
CUDA Graph id 3067 reused
CUDA Graph id 3068 reused
CUDA Graph id 3067 reused
CUDA Graph id 3068 reused
CUDA Graph id 3067 reused
CUDA Graph id 3068 reused
CUDA Graph id 3067 reused
CUDA Graph id 3068 reused
CUDA Graph id 3067 reused
CUDA Graph id 3068 reused
CUDA Graph id 3067 reused
CUDA Graph id 3068 reused
llama_perf_context_print:        load time =     475.48 ms
llama_perf_context_print: prompt eval time =     130.34 ms /   138 tokens (    0.94 ms per token,  1058.76 tokens per second)
llama_perf_context_print:        eval time =     171.94 ms /    13 runs   (   13.23 ms per token,    75.61 tokens per second)
llama_perf_context_print:       total time =     639.68 ms /   151 tokens
llama_perf_context_print:    graphs reused =         12
Llama.generate: 65 prefix-match found but partial kv removal not supported, re-evaluating full prompt
ggml_backend_cuda_graph_compute: CUDA graph warmup reset
ggml_backend_cuda_graph_compute: CUDA graph warmup reset
CUDA Graph id 3075 reused
ggml_backend_cuda_graph_compute: CUDA graph warmup complete
CUDA Graph id 3076 reused
ggml_backend_cuda_graph_compute: CUDA graph warmup complete
CUDA Graph id 3075 reused
CUDA Graph id 3076 reused
CUDA Graph id 3075 reused
CUDA Graph id 3076 reused
CUDA Graph id 3075 reused
CUDA Graph id 3076 reused
CUDA Graph id 3075 reused
CUDA Graph id 3076 reused
CUDA Graph id 3075 reused
CUDA Graph id 3076 reused
CUDA Graph id 3075 reused
CUDA Graph id 3076 reused
CUDA Graph id 3075 reused
CUDA Graph id 3076 reused
CUDA Graph id 3075 reused
CUDA Graph id 3076 reused
CUDA Graph id 3075 reused
CUDA Graph id 3076 reused
CUDA Graph id 3075 reused
CUDA Graph id 3076 reused
CUDA Graph id 3075 reused
CUDA Graph id 3076 reused
llama_perf_context_print:        load time =     475.48 ms
llama_perf_context_print: prompt eval time =     142.38 ms /   136 tokens (    1.05 ms per token,   955.16 tokens per second)
llama_perf_context_print:        eval time =     173.62 ms /    13 runs   (   13.36 ms per token,    74.88 tokens per second)
llama_perf_context_print:       total time =     658.67 ms /   149 tokens
llama_perf_context_print:    graphs reused =         12
Llama.generate: 66 prefix-match found but partial kv removal not supported, re-evaluating full prompt
ggml_backend_cuda_graph_compute: CUDA graph warmup reset
ggml_backend_cuda_graph_compute: CUDA graph warmup reset
CUDA Graph id 3083 reused
ggml_backend_cuda_graph_compute: CUDA graph warmup complete
CUDA Graph id 3084 reused
ggml_backend_cuda_graph_compute: CUDA graph warmup complete
CUDA Graph id 3083 reused
CUDA Graph id 3084 reused
CUDA Graph id 3083 reused
CUDA Graph id 3084 reused
CUDA Graph id 3083 reused
CUDA Graph id 3084 reused
CUDA Graph id 3083 reused
CUDA Graph id 3084 reused
CUDA Graph id 3083 reused
CUDA Graph id 3084 reused
CUDA Graph id 3083 reused
CUDA Graph id 3084 reused
CUDA Graph id 3083 reused
CUDA Graph id 3084 reused
CUDA Graph id 3083 reused
CUDA Graph id 3084 reused
CUDA Graph id 3083 reused
CUDA Graph id 3084 reused
CUDA Graph id 3083 reused
CUDA Graph id 3084 reused
CUDA Graph id 3083 reused
CUDA Graph id 3084 reused
llama_perf_context_print:        load time =     475.48 ms
llama_perf_context_print: prompt eval time =     134.74 ms /   137 tokens (    0.98 ms per token,  1016.75 tokens per second)
llama_perf_context_print:        eval time =     170.31 ms /    13 runs   (   13.10 ms per token,    76.33 tokens per second)
llama_perf_context_print:       total time =     632.61 ms /   150 tokens
llama_perf_context_print:    graphs reused =         12
Llama.generate: 67 prefix-match found but partial kv removal not supported, re-evaluating full prompt
ggml_backend_cuda_graph_compute: CUDA graph warmup reset
ggml_backend_cuda_graph_compute: CUDA graph warmup reset
CUDA Graph id 3091 reused
ggml_backend_cuda_graph_compute: CUDA graph warmup complete
CUDA Graph id 3092 reused
ggml_backend_cuda_graph_compute: CUDA graph warmup complete
CUDA Graph id 3091 reused
CUDA Graph id 3092 reused
CUDA Graph id 3091 reused
CUDA Graph id 3092 reused
CUDA Graph id 3091 reused
CUDA Graph id 3092 reused
CUDA Graph id 3091 reused
CUDA Graph id 3092 reused
CUDA Graph id 3091 reused
CUDA Graph id 3092 reused
CUDA Graph id 3091 reused
CUDA Graph id 3092 reused
CUDA Graph id 3091 reused
CUDA Graph id 3092 reused
CUDA Graph id 3091 reused
CUDA Graph id 3092 reused
CUDA Graph id 3091 reused
CUDA Graph id 3092 reused
CUDA Graph id 3091 reused
CUDA Graph id 3092 reused
CUDA Graph id 3091 reused
CUDA Graph id 3092 reused
llama_perf_context_print:        load time =     475.48 ms
llama_perf_context_print: prompt eval time =     135.83 ms /   137 tokens (    0.99 ms per token,  1008.62 tokens per second)
llama_perf_context_print:        eval time =     176.21 ms /    13 runs   (   13.55 ms per token,    73.78 tokens per second)
llama_perf_context_print:       total time =     641.83 ms /   150 tokens
llama_perf_context_print:    graphs reused =         12
~llama_context:      CUDA0 compute buffer size is 140.0474 MiB, matches expectation of 140.0474 MiB
~llama_context:      CUDA1 compute buffer size is 537.0552 MiB, matches expectation of 537.0552 MiB
~llama_context:  CUDA_Host compute buffer size is  32.0625 MiB, matches expectation of  32.0625 MiB
