ggml_cuda_init: found 2 CUDA devices (Total VRAM: 48247 MiB):
  Device 0: NVIDIA GeForce RTX 3090, compute capability 8.6, VMM: yes, VRAM: 24123 MiB
  Device 1: NVIDIA GeForce RTX 3090, compute capability 8.6, VMM: yes, VRAM: 24123 MiB
llama_model_loader: loaded meta data with 57 key-value pairs and 833 tensors from /home/ianblenke/.cache/huggingface/hub/models--unsloth--gemma-4-31B-it-GGUF/snapshots/f130ba51393346288f5862e30e9586b9b021513f/gemma-4-31B-it-Q4_K_M.gguf (version GGUF V3 (latest))
llama_model_loader: Dumping metadata keys/values. Note: KV overrides do not apply in this output.
llama_model_loader: - kv   0:                       general.architecture str              = gemma4
llama_model_loader: - kv   1:                               general.type str              = model
llama_model_loader: - kv   2:                     general.sampling.top_k i32              = 64
llama_model_loader: - kv   3:                     general.sampling.top_p f32              = 0.950000
llama_model_loader: - kv   4:                      general.sampling.temp f32              = 1.000000
llama_model_loader: - kv   5:                               general.name str              = Gemma-4-31B-It
llama_model_loader: - kv   6:                           general.finetune str              = it
llama_model_loader: - kv   7:                           general.basename str              = Gemma-4-31B-It
llama_model_loader: - kv   8:                       general.quantized_by str              = Unsloth
llama_model_loader: - kv   9:                         general.size_label str              = 31B
llama_model_loader: - kv  10:                            general.license str              = apache-2.0
llama_model_loader: - kv  11:                       general.license.link str              = https://ai.google.dev/gemma/docs/gemm...
llama_model_loader: - kv  12:                           general.repo_url str              = https://huggingface.co/unsloth
llama_model_loader: - kv  13:                   general.base_model.count u32              = 1
llama_model_loader: - kv  14:                  general.base_model.0.name str              = Gemma 4 31B It
llama_model_loader: - kv  15:          general.base_model.0.organization str              = Google
llama_model_loader: - kv  16:              general.base_model.0.repo_url str              = https://huggingface.co/google/gemma-4...
llama_model_loader: - kv  17:                               general.tags arr[str,2]       = ["unsloth", "image-text-to-text"]
llama_model_loader: - kv  18:                         gemma4.block_count u32              = 60
llama_model_loader: - kv  19:                      gemma4.context_length u32              = 262144
llama_model_loader: - kv  20:                    gemma4.embedding_length u32              = 5376
llama_model_loader: - kv  21:                 gemma4.feed_forward_length u32              = 21504
llama_model_loader: - kv  22:                gemma4.attention.head_count u32              = 32
llama_model_loader: - kv  23:             gemma4.attention.head_count_kv arr[i32,60]      = [16, 16, 16, 16, 16, 4, 16, 16, 16, 1...
llama_model_loader: - kv  24:                      gemma4.rope.freq_base f32              = 1000000.000000
llama_model_loader: - kv  25:                  gemma4.rope.freq_base_swa f32              = 10000.000000
llama_model_loader: - kv  26:    gemma4.attention.layer_norm_rms_epsilon f32              = 0.000001
llama_model_loader: - kv  27:                gemma4.attention.key_length u32              = 512
llama_model_loader: - kv  28:              gemma4.attention.value_length u32              = 512
llama_model_loader: - kv  29:             gemma4.final_logit_softcapping f32              = 30.000000
llama_model_loader: - kv  30:            gemma4.attention.sliding_window u32              = 1024
llama_model_loader: - kv  31:          gemma4.attention.shared_kv_layers u32              = 0
llama_model_loader: - kv  32:    gemma4.embedding_length_per_layer_input u32              = 0
llama_model_loader: - kv  33:    gemma4.attention.sliding_window_pattern arr[bool,60]     = [true, true, true, true, true, false,...
llama_model_loader: - kv  34:            gemma4.attention.key_length_swa u32              = 256
llama_model_loader: - kv  35:          gemma4.attention.value_length_swa u32              = 256
llama_model_loader: - kv  36:                gemma4.rope.dimension_count u32              = 512
llama_model_loader: - kv  37:            gemma4.rope.dimension_count_swa u32              = 256
llama_model_loader: - kv  38:                       tokenizer.ggml.model str              = gemma4
llama_model_loader: - kv  39:                      tokenizer.ggml.tokens arr[str,262144]  = ["<pad>", "<eos>", "<bos>", "<unk>", ...
llama_model_loader: - kv  40:                      tokenizer.ggml.scores arr[f32,262144]  = [-1000.000000, -1000.000000, -1000.00...
llama_model_loader: - kv  41:                  tokenizer.ggml.token_type arr[i32,262144]  = [3, 1, 3, 3, 3, 1, 1, 1, 1, 1, 1, 1, ...
llama_model_loader: - kv  42:                      tokenizer.ggml.merges arr[str,514906]  = ["\n\n\n\n\n\n\n\n\n\n\n\n\n\n\n\n\n\n\n\n\n\n\n\n\n\n\n\n\n\n \n", ...
llama_model_loader: - kv  43:                tokenizer.ggml.bos_token_id u32              = 2
llama_model_loader: - kv  44:                tokenizer.ggml.eos_token_id u32              = 106
llama_model_loader: - kv  45:            tokenizer.ggml.unknown_token_id u32              = 3
llama_model_loader: - kv  46:            tokenizer.ggml.padding_token_id u32              = 0
llama_model_loader: - kv  47:               tokenizer.ggml.mask_token_id u32              = 4
llama_model_loader: - kv  48:                    tokenizer.chat_template str              = {%- macro format_parameters(propertie...
llama_model_loader: - kv  49:            tokenizer.ggml.add_space_prefix bool             = false
llama_model_loader: - kv  50:               tokenizer.ggml.add_bos_token bool             = true
llama_model_loader: - kv  51:               general.quantization_version u32              = 2
llama_model_loader: - kv  52:                          general.file_type u32              = 15
llama_model_loader: - kv  53:                      quantize.imatrix.file str              = gemma-4-31B-it-GGUF/imatrix_unsloth.gguf
llama_model_loader: - kv  54:                   quantize.imatrix.dataset str              = unsloth_calibration_gemma-4-31B-it.txt
llama_model_loader: - kv  55:             quantize.imatrix.entries_count u32              = 410
llama_model_loader: - kv  56:              quantize.imatrix.chunks_count u32              = 141
llama_model_loader: - type  f32:  422 tensors
llama_model_loader: - type q4_K:  356 tensors
llama_model_loader: - type q6_K:   55 tensors
print_info: file format = GGUF V3 (latest)
print_info: file type   = Q4_K - Medium
print_info: file size   = 17.05 GiB (4.77 BPW) 
llama_prepare_model_devices: using device CUDA0 (NVIDIA GeForce RTX 3090) (0000:03:00.0) - 23597 MiB free
llama_prepare_model_devices: using device CUDA1 (NVIDIA GeForce RTX 3090) (0000:62:00.0) - 23597 MiB free
init_tokenizer: initializing tokenizer for type 2
load: 0 unused tokens
load: control token: 258884 '<|video|>' is not marked as EOG
load: control token: 255999 '<|image>' is not marked as EOG
load: control token: 258882 '<image|>' is not marked as EOG
load: control token: 258883 '<audio|>' is not marked as EOG
load: control token:     98 '<|think|>' is not marked as EOG
load: control token:    105 '<|turn>' is not marked as EOG
load: control token: 258880 '<|image|>' is not marked as EOG
load: control token:      2 '<bos>' is not marked as EOG
load: control-looking token:    212 '</s>' was not control-type; this is probably a bug in the model. its type will be overridden
load: control token:      0 '<pad>' is not marked as EOG
load: control-looking token:     50 '<|tool_response>' was not control-type; this is probably a bug in the model. its type will be overridden
load: control token:     46 '<|tool>' is not marked as EOG
load: control token:     47 '<tool|>' is not marked as EOG
load: control token: 256000 '<|audio>' is not marked as EOG
load: control token:      3 '<unk>' is not marked as EOG
load: control token: 258881 '<|audio|>' is not marked as EOG
load: control-looking token:      1 '<eos>' was not control-type; this is probably a bug in the model. its type will be overridden
load: control token:      4 '<mask>' is not marked as EOG
load: printing all EOG tokens:
load:   - 1 ('<eos>')
load:   - 50 ('<|tool_response>')
load:   - 106 ('<turn|>')
load:   - 212 ('</s>')
load: special_eog_ids contains '<|tool_response>', removing '</s>' token from EOG list
load: special tokens cache size = 24
load: token to piece cache size = 1.9445 MB
print_info: arch                  = gemma4
print_info: vocab_only            = 0
print_info: no_alloc              = 0
print_info: n_ctx_train           = 262144
print_info: n_embd_inp            = 5376
print_info: n_embd                = 5376
print_info: n_embd_out            = 5376
print_info: n_layer               = 60
print_info: n_layer_all           = 60
print_info: n_head                = 32
print_info: n_head_kv             = [16, 16, 16, 16, 16, 4, 16, 16, 16, 16, 16, 4, 16, 16, 16, 16, 16, 4, 16, 16, 16, 16, 16, 4, 16, 16, 16, 16, 16, 4, 16, 16, 16, 16, 16, 4, 16, 16, 16, 16, 16, 4, 16, 16, 16, 16, 16, 4, 16, 16, 16, 16, 16, 4, 16, 16, 16, 16, 16, 4]
print_info: n_rot                 = 512
print_info: n_swa                 = 1024
print_info: is_swa_any            = 1
print_info: n_embd_head_k         = 512
print_info: n_embd_head_v         = 512
print_info: n_gqa                 = [2, 2, 2, 2, 2, 8, 2, 2, 2, 2, 2, 8, 2, 2, 2, 2, 2, 8, 2, 2, 2, 2, 2, 8, 2, 2, 2, 2, 2, 8, 2, 2, 2, 2, 2, 8, 2, 2, 2, 2, 2, 8, 2, 2, 2, 2, 2, 8, 2, 2, 2, 2, 2, 8, 2, 2, 2, 2, 2, 8]
print_info: n_embd_k_gqa          = [4096, 4096, 4096, 4096, 4096, 2048, 4096, 4096, 4096, 4096, 4096, 2048, 4096, 4096, 4096, 4096, 4096, 2048, 4096, 4096, 4096, 4096, 4096, 2048, 4096, 4096, 4096, 4096, 4096, 2048, 4096, 4096, 4096, 4096, 4096, 2048, 4096, 4096, 4096, 4096, 4096, 2048, 4096, 4096, 4096, 4096, 4096, 2048, 4096, 4096, 4096, 4096, 4096, 2048, 4096, 4096, 4096, 4096, 4096, 2048]
print_info: n_embd_v_gqa          = [4096, 4096, 4096, 4096, 4096, 2048, 4096, 4096, 4096, 4096, 4096, 2048, 4096, 4096, 4096, 4096, 4096, 2048, 4096, 4096, 4096, 4096, 4096, 2048, 4096, 4096, 4096, 4096, 4096, 2048, 4096, 4096, 4096, 4096, 4096, 2048, 4096, 4096, 4096, 4096, 4096, 2048, 4096, 4096, 4096, 4096, 4096, 2048, 4096, 4096, 4096, 4096, 4096, 2048, 4096, 4096, 4096, 4096, 4096, 2048]
print_info: f_norm_eps            = 0.0e+00
print_info: f_norm_rms_eps        = 1.0e-06
print_info: f_clamp_kqv           = 0.0e+00
print_info: f_max_alibi_bias      = 0.0e+00
print_info: f_logit_scale         = 0.0e+00
print_info: f_attn_scale          = 1.0e+00
print_info: f_attn_value_scale    = 0.0000
print_info: n_ff                  = 21504
print_info: n_expert              = 0
print_info: n_expert_used         = 0
print_info: n_expert_groups       = 0
print_info: n_group_used          = 0
print_info: causal attn           = 1
print_info: pooling type          = -1
print_info: rope type             = 2
print_info: rope scaling          = linear
print_info: freq_base_train       = 1000000.0
print_info: freq_scale_train      = 1
print_info: freq_base_swa         = 10000.0
print_info: freq_scale_swa        = 1
print_info: n_embd_head_k_swa     = 256
print_info: n_embd_head_v_swa     = 256
print_info: n_rot_swa             = 256
print_info: n_ctx_orig_yarn       = 262144
print_info: rope_yarn_log_mul     = 0.0000
print_info: rope_finetuned        = unknown
print_info: model type            = 31B
print_info: model params          = 30.70 B
print_info: general.name          = Gemma-4-31B-It
print_info: vocab type            = BPE
print_info: n_vocab               = 262144
print_info: n_merges              = 514906
print_info: BOS token             = 2 '<bos>'
print_info: EOS token             = 106 '<turn|>'
print_info: UNK token             = 3 '<unk>'
print_info: PAD token             = 0 '<pad>'
print_info: MASK token            = 4 '<mask>'
print_info: LF token              = 107 '
'
print_info: EOG token             = 1 '<eos>'
print_info: EOG token             = 50 '<|tool_response>'
print_info: EOG token             = 106 '<turn|>'
print_info: max token length      = 93
load_tensors: loading model tensors, this can take a while... (mmap = true, direct_io = false)
load_tensors: layer   0 assigned to device CUDA0, is_swa = 1
load_tensors: layer   1 assigned to device CUDA0, is_swa = 1
load_tensors: layer   2 assigned to device CUDA0, is_swa = 1
load_tensors: layer   3 assigned to device CUDA0, is_swa = 1
load_tensors: layer   4 assigned to device CUDA0, is_swa = 1
load_tensors: layer   5 assigned to device CUDA0, is_swa = 0
load_tensors: layer   6 assigned to device CUDA0, is_swa = 1
load_tensors: layer   7 assigned to device CUDA0, is_swa = 1
load_tensors: layer   8 assigned to device CUDA0, is_swa = 1
load_tensors: layer   9 assigned to device CUDA0, is_swa = 1
load_tensors: layer  10 assigned to device CUDA0, is_swa = 1
load_tensors: layer  11 assigned to device CUDA0, is_swa = 0
load_tensors: layer  12 assigned to device CUDA0, is_swa = 1
load_tensors: layer  13 assigned to device CUDA0, is_swa = 1
load_tensors: layer  14 assigned to device CUDA0, is_swa = 1
load_tensors: layer  15 assigned to device CUDA0, is_swa = 1
load_tensors: layer  16 assigned to device CUDA0, is_swa = 1
load_tensors: layer  17 assigned to device CUDA0, is_swa = 0
load_tensors: layer  18 assigned to device CUDA0, is_swa = 1
load_tensors: layer  19 assigned to device CUDA0, is_swa = 1
load_tensors: layer  20 assigned to device CUDA0, is_swa = 1
load_tensors: layer  21 assigned to device CUDA0, is_swa = 1
load_tensors: layer  22 assigned to device CUDA0, is_swa = 1
load_tensors: layer  23 assigned to device CUDA0, is_swa = 0
load_tensors: layer  24 assigned to device CUDA0, is_swa = 1
load_tensors: layer  25 assigned to device CUDA0, is_swa = 1
load_tensors: layer  26 assigned to device CUDA0, is_swa = 1
load_tensors: layer  27 assigned to device CUDA0, is_swa = 1
load_tensors: layer  28 assigned to device CUDA0, is_swa = 1
load_tensors: layer  29 assigned to device CUDA0, is_swa = 0
load_tensors: layer  30 assigned to device CUDA0, is_swa = 1
load_tensors: layer  31 assigned to device CUDA1, is_swa = 1
load_tensors: layer  32 assigned to device CUDA1, is_swa = 1
load_tensors: layer  33 assigned to device CUDA1, is_swa = 1
load_tensors: layer  34 assigned to device CUDA1, is_swa = 1
load_tensors: layer  35 assigned to device CUDA1, is_swa = 0
load_tensors: layer  36 assigned to device CUDA1, is_swa = 1
load_tensors: layer  37 assigned to device CUDA1, is_swa = 1
load_tensors: layer  38 assigned to device CUDA1, is_swa = 1
load_tensors: layer  39 assigned to device CUDA1, is_swa = 1
load_tensors: layer  40 assigned to device CUDA1, is_swa = 1
load_tensors: layer  41 assigned to device CUDA1, is_swa = 0
load_tensors: layer  42 assigned to device CUDA1, is_swa = 1
load_tensors: layer  43 assigned to device CUDA1, is_swa = 1
load_tensors: layer  44 assigned to device CUDA1, is_swa = 1
load_tensors: layer  45 assigned to device CUDA1, is_swa = 1
load_tensors: layer  46 assigned to device CUDA1, is_swa = 1
load_tensors: layer  47 assigned to device CUDA1, is_swa = 0
load_tensors: layer  48 assigned to device CUDA1, is_swa = 1
load_tensors: layer  49 assigned to device CUDA1, is_swa = 1
load_tensors: layer  50 assigned to device CUDA1, is_swa = 1
load_tensors: layer  51 assigned to device CUDA1, is_swa = 1
load_tensors: layer  52 assigned to device CUDA1, is_swa = 1
load_tensors: layer  53 assigned to device CUDA1, is_swa = 0
load_tensors: layer  54 assigned to device CUDA1, is_swa = 1
load_tensors: layer  55 assigned to device CUDA1, is_swa = 1
load_tensors: layer  56 assigned to device CUDA1, is_swa = 1
load_tensors: layer  57 assigned to device CUDA1, is_swa = 1
load_tensors: layer  58 assigned to device CUDA1, is_swa = 1
load_tensors: layer  59 assigned to device CUDA1, is_swa = 0
load_tensors: layer  60 assigned to device CUDA1, is_swa = 0
create_tensor: loading tensor token_embd.weight
create_tensor: loading tensor token_embd.weight
create_tensor: loading tensor output_norm.weight
create_tensor: loading tensor blk.0.attn_norm.weight
create_tensor: loading tensor blk.0.attn_q.weight
create_tensor: loading tensor blk.0.attn_k.weight
create_tensor: loading tensor blk.0.attn_v.weight
create_tensor: loading tensor blk.0.attn_output.weight
create_tensor: loading tensor blk.0.attn_q_norm.weight
create_tensor: loading tensor blk.0.attn_k_norm.weight
create_tensor: loading tensor blk.0.post_attention_norm.weight
create_tensor: loading tensor blk.0.layer_output_scale.weight
create_tensor: loading tensor blk.0.ffn_norm.weight
create_tensor: loading tensor blk.0.ffn_gate.weight
create_tensor: loading tensor blk.0.ffn_up.weight
create_tensor: loading tensor blk.0.ffn_down.weight
create_tensor: loading tensor blk.0.post_ffw_norm.weight
create_tensor: loading tensor blk.1.attn_norm.weight
create_tensor: loading tensor blk.1.attn_q.weight
create_tensor: loading tensor blk.1.attn_k.weight
create_tensor: loading tensor blk.1.attn_v.weight
create_tensor: loading tensor blk.1.attn_output.weight
create_tensor: loading tensor blk.1.attn_q_norm.weight
create_tensor: loading tensor blk.1.attn_k_norm.weight
create_tensor: loading tensor blk.1.post_attention_norm.weight
create_tensor: loading tensor blk.1.layer_output_scale.weight
create_tensor: loading tensor blk.1.ffn_norm.weight
create_tensor: loading tensor blk.1.ffn_gate.weight
create_tensor: loading tensor blk.1.ffn_up.weight
create_tensor: loading tensor blk.1.ffn_down.weight
create_tensor: loading tensor blk.1.post_ffw_norm.weight
create_tensor: loading tensor blk.2.attn_norm.weight
create_tensor: loading tensor blk.2.attn_q.weight
create_tensor: loading tensor blk.2.attn_k.weight
create_tensor: loading tensor blk.2.attn_v.weight
create_tensor: loading tensor blk.2.attn_output.weight
create_tensor: loading tensor blk.2.attn_q_norm.weight
create_tensor: loading tensor blk.2.attn_k_norm.weight
create_tensor: loading tensor blk.2.post_attention_norm.weight
create_tensor: loading tensor blk.2.layer_output_scale.weight
create_tensor: loading tensor blk.2.ffn_norm.weight
create_tensor: loading tensor blk.2.ffn_gate.weight
create_tensor: loading tensor blk.2.ffn_up.weight
create_tensor: loading tensor blk.2.ffn_down.weight
create_tensor: loading tensor blk.2.post_ffw_norm.weight
create_tensor: loading tensor blk.3.attn_norm.weight
create_tensor: loading tensor blk.3.attn_q.weight
create_tensor: loading tensor blk.3.attn_k.weight
create_tensor: loading tensor blk.3.attn_v.weight
create_tensor: loading tensor blk.3.attn_output.weight
create_tensor: loading tensor blk.3.attn_q_norm.weight
create_tensor: loading tensor blk.3.attn_k_norm.weight
create_tensor: loading tensor blk.3.post_attention_norm.weight
create_tensor: loading tensor blk.3.layer_output_scale.weight
create_tensor: loading tensor blk.3.ffn_norm.weight
create_tensor: loading tensor blk.3.ffn_gate.weight
create_tensor: loading tensor blk.3.ffn_up.weight
create_tensor: loading tensor blk.3.ffn_down.weight
create_tensor: loading tensor blk.3.post_ffw_norm.weight
create_tensor: loading tensor blk.4.attn_norm.weight
create_tensor: loading tensor blk.4.attn_q.weight
create_tensor: loading tensor blk.4.attn_k.weight
create_tensor: loading tensor blk.4.attn_v.weight
create_tensor: loading tensor blk.4.attn_output.weight
create_tensor: loading tensor blk.4.attn_q_norm.weight
create_tensor: loading tensor blk.4.attn_k_norm.weight
create_tensor: loading tensor blk.4.post_attention_norm.weight
create_tensor: loading tensor blk.4.layer_output_scale.weight
create_tensor: loading tensor blk.4.ffn_norm.weight
create_tensor: loading tensor blk.4.ffn_gate.weight
create_tensor: loading tensor blk.4.ffn_up.weight
create_tensor: loading tensor blk.4.ffn_down.weight
create_tensor: loading tensor blk.4.post_ffw_norm.weight
create_tensor: loading tensor blk.5.attn_norm.weight
create_tensor: loading tensor blk.5.attn_q.weight
create_tensor: loading tensor blk.5.attn_k.weight
create_tensor: loading tensor blk.5.attn_output.weight
create_tensor: loading tensor blk.5.attn_q_norm.weight
create_tensor: loading tensor blk.5.attn_k_norm.weight
create_tensor: loading tensor blk.5.post_attention_norm.weight
create_tensor: loading tensor blk.5.layer_output_scale.weight
create_tensor: loading tensor rope_freqs.weight
create_tensor: loading tensor blk.5.ffn_norm.weight
create_tensor: loading tensor blk.5.ffn_gate.weight
create_tensor: loading tensor blk.5.ffn_up.weight
create_tensor: loading tensor blk.5.ffn_down.weight
create_tensor: loading tensor blk.5.post_ffw_norm.weight
create_tensor: loading tensor blk.6.attn_norm.weight
create_tensor: loading tensor blk.6.attn_q.weight
create_tensor: loading tensor blk.6.attn_k.weight
create_tensor: loading tensor blk.6.attn_v.weight
create_tensor: loading tensor blk.6.attn_output.weight
create_tensor: loading tensor blk.6.attn_q_norm.weight
create_tensor: loading tensor blk.6.attn_k_norm.weight
create_tensor: loading tensor blk.6.post_attention_norm.weight
create_tensor: loading tensor blk.6.layer_output_scale.weight
create_tensor: loading tensor blk.6.ffn_norm.weight
create_tensor: loading tensor blk.6.ffn_gate.weight
create_tensor: loading tensor blk.6.ffn_up.weight
create_tensor: loading tensor blk.6.ffn_down.weight
create_tensor: loading tensor blk.6.post_ffw_norm.weight
create_tensor: loading tensor blk.7.attn_norm.weight
create_tensor: loading tensor blk.7.attn_q.weight
create_tensor: loading tensor blk.7.attn_k.weight
create_tensor: loading tensor blk.7.attn_v.weight
create_tensor: loading tensor blk.7.attn_output.weight
create_tensor: loading tensor blk.7.attn_q_norm.weight
create_tensor: loading tensor blk.7.attn_k_norm.weight
create_tensor: loading tensor blk.7.post_attention_norm.weight
create_tensor: loading tensor blk.7.layer_output_scale.weight
create_tensor: loading tensor blk.7.ffn_norm.weight
create_tensor: loading tensor blk.7.ffn_gate.weight
create_tensor: loading tensor blk.7.ffn_up.weight
create_tensor: loading tensor blk.7.ffn_down.weight
create_tensor: loading tensor blk.7.post_ffw_norm.weight
create_tensor: loading tensor blk.8.attn_norm.weight
create_tensor: loading tensor blk.8.attn_q.weight
create_tensor: loading tensor blk.8.attn_k.weight
create_tensor: loading tensor blk.8.attn_v.weight
create_tensor: loading tensor blk.8.attn_output.weight
create_tensor: loading tensor blk.8.attn_q_norm.weight
create_tensor: loading tensor blk.8.attn_k_norm.weight
create_tensor: loading tensor blk.8.post_attention_norm.weight
create_tensor: loading tensor blk.8.layer_output_scale.weight
create_tensor: loading tensor blk.8.ffn_norm.weight
create_tensor: loading tensor blk.8.ffn_gate.weight
create_tensor: loading tensor blk.8.ffn_up.weight
create_tensor: loading tensor blk.8.ffn_down.weight
create_tensor: loading tensor blk.8.post_ffw_norm.weight
create_tensor: loading tensor blk.9.attn_norm.weight
create_tensor: loading tensor blk.9.attn_q.weight
create_tensor: loading tensor blk.9.attn_k.weight
create_tensor: loading tensor blk.9.attn_v.weight
create_tensor: loading tensor blk.9.attn_output.weight
create_tensor: loading tensor blk.9.attn_q_norm.weight
create_tensor: loading tensor blk.9.attn_k_norm.weight
create_tensor: loading tensor blk.9.post_attention_norm.weight
create_tensor: loading tensor blk.9.layer_output_scale.weight
create_tensor: loading tensor blk.9.ffn_norm.weight
create_tensor: loading tensor blk.9.ffn_gate.weight
create_tensor: loading tensor blk.9.ffn_up.weight
create_tensor: loading tensor blk.9.ffn_down.weight
create_tensor: loading tensor blk.9.post_ffw_norm.weight
create_tensor: loading tensor blk.10.attn_norm.weight
create_tensor: loading tensor blk.10.attn_q.weight
create_tensor: loading tensor blk.10.attn_k.weight
create_tensor: loading tensor blk.10.attn_v.weight
create_tensor: loading tensor blk.10.attn_output.weight
create_tensor: loading tensor blk.10.attn_q_norm.weight
create_tensor: loading tensor blk.10.attn_k_norm.weight
create_tensor: loading tensor blk.10.post_attention_norm.weight
create_tensor: loading tensor blk.10.layer_output_scale.weight
create_tensor: loading tensor blk.10.ffn_norm.weight
create_tensor: loading tensor blk.10.ffn_gate.weight
create_tensor: loading tensor blk.10.ffn_up.weight
create_tensor: loading tensor blk.10.ffn_down.weight
create_tensor: loading tensor blk.10.post_ffw_norm.weight
create_tensor: loading tensor blk.11.attn_norm.weight
create_tensor: loading tensor blk.11.attn_q.weight
create_tensor: loading tensor blk.11.attn_k.weight
create_tensor: loading tensor blk.11.attn_output.weight
create_tensor: loading tensor blk.11.attn_q_norm.weight
create_tensor: loading tensor blk.11.attn_k_norm.weight
create_tensor: loading tensor blk.11.post_attention_norm.weight
create_tensor: loading tensor blk.11.layer_output_scale.weight
create_tensor: loading tensor blk.11.ffn_norm.weight
create_tensor: loading tensor blk.11.ffn_gate.weight
create_tensor: loading tensor blk.11.ffn_up.weight
create_tensor: loading tensor blk.11.ffn_down.weight
create_tensor: loading tensor blk.11.post_ffw_norm.weight
create_tensor: loading tensor blk.12.attn_norm.weight
create_tensor: loading tensor blk.12.attn_q.weight
create_tensor: loading tensor blk.12.attn_k.weight
create_tensor: loading tensor blk.12.attn_v.weight
create_tensor: loading tensor blk.12.attn_output.weight
create_tensor: loading tensor blk.12.attn_q_norm.weight
create_tensor: loading tensor blk.12.attn_k_norm.weight
create_tensor: loading tensor blk.12.post_attention_norm.weight
create_tensor: loading tensor blk.12.layer_output_scale.weight
create_tensor: loading tensor blk.12.ffn_norm.weight
create_tensor: loading tensor blk.12.ffn_gate.weight
create_tensor: loading tensor blk.12.ffn_up.weight
create_tensor: loading tensor blk.12.ffn_down.weight
create_tensor: loading tensor blk.12.post_ffw_norm.weight
create_tensor: loading tensor blk.13.attn_norm.weight
create_tensor: loading tensor blk.13.attn_q.weight
create_tensor: loading tensor blk.13.attn_k.weight
create_tensor: loading tensor blk.13.attn_v.weight
create_tensor: loading tensor blk.13.attn_output.weight
create_tensor: loading tensor blk.13.attn_q_norm.weight
create_tensor: loading tensor blk.13.attn_k_norm.weight
create_tensor: loading tensor blk.13.post_attention_norm.weight
create_tensor: loading tensor blk.13.layer_output_scale.weight
create_tensor: loading tensor blk.13.ffn_norm.weight
create_tensor: loading tensor blk.13.ffn_gate.weight
create_tensor: loading tensor blk.13.ffn_up.weight
create_tensor: loading tensor blk.13.ffn_down.weight
create_tensor: loading tensor blk.13.post_ffw_norm.weight
create_tensor: loading tensor blk.14.attn_norm.weight
create_tensor: loading tensor blk.14.attn_q.weight
create_tensor: loading tensor blk.14.attn_k.weight
create_tensor: loading tensor blk.14.attn_v.weight
create_tensor: loading tensor blk.14.attn_output.weight
create_tensor: loading tensor blk.14.attn_q_norm.weight
create_tensor: loading tensor blk.14.attn_k_norm.weight
create_tensor: loading tensor blk.14.post_attention_norm.weight
create_tensor: loading tensor blk.14.layer_output_scale.weight
create_tensor: loading tensor blk.14.ffn_norm.weight
create_tensor: loading tensor blk.14.ffn_gate.weight
create_tensor: loading tensor blk.14.ffn_up.weight
create_tensor: loading tensor blk.14.ffn_down.weight
create_tensor: loading tensor blk.14.post_ffw_norm.weight
create_tensor: loading tensor blk.15.attn_norm.weight
create_tensor: loading tensor blk.15.attn_q.weight
create_tensor: loading tensor blk.15.attn_k.weight
create_tensor: loading tensor blk.15.attn_v.weight
create_tensor: loading tensor blk.15.attn_output.weight
create_tensor: loading tensor blk.15.attn_q_norm.weight
create_tensor: loading tensor blk.15.attn_k_norm.weight
create_tensor: loading tensor blk.15.post_attention_norm.weight
create_tensor: loading tensor blk.15.layer_output_scale.weight
create_tensor: loading tensor blk.15.ffn_norm.weight
create_tensor: loading tensor blk.15.ffn_gate.weight
create_tensor: loading tensor blk.15.ffn_up.weight
create_tensor: loading tensor blk.15.ffn_down.weight
create_tensor: loading tensor blk.15.post_ffw_norm.weight
create_tensor: loading tensor blk.16.attn_norm.weight
create_tensor: loading tensor blk.16.attn_q.weight
create_tensor: loading tensor blk.16.attn_k.weight
create_tensor: loading tensor blk.16.attn_v.weight
create_tensor: loading tensor blk.16.attn_output.weight
create_tensor: loading tensor blk.16.attn_q_norm.weight
create_tensor: loading tensor blk.16.attn_k_norm.weight
create_tensor: loading tensor blk.16.post_attention_norm.weight
create_tensor: loading tensor blk.16.layer_output_scale.weight
create_tensor: loading tensor blk.16.ffn_norm.weight
create_tensor: loading tensor blk.16.ffn_gate.weight
create_tensor: loading tensor blk.16.ffn_up.weight
create_tensor: loading tensor blk.16.ffn_down.weight
create_tensor: loading tensor blk.16.post_ffw_norm.weight
create_tensor: loading tensor blk.17.attn_norm.weight
create_tensor: loading tensor blk.17.attn_q.weight
create_tensor: loading tensor blk.17.attn_k.weight
create_tensor: loading tensor blk.17.attn_output.weight
create_tensor: loading tensor blk.17.attn_q_norm.weight
create_tensor: loading tensor blk.17.attn_k_norm.weight
create_tensor: loading tensor blk.17.post_attention_norm.weight
create_tensor: loading tensor blk.17.layer_output_scale.weight
create_tensor: loading tensor blk.17.ffn_norm.weight
create_tensor: loading tensor blk.17.ffn_gate.weight
create_tensor: loading tensor blk.17.ffn_up.weight
create_tensor: loading tensor blk.17.ffn_down.weight
create_tensor: loading tensor blk.17.post_ffw_norm.weight
create_tensor: loading tensor blk.18.attn_norm.weight
create_tensor: loading tensor blk.18.attn_q.weight
create_tensor: loading tensor blk.18.attn_k.weight
create_tensor: loading tensor blk.18.attn_v.weight
create_tensor: loading tensor blk.18.attn_output.weight
create_tensor: loading tensor blk.18.attn_q_norm.weight
create_tensor: loading tensor blk.18.attn_k_norm.weight
create_tensor: loading tensor blk.18.post_attention_norm.weight
create_tensor: loading tensor blk.18.layer_output_scale.weight
create_tensor: loading tensor blk.18.ffn_norm.weight
create_tensor: loading tensor blk.18.ffn_gate.weight
create_tensor: loading tensor blk.18.ffn_up.weight
create_tensor: loading tensor blk.18.ffn_down.weight
create_tensor: loading tensor blk.18.post_ffw_norm.weight
create_tensor: loading tensor blk.19.attn_norm.weight
create_tensor: loading tensor blk.19.attn_q.weight
create_tensor: loading tensor blk.19.attn_k.weight
create_tensor: loading tensor blk.19.attn_v.weight
create_tensor: loading tensor blk.19.attn_output.weight
create_tensor: loading tensor blk.19.attn_q_norm.weight
create_tensor: loading tensor blk.19.attn_k_norm.weight
create_tensor: loading tensor blk.19.post_attention_norm.weight
create_tensor: loading tensor blk.19.layer_output_scale.weight
create_tensor: loading tensor blk.19.ffn_norm.weight
create_tensor: loading tensor blk.19.ffn_gate.weight
create_tensor: loading tensor blk.19.ffn_up.weight
create_tensor: loading tensor blk.19.ffn_down.weight
create_tensor: loading tensor blk.19.post_ffw_norm.weight
create_tensor: loading tensor blk.20.attn_norm.weight
create_tensor: loading tensor blk.20.attn_q.weight
create_tensor: loading tensor blk.20.attn_k.weight
create_tensor: loading tensor blk.20.attn_v.weight
create_tensor: loading tensor blk.20.attn_output.weight
create_tensor: loading tensor blk.20.attn_q_norm.weight
create_tensor: loading tensor blk.20.attn_k_norm.weight
create_tensor: loading tensor blk.20.post_attention_norm.weight
create_tensor: loading tensor blk.20.layer_output_scale.weight
create_tensor: loading tensor blk.20.ffn_norm.weight
create_tensor: loading tensor blk.20.ffn_gate.weight
create_tensor: loading tensor blk.20.ffn_up.weight
create_tensor: loading tensor blk.20.ffn_down.weight
create_tensor: loading tensor blk.20.post_ffw_norm.weight
create_tensor: loading tensor blk.21.attn_norm.weight
create_tensor: loading tensor blk.21.attn_q.weight
create_tensor: loading tensor blk.21.attn_k.weight
create_tensor: loading tensor blk.21.attn_v.weight
create_tensor: loading tensor blk.21.attn_output.weight
create_tensor: loading tensor blk.21.attn_q_norm.weight
create_tensor: loading tensor blk.21.attn_k_norm.weight
create_tensor: loading tensor blk.21.post_attention_norm.weight
create_tensor: loading tensor blk.21.layer_output_scale.weight
create_tensor: loading tensor blk.21.ffn_norm.weight
create_tensor: loading tensor blk.21.ffn_gate.weight
create_tensor: loading tensor blk.21.ffn_up.weight
create_tensor: loading tensor blk.21.ffn_down.weight
create_tensor: loading tensor blk.21.post_ffw_norm.weight
create_tensor: loading tensor blk.22.attn_norm.weight
create_tensor: loading tensor blk.22.attn_q.weight
create_tensor: loading tensor blk.22.attn_k.weight
create_tensor: loading tensor blk.22.attn_v.weight
create_tensor: loading tensor blk.22.attn_output.weight
create_tensor: loading tensor blk.22.attn_q_norm.weight
create_tensor: loading tensor blk.22.attn_k_norm.weight
create_tensor: loading tensor blk.22.post_attention_norm.weight
create_tensor: loading tensor blk.22.layer_output_scale.weight
create_tensor: loading tensor blk.22.ffn_norm.weight
create_tensor: loading tensor blk.22.ffn_gate.weight
create_tensor: loading tensor blk.22.ffn_up.weight
create_tensor: loading tensor blk.22.ffn_down.weight
create_tensor: loading tensor blk.22.post_ffw_norm.weight
create_tensor: loading tensor blk.23.attn_norm.weight
create_tensor: loading tensor blk.23.attn_q.weight
create_tensor: loading tensor blk.23.attn_k.weight
create_tensor: loading tensor blk.23.attn_output.weight
create_tensor: loading tensor blk.23.attn_q_norm.weight
create_tensor: loading tensor blk.23.attn_k_norm.weight
create_tensor: loading tensor blk.23.post_attention_norm.weight
create_tensor: loading tensor blk.23.layer_output_scale.weight
create_tensor: loading tensor blk.23.ffn_norm.weight
create_tensor: loading tensor blk.23.ffn_gate.weight
create_tensor: loading tensor blk.23.ffn_up.weight
create_tensor: loading tensor blk.23.ffn_down.weight
create_tensor: loading tensor blk.23.post_ffw_norm.weight
create_tensor: loading tensor blk.24.attn_norm.weight
create_tensor: loading tensor blk.24.attn_q.weight
create_tensor: loading tensor blk.24.attn_k.weight
create_tensor: loading tensor blk.24.attn_v.weight
create_tensor: loading tensor blk.24.attn_output.weight
create_tensor: loading tensor blk.24.attn_q_norm.weight
create_tensor: loading tensor blk.24.attn_k_norm.weight
create_tensor: loading tensor blk.24.post_attention_norm.weight
create_tensor: loading tensor blk.24.layer_output_scale.weight
create_tensor: loading tensor blk.24.ffn_norm.weight
create_tensor: loading tensor blk.24.ffn_gate.weight
create_tensor: loading tensor blk.24.ffn_up.weight
create_tensor: loading tensor blk.24.ffn_down.weight
create_tensor: loading tensor blk.24.post_ffw_norm.weight
create_tensor: loading tensor blk.25.attn_norm.weight
create_tensor: loading tensor blk.25.attn_q.weight
create_tensor: loading tensor blk.25.attn_k.weight
create_tensor: loading tensor blk.25.attn_v.weight
create_tensor: loading tensor blk.25.attn_output.weight
create_tensor: loading tensor blk.25.attn_q_norm.weight
create_tensor: loading tensor blk.25.attn_k_norm.weight
create_tensor: loading tensor blk.25.post_attention_norm.weight
create_tensor: loading tensor blk.25.layer_output_scale.weight
create_tensor: loading tensor blk.25.ffn_norm.weight
create_tensor: loading tensor blk.25.ffn_gate.weight
create_tensor: loading tensor blk.25.ffn_up.weight
create_tensor: loading tensor blk.25.ffn_down.weight
create_tensor: loading tensor blk.25.post_ffw_norm.weight
create_tensor: loading tensor blk.26.attn_norm.weight
create_tensor: loading tensor blk.26.attn_q.weight
create_tensor: loading tensor blk.26.attn_k.weight
create_tensor: loading tensor blk.26.attn_v.weight
create_tensor: loading tensor blk.26.attn_output.weight
create_tensor: loading tensor blk.26.attn_q_norm.weight
create_tensor: loading tensor blk.26.attn_k_norm.weight
create_tensor: loading tensor blk.26.post_attention_norm.weight
create_tensor: loading tensor blk.26.layer_output_scale.weight
create_tensor: loading tensor blk.26.ffn_norm.weight
create_tensor: loading tensor blk.26.ffn_gate.weight
create_tensor: loading tensor blk.26.ffn_up.weight
create_tensor: loading tensor blk.26.ffn_down.weight
create_tensor: loading tensor blk.26.post_ffw_norm.weight
create_tensor: loading tensor blk.27.attn_norm.weight
create_tensor: loading tensor blk.27.attn_q.weight
create_tensor: loading tensor blk.27.attn_k.weight
create_tensor: loading tensor blk.27.attn_v.weight
create_tensor: loading tensor blk.27.attn_output.weight
create_tensor: loading tensor blk.27.attn_q_norm.weight
create_tensor: loading tensor blk.27.attn_k_norm.weight
create_tensor: loading tensor blk.27.post_attention_norm.weight
create_tensor: loading tensor blk.27.layer_output_scale.weight
create_tensor: loading tensor blk.27.ffn_norm.weight
create_tensor: loading tensor blk.27.ffn_gate.weight
create_tensor: loading tensor blk.27.ffn_up.weight
create_tensor: loading tensor blk.27.ffn_down.weight
create_tensor: loading tensor blk.27.post_ffw_norm.weight
create_tensor: loading tensor blk.28.attn_norm.weight
create_tensor: loading tensor blk.28.attn_q.weight
create_tensor: loading tensor blk.28.attn_k.weight
create_tensor: loading tensor blk.28.attn_v.weight
create_tensor: loading tensor blk.28.attn_output.weight
create_tensor: loading tensor blk.28.attn_q_norm.weight
create_tensor: loading tensor blk.28.attn_k_norm.weight
create_tensor: loading tensor blk.28.post_attention_norm.weight
create_tensor: loading tensor blk.28.layer_output_scale.weight
create_tensor: loading tensor blk.28.ffn_norm.weight
create_tensor: loading tensor blk.28.ffn_gate.weight
create_tensor: loading tensor blk.28.ffn_up.weight
create_tensor: loading tensor blk.28.ffn_down.weight
create_tensor: loading tensor blk.28.post_ffw_norm.weight
create_tensor: loading tensor blk.29.attn_norm.weight
create_tensor: loading tensor blk.29.attn_q.weight
create_tensor: loading tensor blk.29.attn_k.weight
create_tensor: loading tensor blk.29.attn_output.weight
create_tensor: loading tensor blk.29.attn_q_norm.weight
create_tensor: loading tensor blk.29.attn_k_norm.weight
create_tensor: loading tensor blk.29.post_attention_norm.weight
create_tensor: loading tensor blk.29.layer_output_scale.weight
create_tensor: loading tensor blk.29.ffn_norm.weight
create_tensor: loading tensor blk.29.ffn_gate.weight
create_tensor: loading tensor blk.29.ffn_up.weight
create_tensor: loading tensor blk.29.ffn_down.weight
create_tensor: loading tensor blk.29.post_ffw_norm.weight
create_tensor: loading tensor blk.30.attn_norm.weight
create_tensor: loading tensor blk.30.attn_q.weight
create_tensor: loading tensor blk.30.attn_k.weight
create_tensor: loading tensor blk.30.attn_v.weight
create_tensor: loading tensor blk.30.attn_output.weight
create_tensor: loading tensor blk.30.attn_q_norm.weight
create_tensor: loading tensor blk.30.attn_k_norm.weight
create_tensor: loading tensor blk.30.post_attention_norm.weight
create_tensor: loading tensor blk.30.layer_output_scale.weight
create_tensor: loading tensor blk.30.ffn_norm.weight
create_tensor: loading tensor blk.30.ffn_gate.weight
create_tensor: loading tensor blk.30.ffn_up.weight
create_tensor: loading tensor blk.30.ffn_down.weight
create_tensor: loading tensor blk.30.post_ffw_norm.weight
create_tensor: loading tensor blk.31.attn_norm.weight
create_tensor: loading tensor blk.31.attn_q.weight
create_tensor: loading tensor blk.31.attn_k.weight
create_tensor: loading tensor blk.31.attn_v.weight
create_tensor: loading tensor blk.31.attn_output.weight
create_tensor: loading tensor blk.31.attn_q_norm.weight
create_tensor: loading tensor blk.31.attn_k_norm.weight
create_tensor: loading tensor blk.31.post_attention_norm.weight
create_tensor: loading tensor blk.31.layer_output_scale.weight
create_tensor: loading tensor blk.31.ffn_norm.weight
create_tensor: loading tensor blk.31.ffn_gate.weight
create_tensor: loading tensor blk.31.ffn_up.weight
create_tensor: loading tensor blk.31.ffn_down.weight
create_tensor: loading tensor blk.31.post_ffw_norm.weight
create_tensor: loading tensor blk.32.attn_norm.weight
create_tensor: loading tensor blk.32.attn_q.weight
create_tensor: loading tensor blk.32.attn_k.weight
create_tensor: loading tensor blk.32.attn_v.weight
create_tensor: loading tensor blk.32.attn_output.weight
create_tensor: loading tensor blk.32.attn_q_norm.weight
create_tensor: loading tensor blk.32.attn_k_norm.weight
create_tensor: loading tensor blk.32.post_attention_norm.weight
create_tensor: loading tensor blk.32.layer_output_scale.weight
create_tensor: loading tensor blk.32.ffn_norm.weight
create_tensor: loading tensor blk.32.ffn_gate.weight
create_tensor: loading tensor blk.32.ffn_up.weight
create_tensor: loading tensor blk.32.ffn_down.weight
create_tensor: loading tensor blk.32.post_ffw_norm.weight
create_tensor: loading tensor blk.33.attn_norm.weight
create_tensor: loading tensor blk.33.attn_q.weight
create_tensor: loading tensor blk.33.attn_k.weight
create_tensor: loading tensor blk.33.attn_v.weight
create_tensor: loading tensor blk.33.attn_output.weight
create_tensor: loading tensor blk.33.attn_q_norm.weight
create_tensor: loading tensor blk.33.attn_k_norm.weight
create_tensor: loading tensor blk.33.post_attention_norm.weight
create_tensor: loading tensor blk.33.layer_output_scale.weight
create_tensor: loading tensor blk.33.ffn_norm.weight
create_tensor: loading tensor blk.33.ffn_gate.weight
create_tensor: loading tensor blk.33.ffn_up.weight
create_tensor: loading tensor blk.33.ffn_down.weight
create_tensor: loading tensor blk.33.post_ffw_norm.weight
create_tensor: loading tensor blk.34.attn_norm.weight
create_tensor: loading tensor blk.34.attn_q.weight
create_tensor: loading tensor blk.34.attn_k.weight
create_tensor: loading tensor blk.34.attn_v.weight
create_tensor: loading tensor blk.34.attn_output.weight
create_tensor: loading tensor blk.34.attn_q_norm.weight
create_tensor: loading tensor blk.34.attn_k_norm.weight
create_tensor: loading tensor blk.34.post_attention_norm.weight
create_tensor: loading tensor blk.34.layer_output_scale.weight
create_tensor: loading tensor blk.34.ffn_norm.weight
create_tensor: loading tensor blk.34.ffn_gate.weight
create_tensor: loading tensor blk.34.ffn_up.weight
create_tensor: loading tensor blk.34.ffn_down.weight
create_tensor: loading tensor blk.34.post_ffw_norm.weight
create_tensor: loading tensor blk.35.attn_norm.weight
create_tensor: loading tensor blk.35.attn_q.weight
create_tensor: loading tensor blk.35.attn_k.weight
create_tensor: loading tensor blk.35.attn_output.weight
create_tensor: loading tensor blk.35.attn_q_norm.weight
create_tensor: loading tensor blk.35.attn_k_norm.weight
create_tensor: loading tensor blk.35.post_attention_norm.weight
create_tensor: loading tensor blk.35.layer_output_scale.weight
create_tensor: loading tensor rope_freqs.weight
create_tensor: loading tensor blk.35.ffn_norm.weight
create_tensor: loading tensor blk.35.ffn_gate.weight
create_tensor: loading tensor blk.35.ffn_up.weight
create_tensor: loading tensor blk.35.ffn_down.weight
create_tensor: loading tensor blk.35.post_ffw_norm.weight
create_tensor: loading tensor blk.36.attn_norm.weight
create_tensor: loading tensor blk.36.attn_q.weight
create_tensor: loading tensor blk.36.attn_k.weight
create_tensor: loading tensor blk.36.attn_v.weight
create_tensor: loading tensor blk.36.attn_output.weight
create_tensor: loading tensor blk.36.attn_q_norm.weight
create_tensor: loading tensor blk.36.attn_k_norm.weight
create_tensor: loading tensor blk.36.post_attention_norm.weight
create_tensor: loading tensor blk.36.layer_output_scale.weight
create_tensor: loading tensor blk.36.ffn_norm.weight
create_tensor: loading tensor blk.36.ffn_gate.weight
create_tensor: loading tensor blk.36.ffn_up.weight
create_tensor: loading tensor blk.36.ffn_down.weight
create_tensor: loading tensor blk.36.post_ffw_norm.weight
create_tensor: loading tensor blk.37.attn_norm.weight
create_tensor: loading tensor blk.37.attn_q.weight
create_tensor: loading tensor blk.37.attn_k.weight
create_tensor: loading tensor blk.37.attn_v.weight
create_tensor: loading tensor blk.37.attn_output.weight
create_tensor: loading tensor blk.37.attn_q_norm.weight
create_tensor: loading tensor blk.37.attn_k_norm.weight
create_tensor: loading tensor blk.37.post_attention_norm.weight
create_tensor: loading tensor blk.37.layer_output_scale.weight
create_tensor: loading tensor blk.37.ffn_norm.weight
create_tensor: loading tensor blk.37.ffn_gate.weight
create_tensor: loading tensor blk.37.ffn_up.weight
create_tensor: loading tensor blk.37.ffn_down.weight
create_tensor: loading tensor blk.37.post_ffw_norm.weight
create_tensor: loading tensor blk.38.attn_norm.weight
create_tensor: loading tensor blk.38.attn_q.weight
create_tensor: loading tensor blk.38.attn_k.weight
create_tensor: loading tensor blk.38.attn_v.weight
create_tensor: loading tensor blk.38.attn_output.weight
create_tensor: loading tensor blk.38.attn_q_norm.weight
create_tensor: loading tensor blk.38.attn_k_norm.weight
create_tensor: loading tensor blk.38.post_attention_norm.weight
create_tensor: loading tensor blk.38.layer_output_scale.weight
create_tensor: loading tensor blk.38.ffn_norm.weight
create_tensor: loading tensor blk.38.ffn_gate.weight
create_tensor: loading tensor blk.38.ffn_up.weight
create_tensor: loading tensor blk.38.ffn_down.weight
create_tensor: loading tensor blk.38.post_ffw_norm.weight
create_tensor: loading tensor blk.39.attn_norm.weight
create_tensor: loading tensor blk.39.attn_q.weight
create_tensor: loading tensor blk.39.attn_k.weight
create_tensor: loading tensor blk.39.attn_v.weight
create_tensor: loading tensor blk.39.attn_output.weight
create_tensor: loading tensor blk.39.attn_q_norm.weight
create_tensor: loading tensor blk.39.attn_k_norm.weight
create_tensor: loading tensor blk.39.post_attention_norm.weight
create_tensor: loading tensor blk.39.layer_output_scale.weight
create_tensor: loading tensor blk.39.ffn_norm.weight
create_tensor: loading tensor blk.39.ffn_gate.weight
create_tensor: loading tensor blk.39.ffn_up.weight
create_tensor: loading tensor blk.39.ffn_down.weight
create_tensor: loading tensor blk.39.post_ffw_norm.weight
create_tensor: loading tensor blk.40.attn_norm.weight
create_tensor: loading tensor blk.40.attn_q.weight
create_tensor: loading tensor blk.40.attn_k.weight
create_tensor: loading tensor blk.40.attn_v.weight
create_tensor: loading tensor blk.40.attn_output.weight
create_tensor: loading tensor blk.40.attn_q_norm.weight
create_tensor: loading tensor blk.40.attn_k_norm.weight
create_tensor: loading tensor blk.40.post_attention_norm.weight
create_tensor: loading tensor blk.40.layer_output_scale.weight
create_tensor: loading tensor blk.40.ffn_norm.weight
create_tensor: loading tensor blk.40.ffn_gate.weight
create_tensor: loading tensor blk.40.ffn_up.weight
create_tensor: loading tensor blk.40.ffn_down.weight
create_tensor: loading tensor blk.40.post_ffw_norm.weight
create_tensor: loading tensor blk.41.attn_norm.weight
create_tensor: loading tensor blk.41.attn_q.weight
create_tensor: loading tensor blk.41.attn_k.weight
create_tensor: loading tensor blk.41.attn_output.weight
create_tensor: loading tensor blk.41.attn_q_norm.weight
create_tensor: loading tensor blk.41.attn_k_norm.weight
create_tensor: loading tensor blk.41.post_attention_norm.weight
create_tensor: loading tensor blk.41.layer_output_scale.weight
create_tensor: loading tensor blk.41.ffn_norm.weight
create_tensor: loading tensor blk.41.ffn_gate.weight
create_tensor: loading tensor blk.41.ffn_up.weight
create_tensor: loading tensor blk.41.ffn_down.weight
create_tensor: loading tensor blk.41.post_ffw_norm.weight
create_tensor: loading tensor blk.42.attn_norm.weight
create_tensor: loading tensor blk.42.attn_q.weight
create_tensor: loading tensor blk.42.attn_k.weight
create_tensor: loading tensor blk.42.attn_v.weight
create_tensor: loading tensor blk.42.attn_output.weight
create_tensor: loading tensor blk.42.attn_q_norm.weight
create_tensor: loading tensor blk.42.attn_k_norm.weight
create_tensor: loading tensor blk.42.post_attention_norm.weight
create_tensor: loading tensor blk.42.layer_output_scale.weight
create_tensor: loading tensor blk.42.ffn_norm.weight
create_tensor: loading tensor blk.42.ffn_gate.weight
create_tensor: loading tensor blk.42.ffn_up.weight
create_tensor: loading tensor blk.42.ffn_down.weight
create_tensor: loading tensor blk.42.post_ffw_norm.weight
create_tensor: loading tensor blk.43.attn_norm.weight
create_tensor: loading tensor blk.43.attn_q.weight
create_tensor: loading tensor blk.43.attn_k.weight
create_tensor: loading tensor blk.43.attn_v.weight
create_tensor: loading tensor blk.43.attn_output.weight
create_tensor: loading tensor blk.43.attn_q_norm.weight
create_tensor: loading tensor blk.43.attn_k_norm.weight
create_tensor: loading tensor blk.43.post_attention_norm.weight
create_tensor: loading tensor blk.43.layer_output_scale.weight
create_tensor: loading tensor blk.43.ffn_norm.weight
create_tensor: loading tensor blk.43.ffn_gate.weight
create_tensor: loading tensor blk.43.ffn_up.weight
create_tensor: loading tensor blk.43.ffn_down.weight
create_tensor: loading tensor blk.43.post_ffw_norm.weight
create_tensor: loading tensor blk.44.attn_norm.weight
create_tensor: loading tensor blk.44.attn_q.weight
create_tensor: loading tensor blk.44.attn_k.weight
create_tensor: loading tensor blk.44.attn_v.weight
create_tensor: loading tensor blk.44.attn_output.weight
create_tensor: loading tensor blk.44.attn_q_norm.weight
create_tensor: loading tensor blk.44.attn_k_norm.weight
create_tensor: loading tensor blk.44.post_attention_norm.weight
create_tensor: loading tensor blk.44.layer_output_scale.weight
create_tensor: loading tensor blk.44.ffn_norm.weight
create_tensor: loading tensor blk.44.ffn_gate.weight
create_tensor: loading tensor blk.44.ffn_up.weight
create_tensor: loading tensor blk.44.ffn_down.weight
create_tensor: loading tensor blk.44.post_ffw_norm.weight
create_tensor: loading tensor blk.45.attn_norm.weight
create_tensor: loading tensor blk.45.attn_q.weight
create_tensor: loading tensor blk.45.attn_k.weight
create_tensor: loading tensor blk.45.attn_v.weight
create_tensor: loading tensor blk.45.attn_output.weight
create_tensor: loading tensor blk.45.attn_q_norm.weight
create_tensor: loading tensor blk.45.attn_k_norm.weight
create_tensor: loading tensor blk.45.post_attention_norm.weight
create_tensor: loading tensor blk.45.layer_output_scale.weight
create_tensor: loading tensor blk.45.ffn_norm.weight
create_tensor: loading tensor blk.45.ffn_gate.weight
create_tensor: loading tensor blk.45.ffn_up.weight
create_tensor: loading tensor blk.45.ffn_down.weight
create_tensor: loading tensor blk.45.post_ffw_norm.weight
create_tensor: loading tensor blk.46.attn_norm.weight
create_tensor: loading tensor blk.46.attn_q.weight
create_tensor: loading tensor blk.46.attn_k.weight
create_tensor: loading tensor blk.46.attn_v.weight
create_tensor: loading tensor blk.46.attn_output.weight
create_tensor: loading tensor blk.46.attn_q_norm.weight
create_tensor: loading tensor blk.46.attn_k_norm.weight
create_tensor: loading tensor blk.46.post_attention_norm.weight
create_tensor: loading tensor blk.46.layer_output_scale.weight
create_tensor: loading tensor blk.46.ffn_norm.weight
create_tensor: loading tensor blk.46.ffn_gate.weight
create_tensor: loading tensor blk.46.ffn_up.weight
create_tensor: loading tensor blk.46.ffn_down.weight
create_tensor: loading tensor blk.46.post_ffw_norm.weight
create_tensor: loading tensor blk.47.attn_norm.weight
create_tensor: loading tensor blk.47.attn_q.weight
create_tensor: loading tensor blk.47.attn_k.weight
create_tensor: loading tensor blk.47.attn_output.weight
create_tensor: loading tensor blk.47.attn_q_norm.weight
create_tensor: loading tensor blk.47.attn_k_norm.weight
create_tensor: loading tensor blk.47.post_attention_norm.weight
create_tensor: loading tensor blk.47.layer_output_scale.weight
create_tensor: loading tensor blk.47.ffn_norm.weight
create_tensor: loading tensor blk.47.ffn_gate.weight
create_tensor: loading tensor blk.47.ffn_up.weight
create_tensor: loading tensor blk.47.ffn_down.weight
create_tensor: loading tensor blk.47.post_ffw_norm.weight
create_tensor: loading tensor blk.48.attn_norm.weight
create_tensor: loading tensor blk.48.attn_q.weight
create_tensor: loading tensor blk.48.attn_k.weight
create_tensor: loading tensor blk.48.attn_v.weight
create_tensor: loading tensor blk.48.attn_output.weight
create_tensor: loading tensor blk.48.attn_q_norm.weight
create_tensor: loading tensor blk.48.attn_k_norm.weight
create_tensor: loading tensor blk.48.post_attention_norm.weight
create_tensor: loading tensor blk.48.layer_output_scale.weight
create_tensor: loading tensor blk.48.ffn_norm.weight
create_tensor: loading tensor blk.48.ffn_gate.weight
create_tensor: loading tensor blk.48.ffn_up.weight
create_tensor: loading tensor blk.48.ffn_down.weight
create_tensor: loading tensor blk.48.post_ffw_norm.weight
create_tensor: loading tensor blk.49.attn_norm.weight
create_tensor: loading tensor blk.49.attn_q.weight
create_tensor: loading tensor blk.49.attn_k.weight
create_tensor: loading tensor blk.49.attn_v.weight
create_tensor: loading tensor blk.49.attn_output.weight
create_tensor: loading tensor blk.49.attn_q_norm.weight
create_tensor: loading tensor blk.49.attn_k_norm.weight
create_tensor: loading tensor blk.49.post_attention_norm.weight
create_tensor: loading tensor blk.49.layer_output_scale.weight
create_tensor: loading tensor blk.49.ffn_norm.weight
create_tensor: loading tensor blk.49.ffn_gate.weight
create_tensor: loading tensor blk.49.ffn_up.weight
create_tensor: loading tensor blk.49.ffn_down.weight
create_tensor: loading tensor blk.49.post_ffw_norm.weight
create_tensor: loading tensor blk.50.attn_norm.weight
create_tensor: loading tensor blk.50.attn_q.weight
create_tensor: loading tensor blk.50.attn_k.weight
create_tensor: loading tensor blk.50.attn_v.weight
create_tensor: loading tensor blk.50.attn_output.weight
create_tensor: loading tensor blk.50.attn_q_norm.weight
create_tensor: loading tensor blk.50.attn_k_norm.weight
create_tensor: loading tensor blk.50.post_attention_norm.weight
create_tensor: loading tensor blk.50.layer_output_scale.weight
create_tensor: loading tensor blk.50.ffn_norm.weight
create_tensor: loading tensor blk.50.ffn_gate.weight
create_tensor: loading tensor blk.50.ffn_up.weight
create_tensor: loading tensor blk.50.ffn_down.weight
create_tensor: loading tensor blk.50.post_ffw_norm.weight
create_tensor: loading tensor blk.51.attn_norm.weight
create_tensor: loading tensor blk.51.attn_q.weight
create_tensor: loading tensor blk.51.attn_k.weight
create_tensor: loading tensor blk.51.attn_v.weight
create_tensor: loading tensor blk.51.attn_output.weight
create_tensor: loading tensor blk.51.attn_q_norm.weight
create_tensor: loading tensor blk.51.attn_k_norm.weight
create_tensor: loading tensor blk.51.post_attention_norm.weight
create_tensor: loading tensor blk.51.layer_output_scale.weight
create_tensor: loading tensor blk.51.ffn_norm.weight
create_tensor: loading tensor blk.51.ffn_gate.weight
create_tensor: loading tensor blk.51.ffn_up.weight
create_tensor: loading tensor blk.51.ffn_down.weight
create_tensor: loading tensor blk.51.post_ffw_norm.weight
create_tensor: loading tensor blk.52.attn_norm.weight
create_tensor: loading tensor blk.52.attn_q.weight
create_tensor: loading tensor blk.52.attn_k.weight
create_tensor: loading tensor blk.52.attn_v.weight
create_tensor: loading tensor blk.52.attn_output.weight
create_tensor: loading tensor blk.52.attn_q_norm.weight
create_tensor: loading tensor blk.52.attn_k_norm.weight
create_tensor: loading tensor blk.52.post_attention_norm.weight
create_tensor: loading tensor blk.52.layer_output_scale.weight
create_tensor: loading tensor blk.52.ffn_norm.weight
create_tensor: loading tensor blk.52.ffn_gate.weight
create_tensor: loading tensor blk.52.ffn_up.weight
create_tensor: loading tensor blk.52.ffn_down.weight
create_tensor: loading tensor blk.52.post_ffw_norm.weight
create_tensor: loading tensor blk.53.attn_norm.weight
create_tensor: loading tensor blk.53.attn_q.weight
create_tensor: loading tensor blk.53.attn_k.weight
create_tensor: loading tensor blk.53.attn_output.weight
create_tensor: loading tensor blk.53.attn_q_norm.weight
create_tensor: loading tensor blk.53.attn_k_norm.weight
create_tensor: loading tensor blk.53.post_attention_norm.weight
create_tensor: loading tensor blk.53.layer_output_scale.weight
create_tensor: loading tensor blk.53.ffn_norm.weight
create_tensor: loading tensor blk.53.ffn_gate.weight
create_tensor: loading tensor blk.53.ffn_up.weight
create_tensor: loading tensor blk.53.ffn_down.weight
create_tensor: loading tensor blk.53.post_ffw_norm.weight
create_tensor: loading tensor blk.54.attn_norm.weight
create_tensor: loading tensor blk.54.attn_q.weight
create_tensor: loading tensor blk.54.attn_k.weight
create_tensor: loading tensor blk.54.attn_v.weight
create_tensor: loading tensor blk.54.attn_output.weight
create_tensor: loading tensor blk.54.attn_q_norm.weight
create_tensor: loading tensor blk.54.attn_k_norm.weight
create_tensor: loading tensor blk.54.post_attention_norm.weight
create_tensor: loading tensor blk.54.layer_output_scale.weight
create_tensor: loading tensor blk.54.ffn_norm.weight
create_tensor: loading tensor blk.54.ffn_gate.weight
create_tensor: loading tensor blk.54.ffn_up.weight
create_tensor: loading tensor blk.54.ffn_down.weight
create_tensor: loading tensor blk.54.post_ffw_norm.weight
create_tensor: loading tensor blk.55.attn_norm.weight
create_tensor: loading tensor blk.55.attn_q.weight
create_tensor: loading tensor blk.55.attn_k.weight
create_tensor: loading tensor blk.55.attn_v.weight
create_tensor: loading tensor blk.55.attn_output.weight
create_tensor: loading tensor blk.55.attn_q_norm.weight
create_tensor: loading tensor blk.55.attn_k_norm.weight
create_tensor: loading tensor blk.55.post_attention_norm.weight
create_tensor: loading tensor blk.55.layer_output_scale.weight
create_tensor: loading tensor blk.55.ffn_norm.weight
create_tensor: loading tensor blk.55.ffn_gate.weight
create_tensor: loading tensor blk.55.ffn_up.weight
create_tensor: loading tensor blk.55.ffn_down.weight
create_tensor: loading tensor blk.55.post_ffw_norm.weight
create_tensor: loading tensor blk.56.attn_norm.weight
create_tensor: loading tensor blk.56.attn_q.weight
create_tensor: loading tensor blk.56.attn_k.weight
create_tensor: loading tensor blk.56.attn_v.weight
create_tensor: loading tensor blk.56.attn_output.weight
create_tensor: loading tensor blk.56.attn_q_norm.weight
create_tensor: loading tensor blk.56.attn_k_norm.weight
create_tensor: loading tensor blk.56.post_attention_norm.weight
create_tensor: loading tensor blk.56.layer_output_scale.weight
create_tensor: loading tensor blk.56.ffn_norm.weight
create_tensor: loading tensor blk.56.ffn_gate.weight
create_tensor: loading tensor blk.56.ffn_up.weight
create_tensor: loading tensor blk.56.ffn_down.weight
create_tensor: loading tensor blk.56.post_ffw_norm.weight
create_tensor: loading tensor blk.57.attn_norm.weight
create_tensor: loading tensor blk.57.attn_q.weight
create_tensor: loading tensor blk.57.attn_k.weight
create_tensor: loading tensor blk.57.attn_v.weight
create_tensor: loading tensor blk.57.attn_output.weight
create_tensor: loading tensor blk.57.attn_q_norm.weight
create_tensor: loading tensor blk.57.attn_k_norm.weight
create_tensor: loading tensor blk.57.post_attention_norm.weight
create_tensor: loading tensor blk.57.layer_output_scale.weight
create_tensor: loading tensor blk.57.ffn_norm.weight
create_tensor: loading tensor blk.57.ffn_gate.weight
create_tensor: loading tensor blk.57.ffn_up.weight
create_tensor: loading tensor blk.57.ffn_down.weight
create_tensor: loading tensor blk.57.post_ffw_norm.weight
create_tensor: loading tensor blk.58.attn_norm.weight
create_tensor: loading tensor blk.58.attn_q.weight
create_tensor: loading tensor blk.58.attn_k.weight
create_tensor: loading tensor blk.58.attn_v.weight
create_tensor: loading tensor blk.58.attn_output.weight
create_tensor: loading tensor blk.58.attn_q_norm.weight
create_tensor: loading tensor blk.58.attn_k_norm.weight
create_tensor: loading tensor blk.58.post_attention_norm.weight
create_tensor: loading tensor blk.58.layer_output_scale.weight
create_tensor: loading tensor blk.58.ffn_norm.weight
create_tensor: loading tensor blk.58.ffn_gate.weight
create_tensor: loading tensor blk.58.ffn_up.weight
create_tensor: loading tensor blk.58.ffn_down.weight
create_tensor: loading tensor blk.58.post_ffw_norm.weight
create_tensor: loading tensor blk.59.attn_norm.weight
create_tensor: loading tensor blk.59.attn_q.weight
create_tensor: loading tensor blk.59.attn_k.weight
create_tensor: loading tensor blk.59.attn_output.weight
create_tensor: loading tensor blk.59.attn_q_norm.weight
create_tensor: loading tensor blk.59.attn_k_norm.weight
create_tensor: loading tensor blk.59.post_attention_norm.weight
create_tensor: loading tensor blk.59.layer_output_scale.weight
create_tensor: loading tensor blk.59.ffn_norm.weight
create_tensor: loading tensor blk.59.ffn_gate.weight
create_tensor: loading tensor blk.59.ffn_up.weight
create_tensor: loading tensor blk.59.ffn_down.weight
create_tensor: loading tensor blk.59.post_ffw_norm.weight
done_getting_tensors: tensor 'token_embd.weight' (q4_K) (and 0 others) cannot be used with preferred buffer type CUDA_Host, using CPU instead
load_tensors: offloading output layer to GPU
load_tensors: offloading 59 repeating layers to GPU
load_tensors: offloaded 61/61 layers to GPU
load_tensors:   CPU_Mapped model buffer size =   756.00 MiB
load_tensors:        CUDA0 model buffer size =  8606.22 MiB
load_tensors:        CUDA1 model buffer size =  8853.64 MiB
..............................................................................................
llama_context: constructing llama_context
llama_context: n_seq_max     = 1
llama_context: n_ctx         = 16384
llama_context: n_ctx_seq     = 16384
llama_context: n_batch       = 2048
llama_context: n_ubatch      = 512
llama_context: causal_attn   = 1
llama_context: flash_attn    = disabled
llama_context: kv_unified    = false
llama_context: freq_base     = 1000000.0
llama_context: freq_scale    = 1
llama_context: n_rs_seq      = 0
llama_context: n_outputs_max = 2048
llama_context: n_ctx_seq (16384) < n_ctx_train (262144) -- the full capacity of the model will not be utilized
set_abort_callback: call
llama_context:  CUDA_Host  output buffer size =     1.00 MiB
llama_kv_cache_iswa: using full-size SWA cache (ref: https://github.com/ggml-org/llama.cpp/pull/13194#issuecomment-2868343055)
llama_kv_cache_iswa: creating non-SWA KV cache, size = 16384 cells
llama_kv_cache: the V embeddings have different sizes across layers and FA is not enabled - padding V cache to 4096
llama_kv_cache: layer   0: filtered
llama_kv_cache: layer   1: filtered
llama_kv_cache: layer   2: filtered
llama_kv_cache: layer   3: filtered
llama_kv_cache: layer   4: filtered
llama_kv_cache: layer   5: dev = CUDA0
llama_kv_cache: layer   6: filtered
llama_kv_cache: layer   7: filtered
llama_kv_cache: layer   8: filtered
llama_kv_cache: layer   9: filtered
llama_kv_cache: layer  10: filtered
llama_kv_cache: layer  11: dev = CUDA0
llama_kv_cache: layer  12: filtered
llama_kv_cache: layer  13: filtered
llama_kv_cache: layer  14: filtered
llama_kv_cache: layer  15: filtered
llama_kv_cache: layer  16: filtered
llama_kv_cache: layer  17: dev = CUDA0
llama_kv_cache: layer  18: filtered
llama_kv_cache: layer  19: filtered
llama_kv_cache: layer  20: filtered
llama_kv_cache: layer  21: filtered
llama_kv_cache: layer  22: filtered
llama_kv_cache: layer  23: dev = CUDA0
llama_kv_cache: layer  24: filtered
llama_kv_cache: layer  25: filtered
llama_kv_cache: layer  26: filtered
llama_kv_cache: layer  27: filtered
llama_kv_cache: layer  28: filtered
llama_kv_cache: layer  29: dev = CUDA0
llama_kv_cache: layer  30: filtered
llama_kv_cache: layer  31: filtered
llama_kv_cache: layer  32: filtered
llama_kv_cache: layer  33: filtered
llama_kv_cache: layer  34: filtered
llama_kv_cache: layer  35: dev = CUDA1
llama_kv_cache: layer  36: filtered
llama_kv_cache: layer  37: filtered
llama_kv_cache: layer  38: filtered
llama_kv_cache: layer  39: filtered
llama_kv_cache: layer  40: filtered
llama_kv_cache: layer  41: dev = CUDA1
llama_kv_cache: layer  42: filtered
llama_kv_cache: layer  43: filtered
llama_kv_cache: layer  44: filtered
llama_kv_cache: layer  45: filtered
llama_kv_cache: layer  46: filtered
llama_kv_cache: layer  47: dev = CUDA1
llama_kv_cache: layer  48: filtered
llama_kv_cache: layer  49: filtered
llama_kv_cache: layer  50: filtered
llama_kv_cache: layer  51: filtered
llama_kv_cache: layer  52: filtered
llama_kv_cache: layer  53: dev = CUDA1
llama_kv_cache: layer  54: filtered
llama_kv_cache: layer  55: filtered
llama_kv_cache: layer  56: filtered
llama_kv_cache: layer  57: filtered
llama_kv_cache: layer  58: filtered
llama_kv_cache: layer  59: dev = CUDA1
llama_kv_cache: reusing layers:
llama_kv_cache: - layer   0: no reuse
llama_kv_cache: - layer   1: no reuse
llama_kv_cache: - layer   2: no reuse
llama_kv_cache: - layer   3: no reuse
llama_kv_cache: - layer   4: no reuse
llama_kv_cache: - layer   5: no reuse
llama_kv_cache: - layer   6: no reuse
llama_kv_cache: - layer   7: no reuse
llama_kv_cache: - layer   8: no reuse
llama_kv_cache: - layer   9: no reuse
llama_kv_cache: - layer  10: no reuse
llama_kv_cache: - layer  11: no reuse
llama_kv_cache: - layer  12: no reuse
llama_kv_cache: - layer  13: no reuse
llama_kv_cache: - layer  14: no reuse
llama_kv_cache: - layer  15: no reuse
llama_kv_cache: - layer  16: no reuse
llama_kv_cache: - layer  17: no reuse
llama_kv_cache: - layer  18: no reuse
llama_kv_cache: - layer  19: no reuse
llama_kv_cache: - layer  20: no reuse
llama_kv_cache: - layer  21: no reuse
llama_kv_cache: - layer  22: no reuse
llama_kv_cache: - layer  23: no reuse
llama_kv_cache: - layer  24: no reuse
llama_kv_cache: - layer  25: no reuse
llama_kv_cache: - layer  26: no reuse
llama_kv_cache: - layer  27: no reuse
llama_kv_cache: - layer  28: no reuse
llama_kv_cache: - layer  29: no reuse
llama_kv_cache: - layer  30: no reuse
llama_kv_cache: - layer  31: no reuse
llama_kv_cache: - layer  32: no reuse
llama_kv_cache: - layer  33: no reuse
llama_kv_cache: - layer  34: no reuse
llama_kv_cache: - layer  35: no reuse
llama_kv_cache: - layer  36: no reuse
llama_kv_cache: - layer  37: no reuse
llama_kv_cache: - layer  38: no reuse
llama_kv_cache: - layer  39: no reuse
llama_kv_cache: - layer  40: no reuse
llama_kv_cache: - layer  41: no reuse
llama_kv_cache: - layer  42: no reuse
llama_kv_cache: - layer  43: no reuse
llama_kv_cache: - layer  44: no reuse
llama_kv_cache: - layer  45: no reuse
llama_kv_cache: - layer  46: no reuse
llama_kv_cache: - layer  47: no reuse
llama_kv_cache: - layer  48: no reuse
llama_kv_cache: - layer  49: no reuse
llama_kv_cache: - layer  50: no reuse
llama_kv_cache: - layer  51: no reuse
llama_kv_cache: - layer  52: no reuse
llama_kv_cache: - layer  53: no reuse
llama_kv_cache: - layer  54: no reuse
llama_kv_cache: - layer  55: no reuse
llama_kv_cache: - layer  56: no reuse
llama_kv_cache: - layer  57: no reuse
llama_kv_cache: - layer  58: no reuse
llama_kv_cache: - layer  59: no reuse
llama_kv_cache:      CUDA0 KV buffer size =   960.00 MiB
llama_kv_cache:      CUDA1 KV buffer size =   960.00 MiB
llama_kv_cache: size = 1920.00 MiB ( 16384 cells,  10 layers,  1/1 seqs), K (f16):  640.00 MiB, V (f16): 1280.00 MiB
llama_kv_cache: attn_rot_k = 0, n_embd_head_k_all = 512
llama_kv_cache: attn_rot_v = 0, n_embd_head_k_all = 512
llama_kv_cache_iswa: creating     SWA KV cache, size = 16384 cells
llama_kv_cache: the V embeddings have different sizes across layers and FA is not enabled - padding V cache to 4096
llama_kv_cache: layer   0: dev = CUDA0
llama_kv_cache: layer   1: dev = CUDA0
llama_kv_cache: layer   2: dev = CUDA0
llama_kv_cache: layer   3: dev = CUDA0
llama_kv_cache: layer   4: dev = CUDA0
llama_kv_cache: layer   5: filtered
llama_kv_cache: layer   6: dev = CUDA0
llama_kv_cache: layer   7: dev = CUDA0
llama_kv_cache: layer   8: dev = CUDA0
llama_kv_cache: layer   9: dev = CUDA0
llama_kv_cache: layer  10: dev = CUDA0
llama_kv_cache: layer  11: filtered
llama_kv_cache: layer  12: dev = CUDA0
llama_kv_cache: layer  13: dev = CUDA0
llama_kv_cache: layer  14: dev = CUDA0
llama_kv_cache: layer  15: dev = CUDA0
llama_kv_cache: layer  16: dev = CUDA0
llama_kv_cache: layer  17: filtered
llama_kv_cache: layer  18: dev = CUDA0
llama_kv_cache: layer  19: dev = CUDA0
llama_kv_cache: layer  20: dev = CUDA0
llama_kv_cache: layer  21: dev = CUDA0
llama_kv_cache: layer  22: dev = CUDA0
llama_kv_cache: layer  23: filtered
llama_kv_cache: layer  24: dev = CUDA0
llama_kv_cache: layer  25: dev = CUDA0
llama_kv_cache: layer  26: dev = CUDA0
llama_kv_cache: layer  27: dev = CUDA0
llama_kv_cache: layer  28: dev = CUDA0
llama_kv_cache: layer  29: filtered
llama_kv_cache: layer  30: dev = CUDA0
llama_kv_cache: layer  31: dev = CUDA1
llama_kv_cache: layer  32: dev = CUDA1
llama_kv_cache: layer  33: dev = CUDA1
llama_kv_cache: layer  34: dev = CUDA1
llama_kv_cache: layer  35: filtered
llama_kv_cache: layer  36: dev = CUDA1
llama_kv_cache: layer  37: dev = CUDA1
llama_kv_cache: layer  38: dev = CUDA1
llama_kv_cache: layer  39: dev = CUDA1
llama_kv_cache: layer  40: dev = CUDA1
llama_kv_cache: layer  41: filtered
llama_kv_cache: layer  42: dev = CUDA1
llama_kv_cache: layer  43: dev = CUDA1
llama_kv_cache: layer  44: dev = CUDA1
llama_kv_cache: layer  45: dev = CUDA1
llama_kv_cache: layer  46: dev = CUDA1
llama_kv_cache: layer  47: filtered
llama_kv_cache: layer  48: dev = CUDA1
llama_kv_cache: layer  49: dev = CUDA1
llama_kv_cache: layer  50: dev = CUDA1
llama_kv_cache: layer  51: dev = CUDA1
llama_kv_cache: layer  52: dev = CUDA1
llama_kv_cache: layer  53: filtered
llama_kv_cache: layer  54: dev = CUDA1
llama_kv_cache: layer  55: dev = CUDA1
llama_kv_cache: layer  56: dev = CUDA1
llama_kv_cache: layer  57: dev = CUDA1
llama_kv_cache: layer  58: dev = CUDA1
llama_kv_cache: layer  59: filtered
llama_kv_cache: reusing layers:
llama_kv_cache: - layer   0: no reuse
llama_kv_cache: - layer   1: no reuse
llama_kv_cache: - layer   2: no reuse
llama_kv_cache: - layer   3: no reuse
llama_kv_cache: - layer   4: no reuse
llama_kv_cache: - layer   5: no reuse
llama_kv_cache: - layer   6: no reuse
llama_kv_cache: - layer   7: no reuse
llama_kv_cache: - layer   8: no reuse
llama_kv_cache: - layer   9: no reuse
llama_kv_cache: - layer  10: no reuse
llama_kv_cache: - layer  11: no reuse
llama_kv_cache: - layer  12: no reuse
llama_kv_cache: - layer  13: no reuse
llama_kv_cache: - layer  14: no reuse
llama_kv_cache: - layer  15: no reuse
llama_kv_cache: - layer  16: no reuse
llama_kv_cache: - layer  17: no reuse
llama_kv_cache: - layer  18: no reuse
llama_kv_cache: - layer  19: no reuse
llama_kv_cache: - layer  20: no reuse
llama_kv_cache: - layer  21: no reuse
llama_kv_cache: - layer  22: no reuse
llama_kv_cache: - layer  23: no reuse
llama_kv_cache: - layer  24: no reuse
llama_kv_cache: - layer  25: no reuse
llama_kv_cache: - layer  26: no reuse
llama_kv_cache: - layer  27: no reuse
llama_kv_cache: - layer  28: no reuse
llama_kv_cache: - layer  29: no reuse
llama_kv_cache: - layer  30: no reuse
llama_kv_cache: - layer  31: no reuse
llama_kv_cache: - layer  32: no reuse
llama_kv_cache: - layer  33: no reuse
llama_kv_cache: - layer  34: no reuse
llama_kv_cache: - layer  35: no reuse
llama_kv_cache: - layer  36: no reuse
llama_kv_cache: - layer  37: no reuse
llama_kv_cache: - layer  38: no reuse
llama_kv_cache: - layer  39: no reuse
llama_kv_cache: - layer  40: no reuse
llama_kv_cache: - layer  41: no reuse
llama_kv_cache: - layer  42: no reuse
llama_kv_cache: - layer  43: no reuse
llama_kv_cache: - layer  44: no reuse
llama_kv_cache: - layer  45: no reuse
llama_kv_cache: - layer  46: no reuse
llama_kv_cache: - layer  47: no reuse
llama_kv_cache: - layer  48: no reuse
llama_kv_cache: - layer  49: no reuse
llama_kv_cache: - layer  50: no reuse
llama_kv_cache: - layer  51: no reuse
llama_kv_cache: - layer  52: no reuse
llama_kv_cache: - layer  53: no reuse
llama_kv_cache: - layer  54: no reuse
llama_kv_cache: - layer  55: no reuse
llama_kv_cache: - layer  56: no reuse
llama_kv_cache: - layer  57: no reuse
llama_kv_cache: - layer  58: no reuse
llama_kv_cache: - layer  59: no reuse
llama_kv_cache:      CUDA0 KV buffer size =  6656.00 MiB
llama_kv_cache:      CUDA1 KV buffer size =  6144.00 MiB
llama_kv_cache: size = 12800.00 MiB ( 16384 cells,  50 layers,  1/1 seqs), K (f16): 6400.00 MiB, V (f16): 6400.00 MiB
llama_kv_cache: attn_rot_k = 0, n_embd_head_k_all = 256
llama_kv_cache: attn_rot_v = 0, n_embd_head_k_all = 256
llama_context: enumerating backends
llama_context: backend_ptrs.size() = 3
llama_context: pipeline parallelism enabled
sched_reserve: reserving ...
sched_reserve: max_nodes = 6680
sched_reserve: reserving full memory module
sched_reserve: worst-case: n_tokens = 512, n_seqs = 1, n_outputs = 1
sched_reserve: resolving fused Gated Delta Net support:
graph_reserve: reserving a graph for ubatch with n_tokens =    1, n_seqs =  1, n_outputs =    1
sched_reserve: fused Gated Delta Net (autoregressive) enabled
graph_reserve: reserving a graph for ubatch with n_tokens =   16, n_seqs =  1, n_outputs =   16
sched_reserve: fused Gated Delta Net (chunked) enabled
graph_reserve: reserving a graph for ubatch with n_tokens =  512, n_seqs =  1, n_outputs =  512
graph_reserve: reserving a graph for ubatch with n_tokens =    1, n_seqs =  1, n_outputs =    1
graph_reserve: reserving a graph for ubatch with n_tokens =  512, n_seqs =  1, n_outputs =  512
sched_reserve:      CUDA0 compute buffer size =  1535.04 MiB
sched_reserve:      CUDA1 compute buffer size =  1535.05 MiB
sched_reserve:  CUDA_Host compute buffer size =   405.05 MiB
sched_reserve: graph nodes  = 2769
sched_reserve: graph splits = 3
sched_reserve: reserve took 87.74 ms, sched copies = 4
CUDA : ARCHS = 860 | USE_GRAPHS = 1 | PEER_MAX_BATCH_SIZE = 128 | CPU : SSE3 = 1 | SSSE3 = 1 | AVX = 1 | AVX_VNNI = 1 | AVX2 = 1 | F16C = 1 | FMA = 1 | BMI2 = 1 | AVX512 = 1 | AVX512_VBMI = 1 | AVX512_VNNI = 1 | AVX512_BF16 = 1 | LLAMAFILE = 1 | OPENMP = 1 | REPACK = 1 | 
Model metadata: {'quantize.imatrix.chunks_count': '141', 'general.quantization_version': '2', 'tokenizer.chat_template': '{%- macro format_parameters(properties, required, filter_keys=false) -%}\n    {%- set standard_keys = [\'description\', \'type\', \'properties\', \'required\', \'nullable\'] -%}\n    {%- set ns = namespace(found_first=false) -%}\n    {%- for key, value in properties | dictsort -%}\n        {%- set add_comma = false -%}\n        {%- if not filter_keys or key not in standard_keys -%}\n            {%- if ns.found_first %},{% endif -%}\n            {%- set ns.found_first = true -%}\n            {{ key }}:{\n            {%- if value[\'description\'] -%}\n                description:<|"|>{{ value[\'description\'] }}<|"|>\n                {%- set add_comma = true -%}\n            {%- endif -%}\n            {%- if value[\'type\'] | upper == \'STRING\' -%}\n                {%- if value[\'enum\'] -%}\n                    {%- if add_comma %},{%- else -%} {%- set add_comma = true -%} {% endif -%}\n                    enum:{{ format_argument(value[\'enum\']) }}\n                {%- endif -%}\n            {%- elif value[\'type\'] | upper == \'ARRAY\' -%}\n                {%- if value[\'items\'] is mapping and value[\'items\'] -%}\n                    {%- if add_comma %},{%- else -%} {%- set add_comma = true -%} {% endif -%}\n                    items:{\n                    {%- set ns_items = namespace(found_first=false) -%}\n                    {%- for item_key, item_value in value[\'items\'] | dictsort -%}\n                        {%- if item_value is not none -%}\n                            {%- if ns_items.found_first %},{% endif -%}\n                            {%- set ns_items.found_first = true -%}\n                            {%- if item_key == \'properties\' -%}\n                                properties:{\n                                {%- if item_value is mapping -%}\n                                    {{- format_parameters(item_value, value[\'items\'][\'required\'] | default([])) -}}\n                                {%- endif -%}\n                                }\n                            {%- elif item_key == \'required\' -%}\n                                required:[\n                                {%- for req_item in item_value -%}\n                                    <|"|>{{- req_item -}}<|"|>\n                                    {%- if not loop.last %},{% endif -%}\n                                {%- endfor -%}\n                                ]\n                            {%- elif item_key == \'type\' -%}\n                                {%- if item_value is string -%}\n                                    type:{{ format_argument(item_value | upper) }}\n                                {%- else -%}\n                                    type:{{ format_argument(item_value | map(\'upper\') | list) }}\n                                {%- endif -%}\n                            {%- else -%}\n                                {{ item_key }}:{{ format_argument(item_value) }}\n                            {%- endif -%}\n                        {%- endif -%}\n                    {%- endfor -%}\n                    }\n                {%- endif -%}\n            {%- endif -%}\n            {%- if value[\'nullable\'] %}\n                {%- if add_comma %},{%- else -%} {%- set add_comma = true -%} {% endif -%}\n                nullable:true\n            {%- endif -%}\n            {%- if value[\'type\'] | upper == \'OBJECT\' -%}\n                {%- if value[\'properties\'] is defined and value[\'properties\'] is mapping -%}\n                    {%- if add_comma %},{%- else -%} {%- set add_comma = true -%} {% endif -%}\n                    properties:{\n                    {{- format_parameters(value[\'properties\'], value[\'required\'] | default([])) -}}\n                    }\n                {%- elif value is mapping -%}\n                    {%- if add_comma %},{%- else -%} {%- set add_comma = true -%} {% endif -%}\n                    properties:{\n                    {{- format_parameters(value, value[\'required\'] | default([]), filter_keys=true) -}}\n                    }\n                {%- endif -%}\n                {%- if value[\'required\'] -%}\n                    {%- if add_comma %},{%- else -%} {%- set add_comma = true -%} {% endif -%}\n                    required:[\n                    {%- for item in value[\'required\'] | default([]) -%}\n                        <|"|>{{- item -}}<|"|>\n                        {%- if not loop.last %},{% endif -%}\n                    {%- endfor -%}\n                    ]\n                {%- endif -%}\n            {%- endif -%}\n            {%- if add_comma %},{%- else -%} {%- set add_comma = true -%} {% endif -%}\n            type:<|"|>{{ value[\'type\'] | upper }}<|"|>}\n        {%- endif -%}\n    {%- endfor -%}\n{%- endmacro -%}\n{%- macro format_function_declaration(tool_data) -%}\n    declaration:{{- tool_data[\'function\'][\'name\'] -}}{description:<|"|>{{- tool_data[\'function\'][\'description\'] -}}<|"|>\n    {%- set params = tool_data[\'function\'][\'parameters\'] -%}\n    {%- if params -%}\n        ,parameters:{\n        {%- if params[\'properties\'] -%}\n            properties:{ {{- format_parameters(params[\'properties\'], params[\'required\']) -}} },\n        {%- endif -%}\n        {%- if params[\'required\'] -%}\n            required:[\n            {%- for item in params[\'required\'] -%}\n                <|"|>{{- item -}}<|"|>\n                {{- \',\' if not loop.last -}}\n            {%- endfor -%}\n            ],\n        {%- endif -%}\n        {%- if params[\'type\'] -%}\n            type:<|"|>{{- params[\'type\'] | upper -}}<|"|>}\n        {%- endif -%}\n    {%- endif -%}\n    {%- if \'response\' in tool_data[\'function\'] -%}\n        {%- set response_declaration = tool_data[\'function\'][\'response\'] -%}\n        ,response:{\n        {%- if response_declaration[\'description\'] -%}\n            description:<|"|>{{- response_declaration[\'description\'] -}}<|"|>,\n        {%- endif -%}\n        {%- if response_declaration[\'type\'] | upper == \'OBJECT\' -%}\n            type:<|"|>{{- response_declaration[\'type\'] | upper -}}<|"|>}\n        {%- endif -%}\n    {%- endif -%}\n    }\n{%- endmacro -%}\n{%- macro format_argument(argument, escape_keys=True) -%}\n    {%- if argument is string -%}\n        {{- \'<|"|>\' + argument + \'<|"|>\' -}}\n    {%- elif argument is boolean -%}\n        {{- \'true\' if argument else \'false\' -}}\n    {%- elif argument is mapping -%}\n        {{- \'{\' -}}\n        {%- set ns = namespace(found_first=false) -%}\n        {%- for key, value in argument | dictsort -%}\n            {%- if ns.found_first %},{% endif -%}\n            {%- set ns.found_first = true -%}\n            {%- if escape_keys -%}\n                {{- \'<|"|>\' + key + \'<|"|>\' -}}\n            {%- else -%}\n                {{- key -}}\n            {%- endif -%}\n            :{{- format_argument(value, escape_keys=escape_keys) -}}\n        {%- endfor -%}\n        {{- \'}\' -}}\n    {%- elif argument is sequence -%}\n        {{- \'[\' -}}\n        {%- for item in argument -%}\n            {{- format_argument(item, escape_keys=escape_keys) -}}\n            {%- if not loop.last %},{% endif -%}\n        {%- endfor -%}\n        {{- \']\' -}}\n    {%- else -%}\n        {{- argument -}}\n    {%- endif -%}\n{%- endmacro -%}\n{%- macro strip_thinking(text) -%}\n    {%- set ns = namespace(result=\'\') -%}\n    {%- for part in text.split(\'<channel|>\') -%}\n        {%- if \'<|channel>\' in part -%}\n            {%- set ns.result = ns.result + part.split(\'<|channel>\')[0] -%}\n        {%- else -%}\n            {%- set ns.result = ns.result + part -%}\n        {%- endif -%}\n    {%- endfor -%}\n    {{- ns.result | trim -}}\n{%- endmacro -%}\n\n{%- macro format_tool_response_block(tool_name, response) -%}\n    {{- \'<|tool_response>\' -}}\n    {%- if response is mapping -%}\n        {{- \'response:\' + tool_name + \'{\' -}}\n        {%- for key, value in response | dictsort -%}\n            {{- key -}}:{{- format_argument(value, escape_keys=False) -}}\n            {%- if not loop.last %},{% endif -%}\n        {%- endfor -%}\n        {{- \'}\' -}}\n    {%- else -%}\n        {{- \'response:\' + tool_name + \'{value:\' + format_argument(response, escape_keys=False) + \'}\' -}}\n    {%- endif -%}\n    {{- \'<tool_response|>\' -}}\n{%- endmacro -%}\n\n{%- set ns = namespace(prev_message_type=None) -%}\n{%- set loop_messages = messages -%}\n{{- bos_token -}}\n{#- Handle System/Tool Definitions Block -#}\n{%- if (enable_thinking is defined and enable_thinking) or tools or messages[0][\'role\'] in [\'system\', \'developer\'] -%}\n    {{- \'<|turn>system\\n\' -}}\n    {#- Inject Thinking token at the very top of the FIRST system turn -#}\n    {%- if enable_thinking is defined and enable_thinking -%}\n        {{- \'<|think|>\\n\' -}}\n        {%- set ns.prev_message_type = \'think\' -%}\n    {%- endif -%}\n    {%- if messages[0][\'role\'] in [\'system\', \'developer\'] -%}\n        {%- if messages[0][\'content\'] is string -%}\n            {{- messages[0][\'content\'] | trim -}}\n        {%- elif messages[0][\'content\'] is sequence -%}\n            {%- for item in messages[0][\'content\'] -%}\n                {{- item[\'text\'] | trim + \' \'-}}\n            {%- endfor -%}\n        {%- endif -%}\n        {%- set loop_messages = messages[1:] -%}\n    {%- endif -%}\n    {%- if tools -%}\n        {%- for tool in tools %}\n            {{- \'<|tool>\' -}}\n            {{- format_function_declaration(tool) | trim -}}\n            {{- \'<tool|>\' -}}\n        {%- endfor %}\n        {%- set ns.prev_message_type = \'tool\' -%}\n    {%- endif -%}\n    {{- \'<turn|>\\n\' -}}\n{%- endif %}\n\n{#- Pre-scan: find last user message index for reasoning guard -#}\n{%- set ns_turn = namespace(last_user_idx=-1) -%}\n{%- for i in range(loop_messages | length) -%}\n    {%- if loop_messages[i][\'role\'] == \'user\' -%}\n        {%- set ns_turn.last_user_idx = i -%}\n    {%- endif -%}\n{%- endfor -%}\n\n{#- Loop through messages -#}\n{%- for message in loop_messages -%}\n    {%- if message[\'role\'] != \'tool\' -%}\n    {%- set ns.prev_message_type = None -%}\n    {%- set role = \'model\' if message[\'role\'] == \'assistant\' else message[\'role\'] -%}\n    {#- Detect continuation: suppress duplicate <|turn>model when previous non-tool message was also assistant -#}\n    {%- set prev_nt = namespace(role=None, found=false) -%}\n    {%- if loop.index0 > 0 -%}\n        {%- for j in range(loop.index0 - 1, -1, -1) -%}\n            {%- if not prev_nt.found -%}\n                {%- if loop_messages[j][\'role\'] != \'tool\' -%}\n                    {%- set prev_nt.role = loop_messages[j][\'role\'] -%}\n                    {%- set prev_nt.found = true -%}\n                {%- endif -%}\n            {%- endif -%}\n        {%- endfor -%}\n    {%- endif -%}\n    {%- set continue_same_model_turn = (role == \'model\' and prev_nt.role == \'assistant\') -%}\n    {%- if not continue_same_model_turn -%}\n        {{- \'<|turn>\' + role + \'\\n\' }}\n    {%- endif -%}\n\n    {#- Render reasoning/reasoning_content as thinking channel -#}\n    {%- set thinking_text = message.get(\'reasoning\') or message.get(\'reasoning_content\') -%}\n    {%- if thinking_text and loop.index0 > ns_turn.last_user_idx and message.get(\'tool_calls\') -%}\n        {{- \'<|channel>thought\\n\' + thinking_text + \'\\n<channel|>\' -}}\n    {%- endif -%}\n\n            {%- if message[\'tool_calls\'] -%}\n                {%- for tool_call in message[\'tool_calls\'] -%}\n                    {%- set function = tool_call[\'function\'] -%}\n                    {{- \'<|tool_call>call:\' + function[\'name\'] + \'{\' -}}\n                    {%- if function[\'arguments\'] is mapping -%}\n                        {%- set ns_args = namespace(found_first=false) -%}\n                        {%- for key, value in function[\'arguments\'] | dictsort -%}\n                            {%- if ns_args.found_first %},{% endif -%}\n                            {%- set ns_args.found_first = true -%}\n                            {{- key -}}:{{- format_argument(value, escape_keys=False) -}}\n                        {%- endfor -%}\n                    {%- elif function[\'arguments\'] is string -%}\n                        {{- function[\'arguments\'] -}}\n                    {%- endif -%}\n                    {{- \'}<tool_call|>\' -}}\n                {%- endfor -%}\n                {%- set ns.prev_message_type = \'tool_call\' -%}\n            {%- endif -%}\n\n            {%- set ns_tr_out = namespace(flag=false) -%}\n            {%- if message.get(\'tool_responses\') -%}\n                {#- Legacy: tool_responses embedded on the assistant message (Google/Gemma native) -#}\n                {%- for tool_response in message[\'tool_responses\'] -%}\n                    {{- format_tool_response_block(tool_response[\'name\'] | default(\'unknown\'), tool_response[\'response\']) -}}\n                    {%- set ns_tr_out.flag = true -%}\n                    {%- set ns.prev_message_type = \'tool_response\' -%}\n                {%- endfor -%}\n            {%- elif message.get(\'tool_calls\') -%}\n                {#- OpenAI Chat Completions: forward-scan consecutive role:tool messages -#}\n                {%- set ns_tool_scan = namespace(stopped=false) -%}\n                {%- for k in range(loop.index0 + 1, loop_messages | length) -%}\n                    {%- if ns_tool_scan.stopped -%}\n                    {%- elif loop_messages[k][\'role\'] != \'tool\' -%}\n                        {%- set ns_tool_scan.stopped = true -%}\n                    {%- else -%}\n                        {%- set follow = loop_messages[k] -%}\n                        {#- Resolve tool_call_id to function name -#}\n                        {%- set ns_tname = namespace(name=follow.get(\'name\') | default(\'unknown\')) -%}\n                        {%- for tc in message[\'tool_calls\'] -%}\n                            {%- if tc.get(\'id\') == follow.get(\'tool_call_id\') -%}\n                                {%- set ns_tname.name = tc[\'function\'][\'name\'] -%}\n                            {%- endif -%}\n                        {%- endfor -%}\n                        {#- Handle content as string or content-parts array -#}\n                        {%- set tool_body = follow.get(\'content\') -%}\n                        {%- if tool_body is string -%}\n                            {{- format_tool_response_block(ns_tname.name, tool_body) -}}\n                        {%- elif tool_body is sequence and tool_body is not string -%}\n                            {%- set ns_txt = namespace(s=\'\') -%}\n                            {%- for part in tool_body -%}\n                                {%- if part.get(\'type\') == \'text\' -%}\n                                    {%- set ns_txt.s = ns_txt.s + (part.get(\'text\') | default(\'\')) -%}\n                                {%- endif -%}\n                            {%- endfor -%}\n                            {{- format_tool_response_block(ns_tname.name, ns_txt.s) -}}\n                        {%- else -%}\n                            {{- format_tool_response_block(ns_tname.name, tool_body) -}}\n                        {%- endif -%}\n                        {%- set ns_tr_out.flag = true -%}\n                        {%- set ns.prev_message_type = \'tool_response\' -%}\n                    {%- endif -%}\n                {%- endfor -%}\n            {%- endif -%}\n\n            {%- set captured_content -%}\n            {%- if message[\'content\'] is string -%}\n                {%- if role == \'model\' -%}\n                    {{- strip_thinking(message[\'content\']) -}}\n                {%- else -%}\n                    {{- message[\'content\'] | trim -}}\n                {%- endif -%}\n            {%- elif message[\'content\'] is sequence -%}\n                {%- for item in message[\'content\'] -%}\n                    {%- if item[\'type\'] == \'text\' -%}\n                        {%- if role == \'model\' -%}\n                            {{- strip_thinking(item[\'text\']) -}}\n                        {%- else -%}\n                            {{- item[\'text\'] | trim -}}\n                        {%- endif -%}\n                    {%- elif item[\'type\'] == \'image\' -%}\n                        {{- \'<|image|>\' -}}\n                        {%- set ns.prev_message_type = \'image\' -%}\n                    {%- elif item[\'type\'] == \'audio\' -%}\n                        {{- \'<|audio|>\' -}}\n                        {%- set ns.prev_message_type = \'audio\' -%}\n                    {%- elif item[\'type\'] == \'video\' -%}\n                        {{- \'<|video|>\' -}}\n                        {%- set ns.prev_message_type = \'video\' -%}\n                    {%- endif -%}\n                {%- endfor -%}\n            {%- endif -%}\n            {%- endset -%}\n\n            {{- captured_content -}}\n            {%- set has_content = captured_content | trim | length > 0 -%}\n\n        {%- if ns.prev_message_type == \'tool_call\' and not ns_tr_out.flag -%}\n            {{- \'<|tool_response>\' -}}\n        {%- elif not (ns_tr_out.flag and not has_content) -%}\n            {{- \'<turn|>\\n\' -}}\n        {%- endif -%}\n    {%- endif -%}\n{%- endfor -%}\n\n{%- if add_generation_prompt -%}\n    {%- if ns.prev_message_type != \'tool_response\' and ns.prev_message_type != \'tool_call\' -%}\n        {{- \'<|turn>model\\n\' -}}\n        {%- if not enable_thinking | default(false) -%}\n            {{- \'<|channel>thought\\n<channel|>\' -}}\n        {%- endif -%}\n    {%- endif -%}\n{%- endif -%}', 'tokenizer.ggml.mask_token_id': '4', 'tokenizer.ggml.padding_token_id': '0', 'tokenizer.ggml.unknown_token_id': '3', 'tokenizer.ggml.eos_token_id': '106', 'gemma4.rope.dimension_count_swa': '256', 'quantize.imatrix.file': 'gemma-4-31B-it-GGUF/imatrix_unsloth.gguf', 'tokenizer.ggml.add_space_prefix': 'false', 'gemma4.rope.dimension_count': '512', 'gemma4.attention.value_length_swa': '256', 'tokenizer.ggml.model': 'gemma4', 'gemma4.embedding_length_per_layer_input': '0', 'general.repo_url': 'https://huggingface.co/unsloth', 'general.license.link': 'https://ai.google.dev/gemma/docs/gemma_4_license', 'gemma4.attention.shared_kv_layers': '0', 'general.type': 'model', 'general.quantized_by': 'Unsloth', 'gemma4.rope.freq_base_swa': '10000.000000', 'general.file_type': '15', 'general.finetune': 'it', 'tokenizer.ggml.bos_token_id': '2', 'gemma4.feed_forward_length': '21504', 'general.name': 'Gemma-4-31B-It', 'quantize.imatrix.entries_count': '410', 'gemma4.attention.sliding_window': '1024', 'general.license': 'apache-2.0', 'general.base_model.0.repo_url': 'https://huggingface.co/google/gemma-4-31B-it', 'general.sampling.temp': '1.000000', 'general.sampling.top_p': '0.950000', 'general.basename': 'Gemma-4-31B-It', 'general.sampling.top_k': '64', 'gemma4.attention.key_length_swa': '256', 'general.architecture': 'gemma4', 'quantize.imatrix.dataset': 'unsloth_calibration_gemma-4-31B-it.txt', 'general.base_model.0.name': 'Gemma 4 31B It', 'general.base_model.0.organization': 'Google', 'general.base_model.count': '1', 'gemma4.context_length': '262144', 'gemma4.embedding_length': '5376', 'tokenizer.ggml.add_bos_token': 'true', 'general.size_label': '31B', 'gemma4.rope.freq_base': '1000000.000000', 'gemma4.attention.layer_norm_rms_epsilon': '0.000001', 'gemma4.attention.head_count': '32', 'gemma4.attention.key_length': '512', 'gemma4.attention.value_length': '512', 'gemma4.block_count': '60', 'gemma4.final_logit_softcapping': '30.000000'}
Available chat formats from metadata: chat_template.default
Using gguf chat template: {%- macro format_parameters(properties, required, filter_keys=false) -%}
    {%- set standard_keys = ['description', 'type', 'properties', 'required', 'nullable'] -%}
    {%- set ns = namespace(found_first=false) -%}
    {%- for key, value in properties | dictsort -%}
        {%- set add_comma = false -%}
        {%- if not filter_keys or key not in standard_keys -%}
            {%- if ns.found_first %},{% endif -%}
            {%- set ns.found_first = true -%}
            {{ key }}:{
            {%- if value['description'] -%}
                description:<|"|>{{ value['description'] }}<|"|>
                {%- set add_comma = true -%}
            {%- endif -%}
            {%- if value['type'] | upper == 'STRING' -%}
                {%- if value['enum'] -%}
                    {%- if add_comma %},{%- else -%} {%- set add_comma = true -%} {% endif -%}
                    enum:{{ format_argument(value['enum']) }}
                {%- endif -%}
            {%- elif value['type'] | upper == 'ARRAY' -%}
                {%- if value['items'] is mapping and value['items'] -%}
                    {%- if add_comma %},{%- else -%} {%- set add_comma = true -%} {% endif -%}
                    items:{
                    {%- set ns_items = namespace(found_first=false) -%}
                    {%- for item_key, item_value in value['items'] | dictsort -%}
                        {%- if item_value is not none -%}
                            {%- if ns_items.found_first %},{% endif -%}
                            {%- set ns_items.found_first = true -%}
                            {%- if item_key == 'properties' -%}
                                properties:{
                                {%- if item_value is mapping -%}
                                    {{- format_parameters(item_value, value['items']['required'] | default([])) -}}
                                {%- endif -%}
                                }
                            {%- elif item_key == 'required' -%}
                                required:[
                                {%- for req_item in item_value -%}
                                    <|"|>{{- req_item -}}<|"|>
                                    {%- if not loop.last %},{% endif -%}
                                {%- endfor -%}
                                ]
                            {%- elif item_key == 'type' -%}
                                {%- if item_value is string -%}
                                    type:{{ format_argument(item_value | upper) }}
                                {%- else -%}
                                    type:{{ format_argument(item_value | map('upper') | list) }}
                                {%- endif -%}
                            {%- else -%}
                                {{ item_key }}:{{ format_argument(item_value) }}
                            {%- endif -%}
                        {%- endif -%}
                    {%- endfor -%}
                    }
                {%- endif -%}
            {%- endif -%}
            {%- if value['nullable'] %}
                {%- if add_comma %},{%- else -%} {%- set add_comma = true -%} {% endif -%}
                nullable:true
            {%- endif -%}
            {%- if value['type'] | upper == 'OBJECT' -%}
                {%- if value['properties'] is defined and value['properties'] is mapping -%}
                    {%- if add_comma %},{%- else -%} {%- set add_comma = true -%} {% endif -%}
                    properties:{
                    {{- format_parameters(value['properties'], value['required'] | default([])) -}}
                    }
                {%- elif value is mapping -%}
                    {%- if add_comma %},{%- else -%} {%- set add_comma = true -%} {% endif -%}
                    properties:{
                    {{- format_parameters(value, value['required'] | default([]), filter_keys=true) -}}
                    }
                {%- endif -%}
                {%- if value['required'] -%}
                    {%- if add_comma %},{%- else -%} {%- set add_comma = true -%} {% endif -%}
                    required:[
                    {%- for item in value['required'] | default([]) -%}
                        <|"|>{{- item -}}<|"|>
                        {%- if not loop.last %},{% endif -%}
                    {%- endfor -%}
                    ]
                {%- endif -%}
            {%- endif -%}
            {%- if add_comma %},{%- else -%} {%- set add_comma = true -%} {% endif -%}
            type:<|"|>{{ value['type'] | upper }}<|"|>}
        {%- endif -%}
    {%- endfor -%}
{%- endmacro -%}
{%- macro format_function_declaration(tool_data) -%}
    declaration:{{- tool_data['function']['name'] -}}{description:<|"|>{{- tool_data['function']['description'] -}}<|"|>
    {%- set params = tool_data['function']['parameters'] -%}
    {%- if params -%}
        ,parameters:{
        {%- if params['properties'] -%}
            properties:{ {{- format_parameters(params['properties'], params['required']) -}} },
        {%- endif -%}
        {%- if params['required'] -%}
            required:[
            {%- for item in params['required'] -%}
                <|"|>{{- item -}}<|"|>
                {{- ',' if not loop.last -}}
            {%- endfor -%}
            ],
        {%- endif -%}
        {%- if params['type'] -%}
            type:<|"|>{{- params['type'] | upper -}}<|"|>}
        {%- endif -%}
    {%- endif -%}
    {%- if 'response' in tool_data['function'] -%}
        {%- set response_declaration = tool_data['function']['response'] -%}
        ,response:{
        {%- if response_declaration['description'] -%}
            description:<|"|>{{- response_declaration['description'] -}}<|"|>,
        {%- endif -%}
        {%- if response_declaration['type'] | upper == 'OBJECT' -%}
            type:<|"|>{{- response_declaration['type'] | upper -}}<|"|>}
        {%- endif -%}
    {%- endif -%}
    }
{%- endmacro -%}
{%- macro format_argument(argument, escape_keys=True) -%}
    {%- if argument is string -%}
        {{- '<|"|>' + argument + '<|"|>' -}}
    {%- elif argument is boolean -%}
        {{- 'true' if argument else 'false' -}}
    {%- elif argument is mapping -%}
        {{- '{' -}}
        {%- set ns = namespace(found_first=false) -%}
        {%- for key, value in argument | dictsort -%}
            {%- if ns.found_first %},{% endif -%}
            {%- set ns.found_first = true -%}
            {%- if escape_keys -%}
                {{- '<|"|>' + key + '<|"|>' -}}
            {%- else -%}
                {{- key -}}
            {%- endif -%}
            :{{- format_argument(value, escape_keys=escape_keys) -}}
        {%- endfor -%}
        {{- '}' -}}
    {%- elif argument is sequence -%}
        {{- '[' -}}
        {%- for item in argument -%}
            {{- format_argument(item, escape_keys=escape_keys) -}}
            {%- if not loop.last %},{% endif -%}
        {%- endfor -%}
        {{- ']' -}}
    {%- else -%}
        {{- argument -}}
    {%- endif -%}
{%- endmacro -%}
{%- macro strip_thinking(text) -%}
    {%- set ns = namespace(result='') -%}
    {%- for part in text.split('<channel|>') -%}
        {%- if '<|channel>' in part -%}
            {%- set ns.result = ns.result + part.split('<|channel>')[0] -%}
        {%- else -%}
            {%- set ns.result = ns.result + part -%}
        {%- endif -%}
    {%- endfor -%}
    {{- ns.result | trim -}}
{%- endmacro -%}

{%- macro format_tool_response_block(tool_name, response) -%}
    {{- '<|tool_response>' -}}
    {%- if response is mapping -%}
        {{- 'response:' + tool_name + '{' -}}
        {%- for key, value in response | dictsort -%}
            {{- key -}}:{{- format_argument(value, escape_keys=False) -}}
            {%- if not loop.last %},{% endif -%}
        {%- endfor -%}
        {{- '}' -}}
    {%- else -%}
        {{- 'response:' + tool_name + '{value:' + format_argument(response, escape_keys=False) + '}' -}}
    {%- endif -%}
    {{- '<tool_response|>' -}}
{%- endmacro -%}

{%- set ns = namespace(prev_message_type=None) -%}
{%- set loop_messages = messages -%}
{{- bos_token -}}
{#- Handle System/Tool Definitions Block -#}
{%- if (enable_thinking is defined and enable_thinking) or tools or messages[0]['role'] in ['system', 'developer'] -%}
    {{- '<|turn>system\n' -}}
    {#- Inject Thinking token at the very top of the FIRST system turn -#}
    {%- if enable_thinking is defined and enable_thinking -%}
        {{- '<|think|>\n' -}}
        {%- set ns.prev_message_type = 'think' -%}
    {%- endif -%}
    {%- if messages[0]['role'] in ['system', 'developer'] -%}
        {%- if messages[0]['content'] is string -%}
            {{- messages[0]['content'] | trim -}}
        {%- elif messages[0]['content'] is sequence -%}
            {%- for item in messages[0]['content'] -%}
                {{- item['text'] | trim + ' '-}}
            {%- endfor -%}
        {%- endif -%}
        {%- set loop_messages = messages[1:] -%}
    {%- endif -%}
    {%- if tools -%}
        {%- for tool in tools %}
            {{- '<|tool>' -}}
            {{- format_function_declaration(tool) | trim -}}
            {{- '<tool|>' -}}
        {%- endfor %}
        {%- set ns.prev_message_type = 'tool' -%}
    {%- endif -%}
    {{- '<turn|>\n' -}}
{%- endif %}

{#- Pre-scan: find last user message index for reasoning guard -#}
{%- set ns_turn = namespace(last_user_idx=-1) -%}
{%- for i in range(loop_messages | length) -%}
    {%- if loop_messages[i]['role'] == 'user' -%}
        {%- set ns_turn.last_user_idx = i -%}
    {%- endif -%}
{%- endfor -%}

{#- Loop through messages -#}
{%- for message in loop_messages -%}
    {%- if message['role'] != 'tool' -%}
    {%- set ns.prev_message_type = None -%}
    {%- set role = 'model' if message['role'] == 'assistant' else message['role'] -%}
    {#- Detect continuation: suppress duplicate <|turn>model when previous non-tool message was also assistant -#}
    {%- set prev_nt = namespace(role=None, found=false) -%}
    {%- if loop.index0 > 0 -%}
        {%- for j in range(loop.index0 - 1, -1, -1) -%}
            {%- if not prev_nt.found -%}
                {%- if loop_messages[j]['role'] != 'tool' -%}
                    {%- set prev_nt.role = loop_messages[j]['role'] -%}
                    {%- set prev_nt.found = true -%}
                {%- endif -%}
            {%- endif -%}
        {%- endfor -%}
    {%- endif -%}
    {%- set continue_same_model_turn = (role == 'model' and prev_nt.role == 'assistant') -%}
    {%- if not continue_same_model_turn -%}
        {{- '<|turn>' + role + '\n' }}
    {%- endif -%}

    {#- Render reasoning/reasoning_content as thinking channel -#}
    {%- set thinking_text = message.get('reasoning') or message.get('reasoning_content') -%}
    {%- if thinking_text and loop.index0 > ns_turn.last_user_idx and message.get('tool_calls') -%}
        {{- '<|channel>thought\n' + thinking_text + '\n<channel|>' -}}
    {%- endif -%}

            {%- if message['tool_calls'] -%}
                {%- for tool_call in message['tool_calls'] -%}
                    {%- set function = tool_call['function'] -%}
                    {{- '<|tool_call>call:' + function['name'] + '{' -}}
                    {%- if function['arguments'] is mapping -%}
                        {%- set ns_args = namespace(found_first=false) -%}
                        {%- for key, value in function['arguments'] | dictsort -%}
                            {%- if ns_args.found_first %},{% endif -%}
                            {%- set ns_args.found_first = true -%}
                            {{- key -}}:{{- format_argument(value, escape_keys=False) -}}
                        {%- endfor -%}
                    {%- elif function['arguments'] is string -%}
                        {{- function['arguments'] -}}
                    {%- endif -%}
                    {{- '}<tool_call|>' -}}
                {%- endfor -%}
                {%- set ns.prev_message_type = 'tool_call' -%}
            {%- endif -%}

            {%- set ns_tr_out = namespace(flag=false) -%}
            {%- if message.get('tool_responses') -%}
                {#- Legacy: tool_responses embedded on the assistant message (Google/Gemma native) -#}
                {%- for tool_response in message['tool_responses'] -%}
                    {{- format_tool_response_block(tool_response['name'] | default('unknown'), tool_response['response']) -}}
                    {%- set ns_tr_out.flag = true -%}
                    {%- set ns.prev_message_type = 'tool_response' -%}
                {%- endfor -%}
            {%- elif message.get('tool_calls') -%}
                {#- OpenAI Chat Completions: forward-scan consecutive role:tool messages -#}
                {%- set ns_tool_scan = namespace(stopped=false) -%}
                {%- for k in range(loop.index0 + 1, loop_messages | length) -%}
                    {%- if ns_tool_scan.stopped -%}
                    {%- elif loop_messages[k]['role'] != 'tool' -%}
                        {%- set ns_tool_scan.stopped = true -%}
                    {%- else -%}
                        {%- set follow = loop_messages[k] -%}
                        {#- Resolve tool_call_id to function name -#}
                        {%- set ns_tname = namespace(name=follow.get('name') | default('unknown')) -%}
                        {%- for tc in message['tool_calls'] -%}
                            {%- if tc.get('id') == follow.get('tool_call_id') -%}
                                {%- set ns_tname.name = tc['function']['name'] -%}
                            {%- endif -%}
                        {%- endfor -%}
                        {#- Handle content as string or content-parts array -#}
                        {%- set tool_body = follow.get('content') -%}
                        {%- if tool_body is string -%}
                            {{- format_tool_response_block(ns_tname.name, tool_body) -}}
                        {%- elif tool_body is sequence and tool_body is not string -%}
                            {%- set ns_txt = namespace(s='') -%}
                            {%- for part in tool_body -%}
                                {%- if part.get('type') == 'text' -%}
                                    {%- set ns_txt.s = ns_txt.s + (part.get('text') | default('')) -%}
                                {%- endif -%}
                            {%- endfor -%}
                            {{- format_tool_response_block(ns_tname.name, ns_txt.s) -}}
                        {%- else -%}
                            {{- format_tool_response_block(ns_tname.name, tool_body) -}}
                        {%- endif -%}
                        {%- set ns_tr_out.flag = true -%}
                        {%- set ns.prev_message_type = 'tool_response' -%}
                    {%- endif -%}
                {%- endfor -%}
            {%- endif -%}

            {%- set captured_content -%}
            {%- if message['content'] is string -%}
                {%- if role == 'model' -%}
                    {{- strip_thinking(message['content']) -}}
                {%- else -%}
                    {{- message['content'] | trim -}}
                {%- endif -%}
            {%- elif message['content'] is sequence -%}
                {%- for item in message['content'] -%}
                    {%- if item['type'] == 'text' -%}
                        {%- if role == 'model' -%}
                            {{- strip_thinking(item['text']) -}}
                        {%- else -%}
                            {{- item['text'] | trim -}}
                        {%- endif -%}
                    {%- elif item['type'] == 'image' -%}
                        {{- '<|image|>' -}}
                        {%- set ns.prev_message_type = 'image' -%}
                    {%- elif item['type'] == 'audio' -%}
                        {{- '<|audio|>' -}}
                        {%- set ns.prev_message_type = 'audio' -%}
                    {%- elif item['type'] == 'video' -%}
                        {{- '<|video|>' -}}
                        {%- set ns.prev_message_type = 'video' -%}
                    {%- endif -%}
                {%- endfor -%}
            {%- endif -%}
            {%- endset -%}

            {{- captured_content -}}
            {%- set has_content = captured_content | trim | length > 0 -%}

        {%- if ns.prev_message_type == 'tool_call' and not ns_tr_out.flag -%}
            {{- '<|tool_response>' -}}
        {%- elif not (ns_tr_out.flag and not has_content) -%}
            {{- '<turn|>\n' -}}
        {%- endif -%}
    {%- endif -%}
{%- endfor -%}

{%- if add_generation_prompt -%}
    {%- if ns.prev_message_type != 'tool_response' and ns.prev_message_type != 'tool_call' -%}
        {{- '<|turn>model\n' -}}
        {%- if not enable_thinking | default(false) -%}
            {{- '<|channel>thought\n<channel|>' -}}
        {%- endif -%}
    {%- endif -%}
{%- endif -%}
Using chat eos_token: <turn|>
Using chat bos_token: <bos>
CUDA Graph id 31 reused
ggml_backend_cuda_graph_compute: CUDA graph warmup complete
CUDA Graph id 32 reused
ggml_backend_cuda_graph_compute: CUDA graph warmup complete
CUDA Graph id 31 reused
CUDA Graph id 32 reused
CUDA Graph id 31 reused
CUDA Graph id 32 reused
CUDA Graph id 31 reused
CUDA Graph id 32 reused
CUDA Graph id 31 reused
CUDA Graph id 32 reused
llama_perf_context_print:        load time =       0.71 ms
llama_perf_context_print: prompt eval time =       0.36 ms /   557 tokens (    0.00 ms per token, 1534435.26 tokens per second)
llama_perf_context_print:        eval time =     176.15 ms /     6 runs   (   29.36 ms per token,    34.06 tokens per second)
llama_perf_context_print:       total time =    1188.51 ms /   563 tokens
llama_perf_context_print:    graphs reused =          5
ggml_backend_cuda_graph_compute: CUDA graph warmup reset
ggml_backend_cuda_graph_compute: CUDA graph warmup reset
CUDA Graph id 35 reused
ggml_backend_cuda_graph_compute: CUDA graph warmup complete
CUDA Graph id 36 reused
ggml_backend_cuda_graph_compute: CUDA graph warmup complete
ggml_backend_cuda_graph_compute: CUDA graph warmup reset
ggml_backend_cuda_graph_compute: CUDA graph warmup reset
CUDA Graph id 39 reused
ggml_backend_cuda_graph_compute: CUDA graph warmup complete
CUDA Graph id 40 reused
ggml_backend_cuda_graph_compute: CUDA graph warmup complete
ggml_backend_cuda_graph_compute: CUDA graph warmup reset
ggml_backend_cuda_graph_compute: CUDA graph warmup reset
CUDA Graph id 43 reused
ggml_backend_cuda_graph_compute: CUDA graph warmup complete
CUDA Graph id 44 reused
ggml_backend_cuda_graph_compute: CUDA graph warmup complete
ggml_backend_cuda_graph_compute: CUDA graph warmup reset
ggml_backend_cuda_graph_compute: CUDA graph warmup reset
Llama.generate: 33 prefix-match hit, remaining 542 prompt tokens to eval
CUDA Graph id 71 reused
ggml_backend_cuda_graph_compute: CUDA graph warmup complete
CUDA Graph id 72 reused
ggml_backend_cuda_graph_compute: CUDA graph warmup complete
CUDA Graph id 71 reused
CUDA Graph id 72 reused
CUDA Graph id 71 reused
CUDA Graph id 72 reused
CUDA Graph id 71 reused
CUDA Graph id 72 reused
CUDA Graph id 71 reused
CUDA Graph id 72 reused
llama_perf_context_print:        load time =       0.71 ms
llama_perf_context_print: prompt eval time =     691.54 ms /   542 tokens (    1.28 ms per token,   783.76 tokens per second)
llama_perf_context_print:        eval time =     166.62 ms /     6 runs   (   27.77 ms per token,    36.01 tokens per second)
llama_perf_context_print:       total time =     986.75 ms /   548 tokens
llama_perf_context_print:    graphs reused =          5
ggml_backend_cuda_graph_compute: CUDA graph warmup reset
ggml_backend_cuda_graph_compute: CUDA graph warmup reset
CUDA Graph id 75 reused
ggml_backend_cuda_graph_compute: CUDA graph warmup complete
CUDA Graph id 76 reused
ggml_backend_cuda_graph_compute: CUDA graph warmup complete
ggml_backend_cuda_graph_compute: CUDA graph warmup reset
ggml_backend_cuda_graph_compute: CUDA graph warmup reset
CUDA Graph id 79 reused
ggml_backend_cuda_graph_compute: CUDA graph warmup complete
CUDA Graph id 80 reused
ggml_backend_cuda_graph_compute: CUDA graph warmup complete
ggml_backend_cuda_graph_compute: CUDA graph warmup reset
ggml_backend_cuda_graph_compute: CUDA graph warmup reset
CUDA Graph id 83 reused
ggml_backend_cuda_graph_compute: CUDA graph warmup complete
CUDA Graph id 84 reused
ggml_backend_cuda_graph_compute: CUDA graph warmup complete
ggml_backend_cuda_graph_compute: CUDA graph warmup reset
ggml_backend_cuda_graph_compute: CUDA graph warmup reset
Llama.generate: 43 prefix-match hit, remaining 673 prompt tokens to eval
CUDA Graph id 111 reused
ggml_backend_cuda_graph_compute: CUDA graph warmup complete
CUDA Graph id 112 reused
ggml_backend_cuda_graph_compute: CUDA graph warmup complete
CUDA Graph id 111 reused
CUDA Graph id 112 reused
CUDA Graph id 111 reused
CUDA Graph id 112 reused
CUDA Graph id 111 reused
CUDA Graph id 112 reused
CUDA Graph id 111 reused
CUDA Graph id 112 reused
llama_perf_context_print:        load time =       0.71 ms
llama_perf_context_print: prompt eval time =       0.34 ms /   673 tokens (    0.00 ms per token, 1991124.26 tokens per second)
llama_perf_context_print:        eval time =     167.05 ms /     6 runs   (   27.84 ms per token,    35.92 tokens per second)
llama_perf_context_print:       total time =    2220.17 ms /   679 tokens
llama_perf_context_print:    graphs reused =          5
ggml_backend_cuda_graph_compute: CUDA graph warmup reset
ggml_backend_cuda_graph_compute: CUDA graph warmup reset
CUDA Graph id 115 reused
ggml_backend_cuda_graph_compute: CUDA graph warmup complete
CUDA Graph id 116 reused
ggml_backend_cuda_graph_compute: CUDA graph warmup complete
ggml_backend_cuda_graph_compute: CUDA graph warmup reset
ggml_backend_cuda_graph_compute: CUDA graph warmup reset
CUDA Graph id 119 reused
ggml_backend_cuda_graph_compute: CUDA graph warmup complete
CUDA Graph id 120 reused
ggml_backend_cuda_graph_compute: CUDA graph warmup complete
ggml_backend_cuda_graph_compute: CUDA graph warmup reset
ggml_backend_cuda_graph_compute: CUDA graph warmup reset
Llama.generate: 33 prefix-match hit, remaining 524 prompt tokens to eval
CUDA Graph id 163 reused
ggml_backend_cuda_graph_compute: CUDA graph warmup complete
CUDA Graph id 164 reused
ggml_backend_cuda_graph_compute: CUDA graph warmup complete
CUDA Graph id 163 reused
CUDA Graph id 164 reused
CUDA Graph id 163 reused
CUDA Graph id 164 reused
CUDA Graph id 163 reused
CUDA Graph id 164 reused
CUDA Graph id 163 reused
CUDA Graph id 164 reused
llama_perf_context_print:        load time =       0.71 ms
llama_perf_context_print: prompt eval time =     685.93 ms /   524 tokens (    1.31 ms per token,   763.92 tokens per second)
llama_perf_context_print:        eval time =     166.96 ms /     6 runs   (   27.83 ms per token,    35.94 tokens per second)
llama_perf_context_print:       total time =     979.76 ms /   530 tokens
llama_perf_context_print:    graphs reused =          5
ggml_backend_cuda_graph_compute: CUDA graph warmup reset
ggml_backend_cuda_graph_compute: CUDA graph warmup reset
CUDA Graph id 167 reused
ggml_backend_cuda_graph_compute: CUDA graph warmup complete
CUDA Graph id 168 reused
ggml_backend_cuda_graph_compute: CUDA graph warmup complete
ggml_backend_cuda_graph_compute: CUDA graph warmup reset
ggml_backend_cuda_graph_compute: CUDA graph warmup reset
CUDA Graph id 171 reused
ggml_backend_cuda_graph_compute: CUDA graph warmup complete
CUDA Graph id 172 reused
ggml_backend_cuda_graph_compute: CUDA graph warmup complete
ggml_backend_cuda_graph_compute: CUDA graph warmup reset
ggml_backend_cuda_graph_compute: CUDA graph warmup reset
CUDA Graph id 175 reused
ggml_backend_cuda_graph_compute: CUDA graph warmup complete
CUDA Graph id 176 reused
ggml_backend_cuda_graph_compute: CUDA graph warmup complete
ggml_backend_cuda_graph_compute: CUDA graph warmup reset
ggml_backend_cuda_graph_compute: CUDA graph warmup reset
Llama.generate: 33 prefix-match hit, remaining 681 prompt tokens to eval
CUDA Graph id 203 reused
ggml_backend_cuda_graph_compute: CUDA graph warmup complete
CUDA Graph id 204 reused
ggml_backend_cuda_graph_compute: CUDA graph warmup complete
CUDA Graph id 203 reused
CUDA Graph id 204 reused
CUDA Graph id 203 reused
CUDA Graph id 204 reused
CUDA Graph id 203 reused
CUDA Graph id 204 reused
CUDA Graph id 203 reused
CUDA Graph id 204 reused
llama_perf_context_print:        load time =       0.71 ms
llama_perf_context_print: prompt eval time =     807.05 ms /   681 tokens (    1.19 ms per token,   843.81 tokens per second)
llama_perf_context_print:        eval time =     167.68 ms /     6 runs   (   27.95 ms per token,    35.78 tokens per second)
llama_perf_context_print:       total time =    1109.92 ms /   687 tokens
llama_perf_context_print:    graphs reused =          5
ggml_backend_cuda_graph_compute: CUDA graph warmup reset
ggml_backend_cuda_graph_compute: CUDA graph warmup reset
CUDA Graph id 207 reused
ggml_backend_cuda_graph_compute: CUDA graph warmup complete
CUDA Graph id 208 reused
ggml_backend_cuda_graph_compute: CUDA graph warmup complete
ggml_backend_cuda_graph_compute: CUDA graph warmup reset
ggml_backend_cuda_graph_compute: CUDA graph warmup reset
CUDA Graph id 211 reused
ggml_backend_cuda_graph_compute: CUDA graph warmup complete
CUDA Graph id 212 reused
ggml_backend_cuda_graph_compute: CUDA graph warmup complete
ggml_backend_cuda_graph_compute: CUDA graph warmup reset
ggml_backend_cuda_graph_compute: CUDA graph warmup reset
Llama.generate: 43 prefix-match hit, remaining 532 prompt tokens to eval
CUDA Graph id 255 reused
ggml_backend_cuda_graph_compute: CUDA graph warmup complete
CUDA Graph id 256 reused
ggml_backend_cuda_graph_compute: CUDA graph warmup complete
CUDA Graph id 255 reused
CUDA Graph id 256 reused
CUDA Graph id 255 reused
CUDA Graph id 256 reused
CUDA Graph id 255 reused
CUDA Graph id 256 reused
CUDA Graph id 255 reused
CUDA Graph id 256 reused
llama_perf_context_print:        load time =       0.71 ms
llama_perf_context_print: prompt eval time =     689.51 ms /   532 tokens (    1.30 ms per token,   771.56 tokens per second)
llama_perf_context_print:        eval time =     167.19 ms /     6 runs   (   27.87 ms per token,    35.89 tokens per second)
llama_perf_context_print:       total time =     988.44 ms /   538 tokens
llama_perf_context_print:    graphs reused =          5
ggml_backend_cuda_graph_compute: CUDA graph warmup reset
ggml_backend_cuda_graph_compute: CUDA graph warmup reset
CUDA Graph id 259 reused
ggml_backend_cuda_graph_compute: CUDA graph warmup complete
CUDA Graph id 260 reused
ggml_backend_cuda_graph_compute: CUDA graph warmup complete
ggml_backend_cuda_graph_compute: CUDA graph warmup reset
ggml_backend_cuda_graph_compute: CUDA graph warmup reset
CUDA Graph id 263 reused
ggml_backend_cuda_graph_compute: CUDA graph warmup complete
CUDA Graph id 264 reused
ggml_backend_cuda_graph_compute: CUDA graph warmup complete
ggml_backend_cuda_graph_compute: CUDA graph warmup reset
ggml_backend_cuda_graph_compute: CUDA graph warmup reset
CUDA Graph id 267 reused
ggml_backend_cuda_graph_compute: CUDA graph warmup complete
CUDA Graph id 268 reused
ggml_backend_cuda_graph_compute: CUDA graph warmup complete
ggml_backend_cuda_graph_compute: CUDA graph warmup reset
ggml_backend_cuda_graph_compute: CUDA graph warmup reset
Llama.generate: 33 prefix-match hit, remaining 520 prompt tokens to eval
CUDA Graph id 295 reused
ggml_backend_cuda_graph_compute: CUDA graph warmup complete
CUDA Graph id 296 reused
ggml_backend_cuda_graph_compute: CUDA graph warmup complete
CUDA Graph id 295 reused
CUDA Graph id 296 reused
CUDA Graph id 295 reused
CUDA Graph id 296 reused
CUDA Graph id 295 reused
CUDA Graph id 296 reused
CUDA Graph id 295 reused
CUDA Graph id 296 reused
llama_perf_context_print:        load time =       0.71 ms
llama_perf_context_print: prompt eval time =     697.89 ms /   520 tokens (    1.34 ms per token,   745.10 tokens per second)
llama_perf_context_print:        eval time =     167.22 ms /     6 runs   (   27.87 ms per token,    35.88 tokens per second)
llama_perf_context_print:       total time =     996.33 ms /   526 tokens
llama_perf_context_print:    graphs reused =          5
ggml_backend_cuda_graph_compute: CUDA graph warmup reset
ggml_backend_cuda_graph_compute: CUDA graph warmup reset
CUDA Graph id 299 reused
ggml_backend_cuda_graph_compute: CUDA graph warmup complete
CUDA Graph id 300 reused
ggml_backend_cuda_graph_compute: CUDA graph warmup complete
ggml_backend_cuda_graph_compute: CUDA graph warmup reset
ggml_backend_cuda_graph_compute: CUDA graph warmup reset
CUDA Graph id 303 reused
ggml_backend_cuda_graph_compute: CUDA graph warmup complete
CUDA Graph id 304 reused
ggml_backend_cuda_graph_compute: CUDA graph warmup complete
ggml_backend_cuda_graph_compute: CUDA graph warmup reset
ggml_backend_cuda_graph_compute: CUDA graph warmup reset
CUDA Graph id 307 reused
ggml_backend_cuda_graph_compute: CUDA graph warmup complete
CUDA Graph id 308 reused
ggml_backend_cuda_graph_compute: CUDA graph warmup complete
ggml_backend_cuda_graph_compute: CUDA graph warmup reset
ggml_backend_cuda_graph_compute: CUDA graph warmup reset
Llama.generate: 33 prefix-match hit, remaining 679 prompt tokens to eval
CUDA Graph id 335 reused
ggml_backend_cuda_graph_compute: CUDA graph warmup complete
CUDA Graph id 336 reused
ggml_backend_cuda_graph_compute: CUDA graph warmup complete
CUDA Graph id 335 reused
CUDA Graph id 336 reused
CUDA Graph id 335 reused
CUDA Graph id 336 reused
CUDA Graph id 335 reused
CUDA Graph id 336 reused
CUDA Graph id 335 reused
CUDA Graph id 336 reused
llama_perf_context_print:        load time =       0.71 ms
llama_perf_context_print: prompt eval time =     805.54 ms /   679 tokens (    1.19 ms per token,   842.92 tokens per second)
llama_perf_context_print:        eval time =     166.97 ms /     6 runs   (   27.83 ms per token,    35.94 tokens per second)
llama_perf_context_print:       total time =    1106.58 ms /   685 tokens
llama_perf_context_print:    graphs reused =          5
ggml_backend_cuda_graph_compute: CUDA graph warmup reset
ggml_backend_cuda_graph_compute: CUDA graph warmup reset
CUDA Graph id 339 reused
ggml_backend_cuda_graph_compute: CUDA graph warmup complete
CUDA Graph id 340 reused
ggml_backend_cuda_graph_compute: CUDA graph warmup complete
ggml_backend_cuda_graph_compute: CUDA graph warmup reset
ggml_backend_cuda_graph_compute: CUDA graph warmup reset
CUDA Graph id 343 reused
ggml_backend_cuda_graph_compute: CUDA graph warmup complete
CUDA Graph id 344 reused
ggml_backend_cuda_graph_compute: CUDA graph warmup complete
ggml_backend_cuda_graph_compute: CUDA graph warmup reset
ggml_backend_cuda_graph_compute: CUDA graph warmup reset
Llama.generate: 43 prefix-match hit, remaining 528 prompt tokens to eval
CUDA Graph id 387 reused
ggml_backend_cuda_graph_compute: CUDA graph warmup complete
CUDA Graph id 388 reused
ggml_backend_cuda_graph_compute: CUDA graph warmup complete
CUDA Graph id 387 reused
CUDA Graph id 388 reused
CUDA Graph id 387 reused
CUDA Graph id 388 reused
CUDA Graph id 387 reused
CUDA Graph id 388 reused
CUDA Graph id 387 reused
CUDA Graph id 388 reused
llama_perf_context_print:        load time =       0.71 ms
llama_perf_context_print: prompt eval time =     688.40 ms /   528 tokens (    1.30 ms per token,   767.00 tokens per second)
llama_perf_context_print:        eval time =     167.22 ms /     6 runs   (   27.87 ms per token,    35.88 tokens per second)
llama_perf_context_print:       total time =     984.20 ms /   534 tokens
llama_perf_context_print:    graphs reused =          5
ggml_backend_cuda_graph_compute: CUDA graph warmup reset
ggml_backend_cuda_graph_compute: CUDA graph warmup reset
CUDA Graph id 391 reused
ggml_backend_cuda_graph_compute: CUDA graph warmup complete
CUDA Graph id 392 reused
ggml_backend_cuda_graph_compute: CUDA graph warmup complete
ggml_backend_cuda_graph_compute: CUDA graph warmup reset
ggml_backend_cuda_graph_compute: CUDA graph warmup reset
CUDA Graph id 395 reused
ggml_backend_cuda_graph_compute: CUDA graph warmup complete
CUDA Graph id 396 reused
ggml_backend_cuda_graph_compute: CUDA graph warmup complete
ggml_backend_cuda_graph_compute: CUDA graph warmup reset
ggml_backend_cuda_graph_compute: CUDA graph warmup reset
CUDA Graph id 399 reused
ggml_backend_cuda_graph_compute: CUDA graph warmup complete
CUDA Graph id 400 reused
ggml_backend_cuda_graph_compute: CUDA graph warmup complete
ggml_backend_cuda_graph_compute: CUDA graph warmup reset
ggml_backend_cuda_graph_compute: CUDA graph warmup reset
Llama.generate: 33 prefix-match hit, remaining 517 prompt tokens to eval
CUDA Graph id 427 reused
ggml_backend_cuda_graph_compute: CUDA graph warmup complete
CUDA Graph id 428 reused
ggml_backend_cuda_graph_compute: CUDA graph warmup complete
CUDA Graph id 427 reused
CUDA Graph id 428 reused
CUDA Graph id 427 reused
CUDA Graph id 428 reused
CUDA Graph id 427 reused
CUDA Graph id 428 reused
CUDA Graph id 427 reused
CUDA Graph id 428 reused
llama_perf_context_print:        load time =       0.71 ms
llama_perf_context_print: prompt eval time =     684.54 ms /   517 tokens (    1.32 ms per token,   755.25 tokens per second)
llama_perf_context_print:        eval time =     167.17 ms /     6 runs   (   27.86 ms per token,    35.89 tokens per second)
llama_perf_context_print:       total time =     983.47 ms /   523 tokens
llama_perf_context_print:    graphs reused =          5
ggml_backend_cuda_graph_compute: CUDA graph warmup reset
ggml_backend_cuda_graph_compute: CUDA graph warmup reset
CUDA Graph id 431 reused
ggml_backend_cuda_graph_compute: CUDA graph warmup complete
CUDA Graph id 432 reused
ggml_backend_cuda_graph_compute: CUDA graph warmup complete
ggml_backend_cuda_graph_compute: CUDA graph warmup reset
ggml_backend_cuda_graph_compute: CUDA graph warmup reset
CUDA Graph id 435 reused
ggml_backend_cuda_graph_compute: CUDA graph warmup complete
CUDA Graph id 436 reused
ggml_backend_cuda_graph_compute: CUDA graph warmup complete
ggml_backend_cuda_graph_compute: CUDA graph warmup reset
ggml_backend_cuda_graph_compute: CUDA graph warmup reset
CUDA Graph id 439 reused
ggml_backend_cuda_graph_compute: CUDA graph warmup complete
CUDA Graph id 440 reused
ggml_backend_cuda_graph_compute: CUDA graph warmup complete
ggml_backend_cuda_graph_compute: CUDA graph warmup reset
ggml_backend_cuda_graph_compute: CUDA graph warmup reset
Llama.generate: 33 prefix-match hit, remaining 535 prompt tokens to eval
CUDA Graph id 467 reused
ggml_backend_cuda_graph_compute: CUDA graph warmup complete
CUDA Graph id 468 reused
ggml_backend_cuda_graph_compute: CUDA graph warmup complete
CUDA Graph id 467 reused
CUDA Graph id 468 reused
CUDA Graph id 467 reused
CUDA Graph id 468 reused
CUDA Graph id 467 reused
CUDA Graph id 468 reused
CUDA Graph id 467 reused
CUDA Graph id 468 reused
llama_perf_context_print:        load time =       0.71 ms
llama_perf_context_print: prompt eval time =     688.89 ms /   535 tokens (    1.29 ms per token,   776.61 tokens per second)
llama_perf_context_print:        eval time =     168.51 ms /     6 runs   (   28.09 ms per token,    35.61 tokens per second)
llama_perf_context_print:       total time =     987.78 ms /   541 tokens
llama_perf_context_print:    graphs reused =          5
ggml_backend_cuda_graph_compute: CUDA graph warmup reset
ggml_backend_cuda_graph_compute: CUDA graph warmup reset
CUDA Graph id 471 reused
ggml_backend_cuda_graph_compute: CUDA graph warmup complete
CUDA Graph id 472 reused
ggml_backend_cuda_graph_compute: CUDA graph warmup complete
ggml_backend_cuda_graph_compute: CUDA graph warmup reset
ggml_backend_cuda_graph_compute: CUDA graph warmup reset
CUDA Graph id 475 reused
ggml_backend_cuda_graph_compute: CUDA graph warmup complete
CUDA Graph id 476 reused
ggml_backend_cuda_graph_compute: CUDA graph warmup complete
ggml_backend_cuda_graph_compute: CUDA graph warmup reset
ggml_backend_cuda_graph_compute: CUDA graph warmup reset
CUDA Graph id 479 reused
ggml_backend_cuda_graph_compute: CUDA graph warmup complete
CUDA Graph id 480 reused
ggml_backend_cuda_graph_compute: CUDA graph warmup complete
ggml_backend_cuda_graph_compute: CUDA graph warmup reset
ggml_backend_cuda_graph_compute: CUDA graph warmup reset
Llama.generate: 43 prefix-match hit, remaining 667 prompt tokens to eval
CUDA Graph id 507 reused
ggml_backend_cuda_graph_compute: CUDA graph warmup complete
CUDA Graph id 508 reused
ggml_backend_cuda_graph_compute: CUDA graph warmup complete
CUDA Graph id 507 reused
CUDA Graph id 508 reused
CUDA Graph id 507 reused
CUDA Graph id 508 reused
CUDA Graph id 507 reused
CUDA Graph id 508 reused
CUDA Graph id 507 reused
CUDA Graph id 508 reused
llama_perf_context_print:        load time =       0.71 ms
llama_perf_context_print: prompt eval time =     793.23 ms /   667 tokens (    1.19 ms per token,   840.86 tokens per second)
llama_perf_context_print:        eval time =     167.17 ms /     6 runs   (   27.86 ms per token,    35.89 tokens per second)
llama_perf_context_print:       total time =    1097.24 ms /   673 tokens
llama_perf_context_print:    graphs reused =          5
ggml_backend_cuda_graph_compute: CUDA graph warmup reset
ggml_backend_cuda_graph_compute: CUDA graph warmup reset
CUDA Graph id 511 reused
ggml_backend_cuda_graph_compute: CUDA graph warmup complete
CUDA Graph id 512 reused
ggml_backend_cuda_graph_compute: CUDA graph warmup complete
ggml_backend_cuda_graph_compute: CUDA graph warmup reset
ggml_backend_cuda_graph_compute: CUDA graph warmup reset
CUDA Graph id 515 reused
ggml_backend_cuda_graph_compute: CUDA graph warmup complete
CUDA Graph id 516 reused
ggml_backend_cuda_graph_compute: CUDA graph warmup complete
ggml_backend_cuda_graph_compute: CUDA graph warmup reset
ggml_backend_cuda_graph_compute: CUDA graph warmup reset
Llama.generate: 33 prefix-match hit, remaining 467 prompt tokens to eval
CUDA Graph id 555 reused
ggml_backend_cuda_graph_compute: CUDA graph warmup complete
CUDA Graph id 556 reused
ggml_backend_cuda_graph_compute: CUDA graph warmup complete
CUDA Graph id 555 reused
CUDA Graph id 556 reused
CUDA Graph id 555 reused
CUDA Graph id 556 reused
CUDA Graph id 555 reused
CUDA Graph id 556 reused
CUDA Graph id 555 reused
CUDA Graph id 556 reused
llama_perf_context_print:        load time =       0.71 ms
llama_perf_context_print: prompt eval time =     609.87 ms /   467 tokens (    1.31 ms per token,   765.74 tokens per second)
llama_perf_context_print:        eval time =     173.49 ms /     6 runs   (   28.92 ms per token,    34.58 tokens per second)
llama_perf_context_print:       total time =     911.76 ms /   473 tokens
llama_perf_context_print:    graphs reused =          5
ggml_backend_cuda_graph_compute: CUDA graph warmup reset
ggml_backend_cuda_graph_compute: CUDA graph warmup reset
CUDA Graph id 559 reused
ggml_backend_cuda_graph_compute: CUDA graph warmup complete
CUDA Graph id 560 reused
ggml_backend_cuda_graph_compute: CUDA graph warmup complete
ggml_backend_cuda_graph_compute: CUDA graph warmup reset
ggml_backend_cuda_graph_compute: CUDA graph warmup reset
CUDA Graph id 563 reused
ggml_backend_cuda_graph_compute: CUDA graph warmup complete
CUDA Graph id 564 reused
ggml_backend_cuda_graph_compute: CUDA graph warmup complete
ggml_backend_cuda_graph_compute: CUDA graph warmup reset
ggml_backend_cuda_graph_compute: CUDA graph warmup reset
CUDA Graph id 567 reused
ggml_backend_cuda_graph_compute: CUDA graph warmup complete
CUDA Graph id 568 reused
ggml_backend_cuda_graph_compute: CUDA graph warmup complete
ggml_backend_cuda_graph_compute: CUDA graph warmup reset
ggml_backend_cuda_graph_compute: CUDA graph warmup reset
CUDA Graph id 571 reused
ggml_backend_cuda_graph_compute: CUDA graph warmup complete
CUDA Graph id 572 reused
ggml_backend_cuda_graph_compute: CUDA graph warmup complete
Llama.generate: 33 prefix-match hit, remaining 485 prompt tokens to eval
ggml_backend_cuda_graph_compute: CUDA graph warmup reset
ggml_backend_cuda_graph_compute: CUDA graph warmup reset
CUDA Graph id 579 reused
ggml_backend_cuda_graph_compute: CUDA graph warmup complete
CUDA Graph id 580 reused
ggml_backend_cuda_graph_compute: CUDA graph warmup complete
CUDA Graph id 579 reused
CUDA Graph id 580 reused
CUDA Graph id 579 reused
CUDA Graph id 580 reused
CUDA Graph id 579 reused
CUDA Graph id 580 reused
CUDA Graph id 579 reused
CUDA Graph id 580 reused
llama_perf_context_print:        load time =       0.71 ms
llama_perf_context_print: prompt eval time =     644.23 ms /   485 tokens (    1.33 ms per token,   752.84 tokens per second)
llama_perf_context_print:        eval time =     167.50 ms /     6 runs   (   27.92 ms per token,    35.82 tokens per second)
llama_perf_context_print:       total time =     939.35 ms /   491 tokens
llama_perf_context_print:    graphs reused =          5
ggml_backend_cuda_graph_compute: CUDA graph warmup reset
ggml_backend_cuda_graph_compute: CUDA graph warmup reset
CUDA Graph id 583 reused
ggml_backend_cuda_graph_compute: CUDA graph warmup complete
CUDA Graph id 584 reused
ggml_backend_cuda_graph_compute: CUDA graph warmup complete
ggml_backend_cuda_graph_compute: CUDA graph warmup reset
ggml_backend_cuda_graph_compute: CUDA graph warmup reset
CUDA Graph id 587 reused
ggml_backend_cuda_graph_compute: CUDA graph warmup complete
CUDA Graph id 588 reused
ggml_backend_cuda_graph_compute: CUDA graph warmup complete
ggml_backend_cuda_graph_compute: CUDA graph warmup reset
ggml_backend_cuda_graph_compute: CUDA graph warmup reset
CUDA Graph id 591 reused
ggml_backend_cuda_graph_compute: CUDA graph warmup complete
CUDA Graph id 592 reused
ggml_backend_cuda_graph_compute: CUDA graph warmup complete
ggml_backend_cuda_graph_compute: CUDA graph warmup reset
ggml_backend_cuda_graph_compute: CUDA graph warmup reset
Llama.generate: 43 prefix-match hit, remaining 614 prompt tokens to eval
CUDA Graph id 619 reused
ggml_backend_cuda_graph_compute: CUDA graph warmup complete
CUDA Graph id 620 reused
ggml_backend_cuda_graph_compute: CUDA graph warmup complete
CUDA Graph id 619 reused
CUDA Graph id 620 reused
CUDA Graph id 619 reused
CUDA Graph id 620 reused
CUDA Graph id 619 reused
CUDA Graph id 620 reused
CUDA Graph id 619 reused
CUDA Graph id 620 reused
llama_perf_context_print:        load time =       0.71 ms
llama_perf_context_print: prompt eval time =     748.87 ms /   614 tokens (    1.22 ms per token,   819.91 tokens per second)
llama_perf_context_print:        eval time =     167.47 ms /     6 runs   (   27.91 ms per token,    35.83 tokens per second)
llama_perf_context_print:       total time =    1050.67 ms /   620 tokens
llama_perf_context_print:    graphs reused =          5
ggml_backend_cuda_graph_compute: CUDA graph warmup reset
ggml_backend_cuda_graph_compute: CUDA graph warmup reset
CUDA Graph id 623 reused
ggml_backend_cuda_graph_compute: CUDA graph warmup complete
CUDA Graph id 624 reused
ggml_backend_cuda_graph_compute: CUDA graph warmup complete
ggml_backend_cuda_graph_compute: CUDA graph warmup reset
ggml_backend_cuda_graph_compute: CUDA graph warmup reset
CUDA Graph id 627 reused
ggml_backend_cuda_graph_compute: CUDA graph warmup complete
CUDA Graph id 628 reused
ggml_backend_cuda_graph_compute: CUDA graph warmup complete
ggml_backend_cuda_graph_compute: CUDA graph warmup reset
ggml_backend_cuda_graph_compute: CUDA graph warmup reset
Llama.generate: 33 prefix-match hit, remaining 467 prompt tokens to eval
CUDA Graph id 667 reused
ggml_backend_cuda_graph_compute: CUDA graph warmup complete
CUDA Graph id 668 reused
ggml_backend_cuda_graph_compute: CUDA graph warmup complete
CUDA Graph id 667 reused
CUDA Graph id 668 reused
CUDA Graph id 667 reused
CUDA Graph id 668 reused
CUDA Graph id 667 reused
CUDA Graph id 668 reused
CUDA Graph id 667 reused
CUDA Graph id 668 reused
llama_perf_context_print:        load time =       0.71 ms
llama_perf_context_print: prompt eval time =     609.07 ms /   467 tokens (    1.30 ms per token,   766.74 tokens per second)
llama_perf_context_print:        eval time =     172.82 ms /     6 runs   (   28.80 ms per token,    34.72 tokens per second)
llama_perf_context_print:       total time =     909.78 ms /   473 tokens
llama_perf_context_print:    graphs reused =          5
ggml_backend_cuda_graph_compute: CUDA graph warmup reset
ggml_backend_cuda_graph_compute: CUDA graph warmup reset
CUDA Graph id 671 reused
ggml_backend_cuda_graph_compute: CUDA graph warmup complete
CUDA Graph id 672 reused
ggml_backend_cuda_graph_compute: CUDA graph warmup complete
ggml_backend_cuda_graph_compute: CUDA graph warmup reset
ggml_backend_cuda_graph_compute: CUDA graph warmup reset
CUDA Graph id 675 reused
ggml_backend_cuda_graph_compute: CUDA graph warmup complete
CUDA Graph id 676 reused
ggml_backend_cuda_graph_compute: CUDA graph warmup complete
ggml_backend_cuda_graph_compute: CUDA graph warmup reset
ggml_backend_cuda_graph_compute: CUDA graph warmup reset
CUDA Graph id 679 reused
ggml_backend_cuda_graph_compute: CUDA graph warmup complete
CUDA Graph id 680 reused
ggml_backend_cuda_graph_compute: CUDA graph warmup complete
ggml_backend_cuda_graph_compute: CUDA graph warmup reset
ggml_backend_cuda_graph_compute: CUDA graph warmup reset
CUDA Graph id 683 reused
ggml_backend_cuda_graph_compute: CUDA graph warmup complete
CUDA Graph id 684 reused
ggml_backend_cuda_graph_compute: CUDA graph warmup complete
Llama.generate: 33 prefix-match hit, remaining 627 prompt tokens to eval
ggml_backend_cuda_graph_compute: CUDA graph warmup reset
ggml_backend_cuda_graph_compute: CUDA graph warmup reset
CUDA Graph id 695 reused
ggml_backend_cuda_graph_compute: CUDA graph warmup complete
CUDA Graph id 696 reused
ggml_backend_cuda_graph_compute: CUDA graph warmup complete
CUDA Graph id 695 reused
CUDA Graph id 696 reused
CUDA Graph id 695 reused
CUDA Graph id 696 reused
CUDA Graph id 695 reused
CUDA Graph id 696 reused
CUDA Graph id 695 reused
CUDA Graph id 696 reused
llama_perf_context_print:        load time =       0.71 ms
llama_perf_context_print: prompt eval time =     760.74 ms /   627 tokens (    1.21 ms per token,   824.20 tokens per second)
llama_perf_context_print:        eval time =     167.30 ms /     6 runs   (   27.88 ms per token,    35.86 tokens per second)
llama_perf_context_print:       total time =    1060.81 ms /   633 tokens
llama_perf_context_print:    graphs reused =          5
ggml_backend_cuda_graph_compute: CUDA graph warmup reset
ggml_backend_cuda_graph_compute: CUDA graph warmup reset
CUDA Graph id 699 reused
ggml_backend_cuda_graph_compute: CUDA graph warmup complete
CUDA Graph id 700 reused
ggml_backend_cuda_graph_compute: CUDA graph warmup complete
ggml_backend_cuda_graph_compute: CUDA graph warmup reset
ggml_backend_cuda_graph_compute: CUDA graph warmup reset
CUDA Graph id 703 reused
ggml_backend_cuda_graph_compute: CUDA graph warmup complete
CUDA Graph id 704 reused
ggml_backend_cuda_graph_compute: CUDA graph warmup complete
ggml_backend_cuda_graph_compute: CUDA graph warmup reset
ggml_backend_cuda_graph_compute: CUDA graph warmup reset
Llama.generate: 43 prefix-match hit, remaining 475 prompt tokens to eval
CUDA Graph id 743 reused
ggml_backend_cuda_graph_compute: CUDA graph warmup complete
CUDA Graph id 744 reused
ggml_backend_cuda_graph_compute: CUDA graph warmup complete
CUDA Graph id 743 reused
CUDA Graph id 744 reused
CUDA Graph id 743 reused
CUDA Graph id 744 reused
CUDA Graph id 743 reused
CUDA Graph id 744 reused
CUDA Graph id 743 reused
CUDA Graph id 744 reused
llama_perf_context_print:        load time =       0.71 ms
llama_perf_context_print: prompt eval time =     636.62 ms /   475 tokens (    1.34 ms per token,   746.12 tokens per second)
llama_perf_context_print:        eval time =     167.38 ms /     6 runs   (   27.90 ms per token,    35.85 tokens per second)
llama_perf_context_print:       total time =     932.65 ms /   481 tokens
llama_perf_context_print:    graphs reused =          5
ggml_backend_cuda_graph_compute: CUDA graph warmup reset
ggml_backend_cuda_graph_compute: CUDA graph warmup reset
CUDA Graph id 747 reused
ggml_backend_cuda_graph_compute: CUDA graph warmup complete
CUDA Graph id 748 reused
ggml_backend_cuda_graph_compute: CUDA graph warmup complete
ggml_backend_cuda_graph_compute: CUDA graph warmup reset
ggml_backend_cuda_graph_compute: CUDA graph warmup reset
CUDA Graph id 751 reused
ggml_backend_cuda_graph_compute: CUDA graph warmup complete
CUDA Graph id 752 reused
ggml_backend_cuda_graph_compute: CUDA graph warmup complete
ggml_backend_cuda_graph_compute: CUDA graph warmup reset
ggml_backend_cuda_graph_compute: CUDA graph warmup reset
CUDA Graph id 755 reused
ggml_backend_cuda_graph_compute: CUDA graph warmup complete
CUDA Graph id 756 reused
ggml_backend_cuda_graph_compute: CUDA graph warmup complete
ggml_backend_cuda_graph_compute: CUDA graph warmup reset
ggml_backend_cuda_graph_compute: CUDA graph warmup reset
Llama.generate: 33 prefix-match hit, remaining 631 prompt tokens to eval
CUDA Graph id 783 reused
ggml_backend_cuda_graph_compute: CUDA graph warmup complete
CUDA Graph id 784 reused
ggml_backend_cuda_graph_compute: CUDA graph warmup complete
CUDA Graph id 783 reused
CUDA Graph id 784 reused
CUDA Graph id 783 reused
CUDA Graph id 784 reused
CUDA Graph id 783 reused
CUDA Graph id 784 reused
CUDA Graph id 783 reused
CUDA Graph id 784 reused
llama_perf_context_print:        load time =       0.71 ms
llama_perf_context_print: prompt eval time =     762.03 ms /   631 tokens (    1.21 ms per token,   828.05 tokens per second)
llama_perf_context_print:        eval time =     167.65 ms /     6 runs   (   27.94 ms per token,    35.79 tokens per second)
llama_perf_context_print:       total time =    1063.65 ms /   637 tokens
llama_perf_context_print:    graphs reused =          5
ggml_backend_cuda_graph_compute: CUDA graph warmup reset
ggml_backend_cuda_graph_compute: CUDA graph warmup reset
CUDA Graph id 787 reused
ggml_backend_cuda_graph_compute: CUDA graph warmup complete
CUDA Graph id 788 reused
ggml_backend_cuda_graph_compute: CUDA graph warmup complete
ggml_backend_cuda_graph_compute: CUDA graph warmup reset
ggml_backend_cuda_graph_compute: CUDA graph warmup reset
CUDA Graph id 791 reused
ggml_backend_cuda_graph_compute: CUDA graph warmup complete
CUDA Graph id 792 reused
ggml_backend_cuda_graph_compute: CUDA graph warmup complete
ggml_backend_cuda_graph_compute: CUDA graph warmup reset
ggml_backend_cuda_graph_compute: CUDA graph warmup reset
Llama.generate: 33 prefix-match hit, remaining 788 prompt tokens to eval
CUDA Graph id 835 reused
ggml_backend_cuda_graph_compute: CUDA graph warmup complete
CUDA Graph id 836 reused
ggml_backend_cuda_graph_compute: CUDA graph warmup complete
CUDA Graph id 835 reused
CUDA Graph id 836 reused
CUDA Graph id 835 reused
CUDA Graph id 836 reused
CUDA Graph id 835 reused
CUDA Graph id 836 reused
CUDA Graph id 835 reused
CUDA Graph id 836 reused
llama_perf_context_print:        load time =       0.71 ms
llama_perf_context_print: prompt eval time =       0.39 ms /   788 tokens (    0.00 ms per token, 2020512.82 tokens per second)
llama_perf_context_print:        eval time =     171.33 ms /     6 runs   (   28.55 ms per token,    35.02 tokens per second)
llama_perf_context_print:       total time =    1602.40 ms /   794 tokens
llama_perf_context_print:    graphs reused =          5
ggml_backend_cuda_graph_compute: CUDA graph warmup reset
ggml_backend_cuda_graph_compute: CUDA graph warmup reset
CUDA Graph id 839 reused
ggml_backend_cuda_graph_compute: CUDA graph warmup complete
CUDA Graph id 840 reused
ggml_backend_cuda_graph_compute: CUDA graph warmup complete
ggml_backend_cuda_graph_compute: CUDA graph warmup reset
ggml_backend_cuda_graph_compute: CUDA graph warmup reset
Llama.generate: 43 prefix-match hit, remaining 639 prompt tokens to eval
CUDA Graph id 899 reused
ggml_backend_cuda_graph_compute: CUDA graph warmup complete
CUDA Graph id 900 reused
ggml_backend_cuda_graph_compute: CUDA graph warmup complete
CUDA Graph id 899 reused
CUDA Graph id 900 reused
CUDA Graph id 899 reused
CUDA Graph id 900 reused
CUDA Graph id 899 reused
CUDA Graph id 900 reused
CUDA Graph id 899 reused
CUDA Graph id 900 reused
llama_perf_context_print:        load time =       0.71 ms
llama_perf_context_print: prompt eval time =     767.72 ms /   639 tokens (    1.20 ms per token,   832.34 tokens per second)
llama_perf_context_print:        eval time =     167.46 ms /     6 runs   (   27.91 ms per token,    35.83 tokens per second)
llama_perf_context_print:       total time =    1065.17 ms /   645 tokens
llama_perf_context_print:    graphs reused =          5
ggml_backend_cuda_graph_compute: CUDA graph warmup reset
ggml_backend_cuda_graph_compute: CUDA graph warmup reset
CUDA Graph id 903 reused
ggml_backend_cuda_graph_compute: CUDA graph warmup complete
CUDA Graph id 904 reused
ggml_backend_cuda_graph_compute: CUDA graph warmup complete
ggml_backend_cuda_graph_compute: CUDA graph warmup reset
ggml_backend_cuda_graph_compute: CUDA graph warmup reset
CUDA Graph id 907 reused
ggml_backend_cuda_graph_compute: CUDA graph warmup complete
CUDA Graph id 908 reused
ggml_backend_cuda_graph_compute: CUDA graph warmup complete
ggml_backend_cuda_graph_compute: CUDA graph warmup reset
ggml_backend_cuda_graph_compute: CUDA graph warmup reset
Llama.generate: 33 prefix-match hit, remaining 631 prompt tokens to eval
CUDA Graph id 951 reused
ggml_backend_cuda_graph_compute: CUDA graph warmup complete
CUDA Graph id 952 reused
ggml_backend_cuda_graph_compute: CUDA graph warmup complete
CUDA Graph id 951 reused
CUDA Graph id 952 reused
CUDA Graph id 951 reused
CUDA Graph id 952 reused
CUDA Graph id 951 reused
CUDA Graph id 952 reused
CUDA Graph id 951 reused
CUDA Graph id 952 reused
llama_perf_context_print:        load time =       0.71 ms
llama_perf_context_print: prompt eval time =     763.18 ms /   631 tokens (    1.21 ms per token,   826.81 tokens per second)
llama_perf_context_print:        eval time =     167.44 ms /     6 runs   (   27.91 ms per token,    35.83 tokens per second)
llama_perf_context_print:       total time =    1064.45 ms /   637 tokens
llama_perf_context_print:    graphs reused =          5
ggml_backend_cuda_graph_compute: CUDA graph warmup reset
ggml_backend_cuda_graph_compute: CUDA graph warmup reset
CUDA Graph id 955 reused
ggml_backend_cuda_graph_compute: CUDA graph warmup complete
CUDA Graph id 956 reused
ggml_backend_cuda_graph_compute: CUDA graph warmup complete
ggml_backend_cuda_graph_compute: CUDA graph warmup reset
ggml_backend_cuda_graph_compute: CUDA graph warmup reset
CUDA Graph id 959 reused
ggml_backend_cuda_graph_compute: CUDA graph warmup complete
CUDA Graph id 960 reused
ggml_backend_cuda_graph_compute: CUDA graph warmup complete
ggml_backend_cuda_graph_compute: CUDA graph warmup reset
ggml_backend_cuda_graph_compute: CUDA graph warmup reset
Llama.generate: 33 prefix-match hit, remaining 649 prompt tokens to eval
CUDA Graph id 1003 reused
ggml_backend_cuda_graph_compute: CUDA graph warmup complete
CUDA Graph id 1004 reused
ggml_backend_cuda_graph_compute: CUDA graph warmup complete
CUDA Graph id 1003 reused
CUDA Graph id 1004 reused
CUDA Graph id 1003 reused
CUDA Graph id 1004 reused
CUDA Graph id 1003 reused
CUDA Graph id 1004 reused
CUDA Graph id 1003 reused
CUDA Graph id 1004 reused
llama_perf_context_print:        load time =       0.71 ms
llama_perf_context_print: prompt eval time =     785.87 ms /   649 tokens (    1.21 ms per token,   825.84 tokens per second)
llama_perf_context_print:        eval time =     167.85 ms /     6 runs   (   27.97 ms per token,    35.75 tokens per second)
llama_perf_context_print:       total time =    1089.70 ms /   655 tokens
llama_perf_context_print:    graphs reused =          5
ggml_backend_cuda_graph_compute: CUDA graph warmup reset
ggml_backend_cuda_graph_compute: CUDA graph warmup reset
CUDA Graph id 1007 reused
ggml_backend_cuda_graph_compute: CUDA graph warmup complete
CUDA Graph id 1008 reused
ggml_backend_cuda_graph_compute: CUDA graph warmup complete
ggml_backend_cuda_graph_compute: CUDA graph warmup reset
ggml_backend_cuda_graph_compute: CUDA graph warmup reset
CUDA Graph id 1011 reused
ggml_backend_cuda_graph_compute: CUDA graph warmup complete
CUDA Graph id 1012 reused
ggml_backend_cuda_graph_compute: CUDA graph warmup complete
ggml_backend_cuda_graph_compute: CUDA graph warmup reset
ggml_backend_cuda_graph_compute: CUDA graph warmup reset
Llama.generate: 43 prefix-match hit, remaining 778 prompt tokens to eval
CUDA Graph id 1055 reused
ggml_backend_cuda_graph_compute: CUDA graph warmup complete
CUDA Graph id 1056 reused
ggml_backend_cuda_graph_compute: CUDA graph warmup complete
CUDA Graph id 1055 reused
CUDA Graph id 1056 reused
CUDA Graph id 1055 reused
CUDA Graph id 1056 reused
CUDA Graph id 1055 reused
CUDA Graph id 1056 reused
CUDA Graph id 1055 reused
CUDA Graph id 1056 reused
llama_perf_context_print:        load time =       0.71 ms
llama_perf_context_print: prompt eval time =     893.07 ms /   778 tokens (    1.15 ms per token,   871.16 tokens per second)
llama_perf_context_print:        eval time =     171.04 ms /     6 runs   (   28.51 ms per token,    35.08 tokens per second)
llama_perf_context_print:       total time =    1201.77 ms /   784 tokens
llama_perf_context_print:    graphs reused =          5
ggml_backend_cuda_graph_compute: CUDA graph warmup reset
ggml_backend_cuda_graph_compute: CUDA graph warmup reset
CUDA Graph id 1059 reused
ggml_backend_cuda_graph_compute: CUDA graph warmup complete
CUDA Graph id 1060 reused
ggml_backend_cuda_graph_compute: CUDA graph warmup complete
ggml_backend_cuda_graph_compute: CUDA graph warmup reset
ggml_backend_cuda_graph_compute: CUDA graph warmup reset
Llama.generate: 33 prefix-match hit, remaining 465 prompt tokens to eval
CUDA Graph id 1115 reused
ggml_backend_cuda_graph_compute: CUDA graph warmup complete
CUDA Graph id 1116 reused
ggml_backend_cuda_graph_compute: CUDA graph warmup complete
CUDA Graph id 1115 reused
CUDA Graph id 1116 reused
CUDA Graph id 1115 reused
CUDA Graph id 1116 reused
CUDA Graph id 1115 reused
CUDA Graph id 1116 reused
CUDA Graph id 1115 reused
CUDA Graph id 1116 reused
llama_perf_context_print:        load time =       0.71 ms
llama_perf_context_print: prompt eval time =     609.78 ms /   465 tokens (    1.31 ms per token,   762.57 tokens per second)
llama_perf_context_print:        eval time =     172.69 ms /     6 runs   (   28.78 ms per token,    34.75 tokens per second)
llama_perf_context_print:       total time =     911.04 ms /   471 tokens
llama_perf_context_print:    graphs reused =          5
ggml_backend_cuda_graph_compute: CUDA graph warmup reset
ggml_backend_cuda_graph_compute: CUDA graph warmup reset
CUDA Graph id 1119 reused
ggml_backend_cuda_graph_compute: CUDA graph warmup complete
CUDA Graph id 1120 reused
ggml_backend_cuda_graph_compute: CUDA graph warmup complete
ggml_backend_cuda_graph_compute: CUDA graph warmup reset
ggml_backend_cuda_graph_compute: CUDA graph warmup reset
CUDA Graph id 1123 reused
ggml_backend_cuda_graph_compute: CUDA graph warmup complete
CUDA Graph id 1124 reused
ggml_backend_cuda_graph_compute: CUDA graph warmup complete
ggml_backend_cuda_graph_compute: CUDA graph warmup reset
ggml_backend_cuda_graph_compute: CUDA graph warmup reset
CUDA Graph id 1127 reused
ggml_backend_cuda_graph_compute: CUDA graph warmup complete
CUDA Graph id 1128 reused
ggml_backend_cuda_graph_compute: CUDA graph warmup complete
ggml_backend_cuda_graph_compute: CUDA graph warmup reset
ggml_backend_cuda_graph_compute: CUDA graph warmup reset
CUDA Graph id 1131 reused
ggml_backend_cuda_graph_compute: CUDA graph warmup complete
CUDA Graph id 1132 reused
ggml_backend_cuda_graph_compute: CUDA graph warmup complete
Llama.generate: 33 prefix-match hit, remaining 483 prompt tokens to eval
ggml_backend_cuda_graph_compute: CUDA graph warmup reset
ggml_backend_cuda_graph_compute: CUDA graph warmup reset
CUDA Graph id 1139 reused
ggml_backend_cuda_graph_compute: CUDA graph warmup complete
CUDA Graph id 1140 reused
ggml_backend_cuda_graph_compute: CUDA graph warmup complete
CUDA Graph id 1139 reused
CUDA Graph id 1140 reused
CUDA Graph id 1139 reused
CUDA Graph id 1140 reused
CUDA Graph id 1139 reused
CUDA Graph id 1140 reused
CUDA Graph id 1139 reused
CUDA Graph id 1140 reused
llama_perf_context_print:        load time =       0.71 ms
llama_perf_context_print: prompt eval time =     642.92 ms /   483 tokens (    1.33 ms per token,   751.26 tokens per second)
llama_perf_context_print:        eval time =     167.29 ms /     6 runs   (   27.88 ms per token,    35.87 tokens per second)
llama_perf_context_print:       total time =     937.10 ms /   489 tokens
llama_perf_context_print:    graphs reused =          5
ggml_backend_cuda_graph_compute: CUDA graph warmup reset
ggml_backend_cuda_graph_compute: CUDA graph warmup reset
CUDA Graph id 1143 reused
ggml_backend_cuda_graph_compute: CUDA graph warmup complete
CUDA Graph id 1144 reused
ggml_backend_cuda_graph_compute: CUDA graph warmup complete
ggml_backend_cuda_graph_compute: CUDA graph warmup reset
ggml_backend_cuda_graph_compute: CUDA graph warmup reset
CUDA Graph id 1147 reused
ggml_backend_cuda_graph_compute: CUDA graph warmup complete
CUDA Graph id 1148 reused
ggml_backend_cuda_graph_compute: CUDA graph warmup complete
ggml_backend_cuda_graph_compute: CUDA graph warmup reset
ggml_backend_cuda_graph_compute: CUDA graph warmup reset
CUDA Graph id 1151 reused
ggml_backend_cuda_graph_compute: CUDA graph warmup complete
CUDA Graph id 1152 reused
ggml_backend_cuda_graph_compute: CUDA graph warmup complete
ggml_backend_cuda_graph_compute: CUDA graph warmup reset
ggml_backend_cuda_graph_compute: CUDA graph warmup reset
Llama.generate: 43 prefix-match hit, remaining 614 prompt tokens to eval
CUDA Graph id 1179 reused
ggml_backend_cuda_graph_compute: CUDA graph warmup complete
CUDA Graph id 1180 reused
ggml_backend_cuda_graph_compute: CUDA graph warmup complete
CUDA Graph id 1179 reused
CUDA Graph id 1180 reused
CUDA Graph id 1179 reused
CUDA Graph id 1180 reused
CUDA Graph id 1179 reused
CUDA Graph id 1180 reused
CUDA Graph id 1179 reused
CUDA Graph id 1180 reused
llama_perf_context_print:        load time =       0.71 ms
llama_perf_context_print: prompt eval time =     751.35 ms /   614 tokens (    1.22 ms per token,   817.20 tokens per second)
llama_perf_context_print:        eval time =     167.15 ms /     6 runs   (   27.86 ms per token,    35.90 tokens per second)
llama_perf_context_print:       total time =    1050.88 ms /   620 tokens
llama_perf_context_print:    graphs reused =          5
ggml_backend_cuda_graph_compute: CUDA graph warmup reset
ggml_backend_cuda_graph_compute: CUDA graph warmup reset
CUDA Graph id 1183 reused
ggml_backend_cuda_graph_compute: CUDA graph warmup complete
CUDA Graph id 1184 reused
ggml_backend_cuda_graph_compute: CUDA graph warmup complete
ggml_backend_cuda_graph_compute: CUDA graph warmup reset
ggml_backend_cuda_graph_compute: CUDA graph warmup reset
CUDA Graph id 1187 reused
ggml_backend_cuda_graph_compute: CUDA graph warmup complete
CUDA Graph id 1188 reused
ggml_backend_cuda_graph_compute: CUDA graph warmup complete
ggml_backend_cuda_graph_compute: CUDA graph warmup reset
ggml_backend_cuda_graph_compute: CUDA graph warmup reset
Llama.generate: 33 prefix-match hit, remaining 465 prompt tokens to eval
CUDA Graph id 1227 reused
ggml_backend_cuda_graph_compute: CUDA graph warmup complete
CUDA Graph id 1228 reused
ggml_backend_cuda_graph_compute: CUDA graph warmup complete
CUDA Graph id 1227 reused
CUDA Graph id 1228 reused
CUDA Graph id 1227 reused
CUDA Graph id 1228 reused
CUDA Graph id 1227 reused
CUDA Graph id 1228 reused
CUDA Graph id 1227 reused
CUDA Graph id 1228 reused
llama_perf_context_print:        load time =       0.71 ms
llama_perf_context_print: prompt eval time =     608.53 ms /   465 tokens (    1.31 ms per token,   764.13 tokens per second)
llama_perf_context_print:        eval time =     172.63 ms /     6 runs   (   28.77 ms per token,    34.76 tokens per second)
llama_perf_context_print:       total time =     907.80 ms /   471 tokens
llama_perf_context_print:    graphs reused =          5
ggml_backend_cuda_graph_compute: CUDA graph warmup reset
ggml_backend_cuda_graph_compute: CUDA graph warmup reset
CUDA Graph id 1231 reused
ggml_backend_cuda_graph_compute: CUDA graph warmup complete
CUDA Graph id 1232 reused
ggml_backend_cuda_graph_compute: CUDA graph warmup complete
ggml_backend_cuda_graph_compute: CUDA graph warmup reset
ggml_backend_cuda_graph_compute: CUDA graph warmup reset
CUDA Graph id 1235 reused
ggml_backend_cuda_graph_compute: CUDA graph warmup complete
CUDA Graph id 1236 reused
ggml_backend_cuda_graph_compute: CUDA graph warmup complete
ggml_backend_cuda_graph_compute: CUDA graph warmup reset
ggml_backend_cuda_graph_compute: CUDA graph warmup reset
CUDA Graph id 1239 reused
ggml_backend_cuda_graph_compute: CUDA graph warmup complete
CUDA Graph id 1240 reused
ggml_backend_cuda_graph_compute: CUDA graph warmup complete
ggml_backend_cuda_graph_compute: CUDA graph warmup reset
ggml_backend_cuda_graph_compute: CUDA graph warmup reset
CUDA Graph id 1243 reused
ggml_backend_cuda_graph_compute: CUDA graph warmup complete
CUDA Graph id 1244 reused
ggml_backend_cuda_graph_compute: CUDA graph warmup complete
Llama.generate: 33 prefix-match hit, remaining 622 prompt tokens to eval
ggml_backend_cuda_graph_compute: CUDA graph warmup reset
ggml_backend_cuda_graph_compute: CUDA graph warmup reset
CUDA Graph id 1255 reused
ggml_backend_cuda_graph_compute: CUDA graph warmup complete
CUDA Graph id 1256 reused
ggml_backend_cuda_graph_compute: CUDA graph warmup complete
CUDA Graph id 1255 reused
CUDA Graph id 1256 reused
CUDA Graph id 1255 reused
CUDA Graph id 1256 reused
CUDA Graph id 1255 reused
CUDA Graph id 1256 reused
CUDA Graph id 1255 reused
CUDA Graph id 1256 reused
llama_perf_context_print:        load time =       0.71 ms
llama_perf_context_print: prompt eval time =     754.31 ms /   622 tokens (    1.21 ms per token,   824.60 tokens per second)
llama_perf_context_print:        eval time =     167.63 ms /     6 runs   (   27.94 ms per token,    35.79 tokens per second)
llama_perf_context_print:       total time =    1054.45 ms /   628 tokens
llama_perf_context_print:    graphs reused =          5
ggml_backend_cuda_graph_compute: CUDA graph warmup reset
ggml_backend_cuda_graph_compute: CUDA graph warmup reset
CUDA Graph id 1259 reused
ggml_backend_cuda_graph_compute: CUDA graph warmup complete
CUDA Graph id 1260 reused
ggml_backend_cuda_graph_compute: CUDA graph warmup complete
ggml_backend_cuda_graph_compute: CUDA graph warmup reset
ggml_backend_cuda_graph_compute: CUDA graph warmup reset
CUDA Graph id 1263 reused
ggml_backend_cuda_graph_compute: CUDA graph warmup complete
CUDA Graph id 1264 reused
ggml_backend_cuda_graph_compute: CUDA graph warmup complete
ggml_backend_cuda_graph_compute: CUDA graph warmup reset
ggml_backend_cuda_graph_compute: CUDA graph warmup reset
Llama.generate: 43 prefix-match hit, remaining 473 prompt tokens to eval
CUDA Graph id 1303 reused
ggml_backend_cuda_graph_compute: CUDA graph warmup complete
CUDA Graph id 1304 reused
ggml_backend_cuda_graph_compute: CUDA graph warmup complete
CUDA Graph id 1303 reused
CUDA Graph id 1304 reused
CUDA Graph id 1303 reused
CUDA Graph id 1304 reused
CUDA Graph id 1303 reused
CUDA Graph id 1304 reused
CUDA Graph id 1303 reused
CUDA Graph id 1304 reused
llama_perf_context_print:        load time =       0.71 ms
llama_perf_context_print: prompt eval time =     635.29 ms /   473 tokens (    1.34 ms per token,   744.54 tokens per second)
llama_perf_context_print:        eval time =     167.35 ms /     6 runs   (   27.89 ms per token,    35.85 tokens per second)
llama_perf_context_print:       total time =     928.39 ms /   479 tokens
llama_perf_context_print:    graphs reused =          5
ggml_backend_cuda_graph_compute: CUDA graph warmup reset
ggml_backend_cuda_graph_compute: CUDA graph warmup reset
CUDA Graph id 1307 reused
ggml_backend_cuda_graph_compute: CUDA graph warmup complete
CUDA Graph id 1308 reused
ggml_backend_cuda_graph_compute: CUDA graph warmup complete
ggml_backend_cuda_graph_compute: CUDA graph warmup reset
ggml_backend_cuda_graph_compute: CUDA graph warmup reset
CUDA Graph id 1311 reused
ggml_backend_cuda_graph_compute: CUDA graph warmup complete
CUDA Graph id 1312 reused
ggml_backend_cuda_graph_compute: CUDA graph warmup complete
ggml_backend_cuda_graph_compute: CUDA graph warmup reset
ggml_backend_cuda_graph_compute: CUDA graph warmup reset
CUDA Graph id 1315 reused
ggml_backend_cuda_graph_compute: CUDA graph warmup complete
CUDA Graph id 1316 reused
ggml_backend_cuda_graph_compute: CUDA graph warmup complete
ggml_backend_cuda_graph_compute: CUDA graph warmup reset
ggml_backend_cuda_graph_compute: CUDA graph warmup reset
Llama.generate: 33 prefix-match hit, remaining 462 prompt tokens to eval
CUDA Graph id 1339 reused
ggml_backend_cuda_graph_compute: CUDA graph warmup complete
CUDA Graph id 1340 reused
ggml_backend_cuda_graph_compute: CUDA graph warmup complete
CUDA Graph id 1339 reused
CUDA Graph id 1340 reused
CUDA Graph id 1339 reused
CUDA Graph id 1340 reused
CUDA Graph id 1339 reused
CUDA Graph id 1340 reused
CUDA Graph id 1339 reused
CUDA Graph id 1340 reused
llama_perf_context_print:        load time =       0.71 ms
llama_perf_context_print: prompt eval time =     608.42 ms /   462 tokens (    1.32 ms per token,   759.35 tokens per second)
llama_perf_context_print:        eval time =     172.91 ms /     6 runs   (   28.82 ms per token,    34.70 tokens per second)
llama_perf_context_print:       total time =     911.59 ms /   468 tokens
llama_perf_context_print:    graphs reused =          5
ggml_backend_cuda_graph_compute: CUDA graph warmup reset
ggml_backend_cuda_graph_compute: CUDA graph warmup reset
CUDA Graph id 1343 reused
ggml_backend_cuda_graph_compute: CUDA graph warmup complete
CUDA Graph id 1344 reused
ggml_backend_cuda_graph_compute: CUDA graph warmup complete
ggml_backend_cuda_graph_compute: CUDA graph warmup reset
ggml_backend_cuda_graph_compute: CUDA graph warmup reset
CUDA Graph id 1347 reused
ggml_backend_cuda_graph_compute: CUDA graph warmup complete
CUDA Graph id 1348 reused
ggml_backend_cuda_graph_compute: CUDA graph warmup complete
ggml_backend_cuda_graph_compute: CUDA graph warmup reset
ggml_backend_cuda_graph_compute: CUDA graph warmup reset
CUDA Graph id 1351 reused
ggml_backend_cuda_graph_compute: CUDA graph warmup complete
CUDA Graph id 1352 reused
ggml_backend_cuda_graph_compute: CUDA graph warmup complete
ggml_backend_cuda_graph_compute: CUDA graph warmup reset
ggml_backend_cuda_graph_compute: CUDA graph warmup reset
CUDA Graph id 1355 reused
ggml_backend_cuda_graph_compute: CUDA graph warmup complete
CUDA Graph id 1356 reused
ggml_backend_cuda_graph_compute: CUDA graph warmup complete
Llama.generate: 33 prefix-match hit, remaining 621 prompt tokens to eval
ggml_backend_cuda_graph_compute: CUDA graph warmup reset
ggml_backend_cuda_graph_compute: CUDA graph warmup reset
CUDA Graph id 1367 reused
ggml_backend_cuda_graph_compute: CUDA graph warmup complete
CUDA Graph id 1368 reused
ggml_backend_cuda_graph_compute: CUDA graph warmup complete
CUDA Graph id 1367 reused
CUDA Graph id 1368 reused
CUDA Graph id 1367 reused
CUDA Graph id 1368 reused
CUDA Graph id 1367 reused
CUDA Graph id 1368 reused
CUDA Graph id 1367 reused
CUDA Graph id 1368 reused
llama_perf_context_print:        load time =       0.71 ms
llama_perf_context_print: prompt eval time =     753.44 ms /   621 tokens (    1.21 ms per token,   824.22 tokens per second)
llama_perf_context_print:        eval time =     167.55 ms /     6 runs   (   27.92 ms per token,    35.81 tokens per second)
llama_perf_context_print:       total time =    1059.87 ms /   627 tokens
llama_perf_context_print:    graphs reused =          5
ggml_backend_cuda_graph_compute: CUDA graph warmup reset
ggml_backend_cuda_graph_compute: CUDA graph warmup reset
CUDA Graph id 1371 reused
ggml_backend_cuda_graph_compute: CUDA graph warmup complete
CUDA Graph id 1372 reused
ggml_backend_cuda_graph_compute: CUDA graph warmup complete
ggml_backend_cuda_graph_compute: CUDA graph warmup reset
ggml_backend_cuda_graph_compute: CUDA graph warmup reset
CUDA Graph id 1375 reused
ggml_backend_cuda_graph_compute: CUDA graph warmup complete
CUDA Graph id 1376 reused
ggml_backend_cuda_graph_compute: CUDA graph warmup complete
ggml_backend_cuda_graph_compute: CUDA graph warmup reset
ggml_backend_cuda_graph_compute: CUDA graph warmup reset
Llama.generate: 43 prefix-match hit, remaining 470 prompt tokens to eval
CUDA Graph id 1415 reused
ggml_backend_cuda_graph_compute: CUDA graph warmup complete
CUDA Graph id 1416 reused
ggml_backend_cuda_graph_compute: CUDA graph warmup complete
CUDA Graph id 1415 reused
CUDA Graph id 1416 reused
CUDA Graph id 1415 reused
CUDA Graph id 1416 reused
CUDA Graph id 1415 reused
CUDA Graph id 1416 reused
CUDA Graph id 1415 reused
CUDA Graph id 1416 reused
llama_perf_context_print:        load time =       0.71 ms
llama_perf_context_print: prompt eval time =     634.60 ms /   470 tokens (    1.35 ms per token,   740.63 tokens per second)
llama_perf_context_print:        eval time =     167.60 ms /     6 runs   (   27.93 ms per token,    35.80 tokens per second)
llama_perf_context_print:       total time =     927.38 ms /   476 tokens
llama_perf_context_print:    graphs reused =          5
ggml_backend_cuda_graph_compute: CUDA graph warmup reset
ggml_backend_cuda_graph_compute: CUDA graph warmup reset
CUDA Graph id 1419 reused
ggml_backend_cuda_graph_compute: CUDA graph warmup complete
CUDA Graph id 1420 reused
ggml_backend_cuda_graph_compute: CUDA graph warmup complete
ggml_backend_cuda_graph_compute: CUDA graph warmup reset
ggml_backend_cuda_graph_compute: CUDA graph warmup reset
CUDA Graph id 1423 reused
ggml_backend_cuda_graph_compute: CUDA graph warmup complete
CUDA Graph id 1424 reused
ggml_backend_cuda_graph_compute: CUDA graph warmup complete
ggml_backend_cuda_graph_compute: CUDA graph warmup reset
ggml_backend_cuda_graph_compute: CUDA graph warmup reset
CUDA Graph id 1427 reused
ggml_backend_cuda_graph_compute: CUDA graph warmup complete
CUDA Graph id 1428 reused
ggml_backend_cuda_graph_compute: CUDA graph warmup complete
ggml_backend_cuda_graph_compute: CUDA graph warmup reset
ggml_backend_cuda_graph_compute: CUDA graph warmup reset
Llama.generate: 33 prefix-match hit, remaining 459 prompt tokens to eval
CUDA Graph id 1451 reused
ggml_backend_cuda_graph_compute: CUDA graph warmup complete
CUDA Graph id 1452 reused
ggml_backend_cuda_graph_compute: CUDA graph warmup complete
CUDA Graph id 1451 reused
CUDA Graph id 1452 reused
CUDA Graph id 1451 reused
CUDA Graph id 1452 reused
CUDA Graph id 1451 reused
CUDA Graph id 1452 reused
CUDA Graph id 1451 reused
CUDA Graph id 1452 reused
llama_perf_context_print:        load time =       0.71 ms
llama_perf_context_print: prompt eval time =     605.04 ms /   459 tokens (    1.32 ms per token,   758.62 tokens per second)
llama_perf_context_print:        eval time =     173.94 ms /     6 runs   (   28.99 ms per token,    34.49 tokens per second)
llama_perf_context_print:       total time =     900.64 ms /   465 tokens
llama_perf_context_print:    graphs reused =          5
ggml_backend_cuda_graph_compute: CUDA graph warmup reset
ggml_backend_cuda_graph_compute: CUDA graph warmup reset
CUDA Graph id 1455 reused
ggml_backend_cuda_graph_compute: CUDA graph warmup complete
CUDA Graph id 1456 reused
ggml_backend_cuda_graph_compute: CUDA graph warmup complete
ggml_backend_cuda_graph_compute: CUDA graph warmup reset
ggml_backend_cuda_graph_compute: CUDA graph warmup reset
CUDA Graph id 1459 reused
ggml_backend_cuda_graph_compute: CUDA graph warmup complete
CUDA Graph id 1460 reused
ggml_backend_cuda_graph_compute: CUDA graph warmup complete
ggml_backend_cuda_graph_compute: CUDA graph warmup reset
ggml_backend_cuda_graph_compute: CUDA graph warmup reset
CUDA Graph id 1463 reused
ggml_backend_cuda_graph_compute: CUDA graph warmup complete
CUDA Graph id 1464 reused
ggml_backend_cuda_graph_compute: CUDA graph warmup complete
ggml_backend_cuda_graph_compute: CUDA graph warmup reset
ggml_backend_cuda_graph_compute: CUDA graph warmup reset
CUDA Graph id 1467 reused
ggml_backend_cuda_graph_compute: CUDA graph warmup complete
CUDA Graph id 1468 reused
ggml_backend_cuda_graph_compute: CUDA graph warmup complete
Llama.generate: 33 prefix-match hit, remaining 477 prompt tokens to eval
ggml_backend_cuda_graph_compute: CUDA graph warmup reset
ggml_backend_cuda_graph_compute: CUDA graph warmup reset
CUDA Graph id 1475 reused
ggml_backend_cuda_graph_compute: CUDA graph warmup complete
CUDA Graph id 1476 reused
ggml_backend_cuda_graph_compute: CUDA graph warmup complete
ggml_backend_cuda_graph_compute: CUDA graph warmup reset
ggml_backend_cuda_graph_compute: CUDA graph warmup reset
CUDA Graph id 1479 reused
ggml_backend_cuda_graph_compute: CUDA graph warmup complete
CUDA Graph id 1480 reused
ggml_backend_cuda_graph_compute: CUDA graph warmup complete
CUDA Graph id 1479 reused
CUDA Graph id 1480 reused
CUDA Graph id 1479 reused
CUDA Graph id 1480 reused
llama_perf_context_print:        load time =       0.71 ms
llama_perf_context_print: prompt eval time =     616.46 ms /   477 tokens (    1.29 ms per token,   773.77 tokens per second)
llama_perf_context_print:        eval time =     173.74 ms /     6 runs   (   28.96 ms per token,    34.53 tokens per second)
llama_perf_context_print:       total time =     916.95 ms /   483 tokens
llama_perf_context_print:    graphs reused =          4
ggml_backend_cuda_graph_compute: CUDA graph warmup reset
ggml_backend_cuda_graph_compute: CUDA graph warmup reset
CUDA Graph id 1483 reused
ggml_backend_cuda_graph_compute: CUDA graph warmup complete
CUDA Graph id 1484 reused
ggml_backend_cuda_graph_compute: CUDA graph warmup complete
ggml_backend_cuda_graph_compute: CUDA graph warmup reset
ggml_backend_cuda_graph_compute: CUDA graph warmup reset
CUDA Graph id 1487 reused
ggml_backend_cuda_graph_compute: CUDA graph warmup complete
CUDA Graph id 1488 reused
ggml_backend_cuda_graph_compute: CUDA graph warmup complete
ggml_backend_cuda_graph_compute: CUDA graph warmup reset
ggml_backend_cuda_graph_compute: CUDA graph warmup reset
CUDA Graph id 1491 reused
ggml_backend_cuda_graph_compute: CUDA graph warmup complete
CUDA Graph id 1492 reused
ggml_backend_cuda_graph_compute: CUDA graph warmup complete
ggml_backend_cuda_graph_compute: CUDA graph warmup reset
ggml_backend_cuda_graph_compute: CUDA graph warmup reset
Llama.generate: 43 prefix-match hit, remaining 597 prompt tokens to eval
CUDA Graph id 1519 reused
ggml_backend_cuda_graph_compute: CUDA graph warmup complete
CUDA Graph id 1520 reused
ggml_backend_cuda_graph_compute: CUDA graph warmup complete
CUDA Graph id 1519 reused
CUDA Graph id 1520 reused
CUDA Graph id 1519 reused
CUDA Graph id 1520 reused
CUDA Graph id 1519 reused
CUDA Graph id 1520 reused
CUDA Graph id 1519 reused
CUDA Graph id 1520 reused
llama_perf_context_print:        load time =       0.71 ms
llama_perf_context_print: prompt eval time =     736.38 ms /   597 tokens (    1.23 ms per token,   810.72 tokens per second)
llama_perf_context_print:        eval time =     167.54 ms /     6 runs   (   27.92 ms per token,    35.81 tokens per second)
llama_perf_context_print:       total time =    1035.45 ms /   603 tokens
llama_perf_context_print:    graphs reused =          5
ggml_backend_cuda_graph_compute: CUDA graph warmup reset
ggml_backend_cuda_graph_compute: CUDA graph warmup reset
CUDA Graph id 1523 reused
ggml_backend_cuda_graph_compute: CUDA graph warmup complete
CUDA Graph id 1524 reused
ggml_backend_cuda_graph_compute: CUDA graph warmup complete
ggml_backend_cuda_graph_compute: CUDA graph warmup reset
ggml_backend_cuda_graph_compute: CUDA graph warmup reset
CUDA Graph id 1527 reused
ggml_backend_cuda_graph_compute: CUDA graph warmup complete
CUDA Graph id 1528 reused
ggml_backend_cuda_graph_compute: CUDA graph warmup complete
ggml_backend_cuda_graph_compute: CUDA graph warmup reset
ggml_backend_cuda_graph_compute: CUDA graph warmup reset
Llama.generate: 33 prefix-match hit, remaining 638 prompt tokens to eval
CUDA Graph id 1571 reused
ggml_backend_cuda_graph_compute: CUDA graph warmup complete
CUDA Graph id 1572 reused
ggml_backend_cuda_graph_compute: CUDA graph warmup complete
CUDA Graph id 1571 reused
CUDA Graph id 1572 reused
CUDA Graph id 1571 reused
CUDA Graph id 1572 reused
CUDA Graph id 1571 reused
CUDA Graph id 1572 reused
CUDA Graph id 1571 reused
CUDA Graph id 1572 reused
llama_perf_context_print:        load time =       0.71 ms
llama_perf_context_print: prompt eval time =     764.24 ms /   638 tokens (    1.20 ms per token,   834.82 tokens per second)
llama_perf_context_print:        eval time =     167.26 ms /     6 runs   (   27.88 ms per token,    35.87 tokens per second)
llama_perf_context_print:       total time =    1064.01 ms /   644 tokens
llama_perf_context_print:    graphs reused =          5
ggml_backend_cuda_graph_compute: CUDA graph warmup reset
ggml_backend_cuda_graph_compute: CUDA graph warmup reset
CUDA Graph id 1575 reused
ggml_backend_cuda_graph_compute: CUDA graph warmup complete
CUDA Graph id 1576 reused
ggml_backend_cuda_graph_compute: CUDA graph warmup complete
ggml_backend_cuda_graph_compute: CUDA graph warmup reset
ggml_backend_cuda_graph_compute: CUDA graph warmup reset
CUDA Graph id 1579 reused
ggml_backend_cuda_graph_compute: CUDA graph warmup complete
CUDA Graph id 1580 reused
ggml_backend_cuda_graph_compute: CUDA graph warmup complete
ggml_backend_cuda_graph_compute: CUDA graph warmup reset
ggml_backend_cuda_graph_compute: CUDA graph warmup reset
Llama.generate: 33 prefix-match hit, remaining 656 prompt tokens to eval
CUDA Graph id 1623 reused
ggml_backend_cuda_graph_compute: CUDA graph warmup complete
CUDA Graph id 1624 reused
ggml_backend_cuda_graph_compute: CUDA graph warmup complete
CUDA Graph id 1623 reused
CUDA Graph id 1624 reused
CUDA Graph id 1623 reused
CUDA Graph id 1624 reused
CUDA Graph id 1623 reused
CUDA Graph id 1624 reused
CUDA Graph id 1623 reused
CUDA Graph id 1624 reused
llama_perf_context_print:        load time =       0.71 ms
llama_perf_context_print: prompt eval time =     788.20 ms /   656 tokens (    1.20 ms per token,   832.28 tokens per second)
llama_perf_context_print:        eval time =     167.56 ms /     6 runs   (   27.93 ms per token,    35.81 tokens per second)
llama_perf_context_print:       total time =    1095.05 ms /   662 tokens
llama_perf_context_print:    graphs reused =          5
ggml_backend_cuda_graph_compute: CUDA graph warmup reset
ggml_backend_cuda_graph_compute: CUDA graph warmup reset
CUDA Graph id 1627 reused
ggml_backend_cuda_graph_compute: CUDA graph warmup complete
CUDA Graph id 1628 reused
ggml_backend_cuda_graph_compute: CUDA graph warmup complete
ggml_backend_cuda_graph_compute: CUDA graph warmup reset
ggml_backend_cuda_graph_compute: CUDA graph warmup reset
CUDA Graph id 1631 reused
ggml_backend_cuda_graph_compute: CUDA graph warmup complete
CUDA Graph id 1632 reused
ggml_backend_cuda_graph_compute: CUDA graph warmup complete
ggml_backend_cuda_graph_compute: CUDA graph warmup reset
ggml_backend_cuda_graph_compute: CUDA graph warmup reset
Llama.generate: 688 prefix-match hit, remaining 1 prompt tokens to eval
CUDA Graph id 1667 reused
ggml_backend_cuda_graph_compute: CUDA graph warmup complete
CUDA Graph id 1668 reused
ggml_backend_cuda_graph_compute: CUDA graph warmup complete
CUDA Graph id 1667 reused
CUDA Graph id 1668 reused
CUDA Graph id 1667 reused
CUDA Graph id 1668 reused
CUDA Graph id 1667 reused
CUDA Graph id 1668 reused
CUDA Graph id 1667 reused
CUDA Graph id 1668 reused
CUDA Graph id 1667 reused
CUDA Graph id 1668 reused
llama_perf_context_print:        load time =       0.71 ms
llama_perf_context_print: prompt eval time =       0.00 ms /     1 tokens (    0.00 ms per token,      inf tokens per second)
llama_perf_context_print:        eval time =     194.13 ms /     7 runs   (   27.73 ms per token,    36.06 tokens per second)
llama_perf_context_print:       total time =     303.13 ms /     8 tokens
llama_perf_context_print:    graphs reused =          6
ggml_backend_cuda_graph_compute: CUDA graph warmup reset
ggml_backend_cuda_graph_compute: CUDA graph warmup reset
CUDA Graph id 1671 reused
ggml_backend_cuda_graph_compute: CUDA graph warmup complete
CUDA Graph id 1672 reused
ggml_backend_cuda_graph_compute: CUDA graph warmup complete
ggml_backend_cuda_graph_compute: CUDA graph warmup reset
ggml_backend_cuda_graph_compute: CUDA graph warmup reset
CUDA Graph id 1675 reused
ggml_backend_cuda_graph_compute: CUDA graph warmup complete
CUDA Graph id 1676 reused
ggml_backend_cuda_graph_compute: CUDA graph warmup complete
ggml_backend_cuda_graph_compute: CUDA graph warmup reset
ggml_backend_cuda_graph_compute: CUDA graph warmup reset
Llama.generate: 33 prefix-match hit, remaining 638 prompt tokens to eval
CUDA Graph id 1719 reused
ggml_backend_cuda_graph_compute: CUDA graph warmup complete
CUDA Graph id 1720 reused
ggml_backend_cuda_graph_compute: CUDA graph warmup complete
CUDA Graph id 1719 reused
CUDA Graph id 1720 reused
CUDA Graph id 1719 reused
CUDA Graph id 1720 reused
CUDA Graph id 1719 reused
CUDA Graph id 1720 reused
CUDA Graph id 1719 reused
CUDA Graph id 1720 reused
llama_perf_context_print:        load time =       0.71 ms
llama_perf_context_print: prompt eval time =     765.20 ms /   638 tokens (    1.20 ms per token,   833.77 tokens per second)
llama_perf_context_print:        eval time =     167.41 ms /     6 runs   (   27.90 ms per token,    35.84 tokens per second)
llama_perf_context_print:       total time =    1068.43 ms /   644 tokens
llama_perf_context_print:    graphs reused =          5
ggml_backend_cuda_graph_compute: CUDA graph warmup reset
ggml_backend_cuda_graph_compute: CUDA graph warmup reset
CUDA Graph id 1723 reused
ggml_backend_cuda_graph_compute: CUDA graph warmup complete
CUDA Graph id 1724 reused
ggml_backend_cuda_graph_compute: CUDA graph warmup complete
ggml_backend_cuda_graph_compute: CUDA graph warmup reset
ggml_backend_cuda_graph_compute: CUDA graph warmup reset
CUDA Graph id 1727 reused
ggml_backend_cuda_graph_compute: CUDA graph warmup complete
CUDA Graph id 1728 reused
ggml_backend_cuda_graph_compute: CUDA graph warmup complete
ggml_backend_cuda_graph_compute: CUDA graph warmup reset
ggml_backend_cuda_graph_compute: CUDA graph warmup reset
Llama.generate: 33 prefix-match hit, remaining 786 prompt tokens to eval
CUDA Graph id 1771 reused
ggml_backend_cuda_graph_compute: CUDA graph warmup complete
CUDA Graph id 1772 reused
ggml_backend_cuda_graph_compute: CUDA graph warmup complete
CUDA Graph id 1771 reused
CUDA Graph id 1772 reused
CUDA Graph id 1771 reused
CUDA Graph id 1772 reused
CUDA Graph id 1771 reused
CUDA Graph id 1772 reused
CUDA Graph id 1771 reused
CUDA Graph id 1772 reused
llama_perf_context_print:        load time =       0.71 ms
llama_perf_context_print: prompt eval time =     894.58 ms /   786 tokens (    1.14 ms per token,   878.63 tokens per second)
llama_perf_context_print:        eval time =     171.12 ms /     6 runs   (   28.52 ms per token,    35.06 tokens per second)
llama_perf_context_print:       total time =    1219.36 ms /   792 tokens
llama_perf_context_print:    graphs reused =          5
ggml_backend_cuda_graph_compute: CUDA graph warmup reset
ggml_backend_cuda_graph_compute: CUDA graph warmup reset
CUDA Graph id 1775 reused
ggml_backend_cuda_graph_compute: CUDA graph warmup complete
CUDA Graph id 1776 reused
ggml_backend_cuda_graph_compute: CUDA graph warmup complete
ggml_backend_cuda_graph_compute: CUDA graph warmup reset
ggml_backend_cuda_graph_compute: CUDA graph warmup reset
Llama.generate: 45 prefix-match hit, remaining 784 prompt tokens to eval
CUDA Graph id 1835 reused
ggml_backend_cuda_graph_compute: CUDA graph warmup complete
CUDA Graph id 1836 reused
ggml_backend_cuda_graph_compute: CUDA graph warmup complete
CUDA Graph id 1835 reused
CUDA Graph id 1836 reused
CUDA Graph id 1835 reused
CUDA Graph id 1836 reused
CUDA Graph id 1835 reused
CUDA Graph id 1836 reused
CUDA Graph id 1835 reused
CUDA Graph id 1836 reused
llama_perf_context_print:        load time =       0.71 ms
llama_perf_context_print: prompt eval time =     894.02 ms /   784 tokens (    1.14 ms per token,   876.93 tokens per second)
llama_perf_context_print:        eval time =     171.23 ms /     6 runs   (   28.54 ms per token,    35.04 tokens per second)
llama_perf_context_print:       total time =    1212.75 ms /   790 tokens
llama_perf_context_print:    graphs reused =          5
ggml_backend_cuda_graph_compute: CUDA graph warmup reset
ggml_backend_cuda_graph_compute: CUDA graph warmup reset
CUDA Graph id 1839 reused
ggml_backend_cuda_graph_compute: CUDA graph warmup complete
CUDA Graph id 1840 reused
ggml_backend_cuda_graph_compute: CUDA graph warmup complete
ggml_backend_cuda_graph_compute: CUDA graph warmup reset
ggml_backend_cuda_graph_compute: CUDA graph warmup reset
Llama.generate: 33 prefix-match hit, remaining 631 prompt tokens to eval
CUDA Graph id 1899 reused
ggml_backend_cuda_graph_compute: CUDA graph warmup complete
CUDA Graph id 1900 reused
ggml_backend_cuda_graph_compute: CUDA graph warmup complete
CUDA Graph id 1899 reused
CUDA Graph id 1900 reused
CUDA Graph id 1899 reused
CUDA Graph id 1900 reused
CUDA Graph id 1899 reused
CUDA Graph id 1900 reused
CUDA Graph id 1899 reused
CUDA Graph id 1900 reused
llama_perf_context_print:        load time =       0.71 ms
llama_perf_context_print: prompt eval time =     762.06 ms /   631 tokens (    1.21 ms per token,   828.02 tokens per second)
llama_perf_context_print:        eval time =     168.21 ms /     6 runs   (   28.03 ms per token,    35.67 tokens per second)
llama_perf_context_print:       total time =    1075.05 ms /   637 tokens
llama_perf_context_print:    graphs reused =          5
ggml_backend_cuda_graph_compute: CUDA graph warmup reset
ggml_backend_cuda_graph_compute: CUDA graph warmup reset
CUDA Graph id 1903 reused
ggml_backend_cuda_graph_compute: CUDA graph warmup complete
CUDA Graph id 1904 reused
ggml_backend_cuda_graph_compute: CUDA graph warmup complete
ggml_backend_cuda_graph_compute: CUDA graph warmup reset
ggml_backend_cuda_graph_compute: CUDA graph warmup reset
CUDA Graph id 1907 reused
ggml_backend_cuda_graph_compute: CUDA graph warmup complete
CUDA Graph id 1908 reused
ggml_backend_cuda_graph_compute: CUDA graph warmup complete
ggml_backend_cuda_graph_compute: CUDA graph warmup reset
ggml_backend_cuda_graph_compute: CUDA graph warmup reset
Llama.generate: 33 prefix-match hit, remaining 649 prompt tokens to eval
CUDA Graph id 1951 reused
ggml_backend_cuda_graph_compute: CUDA graph warmup complete
CUDA Graph id 1952 reused
ggml_backend_cuda_graph_compute: CUDA graph warmup complete
CUDA Graph id 1951 reused
CUDA Graph id 1952 reused
CUDA Graph id 1951 reused
CUDA Graph id 1952 reused
CUDA Graph id 1951 reused
CUDA Graph id 1952 reused
CUDA Graph id 1951 reused
CUDA Graph id 1952 reused
llama_perf_context_print:        load time =       0.71 ms
llama_perf_context_print: prompt eval time =     787.11 ms /   649 tokens (    1.21 ms per token,   824.54 tokens per second)
llama_perf_context_print:        eval time =     167.79 ms /     6 runs   (   27.97 ms per token,    35.76 tokens per second)
llama_perf_context_print:       total time =    1099.33 ms /   655 tokens
llama_perf_context_print:    graphs reused =          5
ggml_backend_cuda_graph_compute: CUDA graph warmup reset
ggml_backend_cuda_graph_compute: CUDA graph warmup reset
CUDA Graph id 1955 reused
ggml_backend_cuda_graph_compute: CUDA graph warmup complete
CUDA Graph id 1956 reused
ggml_backend_cuda_graph_compute: CUDA graph warmup complete
ggml_backend_cuda_graph_compute: CUDA graph warmup reset
ggml_backend_cuda_graph_compute: CUDA graph warmup reset
CUDA Graph id 1959 reused
ggml_backend_cuda_graph_compute: CUDA graph warmup complete
CUDA Graph id 1960 reused
ggml_backend_cuda_graph_compute: CUDA graph warmup complete
ggml_backend_cuda_graph_compute: CUDA graph warmup reset
ggml_backend_cuda_graph_compute: CUDA graph warmup reset
Llama.generate: 681 prefix-match hit, remaining 1 prompt tokens to eval
CUDA Graph id 1995 reused
ggml_backend_cuda_graph_compute: CUDA graph warmup complete
CUDA Graph id 1996 reused
ggml_backend_cuda_graph_compute: CUDA graph warmup complete
CUDA Graph id 1995 reused
CUDA Graph id 1996 reused
CUDA Graph id 1995 reused
CUDA Graph id 1996 reused
CUDA Graph id 1995 reused
CUDA Graph id 1996 reused
CUDA Graph id 1995 reused
CUDA Graph id 1996 reused
CUDA Graph id 1995 reused
CUDA Graph id 1996 reused
llama_perf_context_print:        load time =       0.71 ms
llama_perf_context_print: prompt eval time =       0.00 ms /     1 tokens (    0.00 ms per token,      inf tokens per second)
llama_perf_context_print:        eval time =     194.52 ms /     7 runs   (   27.79 ms per token,    35.99 tokens per second)
llama_perf_context_print:       total time =     311.24 ms /     8 tokens
llama_perf_context_print:    graphs reused =          6
ggml_backend_cuda_graph_compute: CUDA graph warmup reset
ggml_backend_cuda_graph_compute: CUDA graph warmup reset
CUDA Graph id 1999 reused
ggml_backend_cuda_graph_compute: CUDA graph warmup complete
CUDA Graph id 2000 reused
ggml_backend_cuda_graph_compute: CUDA graph warmup complete
ggml_backend_cuda_graph_compute: CUDA graph warmup reset
ggml_backend_cuda_graph_compute: CUDA graph warmup reset
CUDA Graph id 2003 reused
ggml_backend_cuda_graph_compute: CUDA graph warmup complete
CUDA Graph id 2004 reused
ggml_backend_cuda_graph_compute: CUDA graph warmup complete
ggml_backend_cuda_graph_compute: CUDA graph warmup reset
ggml_backend_cuda_graph_compute: CUDA graph warmup reset
Llama.generate: 33 prefix-match hit, remaining 598 prompt tokens to eval
CUDA Graph id 2047 reused
ggml_backend_cuda_graph_compute: CUDA graph warmup complete
CUDA Graph id 2048 reused
ggml_backend_cuda_graph_compute: CUDA graph warmup complete
CUDA Graph id 2047 reused
CUDA Graph id 2048 reused
CUDA Graph id 2047 reused
CUDA Graph id 2048 reused
CUDA Graph id 2047 reused
CUDA Graph id 2048 reused
CUDA Graph id 2047 reused
CUDA Graph id 2048 reused
llama_perf_context_print:        load time =       0.71 ms
llama_perf_context_print: prompt eval time =     735.63 ms /   598 tokens (    1.23 ms per token,   812.91 tokens per second)
llama_perf_context_print:        eval time =     167.60 ms /     6 runs   (   27.93 ms per token,    35.80 tokens per second)
llama_perf_context_print:       total time =    1048.69 ms /   604 tokens
llama_perf_context_print:    graphs reused =          5
ggml_backend_cuda_graph_compute: CUDA graph warmup reset
ggml_backend_cuda_graph_compute: CUDA graph warmup reset
CUDA Graph id 2051 reused
ggml_backend_cuda_graph_compute: CUDA graph warmup complete
CUDA Graph id 2052 reused
ggml_backend_cuda_graph_compute: CUDA graph warmup complete
ggml_backend_cuda_graph_compute: CUDA graph warmup reset
ggml_backend_cuda_graph_compute: CUDA graph warmup reset
CUDA Graph id 2055 reused
ggml_backend_cuda_graph_compute: CUDA graph warmup complete
CUDA Graph id 2056 reused
ggml_backend_cuda_graph_compute: CUDA graph warmup complete
ggml_backend_cuda_graph_compute: CUDA graph warmup reset
ggml_backend_cuda_graph_compute: CUDA graph warmup reset
CUDA Graph id 2059 reused
ggml_backend_cuda_graph_compute: CUDA graph warmup complete
CUDA Graph id 2060 reused
ggml_backend_cuda_graph_compute: CUDA graph warmup complete
ggml_backend_cuda_graph_compute: CUDA graph warmup reset
ggml_backend_cuda_graph_compute: CUDA graph warmup reset
Llama.generate: 33 prefix-match hit, remaining 756 prompt tokens to eval
CUDA Graph id 2087 reused
ggml_backend_cuda_graph_compute: CUDA graph warmup complete
CUDA Graph id 2088 reused
ggml_backend_cuda_graph_compute: CUDA graph warmup complete
CUDA Graph id 2087 reused
CUDA Graph id 2088 reused
CUDA Graph id 2087 reused
CUDA Graph id 2088 reused
CUDA Graph id 2087 reused
CUDA Graph id 2088 reused
CUDA Graph id 2087 reused
CUDA Graph id 2088 reused
llama_perf_context_print:        load time =       0.71 ms
llama_perf_context_print: prompt eval time =     859.92 ms /   756 tokens (    1.14 ms per token,   879.16 tokens per second)
llama_perf_context_print:        eval time =     171.16 ms /     6 runs   (   28.53 ms per token,    35.06 tokens per second)
llama_perf_context_print:       total time =    1181.88 ms /   762 tokens
llama_perf_context_print:    graphs reused =          5
ggml_backend_cuda_graph_compute: CUDA graph warmup reset
ggml_backend_cuda_graph_compute: CUDA graph warmup reset
CUDA Graph id 2091 reused
ggml_backend_cuda_graph_compute: CUDA graph warmup complete
CUDA Graph id 2092 reused
ggml_backend_cuda_graph_compute: CUDA graph warmup complete
ggml_backend_cuda_graph_compute: CUDA graph warmup reset
ggml_backend_cuda_graph_compute: CUDA graph warmup reset
Llama.generate: 45 prefix-match hit, remaining 741 prompt tokens to eval
CUDA Graph id 2151 reused
ggml_backend_cuda_graph_compute: CUDA graph warmup complete
CUDA Graph id 2152 reused
ggml_backend_cuda_graph_compute: CUDA graph warmup complete
CUDA Graph id 2151 reused
CUDA Graph id 2152 reused
CUDA Graph id 2151 reused
CUDA Graph id 2152 reused
CUDA Graph id 2151 reused
CUDA Graph id 2152 reused
CUDA Graph id 2151 reused
CUDA Graph id 2152 reused
llama_perf_context_print:        load time =       0.71 ms
llama_perf_context_print: prompt eval time =     854.78 ms /   741 tokens (    1.15 ms per token,   866.89 tokens per second)
llama_perf_context_print:        eval time =     171.25 ms /     6 runs   (   28.54 ms per token,    35.04 tokens per second)
llama_perf_context_print:       total time =    1168.48 ms /   747 tokens
llama_perf_context_print:    graphs reused =          5
ggml_backend_cuda_graph_compute: CUDA graph warmup reset
ggml_backend_cuda_graph_compute: CUDA graph warmup reset
CUDA Graph id 2155 reused
ggml_backend_cuda_graph_compute: CUDA graph warmup complete
CUDA Graph id 2156 reused
ggml_backend_cuda_graph_compute: CUDA graph warmup complete
ggml_backend_cuda_graph_compute: CUDA graph warmup reset
ggml_backend_cuda_graph_compute: CUDA graph warmup reset
Llama.generate: 33 prefix-match hit, remaining 526 prompt tokens to eval
CUDA Graph id 2215 reused
ggml_backend_cuda_graph_compute: CUDA graph warmup complete
CUDA Graph id 2216 reused
ggml_backend_cuda_graph_compute: CUDA graph warmup complete
CUDA Graph id 2215 reused
CUDA Graph id 2216 reused
CUDA Graph id 2215 reused
CUDA Graph id 2216 reused
CUDA Graph id 2215 reused
CUDA Graph id 2216 reused
CUDA Graph id 2215 reused
CUDA Graph id 2216 reused
llama_perf_context_print:        load time =       0.71 ms
llama_perf_context_print: prompt eval time =     687.44 ms /   526 tokens (    1.31 ms per token,   765.16 tokens per second)
llama_perf_context_print:        eval time =     167.38 ms /     6 runs   (   27.90 ms per token,    35.85 tokens per second)
llama_perf_context_print:       total time =     987.89 ms /   532 tokens
llama_perf_context_print:    graphs reused =          5
ggml_backend_cuda_graph_compute: CUDA graph warmup reset
ggml_backend_cuda_graph_compute: CUDA graph warmup reset
CUDA Graph id 2219 reused
ggml_backend_cuda_graph_compute: CUDA graph warmup complete
CUDA Graph id 2220 reused
ggml_backend_cuda_graph_compute: CUDA graph warmup complete
ggml_backend_cuda_graph_compute: CUDA graph warmup reset
ggml_backend_cuda_graph_compute: CUDA graph warmup reset
CUDA Graph id 2223 reused
ggml_backend_cuda_graph_compute: CUDA graph warmup complete
CUDA Graph id 2224 reused
ggml_backend_cuda_graph_compute: CUDA graph warmup complete
ggml_backend_cuda_graph_compute: CUDA graph warmup reset
ggml_backend_cuda_graph_compute: CUDA graph warmup reset
CUDA Graph id 2227 reused
ggml_backend_cuda_graph_compute: CUDA graph warmup complete
CUDA Graph id 2228 reused
ggml_backend_cuda_graph_compute: CUDA graph warmup complete
ggml_backend_cuda_graph_compute: CUDA graph warmup reset
ggml_backend_cuda_graph_compute: CUDA graph warmup reset
Llama.generate: 33 prefix-match hit, remaining 544 prompt tokens to eval
CUDA Graph id 2255 reused
ggml_backend_cuda_graph_compute: CUDA graph warmup complete
CUDA Graph id 2256 reused
ggml_backend_cuda_graph_compute: CUDA graph warmup complete
CUDA Graph id 2255 reused
CUDA Graph id 2256 reused
CUDA Graph id 2255 reused
CUDA Graph id 2256 reused
CUDA Graph id 2255 reused
CUDA Graph id 2256 reused
CUDA Graph id 2255 reused
CUDA Graph id 2256 reused
llama_perf_context_print:        load time =       0.71 ms
llama_perf_context_print: prompt eval time =     694.90 ms /   544 tokens (    1.28 ms per token,   782.85 tokens per second)
llama_perf_context_print:        eval time =     167.70 ms /     6 runs   (   27.95 ms per token,    35.78 tokens per second)
llama_perf_context_print:       total time =     997.06 ms /   550 tokens
llama_perf_context_print:    graphs reused =          5
ggml_backend_cuda_graph_compute: CUDA graph warmup reset
ggml_backend_cuda_graph_compute: CUDA graph warmup reset
CUDA Graph id 2259 reused
ggml_backend_cuda_graph_compute: CUDA graph warmup complete
CUDA Graph id 2260 reused
ggml_backend_cuda_graph_compute: CUDA graph warmup complete
ggml_backend_cuda_graph_compute: CUDA graph warmup reset
ggml_backend_cuda_graph_compute: CUDA graph warmup reset
CUDA Graph id 2263 reused
ggml_backend_cuda_graph_compute: CUDA graph warmup complete
CUDA Graph id 2264 reused
ggml_backend_cuda_graph_compute: CUDA graph warmup complete
ggml_backend_cuda_graph_compute: CUDA graph warmup reset
ggml_backend_cuda_graph_compute: CUDA graph warmup reset
CUDA Graph id 2267 reused
ggml_backend_cuda_graph_compute: CUDA graph warmup complete
CUDA Graph id 2268 reused
ggml_backend_cuda_graph_compute: CUDA graph warmup complete
ggml_backend_cuda_graph_compute: CUDA graph warmup reset
ggml_backend_cuda_graph_compute: CUDA graph warmup reset
Llama.generate: 576 prefix-match hit, remaining 1 prompt tokens to eval
CUDA Graph id 2287 reused
ggml_backend_cuda_graph_compute: CUDA graph warmup complete
CUDA Graph id 2288 reused
ggml_backend_cuda_graph_compute: CUDA graph warmup complete
CUDA Graph id 2287 reused
CUDA Graph id 2288 reused
CUDA Graph id 2287 reused
CUDA Graph id 2288 reused
CUDA Graph id 2287 reused
CUDA Graph id 2288 reused
CUDA Graph id 2287 reused
CUDA Graph id 2288 reused
CUDA Graph id 2287 reused
CUDA Graph id 2288 reused
llama_perf_context_print:        load time =       0.71 ms
llama_perf_context_print: prompt eval time =       0.00 ms /     1 tokens (    0.00 ms per token,      inf tokens per second)
llama_perf_context_print:        eval time =     194.47 ms /     7 runs   (   27.78 ms per token,    36.00 tokens per second)
llama_perf_context_print:       total time =     306.03 ms /     8 tokens
llama_perf_context_print:    graphs reused =          6
ggml_backend_cuda_graph_compute: CUDA graph warmup reset
ggml_backend_cuda_graph_compute: CUDA graph warmup reset
CUDA Graph id 2291 reused
ggml_backend_cuda_graph_compute: CUDA graph warmup complete
CUDA Graph id 2292 reused
ggml_backend_cuda_graph_compute: CUDA graph warmup complete
ggml_backend_cuda_graph_compute: CUDA graph warmup reset
ggml_backend_cuda_graph_compute: CUDA graph warmup reset
CUDA Graph id 2295 reused
ggml_backend_cuda_graph_compute: CUDA graph warmup complete
CUDA Graph id 2296 reused
ggml_backend_cuda_graph_compute: CUDA graph warmup complete
ggml_backend_cuda_graph_compute: CUDA graph warmup reset
ggml_backend_cuda_graph_compute: CUDA graph warmup reset
CUDA Graph id 2299 reused
ggml_backend_cuda_graph_compute: CUDA graph warmup complete
CUDA Graph id 2300 reused
ggml_backend_cuda_graph_compute: CUDA graph warmup complete
ggml_backend_cuda_graph_compute: CUDA graph warmup reset
ggml_backend_cuda_graph_compute: CUDA graph warmup reset
Llama.generate: 33 prefix-match hit, remaining 526 prompt tokens to eval
CUDA Graph id 2327 reused
ggml_backend_cuda_graph_compute: CUDA graph warmup complete
CUDA Graph id 2328 reused
ggml_backend_cuda_graph_compute: CUDA graph warmup complete
CUDA Graph id 2327 reused
CUDA Graph id 2328 reused
CUDA Graph id 2327 reused
CUDA Graph id 2328 reused
CUDA Graph id 2327 reused
CUDA Graph id 2328 reused
CUDA Graph id 2327 reused
CUDA Graph id 2328 reused
llama_perf_context_print:        load time =       0.71 ms
llama_perf_context_print: prompt eval time =     686.21 ms /   526 tokens (    1.30 ms per token,   766.52 tokens per second)
llama_perf_context_print:        eval time =     167.54 ms /     6 runs   (   27.92 ms per token,    35.81 tokens per second)
llama_perf_context_print:       total time =     988.05 ms /   532 tokens
llama_perf_context_print:    graphs reused =          5
ggml_backend_cuda_graph_compute: CUDA graph warmup reset
ggml_backend_cuda_graph_compute: CUDA graph warmup reset
CUDA Graph id 2331 reused
ggml_backend_cuda_graph_compute: CUDA graph warmup complete
CUDA Graph id 2332 reused
ggml_backend_cuda_graph_compute: CUDA graph warmup complete
ggml_backend_cuda_graph_compute: CUDA graph warmup reset
ggml_backend_cuda_graph_compute: CUDA graph warmup reset
CUDA Graph id 2335 reused
ggml_backend_cuda_graph_compute: CUDA graph warmup complete
CUDA Graph id 2336 reused
ggml_backend_cuda_graph_compute: CUDA graph warmup complete
ggml_backend_cuda_graph_compute: CUDA graph warmup reset
ggml_backend_cuda_graph_compute: CUDA graph warmup reset
CUDA Graph id 2339 reused
ggml_backend_cuda_graph_compute: CUDA graph warmup complete
CUDA Graph id 2340 reused
ggml_backend_cuda_graph_compute: CUDA graph warmup complete
ggml_backend_cuda_graph_compute: CUDA graph warmup reset
ggml_backend_cuda_graph_compute: CUDA graph warmup reset
Llama.generate: 33 prefix-match hit, remaining 681 prompt tokens to eval
CUDA Graph id 2367 reused
ggml_backend_cuda_graph_compute: CUDA graph warmup complete
CUDA Graph id 2368 reused
ggml_backend_cuda_graph_compute: CUDA graph warmup complete
CUDA Graph id 2367 reused
CUDA Graph id 2368 reused
CUDA Graph id 2367 reused
CUDA Graph id 2368 reused
CUDA Graph id 2367 reused
CUDA Graph id 2368 reused
CUDA Graph id 2367 reused
CUDA Graph id 2368 reused
llama_perf_context_print:        load time =       0.71 ms
llama_perf_context_print: prompt eval time =     807.84 ms /   681 tokens (    1.19 ms per token,   842.99 tokens per second)
llama_perf_context_print:        eval time =     167.68 ms /     6 runs   (   27.95 ms per token,    35.78 tokens per second)
llama_perf_context_print:       total time =    1113.43 ms /   687 tokens
llama_perf_context_print:    graphs reused =          5
ggml_backend_cuda_graph_compute: CUDA graph warmup reset
ggml_backend_cuda_graph_compute: CUDA graph warmup reset
CUDA Graph id 2371 reused
ggml_backend_cuda_graph_compute: CUDA graph warmup complete
CUDA Graph id 2372 reused
ggml_backend_cuda_graph_compute: CUDA graph warmup complete
ggml_backend_cuda_graph_compute: CUDA graph warmup reset
ggml_backend_cuda_graph_compute: CUDA graph warmup reset
CUDA Graph id 2375 reused
ggml_backend_cuda_graph_compute: CUDA graph warmup complete
CUDA Graph id 2376 reused
ggml_backend_cuda_graph_compute: CUDA graph warmup complete
ggml_backend_cuda_graph_compute: CUDA graph warmup reset
ggml_backend_cuda_graph_compute: CUDA graph warmup reset
Llama.generate: 45 prefix-match hit, remaining 668 prompt tokens to eval
CUDA Graph id 2419 reused
ggml_backend_cuda_graph_compute: CUDA graph warmup complete
CUDA Graph id 2420 reused
ggml_backend_cuda_graph_compute: CUDA graph warmup complete
CUDA Graph id 2419 reused
CUDA Graph id 2420 reused
CUDA Graph id 2419 reused
CUDA Graph id 2420 reused
CUDA Graph id 2419 reused
CUDA Graph id 2420 reused
CUDA Graph id 2419 reused
CUDA Graph id 2420 reused
llama_perf_context_print:        load time =       0.71 ms
llama_perf_context_print: prompt eval time =     795.21 ms /   668 tokens (    1.19 ms per token,   840.03 tokens per second)
llama_perf_context_print:        eval time =     167.49 ms /     6 runs   (   27.92 ms per token,    35.82 tokens per second)
llama_perf_context_print:       total time =    1100.21 ms /   674 tokens
llama_perf_context_print:    graphs reused =          5
ggml_backend_cuda_graph_compute: CUDA graph warmup reset
ggml_backend_cuda_graph_compute: CUDA graph warmup reset
CUDA Graph id 2423 reused
ggml_backend_cuda_graph_compute: CUDA graph warmup complete
CUDA Graph id 2424 reused
ggml_backend_cuda_graph_compute: CUDA graph warmup complete
ggml_backend_cuda_graph_compute: CUDA graph warmup reset
ggml_backend_cuda_graph_compute: CUDA graph warmup reset
CUDA Graph id 2427 reused
ggml_backend_cuda_graph_compute: CUDA graph warmup complete
CUDA Graph id 2428 reused
ggml_backend_cuda_graph_compute: CUDA graph warmup complete
ggml_backend_cuda_graph_compute: CUDA graph warmup reset
ggml_backend_cuda_graph_compute: CUDA graph warmup reset
Llama.generate: 33 prefix-match hit, remaining 465 prompt tokens to eval
CUDA Graph id 2467 reused
ggml_backend_cuda_graph_compute: CUDA graph warmup complete
CUDA Graph id 2468 reused
ggml_backend_cuda_graph_compute: CUDA graph warmup complete
CUDA Graph id 2467 reused
CUDA Graph id 2468 reused
CUDA Graph id 2467 reused
CUDA Graph id 2468 reused
CUDA Graph id 2467 reused
CUDA Graph id 2468 reused
CUDA Graph id 2467 reused
CUDA Graph id 2468 reused
llama_perf_context_print:        load time =       0.71 ms
llama_perf_context_print: prompt eval time =     610.19 ms /   465 tokens (    1.31 ms per token,   762.06 tokens per second)
llama_perf_context_print:        eval time =     172.91 ms /     6 runs   (   28.82 ms per token,    34.70 tokens per second)
llama_perf_context_print:       total time =     923.55 ms /   471 tokens
llama_perf_context_print:    graphs reused =          5
ggml_backend_cuda_graph_compute: CUDA graph warmup reset
ggml_backend_cuda_graph_compute: CUDA graph warmup reset
CUDA Graph id 2471 reused
ggml_backend_cuda_graph_compute: CUDA graph warmup complete
CUDA Graph id 2472 reused
ggml_backend_cuda_graph_compute: CUDA graph warmup complete
ggml_backend_cuda_graph_compute: CUDA graph warmup reset
ggml_backend_cuda_graph_compute: CUDA graph warmup reset
CUDA Graph id 2475 reused
ggml_backend_cuda_graph_compute: CUDA graph warmup complete
CUDA Graph id 2476 reused
ggml_backend_cuda_graph_compute: CUDA graph warmup complete
ggml_backend_cuda_graph_compute: CUDA graph warmup reset
ggml_backend_cuda_graph_compute: CUDA graph warmup reset
CUDA Graph id 2479 reused
ggml_backend_cuda_graph_compute: CUDA graph warmup complete
CUDA Graph id 2480 reused
ggml_backend_cuda_graph_compute: CUDA graph warmup complete
ggml_backend_cuda_graph_compute: CUDA graph warmup reset
ggml_backend_cuda_graph_compute: CUDA graph warmup reset
CUDA Graph id 2483 reused
ggml_backend_cuda_graph_compute: CUDA graph warmup complete
CUDA Graph id 2484 reused
ggml_backend_cuda_graph_compute: CUDA graph warmup complete
Llama.generate: 33 prefix-match hit, remaining 483 prompt tokens to eval
ggml_backend_cuda_graph_compute: CUDA graph warmup reset
ggml_backend_cuda_graph_compute: CUDA graph warmup reset
CUDA Graph id 2491 reused
ggml_backend_cuda_graph_compute: CUDA graph warmup complete
CUDA Graph id 2492 reused
ggml_backend_cuda_graph_compute: CUDA graph warmup complete
CUDA Graph id 2491 reused
CUDA Graph id 2492 reused
CUDA Graph id 2491 reused
CUDA Graph id 2492 reused
CUDA Graph id 2491 reused
CUDA Graph id 2492 reused
CUDA Graph id 2491 reused
CUDA Graph id 2492 reused
llama_perf_context_print:        load time =       0.71 ms
llama_perf_context_print: prompt eval time =     640.76 ms /   483 tokens (    1.33 ms per token,   753.80 tokens per second)
llama_perf_context_print:        eval time =     167.66 ms /     6 runs   (   27.94 ms per token,    35.79 tokens per second)
llama_perf_context_print:       total time =     948.09 ms /   489 tokens
llama_perf_context_print:    graphs reused =          5
ggml_backend_cuda_graph_compute: CUDA graph warmup reset
ggml_backend_cuda_graph_compute: CUDA graph warmup reset
CUDA Graph id 2495 reused
ggml_backend_cuda_graph_compute: CUDA graph warmup complete
CUDA Graph id 2496 reused
ggml_backend_cuda_graph_compute: CUDA graph warmup complete
ggml_backend_cuda_graph_compute: CUDA graph warmup reset
ggml_backend_cuda_graph_compute: CUDA graph warmup reset
CUDA Graph id 2499 reused
ggml_backend_cuda_graph_compute: CUDA graph warmup complete
CUDA Graph id 2500 reused
ggml_backend_cuda_graph_compute: CUDA graph warmup complete
ggml_backend_cuda_graph_compute: CUDA graph warmup reset
ggml_backend_cuda_graph_compute: CUDA graph warmup reset
CUDA Graph id 2503 reused
ggml_backend_cuda_graph_compute: CUDA graph warmup complete
CUDA Graph id 2504 reused
ggml_backend_cuda_graph_compute: CUDA graph warmup complete
ggml_backend_cuda_graph_compute: CUDA graph warmup reset
ggml_backend_cuda_graph_compute: CUDA graph warmup reset
Llama.generate: 43 prefix-match hit, remaining 605 prompt tokens to eval
CUDA Graph id 2531 reused
ggml_backend_cuda_graph_compute: CUDA graph warmup complete
CUDA Graph id 2532 reused
ggml_backend_cuda_graph_compute: CUDA graph warmup complete
CUDA Graph id 2531 reused
CUDA Graph id 2532 reused
CUDA Graph id 2531 reused
CUDA Graph id 2532 reused
CUDA Graph id 2531 reused
CUDA Graph id 2532 reused
CUDA Graph id 2531 reused
CUDA Graph id 2532 reused
llama_perf_context_print:        load time =       0.71 ms
llama_perf_context_print: prompt eval time =     739.14 ms /   605 tokens (    1.22 ms per token,   818.52 tokens per second)
llama_perf_context_print:        eval time =     167.58 ms /     6 runs   (   27.93 ms per token,    35.80 tokens per second)
llama_perf_context_print:       total time =    1052.56 ms /   611 tokens
llama_perf_context_print:    graphs reused =          5
ggml_backend_cuda_graph_compute: CUDA graph warmup reset
ggml_backend_cuda_graph_compute: CUDA graph warmup reset
CUDA Graph id 2535 reused
ggml_backend_cuda_graph_compute: CUDA graph warmup complete
CUDA Graph id 2536 reused
ggml_backend_cuda_graph_compute: CUDA graph warmup complete
ggml_backend_cuda_graph_compute: CUDA graph warmup reset
ggml_backend_cuda_graph_compute: CUDA graph warmup reset
CUDA Graph id 2539 reused
ggml_backend_cuda_graph_compute: CUDA graph warmup complete
CUDA Graph id 2540 reused
ggml_backend_cuda_graph_compute: CUDA graph warmup complete
ggml_backend_cuda_graph_compute: CUDA graph warmup reset
ggml_backend_cuda_graph_compute: CUDA graph warmup reset
Llama.generate: 33 prefix-match hit, remaining 441 prompt tokens to eval
CUDA Graph id 2579 reused
ggml_backend_cuda_graph_compute: CUDA graph warmup complete
CUDA Graph id 2580 reused
ggml_backend_cuda_graph_compute: CUDA graph warmup complete
CUDA Graph id 2579 reused
CUDA Graph id 2580 reused
CUDA Graph id 2579 reused
CUDA Graph id 2580 reused
CUDA Graph id 2579 reused
CUDA Graph id 2580 reused
CUDA Graph id 2579 reused
CUDA Graph id 2580 reused
llama_perf_context_print:        load time =       0.71 ms
llama_perf_context_print: prompt eval time =     563.94 ms /   441 tokens (    1.28 ms per token,   781.99 tokens per second)
llama_perf_context_print:        eval time =     172.82 ms /     6 runs   (   28.80 ms per token,    34.72 tokens per second)
llama_perf_context_print:       total time =     877.89 ms /   447 tokens
llama_perf_context_print:    graphs reused =          5
ggml_backend_cuda_graph_compute: CUDA graph warmup reset
ggml_backend_cuda_graph_compute: CUDA graph warmup reset
CUDA Graph id 2583 reused
ggml_backend_cuda_graph_compute: CUDA graph warmup complete
CUDA Graph id 2584 reused
ggml_backend_cuda_graph_compute: CUDA graph warmup complete
ggml_backend_cuda_graph_compute: CUDA graph warmup reset
ggml_backend_cuda_graph_compute: CUDA graph warmup reset
CUDA Graph id 2587 reused
ggml_backend_cuda_graph_compute: CUDA graph warmup complete
CUDA Graph id 2588 reused
ggml_backend_cuda_graph_compute: CUDA graph warmup complete
ggml_backend_cuda_graph_compute: CUDA graph warmup reset
ggml_backend_cuda_graph_compute: CUDA graph warmup reset
CUDA Graph id 2591 reused
ggml_backend_cuda_graph_compute: CUDA graph warmup complete
CUDA Graph id 2592 reused
ggml_backend_cuda_graph_compute: CUDA graph warmup complete
ggml_backend_cuda_graph_compute: CUDA graph warmup reset
ggml_backend_cuda_graph_compute: CUDA graph warmup reset
CUDA Graph id 2595 reused
ggml_backend_cuda_graph_compute: CUDA graph warmup complete
CUDA Graph id 2596 reused
ggml_backend_cuda_graph_compute: CUDA graph warmup complete
Llama.generate: 33 prefix-match hit, remaining 595 prompt tokens to eval
ggml_backend_cuda_graph_compute: CUDA graph warmup reset
ggml_backend_cuda_graph_compute: CUDA graph warmup reset
CUDA Graph id 2607 reused
ggml_backend_cuda_graph_compute: CUDA graph warmup complete
CUDA Graph id 2608 reused
ggml_backend_cuda_graph_compute: CUDA graph warmup complete
CUDA Graph id 2607 reused
CUDA Graph id 2608 reused
CUDA Graph id 2607 reused
CUDA Graph id 2608 reused
CUDA Graph id 2607 reused
CUDA Graph id 2608 reused
CUDA Graph id 2607 reused
CUDA Graph id 2608 reused
llama_perf_context_print:        load time =       0.71 ms
llama_perf_context_print: prompt eval time =     736.30 ms /   595 tokens (    1.24 ms per token,   808.10 tokens per second)
llama_perf_context_print:        eval time =     168.16 ms /     6 runs   (   28.03 ms per token,    35.68 tokens per second)
llama_perf_context_print:       total time =    1048.28 ms /   601 tokens
llama_perf_context_print:    graphs reused =          5
ggml_backend_cuda_graph_compute: CUDA graph warmup reset
ggml_backend_cuda_graph_compute: CUDA graph warmup reset
CUDA Graph id 2611 reused
ggml_backend_cuda_graph_compute: CUDA graph warmup complete
CUDA Graph id 2612 reused
ggml_backend_cuda_graph_compute: CUDA graph warmup complete
ggml_backend_cuda_graph_compute: CUDA graph warmup reset
ggml_backend_cuda_graph_compute: CUDA graph warmup reset
CUDA Graph id 2615 reused
ggml_backend_cuda_graph_compute: CUDA graph warmup complete
CUDA Graph id 2616 reused
ggml_backend_cuda_graph_compute: CUDA graph warmup complete
ggml_backend_cuda_graph_compute: CUDA graph warmup reset
ggml_backend_cuda_graph_compute: CUDA graph warmup reset
Llama.generate: 43 prefix-match hit, remaining 449 prompt tokens to eval
CUDA Graph id 2655 reused
ggml_backend_cuda_graph_compute: CUDA graph warmup complete
CUDA Graph id 2656 reused
ggml_backend_cuda_graph_compute: CUDA graph warmup complete
CUDA Graph id 2655 reused
CUDA Graph id 2656 reused
CUDA Graph id 2655 reused
CUDA Graph id 2656 reused
CUDA Graph id 2655 reused
CUDA Graph id 2656 reused
CUDA Graph id 2655 reused
CUDA Graph id 2656 reused
llama_perf_context_print:        load time =       0.71 ms
llama_perf_context_print: prompt eval time =     599.70 ms /   449 tokens (    1.34 ms per token,   748.71 tokens per second)
llama_perf_context_print:        eval time =     172.86 ms /     6 runs   (   28.81 ms per token,    34.71 tokens per second)
llama_perf_context_print:       total time =     912.94 ms /   455 tokens
llama_perf_context_print:    graphs reused =          5
ggml_backend_cuda_graph_compute: CUDA graph warmup reset
ggml_backend_cuda_graph_compute: CUDA graph warmup reset
CUDA Graph id 2659 reused
ggml_backend_cuda_graph_compute: CUDA graph warmup complete
CUDA Graph id 2660 reused
ggml_backend_cuda_graph_compute: CUDA graph warmup complete
ggml_backend_cuda_graph_compute: CUDA graph warmup reset
ggml_backend_cuda_graph_compute: CUDA graph warmup reset
CUDA Graph id 2663 reused
ggml_backend_cuda_graph_compute: CUDA graph warmup complete
CUDA Graph id 2664 reused
ggml_backend_cuda_graph_compute: CUDA graph warmup complete
ggml_backend_cuda_graph_compute: CUDA graph warmup reset
ggml_backend_cuda_graph_compute: CUDA graph warmup reset
CUDA Graph id 2667 reused
ggml_backend_cuda_graph_compute: CUDA graph warmup complete
CUDA Graph id 2668 reused
ggml_backend_cuda_graph_compute: CUDA graph warmup complete
ggml_backend_cuda_graph_compute: CUDA graph warmup reset
ggml_backend_cuda_graph_compute: CUDA graph warmup reset
CUDA Graph id 2671 reused
ggml_backend_cuda_graph_compute: CUDA graph warmup complete
CUDA Graph id 2672 reused
ggml_backend_cuda_graph_compute: CUDA graph warmup complete
Llama.generate: 33 prefix-match hit, remaining 497 prompt tokens to eval
ggml_backend_cuda_graph_compute: CUDA graph warmup reset
ggml_backend_cuda_graph_compute: CUDA graph warmup reset
CUDA Graph id 2679 reused
ggml_backend_cuda_graph_compute: CUDA graph warmup complete
CUDA Graph id 2680 reused
ggml_backend_cuda_graph_compute: CUDA graph warmup complete
CUDA Graph id 2679 reused
CUDA Graph id 2680 reused
CUDA Graph id 2679 reused
CUDA Graph id 2680 reused
CUDA Graph id 2679 reused
CUDA Graph id 2680 reused
CUDA Graph id 2679 reused
CUDA Graph id 2680 reused
llama_perf_context_print:        load time =       0.71 ms
llama_perf_context_print: prompt eval time =     652.28 ms /   497 tokens (    1.31 ms per token,   761.94 tokens per second)
llama_perf_context_print:        eval time =     167.59 ms /     6 runs   (   27.93 ms per token,    35.80 tokens per second)
llama_perf_context_print:       total time =     962.03 ms /   503 tokens
llama_perf_context_print:    graphs reused =          5
ggml_backend_cuda_graph_compute: CUDA graph warmup reset
ggml_backend_cuda_graph_compute: CUDA graph warmup reset
CUDA Graph id 2683 reused
ggml_backend_cuda_graph_compute: CUDA graph warmup complete
CUDA Graph id 2684 reused
ggml_backend_cuda_graph_compute: CUDA graph warmup complete
ggml_backend_cuda_graph_compute: CUDA graph warmup reset
ggml_backend_cuda_graph_compute: CUDA graph warmup reset
CUDA Graph id 2687 reused
ggml_backend_cuda_graph_compute: CUDA graph warmup complete
CUDA Graph id 2688 reused
ggml_backend_cuda_graph_compute: CUDA graph warmup complete
ggml_backend_cuda_graph_compute: CUDA graph warmup reset
ggml_backend_cuda_graph_compute: CUDA graph warmup reset
CUDA Graph id 2691 reused
ggml_backend_cuda_graph_compute: CUDA graph warmup complete
CUDA Graph id 2692 reused
ggml_backend_cuda_graph_compute: CUDA graph warmup complete
ggml_backend_cuda_graph_compute: CUDA graph warmup reset
ggml_backend_cuda_graph_compute: CUDA graph warmup reset
Llama.generate: 33 prefix-match hit, remaining 647 prompt tokens to eval
CUDA Graph id 2719 reused
ggml_backend_cuda_graph_compute: CUDA graph warmup complete
CUDA Graph id 2720 reused
ggml_backend_cuda_graph_compute: CUDA graph warmup complete
CUDA Graph id 2719 reused
CUDA Graph id 2720 reused
CUDA Graph id 2719 reused
CUDA Graph id 2720 reused
CUDA Graph id 2719 reused
CUDA Graph id 2720 reused
CUDA Graph id 2719 reused
CUDA Graph id 2720 reused
llama_perf_context_print:        load time =       0.71 ms
llama_perf_context_print: prompt eval time =     786.01 ms /   647 tokens (    1.21 ms per token,   823.15 tokens per second)
llama_perf_context_print:        eval time =     168.61 ms /     6 runs   (   28.10 ms per token,    35.59 tokens per second)
llama_perf_context_print:       total time =    1102.56 ms /   653 tokens
llama_perf_context_print:    graphs reused =          5
ggml_backend_cuda_graph_compute: CUDA graph warmup reset
ggml_backend_cuda_graph_compute: CUDA graph warmup reset
CUDA Graph id 2723 reused
ggml_backend_cuda_graph_compute: CUDA graph warmup complete
CUDA Graph id 2724 reused
ggml_backend_cuda_graph_compute: CUDA graph warmup complete
ggml_backend_cuda_graph_compute: CUDA graph warmup reset
ggml_backend_cuda_graph_compute: CUDA graph warmup reset
CUDA Graph id 2727 reused
ggml_backend_cuda_graph_compute: CUDA graph warmup complete
CUDA Graph id 2728 reused
ggml_backend_cuda_graph_compute: CUDA graph warmup complete
ggml_backend_cuda_graph_compute: CUDA graph warmup reset
ggml_backend_cuda_graph_compute: CUDA graph warmup reset
Llama.generate: 45 prefix-match hit, remaining 644 prompt tokens to eval
CUDA Graph id 2771 reused
ggml_backend_cuda_graph_compute: CUDA graph warmup complete
CUDA Graph id 2772 reused
ggml_backend_cuda_graph_compute: CUDA graph warmup complete
CUDA Graph id 2771 reused
CUDA Graph id 2772 reused
CUDA Graph id 2771 reused
CUDA Graph id 2772 reused
CUDA Graph id 2771 reused
CUDA Graph id 2772 reused
CUDA Graph id 2771 reused
CUDA Graph id 2772 reused
llama_perf_context_print:        load time =       0.71 ms
llama_perf_context_print: prompt eval time =     781.79 ms /   644 tokens (    1.21 ms per token,   823.75 tokens per second)
llama_perf_context_print:        eval time =     167.85 ms /     6 runs   (   27.98 ms per token,    35.75 tokens per second)
llama_perf_context_print:       total time =    1096.40 ms /   650 tokens
llama_perf_context_print:    graphs reused =          5
ggml_backend_cuda_graph_compute: CUDA graph warmup reset
ggml_backend_cuda_graph_compute: CUDA graph warmup reset
CUDA Graph id 2775 reused
ggml_backend_cuda_graph_compute: CUDA graph warmup complete
CUDA Graph id 2776 reused
ggml_backend_cuda_graph_compute: CUDA graph warmup complete
ggml_backend_cuda_graph_compute: CUDA graph warmup reset
ggml_backend_cuda_graph_compute: CUDA graph warmup reset
CUDA Graph id 2779 reused
ggml_backend_cuda_graph_compute: CUDA graph warmup complete
CUDA Graph id 2780 reused
ggml_backend_cuda_graph_compute: CUDA graph warmup complete
ggml_backend_cuda_graph_compute: CUDA graph warmup reset
ggml_backend_cuda_graph_compute: CUDA graph warmup reset
Llama.generate: 33 prefix-match hit, remaining 521 prompt tokens to eval
CUDA Graph id 2823 reused
ggml_backend_cuda_graph_compute: CUDA graph warmup complete
CUDA Graph id 2824 reused
ggml_backend_cuda_graph_compute: CUDA graph warmup complete
CUDA Graph id 2823 reused
CUDA Graph id 2824 reused
CUDA Graph id 2823 reused
CUDA Graph id 2824 reused
CUDA Graph id 2823 reused
CUDA Graph id 2824 reused
CUDA Graph id 2823 reused
CUDA Graph id 2824 reused
llama_perf_context_print:        load time =       0.71 ms
llama_perf_context_print: prompt eval time =     685.47 ms /   521 tokens (    1.32 ms per token,   760.07 tokens per second)
llama_perf_context_print:        eval time =     167.84 ms /     6 runs   (   27.97 ms per token,    35.75 tokens per second)
llama_perf_context_print:       total time =     995.79 ms /   527 tokens
llama_perf_context_print:    graphs reused =          5
ggml_backend_cuda_graph_compute: CUDA graph warmup reset
ggml_backend_cuda_graph_compute: CUDA graph warmup reset
CUDA Graph id 2827 reused
ggml_backend_cuda_graph_compute: CUDA graph warmup complete
CUDA Graph id 2828 reused
ggml_backend_cuda_graph_compute: CUDA graph warmup complete
ggml_backend_cuda_graph_compute: CUDA graph warmup reset
ggml_backend_cuda_graph_compute: CUDA graph warmup reset
CUDA Graph id 2831 reused
ggml_backend_cuda_graph_compute: CUDA graph warmup complete
CUDA Graph id 2832 reused
ggml_backend_cuda_graph_compute: CUDA graph warmup complete
ggml_backend_cuda_graph_compute: CUDA graph warmup reset
ggml_backend_cuda_graph_compute: CUDA graph warmup reset
CUDA Graph id 2835 reused
ggml_backend_cuda_graph_compute: CUDA graph warmup complete
CUDA Graph id 2836 reused
ggml_backend_cuda_graph_compute: CUDA graph warmup complete
ggml_backend_cuda_graph_compute: CUDA graph warmup reset
ggml_backend_cuda_graph_compute: CUDA graph warmup reset
Llama.generate: 33 prefix-match hit, remaining 539 prompt tokens to eval
CUDA Graph id 2863 reused
ggml_backend_cuda_graph_compute: CUDA graph warmup complete
CUDA Graph id 2864 reused
ggml_backend_cuda_graph_compute: CUDA graph warmup complete
CUDA Graph id 2863 reused
CUDA Graph id 2864 reused
CUDA Graph id 2863 reused
CUDA Graph id 2864 reused
CUDA Graph id 2863 reused
CUDA Graph id 2864 reused
CUDA Graph id 2863 reused
CUDA Graph id 2864 reused
llama_perf_context_print:        load time =       0.71 ms
llama_perf_context_print: prompt eval time =     692.99 ms /   539 tokens (    1.29 ms per token,   777.78 tokens per second)
llama_perf_context_print:        eval time =     167.94 ms /     6 runs   (   27.99 ms per token,    35.73 tokens per second)
llama_perf_context_print:       total time =    1004.80 ms /   545 tokens
llama_perf_context_print:    graphs reused =          5
ggml_backend_cuda_graph_compute: CUDA graph warmup reset
ggml_backend_cuda_graph_compute: CUDA graph warmup reset
CUDA Graph id 2867 reused
ggml_backend_cuda_graph_compute: CUDA graph warmup complete
CUDA Graph id 2868 reused
ggml_backend_cuda_graph_compute: CUDA graph warmup complete
ggml_backend_cuda_graph_compute: CUDA graph warmup reset
ggml_backend_cuda_graph_compute: CUDA graph warmup reset
CUDA Graph id 2871 reused
ggml_backend_cuda_graph_compute: CUDA graph warmup complete
CUDA Graph id 2872 reused
ggml_backend_cuda_graph_compute: CUDA graph warmup complete
ggml_backend_cuda_graph_compute: CUDA graph warmup reset
ggml_backend_cuda_graph_compute: CUDA graph warmup reset
CUDA Graph id 2875 reused
ggml_backend_cuda_graph_compute: CUDA graph warmup complete
CUDA Graph id 2876 reused
ggml_backend_cuda_graph_compute: CUDA graph warmup complete
ggml_backend_cuda_graph_compute: CUDA graph warmup reset
ggml_backend_cuda_graph_compute: CUDA graph warmup reset
Llama.generate: 571 prefix-match hit, remaining 1 prompt tokens to eval
CUDA Graph id 2895 reused
ggml_backend_cuda_graph_compute: CUDA graph warmup complete
CUDA Graph id 2896 reused
ggml_backend_cuda_graph_compute: CUDA graph warmup complete
CUDA Graph id 2895 reused
CUDA Graph id 2896 reused
CUDA Graph id 2895 reused
CUDA Graph id 2896 reused
CUDA Graph id 2895 reused
CUDA Graph id 2896 reused
CUDA Graph id 2895 reused
CUDA Graph id 2896 reused
CUDA Graph id 2895 reused
CUDA Graph id 2896 reused
llama_perf_context_print:        load time =       0.71 ms
llama_perf_context_print: prompt eval time =       0.00 ms /     1 tokens (    0.00 ms per token,      inf tokens per second)
llama_perf_context_print:        eval time =     194.62 ms /     7 runs   (   27.80 ms per token,    35.97 tokens per second)
llama_perf_context_print:       total time =     313.02 ms /     8 tokens
llama_perf_context_print:    graphs reused =          6
ggml_backend_cuda_graph_compute: CUDA graph warmup reset
ggml_backend_cuda_graph_compute: CUDA graph warmup reset
CUDA Graph id 2899 reused
ggml_backend_cuda_graph_compute: CUDA graph warmup complete
CUDA Graph id 2900 reused
ggml_backend_cuda_graph_compute: CUDA graph warmup complete
ggml_backend_cuda_graph_compute: CUDA graph warmup reset
ggml_backend_cuda_graph_compute: CUDA graph warmup reset
CUDA Graph id 2903 reused
ggml_backend_cuda_graph_compute: CUDA graph warmup complete
CUDA Graph id 2904 reused
ggml_backend_cuda_graph_compute: CUDA graph warmup complete
ggml_backend_cuda_graph_compute: CUDA graph warmup reset
ggml_backend_cuda_graph_compute: CUDA graph warmup reset
CUDA Graph id 2907 reused
ggml_backend_cuda_graph_compute: CUDA graph warmup complete
CUDA Graph id 2908 reused
ggml_backend_cuda_graph_compute: CUDA graph warmup complete
ggml_backend_cuda_graph_compute: CUDA graph warmup reset
ggml_backend_cuda_graph_compute: CUDA graph warmup reset
Llama.generate: 33 prefix-match hit, remaining 538 prompt tokens to eval
CUDA Graph id 2935 reused
ggml_backend_cuda_graph_compute: CUDA graph warmup complete
CUDA Graph id 2936 reused
ggml_backend_cuda_graph_compute: CUDA graph warmup complete
CUDA Graph id 2935 reused
CUDA Graph id 2936 reused
CUDA Graph id 2935 reused
CUDA Graph id 2936 reused
CUDA Graph id 2935 reused
CUDA Graph id 2936 reused
CUDA Graph id 2935 reused
CUDA Graph id 2936 reused
llama_perf_context_print:        load time =       0.71 ms
llama_perf_context_print: prompt eval time =     693.10 ms /   538 tokens (    1.29 ms per token,   776.22 tokens per second)
llama_perf_context_print:        eval time =     167.84 ms /     6 runs   (   27.97 ms per token,    35.75 tokens per second)
llama_perf_context_print:       total time =    1004.96 ms /   544 tokens
llama_perf_context_print:    graphs reused =          5
ggml_backend_cuda_graph_compute: CUDA graph warmup reset
ggml_backend_cuda_graph_compute: CUDA graph warmup reset
CUDA Graph id 2939 reused
ggml_backend_cuda_graph_compute: CUDA graph warmup complete
CUDA Graph id 2940 reused
ggml_backend_cuda_graph_compute: CUDA graph warmup complete
ggml_backend_cuda_graph_compute: CUDA graph warmup reset
ggml_backend_cuda_graph_compute: CUDA graph warmup reset
CUDA Graph id 2943 reused
ggml_backend_cuda_graph_compute: CUDA graph warmup complete
CUDA Graph id 2944 reused
ggml_backend_cuda_graph_compute: CUDA graph warmup complete
ggml_backend_cuda_graph_compute: CUDA graph warmup reset
ggml_backend_cuda_graph_compute: CUDA graph warmup reset
CUDA Graph id 2947 reused
ggml_backend_cuda_graph_compute: CUDA graph warmup complete
CUDA Graph id 2948 reused
ggml_backend_cuda_graph_compute: CUDA graph warmup complete
ggml_backend_cuda_graph_compute: CUDA graph warmup reset
ggml_backend_cuda_graph_compute: CUDA graph warmup reset
Llama.generate: 33 prefix-match hit, remaining 697 prompt tokens to eval
CUDA Graph id 2975 reused
ggml_backend_cuda_graph_compute: CUDA graph warmup complete
CUDA Graph id 2976 reused
ggml_backend_cuda_graph_compute: CUDA graph warmup complete
CUDA Graph id 2975 reused
CUDA Graph id 2976 reused
CUDA Graph id 2975 reused
CUDA Graph id 2976 reused
CUDA Graph id 2975 reused
CUDA Graph id 2976 reused
CUDA Graph id 2975 reused
CUDA Graph id 2976 reused
llama_perf_context_print:        load time =       0.71 ms
llama_perf_context_print: prompt eval time =     815.68 ms /   697 tokens (    1.17 ms per token,   854.50 tokens per second)
llama_perf_context_print:        eval time =     167.69 ms /     6 runs   (   27.95 ms per token,    35.78 tokens per second)
llama_perf_context_print:       total time =    1134.60 ms /   703 tokens
llama_perf_context_print:    graphs reused =          5
ggml_backend_cuda_graph_compute: CUDA graph warmup reset
ggml_backend_cuda_graph_compute: CUDA graph warmup reset
CUDA Graph id 2979 reused
ggml_backend_cuda_graph_compute: CUDA graph warmup complete
CUDA Graph id 2980 reused
ggml_backend_cuda_graph_compute: CUDA graph warmup complete
ggml_backend_cuda_graph_compute: CUDA graph warmup reset
ggml_backend_cuda_graph_compute: CUDA graph warmup reset
CUDA Graph id 2983 reused
ggml_backend_cuda_graph_compute: CUDA graph warmup complete
CUDA Graph id 2984 reused
ggml_backend_cuda_graph_compute: CUDA graph warmup complete
ggml_backend_cuda_graph_compute: CUDA graph warmup reset
ggml_backend_cuda_graph_compute: CUDA graph warmup reset
Llama.generate: 43 prefix-match hit, remaining 546 prompt tokens to eval
CUDA Graph id 3027 reused
ggml_backend_cuda_graph_compute: CUDA graph warmup complete
CUDA Graph id 3028 reused
ggml_backend_cuda_graph_compute: CUDA graph warmup complete
CUDA Graph id 3027 reused
CUDA Graph id 3028 reused
CUDA Graph id 3027 reused
CUDA Graph id 3028 reused
CUDA Graph id 3027 reused
CUDA Graph id 3028 reused
CUDA Graph id 3027 reused
CUDA Graph id 3028 reused
llama_perf_context_print:        load time =       0.71 ms
llama_perf_context_print: prompt eval time =     699.72 ms /   546 tokens (    1.28 ms per token,   780.31 tokens per second)
llama_perf_context_print:        eval time =     167.93 ms /     6 runs   (   27.99 ms per token,    35.73 tokens per second)
llama_perf_context_print:       total time =    1012.27 ms /   552 tokens
llama_perf_context_print:    graphs reused =          5
ggml_backend_cuda_graph_compute: CUDA graph warmup reset
ggml_backend_cuda_graph_compute: CUDA graph warmup reset
CUDA Graph id 3031 reused
ggml_backend_cuda_graph_compute: CUDA graph warmup complete
CUDA Graph id 3032 reused
ggml_backend_cuda_graph_compute: CUDA graph warmup complete
ggml_backend_cuda_graph_compute: CUDA graph warmup reset
ggml_backend_cuda_graph_compute: CUDA graph warmup reset
CUDA Graph id 3035 reused
ggml_backend_cuda_graph_compute: CUDA graph warmup complete
CUDA Graph id 3036 reused
ggml_backend_cuda_graph_compute: CUDA graph warmup complete
ggml_backend_cuda_graph_compute: CUDA graph warmup reset
ggml_backend_cuda_graph_compute: CUDA graph warmup reset
CUDA Graph id 3039 reused
ggml_backend_cuda_graph_compute: CUDA graph warmup complete
CUDA Graph id 3040 reused
ggml_backend_cuda_graph_compute: CUDA graph warmup complete
ggml_backend_cuda_graph_compute: CUDA graph warmup reset
ggml_backend_cuda_graph_compute: CUDA graph warmup reset
Llama.generate: 33 prefix-match hit, remaining 535 prompt tokens to eval
CUDA Graph id 3067 reused
ggml_backend_cuda_graph_compute: CUDA graph warmup complete
CUDA Graph id 3068 reused
ggml_backend_cuda_graph_compute: CUDA graph warmup complete
CUDA Graph id 3067 reused
CUDA Graph id 3068 reused
CUDA Graph id 3067 reused
CUDA Graph id 3068 reused
CUDA Graph id 3067 reused
CUDA Graph id 3068 reused
CUDA Graph id 3067 reused
CUDA Graph id 3068 reused
llama_perf_context_print:        load time =       0.71 ms
llama_perf_context_print: prompt eval time =     689.00 ms /   535 tokens (    1.29 ms per token,   776.49 tokens per second)
llama_perf_context_print:        eval time =     168.04 ms /     6 runs   (   28.01 ms per token,    35.71 tokens per second)
llama_perf_context_print:       total time =     999.66 ms /   541 tokens
llama_perf_context_print:    graphs reused =          5
ggml_backend_cuda_graph_compute: CUDA graph warmup reset
ggml_backend_cuda_graph_compute: CUDA graph warmup reset
CUDA Graph id 3071 reused
ggml_backend_cuda_graph_compute: CUDA graph warmup complete
CUDA Graph id 3072 reused
ggml_backend_cuda_graph_compute: CUDA graph warmup complete
ggml_backend_cuda_graph_compute: CUDA graph warmup reset
ggml_backend_cuda_graph_compute: CUDA graph warmup reset
CUDA Graph id 3075 reused
ggml_backend_cuda_graph_compute: CUDA graph warmup complete
CUDA Graph id 3076 reused
ggml_backend_cuda_graph_compute: CUDA graph warmup complete
ggml_backend_cuda_graph_compute: CUDA graph warmup reset
ggml_backend_cuda_graph_compute: CUDA graph warmup reset
CUDA Graph id 3079 reused
ggml_backend_cuda_graph_compute: CUDA graph warmup complete
CUDA Graph id 3080 reused
ggml_backend_cuda_graph_compute: CUDA graph warmup complete
ggml_backend_cuda_graph_compute: CUDA graph warmup reset
ggml_backend_cuda_graph_compute: CUDA graph warmup reset
Llama.generate: 33 prefix-match hit, remaining 553 prompt tokens to eval
CUDA Graph id 3107 reused
ggml_backend_cuda_graph_compute: CUDA graph warmup complete
CUDA Graph id 3108 reused
ggml_backend_cuda_graph_compute: CUDA graph warmup complete
CUDA Graph id 3107 reused
CUDA Graph id 3108 reused
CUDA Graph id 3107 reused
CUDA Graph id 3108 reused
CUDA Graph id 3107 reused
CUDA Graph id 3108 reused
CUDA Graph id 3107 reused
CUDA Graph id 3108 reused
llama_perf_context_print:        load time =       0.71 ms
llama_perf_context_print: prompt eval time =     703.17 ms /   553 tokens (    1.27 ms per token,   786.43 tokens per second)
llama_perf_context_print:        eval time =     167.64 ms /     6 runs   (   27.94 ms per token,    35.79 tokens per second)
llama_perf_context_print:       total time =    1015.41 ms /   559 tokens
llama_perf_context_print:    graphs reused =          5
ggml_backend_cuda_graph_compute: CUDA graph warmup reset
ggml_backend_cuda_graph_compute: CUDA graph warmup reset
CUDA Graph id 3111 reused
ggml_backend_cuda_graph_compute: CUDA graph warmup complete
CUDA Graph id 3112 reused
ggml_backend_cuda_graph_compute: CUDA graph warmup complete
ggml_backend_cuda_graph_compute: CUDA graph warmup reset
ggml_backend_cuda_graph_compute: CUDA graph warmup reset
CUDA Graph id 3115 reused
ggml_backend_cuda_graph_compute: CUDA graph warmup complete
CUDA Graph id 3116 reused
ggml_backend_cuda_graph_compute: CUDA graph warmup complete
ggml_backend_cuda_graph_compute: CUDA graph warmup reset
ggml_backend_cuda_graph_compute: CUDA graph warmup reset
CUDA Graph id 3119 reused
ggml_backend_cuda_graph_compute: CUDA graph warmup complete
CUDA Graph id 3120 reused
ggml_backend_cuda_graph_compute: CUDA graph warmup complete
ggml_backend_cuda_graph_compute: CUDA graph warmup reset
ggml_backend_cuda_graph_compute: CUDA graph warmup reset
Llama.generate: 43 prefix-match hit, remaining 682 prompt tokens to eval
CUDA Graph id 3147 reused
ggml_backend_cuda_graph_compute: CUDA graph warmup complete
CUDA Graph id 3148 reused
ggml_backend_cuda_graph_compute: CUDA graph warmup complete
CUDA Graph id 3147 reused
CUDA Graph id 3148 reused
CUDA Graph id 3147 reused
CUDA Graph id 3148 reused
CUDA Graph id 3147 reused
CUDA Graph id 3148 reused
CUDA Graph id 3147 reused
CUDA Graph id 3148 reused
llama_perf_context_print:        load time =       0.71 ms
llama_perf_context_print: prompt eval time =     808.21 ms /   682 tokens (    1.19 ms per token,   843.84 tokens per second)
llama_perf_context_print:        eval time =     167.73 ms /     6 runs   (   27.95 ms per token,    35.77 tokens per second)
llama_perf_context_print:       total time =    1122.29 ms /   688 tokens
llama_perf_context_print:    graphs reused =          5
ggml_backend_cuda_graph_compute: CUDA graph warmup reset
ggml_backend_cuda_graph_compute: CUDA graph warmup reset
CUDA Graph id 3151 reused
ggml_backend_cuda_graph_compute: CUDA graph warmup complete
CUDA Graph id 3152 reused
ggml_backend_cuda_graph_compute: CUDA graph warmup complete
ggml_backend_cuda_graph_compute: CUDA graph warmup reset
ggml_backend_cuda_graph_compute: CUDA graph warmup reset
CUDA Graph id 3155 reused
ggml_backend_cuda_graph_compute: CUDA graph warmup complete
CUDA Graph id 3156 reused
ggml_backend_cuda_graph_compute: CUDA graph warmup complete
ggml_backend_cuda_graph_compute: CUDA graph warmup reset
ggml_backend_cuda_graph_compute: CUDA graph warmup reset
~llama_context:      CUDA0 compute buffer size is 1535.0391 MiB, matches expectation of 1535.0391 MiB
~llama_context:      CUDA1 compute buffer size is 1535.0469 MiB, matches expectation of 1535.0469 MiB
~llama_context:  CUDA_Host compute buffer size is 405.0547 MiB, matches expectation of 405.0547 MiB
