preconditions OK
INFO:arc_agi.scorecard:Initialized ScorecardManager with idle_for=0:15:00 and max_open_for=3 days, 0:00:00
2026-08-01 12:58:00 | INFO | Created new scorecard: ff8979bc-dd47-449f-896d-5ea16aa15812
2026-08-01 12:58:00 | INFO | Found latest version of ls20: ls20-9607627b (downloaded: 2026-06-08 07:25:25.934450+00:00)
2026-08-01 12:58:00 | INFO | Successfully loaded game class Ls20 from /home/ianblenke/github.com/ianblenke/carnot/environment_files/ls20/9607627b/ls20.py
INFO:arc_agi.scorecard:Initialized ScorecardManager with idle_for=0:15:00 and max_open_for=3 days, 0:00:00
2026-08-01 12:58:00 | INFO | Created new scorecard: 1929fb86-ce8d-4498-b350-078de5e1278d
2026-08-01 12:58:00 | INFO | Found latest version of ls20: ls20-9607627b (downloaded: 2026-06-08 07:25:25.934450+00:00)
2026-08-01 12:58:00 | INFO | Found latest version of ls20: ls20-9607627b (downloaded: 2026-06-08 07:25:25.934450+00:00)
2026-08-01 12:58:00 | INFO | Found latest version of ls20: ls20-9607627b (downloaded: 2026-06-08 07:25:25.934450+00:00)
2026-08-01 12:58:00 | INFO | Found latest version of ls20: ls20-9607627b (downloaded: 2026-06-08 07:25:25.934450+00:00)
2026-08-01 12:58:00 | INFO | Found latest version of ls20: ls20-9607627b (downloaded: 2026-06-08 07:25:25.934450+00:00)
2026-08-01 12:58:00 | INFO | Found latest version of ls20: ls20-9607627b (downloaded: 2026-06-08 07:25:25.934450+00:00)
2026-08-01 12:58:00 | INFO | Found latest version of ls20: ls20-9607627b (downloaded: 2026-06-08 07:25:25.934450+00:00)
2026-08-01 12:58:00 | INFO | Found latest version of ls20: ls20-9607627b (downloaded: 2026-06-08 07:25:25.934450+00:00)
2026-08-01 12:58:00 | INFO | Found latest version of ls20: ls20-9607627b (downloaded: 2026-06-08 07:25:25.934450+00:00)
2026-08-01 12:58:00 | INFO | Found latest version of ls20: ls20-9607627b (downloaded: 2026-06-08 07:25:25.934450+00:00)
2026-08-01 12:58:00 | INFO | Found latest version of ls20: ls20-9607627b (downloaded: 2026-06-08 07:25:25.934450+00:00)
2026-08-01 12:58:00 | INFO | Found latest version of ls20: ls20-9607627b (downloaded: 2026-06-08 07:25:25.934450+00:00)
2026-08-01 12:58:00 | INFO | Found latest version of ls20: ls20-9607627b (downloaded: 2026-06-08 07:25:25.934450+00:00)
2026-08-01 12:58:00 | INFO | Found latest version of ls20: ls20-9607627b (downloaded: 2026-06-08 07:25:25.934450+00:00)
2026-08-01 12:58:00 | INFO | Found latest version of ls20: ls20-9607627b (downloaded: 2026-06-08 07:25:25.934450+00:00)
2026-08-01 12:58:00 | INFO | Found latest version of ls20: ls20-9607627b (downloaded: 2026-06-08 07:25:25.934450+00:00)
2026-08-01 12:58:00 | INFO | Found latest version of ls20: ls20-9607627b (downloaded: 2026-06-08 07:25:25.934450+00:00)
2026-08-01 12:58:00 | INFO | Found latest version of ls20: ls20-9607627b (downloaded: 2026-06-08 07:25:25.934450+00:00)
2026-08-01 12:58:01 | INFO | Found latest version of ls20: ls20-9607627b (downloaded: 2026-06-08 07:25:25.934450+00:00)
2026-08-01 12:58:01 | INFO | Found latest version of ls20: ls20-9607627b (downloaded: 2026-06-08 07:25:25.934450+00:00)
2026-08-01 12:58:01 | INFO | Found latest version of ls20: ls20-9607627b (downloaded: 2026-06-08 07:25:25.934450+00:00)
2026-08-01 12:58:01 | INFO | Found latest version of ls20: ls20-9607627b (downloaded: 2026-06-08 07:25:25.934450+00:00)
2026-08-01 12:58:01 | INFO | Found latest version of ls20: ls20-9607627b (downloaded: 2026-06-08 07:25:25.934450+00:00)
2026-08-01 12:58:01 | INFO | Found latest version of ls20: ls20-9607627b (downloaded: 2026-06-08 07:25:25.934450+00:00)
2026-08-01 12:58:01 | INFO | Found latest version of ls20: ls20-9607627b (downloaded: 2026-06-08 07:25:25.934450+00:00)
2026-08-01 12:58:01 | INFO | Found latest version of ls20: ls20-9607627b (downloaded: 2026-06-08 07:25:25.934450+00:00)
2026-08-01 12:58:01 | INFO | Found latest version of ls20: ls20-9607627b (downloaded: 2026-06-08 07:25:25.934450+00:00)
INFO:arc_agi.scorecard:Initialized ScorecardManager with idle_for=0:15:00 and max_open_for=3 days, 0:00:00
2026-08-01 12:58:01 | INFO | Created new scorecard: 3bd66119-5aeb-462c-89e2-f8569f419dd1
2026-08-01 12:58:01 | INFO | Found latest version of ls20: ls20-9607627b (downloaded: 2026-06-08 07:25:25.934450+00:00)
INFO:arc_agi.scorecard:Initialized ScorecardManager with idle_for=0:15:00 and max_open_for=3 days, 0:00:00
2026-08-01 12:58:01 | INFO | Created new scorecard: 3f3dd25e-c83f-49a8-ac06-2c234cb27835
2026-08-01 12:58:01 | INFO | Found latest version of ls20: ls20-9607627b (downloaded: 2026-06-08 07:25:25.934450+00:00)
INFO:arc_agi.scorecard:Initialized ScorecardManager with idle_for=0:15:00 and max_open_for=3 days, 0:00:00
2026-08-01 12:58:01 | INFO | Created new scorecard: e58be442-970c-44f9-80d2-921c13219a58
2026-08-01 12:58:01 | INFO | Found latest version of s5i5: s5i5-18d95033 (downloaded: 2026-06-08 07:25:19.533532+00:00)
2026-08-01 12:58:01 | INFO | Successfully loaded game class S5i5 from /home/ianblenke/github.com/ianblenke/carnot/environment_files/s5i5/18d95033/s5i5.py
INFO:arc_agi.scorecard:Initialized ScorecardManager with idle_for=0:15:00 and max_open_for=3 days, 0:00:00
2026-08-01 12:58:01 | INFO | Created new scorecard: cc3d7a94-209c-4791-98ad-00e915ca2052
2026-08-01 12:58:01 | INFO | Found latest version of s5i5: s5i5-18d95033 (downloaded: 2026-06-08 07:25:19.533532+00:00)
INFO:arc_agi.scorecard:Initialized ScorecardManager with idle_for=0:15:00 and max_open_for=3 days, 0:00:00
2026-08-01 12:58:01 | INFO | Created new scorecard: 2e5331a1-382b-40cb-9ff2-140710c8622b
2026-08-01 12:58:01 | INFO | Found latest version of s5i5: s5i5-18d95033 (downloaded: 2026-06-08 07:25:19.533532+00:00)
INFO:arc_agi.scorecard:Initialized ScorecardManager with idle_for=0:15:00 and max_open_for=3 days, 0:00:00
2026-08-01 12:58:01 | INFO | Created new scorecard: 76d83b30-d561-45ad-853a-f30fa8a144a4
2026-08-01 12:58:01 | INFO | Found latest version of tu93: tu93-0768757b (downloaded: 2026-06-08 07:25:18.086006+00:00)
2026-08-01 12:58:01 | INFO | Successfully loaded game class Tu93 from /home/ianblenke/github.com/ianblenke/carnot/environment_files/tu93/0768757b/tu93.py
INFO:arc_agi.scorecard:Initialized ScorecardManager with idle_for=0:15:00 and max_open_for=3 days, 0:00:00
2026-08-01 12:58:01 | INFO | Created new scorecard: 7306f248-5342-4610-a802-dde633c72e64
2026-08-01 12:58:01 | INFO | Found latest version of tu93: tu93-0768757b (downloaded: 2026-06-08 07:25:18.086006+00:00)
2026-08-01 12:58:01 | INFO | Found latest version of tu93: tu93-0768757b (downloaded: 2026-06-08 07:25:18.086006+00:00)
2026-08-01 12:58:01 | INFO | Found latest version of tu93: tu93-0768757b (downloaded: 2026-06-08 07:25:18.086006+00:00)
2026-08-01 12:58:01 | INFO | Found latest version of tu93: tu93-0768757b (downloaded: 2026-06-08 07:25:18.086006+00:00)
2026-08-01 12:58:01 | INFO | Found latest version of tu93: tu93-0768757b (downloaded: 2026-06-08 07:25:18.086006+00:00)
2026-08-01 12:58:01 | INFO | Found latest version of tu93: tu93-0768757b (downloaded: 2026-06-08 07:25:18.086006+00:00)
2026-08-01 12:58:01 | INFO | Found latest version of tu93: tu93-0768757b (downloaded: 2026-06-08 07:25:18.086006+00:00)
2026-08-01 12:58:01 | INFO | Found latest version of tu93: tu93-0768757b (downloaded: 2026-06-08 07:25:18.086006+00:00)
2026-08-01 12:58:01 | INFO | Found latest version of tu93: tu93-0768757b (downloaded: 2026-06-08 07:25:18.086006+00:00)
2026-08-01 12:58:01 | INFO | Found latest version of tu93: tu93-0768757b (downloaded: 2026-06-08 07:25:18.086006+00:00)
2026-08-01 12:58:01 | INFO | Found latest version of tu93: tu93-0768757b (downloaded: 2026-06-08 07:25:18.086006+00:00)
2026-08-01 12:58:01 | INFO | Found latest version of tu93: tu93-0768757b (downloaded: 2026-06-08 07:25:18.086006+00:00)
2026-08-01 12:58:01 | INFO | Found latest version of tu93: tu93-0768757b (downloaded: 2026-06-08 07:25:18.086006+00:00)
2026-08-01 12:58:01 | INFO | Found latest version of tu93: tu93-0768757b (downloaded: 2026-06-08 07:25:18.086006+00:00)
2026-08-01 12:58:01 | INFO | Found latest version of tu93: tu93-0768757b (downloaded: 2026-06-08 07:25:18.086006+00:00)
2026-08-01 12:58:01 | INFO | Found latest version of tu93: tu93-0768757b (downloaded: 2026-06-08 07:25:18.086006+00:00)
2026-08-01 12:58:01 | INFO | Found latest version of tu93: tu93-0768757b (downloaded: 2026-06-08 07:25:18.086006+00:00)
2026-08-01 12:58:01 | INFO | Found latest version of tu93: tu93-0768757b (downloaded: 2026-06-08 07:25:18.086006+00:00)
2026-08-01 12:58:01 | INFO | Found latest version of tu93: tu93-0768757b (downloaded: 2026-06-08 07:25:18.086006+00:00)
2026-08-01 12:58:01 | INFO | Found latest version of tu93: tu93-0768757b (downloaded: 2026-06-08 07:25:18.086006+00:00)
2026-08-01 12:58:01 | INFO | Found latest version of tu93: tu93-0768757b (downloaded: 2026-06-08 07:25:18.086006+00:00)
2026-08-01 12:58:01 | INFO | Found latest version of tu93: tu93-0768757b (downloaded: 2026-06-08 07:25:18.086006+00:00)
2026-08-01 12:58:01 | INFO | Found latest version of tu93: tu93-0768757b (downloaded: 2026-06-08 07:25:18.086006+00:00)
2026-08-01 12:58:01 | INFO | Found latest version of tu93: tu93-0768757b (downloaded: 2026-06-08 07:25:18.086006+00:00)
2026-08-01 12:58:01 | INFO | Found latest version of tu93: tu93-0768757b (downloaded: 2026-06-08 07:25:18.086006+00:00)
2026-08-01 12:58:01 | INFO | Found latest version of tu93: tu93-0768757b (downloaded: 2026-06-08 07:25:18.086006+00:00)
2026-08-01 12:58:01 | INFO | Found latest version of tu93: tu93-0768757b (downloaded: 2026-06-08 07:25:18.086006+00:00)
2026-08-01 12:58:01 | INFO | Found latest version of tu93: tu93-0768757b (downloaded: 2026-06-08 07:25:18.086006+00:00)
2026-08-01 12:58:01 | INFO | Found latest version of tu93: tu93-0768757b (downloaded: 2026-06-08 07:25:18.086006+00:00)
2026-08-01 12:58:01 | INFO | Found latest version of tu93: tu93-0768757b (downloaded: 2026-06-08 07:25:18.086006+00:00)
2026-08-01 12:58:01 | INFO | Found latest version of tu93: tu93-0768757b (downloaded: 2026-06-08 07:25:18.086006+00:00)
2026-08-01 12:58:01 | INFO | Found latest version of tu93: tu93-0768757b (downloaded: 2026-06-08 07:25:18.086006+00:00)
2026-08-01 12:58:01 | INFO | Found latest version of tu93: tu93-0768757b (downloaded: 2026-06-08 07:25:18.086006+00:00)
2026-08-01 12:58:01 | INFO | Found latest version of tu93: tu93-0768757b (downloaded: 2026-06-08 07:25:18.086006+00:00)
2026-08-01 12:58:01 | INFO | Found latest version of tu93: tu93-0768757b (downloaded: 2026-06-08 07:25:18.086006+00:00)
2026-08-01 12:58:01 | INFO | Found latest version of tu93: tu93-0768757b (downloaded: 2026-06-08 07:25:18.086006+00:00)
2026-08-01 12:58:01 | INFO | Found latest version of tu93: tu93-0768757b (downloaded: 2026-06-08 07:25:18.086006+00:00)
2026-08-01 12:58:01 | INFO | Found latest version of tu93: tu93-0768757b (downloaded: 2026-06-08 07:25:18.086006+00:00)
2026-08-01 12:58:01 | INFO | Found latest version of tu93: tu93-0768757b (downloaded: 2026-06-08 07:25:18.086006+00:00)
2026-08-01 12:58:01 | INFO | Found latest version of tu93: tu93-0768757b (downloaded: 2026-06-08 07:25:18.086006+00:00)
2026-08-01 12:58:01 | INFO | Found latest version of tu93: tu93-0768757b (downloaded: 2026-06-08 07:25:18.086006+00:00)
2026-08-01 12:58:01 | INFO | Found latest version of tu93: tu93-0768757b (downloaded: 2026-06-08 07:25:18.086006+00:00)
2026-08-01 12:58:01 | INFO | Found latest version of tu93: tu93-0768757b (downloaded: 2026-06-08 07:25:18.086006+00:00)
2026-08-01 12:58:01 | INFO | Found latest version of tu93: tu93-0768757b (downloaded: 2026-06-08 07:25:18.086006+00:00)
2026-08-01 12:58:01 | INFO | Found latest version of tu93: tu93-0768757b (downloaded: 2026-06-08 07:25:18.086006+00:00)
2026-08-01 12:58:01 | INFO | Found latest version of tu93: tu93-0768757b (downloaded: 2026-06-08 07:25:18.086006+00:00)
2026-08-01 12:58:01 | INFO | Found latest version of tu93: tu93-0768757b (downloaded: 2026-06-08 07:25:18.086006+00:00)
2026-08-01 12:58:01 | INFO | Found latest version of tu93: tu93-0768757b (downloaded: 2026-06-08 07:25:18.086006+00:00)
2026-08-01 12:58:01 | INFO | Found latest version of tu93: tu93-0768757b (downloaded: 2026-06-08 07:25:18.086006+00:00)
2026-08-01 12:58:01 | INFO | Found latest version of tu93: tu93-0768757b (downloaded: 2026-06-08 07:25:18.086006+00:00)
2026-08-01 12:58:01 | INFO | Found latest version of tu93: tu93-0768757b (downloaded: 2026-06-08 07:25:18.086006+00:00)
2026-08-01 12:58:01 | INFO | Found latest version of tu93: tu93-0768757b (downloaded: 2026-06-08 07:25:18.086006+00:00)
2026-08-01 12:58:01 | INFO | Found latest version of tu93: tu93-0768757b (downloaded: 2026-06-08 07:25:18.086006+00:00)
2026-08-01 12:58:01 | INFO | Found latest version of tu93: tu93-0768757b (downloaded: 2026-06-08 07:25:18.086006+00:00)
2026-08-01 12:58:01 | INFO | Found latest version of tu93: tu93-0768757b (downloaded: 2026-06-08 07:25:18.086006+00:00)
2026-08-01 12:58:01 | INFO | Found latest version of tu93: tu93-0768757b (downloaded: 2026-06-08 07:25:18.086006+00:00)
2026-08-01 12:58:01 | INFO | Found latest version of tu93: tu93-0768757b (downloaded: 2026-06-08 07:25:18.086006+00:00)
2026-08-01 12:58:01 | INFO | Found latest version of tu93: tu93-0768757b (downloaded: 2026-06-08 07:25:18.086006+00:00)
2026-08-01 12:58:01 | INFO | Found latest version of tu93: tu93-0768757b (downloaded: 2026-06-08 07:25:18.086006+00:00)
2026-08-01 12:58:01 | INFO | Found latest version of tu93: tu93-0768757b (downloaded: 2026-06-08 07:25:18.086006+00:00)
2026-08-01 12:58:01 | INFO | Found latest version of tu93: tu93-0768757b (downloaded: 2026-06-08 07:25:18.086006+00:00)
2026-08-01 12:58:01 | INFO | Found latest version of tu93: tu93-0768757b (downloaded: 2026-06-08 07:25:18.086006+00:00)
2026-08-01 12:58:01 | INFO | Found latest version of tu93: tu93-0768757b (downloaded: 2026-06-08 07:25:18.086006+00:00)
2026-08-01 12:58:01 | INFO | Found latest version of tu93: tu93-0768757b (downloaded: 2026-06-08 07:25:18.086006+00:00)
2026-08-01 12:58:01 | INFO | Found latest version of tu93: tu93-0768757b (downloaded: 2026-06-08 07:25:18.086006+00:00)
2026-08-01 12:58:01 | INFO | Found latest version of tu93: tu93-0768757b (downloaded: 2026-06-08 07:25:18.086006+00:00)
2026-08-01 12:58:01 | INFO | Found latest version of tu93: tu93-0768757b (downloaded: 2026-06-08 07:25:18.086006+00:00)
2026-08-01 12:58:01 | INFO | Found latest version of tu93: tu93-0768757b (downloaded: 2026-06-08 07:25:18.086006+00:00)
2026-08-01 12:58:01 | INFO | Found latest version of tu93: tu93-0768757b (downloaded: 2026-06-08 07:25:18.086006+00:00)
2026-08-01 12:58:01 | INFO | Found latest version of tu93: tu93-0768757b (downloaded: 2026-06-08 07:25:18.086006+00:00)
2026-08-01 12:58:01 | INFO | Found latest version of tu93: tu93-0768757b (downloaded: 2026-06-08 07:25:18.086006+00:00)
2026-08-01 12:58:01 | INFO | Found latest version of tu93: tu93-0768757b (downloaded: 2026-06-08 07:25:18.086006+00:00)
2026-08-01 12:58:01 | INFO | Found latest version of tu93: tu93-0768757b (downloaded: 2026-06-08 07:25:18.086006+00:00)
2026-08-01 12:58:01 | INFO | Found latest version of tu93: tu93-0768757b (downloaded: 2026-06-08 07:25:18.086006+00:00)
2026-08-01 12:58:01 | INFO | Found latest version of tu93: tu93-0768757b (downloaded: 2026-06-08 07:25:18.086006+00:00)
2026-08-01 12:58:01 | INFO | Found latest version of tu93: tu93-0768757b (downloaded: 2026-06-08 07:25:18.086006+00:00)
2026-08-01 12:58:01 | INFO | Found latest version of tu93: tu93-0768757b (downloaded: 2026-06-08 07:25:18.086006+00:00)
2026-08-01 12:58:01 | INFO | Found latest version of tu93: tu93-0768757b (downloaded: 2026-06-08 07:25:18.086006+00:00)
2026-08-01 12:58:01 | INFO | Found latest version of tu93: tu93-0768757b (downloaded: 2026-06-08 07:25:18.086006+00:00)
2026-08-01 12:58:01 | INFO | Found latest version of tu93: tu93-0768757b (downloaded: 2026-06-08 07:25:18.086006+00:00)
2026-08-01 12:58:01 | INFO | Found latest version of tu93: tu93-0768757b (downloaded: 2026-06-08 07:25:18.086006+00:00)
2026-08-01 12:58:01 | INFO | Found latest version of tu93: tu93-0768757b (downloaded: 2026-06-08 07:25:18.086006+00:00)
2026-08-01 12:58:01 | INFO | Found latest version of tu93: tu93-0768757b (downloaded: 2026-06-08 07:25:18.086006+00:00)
2026-08-01 12:58:01 | INFO | Found latest version of tu93: tu93-0768757b (downloaded: 2026-06-08 07:25:18.086006+00:00)
2026-08-01 12:58:01 | INFO | Found latest version of tu93: tu93-0768757b (downloaded: 2026-06-08 07:25:18.086006+00:00)
2026-08-01 12:58:01 | INFO | Found latest version of tu93: tu93-0768757b (downloaded: 2026-06-08 07:25:18.086006+00:00)
2026-08-01 12:58:01 | INFO | Found latest version of tu93: tu93-0768757b (downloaded: 2026-06-08 07:25:18.086006+00:00)
2026-08-01 12:58:01 | INFO | Found latest version of tu93: tu93-0768757b (downloaded: 2026-06-08 07:25:18.086006+00:00)
2026-08-01 12:58:01 | INFO | Found latest version of tu93: tu93-0768757b (downloaded: 2026-06-08 07:25:18.086006+00:00)
2026-08-01 12:58:01 | INFO | Found latest version of tu93: tu93-0768757b (downloaded: 2026-06-08 07:25:18.086006+00:00)
2026-08-01 12:58:01 | INFO | Found latest version of tu93: tu93-0768757b (downloaded: 2026-06-08 07:25:18.086006+00:00)
2026-08-01 12:58:01 | INFO | Found latest version of tu93: tu93-0768757b (downloaded: 2026-06-08 07:25:18.086006+00:00)
2026-08-01 12:58:01 | INFO | Found latest version of tu93: tu93-0768757b (downloaded: 2026-06-08 07:25:18.086006+00:00)
2026-08-01 12:58:01 | INFO | Found latest version of tu93: tu93-0768757b (downloaded: 2026-06-08 07:25:18.086006+00:00)
2026-08-01 12:58:01 | INFO | Found latest version of tu93: tu93-0768757b (downloaded: 2026-06-08 07:25:18.086006+00:00)
2026-08-01 12:58:01 | INFO | Found latest version of tu93: tu93-0768757b (downloaded: 2026-06-08 07:25:18.086006+00:00)
2026-08-01 12:58:01 | INFO | Found latest version of tu93: tu93-0768757b (downloaded: 2026-06-08 07:25:18.086006+00:00)
2026-08-01 12:58:01 | INFO | Found latest version of tu93: tu93-0768757b (downloaded: 2026-06-08 07:25:18.086006+00:00)
2026-08-01 12:58:01 | INFO | Found latest version of tu93: tu93-0768757b (downloaded: 2026-06-08 07:25:18.086006+00:00)
2026-08-01 12:58:01 | INFO | Found latest version of tu93: tu93-0768757b (downloaded: 2026-06-08 07:25:18.086006+00:00)
2026-08-01 12:58:01 | INFO | Found latest version of tu93: tu93-0768757b (downloaded: 2026-06-08 07:25:18.086006+00:00)
2026-08-01 12:58:01 | INFO | Found latest version of tu93: tu93-0768757b (downloaded: 2026-06-08 07:25:18.086006+00:00)
2026-08-01 12:58:01 | INFO | Found latest version of tu93: tu93-0768757b (downloaded: 2026-06-08 07:25:18.086006+00:00)
2026-08-01 12:58:01 | INFO | Found latest version of tu93: tu93-0768757b (downloaded: 2026-06-08 07:25:18.086006+00:00)
2026-08-01 12:58:01 | INFO | Found latest version of tu93: tu93-0768757b (downloaded: 2026-06-08 07:25:18.086006+00:00)
2026-08-01 12:58:01 | INFO | Found latest version of tu93: tu93-0768757b (downloaded: 2026-06-08 07:25:18.086006+00:00)
2026-08-01 12:58:01 | INFO | Found latest version of tu93: tu93-0768757b (downloaded: 2026-06-08 07:25:18.086006+00:00)
2026-08-01 12:58:01 | INFO | Found latest version of tu93: tu93-0768757b (downloaded: 2026-06-08 07:25:18.086006+00:00)
2026-08-01 12:58:01 | INFO | Found latest version of tu93: tu93-0768757b (downloaded: 2026-06-08 07:25:18.086006+00:00)
2026-08-01 12:58:01 | INFO | Found latest version of tu93: tu93-0768757b (downloaded: 2026-06-08 07:25:18.086006+00:00)
2026-08-01 12:58:01 | INFO | Found latest version of tu93: tu93-0768757b (downloaded: 2026-06-08 07:25:18.086006+00:00)
2026-08-01 12:58:01 | INFO | Found latest version of tu93: tu93-0768757b (downloaded: 2026-06-08 07:25:18.086006+00:00)
2026-08-01 12:58:01 | INFO | Found latest version of tu93: tu93-0768757b (downloaded: 2026-06-08 07:25:18.086006+00:00)
2026-08-01 12:58:01 | INFO | Found latest version of tu93: tu93-0768757b (downloaded: 2026-06-08 07:25:18.086006+00:00)
2026-08-01 12:58:01 | INFO | Found latest version of tu93: tu93-0768757b (downloaded: 2026-06-08 07:25:18.086006+00:00)
2026-08-01 12:58:01 | INFO | Found latest version of tu93: tu93-0768757b (downloaded: 2026-06-08 07:25:18.086006+00:00)
2026-08-01 12:58:01 | INFO | Found latest version of tu93: tu93-0768757b (downloaded: 2026-06-08 07:25:18.086006+00:00)
2026-08-01 12:58:01 | INFO | Found latest version of tu93: tu93-0768757b (downloaded: 2026-06-08 07:25:18.086006+00:00)
2026-08-01 12:58:01 | INFO | Found latest version of tu93: tu93-0768757b (downloaded: 2026-06-08 07:25:18.086006+00:00)
2026-08-01 12:58:01 | INFO | Found latest version of tu93: tu93-0768757b (downloaded: 2026-06-08 07:25:18.086006+00:00)
2026-08-01 12:58:01 | INFO | Found latest version of tu93: tu93-0768757b (downloaded: 2026-06-08 07:25:18.086006+00:00)
2026-08-01 12:58:01 | INFO | Found latest version of tu93: tu93-0768757b (downloaded: 2026-06-08 07:25:18.086006+00:00)
2026-08-01 12:58:01 | INFO | Found latest version of tu93: tu93-0768757b (downloaded: 2026-06-08 07:25:18.086006+00:00)
2026-08-01 12:58:01 | INFO | Found latest version of tu93: tu93-0768757b (downloaded: 2026-06-08 07:25:18.086006+00:00)
2026-08-01 12:58:01 | INFO | Found latest version of tu93: tu93-0768757b (downloaded: 2026-06-08 07:25:18.086006+00:00)
2026-08-01 12:58:01 | INFO | Found latest version of tu93: tu93-0768757b (downloaded: 2026-06-08 07:25:18.086006+00:00)
2026-08-01 12:58:02 | INFO | Found latest version of tu93: tu93-0768757b (downloaded: 2026-06-08 07:25:18.086006+00:00)
2026-08-01 12:58:02 | INFO | Found latest version of tu93: tu93-0768757b (downloaded: 2026-06-08 07:25:18.086006+00:00)
2026-08-01 12:58:02 | INFO | Found latest version of tu93: tu93-0768757b (downloaded: 2026-06-08 07:25:18.086006+00:00)
2026-08-01 12:58:02 | INFO | Found latest version of tu93: tu93-0768757b (downloaded: 2026-06-08 07:25:18.086006+00:00)
2026-08-01 12:58:02 | INFO | Found latest version of tu93: tu93-0768757b (downloaded: 2026-06-08 07:25:18.086006+00:00)
2026-08-01 12:58:02 | INFO | Found latest version of tu93: tu93-0768757b (downloaded: 2026-06-08 07:25:18.086006+00:00)
2026-08-01 12:58:02 | INFO | Found latest version of tu93: tu93-0768757b (downloaded: 2026-06-08 07:25:18.086006+00:00)
2026-08-01 12:58:02 | INFO | Found latest version of tu93: tu93-0768757b (downloaded: 2026-06-08 07:25:18.086006+00:00)
2026-08-01 12:58:02 | INFO | Found latest version of tu93: tu93-0768757b (downloaded: 2026-06-08 07:25:18.086006+00:00)
2026-08-01 12:58:02 | INFO | Found latest version of tu93: tu93-0768757b (downloaded: 2026-06-08 07:25:18.086006+00:00)
2026-08-01 12:58:02 | INFO | Found latest version of tu93: tu93-0768757b (downloaded: 2026-06-08 07:25:18.086006+00:00)
2026-08-01 12:58:02 | INFO | Found latest version of tu93: tu93-0768757b (downloaded: 2026-06-08 07:25:18.086006+00:00)
2026-08-01 12:58:02 | INFO | Found latest version of tu93: tu93-0768757b (downloaded: 2026-06-08 07:25:18.086006+00:00)
2026-08-01 12:58:02 | INFO | Found latest version of tu93: tu93-0768757b (downloaded: 2026-06-08 07:25:18.086006+00:00)
2026-08-01 12:58:02 | INFO | Found latest version of tu93: tu93-0768757b (downloaded: 2026-06-08 07:25:18.086006+00:00)
2026-08-01 12:58:02 | INFO | Found latest version of tu93: tu93-0768757b (downloaded: 2026-06-08 07:25:18.086006+00:00)
2026-08-01 12:58:02 | INFO | Found latest version of tu93: tu93-0768757b (downloaded: 2026-06-08 07:25:18.086006+00:00)
2026-08-01 12:58:02 | INFO | Found latest version of tu93: tu93-0768757b (downloaded: 2026-06-08 07:25:18.086006+00:00)
2026-08-01 12:58:02 | INFO | Found latest version of tu93: tu93-0768757b (downloaded: 2026-06-08 07:25:18.086006+00:00)
2026-08-01 12:58:02 | INFO | Found latest version of tu93: tu93-0768757b (downloaded: 2026-06-08 07:25:18.086006+00:00)
2026-08-01 12:58:02 | INFO | Found latest version of tu93: tu93-0768757b (downloaded: 2026-06-08 07:25:18.086006+00:00)
2026-08-01 12:58:02 | INFO | Found latest version of tu93: tu93-0768757b (downloaded: 2026-06-08 07:25:18.086006+00:00)
2026-08-01 12:58:02 | INFO | Found latest version of tu93: tu93-0768757b (downloaded: 2026-06-08 07:25:18.086006+00:00)
2026-08-01 12:58:02 | INFO | Found latest version of tu93: tu93-0768757b (downloaded: 2026-06-08 07:25:18.086006+00:00)
2026-08-01 12:58:02 | INFO | Found latest version of tu93: tu93-0768757b (downloaded: 2026-06-08 07:25:18.086006+00:00)
2026-08-01 12:58:02 | INFO | Found latest version of tu93: tu93-0768757b (downloaded: 2026-06-08 07:25:18.086006+00:00)
2026-08-01 12:58:02 | INFO | Found latest version of tu93: tu93-0768757b (downloaded: 2026-06-08 07:25:18.086006+00:00)
2026-08-01 12:58:02 | INFO | Found latest version of tu93: tu93-0768757b (downloaded: 2026-06-08 07:25:18.086006+00:00)
2026-08-01 12:58:02 | INFO | Found latest version of tu93: tu93-0768757b (downloaded: 2026-06-08 07:25:18.086006+00:00)
2026-08-01 12:58:02 | INFO | Found latest version of tu93: tu93-0768757b (downloaded: 2026-06-08 07:25:18.086006+00:00)
2026-08-01 12:58:02 | INFO | Found latest version of tu93: tu93-0768757b (downloaded: 2026-06-08 07:25:18.086006+00:00)
2026-08-01 12:58:02 | INFO | Found latest version of tu93: tu93-0768757b (downloaded: 2026-06-08 07:25:18.086006+00:00)
2026-08-01 12:58:02 | INFO | Found latest version of tu93: tu93-0768757b (downloaded: 2026-06-08 07:25:18.086006+00:00)
2026-08-01 12:58:02 | INFO | Found latest version of tu93: tu93-0768757b (downloaded: 2026-06-08 07:25:18.086006+00:00)
2026-08-01 12:58:02 | INFO | Found latest version of tu93: tu93-0768757b (downloaded: 2026-06-08 07:25:18.086006+00:00)
2026-08-01 12:58:02 | INFO | Found latest version of tu93: tu93-0768757b (downloaded: 2026-06-08 07:25:18.086006+00:00)
2026-08-01 12:58:02 | INFO | Found latest version of tu93: tu93-0768757b (downloaded: 2026-06-08 07:25:18.086006+00:00)
2026-08-01 12:58:02 | INFO | Found latest version of tu93: tu93-0768757b (downloaded: 2026-06-08 07:25:18.086006+00:00)
2026-08-01 12:58:02 | INFO | Found latest version of tu93: tu93-0768757b (downloaded: 2026-06-08 07:25:18.086006+00:00)
2026-08-01 12:58:02 | INFO | Found latest version of tu93: tu93-0768757b (downloaded: 2026-06-08 07:25:18.086006+00:00)
2026-08-01 12:58:02 | INFO | Found latest version of tu93: tu93-0768757b (downloaded: 2026-06-08 07:25:18.086006+00:00)
2026-08-01 12:58:02 | INFO | Found latest version of tu93: tu93-0768757b (downloaded: 2026-06-08 07:25:18.086006+00:00)
2026-08-01 12:58:02 | INFO | Found latest version of tu93: tu93-0768757b (downloaded: 2026-06-08 07:25:18.086006+00:00)
2026-08-01 12:58:02 | INFO | Found latest version of tu93: tu93-0768757b (downloaded: 2026-06-08 07:25:18.086006+00:00)
2026-08-01 12:58:02 | INFO | Found latest version of tu93: tu93-0768757b (downloaded: 2026-06-08 07:25:18.086006+00:00)
2026-08-01 12:58:02 | INFO | Found latest version of tu93: tu93-0768757b (downloaded: 2026-06-08 07:25:18.086006+00:00)
2026-08-01 12:58:02 | INFO | Found latest version of tu93: tu93-0768757b (downloaded: 2026-06-08 07:25:18.086006+00:00)
2026-08-01 12:58:02 | INFO | Found latest version of tu93: tu93-0768757b (downloaded: 2026-06-08 07:25:18.086006+00:00)
2026-08-01 12:58:02 | INFO | Found latest version of tu93: tu93-0768757b (downloaded: 2026-06-08 07:25:18.086006+00:00)
2026-08-01 12:58:02 | INFO | Found latest version of tu93: tu93-0768757b (downloaded: 2026-06-08 07:25:18.086006+00:00)
2026-08-01 12:58:02 | INFO | Found latest version of tu93: tu93-0768757b (downloaded: 2026-06-08 07:25:18.086006+00:00)
2026-08-01 12:58:02 | INFO | Found latest version of tu93: tu93-0768757b (downloaded: 2026-06-08 07:25:18.086006+00:00)
2026-08-01 12:58:02 | INFO | Found latest version of tu93: tu93-0768757b (downloaded: 2026-06-08 07:25:18.086006+00:00)
2026-08-01 12:58:02 | INFO | Found latest version of tu93: tu93-0768757b (downloaded: 2026-06-08 07:25:18.086006+00:00)
2026-08-01 12:58:02 | INFO | Found latest version of tu93: tu93-0768757b (downloaded: 2026-06-08 07:25:18.086006+00:00)
2026-08-01 12:58:02 | INFO | Found latest version of tu93: tu93-0768757b (downloaded: 2026-06-08 07:25:18.086006+00:00)
2026-08-01 12:58:02 | INFO | Found latest version of tu93: tu93-0768757b (downloaded: 2026-06-08 07:25:18.086006+00:00)
2026-08-01 12:58:02 | INFO | Found latest version of tu93: tu93-0768757b (downloaded: 2026-06-08 07:25:18.086006+00:00)
2026-08-01 12:58:02 | INFO | Found latest version of tu93: tu93-0768757b (downloaded: 2026-06-08 07:25:18.086006+00:00)
2026-08-01 12:58:02 | INFO | Found latest version of tu93: tu93-0768757b (downloaded: 2026-06-08 07:25:18.086006+00:00)
2026-08-01 12:58:02 | INFO | Found latest version of tu93: tu93-0768757b (downloaded: 2026-06-08 07:25:18.086006+00:00)
2026-08-01 12:58:02 | INFO | Found latest version of tu93: tu93-0768757b (downloaded: 2026-06-08 07:25:18.086006+00:00)
2026-08-01 12:58:02 | INFO | Found latest version of tu93: tu93-0768757b (downloaded: 2026-06-08 07:25:18.086006+00:00)
2026-08-01 12:58:02 | INFO | Found latest version of tu93: tu93-0768757b (downloaded: 2026-06-08 07:25:18.086006+00:00)
2026-08-01 12:58:02 | INFO | Found latest version of tu93: tu93-0768757b (downloaded: 2026-06-08 07:25:18.086006+00:00)
2026-08-01 12:58:02 | INFO | Found latest version of tu93: tu93-0768757b (downloaded: 2026-06-08 07:25:18.086006+00:00)
2026-08-01 12:58:02 | INFO | Found latest version of tu93: tu93-0768757b (downloaded: 2026-06-08 07:25:18.086006+00:00)
2026-08-01 12:58:02 | INFO | Found latest version of tu93: tu93-0768757b (downloaded: 2026-06-08 07:25:18.086006+00:00)
2026-08-01 12:58:02 | INFO | Found latest version of tu93: tu93-0768757b (downloaded: 2026-06-08 07:25:18.086006+00:00)
2026-08-01 12:58:02 | INFO | Found latest version of tu93: tu93-0768757b (downloaded: 2026-06-08 07:25:18.086006+00:00)
2026-08-01 12:58:02 | INFO | Found latest version of tu93: tu93-0768757b (downloaded: 2026-06-08 07:25:18.086006+00:00)
2026-08-01 12:58:02 | INFO | Found latest version of tu93: tu93-0768757b (downloaded: 2026-06-08 07:25:18.086006+00:00)
2026-08-01 12:58:02 | INFO | Found latest version of tu93: tu93-0768757b (downloaded: 2026-06-08 07:25:18.086006+00:00)
2026-08-01 12:58:02 | INFO | Found latest version of tu93: tu93-0768757b (downloaded: 2026-06-08 07:25:18.086006+00:00)
2026-08-01 12:58:02 | INFO | Found latest version of tu93: tu93-0768757b (downloaded: 2026-06-08 07:25:18.086006+00:00)
2026-08-01 12:58:02 | INFO | Found latest version of tu93: tu93-0768757b (downloaded: 2026-06-08 07:25:18.086006+00:00)
2026-08-01 12:58:02 | INFO | Found latest version of tu93: tu93-0768757b (downloaded: 2026-06-08 07:25:18.086006+00:00)
2026-08-01 12:58:02 | INFO | Found latest version of tu93: tu93-0768757b (downloaded: 2026-06-08 07:25:18.086006+00:00)
2026-08-01 12:58:02 | INFO | Found latest version of tu93: tu93-0768757b (downloaded: 2026-06-08 07:25:18.086006+00:00)
2026-08-01 12:58:02 | INFO | Found latest version of tu93: tu93-0768757b (downloaded: 2026-06-08 07:25:18.086006+00:00)
2026-08-01 12:58:02 | INFO | Found latest version of tu93: tu93-0768757b (downloaded: 2026-06-08 07:25:18.086006+00:00)
2026-08-01 12:58:02 | INFO | Found latest version of tu93: tu93-0768757b (downloaded: 2026-06-08 07:25:18.086006+00:00)
2026-08-01 12:58:02 | INFO | Found latest version of tu93: tu93-0768757b (downloaded: 2026-06-08 07:25:18.086006+00:00)
2026-08-01 12:58:02 | INFO | Found latest version of tu93: tu93-0768757b (downloaded: 2026-06-08 07:25:18.086006+00:00)
2026-08-01 12:58:02 | INFO | Found latest version of tu93: tu93-0768757b (downloaded: 2026-06-08 07:25:18.086006+00:00)
2026-08-01 12:58:02 | INFO | Found latest version of tu93: tu93-0768757b (downloaded: 2026-06-08 07:25:18.086006+00:00)
2026-08-01 12:58:02 | INFO | Found latest version of tu93: tu93-0768757b (downloaded: 2026-06-08 07:25:18.086006+00:00)
2026-08-01 12:58:02 | INFO | Found latest version of tu93: tu93-0768757b (downloaded: 2026-06-08 07:25:18.086006+00:00)
2026-08-01 12:58:02 | INFO | Found latest version of tu93: tu93-0768757b (downloaded: 2026-06-08 07:25:18.086006+00:00)
2026-08-01 12:58:02 | INFO | Found latest version of tu93: tu93-0768757b (downloaded: 2026-06-08 07:25:18.086006+00:00)
2026-08-01 12:58:02 | INFO | Found latest version of tu93: tu93-0768757b (downloaded: 2026-06-08 07:25:18.086006+00:00)
2026-08-01 12:58:02 | INFO | Found latest version of tu93: tu93-0768757b (downloaded: 2026-06-08 07:25:18.086006+00:00)
2026-08-01 12:58:02 | INFO | Found latest version of tu93: tu93-0768757b (downloaded: 2026-06-08 07:25:18.086006+00:00)
2026-08-01 12:58:02 | INFO | Found latest version of tu93: tu93-0768757b (downloaded: 2026-06-08 07:25:18.086006+00:00)
2026-08-01 12:58:02 | INFO | Found latest version of tu93: tu93-0768757b (downloaded: 2026-06-08 07:25:18.086006+00:00)
2026-08-01 12:58:02 | INFO | Found latest version of tu93: tu93-0768757b (downloaded: 2026-06-08 07:25:18.086006+00:00)
2026-08-01 12:58:02 | INFO | Found latest version of tu93: tu93-0768757b (downloaded: 2026-06-08 07:25:18.086006+00:00)
2026-08-01 12:58:02 | INFO | Found latest version of tu93: tu93-0768757b (downloaded: 2026-06-08 07:25:18.086006+00:00)
2026-08-01 12:58:02 | INFO | Found latest version of tu93: tu93-0768757b (downloaded: 2026-06-08 07:25:18.086006+00:00)
2026-08-01 12:58:02 | INFO | Found latest version of tu93: tu93-0768757b (downloaded: 2026-06-08 07:25:18.086006+00:00)
2026-08-01 12:58:02 | INFO | Found latest version of tu93: tu93-0768757b (downloaded: 2026-06-08 07:25:18.086006+00:00)
2026-08-01 12:58:02 | INFO | Found latest version of tu93: tu93-0768757b (downloaded: 2026-06-08 07:25:18.086006+00:00)
2026-08-01 12:58:02 | INFO | Found latest version of tu93: tu93-0768757b (downloaded: 2026-06-08 07:25:18.086006+00:00)
2026-08-01 12:58:02 | INFO | Found latest version of tu93: tu93-0768757b (downloaded: 2026-06-08 07:25:18.086006+00:00)
2026-08-01 12:58:02 | INFO | Found latest version of tu93: tu93-0768757b (downloaded: 2026-06-08 07:25:18.086006+00:00)
2026-08-01 12:58:02 | INFO | Found latest version of tu93: tu93-0768757b (downloaded: 2026-06-08 07:25:18.086006+00:00)
2026-08-01 12:58:02 | INFO | Found latest version of tu93: tu93-0768757b (downloaded: 2026-06-08 07:25:18.086006+00:00)
2026-08-01 12:58:02 | INFO | Found latest version of tu93: tu93-0768757b (downloaded: 2026-06-08 07:25:18.086006+00:00)
2026-08-01 12:58:02 | INFO | Found latest version of tu93: tu93-0768757b (downloaded: 2026-06-08 07:25:18.086006+00:00)
2026-08-01 12:58:02 | INFO | Found latest version of tu93: tu93-0768757b (downloaded: 2026-06-08 07:25:18.086006+00:00)
2026-08-01 12:58:02 | INFO | Found latest version of tu93: tu93-0768757b (downloaded: 2026-06-08 07:25:18.086006+00:00)
2026-08-01 12:58:02 | INFO | Found latest version of tu93: tu93-0768757b (downloaded: 2026-06-08 07:25:18.086006+00:00)
2026-08-01 12:58:02 | INFO | Found latest version of tu93: tu93-0768757b (downloaded: 2026-06-08 07:25:18.086006+00:00)
2026-08-01 12:58:02 | INFO | Found latest version of tu93: tu93-0768757b (downloaded: 2026-06-08 07:25:18.086006+00:00)
2026-08-01 12:58:02 | INFO | Found latest version of tu93: tu93-0768757b (downloaded: 2026-06-08 07:25:18.086006+00:00)
2026-08-01 12:58:02 | INFO | Found latest version of tu93: tu93-0768757b (downloaded: 2026-06-08 07:25:18.086006+00:00)
2026-08-01 12:58:02 | INFO | Found latest version of tu93: tu93-0768757b (downloaded: 2026-06-08 07:25:18.086006+00:00)
2026-08-01 12:58:02 | INFO | Found latest version of tu93: tu93-0768757b (downloaded: 2026-06-08 07:25:18.086006+00:00)
2026-08-01 12:58:02 | INFO | Found latest version of tu93: tu93-0768757b (downloaded: 2026-06-08 07:25:18.086006+00:00)
2026-08-01 12:58:02 | INFO | Found latest version of tu93: tu93-0768757b (downloaded: 2026-06-08 07:25:18.086006+00:00)
2026-08-01 12:58:02 | INFO | Found latest version of tu93: tu93-0768757b (downloaded: 2026-06-08 07:25:18.086006+00:00)
2026-08-01 12:58:02 | INFO | Found latest version of tu93: tu93-0768757b (downloaded: 2026-06-08 07:25:18.086006+00:00)
2026-08-01 12:58:02 | INFO | Found latest version of tu93: tu93-0768757b (downloaded: 2026-06-08 07:25:18.086006+00:00)
2026-08-01 12:58:02 | INFO | Found latest version of tu93: tu93-0768757b (downloaded: 2026-06-08 07:25:18.086006+00:00)
2026-08-01 12:58:02 | INFO | Found latest version of tu93: tu93-0768757b (downloaded: 2026-06-08 07:25:18.086006+00:00)
2026-08-01 12:58:03 | INFO | Found latest version of tu93: tu93-0768757b (downloaded: 2026-06-08 07:25:18.086006+00:00)
2026-08-01 12:58:03 | INFO | Found latest version of tu93: tu93-0768757b (downloaded: 2026-06-08 07:25:18.086006+00:00)
2026-08-01 12:58:03 | INFO | Found latest version of tu93: tu93-0768757b (downloaded: 2026-06-08 07:25:18.086006+00:00)
2026-08-01 12:58:03 | INFO | Found latest version of tu93: tu93-0768757b (downloaded: 2026-06-08 07:25:18.086006+00:00)
2026-08-01 12:58:03 | INFO | Found latest version of tu93: tu93-0768757b (downloaded: 2026-06-08 07:25:18.086006+00:00)
2026-08-01 12:58:03 | INFO | Found latest version of tu93: tu93-0768757b (downloaded: 2026-06-08 07:25:18.086006+00:00)
2026-08-01 12:58:03 | INFO | Found latest version of tu93: tu93-0768757b (downloaded: 2026-06-08 07:25:18.086006+00:00)
2026-08-01 12:58:03 | INFO | Found latest version of tu93: tu93-0768757b (downloaded: 2026-06-08 07:25:18.086006+00:00)
2026-08-01 12:58:03 | INFO | Found latest version of tu93: tu93-0768757b (downloaded: 2026-06-08 07:25:18.086006+00:00)
2026-08-01 12:58:03 | INFO | Found latest version of tu93: tu93-0768757b (downloaded: 2026-06-08 07:25:18.086006+00:00)
2026-08-01 12:58:03 | INFO | Found latest version of tu93: tu93-0768757b (downloaded: 2026-06-08 07:25:18.086006+00:00)
2026-08-01 12:58:03 | INFO | Found latest version of tu93: tu93-0768757b (downloaded: 2026-06-08 07:25:18.086006+00:00)
2026-08-01 12:58:03 | INFO | Found latest version of tu93: tu93-0768757b (downloaded: 2026-06-08 07:25:18.086006+00:00)
2026-08-01 12:58:03 | INFO | Found latest version of tu93: tu93-0768757b (downloaded: 2026-06-08 07:25:18.086006+00:00)
2026-08-01 12:58:03 | INFO | Found latest version of tu93: tu93-0768757b (downloaded: 2026-06-08 07:25:18.086006+00:00)
2026-08-01 12:58:03 | INFO | Found latest version of tu93: tu93-0768757b (downloaded: 2026-06-08 07:25:18.086006+00:00)
2026-08-01 12:58:03 | INFO | Found latest version of tu93: tu93-0768757b (downloaded: 2026-06-08 07:25:18.086006+00:00)
2026-08-01 12:58:03 | INFO | Found latest version of tu93: tu93-0768757b (downloaded: 2026-06-08 07:25:18.086006+00:00)
2026-08-01 12:58:03 | INFO | Found latest version of tu93: tu93-0768757b (downloaded: 2026-06-08 07:25:18.086006+00:00)
2026-08-01 12:58:03 | INFO | Found latest version of tu93: tu93-0768757b (downloaded: 2026-06-08 07:25:18.086006+00:00)
2026-08-01 12:58:03 | INFO | Found latest version of tu93: tu93-0768757b (downloaded: 2026-06-08 07:25:18.086006+00:00)
2026-08-01 12:58:03 | INFO | Found latest version of tu93: tu93-0768757b (downloaded: 2026-06-08 07:25:18.086006+00:00)
2026-08-01 12:58:03 | INFO | Found latest version of tu93: tu93-0768757b (downloaded: 2026-06-08 07:25:18.086006+00:00)
2026-08-01 12:58:03 | INFO | Found latest version of tu93: tu93-0768757b (downloaded: 2026-06-08 07:25:18.086006+00:00)
2026-08-01 12:58:03 | INFO | Found latest version of tu93: tu93-0768757b (downloaded: 2026-06-08 07:25:18.086006+00:00)
2026-08-01 12:58:03 | INFO | Found latest version of tu93: tu93-0768757b (downloaded: 2026-06-08 07:25:18.086006+00:00)
2026-08-01 12:58:03 | INFO | Found latest version of tu93: tu93-0768757b (downloaded: 2026-06-08 07:25:18.086006+00:00)
2026-08-01 12:58:03 | INFO | Found latest version of tu93: tu93-0768757b (downloaded: 2026-06-08 07:25:18.086006+00:00)
2026-08-01 12:58:03 | INFO | Found latest version of tu93: tu93-0768757b (downloaded: 2026-06-08 07:25:18.086006+00:00)
2026-08-01 12:58:03 | INFO | Found latest version of tu93: tu93-0768757b (downloaded: 2026-06-08 07:25:18.086006+00:00)
2026-08-01 12:58:03 | INFO | Found latest version of tu93: tu93-0768757b (downloaded: 2026-06-08 07:25:18.086006+00:00)
2026-08-01 12:58:03 | INFO | Found latest version of tu93: tu93-0768757b (downloaded: 2026-06-08 07:25:18.086006+00:00)
2026-08-01 12:58:03 | INFO | Found latest version of tu93: tu93-0768757b (downloaded: 2026-06-08 07:25:18.086006+00:00)
2026-08-01 12:58:03 | INFO | Found latest version of tu93: tu93-0768757b (downloaded: 2026-06-08 07:25:18.086006+00:00)
2026-08-01 12:58:03 | INFO | Found latest version of tu93: tu93-0768757b (downloaded: 2026-06-08 07:25:18.086006+00:00)
2026-08-01 12:58:03 | INFO | Found latest version of tu93: tu93-0768757b (downloaded: 2026-06-08 07:25:18.086006+00:00)
2026-08-01 12:58:03 | INFO | Found latest version of tu93: tu93-0768757b (downloaded: 2026-06-08 07:25:18.086006+00:00)
2026-08-01 12:58:03 | INFO | Found latest version of tu93: tu93-0768757b (downloaded: 2026-06-08 07:25:18.086006+00:00)
2026-08-01 12:58:03 | INFO | Found latest version of tu93: tu93-0768757b (downloaded: 2026-06-08 07:25:18.086006+00:00)
2026-08-01 12:58:03 | INFO | Found latest version of tu93: tu93-0768757b (downloaded: 2026-06-08 07:25:18.086006+00:00)
2026-08-01 12:58:03 | INFO | Found latest version of tu93: tu93-0768757b (downloaded: 2026-06-08 07:25:18.086006+00:00)
2026-08-01 12:58:03 | INFO | Found latest version of tu93: tu93-0768757b (downloaded: 2026-06-08 07:25:18.086006+00:00)
2026-08-01 12:58:03 | INFO | Found latest version of tu93: tu93-0768757b (downloaded: 2026-06-08 07:25:18.086006+00:00)
2026-08-01 12:58:03 | INFO | Found latest version of tu93: tu93-0768757b (downloaded: 2026-06-08 07:25:18.086006+00:00)
2026-08-01 12:58:03 | INFO | Found latest version of tu93: tu93-0768757b (downloaded: 2026-06-08 07:25:18.086006+00:00)
2026-08-01 12:58:03 | INFO | Found latest version of tu93: tu93-0768757b (downloaded: 2026-06-08 07:25:18.086006+00:00)
2026-08-01 12:58:03 | INFO | Found latest version of tu93: tu93-0768757b (downloaded: 2026-06-08 07:25:18.086006+00:00)
2026-08-01 12:58:03 | INFO | Found latest version of tu93: tu93-0768757b (downloaded: 2026-06-08 07:25:18.086006+00:00)
2026-08-01 12:58:03 | INFO | Found latest version of tu93: tu93-0768757b (downloaded: 2026-06-08 07:25:18.086006+00:00)
2026-08-01 12:58:03 | INFO | Found latest version of tu93: tu93-0768757b (downloaded: 2026-06-08 07:25:18.086006+00:00)
2026-08-01 12:58:03 | INFO | Found latest version of tu93: tu93-0768757b (downloaded: 2026-06-08 07:25:18.086006+00:00)
2026-08-01 12:58:03 | INFO | Found latest version of tu93: tu93-0768757b (downloaded: 2026-06-08 07:25:18.086006+00:00)
2026-08-01 12:58:03 | INFO | Found latest version of tu93: tu93-0768757b (downloaded: 2026-06-08 07:25:18.086006+00:00)
2026-08-01 12:58:03 | INFO | Found latest version of tu93: tu93-0768757b (downloaded: 2026-06-08 07:25:18.086006+00:00)
2026-08-01 12:58:03 | INFO | Found latest version of tu93: tu93-0768757b (downloaded: 2026-06-08 07:25:18.086006+00:00)
2026-08-01 12:58:03 | INFO | Found latest version of tu93: tu93-0768757b (downloaded: 2026-06-08 07:25:18.086006+00:00)
2026-08-01 12:58:03 | INFO | Found latest version of tu93: tu93-0768757b (downloaded: 2026-06-08 07:25:18.086006+00:00)
2026-08-01 12:58:03 | INFO | Found latest version of tu93: tu93-0768757b (downloaded: 2026-06-08 07:25:18.086006+00:00)
2026-08-01 12:58:03 | INFO | Found latest version of tu93: tu93-0768757b (downloaded: 2026-06-08 07:25:18.086006+00:00)
2026-08-01 12:58:03 | INFO | Found latest version of tu93: tu93-0768757b (downloaded: 2026-06-08 07:25:18.086006+00:00)
2026-08-01 12:58:03 | INFO | Found latest version of tu93: tu93-0768757b (downloaded: 2026-06-08 07:25:18.086006+00:00)
2026-08-01 12:58:03 | INFO | Found latest version of tu93: tu93-0768757b (downloaded: 2026-06-08 07:25:18.086006+00:00)
2026-08-01 12:58:03 | INFO | Found latest version of tu93: tu93-0768757b (downloaded: 2026-06-08 07:25:18.086006+00:00)
2026-08-01 12:58:03 | INFO | Found latest version of tu93: tu93-0768757b (downloaded: 2026-06-08 07:25:18.086006+00:00)
2026-08-01 12:58:03 | INFO | Found latest version of tu93: tu93-0768757b (downloaded: 2026-06-08 07:25:18.086006+00:00)
2026-08-01 12:58:03 | INFO | Found latest version of tu93: tu93-0768757b (downloaded: 2026-06-08 07:25:18.086006+00:00)
2026-08-01 12:58:03 | INFO | Found latest version of tu93: tu93-0768757b (downloaded: 2026-06-08 07:25:18.086006+00:00)
2026-08-01 12:58:03 | INFO | Found latest version of tu93: tu93-0768757b (downloaded: 2026-06-08 07:25:18.086006+00:00)
2026-08-01 12:58:03 | INFO | Found latest version of tu93: tu93-0768757b (downloaded: 2026-06-08 07:25:18.086006+00:00)
2026-08-01 12:58:03 | INFO | Found latest version of tu93: tu93-0768757b (downloaded: 2026-06-08 07:25:18.086006+00:00)
2026-08-01 12:58:03 | INFO | Found latest version of tu93: tu93-0768757b (downloaded: 2026-06-08 07:25:18.086006+00:00)
2026-08-01 12:58:03 | INFO | Found latest version of tu93: tu93-0768757b (downloaded: 2026-06-08 07:25:18.086006+00:00)
2026-08-01 12:58:03 | INFO | Found latest version of tu93: tu93-0768757b (downloaded: 2026-06-08 07:25:18.086006+00:00)
2026-08-01 12:58:03 | INFO | Found latest version of tu93: tu93-0768757b (downloaded: 2026-06-08 07:25:18.086006+00:00)
2026-08-01 12:58:03 | INFO | Found latest version of tu93: tu93-0768757b (downloaded: 2026-06-08 07:25:18.086006+00:00)
2026-08-01 12:58:03 | INFO | Found latest version of tu93: tu93-0768757b (downloaded: 2026-06-08 07:25:18.086006+00:00)
2026-08-01 12:58:03 | INFO | Found latest version of tu93: tu93-0768757b (downloaded: 2026-06-08 07:25:18.086006+00:00)
2026-08-01 12:58:03 | INFO | Found latest version of tu93: tu93-0768757b (downloaded: 2026-06-08 07:25:18.086006+00:00)
2026-08-01 12:58:03 | INFO | Found latest version of tu93: tu93-0768757b (downloaded: 2026-06-08 07:25:18.086006+00:00)
2026-08-01 12:58:03 | INFO | Found latest version of tu93: tu93-0768757b (downloaded: 2026-06-08 07:25:18.086006+00:00)
2026-08-01 12:58:03 | INFO | Found latest version of tu93: tu93-0768757b (downloaded: 2026-06-08 07:25:18.086006+00:00)
2026-08-01 12:58:03 | INFO | Found latest version of tu93: tu93-0768757b (downloaded: 2026-06-08 07:25:18.086006+00:00)
2026-08-01 12:58:03 | INFO | Found latest version of tu93: tu93-0768757b (downloaded: 2026-06-08 07:25:18.086006+00:00)
2026-08-01 12:58:03 | INFO | Found latest version of tu93: tu93-0768757b (downloaded: 2026-06-08 07:25:18.086006+00:00)
2026-08-01 12:58:03 | INFO | Found latest version of tu93: tu93-0768757b (downloaded: 2026-06-08 07:25:18.086006+00:00)
2026-08-01 12:58:03 | INFO | Found latest version of tu93: tu93-0768757b (downloaded: 2026-06-08 07:25:18.086006+00:00)
2026-08-01 12:58:03 | INFO | Found latest version of tu93: tu93-0768757b (downloaded: 2026-06-08 07:25:18.086006+00:00)
2026-08-01 12:58:03 | INFO | Found latest version of tu93: tu93-0768757b (downloaded: 2026-06-08 07:25:18.086006+00:00)
2026-08-01 12:58:03 | INFO | Found latest version of tu93: tu93-0768757b (downloaded: 2026-06-08 07:25:18.086006+00:00)
2026-08-01 12:58:03 | INFO | Found latest version of tu93: tu93-0768757b (downloaded: 2026-06-08 07:25:18.086006+00:00)
2026-08-01 12:58:03 | INFO | Found latest version of tu93: tu93-0768757b (downloaded: 2026-06-08 07:25:18.086006+00:00)
2026-08-01 12:58:03 | INFO | Found latest version of tu93: tu93-0768757b (downloaded: 2026-06-08 07:25:18.086006+00:00)
2026-08-01 12:58:03 | INFO | Found latest version of tu93: tu93-0768757b (downloaded: 2026-06-08 07:25:18.086006+00:00)
2026-08-01 12:58:03 | INFO | Found latest version of tu93: tu93-0768757b (downloaded: 2026-06-08 07:25:18.086006+00:00)
2026-08-01 12:58:03 | INFO | Found latest version of tu93: tu93-0768757b (downloaded: 2026-06-08 07:25:18.086006+00:00)
2026-08-01 12:58:03 | INFO | Found latest version of tu93: tu93-0768757b (downloaded: 2026-06-08 07:25:18.086006+00:00)
2026-08-01 12:58:03 | INFO | Found latest version of tu93: tu93-0768757b (downloaded: 2026-06-08 07:25:18.086006+00:00)
2026-08-01 12:58:03 | INFO | Found latest version of tu93: tu93-0768757b (downloaded: 2026-06-08 07:25:18.086006+00:00)
2026-08-01 12:58:03 | INFO | Found latest version of tu93: tu93-0768757b (downloaded: 2026-06-08 07:25:18.086006+00:00)
2026-08-01 12:58:03 | INFO | Found latest version of tu93: tu93-0768757b (downloaded: 2026-06-08 07:25:18.086006+00:00)
2026-08-01 12:58:03 | INFO | Found latest version of tu93: tu93-0768757b (downloaded: 2026-06-08 07:25:18.086006+00:00)
2026-08-01 12:58:03 | INFO | Found latest version of tu93: tu93-0768757b (downloaded: 2026-06-08 07:25:18.086006+00:00)
2026-08-01 12:58:03 | INFO | Found latest version of tu93: tu93-0768757b (downloaded: 2026-06-08 07:25:18.086006+00:00)
2026-08-01 12:58:03 | INFO | Found latest version of tu93: tu93-0768757b (downloaded: 2026-06-08 07:25:18.086006+00:00)
2026-08-01 12:58:03 | INFO | Found latest version of tu93: tu93-0768757b (downloaded: 2026-06-08 07:25:18.086006+00:00)
2026-08-01 12:58:03 | INFO | Found latest version of tu93: tu93-0768757b (downloaded: 2026-06-08 07:25:18.086006+00:00)
2026-08-01 12:58:03 | INFO | Found latest version of tu93: tu93-0768757b (downloaded: 2026-06-08 07:25:18.086006+00:00)
2026-08-01 12:58:03 | INFO | Found latest version of tu93: tu93-0768757b (downloaded: 2026-06-08 07:25:18.086006+00:00)
2026-08-01 12:58:03 | INFO | Found latest version of tu93: tu93-0768757b (downloaded: 2026-06-08 07:25:18.086006+00:00)
2026-08-01 12:58:03 | INFO | Found latest version of tu93: tu93-0768757b (downloaded: 2026-06-08 07:25:18.086006+00:00)
2026-08-01 12:58:03 | INFO | Found latest version of tu93: tu93-0768757b (downloaded: 2026-06-08 07:25:18.086006+00:00)
2026-08-01 12:58:04 | INFO | Found latest version of tu93: tu93-0768757b (downloaded: 2026-06-08 07:25:18.086006+00:00)
2026-08-01 12:58:04 | INFO | Found latest version of tu93: tu93-0768757b (downloaded: 2026-06-08 07:25:18.086006+00:00)
2026-08-01 12:58:04 | INFO | Found latest version of tu93: tu93-0768757b (downloaded: 2026-06-08 07:25:18.086006+00:00)
2026-08-01 12:58:04 | INFO | Found latest version of tu93: tu93-0768757b (downloaded: 2026-06-08 07:25:18.086006+00:00)
2026-08-01 12:58:04 | INFO | Found latest version of tu93: tu93-0768757b (downloaded: 2026-06-08 07:25:18.086006+00:00)
2026-08-01 12:58:04 | INFO | Found latest version of tu93: tu93-0768757b (downloaded: 2026-06-08 07:25:18.086006+00:00)
2026-08-01 12:58:04 | INFO | Found latest version of tu93: tu93-0768757b (downloaded: 2026-06-08 07:25:18.086006+00:00)
2026-08-01 12:58:04 | INFO | Found latest version of tu93: tu93-0768757b (downloaded: 2026-06-08 07:25:18.086006+00:00)
2026-08-01 12:58:04 | INFO | Found latest version of tu93: tu93-0768757b (downloaded: 2026-06-08 07:25:18.086006+00:00)
2026-08-01 12:58:04 | INFO | Found latest version of tu93: tu93-0768757b (downloaded: 2026-06-08 07:25:18.086006+00:00)
2026-08-01 12:58:04 | INFO | Found latest version of tu93: tu93-0768757b (downloaded: 2026-06-08 07:25:18.086006+00:00)
2026-08-01 12:58:04 | INFO | Found latest version of tu93: tu93-0768757b (downloaded: 2026-06-08 07:25:18.086006+00:00)
2026-08-01 12:58:04 | INFO | Found latest version of tu93: tu93-0768757b (downloaded: 2026-06-08 07:25:18.086006+00:00)
2026-08-01 12:58:04 | INFO | Found latest version of tu93: tu93-0768757b (downloaded: 2026-06-08 07:25:18.086006+00:00)
2026-08-01 12:58:04 | INFO | Found latest version of tu93: tu93-0768757b (downloaded: 2026-06-08 07:25:18.086006+00:00)
2026-08-01 12:58:04 | INFO | Found latest version of tu93: tu93-0768757b (downloaded: 2026-06-08 07:25:18.086006+00:00)
2026-08-01 12:58:04 | INFO | Found latest version of tu93: tu93-0768757b (downloaded: 2026-06-08 07:25:18.086006+00:00)
2026-08-01 12:58:04 | INFO | Found latest version of tu93: tu93-0768757b (downloaded: 2026-06-08 07:25:18.086006+00:00)
2026-08-01 12:58:04 | INFO | Found latest version of tu93: tu93-0768757b (downloaded: 2026-06-08 07:25:18.086006+00:00)
2026-08-01 12:58:04 | INFO | Found latest version of tu93: tu93-0768757b (downloaded: 2026-06-08 07:25:18.086006+00:00)
2026-08-01 12:58:04 | INFO | Found latest version of tu93: tu93-0768757b (downloaded: 2026-06-08 07:25:18.086006+00:00)
2026-08-01 12:58:04 | INFO | Found latest version of tu93: tu93-0768757b (downloaded: 2026-06-08 07:25:18.086006+00:00)
2026-08-01 12:58:04 | INFO | Found latest version of tu93: tu93-0768757b (downloaded: 2026-06-08 07:25:18.086006+00:00)
2026-08-01 12:58:04 | INFO | Found latest version of tu93: tu93-0768757b (downloaded: 2026-06-08 07:25:18.086006+00:00)
2026-08-01 12:58:04 | INFO | Found latest version of tu93: tu93-0768757b (downloaded: 2026-06-08 07:25:18.086006+00:00)
2026-08-01 12:58:04 | INFO | Found latest version of tu93: tu93-0768757b (downloaded: 2026-06-08 07:25:18.086006+00:00)
2026-08-01 12:58:04 | INFO | Found latest version of tu93: tu93-0768757b (downloaded: 2026-06-08 07:25:18.086006+00:00)
2026-08-01 12:58:04 | INFO | Found latest version of tu93: tu93-0768757b (downloaded: 2026-06-08 07:25:18.086006+00:00)
2026-08-01 12:58:04 | INFO | Found latest version of tu93: tu93-0768757b (downloaded: 2026-06-08 07:25:18.086006+00:00)
2026-08-01 12:58:04 | INFO | Found latest version of tu93: tu93-0768757b (downloaded: 2026-06-08 07:25:18.086006+00:00)
2026-08-01 12:58:04 | INFO | Found latest version of tu93: tu93-0768757b (downloaded: 2026-06-08 07:25:18.086006+00:00)
2026-08-01 12:58:04 | INFO | Found latest version of tu93: tu93-0768757b (downloaded: 2026-06-08 07:25:18.086006+00:00)
2026-08-01 12:58:04 | INFO | Found latest version of tu93: tu93-0768757b (downloaded: 2026-06-08 07:25:18.086006+00:00)
2026-08-01 12:58:04 | INFO | Found latest version of tu93: tu93-0768757b (downloaded: 2026-06-08 07:25:18.086006+00:00)
2026-08-01 12:58:04 | INFO | Found latest version of tu93: tu93-0768757b (downloaded: 2026-06-08 07:25:18.086006+00:00)
2026-08-01 12:58:04 | INFO | Found latest version of tu93: tu93-0768757b (downloaded: 2026-06-08 07:25:18.086006+00:00)
2026-08-01 12:58:04 | INFO | Found latest version of tu93: tu93-0768757b (downloaded: 2026-06-08 07:25:18.086006+00:00)
2026-08-01 12:58:04 | INFO | Found latest version of tu93: tu93-0768757b (downloaded: 2026-06-08 07:25:18.086006+00:00)
2026-08-01 12:58:04 | INFO | Found latest version of tu93: tu93-0768757b (downloaded: 2026-06-08 07:25:18.086006+00:00)
2026-08-01 12:58:04 | INFO | Found latest version of tu93: tu93-0768757b (downloaded: 2026-06-08 07:25:18.086006+00:00)
2026-08-01 12:58:04 | INFO | Found latest version of tu93: tu93-0768757b (downloaded: 2026-06-08 07:25:18.086006+00:00)
2026-08-01 12:58:04 | INFO | Found latest version of tu93: tu93-0768757b (downloaded: 2026-06-08 07:25:18.086006+00:00)
2026-08-01 12:58:04 | INFO | Found latest version of tu93: tu93-0768757b (downloaded: 2026-06-08 07:25:18.086006+00:00)
2026-08-01 12:58:04 | INFO | Found latest version of tu93: tu93-0768757b (downloaded: 2026-06-08 07:25:18.086006+00:00)
2026-08-01 12:58:04 | INFO | Found latest version of tu93: tu93-0768757b (downloaded: 2026-06-08 07:25:18.086006+00:00)
2026-08-01 12:58:04 | INFO | Found latest version of tu93: tu93-0768757b (downloaded: 2026-06-08 07:25:18.086006+00:00)
2026-08-01 12:58:04 | INFO | Found latest version of tu93: tu93-0768757b (downloaded: 2026-06-08 07:25:18.086006+00:00)
2026-08-01 12:58:04 | INFO | Found latest version of tu93: tu93-0768757b (downloaded: 2026-06-08 07:25:18.086006+00:00)
2026-08-01 12:58:04 | INFO | Found latest version of tu93: tu93-0768757b (downloaded: 2026-06-08 07:25:18.086006+00:00)
2026-08-01 12:58:04 | INFO | Found latest version of tu93: tu93-0768757b (downloaded: 2026-06-08 07:25:18.086006+00:00)
2026-08-01 12:58:04 | INFO | Found latest version of tu93: tu93-0768757b (downloaded: 2026-06-08 07:25:18.086006+00:00)
2026-08-01 12:58:04 | INFO | Found latest version of tu93: tu93-0768757b (downloaded: 2026-06-08 07:25:18.086006+00:00)
2026-08-01 12:58:04 | INFO | Found latest version of tu93: tu93-0768757b (downloaded: 2026-06-08 07:25:18.086006+00:00)
2026-08-01 12:58:04 | INFO | Found latest version of tu93: tu93-0768757b (downloaded: 2026-06-08 07:25:18.086006+00:00)
2026-08-01 12:58:04 | INFO | Found latest version of tu93: tu93-0768757b (downloaded: 2026-06-08 07:25:18.086006+00:00)
2026-08-01 12:58:04 | INFO | Found latest version of tu93: tu93-0768757b (downloaded: 2026-06-08 07:25:18.086006+00:00)
2026-08-01 12:58:04 | INFO | Found latest version of tu93: tu93-0768757b (downloaded: 2026-06-08 07:25:18.086006+00:00)
2026-08-01 12:58:04 | INFO | Found latest version of tu93: tu93-0768757b (downloaded: 2026-06-08 07:25:18.086006+00:00)
2026-08-01 12:58:04 | INFO | Found latest version of tu93: tu93-0768757b (downloaded: 2026-06-08 07:25:18.086006+00:00)
2026-08-01 12:58:04 | INFO | Found latest version of tu93: tu93-0768757b (downloaded: 2026-06-08 07:25:18.086006+00:00)
2026-08-01 12:58:04 | INFO | Found latest version of tu93: tu93-0768757b (downloaded: 2026-06-08 07:25:18.086006+00:00)
2026-08-01 12:58:04 | INFO | Found latest version of tu93: tu93-0768757b (downloaded: 2026-06-08 07:25:18.086006+00:00)
2026-08-01 12:58:04 | INFO | Found latest version of tu93: tu93-0768757b (downloaded: 2026-06-08 07:25:18.086006+00:00)
2026-08-01 12:58:04 | INFO | Found latest version of tu93: tu93-0768757b (downloaded: 2026-06-08 07:25:18.086006+00:00)
2026-08-01 12:58:04 | INFO | Found latest version of tu93: tu93-0768757b (downloaded: 2026-06-08 07:25:18.086006+00:00)
2026-08-01 12:58:04 | INFO | Found latest version of tu93: tu93-0768757b (downloaded: 2026-06-08 07:25:18.086006+00:00)
2026-08-01 12:58:04 | INFO | Found latest version of tu93: tu93-0768757b (downloaded: 2026-06-08 07:25:18.086006+00:00)
2026-08-01 12:58:04 | INFO | Found latest version of tu93: tu93-0768757b (downloaded: 2026-06-08 07:25:18.086006+00:00)
2026-08-01 12:58:04 | INFO | Found latest version of tu93: tu93-0768757b (downloaded: 2026-06-08 07:25:18.086006+00:00)
2026-08-01 12:58:04 | INFO | Found latest version of tu93: tu93-0768757b (downloaded: 2026-06-08 07:25:18.086006+00:00)
2026-08-01 12:58:04 | INFO | Found latest version of tu93: tu93-0768757b (downloaded: 2026-06-08 07:25:18.086006+00:00)
2026-08-01 12:58:04 | INFO | Found latest version of tu93: tu93-0768757b (downloaded: 2026-06-08 07:25:18.086006+00:00)
2026-08-01 12:58:04 | INFO | Found latest version of tu93: tu93-0768757b (downloaded: 2026-06-08 07:25:18.086006+00:00)
2026-08-01 12:58:04 | INFO | Found latest version of tu93: tu93-0768757b (downloaded: 2026-06-08 07:25:18.086006+00:00)
2026-08-01 12:58:04 | INFO | Found latest version of tu93: tu93-0768757b (downloaded: 2026-06-08 07:25:18.086006+00:00)
2026-08-01 12:58:04 | INFO | Found latest version of tu93: tu93-0768757b (downloaded: 2026-06-08 07:25:18.086006+00:00)
2026-08-01 12:58:04 | INFO | Found latest version of tu93: tu93-0768757b (downloaded: 2026-06-08 07:25:18.086006+00:00)
2026-08-01 12:58:05 | INFO | Found latest version of tu93: tu93-0768757b (downloaded: 2026-06-08 07:25:18.086006+00:00)
2026-08-01 12:58:05 | INFO | Found latest version of tu93: tu93-0768757b (downloaded: 2026-06-08 07:25:18.086006+00:00)
2026-08-01 12:58:05 | INFO | Found latest version of tu93: tu93-0768757b (downloaded: 2026-06-08 07:25:18.086006+00:00)
2026-08-01 12:58:05 | INFO | Found latest version of tu93: tu93-0768757b (downloaded: 2026-06-08 07:25:18.086006+00:00)
2026-08-01 12:58:05 | INFO | Found latest version of tu93: tu93-0768757b (downloaded: 2026-06-08 07:25:18.086006+00:00)
2026-08-01 12:58:05 | INFO | Found latest version of tu93: tu93-0768757b (downloaded: 2026-06-08 07:25:18.086006+00:00)
2026-08-01 12:58:05 | INFO | Found latest version of tu93: tu93-0768757b (downloaded: 2026-06-08 07:25:18.086006+00:00)
2026-08-01 12:58:05 | INFO | Found latest version of tu93: tu93-0768757b (downloaded: 2026-06-08 07:25:18.086006+00:00)
2026-08-01 12:58:05 | INFO | Found latest version of tu93: tu93-0768757b (downloaded: 2026-06-08 07:25:18.086006+00:00)
2026-08-01 12:58:05 | INFO | Found latest version of tu93: tu93-0768757b (downloaded: 2026-06-08 07:25:18.086006+00:00)
2026-08-01 12:58:05 | INFO | Found latest version of tu93: tu93-0768757b (downloaded: 2026-06-08 07:25:18.086006+00:00)
2026-08-01 12:58:05 | INFO | Found latest version of tu93: tu93-0768757b (downloaded: 2026-06-08 07:25:18.086006+00:00)
2026-08-01 12:58:05 | INFO | Found latest version of tu93: tu93-0768757b (downloaded: 2026-06-08 07:25:18.086006+00:00)
2026-08-01 12:58:05 | INFO | Found latest version of tu93: tu93-0768757b (downloaded: 2026-06-08 07:25:18.086006+00:00)
2026-08-01 12:58:05 | INFO | Found latest version of tu93: tu93-0768757b (downloaded: 2026-06-08 07:25:18.086006+00:00)
2026-08-01 12:58:05 | INFO | Found latest version of tu93: tu93-0768757b (downloaded: 2026-06-08 07:25:18.086006+00:00)
2026-08-01 12:58:05 | INFO | Found latest version of tu93: tu93-0768757b (downloaded: 2026-06-08 07:25:18.086006+00:00)
2026-08-01 12:58:05 | INFO | Found latest version of tu93: tu93-0768757b (downloaded: 2026-06-08 07:25:18.086006+00:00)
2026-08-01 12:58:05 | INFO | Found latest version of tu93: tu93-0768757b (downloaded: 2026-06-08 07:25:18.086006+00:00)
2026-08-01 12:58:05 | INFO | Found latest version of tu93: tu93-0768757b (downloaded: 2026-06-08 07:25:18.086006+00:00)
2026-08-01 12:58:05 | INFO | Found latest version of tu93: tu93-0768757b (downloaded: 2026-06-08 07:25:18.086006+00:00)
2026-08-01 12:58:05 | INFO | Found latest version of tu93: tu93-0768757b (downloaded: 2026-06-08 07:25:18.086006+00:00)
2026-08-01 12:58:05 | INFO | Found latest version of tu93: tu93-0768757b (downloaded: 2026-06-08 07:25:18.086006+00:00)
2026-08-01 12:58:05 | INFO | Found latest version of tu93: tu93-0768757b (downloaded: 2026-06-08 07:25:18.086006+00:00)
2026-08-01 12:58:05 | INFO | Found latest version of tu93: tu93-0768757b (downloaded: 2026-06-08 07:25:18.086006+00:00)
2026-08-01 12:58:05 | INFO | Found latest version of tu93: tu93-0768757b (downloaded: 2026-06-08 07:25:18.086006+00:00)
2026-08-01 12:58:05 | INFO | Found latest version of tu93: tu93-0768757b (downloaded: 2026-06-08 07:25:18.086006+00:00)
2026-08-01 12:58:05 | INFO | Found latest version of tu93: tu93-0768757b (downloaded: 2026-06-08 07:25:18.086006+00:00)
2026-08-01 12:58:05 | INFO | Found latest version of tu93: tu93-0768757b (downloaded: 2026-06-08 07:25:18.086006+00:00)
2026-08-01 12:58:05 | INFO | Found latest version of tu93: tu93-0768757b (downloaded: 2026-06-08 07:25:18.086006+00:00)
2026-08-01 12:58:05 | INFO | Found latest version of tu93: tu93-0768757b (downloaded: 2026-06-08 07:25:18.086006+00:00)
2026-08-01 12:58:05 | INFO | Found latest version of tu93: tu93-0768757b (downloaded: 2026-06-08 07:25:18.086006+00:00)
2026-08-01 12:58:05 | INFO | Found latest version of tu93: tu93-0768757b (downloaded: 2026-06-08 07:25:18.086006+00:00)
2026-08-01 12:58:05 | INFO | Found latest version of tu93: tu93-0768757b (downloaded: 2026-06-08 07:25:18.086006+00:00)
2026-08-01 12:58:05 | INFO | Found latest version of tu93: tu93-0768757b (downloaded: 2026-06-08 07:25:18.086006+00:00)
2026-08-01 12:58:05 | INFO | Found latest version of tu93: tu93-0768757b (downloaded: 2026-06-08 07:25:18.086006+00:00)
2026-08-01 12:58:05 | INFO | Found latest version of tu93: tu93-0768757b (downloaded: 2026-06-08 07:25:18.086006+00:00)
2026-08-01 12:58:05 | INFO | Found latest version of tu93: tu93-0768757b (downloaded: 2026-06-08 07:25:18.086006+00:00)
2026-08-01 12:58:05 | INFO | Found latest version of tu93: tu93-0768757b (downloaded: 2026-06-08 07:25:18.086006+00:00)
2026-08-01 12:58:05 | INFO | Found latest version of tu93: tu93-0768757b (downloaded: 2026-06-08 07:25:18.086006+00:00)
2026-08-01 12:58:05 | INFO | Found latest version of tu93: tu93-0768757b (downloaded: 2026-06-08 07:25:18.086006+00:00)
2026-08-01 12:58:05 | INFO | Found latest version of tu93: tu93-0768757b (downloaded: 2026-06-08 07:25:18.086006+00:00)
2026-08-01 12:58:05 | INFO | Found latest version of tu93: tu93-0768757b (downloaded: 2026-06-08 07:25:18.086006+00:00)
2026-08-01 12:58:05 | INFO | Found latest version of tu93: tu93-0768757b (downloaded: 2026-06-08 07:25:18.086006+00:00)
2026-08-01 12:58:05 | INFO | Found latest version of tu93: tu93-0768757b (downloaded: 2026-06-08 07:25:18.086006+00:00)
2026-08-01 12:58:05 | INFO | Found latest version of tu93: tu93-0768757b (downloaded: 2026-06-08 07:25:18.086006+00:00)
2026-08-01 12:58:05 | INFO | Found latest version of tu93: tu93-0768757b (downloaded: 2026-06-08 07:25:18.086006+00:00)
2026-08-01 12:58:05 | INFO | Found latest version of tu93: tu93-0768757b (downloaded: 2026-06-08 07:25:18.086006+00:00)
2026-08-01 12:58:05 | INFO | Found latest version of tu93: tu93-0768757b (downloaded: 2026-06-08 07:25:18.086006+00:00)
2026-08-01 12:58:05 | INFO | Found latest version of tu93: tu93-0768757b (downloaded: 2026-06-08 07:25:18.086006+00:00)
2026-08-01 12:58:05 | INFO | Found latest version of tu93: tu93-0768757b (downloaded: 2026-06-08 07:25:18.086006+00:00)
2026-08-01 12:58:05 | INFO | Found latest version of tu93: tu93-0768757b (downloaded: 2026-06-08 07:25:18.086006+00:00)
2026-08-01 12:58:05 | INFO | Found latest version of tu93: tu93-0768757b (downloaded: 2026-06-08 07:25:18.086006+00:00)
2026-08-01 12:58:05 | INFO | Found latest version of tu93: tu93-0768757b (downloaded: 2026-06-08 07:25:18.086006+00:00)
2026-08-01 12:58:05 | INFO | Found latest version of tu93: tu93-0768757b (downloaded: 2026-06-08 07:25:18.086006+00:00)
2026-08-01 12:58:05 | INFO | Found latest version of tu93: tu93-0768757b (downloaded: 2026-06-08 07:25:18.086006+00:00)
2026-08-01 12:58:05 | INFO | Found latest version of tu93: tu93-0768757b (downloaded: 2026-06-08 07:25:18.086006+00:00)
2026-08-01 12:58:05 | INFO | Found latest version of tu93: tu93-0768757b (downloaded: 2026-06-08 07:25:18.086006+00:00)
2026-08-01 12:58:05 | INFO | Found latest version of tu93: tu93-0768757b (downloaded: 2026-06-08 07:25:18.086006+00:00)
2026-08-01 12:58:05 | INFO | Found latest version of tu93: tu93-0768757b (downloaded: 2026-06-08 07:25:18.086006+00:00)
2026-08-01 12:58:05 | INFO | Found latest version of tu93: tu93-0768757b (downloaded: 2026-06-08 07:25:18.086006+00:00)
2026-08-01 12:58:05 | INFO | Found latest version of tu93: tu93-0768757b (downloaded: 2026-06-08 07:25:18.086006+00:00)
2026-08-01 12:58:05 | INFO | Found latest version of tu93: tu93-0768757b (downloaded: 2026-06-08 07:25:18.086006+00:00)
2026-08-01 12:58:05 | INFO | Found latest version of tu93: tu93-0768757b (downloaded: 2026-06-08 07:25:18.086006+00:00)
2026-08-01 12:58:05 | INFO | Found latest version of tu93: tu93-0768757b (downloaded: 2026-06-08 07:25:18.086006+00:00)
2026-08-01 12:58:05 | INFO | Found latest version of tu93: tu93-0768757b (downloaded: 2026-06-08 07:25:18.086006+00:00)
2026-08-01 12:58:05 | INFO | Found latest version of tu93: tu93-0768757b (downloaded: 2026-06-08 07:25:18.086006+00:00)
2026-08-01 12:58:05 | INFO | Found latest version of tu93: tu93-0768757b (downloaded: 2026-06-08 07:25:18.086006+00:00)
2026-08-01 12:58:05 | INFO | Found latest version of tu93: tu93-0768757b (downloaded: 2026-06-08 07:25:18.086006+00:00)
2026-08-01 12:58:05 | INFO | Found latest version of tu93: tu93-0768757b (downloaded: 2026-06-08 07:25:18.086006+00:00)
2026-08-01 12:58:05 | INFO | Found latest version of tu93: tu93-0768757b (downloaded: 2026-06-08 07:25:18.086006+00:00)
2026-08-01 12:58:05 | INFO | Found latest version of tu93: tu93-0768757b (downloaded: 2026-06-08 07:25:18.086006+00:00)
2026-08-01 12:58:05 | INFO | Found latest version of tu93: tu93-0768757b (downloaded: 2026-06-08 07:25:18.086006+00:00)
2026-08-01 12:58:05 | INFO | Found latest version of tu93: tu93-0768757b (downloaded: 2026-06-08 07:25:18.086006+00:00)
2026-08-01 12:58:05 | INFO | Found latest version of tu93: tu93-0768757b (downloaded: 2026-06-08 07:25:18.086006+00:00)
2026-08-01 12:58:05 | INFO | Found latest version of tu93: tu93-0768757b (downloaded: 2026-06-08 07:25:18.086006+00:00)
2026-08-01 12:58:05 | INFO | Found latest version of tu93: tu93-0768757b (downloaded: 2026-06-08 07:25:18.086006+00:00)
2026-08-01 12:58:05 | INFO | Found latest version of tu93: tu93-0768757b (downloaded: 2026-06-08 07:25:18.086006+00:00)
2026-08-01 12:58:05 | INFO | Found latest version of tu93: tu93-0768757b (downloaded: 2026-06-08 07:25:18.086006+00:00)
2026-08-01 12:58:05 | INFO | Found latest version of tu93: tu93-0768757b (downloaded: 2026-06-08 07:25:18.086006+00:00)
2026-08-01 12:58:05 | INFO | Found latest version of tu93: tu93-0768757b (downloaded: 2026-06-08 07:25:18.086006+00:00)
2026-08-01 12:58:05 | INFO | Found latest version of tu93: tu93-0768757b (downloaded: 2026-06-08 07:25:18.086006+00:00)
2026-08-01 12:58:05 | INFO | Found latest version of tu93: tu93-0768757b (downloaded: 2026-06-08 07:25:18.086006+00:00)
2026-08-01 12:58:05 | INFO | Found latest version of tu93: tu93-0768757b (downloaded: 2026-06-08 07:25:18.086006+00:00)
2026-08-01 12:58:05 | INFO | Found latest version of tu93: tu93-0768757b (downloaded: 2026-06-08 07:25:18.086006+00:00)
2026-08-01 12:58:05 | INFO | Found latest version of tu93: tu93-0768757b (downloaded: 2026-06-08 07:25:18.086006+00:00)
2026-08-01 12:58:05 | INFO | Found latest version of tu93: tu93-0768757b (downloaded: 2026-06-08 07:25:18.086006+00:00)
2026-08-01 12:58:05 | INFO | Found latest version of tu93: tu93-0768757b (downloaded: 2026-06-08 07:25:18.086006+00:00)
2026-08-01 12:58:05 | INFO | Found latest version of tu93: tu93-0768757b (downloaded: 2026-06-08 07:25:18.086006+00:00)
2026-08-01 12:58:05 | INFO | Found latest version of tu93: tu93-0768757b (downloaded: 2026-06-08 07:25:18.086006+00:00)
2026-08-01 12:58:05 | INFO | Found latest version of tu93: tu93-0768757b (downloaded: 2026-06-08 07:25:18.086006+00:00)
2026-08-01 12:58:06 | INFO | Found latest version of tu93: tu93-0768757b (downloaded: 2026-06-08 07:25:18.086006+00:00)
2026-08-01 12:58:06 | INFO | Found latest version of tu93: tu93-0768757b (downloaded: 2026-06-08 07:25:18.086006+00:00)
2026-08-01 12:58:06 | INFO | Found latest version of tu93: tu93-0768757b (downloaded: 2026-06-08 07:25:18.086006+00:00)
2026-08-01 12:58:06 | INFO | Found latest version of tu93: tu93-0768757b (downloaded: 2026-06-08 07:25:18.086006+00:00)
2026-08-01 12:58:06 | INFO | Found latest version of tu93: tu93-0768757b (downloaded: 2026-06-08 07:25:18.086006+00:00)
2026-08-01 12:58:06 | INFO | Found latest version of tu93: tu93-0768757b (downloaded: 2026-06-08 07:25:18.086006+00:00)
2026-08-01 12:58:06 | INFO | Found latest version of tu93: tu93-0768757b (downloaded: 2026-06-08 07:25:18.086006+00:00)
2026-08-01 12:58:06 | INFO | Found latest version of tu93: tu93-0768757b (downloaded: 2026-06-08 07:25:18.086006+00:00)
2026-08-01 12:58:06 | INFO | Found latest version of tu93: tu93-0768757b (downloaded: 2026-06-08 07:25:18.086006+00:00)
2026-08-01 12:58:06 | INFO | Found latest version of tu93: tu93-0768757b (downloaded: 2026-06-08 07:25:18.086006+00:00)
2026-08-01 12:58:06 | INFO | Found latest version of tu93: tu93-0768757b (downloaded: 2026-06-08 07:25:18.086006+00:00)
2026-08-01 12:58:06 | INFO | Found latest version of tu93: tu93-0768757b (downloaded: 2026-06-08 07:25:18.086006+00:00)
2026-08-01 12:58:06 | INFO | Found latest version of tu93: tu93-0768757b (downloaded: 2026-06-08 07:25:18.086006+00:00)
2026-08-01 12:58:06 | INFO | Found latest version of tu93: tu93-0768757b (downloaded: 2026-06-08 07:25:18.086006+00:00)
2026-08-01 12:58:06 | INFO | Found latest version of tu93: tu93-0768757b (downloaded: 2026-06-08 07:25:18.086006+00:00)
2026-08-01 12:58:06 | INFO | Found latest version of tu93: tu93-0768757b (downloaded: 2026-06-08 07:25:18.086006+00:00)
2026-08-01 12:58:06 | INFO | Found latest version of tu93: tu93-0768757b (downloaded: 2026-06-08 07:25:18.086006+00:00)
2026-08-01 12:58:06 | INFO | Found latest version of tu93: tu93-0768757b (downloaded: 2026-06-08 07:25:18.086006+00:00)
2026-08-01 12:58:06 | INFO | Found latest version of tu93: tu93-0768757b (downloaded: 2026-06-08 07:25:18.086006+00:00)
2026-08-01 12:58:06 | INFO | Found latest version of tu93: tu93-0768757b (downloaded: 2026-06-08 07:25:18.086006+00:00)
2026-08-01 12:58:06 | INFO | Found latest version of tu93: tu93-0768757b (downloaded: 2026-06-08 07:25:18.086006+00:00)
2026-08-01 12:58:06 | INFO | Found latest version of tu93: tu93-0768757b (downloaded: 2026-06-08 07:25:18.086006+00:00)
2026-08-01 12:58:06 | INFO | Found latest version of tu93: tu93-0768757b (downloaded: 2026-06-08 07:25:18.086006+00:00)
2026-08-01 12:58:06 | INFO | Found latest version of tu93: tu93-0768757b (downloaded: 2026-06-08 07:25:18.086006+00:00)
2026-08-01 12:58:06 | INFO | Found latest version of tu93: tu93-0768757b (downloaded: 2026-06-08 07:25:18.086006+00:00)
2026-08-01 12:58:06 | INFO | Found latest version of tu93: tu93-0768757b (downloaded: 2026-06-08 07:25:18.086006+00:00)
2026-08-01 12:58:06 | INFO | Found latest version of tu93: tu93-0768757b (downloaded: 2026-06-08 07:25:18.086006+00:00)
2026-08-01 12:58:06 | INFO | Found latest version of tu93: tu93-0768757b (downloaded: 2026-06-08 07:25:18.086006+00:00)
2026-08-01 12:58:06 | INFO | Found latest version of tu93: tu93-0768757b (downloaded: 2026-06-08 07:25:18.086006+00:00)
2026-08-01 12:58:06 | INFO | Found latest version of tu93: tu93-0768757b (downloaded: 2026-06-08 07:25:18.086006+00:00)
2026-08-01 12:58:06 | INFO | Found latest version of tu93: tu93-0768757b (downloaded: 2026-06-08 07:25:18.086006+00:00)
2026-08-01 12:58:06 | INFO | Found latest version of tu93: tu93-0768757b (downloaded: 2026-06-08 07:25:18.086006+00:00)
2026-08-01 12:58:06 | INFO | Found latest version of tu93: tu93-0768757b (downloaded: 2026-06-08 07:25:18.086006+00:00)
2026-08-01 12:58:06 | INFO | Found latest version of tu93: tu93-0768757b (downloaded: 2026-06-08 07:25:18.086006+00:00)
2026-08-01 12:58:06 | INFO | Found latest version of tu93: tu93-0768757b (downloaded: 2026-06-08 07:25:18.086006+00:00)
2026-08-01 12:58:06 | INFO | Found latest version of tu93: tu93-0768757b (downloaded: 2026-06-08 07:25:18.086006+00:00)
2026-08-01 12:58:06 | INFO | Found latest version of tu93: tu93-0768757b (downloaded: 2026-06-08 07:25:18.086006+00:00)
2026-08-01 12:58:06 | INFO | Found latest version of tu93: tu93-0768757b (downloaded: 2026-06-08 07:25:18.086006+00:00)
2026-08-01 12:58:06 | INFO | Found latest version of tu93: tu93-0768757b (downloaded: 2026-06-08 07:25:18.086006+00:00)
2026-08-01 12:58:06 | INFO | Found latest version of tu93: tu93-0768757b (downloaded: 2026-06-08 07:25:18.086006+00:00)
2026-08-01 12:58:06 | INFO | Found latest version of tu93: tu93-0768757b (downloaded: 2026-06-08 07:25:18.086006+00:00)
2026-08-01 12:58:06 | INFO | Found latest version of tu93: tu93-0768757b (downloaded: 2026-06-08 07:25:18.086006+00:00)
2026-08-01 12:58:06 | INFO | Found latest version of tu93: tu93-0768757b (downloaded: 2026-06-08 07:25:18.086006+00:00)
2026-08-01 12:58:06 | INFO | Found latest version of tu93: tu93-0768757b (downloaded: 2026-06-08 07:25:18.086006+00:00)
2026-08-01 12:58:06 | INFO | Found latest version of tu93: tu93-0768757b (downloaded: 2026-06-08 07:25:18.086006+00:00)
2026-08-01 12:58:06 | INFO | Found latest version of tu93: tu93-0768757b (downloaded: 2026-06-08 07:25:18.086006+00:00)
2026-08-01 12:58:06 | INFO | Found latest version of tu93: tu93-0768757b (downloaded: 2026-06-08 07:25:18.086006+00:00)
2026-08-01 12:58:06 | INFO | Found latest version of tu93: tu93-0768757b (downloaded: 2026-06-08 07:25:18.086006+00:00)
2026-08-01 12:58:06 | INFO | Found latest version of tu93: tu93-0768757b (downloaded: 2026-06-08 07:25:18.086006+00:00)
2026-08-01 12:58:06 | INFO | Found latest version of tu93: tu93-0768757b (downloaded: 2026-06-08 07:25:18.086006+00:00)
2026-08-01 12:58:06 | INFO | Found latest version of tu93: tu93-0768757b (downloaded: 2026-06-08 07:25:18.086006+00:00)
2026-08-01 12:58:06 | INFO | Found latest version of tu93: tu93-0768757b (downloaded: 2026-06-08 07:25:18.086006+00:00)
2026-08-01 12:58:06 | INFO | Found latest version of tu93: tu93-0768757b (downloaded: 2026-06-08 07:25:18.086006+00:00)
2026-08-01 12:58:06 | INFO | Found latest version of tu93: tu93-0768757b (downloaded: 2026-06-08 07:25:18.086006+00:00)
2026-08-01 12:58:06 | INFO | Found latest version of tu93: tu93-0768757b (downloaded: 2026-06-08 07:25:18.086006+00:00)
2026-08-01 12:58:06 | INFO | Found latest version of tu93: tu93-0768757b (downloaded: 2026-06-08 07:25:18.086006+00:00)
2026-08-01 12:58:06 | INFO | Found latest version of tu93: tu93-0768757b (downloaded: 2026-06-08 07:25:18.086006+00:00)
2026-08-01 12:58:06 | INFO | Found latest version of tu93: tu93-0768757b (downloaded: 2026-06-08 07:25:18.086006+00:00)
2026-08-01 12:58:06 | INFO | Found latest version of tu93: tu93-0768757b (downloaded: 2026-06-08 07:25:18.086006+00:00)
2026-08-01 12:58:06 | INFO | Found latest version of tu93: tu93-0768757b (downloaded: 2026-06-08 07:25:18.086006+00:00)
2026-08-01 12:58:06 | INFO | Found latest version of tu93: tu93-0768757b (downloaded: 2026-06-08 07:25:18.086006+00:00)
2026-08-01 12:58:06 | INFO | Found latest version of tu93: tu93-0768757b (downloaded: 2026-06-08 07:25:18.086006+00:00)
2026-08-01 12:58:06 | INFO | Found latest version of tu93: tu93-0768757b (downloaded: 2026-06-08 07:25:18.086006+00:00)
2026-08-01 12:58:06 | INFO | Found latest version of tu93: tu93-0768757b (downloaded: 2026-06-08 07:25:18.086006+00:00)
2026-08-01 12:58:06 | INFO | Found latest version of tu93: tu93-0768757b (downloaded: 2026-06-08 07:25:18.086006+00:00)
2026-08-01 12:58:06 | INFO | Found latest version of tu93: tu93-0768757b (downloaded: 2026-06-08 07:25:18.086006+00:00)
2026-08-01 12:58:06 | INFO | Found latest version of tu93: tu93-0768757b (downloaded: 2026-06-08 07:25:18.086006+00:00)
2026-08-01 12:58:06 | INFO | Found latest version of tu93: tu93-0768757b (downloaded: 2026-06-08 07:25:18.086006+00:00)
2026-08-01 12:58:06 | INFO | Found latest version of tu93: tu93-0768757b (downloaded: 2026-06-08 07:25:18.086006+00:00)
2026-08-01 12:58:06 | INFO | Found latest version of tu93: tu93-0768757b (downloaded: 2026-06-08 07:25:18.086006+00:00)
2026-08-01 12:58:06 | INFO | Found latest version of tu93: tu93-0768757b (downloaded: 2026-06-08 07:25:18.086006+00:00)
2026-08-01 12:58:06 | INFO | Found latest version of tu93: tu93-0768757b (downloaded: 2026-06-08 07:25:18.086006+00:00)
2026-08-01 12:58:06 | INFO | Found latest version of tu93: tu93-0768757b (downloaded: 2026-06-08 07:25:18.086006+00:00)
2026-08-01 12:58:06 | INFO | Found latest version of tu93: tu93-0768757b (downloaded: 2026-06-08 07:25:18.086006+00:00)
2026-08-01 12:58:06 | INFO | Found latest version of tu93: tu93-0768757b (downloaded: 2026-06-08 07:25:18.086006+00:00)
2026-08-01 12:58:06 | INFO | Found latest version of tu93: tu93-0768757b (downloaded: 2026-06-08 07:25:18.086006+00:00)
2026-08-01 12:58:06 | INFO | Found latest version of tu93: tu93-0768757b (downloaded: 2026-06-08 07:25:18.086006+00:00)
2026-08-01 12:58:06 | INFO | Found latest version of tu93: tu93-0768757b (downloaded: 2026-06-08 07:25:18.086006+00:00)
2026-08-01 12:58:06 | INFO | Found latest version of tu93: tu93-0768757b (downloaded: 2026-06-08 07:25:18.086006+00:00)
2026-08-01 12:58:06 | INFO | Found latest version of tu93: tu93-0768757b (downloaded: 2026-06-08 07:25:18.086006+00:00)
2026-08-01 12:58:06 | INFO | Found latest version of tu93: tu93-0768757b (downloaded: 2026-06-08 07:25:18.086006+00:00)
2026-08-01 12:58:06 | INFO | Found latest version of tu93: tu93-0768757b (downloaded: 2026-06-08 07:25:18.086006+00:00)
2026-08-01 12:58:06 | INFO | Found latest version of tu93: tu93-0768757b (downloaded: 2026-06-08 07:25:18.086006+00:00)
2026-08-01 12:58:06 | INFO | Found latest version of tu93: tu93-0768757b (downloaded: 2026-06-08 07:25:18.086006+00:00)
2026-08-01 12:58:06 | INFO | Found latest version of tu93: tu93-0768757b (downloaded: 2026-06-08 07:25:18.086006+00:00)
2026-08-01 12:58:06 | INFO | Found latest version of tu93: tu93-0768757b (downloaded: 2026-06-08 07:25:18.086006+00:00)
2026-08-01 12:58:06 | INFO | Found latest version of tu93: tu93-0768757b (downloaded: 2026-06-08 07:25:18.086006+00:00)
2026-08-01 12:58:06 | INFO | Found latest version of tu93: tu93-0768757b (downloaded: 2026-06-08 07:25:18.086006+00:00)
2026-08-01 12:58:06 | INFO | Found latest version of tu93: tu93-0768757b (downloaded: 2026-06-08 07:25:18.086006+00:00)
2026-08-01 12:58:06 | INFO | Found latest version of tu93: tu93-0768757b (downloaded: 2026-06-08 07:25:18.086006+00:00)
2026-08-01 12:58:06 | INFO | Found latest version of tu93: tu93-0768757b (downloaded: 2026-06-08 07:25:18.086006+00:00)
2026-08-01 12:58:06 | INFO | Found latest version of tu93: tu93-0768757b (downloaded: 2026-06-08 07:25:18.086006+00:00)
2026-08-01 12:58:06 | INFO | Found latest version of tu93: tu93-0768757b (downloaded: 2026-06-08 07:25:18.086006+00:00)
2026-08-01 12:58:06 | INFO | Found latest version of tu93: tu93-0768757b (downloaded: 2026-06-08 07:25:18.086006+00:00)
2026-08-01 12:58:06 | INFO | Found latest version of tu93: tu93-0768757b (downloaded: 2026-06-08 07:25:18.086006+00:00)
2026-08-01 12:58:06 | INFO | Found latest version of tu93: tu93-0768757b (downloaded: 2026-06-08 07:25:18.086006+00:00)
2026-08-01 12:58:07 | INFO | Found latest version of tu93: tu93-0768757b (downloaded: 2026-06-08 07:25:18.086006+00:00)
2026-08-01 12:58:07 | INFO | Found latest version of tu93: tu93-0768757b (downloaded: 2026-06-08 07:25:18.086006+00:00)
2026-08-01 12:58:07 | INFO | Found latest version of tu93: tu93-0768757b (downloaded: 2026-06-08 07:25:18.086006+00:00)
2026-08-01 12:58:07 | INFO | Found latest version of tu93: tu93-0768757b (downloaded: 2026-06-08 07:25:18.086006+00:00)
2026-08-01 12:58:07 | INFO | Found latest version of tu93: tu93-0768757b (downloaded: 2026-06-08 07:25:18.086006+00:00)
2026-08-01 12:58:07 | INFO | Found latest version of tu93: tu93-0768757b (downloaded: 2026-06-08 07:25:18.086006+00:00)
2026-08-01 12:58:07 | INFO | Found latest version of tu93: tu93-0768757b (downloaded: 2026-06-08 07:25:18.086006+00:00)
2026-08-01 12:58:07 | INFO | Found latest version of tu93: tu93-0768757b (downloaded: 2026-06-08 07:25:18.086006+00:00)
2026-08-01 12:58:07 | INFO | Found latest version of tu93: tu93-0768757b (downloaded: 2026-06-08 07:25:18.086006+00:00)
2026-08-01 12:58:07 | INFO | Found latest version of tu93: tu93-0768757b (downloaded: 2026-06-08 07:25:18.086006+00:00)
2026-08-01 12:58:07 | INFO | Found latest version of tu93: tu93-0768757b (downloaded: 2026-06-08 07:25:18.086006+00:00)
2026-08-01 12:58:07 | INFO | Found latest version of tu93: tu93-0768757b (downloaded: 2026-06-08 07:25:18.086006+00:00)
2026-08-01 12:58:07 | INFO | Found latest version of tu93: tu93-0768757b (downloaded: 2026-06-08 07:25:18.086006+00:00)
2026-08-01 12:58:07 | INFO | Found latest version of tu93: tu93-0768757b (downloaded: 2026-06-08 07:25:18.086006+00:00)
2026-08-01 12:58:07 | INFO | Found latest version of tu93: tu93-0768757b (downloaded: 2026-06-08 07:25:18.086006+00:00)
2026-08-01 12:58:07 | INFO | Found latest version of tu93: tu93-0768757b (downloaded: 2026-06-08 07:25:18.086006+00:00)
2026-08-01 12:58:07 | INFO | Found latest version of tu93: tu93-0768757b (downloaded: 2026-06-08 07:25:18.086006+00:00)
2026-08-01 12:58:07 | INFO | Found latest version of tu93: tu93-0768757b (downloaded: 2026-06-08 07:25:18.086006+00:00)
2026-08-01 12:58:07 | INFO | Found latest version of tu93: tu93-0768757b (downloaded: 2026-06-08 07:25:18.086006+00:00)
2026-08-01 12:58:07 | INFO | Found latest version of tu93: tu93-0768757b (downloaded: 2026-06-08 07:25:18.086006+00:00)
2026-08-01 12:58:07 | INFO | Found latest version of tu93: tu93-0768757b (downloaded: 2026-06-08 07:25:18.086006+00:00)
2026-08-01 12:58:07 | INFO | Found latest version of tu93: tu93-0768757b (downloaded: 2026-06-08 07:25:18.086006+00:00)
2026-08-01 12:58:07 | INFO | Found latest version of tu93: tu93-0768757b (downloaded: 2026-06-08 07:25:18.086006+00:00)
2026-08-01 12:58:07 | INFO | Found latest version of tu93: tu93-0768757b (downloaded: 2026-06-08 07:25:18.086006+00:00)
2026-08-01 12:58:07 | INFO | Found latest version of tu93: tu93-0768757b (downloaded: 2026-06-08 07:25:18.086006+00:00)
2026-08-01 12:58:07 | INFO | Found latest version of tu93: tu93-0768757b (downloaded: 2026-06-08 07:25:18.086006+00:00)
2026-08-01 12:58:07 | INFO | Found latest version of tu93: tu93-0768757b (downloaded: 2026-06-08 07:25:18.086006+00:00)
2026-08-01 12:58:07 | INFO | Found latest version of tu93: tu93-0768757b (downloaded: 2026-06-08 07:25:18.086006+00:00)
2026-08-01 12:58:07 | INFO | Found latest version of tu93: tu93-0768757b (downloaded: 2026-06-08 07:25:18.086006+00:00)
2026-08-01 12:58:07 | INFO | Found latest version of tu93: tu93-0768757b (downloaded: 2026-06-08 07:25:18.086006+00:00)
2026-08-01 12:58:07 | INFO | Found latest version of tu93: tu93-0768757b (downloaded: 2026-06-08 07:25:18.086006+00:00)
2026-08-01 12:58:07 | INFO | Found latest version of tu93: tu93-0768757b (downloaded: 2026-06-08 07:25:18.086006+00:00)
2026-08-01 12:58:07 | INFO | Found latest version of tu93: tu93-0768757b (downloaded: 2026-06-08 07:25:18.086006+00:00)
2026-08-01 12:58:07 | INFO | Found latest version of tu93: tu93-0768757b (downloaded: 2026-06-08 07:25:18.086006+00:00)
2026-08-01 12:58:07 | INFO | Found latest version of tu93: tu93-0768757b (downloaded: 2026-06-08 07:25:18.086006+00:00)
2026-08-01 12:58:07 | INFO | Found latest version of tu93: tu93-0768757b (downloaded: 2026-06-08 07:25:18.086006+00:00)
2026-08-01 12:58:07 | INFO | Found latest version of tu93: tu93-0768757b (downloaded: 2026-06-08 07:25:18.086006+00:00)
2026-08-01 12:58:07 | INFO | Found latest version of tu93: tu93-0768757b (downloaded: 2026-06-08 07:25:18.086006+00:00)
2026-08-01 12:58:07 | INFO | Found latest version of tu93: tu93-0768757b (downloaded: 2026-06-08 07:25:18.086006+00:00)
2026-08-01 12:58:07 | INFO | Found latest version of tu93: tu93-0768757b (downloaded: 2026-06-08 07:25:18.086006+00:00)
2026-08-01 12:58:07 | INFO | Found latest version of tu93: tu93-0768757b (downloaded: 2026-06-08 07:25:18.086006+00:00)
2026-08-01 12:58:07 | INFO | Found latest version of tu93: tu93-0768757b (downloaded: 2026-06-08 07:25:18.086006+00:00)
2026-08-01 12:58:07 | INFO | Found latest version of tu93: tu93-0768757b (downloaded: 2026-06-08 07:25:18.086006+00:00)
2026-08-01 12:58:07 | INFO | Found latest version of tu93: tu93-0768757b (downloaded: 2026-06-08 07:25:18.086006+00:00)
2026-08-01 12:58:07 | INFO | Found latest version of tu93: tu93-0768757b (downloaded: 2026-06-08 07:25:18.086006+00:00)
2026-08-01 12:58:07 | INFO | Found latest version of tu93: tu93-0768757b (downloaded: 2026-06-08 07:25:18.086006+00:00)
2026-08-01 12:58:07 | INFO | Found latest version of tu93: tu93-0768757b (downloaded: 2026-06-08 07:25:18.086006+00:00)
2026-08-01 12:58:07 | INFO | Found latest version of tu93: tu93-0768757b (downloaded: 2026-06-08 07:25:18.086006+00:00)
2026-08-01 12:58:07 | INFO | Found latest version of tu93: tu93-0768757b (downloaded: 2026-06-08 07:25:18.086006+00:00)
2026-08-01 12:58:07 | INFO | Found latest version of tu93: tu93-0768757b (downloaded: 2026-06-08 07:25:18.086006+00:00)
2026-08-01 12:58:07 | INFO | Found latest version of tu93: tu93-0768757b (downloaded: 2026-06-08 07:25:18.086006+00:00)
2026-08-01 12:58:07 | INFO | Found latest version of tu93: tu93-0768757b (downloaded: 2026-06-08 07:25:18.086006+00:00)
2026-08-01 12:58:07 | INFO | Found latest version of tu93: tu93-0768757b (downloaded: 2026-06-08 07:25:18.086006+00:00)
2026-08-01 12:58:07 | INFO | Found latest version of tu93: tu93-0768757b (downloaded: 2026-06-08 07:25:18.086006+00:00)
2026-08-01 12:58:07 | INFO | Found latest version of tu93: tu93-0768757b (downloaded: 2026-06-08 07:25:18.086006+00:00)
2026-08-01 12:58:07 | INFO | Found latest version of tu93: tu93-0768757b (downloaded: 2026-06-08 07:25:18.086006+00:00)
2026-08-01 12:58:07 | INFO | Found latest version of tu93: tu93-0768757b (downloaded: 2026-06-08 07:25:18.086006+00:00)
2026-08-01 12:58:07 | INFO | Found latest version of tu93: tu93-0768757b (downloaded: 2026-06-08 07:25:18.086006+00:00)
2026-08-01 12:58:07 | INFO | Found latest version of tu93: tu93-0768757b (downloaded: 2026-06-08 07:25:18.086006+00:00)
2026-08-01 12:58:07 | INFO | Found latest version of tu93: tu93-0768757b (downloaded: 2026-06-08 07:25:18.086006+00:00)
2026-08-01 12:58:07 | INFO | Found latest version of tu93: tu93-0768757b (downloaded: 2026-06-08 07:25:18.086006+00:00)
2026-08-01 12:58:07 | INFO | Found latest version of tu93: tu93-0768757b (downloaded: 2026-06-08 07:25:18.086006+00:00)
2026-08-01 12:58:07 | INFO | Found latest version of tu93: tu93-0768757b (downloaded: 2026-06-08 07:25:18.086006+00:00)
2026-08-01 12:58:08 | INFO | Found latest version of tu93: tu93-0768757b (downloaded: 2026-06-08 07:25:18.086006+00:00)
2026-08-01 12:58:08 | INFO | Found latest version of tu93: tu93-0768757b (downloaded: 2026-06-08 07:25:18.086006+00:00)
2026-08-01 12:58:08 | INFO | Found latest version of tu93: tu93-0768757b (downloaded: 2026-06-08 07:25:18.086006+00:00)
2026-08-01 12:58:08 | INFO | Found latest version of tu93: tu93-0768757b (downloaded: 2026-06-08 07:25:18.086006+00:00)
2026-08-01 12:58:08 | INFO | Found latest version of tu93: tu93-0768757b (downloaded: 2026-06-08 07:25:18.086006+00:00)
2026-08-01 12:58:08 | INFO | Found latest version of tu93: tu93-0768757b (downloaded: 2026-06-08 07:25:18.086006+00:00)
2026-08-01 12:58:08 | INFO | Found latest version of tu93: tu93-0768757b (downloaded: 2026-06-08 07:25:18.086006+00:00)
2026-08-01 12:58:08 | INFO | Found latest version of tu93: tu93-0768757b (downloaded: 2026-06-08 07:25:18.086006+00:00)
2026-08-01 12:58:08 | INFO | Found latest version of tu93: tu93-0768757b (downloaded: 2026-06-08 07:25:18.086006+00:00)
2026-08-01 12:58:08 | INFO | Found latest version of tu93: tu93-0768757b (downloaded: 2026-06-08 07:25:18.086006+00:00)
2026-08-01 12:58:08 | INFO | Found latest version of tu93: tu93-0768757b (downloaded: 2026-06-08 07:25:18.086006+00:00)
2026-08-01 12:58:08 | INFO | Found latest version of tu93: tu93-0768757b (downloaded: 2026-06-08 07:25:18.086006+00:00)
2026-08-01 12:58:08 | INFO | Found latest version of tu93: tu93-0768757b (downloaded: 2026-06-08 07:25:18.086006+00:00)
2026-08-01 12:58:08 | INFO | Found latest version of tu93: tu93-0768757b (downloaded: 2026-06-08 07:25:18.086006+00:00)
2026-08-01 12:58:08 | INFO | Found latest version of tu93: tu93-0768757b (downloaded: 2026-06-08 07:25:18.086006+00:00)
2026-08-01 12:58:08 | INFO | Found latest version of tu93: tu93-0768757b (downloaded: 2026-06-08 07:25:18.086006+00:00)
2026-08-01 12:58:08 | INFO | Found latest version of tu93: tu93-0768757b (downloaded: 2026-06-08 07:25:18.086006+00:00)
2026-08-01 12:58:08 | INFO | Found latest version of tu93: tu93-0768757b (downloaded: 2026-06-08 07:25:18.086006+00:00)
2026-08-01 12:58:08 | INFO | Found latest version of tu93: tu93-0768757b (downloaded: 2026-06-08 07:25:18.086006+00:00)
2026-08-01 12:58:08 | INFO | Found latest version of tu93: tu93-0768757b (downloaded: 2026-06-08 07:25:18.086006+00:00)
2026-08-01 12:58:08 | INFO | Found latest version of tu93: tu93-0768757b (downloaded: 2026-06-08 07:25:18.086006+00:00)
2026-08-01 12:58:08 | INFO | Found latest version of tu93: tu93-0768757b (downloaded: 2026-06-08 07:25:18.086006+00:00)
2026-08-01 12:58:08 | INFO | Found latest version of tu93: tu93-0768757b (downloaded: 2026-06-08 07:25:18.086006+00:00)
2026-08-01 12:58:08 | INFO | Found latest version of tu93: tu93-0768757b (downloaded: 2026-06-08 07:25:18.086006+00:00)
2026-08-01 12:58:08 | INFO | Found latest version of tu93: tu93-0768757b (downloaded: 2026-06-08 07:25:18.086006+00:00)
2026-08-01 12:58:08 | INFO | Found latest version of tu93: tu93-0768757b (downloaded: 2026-06-08 07:25:18.086006+00:00)
2026-08-01 12:58:08 | INFO | Found latest version of tu93: tu93-0768757b (downloaded: 2026-06-08 07:25:18.086006+00:00)
2026-08-01 12:58:08 | INFO | Found latest version of tu93: tu93-0768757b (downloaded: 2026-06-08 07:25:18.086006+00:00)
2026-08-01 12:58:08 | INFO | Found latest version of tu93: tu93-0768757b (downloaded: 2026-06-08 07:25:18.086006+00:00)
2026-08-01 12:58:08 | INFO | Found latest version of tu93: tu93-0768757b (downloaded: 2026-06-08 07:25:18.086006+00:00)
2026-08-01 12:58:08 | INFO | Found latest version of tu93: tu93-0768757b (downloaded: 2026-06-08 07:25:18.086006+00:00)
2026-08-01 12:58:08 | INFO | Found latest version of tu93: tu93-0768757b (downloaded: 2026-06-08 07:25:18.086006+00:00)
2026-08-01 12:58:08 | INFO | Found latest version of tu93: tu93-0768757b (downloaded: 2026-06-08 07:25:18.086006+00:00)
2026-08-01 12:58:08 | INFO | Found latest version of tu93: tu93-0768757b (downloaded: 2026-06-08 07:25:18.086006+00:00)
2026-08-01 12:58:08 | INFO | Found latest version of tu93: tu93-0768757b (downloaded: 2026-06-08 07:25:18.086006+00:00)
2026-08-01 12:58:08 | INFO | Found latest version of tu93: tu93-0768757b (downloaded: 2026-06-08 07:25:18.086006+00:00)
2026-08-01 12:58:08 | INFO | Found latest version of tu93: tu93-0768757b (downloaded: 2026-06-08 07:25:18.086006+00:00)
2026-08-01 12:58:08 | INFO | Found latest version of tu93: tu93-0768757b (downloaded: 2026-06-08 07:25:18.086006+00:00)
2026-08-01 12:58:08 | INFO | Found latest version of tu93: tu93-0768757b (downloaded: 2026-06-08 07:25:18.086006+00:00)
2026-08-01 12:58:08 | INFO | Found latest version of tu93: tu93-0768757b (downloaded: 2026-06-08 07:25:18.086006+00:00)
2026-08-01 12:58:08 | INFO | Found latest version of tu93: tu93-0768757b (downloaded: 2026-06-08 07:25:18.086006+00:00)
2026-08-01 12:58:08 | INFO | Found latest version of tu93: tu93-0768757b (downloaded: 2026-06-08 07:25:18.086006+00:00)
2026-08-01 12:58:08 | INFO | Found latest version of tu93: tu93-0768757b (downloaded: 2026-06-08 07:25:18.086006+00:00)
2026-08-01 12:58:08 | INFO | Found latest version of tu93: tu93-0768757b (downloaded: 2026-06-08 07:25:18.086006+00:00)
2026-08-01 12:58:08 | INFO | Found latest version of tu93: tu93-0768757b (downloaded: 2026-06-08 07:25:18.086006+00:00)
2026-08-01 12:58:08 | INFO | Found latest version of tu93: tu93-0768757b (downloaded: 2026-06-08 07:25:18.086006+00:00)
2026-08-01 12:58:08 | INFO | Found latest version of tu93: tu93-0768757b (downloaded: 2026-06-08 07:25:18.086006+00:00)
2026-08-01 12:58:08 | INFO | Found latest version of tu93: tu93-0768757b (downloaded: 2026-06-08 07:25:18.086006+00:00)
2026-08-01 12:58:08 | INFO | Found latest version of tu93: tu93-0768757b (downloaded: 2026-06-08 07:25:18.086006+00:00)
2026-08-01 12:58:08 | INFO | Found latest version of tu93: tu93-0768757b (downloaded: 2026-06-08 07:25:18.086006+00:00)
2026-08-01 12:58:08 | INFO | Found latest version of tu93: tu93-0768757b (downloaded: 2026-06-08 07:25:18.086006+00:00)
2026-08-01 12:58:08 | INFO | Found latest version of tu93: tu93-0768757b (downloaded: 2026-06-08 07:25:18.086006+00:00)
2026-08-01 12:58:08 | INFO | Found latest version of tu93: tu93-0768757b (downloaded: 2026-06-08 07:25:18.086006+00:00)
2026-08-01 12:58:08 | INFO | Found latest version of tu93: tu93-0768757b (downloaded: 2026-06-08 07:25:18.086006+00:00)
2026-08-01 12:58:08 | INFO | Found latest version of tu93: tu93-0768757b (downloaded: 2026-06-08 07:25:18.086006+00:00)
2026-08-01 12:58:08 | INFO | Found latest version of tu93: tu93-0768757b (downloaded: 2026-06-08 07:25:18.086006+00:00)
2026-08-01 12:58:08 | INFO | Found latest version of tu93: tu93-0768757b (downloaded: 2026-06-08 07:25:18.086006+00:00)
2026-08-01 12:58:08 | INFO | Found latest version of tu93: tu93-0768757b (downloaded: 2026-06-08 07:25:18.086006+00:00)
2026-08-01 12:58:08 | INFO | Found latest version of tu93: tu93-0768757b (downloaded: 2026-06-08 07:25:18.086006+00:00)
2026-08-01 12:58:08 | INFO | Found latest version of tu93: tu93-0768757b (downloaded: 2026-06-08 07:25:18.086006+00:00)
2026-08-01 12:58:08 | INFO | Found latest version of tu93: tu93-0768757b (downloaded: 2026-06-08 07:25:18.086006+00:00)
2026-08-01 12:58:08 | INFO | Found latest version of tu93: tu93-0768757b (downloaded: 2026-06-08 07:25:18.086006+00:00)
2026-08-01 12:58:09 | INFO | Found latest version of tu93: tu93-0768757b (downloaded: 2026-06-08 07:25:18.086006+00:00)
2026-08-01 12:58:09 | INFO | Found latest version of tu93: tu93-0768757b (downloaded: 2026-06-08 07:25:18.086006+00:00)
2026-08-01 12:58:09 | INFO | Found latest version of tu93: tu93-0768757b (downloaded: 2026-06-08 07:25:18.086006+00:00)
2026-08-01 12:58:09 | INFO | Found latest version of tu93: tu93-0768757b (downloaded: 2026-06-08 07:25:18.086006+00:00)
2026-08-01 12:58:09 | INFO | Found latest version of tu93: tu93-0768757b (downloaded: 2026-06-08 07:25:18.086006+00:00)
2026-08-01 12:58:09 | INFO | Found latest version of tu93: tu93-0768757b (downloaded: 2026-06-08 07:25:18.086006+00:00)
2026-08-01 12:58:09 | INFO | Found latest version of tu93: tu93-0768757b (downloaded: 2026-06-08 07:25:18.086006+00:00)
2026-08-01 12:58:09 | INFO | Found latest version of tu93: tu93-0768757b (downloaded: 2026-06-08 07:25:18.086006+00:00)
2026-08-01 12:58:09 | INFO | Found latest version of tu93: tu93-0768757b (downloaded: 2026-06-08 07:25:18.086006+00:00)
2026-08-01 12:58:09 | INFO | Found latest version of tu93: tu93-0768757b (downloaded: 2026-06-08 07:25:18.086006+00:00)
2026-08-01 12:58:09 | INFO | Found latest version of tu93: tu93-0768757b (downloaded: 2026-06-08 07:25:18.086006+00:00)
2026-08-01 12:58:09 | INFO | Found latest version of tu93: tu93-0768757b (downloaded: 2026-06-08 07:25:18.086006+00:00)
2026-08-01 12:58:09 | INFO | Found latest version of tu93: tu93-0768757b (downloaded: 2026-06-08 07:25:18.086006+00:00)
2026-08-01 12:58:09 | INFO | Found latest version of tu93: tu93-0768757b (downloaded: 2026-06-08 07:25:18.086006+00:00)
2026-08-01 12:58:09 | INFO | Found latest version of tu93: tu93-0768757b (downloaded: 2026-06-08 07:25:18.086006+00:00)
2026-08-01 12:58:09 | INFO | Found latest version of tu93: tu93-0768757b (downloaded: 2026-06-08 07:25:18.086006+00:00)
2026-08-01 12:58:09 | INFO | Found latest version of tu93: tu93-0768757b (downloaded: 2026-06-08 07:25:18.086006+00:00)
2026-08-01 12:58:09 | INFO | Found latest version of tu93: tu93-0768757b (downloaded: 2026-06-08 07:25:18.086006+00:00)
2026-08-01 12:58:09 | INFO | Found latest version of tu93: tu93-0768757b (downloaded: 2026-06-08 07:25:18.086006+00:00)
2026-08-01 12:58:09 | INFO | Found latest version of tu93: tu93-0768757b (downloaded: 2026-06-08 07:25:18.086006+00:00)
2026-08-01 12:58:09 | INFO | Found latest version of tu93: tu93-0768757b (downloaded: 2026-06-08 07:25:18.086006+00:00)
2026-08-01 12:58:09 | INFO | Found latest version of tu93: tu93-0768757b (downloaded: 2026-06-08 07:25:18.086006+00:00)
2026-08-01 12:58:09 | INFO | Found latest version of tu93: tu93-0768757b (downloaded: 2026-06-08 07:25:18.086006+00:00)
2026-08-01 12:58:09 | INFO | Found latest version of tu93: tu93-0768757b (downloaded: 2026-06-08 07:25:18.086006+00:00)
2026-08-01 12:58:09 | INFO | Found latest version of tu93: tu93-0768757b (downloaded: 2026-06-08 07:25:18.086006+00:00)
2026-08-01 12:58:09 | INFO | Found latest version of tu93: tu93-0768757b (downloaded: 2026-06-08 07:25:18.086006+00:00)
2026-08-01 12:58:09 | INFO | Found latest version of tu93: tu93-0768757b (downloaded: 2026-06-08 07:25:18.086006+00:00)
2026-08-01 12:58:09 | INFO | Found latest version of tu93: tu93-0768757b (downloaded: 2026-06-08 07:25:18.086006+00:00)
2026-08-01 12:58:09 | INFO | Found latest version of tu93: tu93-0768757b (downloaded: 2026-06-08 07:25:18.086006+00:00)
2026-08-01 12:58:09 | INFO | Found latest version of tu93: tu93-0768757b (downloaded: 2026-06-08 07:25:18.086006+00:00)
2026-08-01 12:58:09 | INFO | Found latest version of tu93: tu93-0768757b (downloaded: 2026-06-08 07:25:18.086006+00:00)
2026-08-01 12:58:09 | INFO | Found latest version of tu93: tu93-0768757b (downloaded: 2026-06-08 07:25:18.086006+00:00)
2026-08-01 12:58:09 | INFO | Found latest version of tu93: tu93-0768757b (downloaded: 2026-06-08 07:25:18.086006+00:00)
2026-08-01 12:58:09 | INFO | Found latest version of tu93: tu93-0768757b (downloaded: 2026-06-08 07:25:18.086006+00:00)
2026-08-01 12:58:09 | INFO | Found latest version of tu93: tu93-0768757b (downloaded: 2026-06-08 07:25:18.086006+00:00)
2026-08-01 12:58:09 | INFO | Found latest version of tu93: tu93-0768757b (downloaded: 2026-06-08 07:25:18.086006+00:00)
2026-08-01 12:58:09 | INFO | Found latest version of tu93: tu93-0768757b (downloaded: 2026-06-08 07:25:18.086006+00:00)
2026-08-01 12:58:09 | INFO | Found latest version of tu93: tu93-0768757b (downloaded: 2026-06-08 07:25:18.086006+00:00)
2026-08-01 12:58:09 | INFO | Found latest version of tu93: tu93-0768757b (downloaded: 2026-06-08 07:25:18.086006+00:00)
2026-08-01 12:58:09 | INFO | Found latest version of tu93: tu93-0768757b (downloaded: 2026-06-08 07:25:18.086006+00:00)
2026-08-01 12:58:09 | INFO | Found latest version of tu93: tu93-0768757b (downloaded: 2026-06-08 07:25:18.086006+00:00)
2026-08-01 12:58:09 | INFO | Found latest version of tu93: tu93-0768757b (downloaded: 2026-06-08 07:25:18.086006+00:00)
2026-08-01 12:58:09 | INFO | Found latest version of tu93: tu93-0768757b (downloaded: 2026-06-08 07:25:18.086006+00:00)
2026-08-01 12:58:09 | INFO | Found latest version of tu93: tu93-0768757b (downloaded: 2026-06-08 07:25:18.086006+00:00)
2026-08-01 12:58:09 | INFO | Found latest version of tu93: tu93-0768757b (downloaded: 2026-06-08 07:25:18.086006+00:00)
2026-08-01 12:58:09 | INFO | Found latest version of tu93: tu93-0768757b (downloaded: 2026-06-08 07:25:18.086006+00:00)
2026-08-01 12:58:09 | INFO | Found latest version of tu93: tu93-0768757b (downloaded: 2026-06-08 07:25:18.086006+00:00)
2026-08-01 12:58:09 | INFO | Found latest version of tu93: tu93-0768757b (downloaded: 2026-06-08 07:25:18.086006+00:00)
2026-08-01 12:58:09 | INFO | Found latest version of tu93: tu93-0768757b (downloaded: 2026-06-08 07:25:18.086006+00:00)
2026-08-01 12:58:09 | INFO | Found latest version of tu93: tu93-0768757b (downloaded: 2026-06-08 07:25:18.086006+00:00)
2026-08-01 12:58:09 | INFO | Found latest version of tu93: tu93-0768757b (downloaded: 2026-06-08 07:25:18.086006+00:00)
2026-08-01 12:58:09 | INFO | Found latest version of tu93: tu93-0768757b (downloaded: 2026-06-08 07:25:18.086006+00:00)
2026-08-01 12:58:09 | INFO | Found latest version of tu93: tu93-0768757b (downloaded: 2026-06-08 07:25:18.086006+00:00)
2026-08-01 12:58:09 | INFO | Found latest version of tu93: tu93-0768757b (downloaded: 2026-06-08 07:25:18.086006+00:00)
2026-08-01 12:58:09 | INFO | Found latest version of tu93: tu93-0768757b (downloaded: 2026-06-08 07:25:18.086006+00:00)
2026-08-01 12:58:09 | INFO | Found latest version of tu93: tu93-0768757b (downloaded: 2026-06-08 07:25:18.086006+00:00)
2026-08-01 12:58:09 | INFO | Found latest version of tu93: tu93-0768757b (downloaded: 2026-06-08 07:25:18.086006+00:00)
2026-08-01 12:58:09 | INFO | Found latest version of tu93: tu93-0768757b (downloaded: 2026-06-08 07:25:18.086006+00:00)
2026-08-01 12:58:09 | INFO | Found latest version of tu93: tu93-0768757b (downloaded: 2026-06-08 07:25:18.086006+00:00)
2026-08-01 12:58:09 | INFO | Found latest version of tu93: tu93-0768757b (downloaded: 2026-06-08 07:25:18.086006+00:00)
2026-08-01 12:58:09 | INFO | Found latest version of tu93: tu93-0768757b (downloaded: 2026-06-08 07:25:18.086006+00:00)
2026-08-01 12:58:09 | INFO | Found latest version of tu93: tu93-0768757b (downloaded: 2026-06-08 07:25:18.086006+00:00)
2026-08-01 12:58:09 | INFO | Found latest version of tu93: tu93-0768757b (downloaded: 2026-06-08 07:25:18.086006+00:00)
2026-08-01 12:58:10 | INFO | Found latest version of tu93: tu93-0768757b (downloaded: 2026-06-08 07:25:18.086006+00:00)
2026-08-01 12:58:10 | INFO | Found latest version of tu93: tu93-0768757b (downloaded: 2026-06-08 07:25:18.086006+00:00)
2026-08-01 12:58:10 | INFO | Found latest version of tu93: tu93-0768757b (downloaded: 2026-06-08 07:25:18.086006+00:00)
2026-08-01 12:58:10 | INFO | Found latest version of tu93: tu93-0768757b (downloaded: 2026-06-08 07:25:18.086006+00:00)
2026-08-01 12:58:10 | INFO | Found latest version of tu93: tu93-0768757b (downloaded: 2026-06-08 07:25:18.086006+00:00)
2026-08-01 12:58:10 | INFO | Found latest version of tu93: tu93-0768757b (downloaded: 2026-06-08 07:25:18.086006+00:00)
2026-08-01 12:58:10 | INFO | Found latest version of tu93: tu93-0768757b (downloaded: 2026-06-08 07:25:18.086006+00:00)
2026-08-01 12:58:10 | INFO | Found latest version of tu93: tu93-0768757b (downloaded: 2026-06-08 07:25:18.086006+00:00)
2026-08-01 12:58:10 | INFO | Found latest version of tu93: tu93-0768757b (downloaded: 2026-06-08 07:25:18.086006+00:00)
2026-08-01 12:58:10 | INFO | Found latest version of tu93: tu93-0768757b (downloaded: 2026-06-08 07:25:18.086006+00:00)
2026-08-01 12:58:10 | INFO | Found latest version of tu93: tu93-0768757b (downloaded: 2026-06-08 07:25:18.086006+00:00)
2026-08-01 12:58:10 | INFO | Found latest version of tu93: tu93-0768757b (downloaded: 2026-06-08 07:25:18.086006+00:00)
2026-08-01 12:58:10 | INFO | Found latest version of tu93: tu93-0768757b (downloaded: 2026-06-08 07:25:18.086006+00:00)
2026-08-01 12:58:10 | INFO | Found latest version of tu93: tu93-0768757b (downloaded: 2026-06-08 07:25:18.086006+00:00)
2026-08-01 12:58:10 | INFO | Found latest version of tu93: tu93-0768757b (downloaded: 2026-06-08 07:25:18.086006+00:00)
2026-08-01 12:58:10 | INFO | Found latest version of tu93: tu93-0768757b (downloaded: 2026-06-08 07:25:18.086006+00:00)
2026-08-01 12:58:10 | INFO | Found latest version of tu93: tu93-0768757b (downloaded: 2026-06-08 07:25:18.086006+00:00)
2026-08-01 12:58:10 | INFO | Found latest version of tu93: tu93-0768757b (downloaded: 2026-06-08 07:25:18.086006+00:00)
2026-08-01 12:58:10 | INFO | Found latest version of tu93: tu93-0768757b (downloaded: 2026-06-08 07:25:18.086006+00:00)
2026-08-01 12:58:10 | INFO | Found latest version of tu93: tu93-0768757b (downloaded: 2026-06-08 07:25:18.086006+00:00)
2026-08-01 12:58:10 | INFO | Found latest version of tu93: tu93-0768757b (downloaded: 2026-06-08 07:25:18.086006+00:00)
2026-08-01 12:58:10 | INFO | Found latest version of tu93: tu93-0768757b (downloaded: 2026-06-08 07:25:18.086006+00:00)
2026-08-01 12:58:10 | INFO | Found latest version of tu93: tu93-0768757b (downloaded: 2026-06-08 07:25:18.086006+00:00)
2026-08-01 12:58:10 | INFO | Found latest version of tu93: tu93-0768757b (downloaded: 2026-06-08 07:25:18.086006+00:00)
2026-08-01 12:58:10 | INFO | Found latest version of tu93: tu93-0768757b (downloaded: 2026-06-08 07:25:18.086006+00:00)
2026-08-01 12:58:10 | INFO | Found latest version of tu93: tu93-0768757b (downloaded: 2026-06-08 07:25:18.086006+00:00)
2026-08-01 12:58:10 | INFO | Found latest version of tu93: tu93-0768757b (downloaded: 2026-06-08 07:25:18.086006+00:00)
2026-08-01 12:58:10 | INFO | Found latest version of tu93: tu93-0768757b (downloaded: 2026-06-08 07:25:18.086006+00:00)
2026-08-01 12:58:10 | INFO | Found latest version of tu93: tu93-0768757b (downloaded: 2026-06-08 07:25:18.086006+00:00)
2026-08-01 12:58:10 | INFO | Found latest version of tu93: tu93-0768757b (downloaded: 2026-06-08 07:25:18.086006+00:00)
2026-08-01 12:58:10 | INFO | Found latest version of tu93: tu93-0768757b (downloaded: 2026-06-08 07:25:18.086006+00:00)
2026-08-01 12:58:10 | INFO | Found latest version of tu93: tu93-0768757b (downloaded: 2026-06-08 07:25:18.086006+00:00)
2026-08-01 12:58:10 | INFO | Found latest version of tu93: tu93-0768757b (downloaded: 2026-06-08 07:25:18.086006+00:00)
2026-08-01 12:58:10 | INFO | Found latest version of tu93: tu93-0768757b (downloaded: 2026-06-08 07:25:18.086006+00:00)
2026-08-01 12:58:10 | INFO | Found latest version of tu93: tu93-0768757b (downloaded: 2026-06-08 07:25:18.086006+00:00)
2026-08-01 12:58:10 | INFO | Found latest version of tu93: tu93-0768757b (downloaded: 2026-06-08 07:25:18.086006+00:00)
2026-08-01 12:58:10 | INFO | Found latest version of tu93: tu93-0768757b (downloaded: 2026-06-08 07:25:18.086006+00:00)
2026-08-01 12:58:10 | INFO | Found latest version of tu93: tu93-0768757b (downloaded: 2026-06-08 07:25:18.086006+00:00)
2026-08-01 12:58:10 | INFO | Found latest version of tu93: tu93-0768757b (downloaded: 2026-06-08 07:25:18.086006+00:00)
2026-08-01 12:58:10 | INFO | Found latest version of tu93: tu93-0768757b (downloaded: 2026-06-08 07:25:18.086006+00:00)
2026-08-01 12:58:10 | INFO | Found latest version of tu93: tu93-0768757b (downloaded: 2026-06-08 07:25:18.086006+00:00)
2026-08-01 12:58:10 | INFO | Found latest version of tu93: tu93-0768757b (downloaded: 2026-06-08 07:25:18.086006+00:00)
2026-08-01 12:58:10 | INFO | Found latest version of tu93: tu93-0768757b (downloaded: 2026-06-08 07:25:18.086006+00:00)
2026-08-01 12:58:10 | INFO | Found latest version of tu93: tu93-0768757b (downloaded: 2026-06-08 07:25:18.086006+00:00)
2026-08-01 12:58:10 | INFO | Found latest version of tu93: tu93-0768757b (downloaded: 2026-06-08 07:25:18.086006+00:00)
2026-08-01 12:58:10 | INFO | Found latest version of tu93: tu93-0768757b (downloaded: 2026-06-08 07:25:18.086006+00:00)
2026-08-01 12:58:10 | INFO | Found latest version of tu93: tu93-0768757b (downloaded: 2026-06-08 07:25:18.086006+00:00)
2026-08-01 12:58:10 | INFO | Found latest version of tu93: tu93-0768757b (downloaded: 2026-06-08 07:25:18.086006+00:00)
2026-08-01 12:58:10 | INFO | Found latest version of tu93: tu93-0768757b (downloaded: 2026-06-08 07:25:18.086006+00:00)
2026-08-01 12:58:10 | INFO | Found latest version of tu93: tu93-0768757b (downloaded: 2026-06-08 07:25:18.086006+00:00)
2026-08-01 12:58:10 | INFO | Found latest version of tu93: tu93-0768757b (downloaded: 2026-06-08 07:25:18.086006+00:00)
2026-08-01 12:58:10 | INFO | Found latest version of tu93: tu93-0768757b (downloaded: 2026-06-08 07:25:18.086006+00:00)
2026-08-01 12:58:10 | INFO | Found latest version of tu93: tu93-0768757b (downloaded: 2026-06-08 07:25:18.086006+00:00)
2026-08-01 12:58:10 | INFO | Found latest version of tu93: tu93-0768757b (downloaded: 2026-06-08 07:25:18.086006+00:00)
2026-08-01 12:58:10 | INFO | Found latest version of tu93: tu93-0768757b (downloaded: 2026-06-08 07:25:18.086006+00:00)
2026-08-01 12:58:10 | INFO | Found latest version of tu93: tu93-0768757b (downloaded: 2026-06-08 07:25:18.086006+00:00)
2026-08-01 12:58:10 | INFO | Found latest version of tu93: tu93-0768757b (downloaded: 2026-06-08 07:25:18.086006+00:00)
2026-08-01 12:58:10 | INFO | Found latest version of tu93: tu93-0768757b (downloaded: 2026-06-08 07:25:18.086006+00:00)
2026-08-01 12:58:10 | INFO | Found latest version of tu93: tu93-0768757b (downloaded: 2026-06-08 07:25:18.086006+00:00)
2026-08-01 12:58:10 | INFO | Found latest version of tu93: tu93-0768757b (downloaded: 2026-06-08 07:25:18.086006+00:00)
2026-08-01 12:58:10 | INFO | Found latest version of tu93: tu93-0768757b (downloaded: 2026-06-08 07:25:18.086006+00:00)
2026-08-01 12:58:10 | INFO | Found latest version of tu93: tu93-0768757b (downloaded: 2026-06-08 07:25:18.086006+00:00)
2026-08-01 12:58:11 | INFO | Found latest version of tu93: tu93-0768757b (downloaded: 2026-06-08 07:25:18.086006+00:00)
2026-08-01 12:58:11 | INFO | Found latest version of tu93: tu93-0768757b (downloaded: 2026-06-08 07:25:18.086006+00:00)
2026-08-01 12:58:11 | INFO | Found latest version of tu93: tu93-0768757b (downloaded: 2026-06-08 07:25:18.086006+00:00)
2026-08-01 12:58:11 | INFO | Found latest version of tu93: tu93-0768757b (downloaded: 2026-06-08 07:25:18.086006+00:00)
2026-08-01 12:58:11 | INFO | Found latest version of tu93: tu93-0768757b (downloaded: 2026-06-08 07:25:18.086006+00:00)
2026-08-01 12:58:11 | INFO | Found latest version of tu93: tu93-0768757b (downloaded: 2026-06-08 07:25:18.086006+00:00)
2026-08-01 12:58:11 | INFO | Found latest version of tu93: tu93-0768757b (downloaded: 2026-06-08 07:25:18.086006+00:00)
2026-08-01 12:58:11 | INFO | Found latest version of tu93: tu93-0768757b (downloaded: 2026-06-08 07:25:18.086006+00:00)
2026-08-01 12:58:11 | INFO | Found latest version of tu93: tu93-0768757b (downloaded: 2026-06-08 07:25:18.086006+00:00)
2026-08-01 12:58:11 | INFO | Found latest version of tu93: tu93-0768757b (downloaded: 2026-06-08 07:25:18.086006+00:00)
2026-08-01 12:58:11 | INFO | Found latest version of tu93: tu93-0768757b (downloaded: 2026-06-08 07:25:18.086006+00:00)
2026-08-01 12:58:11 | INFO | Found latest version of tu93: tu93-0768757b (downloaded: 2026-06-08 07:25:18.086006+00:00)
2026-08-01 12:58:11 | INFO | Found latest version of tu93: tu93-0768757b (downloaded: 2026-06-08 07:25:18.086006+00:00)
2026-08-01 12:58:11 | INFO | Found latest version of tu93: tu93-0768757b (downloaded: 2026-06-08 07:25:18.086006+00:00)
2026-08-01 12:58:11 | INFO | Found latest version of tu93: tu93-0768757b (downloaded: 2026-06-08 07:25:18.086006+00:00)
2026-08-01 12:58:11 | INFO | Found latest version of tu93: tu93-0768757b (downloaded: 2026-06-08 07:25:18.086006+00:00)
2026-08-01 12:58:11 | INFO | Found latest version of tu93: tu93-0768757b (downloaded: 2026-06-08 07:25:18.086006+00:00)
2026-08-01 12:58:11 | INFO | Found latest version of tu93: tu93-0768757b (downloaded: 2026-06-08 07:25:18.086006+00:00)
2026-08-01 12:58:11 | INFO | Found latest version of tu93: tu93-0768757b (downloaded: 2026-06-08 07:25:18.086006+00:00)
2026-08-01 12:58:11 | INFO | Found latest version of tu93: tu93-0768757b (downloaded: 2026-06-08 07:25:18.086006+00:00)
2026-08-01 12:58:11 | INFO | Found latest version of tu93: tu93-0768757b (downloaded: 2026-06-08 07:25:18.086006+00:00)
2026-08-01 12:58:11 | INFO | Found latest version of tu93: tu93-0768757b (downloaded: 2026-06-08 07:25:18.086006+00:00)
2026-08-01 12:58:11 | INFO | Found latest version of tu93: tu93-0768757b (downloaded: 2026-06-08 07:25:18.086006+00:00)
2026-08-01 12:58:11 | INFO | Found latest version of tu93: tu93-0768757b (downloaded: 2026-06-08 07:25:18.086006+00:00)
2026-08-01 12:58:11 | INFO | Found latest version of tu93: tu93-0768757b (downloaded: 2026-06-08 07:25:18.086006+00:00)
2026-08-01 12:58:11 | INFO | Found latest version of tu93: tu93-0768757b (downloaded: 2026-06-08 07:25:18.086006+00:00)
2026-08-01 12:58:11 | INFO | Found latest version of tu93: tu93-0768757b (downloaded: 2026-06-08 07:25:18.086006+00:00)
2026-08-01 12:58:11 | INFO | Found latest version of tu93: tu93-0768757b (downloaded: 2026-06-08 07:25:18.086006+00:00)
2026-08-01 12:58:11 | INFO | Found latest version of tu93: tu93-0768757b (downloaded: 2026-06-08 07:25:18.086006+00:00)
2026-08-01 12:58:11 | INFO | Found latest version of tu93: tu93-0768757b (downloaded: 2026-06-08 07:25:18.086006+00:00)
2026-08-01 12:58:11 | INFO | Found latest version of tu93: tu93-0768757b (downloaded: 2026-06-08 07:25:18.086006+00:00)
2026-08-01 12:58:11 | INFO | Found latest version of tu93: tu93-0768757b (downloaded: 2026-06-08 07:25:18.086006+00:00)
2026-08-01 12:58:11 | INFO | Found latest version of tu93: tu93-0768757b (downloaded: 2026-06-08 07:25:18.086006+00:00)
2026-08-01 12:58:11 | INFO | Found latest version of tu93: tu93-0768757b (downloaded: 2026-06-08 07:25:18.086006+00:00)
2026-08-01 12:58:11 | INFO | Found latest version of tu93: tu93-0768757b (downloaded: 2026-06-08 07:25:18.086006+00:00)
2026-08-01 12:58:11 | INFO | Found latest version of tu93: tu93-0768757b (downloaded: 2026-06-08 07:25:18.086006+00:00)
2026-08-01 12:58:11 | INFO | Found latest version of tu93: tu93-0768757b (downloaded: 2026-06-08 07:25:18.086006+00:00)
2026-08-01 12:58:11 | INFO | Found latest version of tu93: tu93-0768757b (downloaded: 2026-06-08 07:25:18.086006+00:00)
2026-08-01 12:58:11 | INFO | Found latest version of tu93: tu93-0768757b (downloaded: 2026-06-08 07:25:18.086006+00:00)
2026-08-01 12:58:11 | INFO | Found latest version of tu93: tu93-0768757b (downloaded: 2026-06-08 07:25:18.086006+00:00)
2026-08-01 12:58:11 | INFO | Found latest version of tu93: tu93-0768757b (downloaded: 2026-06-08 07:25:18.086006+00:00)
2026-08-01 12:58:11 | INFO | Found latest version of tu93: tu93-0768757b (downloaded: 2026-06-08 07:25:18.086006+00:00)
2026-08-01 12:58:11 | INFO | Found latest version of tu93: tu93-0768757b (downloaded: 2026-06-08 07:25:18.086006+00:00)
2026-08-01 12:58:11 | INFO | Found latest version of tu93: tu93-0768757b (downloaded: 2026-06-08 07:25:18.086006+00:00)
2026-08-01 12:58:11 | INFO | Found latest version of tu93: tu93-0768757b (downloaded: 2026-06-08 07:25:18.086006+00:00)
2026-08-01 12:58:11 | INFO | Found latest version of tu93: tu93-0768757b (downloaded: 2026-06-08 07:25:18.086006+00:00)
2026-08-01 12:58:11 | INFO | Found latest version of tu93: tu93-0768757b (downloaded: 2026-06-08 07:25:18.086006+00:00)
2026-08-01 12:58:11 | INFO | Found latest version of tu93: tu93-0768757b (downloaded: 2026-06-08 07:25:18.086006+00:00)
2026-08-01 12:58:11 | INFO | Found latest version of tu93: tu93-0768757b (downloaded: 2026-06-08 07:25:18.086006+00:00)
2026-08-01 12:58:11 | INFO | Found latest version of tu93: tu93-0768757b (downloaded: 2026-06-08 07:25:18.086006+00:00)
2026-08-01 12:58:11 | INFO | Found latest version of tu93: tu93-0768757b (downloaded: 2026-06-08 07:25:18.086006+00:00)
2026-08-01 12:58:11 | INFO | Found latest version of tu93: tu93-0768757b (downloaded: 2026-06-08 07:25:18.086006+00:00)
2026-08-01 12:58:11 | INFO | Found latest version of tu93: tu93-0768757b (downloaded: 2026-06-08 07:25:18.086006+00:00)
2026-08-01 12:58:11 | INFO | Found latest version of tu93: tu93-0768757b (downloaded: 2026-06-08 07:25:18.086006+00:00)
2026-08-01 12:58:11 | INFO | Found latest version of tu93: tu93-0768757b (downloaded: 2026-06-08 07:25:18.086006+00:00)
2026-08-01 12:58:11 | INFO | Found latest version of tu93: tu93-0768757b (downloaded: 2026-06-08 07:25:18.086006+00:00)
2026-08-01 12:58:11 | INFO | Found latest version of tu93: tu93-0768757b (downloaded: 2026-06-08 07:25:18.086006+00:00)
2026-08-01 12:58:11 | INFO | Found latest version of tu93: tu93-0768757b (downloaded: 2026-06-08 07:25:18.086006+00:00)
2026-08-01 12:58:11 | INFO | Found latest version of tu93: tu93-0768757b (downloaded: 2026-06-08 07:25:18.086006+00:00)
2026-08-01 12:58:11 | INFO | Found latest version of tu93: tu93-0768757b (downloaded: 2026-06-08 07:25:18.086006+00:00)
2026-08-01 12:58:11 | INFO | Found latest version of tu93: tu93-0768757b (downloaded: 2026-06-08 07:25:18.086006+00:00)
2026-08-01 12:58:11 | INFO | Found latest version of tu93: tu93-0768757b (downloaded: 2026-06-08 07:25:18.086006+00:00)
2026-08-01 12:58:11 | INFO | Found latest version of tu93: tu93-0768757b (downloaded: 2026-06-08 07:25:18.086006+00:00)
2026-08-01 12:58:12 | INFO | Found latest version of tu93: tu93-0768757b (downloaded: 2026-06-08 07:25:18.086006+00:00)
2026-08-01 12:58:12 | INFO | Found latest version of tu93: tu93-0768757b (downloaded: 2026-06-08 07:25:18.086006+00:00)
2026-08-01 12:58:12 | INFO | Found latest version of tu93: tu93-0768757b (downloaded: 2026-06-08 07:25:18.086006+00:00)
2026-08-01 12:58:12 | INFO | Found latest version of tu93: tu93-0768757b (downloaded: 2026-06-08 07:25:18.086006+00:00)
2026-08-01 12:58:12 | INFO | Found latest version of tu93: tu93-0768757b (downloaded: 2026-06-08 07:25:18.086006+00:00)
2026-08-01 12:58:12 | INFO | Found latest version of tu93: tu93-0768757b (downloaded: 2026-06-08 07:25:18.086006+00:00)
2026-08-01 12:58:12 | INFO | Found latest version of tu93: tu93-0768757b (downloaded: 2026-06-08 07:25:18.086006+00:00)
2026-08-01 12:58:12 | INFO | Found latest version of tu93: tu93-0768757b (downloaded: 2026-06-08 07:25:18.086006+00:00)
2026-08-01 12:58:12 | INFO | Found latest version of tu93: tu93-0768757b (downloaded: 2026-06-08 07:25:18.086006+00:00)
2026-08-01 12:58:12 | INFO | Found latest version of tu93: tu93-0768757b (downloaded: 2026-06-08 07:25:18.086006+00:00)
2026-08-01 12:58:12 | INFO | Found latest version of tu93: tu93-0768757b (downloaded: 2026-06-08 07:25:18.086006+00:00)
2026-08-01 12:58:12 | INFO | Found latest version of tu93: tu93-0768757b (downloaded: 2026-06-08 07:25:18.086006+00:00)
2026-08-01 12:58:12 | INFO | Found latest version of tu93: tu93-0768757b (downloaded: 2026-06-08 07:25:18.086006+00:00)
2026-08-01 12:58:12 | INFO | Found latest version of tu93: tu93-0768757b (downloaded: 2026-06-08 07:25:18.086006+00:00)
2026-08-01 12:58:12 | INFO | Found latest version of tu93: tu93-0768757b (downloaded: 2026-06-08 07:25:18.086006+00:00)
2026-08-01 12:58:12 | INFO | Found latest version of tu93: tu93-0768757b (downloaded: 2026-06-08 07:25:18.086006+00:00)
2026-08-01 12:58:12 | INFO | Found latest version of tu93: tu93-0768757b (downloaded: 2026-06-08 07:25:18.086006+00:00)
2026-08-01 12:58:12 | INFO | Found latest version of tu93: tu93-0768757b (downloaded: 2026-06-08 07:25:18.086006+00:00)
2026-08-01 12:58:12 | INFO | Found latest version of tu93: tu93-0768757b (downloaded: 2026-06-08 07:25:18.086006+00:00)
2026-08-01 12:58:12 | INFO | Found latest version of tu93: tu93-0768757b (downloaded: 2026-06-08 07:25:18.086006+00:00)
2026-08-01 12:58:12 | INFO | Found latest version of tu93: tu93-0768757b (downloaded: 2026-06-08 07:25:18.086006+00:00)
2026-08-01 12:58:12 | INFO | Found latest version of tu93: tu93-0768757b (downloaded: 2026-06-08 07:25:18.086006+00:00)
2026-08-01 12:58:12 | INFO | Found latest version of tu93: tu93-0768757b (downloaded: 2026-06-08 07:25:18.086006+00:00)
2026-08-01 12:58:12 | INFO | Found latest version of tu93: tu93-0768757b (downloaded: 2026-06-08 07:25:18.086006+00:00)
2026-08-01 12:58:12 | INFO | Found latest version of tu93: tu93-0768757b (downloaded: 2026-06-08 07:25:18.086006+00:00)
2026-08-01 12:58:12 | INFO | Found latest version of tu93: tu93-0768757b (downloaded: 2026-06-08 07:25:18.086006+00:00)
2026-08-01 12:58:12 | INFO | Found latest version of tu93: tu93-0768757b (downloaded: 2026-06-08 07:25:18.086006+00:00)
2026-08-01 12:58:12 | INFO | Found latest version of tu93: tu93-0768757b (downloaded: 2026-06-08 07:25:18.086006+00:00)
2026-08-01 12:58:12 | INFO | Found latest version of tu93: tu93-0768757b (downloaded: 2026-06-08 07:25:18.086006+00:00)
2026-08-01 12:58:12 | INFO | Found latest version of tu93: tu93-0768757b (downloaded: 2026-06-08 07:25:18.086006+00:00)
2026-08-01 12:58:12 | INFO | Found latest version of tu93: tu93-0768757b (downloaded: 2026-06-08 07:25:18.086006+00:00)
2026-08-01 12:58:12 | INFO | Found latest version of tu93: tu93-0768757b (downloaded: 2026-06-08 07:25:18.086006+00:00)
2026-08-01 12:58:12 | INFO | Found latest version of tu93: tu93-0768757b (downloaded: 2026-06-08 07:25:18.086006+00:00)
2026-08-01 12:58:12 | INFO | Found latest version of tu93: tu93-0768757b (downloaded: 2026-06-08 07:25:18.086006+00:00)
2026-08-01 12:58:12 | INFO | Found latest version of tu93: tu93-0768757b (downloaded: 2026-06-08 07:25:18.086006+00:00)
2026-08-01 12:58:12 | INFO | Found latest version of tu93: tu93-0768757b (downloaded: 2026-06-08 07:25:18.086006+00:00)
2026-08-01 12:58:12 | INFO | Found latest version of tu93: tu93-0768757b (downloaded: 2026-06-08 07:25:18.086006+00:00)
2026-08-01 12:58:12 | INFO | Found latest version of tu93: tu93-0768757b (downloaded: 2026-06-08 07:25:18.086006+00:00)
2026-08-01 12:58:12 | INFO | Found latest version of tu93: tu93-0768757b (downloaded: 2026-06-08 07:25:18.086006+00:00)
2026-08-01 12:58:12 | INFO | Found latest version of tu93: tu93-0768757b (downloaded: 2026-06-08 07:25:18.086006+00:00)
2026-08-01 12:58:12 | INFO | Found latest version of tu93: tu93-0768757b (downloaded: 2026-06-08 07:25:18.086006+00:00)
2026-08-01 12:58:12 | INFO | Found latest version of tu93: tu93-0768757b (downloaded: 2026-06-08 07:25:18.086006+00:00)
2026-08-01 12:58:12 | INFO | Found latest version of tu93: tu93-0768757b (downloaded: 2026-06-08 07:25:18.086006+00:00)
2026-08-01 12:58:12 | INFO | Found latest version of tu93: tu93-0768757b (downloaded: 2026-06-08 07:25:18.086006+00:00)
2026-08-01 12:58:12 | INFO | Found latest version of tu93: tu93-0768757b (downloaded: 2026-06-08 07:25:18.086006+00:00)
2026-08-01 12:58:12 | INFO | Found latest version of tu93: tu93-0768757b (downloaded: 2026-06-08 07:25:18.086006+00:00)
2026-08-01 12:58:12 | INFO | Found latest version of tu93: tu93-0768757b (downloaded: 2026-06-08 07:25:18.086006+00:00)
2026-08-01 12:58:12 | INFO | Found latest version of tu93: tu93-0768757b (downloaded: 2026-06-08 07:25:18.086006+00:00)
2026-08-01 12:58:12 | INFO | Found latest version of tu93: tu93-0768757b (downloaded: 2026-06-08 07:25:18.086006+00:00)
2026-08-01 12:58:12 | INFO | Found latest version of tu93: tu93-0768757b (downloaded: 2026-06-08 07:25:18.086006+00:00)
2026-08-01 12:58:12 | INFO | Found latest version of tu93: tu93-0768757b (downloaded: 2026-06-08 07:25:18.086006+00:00)
2026-08-01 12:58:12 | INFO | Found latest version of tu93: tu93-0768757b (downloaded: 2026-06-08 07:25:18.086006+00:00)
2026-08-01 12:58:12 | INFO | Found latest version of tu93: tu93-0768757b (downloaded: 2026-06-08 07:25:18.086006+00:00)
2026-08-01 12:58:12 | INFO | Found latest version of tu93: tu93-0768757b (downloaded: 2026-06-08 07:25:18.086006+00:00)
2026-08-01 12:58:12 | INFO | Found latest version of tu93: tu93-0768757b (downloaded: 2026-06-08 07:25:18.086006+00:00)
2026-08-01 12:58:12 | INFO | Found latest version of tu93: tu93-0768757b (downloaded: 2026-06-08 07:25:18.086006+00:00)
2026-08-01 12:58:12 | INFO | Found latest version of tu93: tu93-0768757b (downloaded: 2026-06-08 07:25:18.086006+00:00)
2026-08-01 12:58:12 | INFO | Found latest version of tu93: tu93-0768757b (downloaded: 2026-06-08 07:25:18.086006+00:00)
2026-08-01 12:58:12 | INFO | Found latest version of tu93: tu93-0768757b (downloaded: 2026-06-08 07:25:18.086006+00:00)
2026-08-01 12:58:12 | INFO | Found latest version of tu93: tu93-0768757b (downloaded: 2026-06-08 07:25:18.086006+00:00)
2026-08-01 12:58:12 | INFO | Found latest version of tu93: tu93-0768757b (downloaded: 2026-06-08 07:25:18.086006+00:00)
2026-08-01 12:58:12 | INFO | Found latest version of tu93: tu93-0768757b (downloaded: 2026-06-08 07:25:18.086006+00:00)
2026-08-01 12:58:13 | INFO | Found latest version of tu93: tu93-0768757b (downloaded: 2026-06-08 07:25:18.086006+00:00)
2026-08-01 12:58:13 | INFO | Found latest version of tu93: tu93-0768757b (downloaded: 2026-06-08 07:25:18.086006+00:00)
2026-08-01 12:58:13 | INFO | Found latest version of tu93: tu93-0768757b (downloaded: 2026-06-08 07:25:18.086006+00:00)
2026-08-01 12:58:13 | INFO | Found latest version of tu93: tu93-0768757b (downloaded: 2026-06-08 07:25:18.086006+00:00)
2026-08-01 12:58:13 | INFO | Found latest version of tu93: tu93-0768757b (downloaded: 2026-06-08 07:25:18.086006+00:00)
2026-08-01 12:58:13 | INFO | Found latest version of tu93: tu93-0768757b (downloaded: 2026-06-08 07:25:18.086006+00:00)
2026-08-01 12:58:13 | INFO | Found latest version of tu93: tu93-0768757b (downloaded: 2026-06-08 07:25:18.086006+00:00)
2026-08-01 12:58:13 | INFO | Found latest version of tu93: tu93-0768757b (downloaded: 2026-06-08 07:25:18.086006+00:00)
2026-08-01 12:58:13 | INFO | Found latest version of tu93: tu93-0768757b (downloaded: 2026-06-08 07:25:18.086006+00:00)
2026-08-01 12:58:13 | INFO | Found latest version of tu93: tu93-0768757b (downloaded: 2026-06-08 07:25:18.086006+00:00)
2026-08-01 12:58:13 | INFO | Found latest version of tu93: tu93-0768757b (downloaded: 2026-06-08 07:25:18.086006+00:00)
2026-08-01 12:58:13 | INFO | Found latest version of tu93: tu93-0768757b (downloaded: 2026-06-08 07:25:18.086006+00:00)
2026-08-01 12:58:13 | INFO | Found latest version of tu93: tu93-0768757b (downloaded: 2026-06-08 07:25:18.086006+00:00)
2026-08-01 12:58:13 | INFO | Found latest version of tu93: tu93-0768757b (downloaded: 2026-06-08 07:25:18.086006+00:00)
2026-08-01 12:58:13 | INFO | Found latest version of tu93: tu93-0768757b (downloaded: 2026-06-08 07:25:18.086006+00:00)
2026-08-01 12:58:13 | INFO | Found latest version of tu93: tu93-0768757b (downloaded: 2026-06-08 07:25:18.086006+00:00)
2026-08-01 12:58:13 | INFO | Found latest version of tu93: tu93-0768757b (downloaded: 2026-06-08 07:25:18.086006+00:00)
2026-08-01 12:58:13 | INFO | Found latest version of tu93: tu93-0768757b (downloaded: 2026-06-08 07:25:18.086006+00:00)
2026-08-01 12:58:13 | INFO | Found latest version of tu93: tu93-0768757b (downloaded: 2026-06-08 07:25:18.086006+00:00)
2026-08-01 12:58:13 | INFO | Found latest version of tu93: tu93-0768757b (downloaded: 2026-06-08 07:25:18.086006+00:00)
2026-08-01 12:58:13 | INFO | Found latest version of tu93: tu93-0768757b (downloaded: 2026-06-08 07:25:18.086006+00:00)
2026-08-01 12:58:13 | INFO | Found latest version of tu93: tu93-0768757b (downloaded: 2026-06-08 07:25:18.086006+00:00)
2026-08-01 12:58:13 | INFO | Found latest version of tu93: tu93-0768757b (downloaded: 2026-06-08 07:25:18.086006+00:00)
2026-08-01 12:58:13 | INFO | Found latest version of tu93: tu93-0768757b (downloaded: 2026-06-08 07:25:18.086006+00:00)
2026-08-01 12:58:13 | INFO | Found latest version of tu93: tu93-0768757b (downloaded: 2026-06-08 07:25:18.086006+00:00)
2026-08-01 12:58:13 | INFO | Found latest version of tu93: tu93-0768757b (downloaded: 2026-06-08 07:25:18.086006+00:00)
2026-08-01 12:58:13 | INFO | Found latest version of tu93: tu93-0768757b (downloaded: 2026-06-08 07:25:18.086006+00:00)
2026-08-01 12:58:13 | INFO | Found latest version of tu93: tu93-0768757b (downloaded: 2026-06-08 07:25:18.086006+00:00)
2026-08-01 12:58:13 | INFO | Found latest version of tu93: tu93-0768757b (downloaded: 2026-06-08 07:25:18.086006+00:00)
2026-08-01 12:58:13 | INFO | Found latest version of tu93: tu93-0768757b (downloaded: 2026-06-08 07:25:18.086006+00:00)
2026-08-01 12:58:13 | INFO | Found latest version of tu93: tu93-0768757b (downloaded: 2026-06-08 07:25:18.086006+00:00)
2026-08-01 12:58:13 | INFO | Found latest version of tu93: tu93-0768757b (downloaded: 2026-06-08 07:25:18.086006+00:00)
2026-08-01 12:58:13 | INFO | Found latest version of tu93: tu93-0768757b (downloaded: 2026-06-08 07:25:18.086006+00:00)
2026-08-01 12:58:13 | INFO | Found latest version of tu93: tu93-0768757b (downloaded: 2026-06-08 07:25:18.086006+00:00)
2026-08-01 12:58:13 | INFO | Found latest version of tu93: tu93-0768757b (downloaded: 2026-06-08 07:25:18.086006+00:00)
2026-08-01 12:58:13 | INFO | Found latest version of tu93: tu93-0768757b (downloaded: 2026-06-08 07:25:18.086006+00:00)
2026-08-01 12:58:13 | INFO | Found latest version of tu93: tu93-0768757b (downloaded: 2026-06-08 07:25:18.086006+00:00)
2026-08-01 12:58:13 | INFO | Found latest version of tu93: tu93-0768757b (downloaded: 2026-06-08 07:25:18.086006+00:00)
2026-08-01 12:58:13 | INFO | Found latest version of tu93: tu93-0768757b (downloaded: 2026-06-08 07:25:18.086006+00:00)
2026-08-01 12:58:13 | INFO | Found latest version of tu93: tu93-0768757b (downloaded: 2026-06-08 07:25:18.086006+00:00)
2026-08-01 12:58:13 | INFO | Found latest version of tu93: tu93-0768757b (downloaded: 2026-06-08 07:25:18.086006+00:00)
2026-08-01 12:58:13 | INFO | Found latest version of tu93: tu93-0768757b (downloaded: 2026-06-08 07:25:18.086006+00:00)
2026-08-01 12:58:13 | INFO | Found latest version of tu93: tu93-0768757b (downloaded: 2026-06-08 07:25:18.086006+00:00)
2026-08-01 12:58:13 | INFO | Found latest version of tu93: tu93-0768757b (downloaded: 2026-06-08 07:25:18.086006+00:00)
2026-08-01 12:58:13 | INFO | Found latest version of tu93: tu93-0768757b (downloaded: 2026-06-08 07:25:18.086006+00:00)
2026-08-01 12:58:13 | INFO | Found latest version of tu93: tu93-0768757b (downloaded: 2026-06-08 07:25:18.086006+00:00)
2026-08-01 12:58:13 | INFO | Found latest version of tu93: tu93-0768757b (downloaded: 2026-06-08 07:25:18.086006+00:00)
2026-08-01 12:58:13 | INFO | Found latest version of tu93: tu93-0768757b (downloaded: 2026-06-08 07:25:18.086006+00:00)
2026-08-01 12:58:13 | INFO | Found latest version of tu93: tu93-0768757b (downloaded: 2026-06-08 07:25:18.086006+00:00)
2026-08-01 12:58:13 | INFO | Found latest version of tu93: tu93-0768757b (downloaded: 2026-06-08 07:25:18.086006+00:00)
2026-08-01 12:58:13 | INFO | Found latest version of tu93: tu93-0768757b (downloaded: 2026-06-08 07:25:18.086006+00:00)
2026-08-01 12:58:13 | INFO | Found latest version of tu93: tu93-0768757b (downloaded: 2026-06-08 07:25:18.086006+00:00)
2026-08-01 12:58:13 | INFO | Found latest version of tu93: tu93-0768757b (downloaded: 2026-06-08 07:25:18.086006+00:00)
2026-08-01 12:58:13 | INFO | Found latest version of tu93: tu93-0768757b (downloaded: 2026-06-08 07:25:18.086006+00:00)
2026-08-01 12:58:13 | INFO | Found latest version of tu93: tu93-0768757b (downloaded: 2026-06-08 07:25:18.086006+00:00)
2026-08-01 12:58:13 | INFO | Found latest version of tu93: tu93-0768757b (downloaded: 2026-06-08 07:25:18.086006+00:00)
2026-08-01 12:58:13 | INFO | Found latest version of tu93: tu93-0768757b (downloaded: 2026-06-08 07:25:18.086006+00:00)
2026-08-01 12:58:13 | INFO | Found latest version of tu93: tu93-0768757b (downloaded: 2026-06-08 07:25:18.086006+00:00)
2026-08-01 12:58:13 | INFO | Found latest version of tu93: tu93-0768757b (downloaded: 2026-06-08 07:25:18.086006+00:00)
2026-08-01 12:58:13 | INFO | Found latest version of tu93: tu93-0768757b (downloaded: 2026-06-08 07:25:18.086006+00:00)
2026-08-01 12:58:13 | INFO | Found latest version of tu93: tu93-0768757b (downloaded: 2026-06-08 07:25:18.086006+00:00)
2026-08-01 12:58:13 | INFO | Found latest version of tu93: tu93-0768757b (downloaded: 2026-06-08 07:25:18.086006+00:00)
2026-08-01 12:58:13 | INFO | Found latest version of tu93: tu93-0768757b (downloaded: 2026-06-08 07:25:18.086006+00:00)
2026-08-01 12:58:14 | INFO | Found latest version of tu93: tu93-0768757b (downloaded: 2026-06-08 07:25:18.086006+00:00)
2026-08-01 12:58:14 | INFO | Found latest version of tu93: tu93-0768757b (downloaded: 2026-06-08 07:25:18.086006+00:00)
2026-08-01 12:58:14 | INFO | Found latest version of tu93: tu93-0768757b (downloaded: 2026-06-08 07:25:18.086006+00:00)
2026-08-01 12:58:14 | INFO | Found latest version of tu93: tu93-0768757b (downloaded: 2026-06-08 07:25:18.086006+00:00)
2026-08-01 12:58:14 | INFO | Found latest version of tu93: tu93-0768757b (downloaded: 2026-06-08 07:25:18.086006+00:00)
2026-08-01 12:58:14 | INFO | Found latest version of tu93: tu93-0768757b (downloaded: 2026-06-08 07:25:18.086006+00:00)
2026-08-01 12:58:14 | INFO | Found latest version of tu93: tu93-0768757b (downloaded: 2026-06-08 07:25:18.086006+00:00)
2026-08-01 12:58:14 | INFO | Found latest version of tu93: tu93-0768757b (downloaded: 2026-06-08 07:25:18.086006+00:00)
2026-08-01 12:58:14 | INFO | Found latest version of tu93: tu93-0768757b (downloaded: 2026-06-08 07:25:18.086006+00:00)
2026-08-01 12:58:14 | INFO | Found latest version of tu93: tu93-0768757b (downloaded: 2026-06-08 07:25:18.086006+00:00)
2026-08-01 12:58:14 | INFO | Found latest version of tu93: tu93-0768757b (downloaded: 2026-06-08 07:25:18.086006+00:00)
2026-08-01 12:58:14 | INFO | Found latest version of tu93: tu93-0768757b (downloaded: 2026-06-08 07:25:18.086006+00:00)
2026-08-01 12:58:14 | INFO | Found latest version of tu93: tu93-0768757b (downloaded: 2026-06-08 07:25:18.086006+00:00)
2026-08-01 12:58:14 | INFO | Found latest version of tu93: tu93-0768757b (downloaded: 2026-06-08 07:25:18.086006+00:00)
2026-08-01 12:58:14 | INFO | Found latest version of tu93: tu93-0768757b (downloaded: 2026-06-08 07:25:18.086006+00:00)
2026-08-01 12:58:14 | INFO | Found latest version of tu93: tu93-0768757b (downloaded: 2026-06-08 07:25:18.086006+00:00)
2026-08-01 12:58:14 | INFO | Found latest version of tu93: tu93-0768757b (downloaded: 2026-06-08 07:25:18.086006+00:00)
2026-08-01 12:58:14 | INFO | Found latest version of tu93: tu93-0768757b (downloaded: 2026-06-08 07:25:18.086006+00:00)
2026-08-01 12:58:14 | INFO | Found latest version of tu93: tu93-0768757b (downloaded: 2026-06-08 07:25:18.086006+00:00)
2026-08-01 12:58:14 | INFO | Found latest version of tu93: tu93-0768757b (downloaded: 2026-06-08 07:25:18.086006+00:00)
2026-08-01 12:58:14 | INFO | Found latest version of tu93: tu93-0768757b (downloaded: 2026-06-08 07:25:18.086006+00:00)
2026-08-01 12:58:14 | INFO | Found latest version of tu93: tu93-0768757b (downloaded: 2026-06-08 07:25:18.086006+00:00)
2026-08-01 12:58:14 | INFO | Found latest version of tu93: tu93-0768757b (downloaded: 2026-06-08 07:25:18.086006+00:00)
2026-08-01 12:58:14 | INFO | Found latest version of tu93: tu93-0768757b (downloaded: 2026-06-08 07:25:18.086006+00:00)
2026-08-01 12:58:14 | INFO | Found latest version of tu93: tu93-0768757b (downloaded: 2026-06-08 07:25:18.086006+00:00)
2026-08-01 12:58:14 | INFO | Found latest version of tu93: tu93-0768757b (downloaded: 2026-06-08 07:25:18.086006+00:00)
2026-08-01 12:58:14 | INFO | Found latest version of tu93: tu93-0768757b (downloaded: 2026-06-08 07:25:18.086006+00:00)
2026-08-01 12:58:14 | INFO | Found latest version of tu93: tu93-0768757b (downloaded: 2026-06-08 07:25:18.086006+00:00)
2026-08-01 12:58:15 | INFO | Found latest version of tu93: tu93-0768757b (downloaded: 2026-06-08 07:25:18.086006+00:00)
2026-08-01 12:58:15 | INFO | Found latest version of tu93: tu93-0768757b (downloaded: 2026-06-08 07:25:18.086006+00:00)
2026-08-01 12:58:15 | INFO | Found latest version of tu93: tu93-0768757b (downloaded: 2026-06-08 07:25:18.086006+00:00)
2026-08-01 12:58:15 | INFO | Found latest version of tu93: tu93-0768757b (downloaded: 2026-06-08 07:25:18.086006+00:00)
2026-08-01 12:58:15 | INFO | Found latest version of tu93: tu93-0768757b (downloaded: 2026-06-08 07:25:18.086006+00:00)
2026-08-01 12:58:15 | INFO | Found latest version of tu93: tu93-0768757b (downloaded: 2026-06-08 07:25:18.086006+00:00)
2026-08-01 12:58:15 | INFO | Found latest version of tu93: tu93-0768757b (downloaded: 2026-06-08 07:25:18.086006+00:00)
2026-08-01 12:58:15 | INFO | Found latest version of tu93: tu93-0768757b (downloaded: 2026-06-08 07:25:18.086006+00:00)
2026-08-01 12:58:15 | INFO | Found latest version of tu93: tu93-0768757b (downloaded: 2026-06-08 07:25:18.086006+00:00)
2026-08-01 12:58:15 | INFO | Found latest version of tu93: tu93-0768757b (downloaded: 2026-06-08 07:25:18.086006+00:00)
2026-08-01 12:58:15 | INFO | Found latest version of tu93: tu93-0768757b (downloaded: 2026-06-08 07:25:18.086006+00:00)
2026-08-01 12:58:15 | INFO | Found latest version of tu93: tu93-0768757b (downloaded: 2026-06-08 07:25:18.086006+00:00)
2026-08-01 12:58:15 | INFO | Found latest version of tu93: tu93-0768757b (downloaded: 2026-06-08 07:25:18.086006+00:00)
2026-08-01 12:58:15 | INFO | Found latest version of tu93: tu93-0768757b (downloaded: 2026-06-08 07:25:18.086006+00:00)
2026-08-01 12:58:15 | INFO | Found latest version of tu93: tu93-0768757b (downloaded: 2026-06-08 07:25:18.086006+00:00)
2026-08-01 12:58:15 | INFO | Found latest version of tu93: tu93-0768757b (downloaded: 2026-06-08 07:25:18.086006+00:00)
2026-08-01 12:58:15 | INFO | Found latest version of tu93: tu93-0768757b (downloaded: 2026-06-08 07:25:18.086006+00:00)
2026-08-01 12:58:15 | INFO | Found latest version of tu93: tu93-0768757b (downloaded: 2026-06-08 07:25:18.086006+00:00)
2026-08-01 12:58:15 | INFO | Found latest version of tu93: tu93-0768757b (downloaded: 2026-06-08 07:25:18.086006+00:00)
2026-08-01 12:58:15 | INFO | Found latest version of tu93: tu93-0768757b (downloaded: 2026-06-08 07:25:18.086006+00:00)
2026-08-01 12:58:15 | INFO | Found latest version of tu93: tu93-0768757b (downloaded: 2026-06-08 07:25:18.086006+00:00)
2026-08-01 12:58:15 | INFO | Found latest version of tu93: tu93-0768757b (downloaded: 2026-06-08 07:25:18.086006+00:00)
2026-08-01 12:58:15 | INFO | Found latest version of tu93: tu93-0768757b (downloaded: 2026-06-08 07:25:18.086006+00:00)
2026-08-01 12:58:15 | INFO | Found latest version of tu93: tu93-0768757b (downloaded: 2026-06-08 07:25:18.086006+00:00)
2026-08-01 12:58:15 | INFO | Found latest version of tu93: tu93-0768757b (downloaded: 2026-06-08 07:25:18.086006+00:00)
2026-08-01 12:58:15 | INFO | Found latest version of tu93: tu93-0768757b (downloaded: 2026-06-08 07:25:18.086006+00:00)
2026-08-01 12:58:15 | INFO | Found latest version of tu93: tu93-0768757b (downloaded: 2026-06-08 07:25:18.086006+00:00)
2026-08-01 12:58:15 | INFO | Found latest version of tu93: tu93-0768757b (downloaded: 2026-06-08 07:25:18.086006+00:00)
2026-08-01 12:58:15 | INFO | Found latest version of tu93: tu93-0768757b (downloaded: 2026-06-08 07:25:18.086006+00:00)
2026-08-01 12:58:15 | INFO | Found latest version of tu93: tu93-0768757b (downloaded: 2026-06-08 07:25:18.086006+00:00)
2026-08-01 12:58:15 | INFO | Found latest version of tu93: tu93-0768757b (downloaded: 2026-06-08 07:25:18.086006+00:00)
2026-08-01 12:58:15 | INFO | Found latest version of tu93: tu93-0768757b (downloaded: 2026-06-08 07:25:18.086006+00:00)
2026-08-01 12:58:15 | INFO | Found latest version of tu93: tu93-0768757b (downloaded: 2026-06-08 07:25:18.086006+00:00)
2026-08-01 12:58:15 | INFO | Found latest version of tu93: tu93-0768757b (downloaded: 2026-06-08 07:25:18.086006+00:00)
2026-08-01 12:58:16 | INFO | Found latest version of tu93: tu93-0768757b (downloaded: 2026-06-08 07:25:18.086006+00:00)
2026-08-01 12:58:16 | INFO | Found latest version of tu93: tu93-0768757b (downloaded: 2026-06-08 07:25:18.086006+00:00)
2026-08-01 12:58:16 | INFO | Found latest version of tu93: tu93-0768757b (downloaded: 2026-06-08 07:25:18.086006+00:00)
2026-08-01 12:58:16 | INFO | Found latest version of tu93: tu93-0768757b (downloaded: 2026-06-08 07:25:18.086006+00:00)
2026-08-01 12:58:16 | INFO | Found latest version of tu93: tu93-0768757b (downloaded: 2026-06-08 07:25:18.086006+00:00)
2026-08-01 12:58:16 | INFO | Found latest version of tu93: tu93-0768757b (downloaded: 2026-06-08 07:25:18.086006+00:00)
2026-08-01 12:58:16 | INFO | Found latest version of tu93: tu93-0768757b (downloaded: 2026-06-08 07:25:18.086006+00:00)
2026-08-01 12:58:16 | INFO | Found latest version of tu93: tu93-0768757b (downloaded: 2026-06-08 07:25:18.086006+00:00)
2026-08-01 12:58:16 | INFO | Found latest version of tu93: tu93-0768757b (downloaded: 2026-06-08 07:25:18.086006+00:00)
2026-08-01 12:58:16 | INFO | Found latest version of tu93: tu93-0768757b (downloaded: 2026-06-08 07:25:18.086006+00:00)
2026-08-01 12:58:16 | INFO | Found latest version of tu93: tu93-0768757b (downloaded: 2026-06-08 07:25:18.086006+00:00)
2026-08-01 12:58:16 | INFO | Found latest version of tu93: tu93-0768757b (downloaded: 2026-06-08 07:25:18.086006+00:00)
2026-08-01 12:58:16 | INFO | Found latest version of tu93: tu93-0768757b (downloaded: 2026-06-08 07:25:18.086006+00:00)
2026-08-01 12:58:16 | INFO | Found latest version of tu93: tu93-0768757b (downloaded: 2026-06-08 07:25:18.086006+00:00)
2026-08-01 12:58:16 | INFO | Found latest version of tu93: tu93-0768757b (downloaded: 2026-06-08 07:25:18.086006+00:00)
2026-08-01 12:58:16 | INFO | Found latest version of tu93: tu93-0768757b (downloaded: 2026-06-08 07:25:18.086006+00:00)
2026-08-01 12:58:16 | INFO | Found latest version of tu93: tu93-0768757b (downloaded: 2026-06-08 07:25:18.086006+00:00)
2026-08-01 12:58:16 | INFO | Found latest version of tu93: tu93-0768757b (downloaded: 2026-06-08 07:25:18.086006+00:00)
2026-08-01 12:58:16 | INFO | Found latest version of tu93: tu93-0768757b (downloaded: 2026-06-08 07:25:18.086006+00:00)
2026-08-01 12:58:16 | INFO | Found latest version of tu93: tu93-0768757b (downloaded: 2026-06-08 07:25:18.086006+00:00)
2026-08-01 12:58:16 | INFO | Found latest version of tu93: tu93-0768757b (downloaded: 2026-06-08 07:25:18.086006+00:00)
2026-08-01 12:58:16 | INFO | Found latest version of tu93: tu93-0768757b (downloaded: 2026-06-08 07:25:18.086006+00:00)
2026-08-01 12:58:16 | INFO | Found latest version of tu93: tu93-0768757b (downloaded: 2026-06-08 07:25:18.086006+00:00)
2026-08-01 12:58:16 | INFO | Found latest version of tu93: tu93-0768757b (downloaded: 2026-06-08 07:25:18.086006+00:00)
2026-08-01 12:58:16 | INFO | Found latest version of tu93: tu93-0768757b (downloaded: 2026-06-08 07:25:18.086006+00:00)
2026-08-01 12:58:16 | INFO | Found latest version of tu93: tu93-0768757b (downloaded: 2026-06-08 07:25:18.086006+00:00)
2026-08-01 12:58:16 | INFO | Found latest version of tu93: tu93-0768757b (downloaded: 2026-06-08 07:25:18.086006+00:00)
2026-08-01 12:58:16 | INFO | Found latest version of tu93: tu93-0768757b (downloaded: 2026-06-08 07:25:18.086006+00:00)
2026-08-01 12:58:16 | INFO | Found latest version of tu93: tu93-0768757b (downloaded: 2026-06-08 07:25:18.086006+00:00)
2026-08-01 12:58:16 | INFO | Found latest version of tu93: tu93-0768757b (downloaded: 2026-06-08 07:25:18.086006+00:00)
2026-08-01 12:58:16 | INFO | Found latest version of tu93: tu93-0768757b (downloaded: 2026-06-08 07:25:18.086006+00:00)
2026-08-01 12:58:16 | INFO | Found latest version of tu93: tu93-0768757b (downloaded: 2026-06-08 07:25:18.086006+00:00)
2026-08-01 12:58:16 | INFO | Found latest version of tu93: tu93-0768757b (downloaded: 2026-06-08 07:25:18.086006+00:00)
2026-08-01 12:58:16 | INFO | Found latest version of tu93: tu93-0768757b (downloaded: 2026-06-08 07:25:18.086006+00:00)
2026-08-01 12:58:16 | INFO | Found latest version of tu93: tu93-0768757b (downloaded: 2026-06-08 07:25:18.086006+00:00)
2026-08-01 12:58:16 | INFO | Found latest version of tu93: tu93-0768757b (downloaded: 2026-06-08 07:25:18.086006+00:00)
2026-08-01 12:58:16 | INFO | Found latest version of tu93: tu93-0768757b (downloaded: 2026-06-08 07:25:18.086006+00:00)
2026-08-01 12:58:16 | INFO | Found latest version of tu93: tu93-0768757b (downloaded: 2026-06-08 07:25:18.086006+00:00)
2026-08-01 12:58:16 | INFO | Found latest version of tu93: tu93-0768757b (downloaded: 2026-06-08 07:25:18.086006+00:00)
2026-08-01 12:58:16 | INFO | Found latest version of tu93: tu93-0768757b (downloaded: 2026-06-08 07:25:18.086006+00:00)
2026-08-01 12:58:16 | INFO | Found latest version of tu93: tu93-0768757b (downloaded: 2026-06-08 07:25:18.086006+00:00)
2026-08-01 12:58:16 | INFO | Found latest version of tu93: tu93-0768757b (downloaded: 2026-06-08 07:25:18.086006+00:00)
2026-08-01 12:58:16 | INFO | Found latest version of tu93: tu93-0768757b (downloaded: 2026-06-08 07:25:18.086006+00:00)
2026-08-01 12:58:16 | INFO | Found latest version of tu93: tu93-0768757b (downloaded: 2026-06-08 07:25:18.086006+00:00)
2026-08-01 12:58:16 | INFO | Found latest version of tu93: tu93-0768757b (downloaded: 2026-06-08 07:25:18.086006+00:00)
2026-08-01 12:58:16 | INFO | Found latest version of tu93: tu93-0768757b (downloaded: 2026-06-08 07:25:18.086006+00:00)
2026-08-01 12:58:16 | INFO | Found latest version of tu93: tu93-0768757b (downloaded: 2026-06-08 07:25:18.086006+00:00)
2026-08-01 12:58:16 | INFO | Found latest version of tu93: tu93-0768757b (downloaded: 2026-06-08 07:25:18.086006+00:00)
2026-08-01 12:58:16 | INFO | Found latest version of tu93: tu93-0768757b (downloaded: 2026-06-08 07:25:18.086006+00:00)
2026-08-01 12:58:16 | INFO | Found latest version of tu93: tu93-0768757b (downloaded: 2026-06-08 07:25:18.086006+00:00)
2026-08-01 12:58:16 | INFO | Found latest version of tu93: tu93-0768757b (downloaded: 2026-06-08 07:25:18.086006+00:00)
2026-08-01 12:58:16 | INFO | Found latest version of tu93: tu93-0768757b (downloaded: 2026-06-08 07:25:18.086006+00:00)
2026-08-01 12:58:16 | INFO | Found latest version of tu93: tu93-0768757b (downloaded: 2026-06-08 07:25:18.086006+00:00)
2026-08-01 12:58:16 | INFO | Found latest version of tu93: tu93-0768757b (downloaded: 2026-06-08 07:25:18.086006+00:00)
2026-08-01 12:58:16 | INFO | Found latest version of tu93: tu93-0768757b (downloaded: 2026-06-08 07:25:18.086006+00:00)
2026-08-01 12:58:16 | INFO | Found latest version of tu93: tu93-0768757b (downloaded: 2026-06-08 07:25:18.086006+00:00)
2026-08-01 12:58:16 | INFO | Found latest version of tu93: tu93-0768757b (downloaded: 2026-06-08 07:25:18.086006+00:00)
2026-08-01 12:58:16 | INFO | Found latest version of tu93: tu93-0768757b (downloaded: 2026-06-08 07:25:18.086006+00:00)
2026-08-01 12:58:16 | INFO | Found latest version of tu93: tu93-0768757b (downloaded: 2026-06-08 07:25:18.086006+00:00)
2026-08-01 12:58:16 | INFO | Found latest version of tu93: tu93-0768757b (downloaded: 2026-06-08 07:25:18.086006+00:00)
2026-08-01 12:58:16 | INFO | Found latest version of tu93: tu93-0768757b (downloaded: 2026-06-08 07:25:18.086006+00:00)
2026-08-01 12:58:16 | INFO | Found latest version of tu93: tu93-0768757b (downloaded: 2026-06-08 07:25:18.086006+00:00)
2026-08-01 12:58:16 | INFO | Found latest version of tu93: tu93-0768757b (downloaded: 2026-06-08 07:25:18.086006+00:00)
2026-08-01 12:58:17 | INFO | Found latest version of tu93: tu93-0768757b (downloaded: 2026-06-08 07:25:18.086006+00:00)
2026-08-01 12:58:17 | INFO | Found latest version of tu93: tu93-0768757b (downloaded: 2026-06-08 07:25:18.086006+00:00)
2026-08-01 12:58:17 | INFO | Found latest version of tu93: tu93-0768757b (downloaded: 2026-06-08 07:25:18.086006+00:00)
2026-08-01 12:58:17 | INFO | Found latest version of tu93: tu93-0768757b (downloaded: 2026-06-08 07:25:18.086006+00:00)
2026-08-01 12:58:17 | INFO | Found latest version of tu93: tu93-0768757b (downloaded: 2026-06-08 07:25:18.086006+00:00)
2026-08-01 12:58:17 | INFO | Found latest version of tu93: tu93-0768757b (downloaded: 2026-06-08 07:25:18.086006+00:00)
2026-08-01 12:58:17 | INFO | Found latest version of tu93: tu93-0768757b (downloaded: 2026-06-08 07:25:18.086006+00:00)
2026-08-01 12:58:17 | INFO | Found latest version of tu93: tu93-0768757b (downloaded: 2026-06-08 07:25:18.086006+00:00)
2026-08-01 12:58:17 | INFO | Found latest version of tu93: tu93-0768757b (downloaded: 2026-06-08 07:25:18.086006+00:00)
2026-08-01 12:58:17 | INFO | Found latest version of tu93: tu93-0768757b (downloaded: 2026-06-08 07:25:18.086006+00:00)
2026-08-01 12:58:17 | INFO | Found latest version of tu93: tu93-0768757b (downloaded: 2026-06-08 07:25:18.086006+00:00)
2026-08-01 12:58:17 | INFO | Found latest version of tu93: tu93-0768757b (downloaded: 2026-06-08 07:25:18.086006+00:00)
2026-08-01 12:58:17 | INFO | Found latest version of tu93: tu93-0768757b (downloaded: 2026-06-08 07:25:18.086006+00:00)
2026-08-01 12:58:17 | INFO | Found latest version of tu93: tu93-0768757b (downloaded: 2026-06-08 07:25:18.086006+00:00)
2026-08-01 12:58:17 | INFO | Found latest version of tu93: tu93-0768757b (downloaded: 2026-06-08 07:25:18.086006+00:00)
2026-08-01 12:58:17 | INFO | Found latest version of tu93: tu93-0768757b (downloaded: 2026-06-08 07:25:18.086006+00:00)
2026-08-01 12:58:17 | INFO | Found latest version of tu93: tu93-0768757b (downloaded: 2026-06-08 07:25:18.086006+00:00)
2026-08-01 12:58:17 | INFO | Found latest version of tu93: tu93-0768757b (downloaded: 2026-06-08 07:25:18.086006+00:00)
2026-08-01 12:58:17 | INFO | Found latest version of tu93: tu93-0768757b (downloaded: 2026-06-08 07:25:18.086006+00:00)
2026-08-01 12:58:17 | INFO | Found latest version of tu93: tu93-0768757b (downloaded: 2026-06-08 07:25:18.086006+00:00)
INFO:arc_agi.scorecard:Initialized ScorecardManager with idle_for=0:15:00 and max_open_for=3 days, 0:00:00
2026-08-01 12:58:17 | INFO | Created new scorecard: 0c727184-cb44-4289-a71c-98f5fcc8d0ea
2026-08-01 12:58:17 | INFO | Found latest version of tu93: tu93-0768757b (downloaded: 2026-06-08 07:25:18.086006+00:00)
INFO:arc_agi.scorecard:Initialized ScorecardManager with idle_for=0:15:00 and max_open_for=3 days, 0:00:00
2026-08-01 12:58:17 | INFO | Created new scorecard: 34c5ccd2-dc8f-428f-a67f-18f942e7c1a4
2026-08-01 12:58:17 | INFO | Found latest version of tu93: tu93-0768757b (downloaded: 2026-06-08 07:25:18.086006+00:00)
INFO:arc_agi.scorecard:Initialized ScorecardManager with idle_for=0:15:00 and max_open_for=3 days, 0:00:00
2026-08-01 12:58:17 | INFO | Created new scorecard: 14b89a0b-65ce-4c20-ae7b-a5aac9518b50
2026-08-01 12:58:17 | INFO | Found latest version of cn04: cn04-2fe56bfb (downloaded: 2026-06-08 07:25:21.406909+00:00)
2026-08-01 12:58:17 | INFO | Successfully loaded game class Cn04 from /home/ianblenke/github.com/ianblenke/carnot/environment_files/cn04/2fe56bfb/cn04.py
INFO:arc_agi.scorecard:Initialized ScorecardManager with idle_for=0:15:00 and max_open_for=3 days, 0:00:00
2026-08-01 12:58:17 | INFO | Created new scorecard: 65a1ffde-6757-46fc-a027-998b2b2eafb9
2026-08-01 12:58:17 | INFO | Found latest version of cn04: cn04-2fe56bfb (downloaded: 2026-06-08 07:25:21.406909+00:00)
2026-08-01 12:58:17 | INFO | Found latest version of cn04: cn04-2fe56bfb (downloaded: 2026-06-08 07:25:21.406909+00:00)
2026-08-01 12:58:17 | INFO | Found latest version of cn04: cn04-2fe56bfb (downloaded: 2026-06-08 07:25:21.406909+00:00)
2026-08-01 12:58:17 | INFO | Found latest version of cn04: cn04-2fe56bfb (downloaded: 2026-06-08 07:25:21.406909+00:00)
2026-08-01 12:58:17 | INFO | Found latest version of cn04: cn04-2fe56bfb (downloaded: 2026-06-08 07:25:21.406909+00:00)
2026-08-01 12:58:17 | INFO | Found latest version of cn04: cn04-2fe56bfb (downloaded: 2026-06-08 07:25:21.406909+00:00)
2026-08-01 12:58:17 | INFO | Found latest version of cn04: cn04-2fe56bfb (downloaded: 2026-06-08 07:25:21.406909+00:00)
2026-08-01 12:58:17 | INFO | Found latest version of cn04: cn04-2fe56bfb (downloaded: 2026-06-08 07:25:21.406909+00:00)
2026-08-01 12:58:17 | INFO | Found latest version of cn04: cn04-2fe56bfb (downloaded: 2026-06-08 07:25:21.406909+00:00)
2026-08-01 12:58:17 | INFO | Found latest version of cn04: cn04-2fe56bfb (downloaded: 2026-06-08 07:25:21.406909+00:00)
2026-08-01 12:58:17 | INFO | Found latest version of cn04: cn04-2fe56bfb (downloaded: 2026-06-08 07:25:21.406909+00:00)
2026-08-01 12:58:17 | INFO | Found latest version of cn04: cn04-2fe56bfb (downloaded: 2026-06-08 07:25:21.406909+00:00)
2026-08-01 12:58:17 | INFO | Found latest version of cn04: cn04-2fe56bfb (downloaded: 2026-06-08 07:25:21.406909+00:00)
2026-08-01 12:58:17 | INFO | Found latest version of cn04: cn04-2fe56bfb (downloaded: 2026-06-08 07:25:21.406909+00:00)
2026-08-01 12:58:17 | INFO | Found latest version of cn04: cn04-2fe56bfb (downloaded: 2026-06-08 07:25:21.406909+00:00)
2026-08-01 12:58:17 | INFO | Found latest version of cn04: cn04-2fe56bfb (downloaded: 2026-06-08 07:25:21.406909+00:00)
2026-08-01 12:58:17 | INFO | Found latest version of cn04: cn04-2fe56bfb (downloaded: 2026-06-08 07:25:21.406909+00:00)
2026-08-01 12:58:17 | INFO | Found latest version of cn04: cn04-2fe56bfb (downloaded: 2026-06-08 07:25:21.406909+00:00)
2026-08-01 12:58:17 | INFO | Found latest version of cn04: cn04-2fe56bfb (downloaded: 2026-06-08 07:25:21.406909+00:00)
2026-08-01 12:58:17 | INFO | Found latest version of cn04: cn04-2fe56bfb (downloaded: 2026-06-08 07:25:21.406909+00:00)
2026-08-01 12:58:17 | INFO | Found latest version of cn04: cn04-2fe56bfb (downloaded: 2026-06-08 07:25:21.406909+00:00)
2026-08-01 12:58:17 | INFO | Found latest version of cn04: cn04-2fe56bfb (downloaded: 2026-06-08 07:25:21.406909+00:00)
2026-08-01 12:58:17 | INFO | Found latest version of cn04: cn04-2fe56bfb (downloaded: 2026-06-08 07:25:21.406909+00:00)
2026-08-01 12:58:17 | INFO | Found latest version of cn04: cn04-2fe56bfb (downloaded: 2026-06-08 07:25:21.406909+00:00)
2026-08-01 12:58:17 | INFO | Found latest version of cn04: cn04-2fe56bfb (downloaded: 2026-06-08 07:25:21.406909+00:00)
2026-08-01 12:58:17 | INFO | Found latest version of cn04: cn04-2fe56bfb (downloaded: 2026-06-08 07:25:21.406909+00:00)
2026-08-01 12:58:17 | INFO | Found latest version of cn04: cn04-2fe56bfb (downloaded: 2026-06-08 07:25:21.406909+00:00)
INFO:arc_agi.scorecard:Initialized ScorecardManager with idle_for=0:15:00 and max_open_for=3 days, 0:00:00
2026-08-01 12:58:17 | INFO | Created new scorecard: 53a9f46f-8ec7-4ee4-a519-b758580e7eda
2026-08-01 12:58:17 | INFO | Found latest version of cn04: cn04-2fe56bfb (downloaded: 2026-06-08 07:25:21.406909+00:00)
INFO:arc_agi.scorecard:Initialized ScorecardManager with idle_for=0:15:00 and max_open_for=3 days, 0:00:00
2026-08-01 12:58:17 | INFO | Created new scorecard: cb96cca1-fef8-43e1-a41e-16c7ca972c8a
2026-08-01 12:58:17 | INFO | Found latest version of cn04: cn04-2fe56bfb (downloaded: 2026-06-08 07:25:21.406909+00:00)
INFO:arc_agi.scorecard:Initialized ScorecardManager with idle_for=0:15:00 and max_open_for=3 days, 0:00:00
2026-08-01 12:58:17 | INFO | Created new scorecard: cbf99e82-0cde-43a0-8b0e-4f21a5f5112d
2026-08-01 12:58:17 | INFO | Found latest version of m0r0: m0r0-492f87ba (downloaded: 2026-06-08 07:25:20.521902+00:00)
2026-08-01 12:58:17 | INFO | Successfully loaded game class M0r0 from /home/ianblenke/github.com/ianblenke/carnot/environment_files/m0r0/492f87ba/m0r0.py
INFO:arc_agi.scorecard:Initialized ScorecardManager with idle_for=0:15:00 and max_open_for=3 days, 0:00:00
2026-08-01 12:58:17 | INFO | Created new scorecard: 06bcec79-7284-4fc0-b2a8-4124c3f7b371
2026-08-01 12:58:17 | INFO | Found latest version of m0r0: m0r0-492f87ba (downloaded: 2026-06-08 07:25:20.521902+00:00)
2026-08-01 12:58:17 | INFO | Found latest version of m0r0: m0r0-492f87ba (downloaded: 2026-06-08 07:25:20.521902+00:00)
2026-08-01 12:58:17 | INFO | Found latest version of m0r0: m0r0-492f87ba (downloaded: 2026-06-08 07:25:20.521902+00:00)
2026-08-01 12:58:17 | INFO | Found latest version of m0r0: m0r0-492f87ba (downloaded: 2026-06-08 07:25:20.521902+00:00)
2026-08-01 12:58:17 | INFO | Found latest version of m0r0: m0r0-492f87ba (downloaded: 2026-06-08 07:25:20.521902+00:00)
2026-08-01 12:58:17 | INFO | Found latest version of m0r0: m0r0-492f87ba (downloaded: 2026-06-08 07:25:20.521902+00:00)
2026-08-01 12:58:17 | INFO | Found latest version of m0r0: m0r0-492f87ba (downloaded: 2026-06-08 07:25:20.521902+00:00)
2026-08-01 12:58:17 | INFO | Found latest version of m0r0: m0r0-492f87ba (downloaded: 2026-06-08 07:25:20.521902+00:00)
2026-08-01 12:58:17 | INFO | Found latest version of m0r0: m0r0-492f87ba (downloaded: 2026-06-08 07:25:20.521902+00:00)
2026-08-01 12:58:17 | INFO | Found latest version of m0r0: m0r0-492f87ba (downloaded: 2026-06-08 07:25:20.521902+00:00)
2026-08-01 12:58:17 | INFO | Found latest version of m0r0: m0r0-492f87ba (downloaded: 2026-06-08 07:25:20.521902+00:00)
2026-08-01 12:58:17 | INFO | Found latest version of m0r0: m0r0-492f87ba (downloaded: 2026-06-08 07:25:20.521902+00:00)
2026-08-01 12:58:17 | INFO | Found latest version of m0r0: m0r0-492f87ba (downloaded: 2026-06-08 07:25:20.521902+00:00)
2026-08-01 12:58:17 | INFO | Found latest version of m0r0: m0r0-492f87ba (downloaded: 2026-06-08 07:25:20.521902+00:00)
2026-08-01 12:58:17 | INFO | Found latest version of m0r0: m0r0-492f87ba (downloaded: 2026-06-08 07:25:20.521902+00:00)
2026-08-01 12:58:17 | INFO | Found latest version of m0r0: m0r0-492f87ba (downloaded: 2026-06-08 07:25:20.521902+00:00)
2026-08-01 12:58:17 | INFO | Found latest version of m0r0: m0r0-492f87ba (downloaded: 2026-06-08 07:25:20.521902+00:00)
2026-08-01 12:58:17 | INFO | Found latest version of m0r0: m0r0-492f87ba (downloaded: 2026-06-08 07:25:20.521902+00:00)
2026-08-01 12:58:17 | INFO | Found latest version of m0r0: m0r0-492f87ba (downloaded: 2026-06-08 07:25:20.521902+00:00)
2026-08-01 12:58:17 | INFO | Found latest version of m0r0: m0r0-492f87ba (downloaded: 2026-06-08 07:25:20.521902+00:00)
2026-08-01 12:58:17 | INFO | Found latest version of m0r0: m0r0-492f87ba (downloaded: 2026-06-08 07:25:20.521902+00:00)
2026-08-01 12:58:17 | INFO | Found latest version of m0r0: m0r0-492f87ba (downloaded: 2026-06-08 07:25:20.521902+00:00)
2026-08-01 12:58:17 | INFO | Found latest version of m0r0: m0r0-492f87ba (downloaded: 2026-06-08 07:25:20.521902+00:00)
2026-08-01 12:58:17 | INFO | Found latest version of m0r0: m0r0-492f87ba (downloaded: 2026-06-08 07:25:20.521902+00:00)
2026-08-01 12:58:17 | INFO | Found latest version of m0r0: m0r0-492f87ba (downloaded: 2026-06-08 07:25:20.521902+00:00)
2026-08-01 12:58:17 | INFO | Found latest version of m0r0: m0r0-492f87ba (downloaded: 2026-06-08 07:25:20.521902+00:00)
2026-08-01 12:58:17 | INFO | Found latest version of m0r0: m0r0-492f87ba (downloaded: 2026-06-08 07:25:20.521902+00:00)
2026-08-01 12:58:17 | INFO | Found latest version of m0r0: m0r0-492f87ba (downloaded: 2026-06-08 07:25:20.521902+00:00)
2026-08-01 12:58:17 | INFO | Found latest version of m0r0: m0r0-492f87ba (downloaded: 2026-06-08 07:25:20.521902+00:00)
2026-08-01 12:58:17 | INFO | Found latest version of m0r0: m0r0-492f87ba (downloaded: 2026-06-08 07:25:20.521902+00:00)
2026-08-01 12:58:17 | INFO | Found latest version of m0r0: m0r0-492f87ba (downloaded: 2026-06-08 07:25:20.521902+00:00)
INFO:arc_agi.scorecard:Initialized ScorecardManager with idle_for=0:15:00 and max_open_for=3 days, 0:00:00
2026-08-01 12:58:17 | INFO | Created new scorecard: fc57655c-220b-4cf8-a7b6-130093999e91
2026-08-01 12:58:17 | INFO | Found latest version of m0r0: m0r0-492f87ba (downloaded: 2026-06-08 07:25:20.521902+00:00)
INFO:arc_agi.scorecard:Initialized ScorecardManager with idle_for=0:15:00 and max_open_for=3 days, 0:00:00
2026-08-01 12:58:17 | INFO | Created new scorecard: bda5acb2-a4fc-43c3-ae2a-e7dee51fe115
2026-08-01 12:58:17 | INFO | Found latest version of m0r0: m0r0-492f87ba (downloaded: 2026-06-08 07:25:20.521902+00:00)
INFO:arc_agi.scorecard:Initialized ScorecardManager with idle_for=0:15:00 and max_open_for=3 days, 0:00:00
2026-08-01 12:58:17 | INFO | Created new scorecard: 49f95744-bf9a-4846-acc7-21e14a79010d
2026-08-01 12:58:17 | INFO | Found latest version of sk48: sk48-d8078629 (downloaded: 2026-06-08 07:25:17.742140+00:00)
2026-08-01 12:58:17 | INFO | Successfully loaded game class Sk48 from /home/ianblenke/github.com/ianblenke/carnot/environment_files/sk48/d8078629/sk48.py
INFO:arc_agi.scorecard:Initialized ScorecardManager with idle_for=0:15:00 and max_open_for=3 days, 0:00:00
2026-08-01 12:58:17 | INFO | Created new scorecard: 4d8f0afd-4461-4c7e-8373-c0c6e09db8f4
2026-08-01 12:58:17 | INFO | Found latest version of sk48: sk48-d8078629 (downloaded: 2026-06-08 07:25:17.742140+00:00)
2026-08-01 12:58:17 | INFO | Found latest version of sk48: sk48-d8078629 (downloaded: 2026-06-08 07:25:17.742140+00:00)
2026-08-01 12:58:17 | INFO | Found latest version of sk48: sk48-d8078629 (downloaded: 2026-06-08 07:25:17.742140+00:00)
2026-08-01 12:58:17 | INFO | Found latest version of sk48: sk48-d8078629 (downloaded: 2026-06-08 07:25:17.742140+00:00)
2026-08-01 12:58:17 | INFO | Found latest version of sk48: sk48-d8078629 (downloaded: 2026-06-08 07:25:17.742140+00:00)
2026-08-01 12:58:17 | INFO | Found latest version of sk48: sk48-d8078629 (downloaded: 2026-06-08 07:25:17.742140+00:00)
2026-08-01 12:58:17 | INFO | Found latest version of sk48: sk48-d8078629 (downloaded: 2026-06-08 07:25:17.742140+00:00)
2026-08-01 12:58:17 | INFO | Found latest version of sk48: sk48-d8078629 (downloaded: 2026-06-08 07:25:17.742140+00:00)
2026-08-01 12:58:18 | INFO | Found latest version of sk48: sk48-d8078629 (downloaded: 2026-06-08 07:25:17.742140+00:00)
2026-08-01 12:58:18 | INFO | Found latest version of sk48: sk48-d8078629 (downloaded: 2026-06-08 07:25:17.742140+00:00)
2026-08-01 12:58:18 | INFO | Found latest version of sk48: sk48-d8078629 (downloaded: 2026-06-08 07:25:17.742140+00:00)
2026-08-01 12:58:18 | INFO | Found latest version of sk48: sk48-d8078629 (downloaded: 2026-06-08 07:25:17.742140+00:00)
2026-08-01 12:58:18 | INFO | Found latest version of sk48: sk48-d8078629 (downloaded: 2026-06-08 07:25:17.742140+00:00)
2026-08-01 12:58:18 | INFO | Found latest version of sk48: sk48-d8078629 (downloaded: 2026-06-08 07:25:17.742140+00:00)
2026-08-01 12:58:18 | INFO | Found latest version of sk48: sk48-d8078629 (downloaded: 2026-06-08 07:25:17.742140+00:00)
2026-08-01 12:58:18 | INFO | Found latest version of sk48: sk48-d8078629 (downloaded: 2026-06-08 07:25:17.742140+00:00)
2026-08-01 12:58:18 | INFO | Found latest version of sk48: sk48-d8078629 (downloaded: 2026-06-08 07:25:17.742140+00:00)
2026-08-01 12:58:18 | INFO | Found latest version of sk48: sk48-d8078629 (downloaded: 2026-06-08 07:25:17.742140+00:00)
2026-08-01 12:58:18 | INFO | Found latest version of sk48: sk48-d8078629 (downloaded: 2026-06-08 07:25:17.742140+00:00)
2026-08-01 12:58:18 | INFO | Found latest version of sk48: sk48-d8078629 (downloaded: 2026-06-08 07:25:17.742140+00:00)
2026-08-01 12:58:18 | INFO | Found latest version of sk48: sk48-d8078629 (downloaded: 2026-06-08 07:25:17.742140+00:00)
2026-08-01 12:58:18 | INFO | Found latest version of sk48: sk48-d8078629 (downloaded: 2026-06-08 07:25:17.742140+00:00)
2026-08-01 12:58:18 | INFO | Found latest version of sk48: sk48-d8078629 (downloaded: 2026-06-08 07:25:17.742140+00:00)
2026-08-01 12:58:18 | INFO | Found latest version of sk48: sk48-d8078629 (downloaded: 2026-06-08 07:25:17.742140+00:00)
2026-08-01 12:58:18 | INFO | Found latest version of sk48: sk48-d8078629 (downloaded: 2026-06-08 07:25:17.742140+00:00)
2026-08-01 12:58:18 | INFO | Found latest version of sk48: sk48-d8078629 (downloaded: 2026-06-08 07:25:17.742140+00:00)
2026-08-01 12:58:18 | INFO | Found latest version of sk48: sk48-d8078629 (downloaded: 2026-06-08 07:25:17.742140+00:00)
2026-08-01 12:58:18 | INFO | Found latest version of sk48: sk48-d8078629 (downloaded: 2026-06-08 07:25:17.742140+00:00)
2026-08-01 12:58:18 | INFO | Found latest version of sk48: sk48-d8078629 (downloaded: 2026-06-08 07:25:17.742140+00:00)
INFO:arc_agi.scorecard:Initialized ScorecardManager with idle_for=0:15:00 and max_open_for=3 days, 0:00:00
2026-08-01 12:58:18 | INFO | Created new scorecard: a5bd5bb4-28b4-407a-bc8a-6bf6ef6b0346
2026-08-01 12:58:18 | INFO | Found latest version of sk48: sk48-d8078629 (downloaded: 2026-06-08 07:25:17.742140+00:00)
INFO:arc_agi.scorecard:Initialized ScorecardManager with idle_for=0:15:00 and max_open_for=3 days, 0:00:00
2026-08-01 12:58:18 | INFO | Created new scorecard: 71d394e4-2ea3-4654-8dba-8e4c780d77e1
2026-08-01 12:58:18 | INFO | Found latest version of sk48: sk48-d8078629 (downloaded: 2026-06-08 07:25:17.742140+00:00)
INFO:arc_agi.scorecard:Initialized ScorecardManager with idle_for=0:15:00 and max_open_for=3 days, 0:00:00
2026-08-01 12:58:18 | INFO | Created new scorecard: f990dd54-f889-4271-a99f-9af2fe1411ef
2026-08-01 12:58:18 | INFO | Found latest version of ar25: ar25-0c556536 (downloaded: 2026-06-08 07:25:25.608502+00:00)
2026-08-01 12:58:18 | INFO | Successfully loaded game class Ar25 from /home/ianblenke/github.com/ianblenke/carnot/environment_files/ar25/0c556536/ar25.py
INFO:arc_agi.scorecard:Initialized ScorecardManager with idle_for=0:15:00 and max_open_for=3 days, 0:00:00
2026-08-01 12:58:18 | INFO | Created new scorecard: 84f862b3-dc61-41f4-b956-7e62993b1f3a
2026-08-01 12:58:18 | INFO | Found latest version of ar25: ar25-0c556536 (downloaded: 2026-06-08 07:25:25.608502+00:00)
2026-08-01 12:58:18 | INFO | Found latest version of ar25: ar25-0c556536 (downloaded: 2026-06-08 07:25:25.608502+00:00)
2026-08-01 12:58:18 | INFO | Found latest version of ar25: ar25-0c556536 (downloaded: 2026-06-08 07:25:25.608502+00:00)
2026-08-01 12:58:18 | INFO | Found latest version of ar25: ar25-0c556536 (downloaded: 2026-06-08 07:25:25.608502+00:00)
2026-08-01 12:58:18 | INFO | Found latest version of ar25: ar25-0c556536 (downloaded: 2026-06-08 07:25:25.608502+00:00)
2026-08-01 12:58:18 | INFO | Found latest version of ar25: ar25-0c556536 (downloaded: 2026-06-08 07:25:25.608502+00:00)
2026-08-01 12:58:18 | INFO | Found latest version of ar25: ar25-0c556536 (downloaded: 2026-06-08 07:25:25.608502+00:00)
2026-08-01 12:58:18 | INFO | Found latest version of ar25: ar25-0c556536 (downloaded: 2026-06-08 07:25:25.608502+00:00)
2026-08-01 12:58:18 | INFO | Found latest version of ar25: ar25-0c556536 (downloaded: 2026-06-08 07:25:25.608502+00:00)
2026-08-01 12:58:18 | INFO | Found latest version of ar25: ar25-0c556536 (downloaded: 2026-06-08 07:25:25.608502+00:00)
2026-08-01 12:58:18 | INFO | Found latest version of ar25: ar25-0c556536 (downloaded: 2026-06-08 07:25:25.608502+00:00)
2026-08-01 12:58:18 | INFO | Found latest version of ar25: ar25-0c556536 (downloaded: 2026-06-08 07:25:25.608502+00:00)
2026-08-01 12:58:18 | INFO | Found latest version of ar25: ar25-0c556536 (downloaded: 2026-06-08 07:25:25.608502+00:00)
2026-08-01 12:58:18 | INFO | Found latest version of ar25: ar25-0c556536 (downloaded: 2026-06-08 07:25:25.608502+00:00)
2026-08-01 12:58:18 | INFO | Found latest version of ar25: ar25-0c556536 (downloaded: 2026-06-08 07:25:25.608502+00:00)
2026-08-01 12:58:18 | INFO | Found latest version of ar25: ar25-0c556536 (downloaded: 2026-06-08 07:25:25.608502+00:00)
2026-08-01 12:58:18 | INFO | Found latest version of ar25: ar25-0c556536 (downloaded: 2026-06-08 07:25:25.608502+00:00)
2026-08-01 12:58:18 | INFO | Found latest version of ar25: ar25-0c556536 (downloaded: 2026-06-08 07:25:25.608502+00:00)
2026-08-01 12:58:18 | INFO | Found latest version of ar25: ar25-0c556536 (downloaded: 2026-06-08 07:25:25.608502+00:00)
2026-08-01 12:58:18 | INFO | Found latest version of ar25: ar25-0c556536 (downloaded: 2026-06-08 07:25:25.608502+00:00)
2026-08-01 12:58:18 | INFO | Found latest version of ar25: ar25-0c556536 (downloaded: 2026-06-08 07:25:25.608502+00:00)
2026-08-01 12:58:18 | INFO | Found latest version of ar25: ar25-0c556536 (downloaded: 2026-06-08 07:25:25.608502+00:00)
2026-08-01 12:58:18 | INFO | Found latest version of ar25: ar25-0c556536 (downloaded: 2026-06-08 07:25:25.608502+00:00)
2026-08-01 12:58:18 | INFO | Found latest version of ar25: ar25-0c556536 (downloaded: 2026-06-08 07:25:25.608502+00:00)
2026-08-01 12:58:18 | INFO | Found latest version of ar25: ar25-0c556536 (downloaded: 2026-06-08 07:25:25.608502+00:00)
2026-08-01 12:58:18 | INFO | Found latest version of ar25: ar25-0c556536 (downloaded: 2026-06-08 07:25:25.608502+00:00)
2026-08-01 12:58:18 | INFO | Found latest version of ar25: ar25-0c556536 (downloaded: 2026-06-08 07:25:25.608502+00:00)
2026-08-01 12:58:18 | INFO | Found latest version of ar25: ar25-0c556536 (downloaded: 2026-06-08 07:25:25.608502+00:00)
2026-08-01 12:58:18 | INFO | Found latest version of ar25: ar25-0c556536 (downloaded: 2026-06-08 07:25:25.608502+00:00)
2026-08-01 12:58:18 | INFO | Found latest version of ar25: ar25-0c556536 (downloaded: 2026-06-08 07:25:25.608502+00:00)
2026-08-01 12:58:18 | INFO | Found latest version of ar25: ar25-0c556536 (downloaded: 2026-06-08 07:25:25.608502+00:00)
INFO:arc_agi.scorecard:Initialized ScorecardManager with idle_for=0:15:00 and max_open_for=3 days, 0:00:00
2026-08-01 12:58:18 | INFO | Created new scorecard: de7ca38e-e67d-432e-a567-bb5a34cd7002
2026-08-01 12:58:18 | INFO | Found latest version of ar25: ar25-0c556536 (downloaded: 2026-06-08 07:25:25.608502+00:00)
INFO:arc_agi.scorecard:Initialized ScorecardManager with idle_for=0:15:00 and max_open_for=3 days, 0:00:00
2026-08-01 12:58:18 | INFO | Created new scorecard: e05cef4b-05d9-4aca-89ba-045c937aae11
2026-08-01 12:58:18 | INFO | Found latest version of ar25: ar25-0c556536 (downloaded: 2026-06-08 07:25:25.608502+00:00)
INFO:arc_agi.scorecard:Initialized ScorecardManager with idle_for=0:15:00 and max_open_for=3 days, 0:00:00
2026-08-01 12:58:18 | INFO | Created new scorecard: 473636e5-8358-4f79-b1e2-03970f54c151
2026-08-01 12:58:18 | INFO | Found latest version of tr87: tr87-cd924810 (downloaded: 2026-06-08 07:25:23.848054+00:00)
2026-08-01 12:58:18 | INFO | Successfully loaded game class Tr87 from /home/ianblenke/github.com/ianblenke/carnot/environment_files/tr87/cd924810/tr87.py
INFO:arc_agi.scorecard:Initialized ScorecardManager with idle_for=0:15:00 and max_open_for=3 days, 0:00:00
2026-08-01 12:58:18 | INFO | Created new scorecard: e4c10d56-a9f1-4522-aef1-b86b11fcaac1
2026-08-01 12:58:18 | INFO | Found latest version of tr87: tr87-cd924810 (downloaded: 2026-06-08 07:25:23.848054+00:00)
2026-08-01 12:58:18 | INFO | Found latest version of tr87: tr87-cd924810 (downloaded: 2026-06-08 07:25:23.848054+00:00)
2026-08-01 12:58:18 | INFO | Found latest version of tr87: tr87-cd924810 (downloaded: 2026-06-08 07:25:23.848054+00:00)
2026-08-01 12:58:18 | INFO | Found latest version of tr87: tr87-cd924810 (downloaded: 2026-06-08 07:25:23.848054+00:00)
2026-08-01 12:58:18 | INFO | Found latest version of tr87: tr87-cd924810 (downloaded: 2026-06-08 07:25:23.848054+00:00)
2026-08-01 12:58:18 | INFO | Found latest version of tr87: tr87-cd924810 (downloaded: 2026-06-08 07:25:23.848054+00:00)
2026-08-01 12:58:18 | INFO | Found latest version of tr87: tr87-cd924810 (downloaded: 2026-06-08 07:25:23.848054+00:00)
2026-08-01 12:58:18 | INFO | Found latest version of tr87: tr87-cd924810 (downloaded: 2026-06-08 07:25:23.848054+00:00)
2026-08-01 12:58:18 | INFO | Found latest version of tr87: tr87-cd924810 (downloaded: 2026-06-08 07:25:23.848054+00:00)
2026-08-01 12:58:18 | INFO | Found latest version of tr87: tr87-cd924810 (downloaded: 2026-06-08 07:25:23.848054+00:00)
2026-08-01 12:58:18 | INFO | Found latest version of tr87: tr87-cd924810 (downloaded: 2026-06-08 07:25:23.848054+00:00)
2026-08-01 12:58:18 | INFO | Found latest version of tr87: tr87-cd924810 (downloaded: 2026-06-08 07:25:23.848054+00:00)
2026-08-01 12:58:18 | INFO | Found latest version of tr87: tr87-cd924810 (downloaded: 2026-06-08 07:25:23.848054+00:00)
2026-08-01 12:58:18 | INFO | Found latest version of tr87: tr87-cd924810 (downloaded: 2026-06-08 07:25:23.848054+00:00)
2026-08-01 12:58:18 | INFO | Found latest version of tr87: tr87-cd924810 (downloaded: 2026-06-08 07:25:23.848054+00:00)
2026-08-01 12:58:18 | INFO | Found latest version of tr87: tr87-cd924810 (downloaded: 2026-06-08 07:25:23.848054+00:00)
2026-08-01 12:58:18 | INFO | Found latest version of tr87: tr87-cd924810 (downloaded: 2026-06-08 07:25:23.848054+00:00)
2026-08-01 12:58:18 | INFO | Found latest version of tr87: tr87-cd924810 (downloaded: 2026-06-08 07:25:23.848054+00:00)
2026-08-01 12:58:18 | INFO | Found latest version of tr87: tr87-cd924810 (downloaded: 2026-06-08 07:25:23.848054+00:00)
2026-08-01 12:58:18 | INFO | Found latest version of tr87: tr87-cd924810 (downloaded: 2026-06-08 07:25:23.848054+00:00)
2026-08-01 12:58:18 | INFO | Found latest version of tr87: tr87-cd924810 (downloaded: 2026-06-08 07:25:23.848054+00:00)
2026-08-01 12:58:18 | INFO | Found latest version of tr87: tr87-cd924810 (downloaded: 2026-06-08 07:25:23.848054+00:00)
2026-08-01 12:58:18 | INFO | Found latest version of tr87: tr87-cd924810 (downloaded: 2026-06-08 07:25:23.848054+00:00)
2026-08-01 12:58:18 | INFO | Found latest version of tr87: tr87-cd924810 (downloaded: 2026-06-08 07:25:23.848054+00:00)
2026-08-01 12:58:18 | INFO | Found latest version of tr87: tr87-cd924810 (downloaded: 2026-06-08 07:25:23.848054+00:00)
2026-08-01 12:58:18 | INFO | Found latest version of tr87: tr87-cd924810 (downloaded: 2026-06-08 07:25:23.848054+00:00)
2026-08-01 12:58:18 | INFO | Found latest version of tr87: tr87-cd924810 (downloaded: 2026-06-08 07:25:23.848054+00:00)
2026-08-01 12:58:18 | INFO | Found latest version of tr87: tr87-cd924810 (downloaded: 2026-06-08 07:25:23.848054+00:00)
2026-08-01 12:58:18 | INFO | Found latest version of tr87: tr87-cd924810 (downloaded: 2026-06-08 07:25:23.848054+00:00)
2026-08-01 12:58:18 | INFO | Found latest version of tr87: tr87-cd924810 (downloaded: 2026-06-08 07:25:23.848054+00:00)
2026-08-01 12:58:18 | INFO | Found latest version of tr87: tr87-cd924810 (downloaded: 2026-06-08 07:25:23.848054+00:00)
2026-08-01 12:58:18 | INFO | Found latest version of tr87: tr87-cd924810 (downloaded: 2026-06-08 07:25:23.848054+00:00)
2026-08-01 12:58:18 | INFO | Found latest version of tr87: tr87-cd924810 (downloaded: 2026-06-08 07:25:23.848054+00:00)
2026-08-01 12:58:18 | INFO | Found latest version of tr87: tr87-cd924810 (downloaded: 2026-06-08 07:25:23.848054+00:00)
2026-08-01 12:58:18 | INFO | Found latest version of tr87: tr87-cd924810 (downloaded: 2026-06-08 07:25:23.848054+00:00)
2026-08-01 12:58:18 | INFO | Found latest version of tr87: tr87-cd924810 (downloaded: 2026-06-08 07:25:23.848054+00:00)
2026-08-01 12:58:18 | INFO | Found latest version of tr87: tr87-cd924810 (downloaded: 2026-06-08 07:25:23.848054+00:00)
2026-08-01 12:58:18 | INFO | Found latest version of tr87: tr87-cd924810 (downloaded: 2026-06-08 07:25:23.848054+00:00)
2026-08-01 12:58:18 | INFO | Found latest version of tr87: tr87-cd924810 (downloaded: 2026-06-08 07:25:23.848054+00:00)
2026-08-01 12:58:18 | INFO | Found latest version of tr87: tr87-cd924810 (downloaded: 2026-06-08 07:25:23.848054+00:00)
2026-08-01 12:58:18 | INFO | Found latest version of tr87: tr87-cd924810 (downloaded: 2026-06-08 07:25:23.848054+00:00)
2026-08-01 12:58:18 | INFO | Found latest version of tr87: tr87-cd924810 (downloaded: 2026-06-08 07:25:23.848054+00:00)
2026-08-01 12:58:18 | INFO | Found latest version of tr87: tr87-cd924810 (downloaded: 2026-06-08 07:25:23.848054+00:00)
2026-08-01 12:58:18 | INFO | Found latest version of tr87: tr87-cd924810 (downloaded: 2026-06-08 07:25:23.848054+00:00)
2026-08-01 12:58:18 | INFO | Found latest version of tr87: tr87-cd924810 (downloaded: 2026-06-08 07:25:23.848054+00:00)
2026-08-01 12:58:18 | INFO | Found latest version of tr87: tr87-cd924810 (downloaded: 2026-06-08 07:25:23.848054+00:00)
2026-08-01 12:58:18 | INFO | Found latest version of tr87: tr87-cd924810 (downloaded: 2026-06-08 07:25:23.848054+00:00)
2026-08-01 12:58:18 | INFO | Found latest version of tr87: tr87-cd924810 (downloaded: 2026-06-08 07:25:23.848054+00:00)
2026-08-01 12:58:18 | INFO | Found latest version of tr87: tr87-cd924810 (downloaded: 2026-06-08 07:25:23.848054+00:00)
2026-08-01 12:58:18 | INFO | Found latest version of tr87: tr87-cd924810 (downloaded: 2026-06-08 07:25:23.848054+00:00)
2026-08-01 12:58:18 | INFO | Found latest version of tr87: tr87-cd924810 (downloaded: 2026-06-08 07:25:23.848054+00:00)
2026-08-01 12:58:18 | INFO | Found latest version of tr87: tr87-cd924810 (downloaded: 2026-06-08 07:25:23.848054+00:00)
2026-08-01 12:58:18 | INFO | Found latest version of tr87: tr87-cd924810 (downloaded: 2026-06-08 07:25:23.848054+00:00)
2026-08-01 12:58:18 | INFO | Found latest version of tr87: tr87-cd924810 (downloaded: 2026-06-08 07:25:23.848054+00:00)
2026-08-01 12:58:18 | INFO | Found latest version of tr87: tr87-cd924810 (downloaded: 2026-06-08 07:25:23.848054+00:00)
2026-08-01 12:58:18 | INFO | Found latest version of tr87: tr87-cd924810 (downloaded: 2026-06-08 07:25:23.848054+00:00)
2026-08-01 12:58:18 | INFO | Found latest version of tr87: tr87-cd924810 (downloaded: 2026-06-08 07:25:23.848054+00:00)
2026-08-01 12:58:18 | INFO | Found latest version of tr87: tr87-cd924810 (downloaded: 2026-06-08 07:25:23.848054+00:00)
2026-08-01 12:58:19 | INFO | Found latest version of tr87: tr87-cd924810 (downloaded: 2026-06-08 07:25:23.848054+00:00)
2026-08-01 12:58:19 | INFO | Found latest version of tr87: tr87-cd924810 (downloaded: 2026-06-08 07:25:23.848054+00:00)
2026-08-01 12:58:19 | INFO | Found latest version of tr87: tr87-cd924810 (downloaded: 2026-06-08 07:25:23.848054+00:00)
2026-08-01 12:58:19 | INFO | Found latest version of tr87: tr87-cd924810 (downloaded: 2026-06-08 07:25:23.848054+00:00)
2026-08-01 12:58:19 | INFO | Found latest version of tr87: tr87-cd924810 (downloaded: 2026-06-08 07:25:23.848054+00:00)
2026-08-01 12:58:19 | INFO | Found latest version of tr87: tr87-cd924810 (downloaded: 2026-06-08 07:25:23.848054+00:00)
2026-08-01 12:58:19 | INFO | Found latest version of tr87: tr87-cd924810 (downloaded: 2026-06-08 07:25:23.848054+00:00)
2026-08-01 12:58:19 | INFO | Found latest version of tr87: tr87-cd924810 (downloaded: 2026-06-08 07:25:23.848054+00:00)
2026-08-01 12:58:19 | INFO | Found latest version of tr87: tr87-cd924810 (downloaded: 2026-06-08 07:25:23.848054+00:00)
2026-08-01 12:58:19 | INFO | Found latest version of tr87: tr87-cd924810 (downloaded: 2026-06-08 07:25:23.848054+00:00)
2026-08-01 12:58:19 | INFO | Found latest version of tr87: tr87-cd924810 (downloaded: 2026-06-08 07:25:23.848054+00:00)
2026-08-01 12:58:19 | INFO | Found latest version of tr87: tr87-cd924810 (downloaded: 2026-06-08 07:25:23.848054+00:00)
2026-08-01 12:58:19 | INFO | Found latest version of tr87: tr87-cd924810 (downloaded: 2026-06-08 07:25:23.848054+00:00)
2026-08-01 12:58:19 | INFO | Found latest version of tr87: tr87-cd924810 (downloaded: 2026-06-08 07:25:23.848054+00:00)
2026-08-01 12:58:19 | INFO | Found latest version of tr87: tr87-cd924810 (downloaded: 2026-06-08 07:25:23.848054+00:00)
2026-08-01 12:58:19 | INFO | Found latest version of tr87: tr87-cd924810 (downloaded: 2026-06-08 07:25:23.848054+00:00)
2026-08-01 12:58:19 | INFO | Found latest version of tr87: tr87-cd924810 (downloaded: 2026-06-08 07:25:23.848054+00:00)
2026-08-01 12:58:19 | INFO | Found latest version of tr87: tr87-cd924810 (downloaded: 2026-06-08 07:25:23.848054+00:00)
2026-08-01 12:58:19 | INFO | Found latest version of tr87: tr87-cd924810 (downloaded: 2026-06-08 07:25:23.848054+00:00)
2026-08-01 12:58:19 | INFO | Found latest version of tr87: tr87-cd924810 (downloaded: 2026-06-08 07:25:23.848054+00:00)
2026-08-01 12:58:19 | INFO | Found latest version of tr87: tr87-cd924810 (downloaded: 2026-06-08 07:25:23.848054+00:00)
2026-08-01 12:58:19 | INFO | Found latest version of tr87: tr87-cd924810 (downloaded: 2026-06-08 07:25:23.848054+00:00)
2026-08-01 12:58:19 | INFO | Found latest version of tr87: tr87-cd924810 (downloaded: 2026-06-08 07:25:23.848054+00:00)
2026-08-01 12:58:19 | INFO | Found latest version of tr87: tr87-cd924810 (downloaded: 2026-06-08 07:25:23.848054+00:00)
2026-08-01 12:58:19 | INFO | Found latest version of tr87: tr87-cd924810 (downloaded: 2026-06-08 07:25:23.848054+00:00)
2026-08-01 12:58:19 | INFO | Found latest version of tr87: tr87-cd924810 (downloaded: 2026-06-08 07:25:23.848054+00:00)
2026-08-01 12:58:19 | INFO | Found latest version of tr87: tr87-cd924810 (downloaded: 2026-06-08 07:25:23.848054+00:00)
2026-08-01 12:58:19 | INFO | Found latest version of tr87: tr87-cd924810 (downloaded: 2026-06-08 07:25:23.848054+00:00)
2026-08-01 12:58:19 | INFO | Found latest version of tr87: tr87-cd924810 (downloaded: 2026-06-08 07:25:23.848054+00:00)
2026-08-01 12:58:19 | INFO | Found latest version of tr87: tr87-cd924810 (downloaded: 2026-06-08 07:25:23.848054+00:00)
2026-08-01 12:58:19 | INFO | Found latest version of tr87: tr87-cd924810 (downloaded: 2026-06-08 07:25:23.848054+00:00)
2026-08-01 12:58:19 | INFO | Found latest version of tr87: tr87-cd924810 (downloaded: 2026-06-08 07:25:23.848054+00:00)
2026-08-01 12:58:19 | INFO | Found latest version of tr87: tr87-cd924810 (downloaded: 2026-06-08 07:25:23.848054+00:00)
2026-08-01 12:58:19 | INFO | Found latest version of tr87: tr87-cd924810 (downloaded: 2026-06-08 07:25:23.848054+00:00)
2026-08-01 12:58:19 | INFO | Found latest version of tr87: tr87-cd924810 (downloaded: 2026-06-08 07:25:23.848054+00:00)
2026-08-01 12:58:19 | INFO | Found latest version of tr87: tr87-cd924810 (downloaded: 2026-06-08 07:25:23.848054+00:00)
2026-08-01 12:58:19 | INFO | Found latest version of tr87: tr87-cd924810 (downloaded: 2026-06-08 07:25:23.848054+00:00)
2026-08-01 12:58:19 | INFO | Found latest version of tr87: tr87-cd924810 (downloaded: 2026-06-08 07:25:23.848054+00:00)
2026-08-01 12:58:19 | INFO | Found latest version of tr87: tr87-cd924810 (downloaded: 2026-06-08 07:25:23.848054+00:00)
2026-08-01 12:58:19 | INFO | Found latest version of tr87: tr87-cd924810 (downloaded: 2026-06-08 07:25:23.848054+00:00)
2026-08-01 12:58:19 | INFO | Found latest version of tr87: tr87-cd924810 (downloaded: 2026-06-08 07:25:23.848054+00:00)
2026-08-01 12:58:19 | INFO | Found latest version of tr87: tr87-cd924810 (downloaded: 2026-06-08 07:25:23.848054+00:00)
2026-08-01 12:58:19 | INFO | Found latest version of tr87: tr87-cd924810 (downloaded: 2026-06-08 07:25:23.848054+00:00)
2026-08-01 12:58:19 | INFO | Found latest version of tr87: tr87-cd924810 (downloaded: 2026-06-08 07:25:23.848054+00:00)
2026-08-01 12:58:19 | INFO | Found latest version of tr87: tr87-cd924810 (downloaded: 2026-06-08 07:25:23.848054+00:00)
2026-08-01 12:58:19 | INFO | Found latest version of tr87: tr87-cd924810 (downloaded: 2026-06-08 07:25:23.848054+00:00)
2026-08-01 12:58:19 | INFO | Found latest version of tr87: tr87-cd924810 (downloaded: 2026-06-08 07:25:23.848054+00:00)
2026-08-01 12:58:19 | INFO | Found latest version of tr87: tr87-cd924810 (downloaded: 2026-06-08 07:25:23.848054+00:00)
2026-08-01 12:58:19 | INFO | Found latest version of tr87: tr87-cd924810 (downloaded: 2026-06-08 07:25:23.848054+00:00)
2026-08-01 12:58:19 | INFO | Found latest version of tr87: tr87-cd924810 (downloaded: 2026-06-08 07:25:23.848054+00:00)
2026-08-01 12:58:19 | INFO | Found latest version of tr87: tr87-cd924810 (downloaded: 2026-06-08 07:25:23.848054+00:00)
2026-08-01 12:58:19 | INFO | Found latest version of tr87: tr87-cd924810 (downloaded: 2026-06-08 07:25:23.848054+00:00)
2026-08-01 12:58:19 | INFO | Found latest version of tr87: tr87-cd924810 (downloaded: 2026-06-08 07:25:23.848054+00:00)
2026-08-01 12:58:19 | INFO | Found latest version of tr87: tr87-cd924810 (downloaded: 2026-06-08 07:25:23.848054+00:00)
2026-08-01 12:58:19 | INFO | Found latest version of tr87: tr87-cd924810 (downloaded: 2026-06-08 07:25:23.848054+00:00)
2026-08-01 12:58:19 | INFO | Found latest version of tr87: tr87-cd924810 (downloaded: 2026-06-08 07:25:23.848054+00:00)
2026-08-01 12:58:19 | INFO | Found latest version of tr87: tr87-cd924810 (downloaded: 2026-06-08 07:25:23.848054+00:00)
2026-08-01 12:58:19 | INFO | Found latest version of tr87: tr87-cd924810 (downloaded: 2026-06-08 07:25:23.848054+00:00)
2026-08-01 12:58:19 | INFO | Found latest version of tr87: tr87-cd924810 (downloaded: 2026-06-08 07:25:23.848054+00:00)
2026-08-01 12:58:19 | INFO | Found latest version of tr87: tr87-cd924810 (downloaded: 2026-06-08 07:25:23.848054+00:00)
2026-08-01 12:58:19 | INFO | Found latest version of tr87: tr87-cd924810 (downloaded: 2026-06-08 07:25:23.848054+00:00)
2026-08-01 12:58:19 | INFO | Found latest version of tr87: tr87-cd924810 (downloaded: 2026-06-08 07:25:23.848054+00:00)
2026-08-01 12:58:19 | INFO | Found latest version of tr87: tr87-cd924810 (downloaded: 2026-06-08 07:25:23.848054+00:00)
2026-08-01 12:58:19 | INFO | Found latest version of tr87: tr87-cd924810 (downloaded: 2026-06-08 07:25:23.848054+00:00)
2026-08-01 12:58:19 | INFO | Found latest version of tr87: tr87-cd924810 (downloaded: 2026-06-08 07:25:23.848054+00:00)
2026-08-01 12:58:19 | INFO | Found latest version of tr87: tr87-cd924810 (downloaded: 2026-06-08 07:25:23.848054+00:00)
2026-08-01 12:58:19 | INFO | Found latest version of tr87: tr87-cd924810 (downloaded: 2026-06-08 07:25:23.848054+00:00)
2026-08-01 12:58:19 | INFO | Found latest version of tr87: tr87-cd924810 (downloaded: 2026-06-08 07:25:23.848054+00:00)
2026-08-01 12:58:19 | INFO | Found latest version of tr87: tr87-cd924810 (downloaded: 2026-06-08 07:25:23.848054+00:00)
2026-08-01 12:58:19 | INFO | Found latest version of tr87: tr87-cd924810 (downloaded: 2026-06-08 07:25:23.848054+00:00)
2026-08-01 12:58:19 | INFO | Found latest version of tr87: tr87-cd924810 (downloaded: 2026-06-08 07:25:23.848054+00:00)
2026-08-01 12:58:19 | INFO | Found latest version of tr87: tr87-cd924810 (downloaded: 2026-06-08 07:25:23.848054+00:00)
2026-08-01 12:58:19 | INFO | Found latest version of tr87: tr87-cd924810 (downloaded: 2026-06-08 07:25:23.848054+00:00)
2026-08-01 12:58:19 | INFO | Found latest version of tr87: tr87-cd924810 (downloaded: 2026-06-08 07:25:23.848054+00:00)
2026-08-01 12:58:19 | INFO | Found latest version of tr87: tr87-cd924810 (downloaded: 2026-06-08 07:25:23.848054+00:00)
2026-08-01 12:58:19 | INFO | Found latest version of tr87: tr87-cd924810 (downloaded: 2026-06-08 07:25:23.848054+00:00)
2026-08-01 12:58:19 | INFO | Found latest version of tr87: tr87-cd924810 (downloaded: 2026-06-08 07:25:23.848054+00:00)
2026-08-01 12:58:19 | INFO | Found latest version of tr87: tr87-cd924810 (downloaded: 2026-06-08 07:25:23.848054+00:00)
2026-08-01 12:58:19 | INFO | Found latest version of tr87: tr87-cd924810 (downloaded: 2026-06-08 07:25:23.848054+00:00)
2026-08-01 12:58:19 | INFO | Found latest version of tr87: tr87-cd924810 (downloaded: 2026-06-08 07:25:23.848054+00:00)
2026-08-01 12:58:19 | INFO | Found latest version of tr87: tr87-cd924810 (downloaded: 2026-06-08 07:25:23.848054+00:00)
2026-08-01 12:58:19 | INFO | Found latest version of tr87: tr87-cd924810 (downloaded: 2026-06-08 07:25:23.848054+00:00)
2026-08-01 12:58:20 | INFO | Found latest version of tr87: tr87-cd924810 (downloaded: 2026-06-08 07:25:23.848054+00:00)
2026-08-01 12:58:20 | INFO | Found latest version of tr87: tr87-cd924810 (downloaded: 2026-06-08 07:25:23.848054+00:00)
2026-08-01 12:58:20 | INFO | Found latest version of tr87: tr87-cd924810 (downloaded: 2026-06-08 07:25:23.848054+00:00)
2026-08-01 12:58:20 | INFO | Found latest version of tr87: tr87-cd924810 (downloaded: 2026-06-08 07:25:23.848054+00:00)
2026-08-01 12:58:20 | INFO | Found latest version of tr87: tr87-cd924810 (downloaded: 2026-06-08 07:25:23.848054+00:00)
2026-08-01 12:58:20 | INFO | Found latest version of tr87: tr87-cd924810 (downloaded: 2026-06-08 07:25:23.848054+00:00)
2026-08-01 12:58:20 | INFO | Found latest version of tr87: tr87-cd924810 (downloaded: 2026-06-08 07:25:23.848054+00:00)
2026-08-01 12:58:20 | INFO | Found latest version of tr87: tr87-cd924810 (downloaded: 2026-06-08 07:25:23.848054+00:00)
2026-08-01 12:58:20 | INFO | Found latest version of tr87: tr87-cd924810 (downloaded: 2026-06-08 07:25:23.848054+00:00)
2026-08-01 12:58:20 | INFO | Found latest version of tr87: tr87-cd924810 (downloaded: 2026-06-08 07:25:23.848054+00:00)
2026-08-01 12:58:20 | INFO | Found latest version of tr87: tr87-cd924810 (downloaded: 2026-06-08 07:25:23.848054+00:00)
2026-08-01 12:58:20 | INFO | Found latest version of tr87: tr87-cd924810 (downloaded: 2026-06-08 07:25:23.848054+00:00)
2026-08-01 12:58:20 | INFO | Found latest version of tr87: tr87-cd924810 (downloaded: 2026-06-08 07:25:23.848054+00:00)
2026-08-01 12:58:20 | INFO | Found latest version of tr87: tr87-cd924810 (downloaded: 2026-06-08 07:25:23.848054+00:00)
2026-08-01 12:58:20 | INFO | Found latest version of tr87: tr87-cd924810 (downloaded: 2026-06-08 07:25:23.848054+00:00)
2026-08-01 12:58:20 | INFO | Found latest version of tr87: tr87-cd924810 (downloaded: 2026-06-08 07:25:23.848054+00:00)
2026-08-01 12:58:20 | INFO | Found latest version of tr87: tr87-cd924810 (downloaded: 2026-06-08 07:25:23.848054+00:00)
2026-08-01 12:58:20 | INFO | Found latest version of tr87: tr87-cd924810 (downloaded: 2026-06-08 07:25:23.848054+00:00)
2026-08-01 12:58:20 | INFO | Found latest version of tr87: tr87-cd924810 (downloaded: 2026-06-08 07:25:23.848054+00:00)
2026-08-01 12:58:20 | INFO | Found latest version of tr87: tr87-cd924810 (downloaded: 2026-06-08 07:25:23.848054+00:00)
2026-08-01 12:58:20 | INFO | Found latest version of tr87: tr87-cd924810 (downloaded: 2026-06-08 07:25:23.848054+00:00)
2026-08-01 12:58:20 | INFO | Found latest version of tr87: tr87-cd924810 (downloaded: 2026-06-08 07:25:23.848054+00:00)
2026-08-01 12:58:20 | INFO | Found latest version of tr87: tr87-cd924810 (downloaded: 2026-06-08 07:25:23.848054+00:00)
2026-08-01 12:58:20 | INFO | Found latest version of tr87: tr87-cd924810 (downloaded: 2026-06-08 07:25:23.848054+00:00)
2026-08-01 12:58:20 | INFO | Found latest version of tr87: tr87-cd924810 (downloaded: 2026-06-08 07:25:23.848054+00:00)
2026-08-01 12:58:20 | INFO | Found latest version of tr87: tr87-cd924810 (downloaded: 2026-06-08 07:25:23.848054+00:00)
2026-08-01 12:58:20 | INFO | Found latest version of tr87: tr87-cd924810 (downloaded: 2026-06-08 07:25:23.848054+00:00)
2026-08-01 12:58:20 | INFO | Found latest version of tr87: tr87-cd924810 (downloaded: 2026-06-08 07:25:23.848054+00:00)
2026-08-01 12:58:20 | INFO | Found latest version of tr87: tr87-cd924810 (downloaded: 2026-06-08 07:25:23.848054+00:00)
2026-08-01 12:58:20 | INFO | Found latest version of tr87: tr87-cd924810 (downloaded: 2026-06-08 07:25:23.848054+00:00)
2026-08-01 12:58:20 | INFO | Found latest version of tr87: tr87-cd924810 (downloaded: 2026-06-08 07:25:23.848054+00:00)
2026-08-01 12:58:20 | INFO | Found latest version of tr87: tr87-cd924810 (downloaded: 2026-06-08 07:25:23.848054+00:00)
2026-08-01 12:58:20 | INFO | Found latest version of tr87: tr87-cd924810 (downloaded: 2026-06-08 07:25:23.848054+00:00)
2026-08-01 12:58:20 | INFO | Found latest version of tr87: tr87-cd924810 (downloaded: 2026-06-08 07:25:23.848054+00:00)
2026-08-01 12:58:20 | INFO | Found latest version of tr87: tr87-cd924810 (downloaded: 2026-06-08 07:25:23.848054+00:00)
2026-08-01 12:58:20 | INFO | Found latest version of tr87: tr87-cd924810 (downloaded: 2026-06-08 07:25:23.848054+00:00)
2026-08-01 12:58:20 | INFO | Found latest version of tr87: tr87-cd924810 (downloaded: 2026-06-08 07:25:23.848054+00:00)
2026-08-01 12:58:20 | INFO | Found latest version of tr87: tr87-cd924810 (downloaded: 2026-06-08 07:25:23.848054+00:00)
2026-08-01 12:58:20 | INFO | Found latest version of tr87: tr87-cd924810 (downloaded: 2026-06-08 07:25:23.848054+00:00)
2026-08-01 12:58:20 | INFO | Found latest version of tr87: tr87-cd924810 (downloaded: 2026-06-08 07:25:23.848054+00:00)
2026-08-01 12:58:20 | INFO | Found latest version of tr87: tr87-cd924810 (downloaded: 2026-06-08 07:25:23.848054+00:00)
2026-08-01 12:58:20 | INFO | Found latest version of tr87: tr87-cd924810 (downloaded: 2026-06-08 07:25:23.848054+00:00)
2026-08-01 12:58:20 | INFO | Found latest version of tr87: tr87-cd924810 (downloaded: 2026-06-08 07:25:23.848054+00:00)
2026-08-01 12:58:20 | INFO | Found latest version of tr87: tr87-cd924810 (downloaded: 2026-06-08 07:25:23.848054+00:00)
2026-08-01 12:58:20 | INFO | Found latest version of tr87: tr87-cd924810 (downloaded: 2026-06-08 07:25:23.848054+00:00)
2026-08-01 12:58:20 | INFO | Found latest version of tr87: tr87-cd924810 (downloaded: 2026-06-08 07:25:23.848054+00:00)
2026-08-01 12:58:20 | INFO | Found latest version of tr87: tr87-cd924810 (downloaded: 2026-06-08 07:25:23.848054+00:00)
2026-08-01 12:58:20 | INFO | Found latest version of tr87: tr87-cd924810 (downloaded: 2026-06-08 07:25:23.848054+00:00)
2026-08-01 12:58:20 | INFO | Found latest version of tr87: tr87-cd924810 (downloaded: 2026-06-08 07:25:23.848054+00:00)
2026-08-01 12:58:20 | INFO | Found latest version of tr87: tr87-cd924810 (downloaded: 2026-06-08 07:25:23.848054+00:00)
2026-08-01 12:58:20 | INFO | Found latest version of tr87: tr87-cd924810 (downloaded: 2026-06-08 07:25:23.848054+00:00)
2026-08-01 12:58:20 | INFO | Found latest version of tr87: tr87-cd924810 (downloaded: 2026-06-08 07:25:23.848054+00:00)
2026-08-01 12:58:20 | INFO | Found latest version of tr87: tr87-cd924810 (downloaded: 2026-06-08 07:25:23.848054+00:00)
2026-08-01 12:58:20 | INFO | Found latest version of tr87: tr87-cd924810 (downloaded: 2026-06-08 07:25:23.848054+00:00)
2026-08-01 12:58:20 | INFO | Found latest version of tr87: tr87-cd924810 (downloaded: 2026-06-08 07:25:23.848054+00:00)
2026-08-01 12:58:20 | INFO | Found latest version of tr87: tr87-cd924810 (downloaded: 2026-06-08 07:25:23.848054+00:00)
2026-08-01 12:58:20 | INFO | Found latest version of tr87: tr87-cd924810 (downloaded: 2026-06-08 07:25:23.848054+00:00)
2026-08-01 12:58:20 | INFO | Found latest version of tr87: tr87-cd924810 (downloaded: 2026-06-08 07:25:23.848054+00:00)
2026-08-01 12:58:20 | INFO | Found latest version of tr87: tr87-cd924810 (downloaded: 2026-06-08 07:25:23.848054+00:00)
2026-08-01 12:58:20 | INFO | Found latest version of tr87: tr87-cd924810 (downloaded: 2026-06-08 07:25:23.848054+00:00)
2026-08-01 12:58:20 | INFO | Found latest version of tr87: tr87-cd924810 (downloaded: 2026-06-08 07:25:23.848054+00:00)
2026-08-01 12:58:20 | INFO | Found latest version of tr87: tr87-cd924810 (downloaded: 2026-06-08 07:25:23.848054+00:00)
2026-08-01 12:58:20 | INFO | Found latest version of tr87: tr87-cd924810 (downloaded: 2026-06-08 07:25:23.848054+00:00)
2026-08-01 12:58:20 | INFO | Found latest version of tr87: tr87-cd924810 (downloaded: 2026-06-08 07:25:23.848054+00:00)
2026-08-01 12:58:20 | INFO | Found latest version of tr87: tr87-cd924810 (downloaded: 2026-06-08 07:25:23.848054+00:00)
2026-08-01 12:58:20 | INFO | Found latest version of tr87: tr87-cd924810 (downloaded: 2026-06-08 07:25:23.848054+00:00)
2026-08-01 12:58:20 | INFO | Found latest version of tr87: tr87-cd924810 (downloaded: 2026-06-08 07:25:23.848054+00:00)
2026-08-01 12:58:20 | INFO | Found latest version of tr87: tr87-cd924810 (downloaded: 2026-06-08 07:25:23.848054+00:00)
2026-08-01 12:58:20 | INFO | Found latest version of tr87: tr87-cd924810 (downloaded: 2026-06-08 07:25:23.848054+00:00)
2026-08-01 12:58:20 | INFO | Found latest version of tr87: tr87-cd924810 (downloaded: 2026-06-08 07:25:23.848054+00:00)
2026-08-01 12:58:20 | INFO | Found latest version of tr87: tr87-cd924810 (downloaded: 2026-06-08 07:25:23.848054+00:00)
2026-08-01 12:58:20 | INFO | Found latest version of tr87: tr87-cd924810 (downloaded: 2026-06-08 07:25:23.848054+00:00)
2026-08-01 12:58:20 | INFO | Found latest version of tr87: tr87-cd924810 (downloaded: 2026-06-08 07:25:23.848054+00:00)
2026-08-01 12:58:20 | INFO | Found latest version of tr87: tr87-cd924810 (downloaded: 2026-06-08 07:25:23.848054+00:00)
2026-08-01 12:58:20 | INFO | Found latest version of tr87: tr87-cd924810 (downloaded: 2026-06-08 07:25:23.848054+00:00)
2026-08-01 12:58:20 | INFO | Found latest version of tr87: tr87-cd924810 (downloaded: 2026-06-08 07:25:23.848054+00:00)
2026-08-01 12:58:20 | INFO | Found latest version of tr87: tr87-cd924810 (downloaded: 2026-06-08 07:25:23.848054+00:00)
2026-08-01 12:58:20 | INFO | Found latest version of tr87: tr87-cd924810 (downloaded: 2026-06-08 07:25:23.848054+00:00)
2026-08-01 12:58:20 | INFO | Found latest version of tr87: tr87-cd924810 (downloaded: 2026-06-08 07:25:23.848054+00:00)
2026-08-01 12:58:20 | INFO | Found latest version of tr87: tr87-cd924810 (downloaded: 2026-06-08 07:25:23.848054+00:00)
2026-08-01 12:58:20 | INFO | Found latest version of tr87: tr87-cd924810 (downloaded: 2026-06-08 07:25:23.848054+00:00)
2026-08-01 12:58:20 | INFO | Found latest version of tr87: tr87-cd924810 (downloaded: 2026-06-08 07:25:23.848054+00:00)
2026-08-01 12:58:20 | INFO | Found latest version of tr87: tr87-cd924810 (downloaded: 2026-06-08 07:25:23.848054+00:00)
2026-08-01 12:58:20 | INFO | Found latest version of tr87: tr87-cd924810 (downloaded: 2026-06-08 07:25:23.848054+00:00)
2026-08-01 12:58:20 | INFO | Found latest version of tr87: tr87-cd924810 (downloaded: 2026-06-08 07:25:23.848054+00:00)
2026-08-01 12:58:20 | INFO | Found latest version of tr87: tr87-cd924810 (downloaded: 2026-06-08 07:25:23.848054+00:00)
2026-08-01 12:58:20 | INFO | Found latest version of tr87: tr87-cd924810 (downloaded: 2026-06-08 07:25:23.848054+00:00)
2026-08-01 12:58:20 | INFO | Found latest version of tr87: tr87-cd924810 (downloaded: 2026-06-08 07:25:23.848054+00:00)
2026-08-01 12:58:20 | INFO | Found latest version of tr87: tr87-cd924810 (downloaded: 2026-06-08 07:25:23.848054+00:00)
2026-08-01 12:58:20 | INFO | Found latest version of tr87: tr87-cd924810 (downloaded: 2026-06-08 07:25:23.848054+00:00)
2026-08-01 12:58:21 | INFO | Found latest version of tr87: tr87-cd924810 (downloaded: 2026-06-08 07:25:23.848054+00:00)
2026-08-01 12:58:21 | INFO | Found latest version of tr87: tr87-cd924810 (downloaded: 2026-06-08 07:25:23.848054+00:00)
2026-08-01 12:58:21 | INFO | Found latest version of tr87: tr87-cd924810 (downloaded: 2026-06-08 07:25:23.848054+00:00)
2026-08-01 12:58:21 | INFO | Found latest version of tr87: tr87-cd924810 (downloaded: 2026-06-08 07:25:23.848054+00:00)
2026-08-01 12:58:21 | INFO | Found latest version of tr87: tr87-cd924810 (downloaded: 2026-06-08 07:25:23.848054+00:00)
2026-08-01 12:58:21 | INFO | Found latest version of tr87: tr87-cd924810 (downloaded: 2026-06-08 07:25:23.848054+00:00)
2026-08-01 12:58:21 | INFO | Found latest version of tr87: tr87-cd924810 (downloaded: 2026-06-08 07:25:23.848054+00:00)
2026-08-01 12:58:21 | INFO | Found latest version of tr87: tr87-cd924810 (downloaded: 2026-06-08 07:25:23.848054+00:00)
2026-08-01 12:58:21 | INFO | Found latest version of tr87: tr87-cd924810 (downloaded: 2026-06-08 07:25:23.848054+00:00)
2026-08-01 12:58:21 | INFO | Found latest version of tr87: tr87-cd924810 (downloaded: 2026-06-08 07:25:23.848054+00:00)
2026-08-01 12:58:21 | INFO | Found latest version of tr87: tr87-cd924810 (downloaded: 2026-06-08 07:25:23.848054+00:00)
2026-08-01 12:58:21 | INFO | Found latest version of tr87: tr87-cd924810 (downloaded: 2026-06-08 07:25:23.848054+00:00)
2026-08-01 12:58:21 | INFO | Found latest version of tr87: tr87-cd924810 (downloaded: 2026-06-08 07:25:23.848054+00:00)
2026-08-01 12:58:21 | INFO | Found latest version of tr87: tr87-cd924810 (downloaded: 2026-06-08 07:25:23.848054+00:00)
2026-08-01 12:58:21 | INFO | Found latest version of tr87: tr87-cd924810 (downloaded: 2026-06-08 07:25:23.848054+00:00)
2026-08-01 12:58:21 | INFO | Found latest version of tr87: tr87-cd924810 (downloaded: 2026-06-08 07:25:23.848054+00:00)
2026-08-01 12:58:21 | INFO | Found latest version of tr87: tr87-cd924810 (downloaded: 2026-06-08 07:25:23.848054+00:00)
2026-08-01 12:58:21 | INFO | Found latest version of tr87: tr87-cd924810 (downloaded: 2026-06-08 07:25:23.848054+00:00)
2026-08-01 12:58:21 | INFO | Found latest version of tr87: tr87-cd924810 (downloaded: 2026-06-08 07:25:23.848054+00:00)
2026-08-01 12:58:21 | INFO | Found latest version of tr87: tr87-cd924810 (downloaded: 2026-06-08 07:25:23.848054+00:00)
2026-08-01 12:58:21 | INFO | Found latest version of tr87: tr87-cd924810 (downloaded: 2026-06-08 07:25:23.848054+00:00)
2026-08-01 12:58:21 | INFO | Found latest version of tr87: tr87-cd924810 (downloaded: 2026-06-08 07:25:23.848054+00:00)
2026-08-01 12:58:21 | INFO | Found latest version of tr87: tr87-cd924810 (downloaded: 2026-06-08 07:25:23.848054+00:00)
2026-08-01 12:58:21 | INFO | Found latest version of tr87: tr87-cd924810 (downloaded: 2026-06-08 07:25:23.848054+00:00)
2026-08-01 12:58:21 | INFO | Found latest version of tr87: tr87-cd924810 (downloaded: 2026-06-08 07:25:23.848054+00:00)
2026-08-01 12:58:21 | INFO | Found latest version of tr87: tr87-cd924810 (downloaded: 2026-06-08 07:25:23.848054+00:00)
2026-08-01 12:58:21 | INFO | Found latest version of tr87: tr87-cd924810 (downloaded: 2026-06-08 07:25:23.848054+00:00)
2026-08-01 12:58:21 | INFO | Found latest version of tr87: tr87-cd924810 (downloaded: 2026-06-08 07:25:23.848054+00:00)
2026-08-01 12:58:21 | INFO | Found latest version of tr87: tr87-cd924810 (downloaded: 2026-06-08 07:25:23.848054+00:00)
2026-08-01 12:58:21 | INFO | Found latest version of tr87: tr87-cd924810 (downloaded: 2026-06-08 07:25:23.848054+00:00)
2026-08-01 12:58:21 | INFO | Found latest version of tr87: tr87-cd924810 (downloaded: 2026-06-08 07:25:23.848054+00:00)
2026-08-01 12:58:21 | INFO | Found latest version of tr87: tr87-cd924810 (downloaded: 2026-06-08 07:25:23.848054+00:00)
2026-08-01 12:58:21 | INFO | Found latest version of tr87: tr87-cd924810 (downloaded: 2026-06-08 07:25:23.848054+00:00)
2026-08-01 12:58:21 | INFO | Found latest version of tr87: tr87-cd924810 (downloaded: 2026-06-08 07:25:23.848054+00:00)
2026-08-01 12:58:21 | INFO | Found latest version of tr87: tr87-cd924810 (downloaded: 2026-06-08 07:25:23.848054+00:00)
2026-08-01 12:58:21 | INFO | Found latest version of tr87: tr87-cd924810 (downloaded: 2026-06-08 07:25:23.848054+00:00)
2026-08-01 12:58:21 | INFO | Found latest version of tr87: tr87-cd924810 (downloaded: 2026-06-08 07:25:23.848054+00:00)
2026-08-01 12:58:21 | INFO | Found latest version of tr87: tr87-cd924810 (downloaded: 2026-06-08 07:25:23.848054+00:00)
2026-08-01 12:58:21 | INFO | Found latest version of tr87: tr87-cd924810 (downloaded: 2026-06-08 07:25:23.848054+00:00)
2026-08-01 12:58:21 | INFO | Found latest version of tr87: tr87-cd924810 (downloaded: 2026-06-08 07:25:23.848054+00:00)
2026-08-01 12:58:21 | INFO | Found latest version of tr87: tr87-cd924810 (downloaded: 2026-06-08 07:25:23.848054+00:00)
2026-08-01 12:58:21 | INFO | Found latest version of tr87: tr87-cd924810 (downloaded: 2026-06-08 07:25:23.848054+00:00)
2026-08-01 12:58:21 | INFO | Found latest version of tr87: tr87-cd924810 (downloaded: 2026-06-08 07:25:23.848054+00:00)
2026-08-01 12:58:21 | INFO | Found latest version of tr87: tr87-cd924810 (downloaded: 2026-06-08 07:25:23.848054+00:00)
2026-08-01 12:58:21 | INFO | Found latest version of tr87: tr87-cd924810 (downloaded: 2026-06-08 07:25:23.848054+00:00)
2026-08-01 12:58:21 | INFO | Found latest version of tr87: tr87-cd924810 (downloaded: 2026-06-08 07:25:23.848054+00:00)
2026-08-01 12:58:21 | INFO | Found latest version of tr87: tr87-cd924810 (downloaded: 2026-06-08 07:25:23.848054+00:00)
2026-08-01 12:58:21 | INFO | Found latest version of tr87: tr87-cd924810 (downloaded: 2026-06-08 07:25:23.848054+00:00)
2026-08-01 12:58:21 | INFO | Found latest version of tr87: tr87-cd924810 (downloaded: 2026-06-08 07:25:23.848054+00:00)
2026-08-01 12:58:21 | INFO | Found latest version of tr87: tr87-cd924810 (downloaded: 2026-06-08 07:25:23.848054+00:00)
2026-08-01 12:58:21 | INFO | Found latest version of tr87: tr87-cd924810 (downloaded: 2026-06-08 07:25:23.848054+00:00)
2026-08-01 12:58:21 | INFO | Found latest version of tr87: tr87-cd924810 (downloaded: 2026-06-08 07:25:23.848054+00:00)
2026-08-01 12:58:21 | INFO | Found latest version of tr87: tr87-cd924810 (downloaded: 2026-06-08 07:25:23.848054+00:00)
2026-08-01 12:58:21 | INFO | Found latest version of tr87: tr87-cd924810 (downloaded: 2026-06-08 07:25:23.848054+00:00)
2026-08-01 12:58:21 | INFO | Found latest version of tr87: tr87-cd924810 (downloaded: 2026-06-08 07:25:23.848054+00:00)
2026-08-01 12:58:21 | INFO | Found latest version of tr87: tr87-cd924810 (downloaded: 2026-06-08 07:25:23.848054+00:00)
2026-08-01 12:58:21 | INFO | Found latest version of tr87: tr87-cd924810 (downloaded: 2026-06-08 07:25:23.848054+00:00)
2026-08-01 12:58:21 | INFO | Found latest version of tr87: tr87-cd924810 (downloaded: 2026-06-08 07:25:23.848054+00:00)
2026-08-01 12:58:21 | INFO | Found latest version of tr87: tr87-cd924810 (downloaded: 2026-06-08 07:25:23.848054+00:00)
2026-08-01 12:58:21 | INFO | Found latest version of tr87: tr87-cd924810 (downloaded: 2026-06-08 07:25:23.848054+00:00)
2026-08-01 12:58:21 | INFO | Found latest version of tr87: tr87-cd924810 (downloaded: 2026-06-08 07:25:23.848054+00:00)
2026-08-01 12:58:21 | INFO | Found latest version of tr87: tr87-cd924810 (downloaded: 2026-06-08 07:25:23.848054+00:00)
2026-08-01 12:58:21 | INFO | Found latest version of tr87: tr87-cd924810 (downloaded: 2026-06-08 07:25:23.848054+00:00)
2026-08-01 12:58:21 | INFO | Found latest version of tr87: tr87-cd924810 (downloaded: 2026-06-08 07:25:23.848054+00:00)
2026-08-01 12:58:21 | INFO | Found latest version of tr87: tr87-cd924810 (downloaded: 2026-06-08 07:25:23.848054+00:00)
2026-08-01 12:58:21 | INFO | Found latest version of tr87: tr87-cd924810 (downloaded: 2026-06-08 07:25:23.848054+00:00)
2026-08-01 12:58:21 | INFO | Found latest version of tr87: tr87-cd924810 (downloaded: 2026-06-08 07:25:23.848054+00:00)
2026-08-01 12:58:21 | INFO | Found latest version of tr87: tr87-cd924810 (downloaded: 2026-06-08 07:25:23.848054+00:00)
2026-08-01 12:58:21 | INFO | Found latest version of tr87: tr87-cd924810 (downloaded: 2026-06-08 07:25:23.848054+00:00)
2026-08-01 12:58:21 | INFO | Found latest version of tr87: tr87-cd924810 (downloaded: 2026-06-08 07:25:23.848054+00:00)
2026-08-01 12:58:21 | INFO | Found latest version of tr87: tr87-cd924810 (downloaded: 2026-06-08 07:25:23.848054+00:00)
2026-08-01 12:58:21 | INFO | Found latest version of tr87: tr87-cd924810 (downloaded: 2026-06-08 07:25:23.848054+00:00)
2026-08-01 12:58:21 | INFO | Found latest version of tr87: tr87-cd924810 (downloaded: 2026-06-08 07:25:23.848054+00:00)
2026-08-01 12:58:21 | INFO | Found latest version of tr87: tr87-cd924810 (downloaded: 2026-06-08 07:25:23.848054+00:00)
2026-08-01 12:58:21 | INFO | Found latest version of tr87: tr87-cd924810 (downloaded: 2026-06-08 07:25:23.848054+00:00)
2026-08-01 12:58:21 | INFO | Found latest version of tr87: tr87-cd924810 (downloaded: 2026-06-08 07:25:23.848054+00:00)
2026-08-01 12:58:21 | INFO | Found latest version of tr87: tr87-cd924810 (downloaded: 2026-06-08 07:25:23.848054+00:00)
2026-08-01 12:58:21 | INFO | Found latest version of tr87: tr87-cd924810 (downloaded: 2026-06-08 07:25:23.848054+00:00)
2026-08-01 12:58:21 | INFO | Found latest version of tr87: tr87-cd924810 (downloaded: 2026-06-08 07:25:23.848054+00:00)
2026-08-01 12:58:21 | INFO | Found latest version of tr87: tr87-cd924810 (downloaded: 2026-06-08 07:25:23.848054+00:00)
2026-08-01 12:58:21 | INFO | Found latest version of tr87: tr87-cd924810 (downloaded: 2026-06-08 07:25:23.848054+00:00)
2026-08-01 12:58:21 | INFO | Found latest version of tr87: tr87-cd924810 (downloaded: 2026-06-08 07:25:23.848054+00:00)
2026-08-01 12:58:21 | INFO | Found latest version of tr87: tr87-cd924810 (downloaded: 2026-06-08 07:25:23.848054+00:00)
2026-08-01 12:58:21 | INFO | Found latest version of tr87: tr87-cd924810 (downloaded: 2026-06-08 07:25:23.848054+00:00)
2026-08-01 12:58:22 | INFO | Found latest version of tr87: tr87-cd924810 (downloaded: 2026-06-08 07:25:23.848054+00:00)
2026-08-01 12:58:22 | INFO | Found latest version of tr87: tr87-cd924810 (downloaded: 2026-06-08 07:25:23.848054+00:00)
2026-08-01 12:58:22 | INFO | Found latest version of tr87: tr87-cd924810 (downloaded: 2026-06-08 07:25:23.848054+00:00)
2026-08-01 12:58:22 | INFO | Found latest version of tr87: tr87-cd924810 (downloaded: 2026-06-08 07:25:23.848054+00:00)
2026-08-01 12:58:22 | INFO | Found latest version of tr87: tr87-cd924810 (downloaded: 2026-06-08 07:25:23.848054+00:00)
2026-08-01 12:58:22 | INFO | Found latest version of tr87: tr87-cd924810 (downloaded: 2026-06-08 07:25:23.848054+00:00)
2026-08-01 12:58:22 | INFO | Found latest version of tr87: tr87-cd924810 (downloaded: 2026-06-08 07:25:23.848054+00:00)
2026-08-01 12:58:22 | INFO | Found latest version of tr87: tr87-cd924810 (downloaded: 2026-06-08 07:25:23.848054+00:00)
2026-08-01 12:58:22 | INFO | Found latest version of tr87: tr87-cd924810 (downloaded: 2026-06-08 07:25:23.848054+00:00)
2026-08-01 12:58:22 | INFO | Found latest version of tr87: tr87-cd924810 (downloaded: 2026-06-08 07:25:23.848054+00:00)
2026-08-01 12:58:22 | INFO | Found latest version of tr87: tr87-cd924810 (downloaded: 2026-06-08 07:25:23.848054+00:00)
2026-08-01 12:58:22 | INFO | Found latest version of tr87: tr87-cd924810 (downloaded: 2026-06-08 07:25:23.848054+00:00)
2026-08-01 12:58:22 | INFO | Found latest version of tr87: tr87-cd924810 (downloaded: 2026-06-08 07:25:23.848054+00:00)
2026-08-01 12:58:22 | INFO | Found latest version of tr87: tr87-cd924810 (downloaded: 2026-06-08 07:25:23.848054+00:00)
2026-08-01 12:58:22 | INFO | Found latest version of tr87: tr87-cd924810 (downloaded: 2026-06-08 07:25:23.848054+00:00)
2026-08-01 12:58:22 | INFO | Found latest version of tr87: tr87-cd924810 (downloaded: 2026-06-08 07:25:23.848054+00:00)
2026-08-01 12:58:22 | INFO | Found latest version of tr87: tr87-cd924810 (downloaded: 2026-06-08 07:25:23.848054+00:00)
2026-08-01 12:58:22 | INFO | Found latest version of tr87: tr87-cd924810 (downloaded: 2026-06-08 07:25:23.848054+00:00)
2026-08-01 12:58:22 | INFO | Found latest version of tr87: tr87-cd924810 (downloaded: 2026-06-08 07:25:23.848054+00:00)
2026-08-01 12:58:22 | INFO | Found latest version of tr87: tr87-cd924810 (downloaded: 2026-06-08 07:25:23.848054+00:00)
2026-08-01 12:58:22 | INFO | Found latest version of tr87: tr87-cd924810 (downloaded: 2026-06-08 07:25:23.848054+00:00)
2026-08-01 12:58:22 | INFO | Found latest version of tr87: tr87-cd924810 (downloaded: 2026-06-08 07:25:23.848054+00:00)
2026-08-01 12:58:22 | INFO | Found latest version of tr87: tr87-cd924810 (downloaded: 2026-06-08 07:25:23.848054+00:00)
2026-08-01 12:58:22 | INFO | Found latest version of tr87: tr87-cd924810 (downloaded: 2026-06-08 07:25:23.848054+00:00)
2026-08-01 12:58:22 | INFO | Found latest version of tr87: tr87-cd924810 (downloaded: 2026-06-08 07:25:23.848054+00:00)
2026-08-01 12:58:22 | INFO | Found latest version of tr87: tr87-cd924810 (downloaded: 2026-06-08 07:25:23.848054+00:00)
2026-08-01 12:58:22 | INFO | Found latest version of tr87: tr87-cd924810 (downloaded: 2026-06-08 07:25:23.848054+00:00)
2026-08-01 12:58:22 | INFO | Found latest version of tr87: tr87-cd924810 (downloaded: 2026-06-08 07:25:23.848054+00:00)
2026-08-01 12:58:22 | INFO | Found latest version of tr87: tr87-cd924810 (downloaded: 2026-06-08 07:25:23.848054+00:00)
2026-08-01 12:58:22 | INFO | Found latest version of tr87: tr87-cd924810 (downloaded: 2026-06-08 07:25:23.848054+00:00)
2026-08-01 12:58:22 | INFO | Found latest version of tr87: tr87-cd924810 (downloaded: 2026-06-08 07:25:23.848054+00:00)
2026-08-01 12:58:22 | INFO | Found latest version of tr87: tr87-cd924810 (downloaded: 2026-06-08 07:25:23.848054+00:00)
2026-08-01 12:58:22 | INFO | Found latest version of tr87: tr87-cd924810 (downloaded: 2026-06-08 07:25:23.848054+00:00)
2026-08-01 12:58:22 | INFO | Found latest version of tr87: tr87-cd924810 (downloaded: 2026-06-08 07:25:23.848054+00:00)
2026-08-01 12:58:22 | INFO | Found latest version of tr87: tr87-cd924810 (downloaded: 2026-06-08 07:25:23.848054+00:00)
2026-08-01 12:58:22 | INFO | Found latest version of tr87: tr87-cd924810 (downloaded: 2026-06-08 07:25:23.848054+00:00)
2026-08-01 12:58:22 | INFO | Found latest version of tr87: tr87-cd924810 (downloaded: 2026-06-08 07:25:23.848054+00:00)
2026-08-01 12:58:22 | INFO | Found latest version of tr87: tr87-cd924810 (downloaded: 2026-06-08 07:25:23.848054+00:00)
2026-08-01 12:58:22 | INFO | Found latest version of tr87: tr87-cd924810 (downloaded: 2026-06-08 07:25:23.848054+00:00)
2026-08-01 12:58:22 | INFO | Found latest version of tr87: tr87-cd924810 (downloaded: 2026-06-08 07:25:23.848054+00:00)
2026-08-01 12:58:22 | INFO | Found latest version of tr87: tr87-cd924810 (downloaded: 2026-06-08 07:25:23.848054+00:00)
2026-08-01 12:58:22 | INFO | Found latest version of tr87: tr87-cd924810 (downloaded: 2026-06-08 07:25:23.848054+00:00)
2026-08-01 12:58:22 | INFO | Found latest version of tr87: tr87-cd924810 (downloaded: 2026-06-08 07:25:23.848054+00:00)
2026-08-01 12:58:22 | INFO | Found latest version of tr87: tr87-cd924810 (downloaded: 2026-06-08 07:25:23.848054+00:00)
2026-08-01 12:58:22 | INFO | Found latest version of tr87: tr87-cd924810 (downloaded: 2026-06-08 07:25:23.848054+00:00)
2026-08-01 12:58:22 | INFO | Found latest version of tr87: tr87-cd924810 (downloaded: 2026-06-08 07:25:23.848054+00:00)
2026-08-01 12:58:22 | INFO | Found latest version of tr87: tr87-cd924810 (downloaded: 2026-06-08 07:25:23.848054+00:00)
2026-08-01 12:58:22 | INFO | Found latest version of tr87: tr87-cd924810 (downloaded: 2026-06-08 07:25:23.848054+00:00)
2026-08-01 12:58:22 | INFO | Found latest version of tr87: tr87-cd924810 (downloaded: 2026-06-08 07:25:23.848054+00:00)
2026-08-01 12:58:22 | INFO | Found latest version of tr87: tr87-cd924810 (downloaded: 2026-06-08 07:25:23.848054+00:00)
2026-08-01 12:58:22 | INFO | Found latest version of tr87: tr87-cd924810 (downloaded: 2026-06-08 07:25:23.848054+00:00)
2026-08-01 12:58:22 | INFO | Found latest version of tr87: tr87-cd924810 (downloaded: 2026-06-08 07:25:23.848054+00:00)
2026-08-01 12:58:22 | INFO | Found latest version of tr87: tr87-cd924810 (downloaded: 2026-06-08 07:25:23.848054+00:00)
2026-08-01 12:58:22 | INFO | Found latest version of tr87: tr87-cd924810 (downloaded: 2026-06-08 07:25:23.848054+00:00)
2026-08-01 12:58:22 | INFO | Found latest version of tr87: tr87-cd924810 (downloaded: 2026-06-08 07:25:23.848054+00:00)
2026-08-01 12:58:22 | INFO | Found latest version of tr87: tr87-cd924810 (downloaded: 2026-06-08 07:25:23.848054+00:00)
2026-08-01 12:58:22 | INFO | Found latest version of tr87: tr87-cd924810 (downloaded: 2026-06-08 07:25:23.848054+00:00)
2026-08-01 12:58:22 | INFO | Found latest version of tr87: tr87-cd924810 (downloaded: 2026-06-08 07:25:23.848054+00:00)
2026-08-01 12:58:22 | INFO | Found latest version of tr87: tr87-cd924810 (downloaded: 2026-06-08 07:25:23.848054+00:00)
2026-08-01 12:58:22 | INFO | Found latest version of tr87: tr87-cd924810 (downloaded: 2026-06-08 07:25:23.848054+00:00)
2026-08-01 12:58:22 | INFO | Found latest version of tr87: tr87-cd924810 (downloaded: 2026-06-08 07:25:23.848054+00:00)
2026-08-01 12:58:22 | INFO | Found latest version of tr87: tr87-cd924810 (downloaded: 2026-06-08 07:25:23.848054+00:00)
2026-08-01 12:58:23 | INFO | Found latest version of tr87: tr87-cd924810 (downloaded: 2026-06-08 07:25:23.848054+00:00)
2026-08-01 12:58:23 | INFO | Found latest version of tr87: tr87-cd924810 (downloaded: 2026-06-08 07:25:23.848054+00:00)
2026-08-01 12:58:23 | INFO | Found latest version of tr87: tr87-cd924810 (downloaded: 2026-06-08 07:25:23.848054+00:00)
2026-08-01 12:58:23 | INFO | Found latest version of tr87: tr87-cd924810 (downloaded: 2026-06-08 07:25:23.848054+00:00)
2026-08-01 12:58:23 | INFO | Found latest version of tr87: tr87-cd924810 (downloaded: 2026-06-08 07:25:23.848054+00:00)
2026-08-01 12:58:23 | INFO | Found latest version of tr87: tr87-cd924810 (downloaded: 2026-06-08 07:25:23.848054+00:00)
2026-08-01 12:58:23 | INFO | Found latest version of tr87: tr87-cd924810 (downloaded: 2026-06-08 07:25:23.848054+00:00)
2026-08-01 12:58:23 | INFO | Found latest version of tr87: tr87-cd924810 (downloaded: 2026-06-08 07:25:23.848054+00:00)
2026-08-01 12:58:23 | INFO | Found latest version of tr87: tr87-cd924810 (downloaded: 2026-06-08 07:25:23.848054+00:00)
2026-08-01 12:58:23 | INFO | Found latest version of tr87: tr87-cd924810 (downloaded: 2026-06-08 07:25:23.848054+00:00)
2026-08-01 12:58:23 | INFO | Found latest version of tr87: tr87-cd924810 (downloaded: 2026-06-08 07:25:23.848054+00:00)
2026-08-01 12:58:23 | INFO | Found latest version of tr87: tr87-cd924810 (downloaded: 2026-06-08 07:25:23.848054+00:00)
2026-08-01 12:58:23 | INFO | Found latest version of tr87: tr87-cd924810 (downloaded: 2026-06-08 07:25:23.848054+00:00)
2026-08-01 12:58:23 | INFO | Found latest version of tr87: tr87-cd924810 (downloaded: 2026-06-08 07:25:23.848054+00:00)
2026-08-01 12:58:23 | INFO | Found latest version of tr87: tr87-cd924810 (downloaded: 2026-06-08 07:25:23.848054+00:00)
2026-08-01 12:58:23 | INFO | Found latest version of tr87: tr87-cd924810 (downloaded: 2026-06-08 07:25:23.848054+00:00)
2026-08-01 12:58:23 | INFO | Found latest version of tr87: tr87-cd924810 (downloaded: 2026-06-08 07:25:23.848054+00:00)
2026-08-01 12:58:23 | INFO | Found latest version of tr87: tr87-cd924810 (downloaded: 2026-06-08 07:25:23.848054+00:00)
2026-08-01 12:58:23 | INFO | Found latest version of tr87: tr87-cd924810 (downloaded: 2026-06-08 07:25:23.848054+00:00)
2026-08-01 12:58:23 | INFO | Found latest version of tr87: tr87-cd924810 (downloaded: 2026-06-08 07:25:23.848054+00:00)
2026-08-01 12:58:23 | INFO | Found latest version of tr87: tr87-cd924810 (downloaded: 2026-06-08 07:25:23.848054+00:00)
2026-08-01 12:58:23 | INFO | Found latest version of tr87: tr87-cd924810 (downloaded: 2026-06-08 07:25:23.848054+00:00)
2026-08-01 12:58:23 | INFO | Found latest version of tr87: tr87-cd924810 (downloaded: 2026-06-08 07:25:23.848054+00:00)
2026-08-01 12:58:23 | INFO | Found latest version of tr87: tr87-cd924810 (downloaded: 2026-06-08 07:25:23.848054+00:00)
2026-08-01 12:58:23 | INFO | Found latest version of tr87: tr87-cd924810 (downloaded: 2026-06-08 07:25:23.848054+00:00)
2026-08-01 12:58:23 | INFO | Found latest version of tr87: tr87-cd924810 (downloaded: 2026-06-08 07:25:23.848054+00:00)
2026-08-01 12:58:23 | INFO | Found latest version of tr87: tr87-cd924810 (downloaded: 2026-06-08 07:25:23.848054+00:00)
2026-08-01 12:58:23 | INFO | Found latest version of tr87: tr87-cd924810 (downloaded: 2026-06-08 07:25:23.848054+00:00)
2026-08-01 12:58:23 | INFO | Found latest version of tr87: tr87-cd924810 (downloaded: 2026-06-08 07:25:23.848054+00:00)
2026-08-01 12:58:23 | INFO | Found latest version of tr87: tr87-cd924810 (downloaded: 2026-06-08 07:25:23.848054+00:00)
2026-08-01 12:58:23 | INFO | Found latest version of tr87: tr87-cd924810 (downloaded: 2026-06-08 07:25:23.848054+00:00)
2026-08-01 12:58:23 | INFO | Found latest version of tr87: tr87-cd924810 (downloaded: 2026-06-08 07:25:23.848054+00:00)
2026-08-01 12:58:23 | INFO | Found latest version of tr87: tr87-cd924810 (downloaded: 2026-06-08 07:25:23.848054+00:00)
2026-08-01 12:58:23 | INFO | Found latest version of tr87: tr87-cd924810 (downloaded: 2026-06-08 07:25:23.848054+00:00)
2026-08-01 12:58:23 | INFO | Found latest version of tr87: tr87-cd924810 (downloaded: 2026-06-08 07:25:23.848054+00:00)
2026-08-01 12:58:23 | INFO | Found latest version of tr87: tr87-cd924810 (downloaded: 2026-06-08 07:25:23.848054+00:00)
2026-08-01 12:58:23 | INFO | Found latest version of tr87: tr87-cd924810 (downloaded: 2026-06-08 07:25:23.848054+00:00)
2026-08-01 12:58:23 | INFO | Found latest version of tr87: tr87-cd924810 (downloaded: 2026-06-08 07:25:23.848054+00:00)
2026-08-01 12:58:23 | INFO | Found latest version of tr87: tr87-cd924810 (downloaded: 2026-06-08 07:25:23.848054+00:00)
2026-08-01 12:58:23 | INFO | Found latest version of tr87: tr87-cd924810 (downloaded: 2026-06-08 07:25:23.848054+00:00)
2026-08-01 12:58:23 | INFO | Found latest version of tr87: tr87-cd924810 (downloaded: 2026-06-08 07:25:23.848054+00:00)
2026-08-01 12:58:23 | INFO | Found latest version of tr87: tr87-cd924810 (downloaded: 2026-06-08 07:25:23.848054+00:00)
2026-08-01 12:58:23 | INFO | Found latest version of tr87: tr87-cd924810 (downloaded: 2026-06-08 07:25:23.848054+00:00)
2026-08-01 12:58:23 | INFO | Found latest version of tr87: tr87-cd924810 (downloaded: 2026-06-08 07:25:23.848054+00:00)
2026-08-01 12:58:23 | INFO | Found latest version of tr87: tr87-cd924810 (downloaded: 2026-06-08 07:25:23.848054+00:00)
2026-08-01 12:58:23 | INFO | Found latest version of tr87: tr87-cd924810 (downloaded: 2026-06-08 07:25:23.848054+00:00)
2026-08-01 12:58:23 | INFO | Found latest version of tr87: tr87-cd924810 (downloaded: 2026-06-08 07:25:23.848054+00:00)
2026-08-01 12:58:23 | INFO | Found latest version of tr87: tr87-cd924810 (downloaded: 2026-06-08 07:25:23.848054+00:00)
2026-08-01 12:58:23 | INFO | Found latest version of tr87: tr87-cd924810 (downloaded: 2026-06-08 07:25:23.848054+00:00)
2026-08-01 12:58:23 | INFO | Found latest version of tr87: tr87-cd924810 (downloaded: 2026-06-08 07:25:23.848054+00:00)
2026-08-01 12:58:23 | INFO | Found latest version of tr87: tr87-cd924810 (downloaded: 2026-06-08 07:25:23.848054+00:00)
2026-08-01 12:58:23 | INFO | Found latest version of tr87: tr87-cd924810 (downloaded: 2026-06-08 07:25:23.848054+00:00)
2026-08-01 12:58:23 | INFO | Found latest version of tr87: tr87-cd924810 (downloaded: 2026-06-08 07:25:23.848054+00:00)
2026-08-01 12:58:23 | INFO | Found latest version of tr87: tr87-cd924810 (downloaded: 2026-06-08 07:25:23.848054+00:00)
2026-08-01 12:58:23 | INFO | Found latest version of tr87: tr87-cd924810 (downloaded: 2026-06-08 07:25:23.848054+00:00)
2026-08-01 12:58:23 | INFO | Found latest version of tr87: tr87-cd924810 (downloaded: 2026-06-08 07:25:23.848054+00:00)
2026-08-01 12:58:23 | INFO | Found latest version of tr87: tr87-cd924810 (downloaded: 2026-06-08 07:25:23.848054+00:00)
2026-08-01 12:58:23 | INFO | Found latest version of tr87: tr87-cd924810 (downloaded: 2026-06-08 07:25:23.848054+00:00)
2026-08-01 12:58:23 | INFO | Found latest version of tr87: tr87-cd924810 (downloaded: 2026-06-08 07:25:23.848054+00:00)
2026-08-01 12:58:23 | INFO | Found latest version of tr87: tr87-cd924810 (downloaded: 2026-06-08 07:25:23.848054+00:00)
2026-08-01 12:58:23 | INFO | Found latest version of tr87: tr87-cd924810 (downloaded: 2026-06-08 07:25:23.848054+00:00)
2026-08-01 12:58:23 | INFO | Found latest version of tr87: tr87-cd924810 (downloaded: 2026-06-08 07:25:23.848054+00:00)
2026-08-01 12:58:23 | INFO | Found latest version of tr87: tr87-cd924810 (downloaded: 2026-06-08 07:25:23.848054+00:00)
2026-08-01 12:58:24 | INFO | Found latest version of tr87: tr87-cd924810 (downloaded: 2026-06-08 07:25:23.848054+00:00)
2026-08-01 12:58:24 | INFO | Found latest version of tr87: tr87-cd924810 (downloaded: 2026-06-08 07:25:23.848054+00:00)
2026-08-01 12:58:24 | INFO | Found latest version of tr87: tr87-cd924810 (downloaded: 2026-06-08 07:25:23.848054+00:00)
2026-08-01 12:58:24 | INFO | Found latest version of tr87: tr87-cd924810 (downloaded: 2026-06-08 07:25:23.848054+00:00)
2026-08-01 12:58:24 | INFO | Found latest version of tr87: tr87-cd924810 (downloaded: 2026-06-08 07:25:23.848054+00:00)
2026-08-01 12:58:24 | INFO | Found latest version of tr87: tr87-cd924810 (downloaded: 2026-06-08 07:25:23.848054+00:00)
2026-08-01 12:58:24 | INFO | Found latest version of tr87: tr87-cd924810 (downloaded: 2026-06-08 07:25:23.848054+00:00)
2026-08-01 12:58:24 | INFO | Found latest version of tr87: tr87-cd924810 (downloaded: 2026-06-08 07:25:23.848054+00:00)
2026-08-01 12:58:24 | INFO | Found latest version of tr87: tr87-cd924810 (downloaded: 2026-06-08 07:25:23.848054+00:00)
2026-08-01 12:58:24 | INFO | Found latest version of tr87: tr87-cd924810 (downloaded: 2026-06-08 07:25:23.848054+00:00)
2026-08-01 12:58:24 | INFO | Found latest version of tr87: tr87-cd924810 (downloaded: 2026-06-08 07:25:23.848054+00:00)
2026-08-01 12:58:24 | INFO | Found latest version of tr87: tr87-cd924810 (downloaded: 2026-06-08 07:25:23.848054+00:00)
2026-08-01 12:58:24 | INFO | Found latest version of tr87: tr87-cd924810 (downloaded: 2026-06-08 07:25:23.848054+00:00)
2026-08-01 12:58:24 | INFO | Found latest version of tr87: tr87-cd924810 (downloaded: 2026-06-08 07:25:23.848054+00:00)
2026-08-01 12:58:24 | INFO | Found latest version of tr87: tr87-cd924810 (downloaded: 2026-06-08 07:25:23.848054+00:00)
2026-08-01 12:58:24 | INFO | Found latest version of tr87: tr87-cd924810 (downloaded: 2026-06-08 07:25:23.848054+00:00)
2026-08-01 12:58:24 | INFO | Found latest version of tr87: tr87-cd924810 (downloaded: 2026-06-08 07:25:23.848054+00:00)
2026-08-01 12:58:24 | INFO | Found latest version of tr87: tr87-cd924810 (downloaded: 2026-06-08 07:25:23.848054+00:00)
2026-08-01 12:58:24 | INFO | Found latest version of tr87: tr87-cd924810 (downloaded: 2026-06-08 07:25:23.848054+00:00)
2026-08-01 12:58:24 | INFO | Found latest version of tr87: tr87-cd924810 (downloaded: 2026-06-08 07:25:23.848054+00:00)
2026-08-01 12:58:24 | INFO | Found latest version of tr87: tr87-cd924810 (downloaded: 2026-06-08 07:25:23.848054+00:00)
2026-08-01 12:58:24 | INFO | Found latest version of tr87: tr87-cd924810 (downloaded: 2026-06-08 07:25:23.848054+00:00)
2026-08-01 12:58:24 | INFO | Found latest version of tr87: tr87-cd924810 (downloaded: 2026-06-08 07:25:23.848054+00:00)
2026-08-01 12:58:24 | INFO | Found latest version of tr87: tr87-cd924810 (downloaded: 2026-06-08 07:25:23.848054+00:00)
2026-08-01 12:58:24 | INFO | Found latest version of tr87: tr87-cd924810 (downloaded: 2026-06-08 07:25:23.848054+00:00)
2026-08-01 12:58:24 | INFO | Found latest version of tr87: tr87-cd924810 (downloaded: 2026-06-08 07:25:23.848054+00:00)
2026-08-01 12:58:24 | INFO | Found latest version of tr87: tr87-cd924810 (downloaded: 2026-06-08 07:25:23.848054+00:00)
2026-08-01 12:58:24 | INFO | Found latest version of tr87: tr87-cd924810 (downloaded: 2026-06-08 07:25:23.848054+00:00)
2026-08-01 12:58:24 | INFO | Found latest version of tr87: tr87-cd924810 (downloaded: 2026-06-08 07:25:23.848054+00:00)
2026-08-01 12:58:24 | INFO | Found latest version of tr87: tr87-cd924810 (downloaded: 2026-06-08 07:25:23.848054+00:00)
2026-08-01 12:58:24 | INFO | Found latest version of tr87: tr87-cd924810 (downloaded: 2026-06-08 07:25:23.848054+00:00)
2026-08-01 12:58:24 | INFO | Found latest version of tr87: tr87-cd924810 (downloaded: 2026-06-08 07:25:23.848054+00:00)
2026-08-01 12:58:24 | INFO | Found latest version of tr87: tr87-cd924810 (downloaded: 2026-06-08 07:25:23.848054+00:00)
2026-08-01 12:58:24 | INFO | Found latest version of tr87: tr87-cd924810 (downloaded: 2026-06-08 07:25:23.848054+00:00)
2026-08-01 12:58:24 | INFO | Found latest version of tr87: tr87-cd924810 (downloaded: 2026-06-08 07:25:23.848054+00:00)
2026-08-01 12:58:24 | INFO | Found latest version of tr87: tr87-cd924810 (downloaded: 2026-06-08 07:25:23.848054+00:00)
2026-08-01 12:58:24 | INFO | Found latest version of tr87: tr87-cd924810 (downloaded: 2026-06-08 07:25:23.848054+00:00)
2026-08-01 12:58:24 | INFO | Found latest version of tr87: tr87-cd924810 (downloaded: 2026-06-08 07:25:23.848054+00:00)
2026-08-01 12:58:24 | INFO | Found latest version of tr87: tr87-cd924810 (downloaded: 2026-06-08 07:25:23.848054+00:00)
2026-08-01 12:58:24 | INFO | Found latest version of tr87: tr87-cd924810 (downloaded: 2026-06-08 07:25:23.848054+00:00)
2026-08-01 12:58:24 | INFO | Found latest version of tr87: tr87-cd924810 (downloaded: 2026-06-08 07:25:23.848054+00:00)
2026-08-01 12:58:24 | INFO | Found latest version of tr87: tr87-cd924810 (downloaded: 2026-06-08 07:25:23.848054+00:00)
2026-08-01 12:58:24 | INFO | Found latest version of tr87: tr87-cd924810 (downloaded: 2026-06-08 07:25:23.848054+00:00)
2026-08-01 12:58:24 | INFO | Found latest version of tr87: tr87-cd924810 (downloaded: 2026-06-08 07:25:23.848054+00:00)
2026-08-01 12:58:24 | INFO | Found latest version of tr87: tr87-cd924810 (downloaded: 2026-06-08 07:25:23.848054+00:00)
2026-08-01 12:58:24 | INFO | Found latest version of tr87: tr87-cd924810 (downloaded: 2026-06-08 07:25:23.848054+00:00)
2026-08-01 12:58:24 | INFO | Found latest version of tr87: tr87-cd924810 (downloaded: 2026-06-08 07:25:23.848054+00:00)
2026-08-01 12:58:24 | INFO | Found latest version of tr87: tr87-cd924810 (downloaded: 2026-06-08 07:25:23.848054+00:00)
2026-08-01 12:58:24 | INFO | Found latest version of tr87: tr87-cd924810 (downloaded: 2026-06-08 07:25:23.848054+00:00)
2026-08-01 12:58:24 | INFO | Found latest version of tr87: tr87-cd924810 (downloaded: 2026-06-08 07:25:23.848054+00:00)
2026-08-01 12:58:24 | INFO | Found latest version of tr87: tr87-cd924810 (downloaded: 2026-06-08 07:25:23.848054+00:00)
2026-08-01 12:58:24 | INFO | Found latest version of tr87: tr87-cd924810 (downloaded: 2026-06-08 07:25:23.848054+00:00)
2026-08-01 12:58:24 | INFO | Found latest version of tr87: tr87-cd924810 (downloaded: 2026-06-08 07:25:23.848054+00:00)
2026-08-01 12:58:24 | INFO | Found latest version of tr87: tr87-cd924810 (downloaded: 2026-06-08 07:25:23.848054+00:00)
2026-08-01 12:58:24 | INFO | Found latest version of tr87: tr87-cd924810 (downloaded: 2026-06-08 07:25:23.848054+00:00)
2026-08-01 12:58:24 | INFO | Found latest version of tr87: tr87-cd924810 (downloaded: 2026-06-08 07:25:23.848054+00:00)
2026-08-01 12:58:24 | INFO | Found latest version of tr87: tr87-cd924810 (downloaded: 2026-06-08 07:25:23.848054+00:00)
2026-08-01 12:58:24 | INFO | Found latest version of tr87: tr87-cd924810 (downloaded: 2026-06-08 07:25:23.848054+00:00)
2026-08-01 12:58:24 | INFO | Found latest version of tr87: tr87-cd924810 (downloaded: 2026-06-08 07:25:23.848054+00:00)
2026-08-01 12:58:24 | INFO | Found latest version of tr87: tr87-cd924810 (downloaded: 2026-06-08 07:25:23.848054+00:00)
2026-08-01 12:58:24 | INFO | Found latest version of tr87: tr87-cd924810 (downloaded: 2026-06-08 07:25:23.848054+00:00)
2026-08-01 12:58:24 | INFO | Found latest version of tr87: tr87-cd924810 (downloaded: 2026-06-08 07:25:23.848054+00:00)
2026-08-01 12:58:25 | INFO | Found latest version of tr87: tr87-cd924810 (downloaded: 2026-06-08 07:25:23.848054+00:00)
2026-08-01 12:58:25 | INFO | Found latest version of tr87: tr87-cd924810 (downloaded: 2026-06-08 07:25:23.848054+00:00)
2026-08-01 12:58:25 | INFO | Found latest version of tr87: tr87-cd924810 (downloaded: 2026-06-08 07:25:23.848054+00:00)
2026-08-01 12:58:25 | INFO | Found latest version of tr87: tr87-cd924810 (downloaded: 2026-06-08 07:25:23.848054+00:00)
2026-08-01 12:58:25 | INFO | Found latest version of tr87: tr87-cd924810 (downloaded: 2026-06-08 07:25:23.848054+00:00)
2026-08-01 12:58:25 | INFO | Found latest version of tr87: tr87-cd924810 (downloaded: 2026-06-08 07:25:23.848054+00:00)
2026-08-01 12:58:25 | INFO | Found latest version of tr87: tr87-cd924810 (downloaded: 2026-06-08 07:25:23.848054+00:00)
2026-08-01 12:58:25 | INFO | Found latest version of tr87: tr87-cd924810 (downloaded: 2026-06-08 07:25:23.848054+00:00)
2026-08-01 12:58:25 | INFO | Found latest version of tr87: tr87-cd924810 (downloaded: 2026-06-08 07:25:23.848054+00:00)
2026-08-01 12:58:25 | INFO | Found latest version of tr87: tr87-cd924810 (downloaded: 2026-06-08 07:25:23.848054+00:00)
2026-08-01 12:58:25 | INFO | Found latest version of tr87: tr87-cd924810 (downloaded: 2026-06-08 07:25:23.848054+00:00)
2026-08-01 12:58:25 | INFO | Found latest version of tr87: tr87-cd924810 (downloaded: 2026-06-08 07:25:23.848054+00:00)
2026-08-01 12:58:25 | INFO | Found latest version of tr87: tr87-cd924810 (downloaded: 2026-06-08 07:25:23.848054+00:00)
2026-08-01 12:58:25 | INFO | Found latest version of tr87: tr87-cd924810 (downloaded: 2026-06-08 07:25:23.848054+00:00)
2026-08-01 12:58:25 | INFO | Found latest version of tr87: tr87-cd924810 (downloaded: 2026-06-08 07:25:23.848054+00:00)
2026-08-01 12:58:25 | INFO | Found latest version of tr87: tr87-cd924810 (downloaded: 2026-06-08 07:25:23.848054+00:00)
2026-08-01 12:58:25 | INFO | Found latest version of tr87: tr87-cd924810 (downloaded: 2026-06-08 07:25:23.848054+00:00)
2026-08-01 12:58:25 | INFO | Found latest version of tr87: tr87-cd924810 (downloaded: 2026-06-08 07:25:23.848054+00:00)
2026-08-01 12:58:25 | INFO | Found latest version of tr87: tr87-cd924810 (downloaded: 2026-06-08 07:25:23.848054+00:00)
2026-08-01 12:58:25 | INFO | Found latest version of tr87: tr87-cd924810 (downloaded: 2026-06-08 07:25:23.848054+00:00)
2026-08-01 12:58:25 | INFO | Found latest version of tr87: tr87-cd924810 (downloaded: 2026-06-08 07:25:23.848054+00:00)
2026-08-01 12:58:25 | INFO | Found latest version of tr87: tr87-cd924810 (downloaded: 2026-06-08 07:25:23.848054+00:00)
2026-08-01 12:58:25 | INFO | Found latest version of tr87: tr87-cd924810 (downloaded: 2026-06-08 07:25:23.848054+00:00)
2026-08-01 12:58:25 | INFO | Found latest version of tr87: tr87-cd924810 (downloaded: 2026-06-08 07:25:23.848054+00:00)
2026-08-01 12:58:25 | INFO | Found latest version of tr87: tr87-cd924810 (downloaded: 2026-06-08 07:25:23.848054+00:00)
2026-08-01 12:58:25 | INFO | Found latest version of tr87: tr87-cd924810 (downloaded: 2026-06-08 07:25:23.848054+00:00)
2026-08-01 12:58:25 | INFO | Found latest version of tr87: tr87-cd924810 (downloaded: 2026-06-08 07:25:23.848054+00:00)
2026-08-01 12:58:25 | INFO | Found latest version of tr87: tr87-cd924810 (downloaded: 2026-06-08 07:25:23.848054+00:00)
2026-08-01 12:58:25 | INFO | Found latest version of tr87: tr87-cd924810 (downloaded: 2026-06-08 07:25:23.848054+00:00)
2026-08-01 12:58:25 | INFO | Found latest version of tr87: tr87-cd924810 (downloaded: 2026-06-08 07:25:23.848054+00:00)
2026-08-01 12:58:25 | INFO | Found latest version of tr87: tr87-cd924810 (downloaded: 2026-06-08 07:25:23.848054+00:00)
2026-08-01 12:58:25 | INFO | Found latest version of tr87: tr87-cd924810 (downloaded: 2026-06-08 07:25:23.848054+00:00)
2026-08-01 12:58:25 | INFO | Found latest version of tr87: tr87-cd924810 (downloaded: 2026-06-08 07:25:23.848054+00:00)
2026-08-01 12:58:25 | INFO | Found latest version of tr87: tr87-cd924810 (downloaded: 2026-06-08 07:25:23.848054+00:00)
2026-08-01 12:58:25 | INFO | Found latest version of tr87: tr87-cd924810 (downloaded: 2026-06-08 07:25:23.848054+00:00)
2026-08-01 12:58:25 | INFO | Found latest version of tr87: tr87-cd924810 (downloaded: 2026-06-08 07:25:23.848054+00:00)
2026-08-01 12:58:25 | INFO | Found latest version of tr87: tr87-cd924810 (downloaded: 2026-06-08 07:25:23.848054+00:00)
2026-08-01 12:58:25 | INFO | Found latest version of tr87: tr87-cd924810 (downloaded: 2026-06-08 07:25:23.848054+00:00)
2026-08-01 12:58:25 | INFO | Found latest version of tr87: tr87-cd924810 (downloaded: 2026-06-08 07:25:23.848054+00:00)
2026-08-01 12:58:25 | INFO | Found latest version of tr87: tr87-cd924810 (downloaded: 2026-06-08 07:25:23.848054+00:00)
2026-08-01 12:58:25 | INFO | Found latest version of tr87: tr87-cd924810 (downloaded: 2026-06-08 07:25:23.848054+00:00)
2026-08-01 12:58:25 | INFO | Found latest version of tr87: tr87-cd924810 (downloaded: 2026-06-08 07:25:23.848054+00:00)
2026-08-01 12:58:25 | INFO | Found latest version of tr87: tr87-cd924810 (downloaded: 2026-06-08 07:25:23.848054+00:00)
2026-08-01 12:58:25 | INFO | Found latest version of tr87: tr87-cd924810 (downloaded: 2026-06-08 07:25:23.848054+00:00)
2026-08-01 12:58:25 | INFO | Found latest version of tr87: tr87-cd924810 (downloaded: 2026-06-08 07:25:23.848054+00:00)
2026-08-01 12:58:25 | INFO | Found latest version of tr87: tr87-cd924810 (downloaded: 2026-06-08 07:25:23.848054+00:00)
2026-08-01 12:58:25 | INFO | Found latest version of tr87: tr87-cd924810 (downloaded: 2026-06-08 07:25:23.848054+00:00)
2026-08-01 12:58:25 | INFO | Found latest version of tr87: tr87-cd924810 (downloaded: 2026-06-08 07:25:23.848054+00:00)
2026-08-01 12:58:25 | INFO | Found latest version of tr87: tr87-cd924810 (downloaded: 2026-06-08 07:25:23.848054+00:00)
2026-08-01 12:58:25 | INFO | Found latest version of tr87: tr87-cd924810 (downloaded: 2026-06-08 07:25:23.848054+00:00)
2026-08-01 12:58:25 | INFO | Found latest version of tr87: tr87-cd924810 (downloaded: 2026-06-08 07:25:23.848054+00:00)
2026-08-01 12:58:25 | INFO | Found latest version of tr87: tr87-cd924810 (downloaded: 2026-06-08 07:25:23.848054+00:00)
2026-08-01 12:58:25 | INFO | Found latest version of tr87: tr87-cd924810 (downloaded: 2026-06-08 07:25:23.848054+00:00)
2026-08-01 12:58:25 | INFO | Found latest version of tr87: tr87-cd924810 (downloaded: 2026-06-08 07:25:23.848054+00:00)
2026-08-01 12:58:25 | INFO | Found latest version of tr87: tr87-cd924810 (downloaded: 2026-06-08 07:25:23.848054+00:00)
2026-08-01 12:58:25 | INFO | Found latest version of tr87: tr87-cd924810 (downloaded: 2026-06-08 07:25:23.848054+00:00)
2026-08-01 12:58:25 | INFO | Found latest version of tr87: tr87-cd924810 (downloaded: 2026-06-08 07:25:23.848054+00:00)
2026-08-01 12:58:25 | INFO | Found latest version of tr87: tr87-cd924810 (downloaded: 2026-06-08 07:25:23.848054+00:00)
2026-08-01 12:58:25 | INFO | Found latest version of tr87: tr87-cd924810 (downloaded: 2026-06-08 07:25:23.848054+00:00)
2026-08-01 12:58:25 | INFO | Found latest version of tr87: tr87-cd924810 (downloaded: 2026-06-08 07:25:23.848054+00:00)
2026-08-01 12:58:25 | INFO | Found latest version of tr87: tr87-cd924810 (downloaded: 2026-06-08 07:25:23.848054+00:00)
2026-08-01 12:58:25 | INFO | Found latest version of tr87: tr87-cd924810 (downloaded: 2026-06-08 07:25:23.848054+00:00)
2026-08-01 12:58:25 | INFO | Found latest version of tr87: tr87-cd924810 (downloaded: 2026-06-08 07:25:23.848054+00:00)
2026-08-01 12:58:26 | INFO | Found latest version of tr87: tr87-cd924810 (downloaded: 2026-06-08 07:25:23.848054+00:00)
2026-08-01 12:58:26 | INFO | Found latest version of tr87: tr87-cd924810 (downloaded: 2026-06-08 07:25:23.848054+00:00)
2026-08-01 12:58:26 | INFO | Found latest version of tr87: tr87-cd924810 (downloaded: 2026-06-08 07:25:23.848054+00:00)
2026-08-01 12:58:26 | INFO | Found latest version of tr87: tr87-cd924810 (downloaded: 2026-06-08 07:25:23.848054+00:00)
2026-08-01 12:58:26 | INFO | Found latest version of tr87: tr87-cd924810 (downloaded: 2026-06-08 07:25:23.848054+00:00)
2026-08-01 12:58:26 | INFO | Found latest version of tr87: tr87-cd924810 (downloaded: 2026-06-08 07:25:23.848054+00:00)
2026-08-01 12:58:26 | INFO | Found latest version of tr87: tr87-cd924810 (downloaded: 2026-06-08 07:25:23.848054+00:00)
2026-08-01 12:58:26 | INFO | Found latest version of tr87: tr87-cd924810 (downloaded: 2026-06-08 07:25:23.848054+00:00)
2026-08-01 12:58:26 | INFO | Found latest version of tr87: tr87-cd924810 (downloaded: 2026-06-08 07:25:23.848054+00:00)
2026-08-01 12:58:26 | INFO | Found latest version of tr87: tr87-cd924810 (downloaded: 2026-06-08 07:25:23.848054+00:00)
2026-08-01 12:58:26 | INFO | Found latest version of tr87: tr87-cd924810 (downloaded: 2026-06-08 07:25:23.848054+00:00)
2026-08-01 12:58:26 | INFO | Found latest version of tr87: tr87-cd924810 (downloaded: 2026-06-08 07:25:23.848054+00:00)
2026-08-01 12:58:26 | INFO | Found latest version of tr87: tr87-cd924810 (downloaded: 2026-06-08 07:25:23.848054+00:00)
2026-08-01 12:58:26 | INFO | Found latest version of tr87: tr87-cd924810 (downloaded: 2026-06-08 07:25:23.848054+00:00)
2026-08-01 12:58:26 | INFO | Found latest version of tr87: tr87-cd924810 (downloaded: 2026-06-08 07:25:23.848054+00:00)
2026-08-01 12:58:26 | INFO | Found latest version of tr87: tr87-cd924810 (downloaded: 2026-06-08 07:25:23.848054+00:00)
2026-08-01 12:58:26 | INFO | Found latest version of tr87: tr87-cd924810 (downloaded: 2026-06-08 07:25:23.848054+00:00)
2026-08-01 12:58:26 | INFO | Found latest version of tr87: tr87-cd924810 (downloaded: 2026-06-08 07:25:23.848054+00:00)
2026-08-01 12:58:26 | INFO | Found latest version of tr87: tr87-cd924810 (downloaded: 2026-06-08 07:25:23.848054+00:00)
2026-08-01 12:58:26 | INFO | Found latest version of tr87: tr87-cd924810 (downloaded: 2026-06-08 07:25:23.848054+00:00)
2026-08-01 12:58:26 | INFO | Found latest version of tr87: tr87-cd924810 (downloaded: 2026-06-08 07:25:23.848054+00:00)
2026-08-01 12:58:26 | INFO | Found latest version of tr87: tr87-cd924810 (downloaded: 2026-06-08 07:25:23.848054+00:00)
2026-08-01 12:58:26 | INFO | Found latest version of tr87: tr87-cd924810 (downloaded: 2026-06-08 07:25:23.848054+00:00)
2026-08-01 12:58:26 | INFO | Found latest version of tr87: tr87-cd924810 (downloaded: 2026-06-08 07:25:23.848054+00:00)
2026-08-01 12:58:26 | INFO | Found latest version of tr87: tr87-cd924810 (downloaded: 2026-06-08 07:25:23.848054+00:00)
2026-08-01 12:58:26 | INFO | Found latest version of tr87: tr87-cd924810 (downloaded: 2026-06-08 07:25:23.848054+00:00)
2026-08-01 12:58:26 | INFO | Found latest version of tr87: tr87-cd924810 (downloaded: 2026-06-08 07:25:23.848054+00:00)
2026-08-01 12:58:26 | INFO | Found latest version of tr87: tr87-cd924810 (downloaded: 2026-06-08 07:25:23.848054+00:00)
2026-08-01 12:58:26 | INFO | Found latest version of tr87: tr87-cd924810 (downloaded: 2026-06-08 07:25:23.848054+00:00)
2026-08-01 12:58:26 | INFO | Found latest version of tr87: tr87-cd924810 (downloaded: 2026-06-08 07:25:23.848054+00:00)
2026-08-01 12:58:26 | INFO | Found latest version of tr87: tr87-cd924810 (downloaded: 2026-06-08 07:25:23.848054+00:00)
2026-08-01 12:58:26 | INFO | Found latest version of tr87: tr87-cd924810 (downloaded: 2026-06-08 07:25:23.848054+00:00)
2026-08-01 12:58:26 | INFO | Found latest version of tr87: tr87-cd924810 (downloaded: 2026-06-08 07:25:23.848054+00:00)
2026-08-01 12:58:26 | INFO | Found latest version of tr87: tr87-cd924810 (downloaded: 2026-06-08 07:25:23.848054+00:00)
2026-08-01 12:58:26 | INFO | Found latest version of tr87: tr87-cd924810 (downloaded: 2026-06-08 07:25:23.848054+00:00)
2026-08-01 12:58:26 | INFO | Found latest version of tr87: tr87-cd924810 (downloaded: 2026-06-08 07:25:23.848054+00:00)
2026-08-01 12:58:26 | INFO | Found latest version of tr87: tr87-cd924810 (downloaded: 2026-06-08 07:25:23.848054+00:00)
2026-08-01 12:58:26 | INFO | Found latest version of tr87: tr87-cd924810 (downloaded: 2026-06-08 07:25:23.848054+00:00)
2026-08-01 12:58:26 | INFO | Found latest version of tr87: tr87-cd924810 (downloaded: 2026-06-08 07:25:23.848054+00:00)
2026-08-01 12:58:26 | INFO | Found latest version of tr87: tr87-cd924810 (downloaded: 2026-06-08 07:25:23.848054+00:00)
2026-08-01 12:58:26 | INFO | Found latest version of tr87: tr87-cd924810 (downloaded: 2026-06-08 07:25:23.848054+00:00)
2026-08-01 12:58:26 | INFO | Found latest version of tr87: tr87-cd924810 (downloaded: 2026-06-08 07:25:23.848054+00:00)
2026-08-01 12:58:26 | INFO | Found latest version of tr87: tr87-cd924810 (downloaded: 2026-06-08 07:25:23.848054+00:00)
2026-08-01 12:58:26 | INFO | Found latest version of tr87: tr87-cd924810 (downloaded: 2026-06-08 07:25:23.848054+00:00)
2026-08-01 12:58:26 | INFO | Found latest version of tr87: tr87-cd924810 (downloaded: 2026-06-08 07:25:23.848054+00:00)
2026-08-01 12:58:26 | INFO | Found latest version of tr87: tr87-cd924810 (downloaded: 2026-06-08 07:25:23.848054+00:00)
2026-08-01 12:58:26 | INFO | Found latest version of tr87: tr87-cd924810 (downloaded: 2026-06-08 07:25:23.848054+00:00)
2026-08-01 12:58:26 | INFO | Found latest version of tr87: tr87-cd924810 (downloaded: 2026-06-08 07:25:23.848054+00:00)
2026-08-01 12:58:26 | INFO | Found latest version of tr87: tr87-cd924810 (downloaded: 2026-06-08 07:25:23.848054+00:00)
2026-08-01 12:58:26 | INFO | Found latest version of tr87: tr87-cd924810 (downloaded: 2026-06-08 07:25:23.848054+00:00)
2026-08-01 12:58:26 | INFO | Found latest version of tr87: tr87-cd924810 (downloaded: 2026-06-08 07:25:23.848054+00:00)
2026-08-01 12:58:26 | INFO | Found latest version of tr87: tr87-cd924810 (downloaded: 2026-06-08 07:25:23.848054+00:00)
2026-08-01 12:58:26 | INFO | Found latest version of tr87: tr87-cd924810 (downloaded: 2026-06-08 07:25:23.848054+00:00)
2026-08-01 12:58:26 | INFO | Found latest version of tr87: tr87-cd924810 (downloaded: 2026-06-08 07:25:23.848054+00:00)
2026-08-01 12:58:26 | INFO | Found latest version of tr87: tr87-cd924810 (downloaded: 2026-06-08 07:25:23.848054+00:00)
2026-08-01 12:58:26 | INFO | Found latest version of tr87: tr87-cd924810 (downloaded: 2026-06-08 07:25:23.848054+00:00)
2026-08-01 12:58:26 | INFO | Found latest version of tr87: tr87-cd924810 (downloaded: 2026-06-08 07:25:23.848054+00:00)
2026-08-01 12:58:26 | INFO | Found latest version of tr87: tr87-cd924810 (downloaded: 2026-06-08 07:25:23.848054+00:00)
2026-08-01 12:58:26 | INFO | Found latest version of tr87: tr87-cd924810 (downloaded: 2026-06-08 07:25:23.848054+00:00)
2026-08-01 12:58:26 | INFO | Found latest version of tr87: tr87-cd924810 (downloaded: 2026-06-08 07:25:23.848054+00:00)
2026-08-01 12:58:26 | INFO | Found latest version of tr87: tr87-cd924810 (downloaded: 2026-06-08 07:25:23.848054+00:00)
2026-08-01 12:58:26 | INFO | Found latest version of tr87: tr87-cd924810 (downloaded: 2026-06-08 07:25:23.848054+00:00)
2026-08-01 12:58:27 | INFO | Found latest version of tr87: tr87-cd924810 (downloaded: 2026-06-08 07:25:23.848054+00:00)
2026-08-01 12:58:27 | INFO | Found latest version of tr87: tr87-cd924810 (downloaded: 2026-06-08 07:25:23.848054+00:00)
2026-08-01 12:58:27 | INFO | Found latest version of tr87: tr87-cd924810 (downloaded: 2026-06-08 07:25:23.848054+00:00)
2026-08-01 12:58:27 | INFO | Found latest version of tr87: tr87-cd924810 (downloaded: 2026-06-08 07:25:23.848054+00:00)
2026-08-01 12:58:27 | INFO | Found latest version of tr87: tr87-cd924810 (downloaded: 2026-06-08 07:25:23.848054+00:00)
2026-08-01 12:58:27 | INFO | Found latest version of tr87: tr87-cd924810 (downloaded: 2026-06-08 07:25:23.848054+00:00)
2026-08-01 12:58:27 | INFO | Found latest version of tr87: tr87-cd924810 (downloaded: 2026-06-08 07:25:23.848054+00:00)
2026-08-01 12:58:27 | INFO | Found latest version of tr87: tr87-cd924810 (downloaded: 2026-06-08 07:25:23.848054+00:00)
2026-08-01 12:58:27 | INFO | Found latest version of tr87: tr87-cd924810 (downloaded: 2026-06-08 07:25:23.848054+00:00)
2026-08-01 12:58:27 | INFO | Found latest version of tr87: tr87-cd924810 (downloaded: 2026-06-08 07:25:23.848054+00:00)
2026-08-01 12:58:27 | INFO | Found latest version of tr87: tr87-cd924810 (downloaded: 2026-06-08 07:25:23.848054+00:00)
2026-08-01 12:58:27 | INFO | Found latest version of tr87: tr87-cd924810 (downloaded: 2026-06-08 07:25:23.848054+00:00)
2026-08-01 12:58:27 | INFO | Found latest version of tr87: tr87-cd924810 (downloaded: 2026-06-08 07:25:23.848054+00:00)
2026-08-01 12:58:27 | INFO | Found latest version of tr87: tr87-cd924810 (downloaded: 2026-06-08 07:25:23.848054+00:00)
2026-08-01 12:58:27 | INFO | Found latest version of tr87: tr87-cd924810 (downloaded: 2026-06-08 07:25:23.848054+00:00)
2026-08-01 12:58:27 | INFO | Found latest version of tr87: tr87-cd924810 (downloaded: 2026-06-08 07:25:23.848054+00:00)
2026-08-01 12:58:27 | INFO | Found latest version of tr87: tr87-cd924810 (downloaded: 2026-06-08 07:25:23.848054+00:00)
2026-08-01 12:58:27 | INFO | Found latest version of tr87: tr87-cd924810 (downloaded: 2026-06-08 07:25:23.848054+00:00)
2026-08-01 12:58:27 | INFO | Found latest version of tr87: tr87-cd924810 (downloaded: 2026-06-08 07:25:23.848054+00:00)
2026-08-01 12:58:27 | INFO | Found latest version of tr87: tr87-cd924810 (downloaded: 2026-06-08 07:25:23.848054+00:00)
2026-08-01 12:58:27 | INFO | Found latest version of tr87: tr87-cd924810 (downloaded: 2026-06-08 07:25:23.848054+00:00)
2026-08-01 12:58:27 | INFO | Found latest version of tr87: tr87-cd924810 (downloaded: 2026-06-08 07:25:23.848054+00:00)
2026-08-01 12:58:27 | INFO | Found latest version of tr87: tr87-cd924810 (downloaded: 2026-06-08 07:25:23.848054+00:00)
2026-08-01 12:58:27 | INFO | Found latest version of tr87: tr87-cd924810 (downloaded: 2026-06-08 07:25:23.848054+00:00)
2026-08-01 12:58:27 | INFO | Found latest version of tr87: tr87-cd924810 (downloaded: 2026-06-08 07:25:23.848054+00:00)
2026-08-01 12:58:27 | INFO | Found latest version of tr87: tr87-cd924810 (downloaded: 2026-06-08 07:25:23.848054+00:00)
2026-08-01 12:58:27 | INFO | Found latest version of tr87: tr87-cd924810 (downloaded: 2026-06-08 07:25:23.848054+00:00)
2026-08-01 12:58:27 | INFO | Found latest version of tr87: tr87-cd924810 (downloaded: 2026-06-08 07:25:23.848054+00:00)
2026-08-01 12:58:27 | INFO | Found latest version of tr87: tr87-cd924810 (downloaded: 2026-06-08 07:25:23.848054+00:00)
2026-08-01 12:58:27 | INFO | Found latest version of tr87: tr87-cd924810 (downloaded: 2026-06-08 07:25:23.848054+00:00)
2026-08-01 12:58:27 | INFO | Found latest version of tr87: tr87-cd924810 (downloaded: 2026-06-08 07:25:23.848054+00:00)
2026-08-01 12:58:27 | INFO | Found latest version of tr87: tr87-cd924810 (downloaded: 2026-06-08 07:25:23.848054+00:00)
2026-08-01 12:58:27 | INFO | Found latest version of tr87: tr87-cd924810 (downloaded: 2026-06-08 07:25:23.848054+00:00)
2026-08-01 12:58:27 | INFO | Found latest version of tr87: tr87-cd924810 (downloaded: 2026-06-08 07:25:23.848054+00:00)
2026-08-01 12:58:27 | INFO | Found latest version of tr87: tr87-cd924810 (downloaded: 2026-06-08 07:25:23.848054+00:00)
2026-08-01 12:58:27 | INFO | Found latest version of tr87: tr87-cd924810 (downloaded: 2026-06-08 07:25:23.848054+00:00)
2026-08-01 12:58:27 | INFO | Found latest version of tr87: tr87-cd924810 (downloaded: 2026-06-08 07:25:23.848054+00:00)
2026-08-01 12:58:27 | INFO | Found latest version of tr87: tr87-cd924810 (downloaded: 2026-06-08 07:25:23.848054+00:00)
2026-08-01 12:58:27 | INFO | Found latest version of tr87: tr87-cd924810 (downloaded: 2026-06-08 07:25:23.848054+00:00)
2026-08-01 12:58:27 | INFO | Found latest version of tr87: tr87-cd924810 (downloaded: 2026-06-08 07:25:23.848054+00:00)
2026-08-01 12:58:27 | INFO | Found latest version of tr87: tr87-cd924810 (downloaded: 2026-06-08 07:25:23.848054+00:00)
2026-08-01 12:58:27 | INFO | Found latest version of tr87: tr87-cd924810 (downloaded: 2026-06-08 07:25:23.848054+00:00)
2026-08-01 12:58:27 | INFO | Found latest version of tr87: tr87-cd924810 (downloaded: 2026-06-08 07:25:23.848054+00:00)
2026-08-01 12:58:27 | INFO | Found latest version of tr87: tr87-cd924810 (downloaded: 2026-06-08 07:25:23.848054+00:00)
2026-08-01 12:58:27 | INFO | Found latest version of tr87: tr87-cd924810 (downloaded: 2026-06-08 07:25:23.848054+00:00)
2026-08-01 12:58:27 | INFO | Found latest version of tr87: tr87-cd924810 (downloaded: 2026-06-08 07:25:23.848054+00:00)
2026-08-01 12:58:27 | INFO | Found latest version of tr87: tr87-cd924810 (downloaded: 2026-06-08 07:25:23.848054+00:00)
2026-08-01 12:58:27 | INFO | Found latest version of tr87: tr87-cd924810 (downloaded: 2026-06-08 07:25:23.848054+00:00)
2026-08-01 12:58:27 | INFO | Found latest version of tr87: tr87-cd924810 (downloaded: 2026-06-08 07:25:23.848054+00:00)
2026-08-01 12:58:27 | INFO | Found latest version of tr87: tr87-cd924810 (downloaded: 2026-06-08 07:25:23.848054+00:00)
2026-08-01 12:58:27 | INFO | Found latest version of tr87: tr87-cd924810 (downloaded: 2026-06-08 07:25:23.848054+00:00)
2026-08-01 12:58:27 | INFO | Found latest version of tr87: tr87-cd924810 (downloaded: 2026-06-08 07:25:23.848054+00:00)
2026-08-01 12:58:27 | INFO | Found latest version of tr87: tr87-cd924810 (downloaded: 2026-06-08 07:25:23.848054+00:00)
2026-08-01 12:58:27 | INFO | Found latest version of tr87: tr87-cd924810 (downloaded: 2026-06-08 07:25:23.848054+00:00)
2026-08-01 12:58:27 | INFO | Found latest version of tr87: tr87-cd924810 (downloaded: 2026-06-08 07:25:23.848054+00:00)
2026-08-01 12:58:27 | INFO | Found latest version of tr87: tr87-cd924810 (downloaded: 2026-06-08 07:25:23.848054+00:00)
2026-08-01 12:58:27 | INFO | Found latest version of tr87: tr87-cd924810 (downloaded: 2026-06-08 07:25:23.848054+00:00)
2026-08-01 12:58:27 | INFO | Found latest version of tr87: tr87-cd924810 (downloaded: 2026-06-08 07:25:23.848054+00:00)
2026-08-01 12:58:27 | INFO | Found latest version of tr87: tr87-cd924810 (downloaded: 2026-06-08 07:25:23.848054+00:00)
2026-08-01 12:58:27 | INFO | Found latest version of tr87: tr87-cd924810 (downloaded: 2026-06-08 07:25:23.848054+00:00)
2026-08-01 12:58:27 | INFO | Found latest version of tr87: tr87-cd924810 (downloaded: 2026-06-08 07:25:23.848054+00:00)
2026-08-01 12:58:27 | INFO | Found latest version of tr87: tr87-cd924810 (downloaded: 2026-06-08 07:25:23.848054+00:00)
2026-08-01 12:58:27 | INFO | Found latest version of tr87: tr87-cd924810 (downloaded: 2026-06-08 07:25:23.848054+00:00)
2026-08-01 12:58:28 | INFO | Found latest version of tr87: tr87-cd924810 (downloaded: 2026-06-08 07:25:23.848054+00:00)
2026-08-01 12:58:28 | INFO | Found latest version of tr87: tr87-cd924810 (downloaded: 2026-06-08 07:25:23.848054+00:00)
2026-08-01 12:58:28 | INFO | Found latest version of tr87: tr87-cd924810 (downloaded: 2026-06-08 07:25:23.848054+00:00)
2026-08-01 12:58:28 | INFO | Found latest version of tr87: tr87-cd924810 (downloaded: 2026-06-08 07:25:23.848054+00:00)
2026-08-01 12:58:28 | INFO | Found latest version of tr87: tr87-cd924810 (downloaded: 2026-06-08 07:25:23.848054+00:00)
2026-08-01 12:58:28 | INFO | Found latest version of tr87: tr87-cd924810 (downloaded: 2026-06-08 07:25:23.848054+00:00)
2026-08-01 12:58:28 | INFO | Found latest version of tr87: tr87-cd924810 (downloaded: 2026-06-08 07:25:23.848054+00:00)
2026-08-01 12:58:28 | INFO | Found latest version of tr87: tr87-cd924810 (downloaded: 2026-06-08 07:25:23.848054+00:00)
2026-08-01 12:58:28 | INFO | Found latest version of tr87: tr87-cd924810 (downloaded: 2026-06-08 07:25:23.848054+00:00)
2026-08-01 12:58:28 | INFO | Found latest version of tr87: tr87-cd924810 (downloaded: 2026-06-08 07:25:23.848054+00:00)
2026-08-01 12:58:28 | INFO | Found latest version of tr87: tr87-cd924810 (downloaded: 2026-06-08 07:25:23.848054+00:00)
2026-08-01 12:58:28 | INFO | Found latest version of tr87: tr87-cd924810 (downloaded: 2026-06-08 07:25:23.848054+00:00)
2026-08-01 12:58:28 | INFO | Found latest version of tr87: tr87-cd924810 (downloaded: 2026-06-08 07:25:23.848054+00:00)
2026-08-01 12:58:28 | INFO | Found latest version of tr87: tr87-cd924810 (downloaded: 2026-06-08 07:25:23.848054+00:00)
2026-08-01 12:58:28 | INFO | Found latest version of tr87: tr87-cd924810 (downloaded: 2026-06-08 07:25:23.848054+00:00)
2026-08-01 12:58:28 | INFO | Found latest version of tr87: tr87-cd924810 (downloaded: 2026-06-08 07:25:23.848054+00:00)
2026-08-01 12:58:28 | INFO | Found latest version of tr87: tr87-cd924810 (downloaded: 2026-06-08 07:25:23.848054+00:00)
2026-08-01 12:58:28 | INFO | Found latest version of tr87: tr87-cd924810 (downloaded: 2026-06-08 07:25:23.848054+00:00)
2026-08-01 12:58:28 | INFO | Found latest version of tr87: tr87-cd924810 (downloaded: 2026-06-08 07:25:23.848054+00:00)
2026-08-01 12:58:28 | INFO | Found latest version of tr87: tr87-cd924810 (downloaded: 2026-06-08 07:25:23.848054+00:00)
2026-08-01 12:58:28 | INFO | Found latest version of tr87: tr87-cd924810 (downloaded: 2026-06-08 07:25:23.848054+00:00)
2026-08-01 12:58:28 | INFO | Found latest version of tr87: tr87-cd924810 (downloaded: 2026-06-08 07:25:23.848054+00:00)
2026-08-01 12:58:28 | INFO | Found latest version of tr87: tr87-cd924810 (downloaded: 2026-06-08 07:25:23.848054+00:00)
2026-08-01 12:58:28 | INFO | Found latest version of tr87: tr87-cd924810 (downloaded: 2026-06-08 07:25:23.848054+00:00)
2026-08-01 12:58:28 | INFO | Found latest version of tr87: tr87-cd924810 (downloaded: 2026-06-08 07:25:23.848054+00:00)
2026-08-01 12:58:28 | INFO | Found latest version of tr87: tr87-cd924810 (downloaded: 2026-06-08 07:25:23.848054+00:00)
2026-08-01 12:58:28 | INFO | Found latest version of tr87: tr87-cd924810 (downloaded: 2026-06-08 07:25:23.848054+00:00)
2026-08-01 12:58:28 | INFO | Found latest version of tr87: tr87-cd924810 (downloaded: 2026-06-08 07:25:23.848054+00:00)
2026-08-01 12:58:28 | INFO | Found latest version of tr87: tr87-cd924810 (downloaded: 2026-06-08 07:25:23.848054+00:00)
2026-08-01 12:58:28 | INFO | Found latest version of tr87: tr87-cd924810 (downloaded: 2026-06-08 07:25:23.848054+00:00)
2026-08-01 12:58:28 | INFO | Found latest version of tr87: tr87-cd924810 (downloaded: 2026-06-08 07:25:23.848054+00:00)
2026-08-01 12:58:28 | INFO | Found latest version of tr87: tr87-cd924810 (downloaded: 2026-06-08 07:25:23.848054+00:00)
2026-08-01 12:58:28 | INFO | Found latest version of tr87: tr87-cd924810 (downloaded: 2026-06-08 07:25:23.848054+00:00)
2026-08-01 12:58:28 | INFO | Found latest version of tr87: tr87-cd924810 (downloaded: 2026-06-08 07:25:23.848054+00:00)
2026-08-01 12:58:28 | INFO | Found latest version of tr87: tr87-cd924810 (downloaded: 2026-06-08 07:25:23.848054+00:00)
2026-08-01 12:58:28 | INFO | Found latest version of tr87: tr87-cd924810 (downloaded: 2026-06-08 07:25:23.848054+00:00)
2026-08-01 12:58:28 | INFO | Found latest version of tr87: tr87-cd924810 (downloaded: 2026-06-08 07:25:23.848054+00:00)
2026-08-01 12:58:28 | INFO | Found latest version of tr87: tr87-cd924810 (downloaded: 2026-06-08 07:25:23.848054+00:00)
2026-08-01 12:58:28 | INFO | Found latest version of tr87: tr87-cd924810 (downloaded: 2026-06-08 07:25:23.848054+00:00)
2026-08-01 12:58:28 | INFO | Found latest version of tr87: tr87-cd924810 (downloaded: 2026-06-08 07:25:23.848054+00:00)
2026-08-01 12:58:28 | INFO | Found latest version of tr87: tr87-cd924810 (downloaded: 2026-06-08 07:25:23.848054+00:00)
2026-08-01 12:58:28 | INFO | Found latest version of tr87: tr87-cd924810 (downloaded: 2026-06-08 07:25:23.848054+00:00)
2026-08-01 12:58:28 | INFO | Found latest version of tr87: tr87-cd924810 (downloaded: 2026-06-08 07:25:23.848054+00:00)
2026-08-01 12:58:28 | INFO | Found latest version of tr87: tr87-cd924810 (downloaded: 2026-06-08 07:25:23.848054+00:00)
2026-08-01 12:58:28 | INFO | Found latest version of tr87: tr87-cd924810 (downloaded: 2026-06-08 07:25:23.848054+00:00)
2026-08-01 12:58:28 | INFO | Found latest version of tr87: tr87-cd924810 (downloaded: 2026-06-08 07:25:23.848054+00:00)
2026-08-01 12:58:28 | INFO | Found latest version of tr87: tr87-cd924810 (downloaded: 2026-06-08 07:25:23.848054+00:00)
2026-08-01 12:58:28 | INFO | Found latest version of tr87: tr87-cd924810 (downloaded: 2026-06-08 07:25:23.848054+00:00)
2026-08-01 12:58:28 | INFO | Found latest version of tr87: tr87-cd924810 (downloaded: 2026-06-08 07:25:23.848054+00:00)
2026-08-01 12:58:28 | INFO | Found latest version of tr87: tr87-cd924810 (downloaded: 2026-06-08 07:25:23.848054+00:00)
2026-08-01 12:58:28 | INFO | Found latest version of tr87: tr87-cd924810 (downloaded: 2026-06-08 07:25:23.848054+00:00)
2026-08-01 12:58:28 | INFO | Found latest version of tr87: tr87-cd924810 (downloaded: 2026-06-08 07:25:23.848054+00:00)
2026-08-01 12:58:28 | INFO | Found latest version of tr87: tr87-cd924810 (downloaded: 2026-06-08 07:25:23.848054+00:00)
2026-08-01 12:58:28 | INFO | Found latest version of tr87: tr87-cd924810 (downloaded: 2026-06-08 07:25:23.848054+00:00)
2026-08-01 12:58:28 | INFO | Found latest version of tr87: tr87-cd924810 (downloaded: 2026-06-08 07:25:23.848054+00:00)
2026-08-01 12:58:28 | INFO | Found latest version of tr87: tr87-cd924810 (downloaded: 2026-06-08 07:25:23.848054+00:00)
2026-08-01 12:58:28 | INFO | Found latest version of tr87: tr87-cd924810 (downloaded: 2026-06-08 07:25:23.848054+00:00)
2026-08-01 12:58:28 | INFO | Found latest version of tr87: tr87-cd924810 (downloaded: 2026-06-08 07:25:23.848054+00:00)
2026-08-01 12:58:28 | INFO | Found latest version of tr87: tr87-cd924810 (downloaded: 2026-06-08 07:25:23.848054+00:00)
2026-08-01 12:58:28 | INFO | Found latest version of tr87: tr87-cd924810 (downloaded: 2026-06-08 07:25:23.848054+00:00)
2026-08-01 12:58:28 | INFO | Found latest version of tr87: tr87-cd924810 (downloaded: 2026-06-08 07:25:23.848054+00:00)
2026-08-01 12:58:28 | INFO | Found latest version of tr87: tr87-cd924810 (downloaded: 2026-06-08 07:25:23.848054+00:00)
2026-08-01 12:58:29 | INFO | Found latest version of tr87: tr87-cd924810 (downloaded: 2026-06-08 07:25:23.848054+00:00)
2026-08-01 12:58:29 | INFO | Found latest version of tr87: tr87-cd924810 (downloaded: 2026-06-08 07:25:23.848054+00:00)
2026-08-01 12:58:29 | INFO | Found latest version of tr87: tr87-cd924810 (downloaded: 2026-06-08 07:25:23.848054+00:00)
2026-08-01 12:58:29 | INFO | Found latest version of tr87: tr87-cd924810 (downloaded: 2026-06-08 07:25:23.848054+00:00)
2026-08-01 12:58:29 | INFO | Found latest version of tr87: tr87-cd924810 (downloaded: 2026-06-08 07:25:23.848054+00:00)
2026-08-01 12:58:29 | INFO | Found latest version of tr87: tr87-cd924810 (downloaded: 2026-06-08 07:25:23.848054+00:00)
2026-08-01 12:58:29 | INFO | Found latest version of tr87: tr87-cd924810 (downloaded: 2026-06-08 07:25:23.848054+00:00)
2026-08-01 12:58:29 | INFO | Found latest version of tr87: tr87-cd924810 (downloaded: 2026-06-08 07:25:23.848054+00:00)
2026-08-01 12:58:29 | INFO | Found latest version of tr87: tr87-cd924810 (downloaded: 2026-06-08 07:25:23.848054+00:00)
2026-08-01 12:58:29 | INFO | Found latest version of tr87: tr87-cd924810 (downloaded: 2026-06-08 07:25:23.848054+00:00)
2026-08-01 12:58:29 | INFO | Found latest version of tr87: tr87-cd924810 (downloaded: 2026-06-08 07:25:23.848054+00:00)
2026-08-01 12:58:29 | INFO | Found latest version of tr87: tr87-cd924810 (downloaded: 2026-06-08 07:25:23.848054+00:00)
2026-08-01 12:58:29 | INFO | Found latest version of tr87: tr87-cd924810 (downloaded: 2026-06-08 07:25:23.848054+00:00)
2026-08-01 12:58:29 | INFO | Found latest version of tr87: tr87-cd924810 (downloaded: 2026-06-08 07:25:23.848054+00:00)
2026-08-01 12:58:29 | INFO | Found latest version of tr87: tr87-cd924810 (downloaded: 2026-06-08 07:25:23.848054+00:00)
2026-08-01 12:58:29 | INFO | Found latest version of tr87: tr87-cd924810 (downloaded: 2026-06-08 07:25:23.848054+00:00)
2026-08-01 12:58:29 | INFO | Found latest version of tr87: tr87-cd924810 (downloaded: 2026-06-08 07:25:23.848054+00:00)
2026-08-01 12:58:29 | INFO | Found latest version of tr87: tr87-cd924810 (downloaded: 2026-06-08 07:25:23.848054+00:00)
2026-08-01 12:58:29 | INFO | Found latest version of tr87: tr87-cd924810 (downloaded: 2026-06-08 07:25:23.848054+00:00)
2026-08-01 12:58:29 | INFO | Found latest version of tr87: tr87-cd924810 (downloaded: 2026-06-08 07:25:23.848054+00:00)
2026-08-01 12:58:29 | INFO | Found latest version of tr87: tr87-cd924810 (downloaded: 2026-06-08 07:25:23.848054+00:00)
2026-08-01 12:58:29 | INFO | Found latest version of tr87: tr87-cd924810 (downloaded: 2026-06-08 07:25:23.848054+00:00)
2026-08-01 12:58:29 | INFO | Found latest version of tr87: tr87-cd924810 (downloaded: 2026-06-08 07:25:23.848054+00:00)
2026-08-01 12:58:29 | INFO | Found latest version of tr87: tr87-cd924810 (downloaded: 2026-06-08 07:25:23.848054+00:00)
2026-08-01 12:58:29 | INFO | Found latest version of tr87: tr87-cd924810 (downloaded: 2026-06-08 07:25:23.848054+00:00)
2026-08-01 12:58:29 | INFO | Found latest version of tr87: tr87-cd924810 (downloaded: 2026-06-08 07:25:23.848054+00:00)
2026-08-01 12:58:29 | INFO | Found latest version of tr87: tr87-cd924810 (downloaded: 2026-06-08 07:25:23.848054+00:00)
2026-08-01 12:58:29 | INFO | Found latest version of tr87: tr87-cd924810 (downloaded: 2026-06-08 07:25:23.848054+00:00)
2026-08-01 12:58:29 | INFO | Found latest version of tr87: tr87-cd924810 (downloaded: 2026-06-08 07:25:23.848054+00:00)
2026-08-01 12:58:29 | INFO | Found latest version of tr87: tr87-cd924810 (downloaded: 2026-06-08 07:25:23.848054+00:00)
2026-08-01 12:58:29 | INFO | Found latest version of tr87: tr87-cd924810 (downloaded: 2026-06-08 07:25:23.848054+00:00)
2026-08-01 12:58:29 | INFO | Found latest version of tr87: tr87-cd924810 (downloaded: 2026-06-08 07:25:23.848054+00:00)
2026-08-01 12:58:29 | INFO | Found latest version of tr87: tr87-cd924810 (downloaded: 2026-06-08 07:25:23.848054+00:00)
2026-08-01 12:58:29 | INFO | Found latest version of tr87: tr87-cd924810 (downloaded: 2026-06-08 07:25:23.848054+00:00)
2026-08-01 12:58:29 | INFO | Found latest version of tr87: tr87-cd924810 (downloaded: 2026-06-08 07:25:23.848054+00:00)
2026-08-01 12:58:29 | INFO | Found latest version of tr87: tr87-cd924810 (downloaded: 2026-06-08 07:25:23.848054+00:00)
2026-08-01 12:58:29 | INFO | Found latest version of tr87: tr87-cd924810 (downloaded: 2026-06-08 07:25:23.848054+00:00)
2026-08-01 12:58:29 | INFO | Found latest version of tr87: tr87-cd924810 (downloaded: 2026-06-08 07:25:23.848054+00:00)
2026-08-01 12:58:29 | INFO | Found latest version of tr87: tr87-cd924810 (downloaded: 2026-06-08 07:25:23.848054+00:00)
2026-08-01 12:58:29 | INFO | Found latest version of tr87: tr87-cd924810 (downloaded: 2026-06-08 07:25:23.848054+00:00)
2026-08-01 12:58:29 | INFO | Found latest version of tr87: tr87-cd924810 (downloaded: 2026-06-08 07:25:23.848054+00:00)
2026-08-01 12:58:29 | INFO | Found latest version of tr87: tr87-cd924810 (downloaded: 2026-06-08 07:25:23.848054+00:00)
2026-08-01 12:58:30 | INFO | Found latest version of tr87: tr87-cd924810 (downloaded: 2026-06-08 07:25:23.848054+00:00)
2026-08-01 12:58:30 | INFO | Found latest version of tr87: tr87-cd924810 (downloaded: 2026-06-08 07:25:23.848054+00:00)
2026-08-01 12:58:30 | INFO | Found latest version of tr87: tr87-cd924810 (downloaded: 2026-06-08 07:25:23.848054+00:00)
2026-08-01 12:58:30 | INFO | Found latest version of tr87: tr87-cd924810 (downloaded: 2026-06-08 07:25:23.848054+00:00)
2026-08-01 12:58:30 | INFO | Found latest version of tr87: tr87-cd924810 (downloaded: 2026-06-08 07:25:23.848054+00:00)
2026-08-01 12:58:30 | INFO | Found latest version of tr87: tr87-cd924810 (downloaded: 2026-06-08 07:25:23.848054+00:00)
2026-08-01 12:58:30 | INFO | Found latest version of tr87: tr87-cd924810 (downloaded: 2026-06-08 07:25:23.848054+00:00)
2026-08-01 12:58:30 | INFO | Found latest version of tr87: tr87-cd924810 (downloaded: 2026-06-08 07:25:23.848054+00:00)
2026-08-01 12:58:30 | INFO | Found latest version of tr87: tr87-cd924810 (downloaded: 2026-06-08 07:25:23.848054+00:00)
2026-08-01 12:58:30 | INFO | Found latest version of tr87: tr87-cd924810 (downloaded: 2026-06-08 07:25:23.848054+00:00)
2026-08-01 12:58:30 | INFO | Found latest version of tr87: tr87-cd924810 (downloaded: 2026-06-08 07:25:23.848054+00:00)
2026-08-01 12:58:30 | INFO | Found latest version of tr87: tr87-cd924810 (downloaded: 2026-06-08 07:25:23.848054+00:00)
2026-08-01 12:58:30 | INFO | Found latest version of tr87: tr87-cd924810 (downloaded: 2026-06-08 07:25:23.848054+00:00)
2026-08-01 12:58:30 | INFO | Found latest version of tr87: tr87-cd924810 (downloaded: 2026-06-08 07:25:23.848054+00:00)
2026-08-01 12:58:30 | INFO | Found latest version of tr87: tr87-cd924810 (downloaded: 2026-06-08 07:25:23.848054+00:00)
2026-08-01 12:58:30 | INFO | Found latest version of tr87: tr87-cd924810 (downloaded: 2026-06-08 07:25:23.848054+00:00)
2026-08-01 12:58:30 | INFO | Found latest version of tr87: tr87-cd924810 (downloaded: 2026-06-08 07:25:23.848054+00:00)
2026-08-01 12:58:30 | INFO | Found latest version of tr87: tr87-cd924810 (downloaded: 2026-06-08 07:25:23.848054+00:00)
2026-08-01 12:58:30 | INFO | Found latest version of tr87: tr87-cd924810 (downloaded: 2026-06-08 07:25:23.848054+00:00)
2026-08-01 12:58:30 | INFO | Found latest version of tr87: tr87-cd924810 (downloaded: 2026-06-08 07:25:23.848054+00:00)
2026-08-01 12:58:30 | INFO | Found latest version of tr87: tr87-cd924810 (downloaded: 2026-06-08 07:25:23.848054+00:00)
2026-08-01 12:58:30 | INFO | Found latest version of tr87: tr87-cd924810 (downloaded: 2026-06-08 07:25:23.848054+00:00)
2026-08-01 12:58:30 | INFO | Found latest version of tr87: tr87-cd924810 (downloaded: 2026-06-08 07:25:23.848054+00:00)
2026-08-01 12:58:30 | INFO | Found latest version of tr87: tr87-cd924810 (downloaded: 2026-06-08 07:25:23.848054+00:00)
2026-08-01 12:58:30 | INFO | Found latest version of tr87: tr87-cd924810 (downloaded: 2026-06-08 07:25:23.848054+00:00)
2026-08-01 12:58:30 | INFO | Found latest version of tr87: tr87-cd924810 (downloaded: 2026-06-08 07:25:23.848054+00:00)
2026-08-01 12:58:30 | INFO | Found latest version of tr87: tr87-cd924810 (downloaded: 2026-06-08 07:25:23.848054+00:00)
2026-08-01 12:58:30 | INFO | Found latest version of tr87: tr87-cd924810 (downloaded: 2026-06-08 07:25:23.848054+00:00)
2026-08-01 12:58:30 | INFO | Found latest version of tr87: tr87-cd924810 (downloaded: 2026-06-08 07:25:23.848054+00:00)
2026-08-01 12:58:30 | INFO | Found latest version of tr87: tr87-cd924810 (downloaded: 2026-06-08 07:25:23.848054+00:00)
2026-08-01 12:58:30 | INFO | Found latest version of tr87: tr87-cd924810 (downloaded: 2026-06-08 07:25:23.848054+00:00)
2026-08-01 12:58:30 | INFO | Found latest version of tr87: tr87-cd924810 (downloaded: 2026-06-08 07:25:23.848054+00:00)
2026-08-01 12:58:30 | INFO | Found latest version of tr87: tr87-cd924810 (downloaded: 2026-06-08 07:25:23.848054+00:00)
2026-08-01 12:58:30 | INFO | Found latest version of tr87: tr87-cd924810 (downloaded: 2026-06-08 07:25:23.848054+00:00)
2026-08-01 12:58:30 | INFO | Found latest version of tr87: tr87-cd924810 (downloaded: 2026-06-08 07:25:23.848054+00:00)
2026-08-01 12:58:30 | INFO | Found latest version of tr87: tr87-cd924810 (downloaded: 2026-06-08 07:25:23.848054+00:00)
2026-08-01 12:58:30 | INFO | Found latest version of tr87: tr87-cd924810 (downloaded: 2026-06-08 07:25:23.848054+00:00)
2026-08-01 12:58:30 | INFO | Found latest version of tr87: tr87-cd924810 (downloaded: 2026-06-08 07:25:23.848054+00:00)
2026-08-01 12:58:30 | INFO | Found latest version of tr87: tr87-cd924810 (downloaded: 2026-06-08 07:25:23.848054+00:00)
2026-08-01 12:58:30 | INFO | Found latest version of tr87: tr87-cd924810 (downloaded: 2026-06-08 07:25:23.848054+00:00)
2026-08-01 12:58:30 | INFO | Found latest version of tr87: tr87-cd924810 (downloaded: 2026-06-08 07:25:23.848054+00:00)
2026-08-01 12:58:30 | INFO | Found latest version of tr87: tr87-cd924810 (downloaded: 2026-06-08 07:25:23.848054+00:00)
2026-08-01 12:58:30 | INFO | Found latest version of tr87: tr87-cd924810 (downloaded: 2026-06-08 07:25:23.848054+00:00)
2026-08-01 12:58:30 | INFO | Found latest version of tr87: tr87-cd924810 (downloaded: 2026-06-08 07:25:23.848054+00:00)
2026-08-01 12:58:30 | INFO | Found latest version of tr87: tr87-cd924810 (downloaded: 2026-06-08 07:25:23.848054+00:00)
2026-08-01 12:58:30 | INFO | Found latest version of tr87: tr87-cd924810 (downloaded: 2026-06-08 07:25:23.848054+00:00)
2026-08-01 12:58:30 | INFO | Found latest version of tr87: tr87-cd924810 (downloaded: 2026-06-08 07:25:23.848054+00:00)
2026-08-01 12:58:30 | INFO | Found latest version of tr87: tr87-cd924810 (downloaded: 2026-06-08 07:25:23.848054+00:00)
2026-08-01 12:58:30 | INFO | Found latest version of tr87: tr87-cd924810 (downloaded: 2026-06-08 07:25:23.848054+00:00)
2026-08-01 12:58:31 | INFO | Found latest version of tr87: tr87-cd924810 (downloaded: 2026-06-08 07:25:23.848054+00:00)
2026-08-01 12:58:31 | INFO | Found latest version of tr87: tr87-cd924810 (downloaded: 2026-06-08 07:25:23.848054+00:00)
2026-08-01 12:58:31 | INFO | Found latest version of tr87: tr87-cd924810 (downloaded: 2026-06-08 07:25:23.848054+00:00)
2026-08-01 12:58:31 | INFO | Found latest version of tr87: tr87-cd924810 (downloaded: 2026-06-08 07:25:23.848054+00:00)
2026-08-01 12:58:31 | INFO | Found latest version of tr87: tr87-cd924810 (downloaded: 2026-06-08 07:25:23.848054+00:00)
2026-08-01 12:58:31 | INFO | Found latest version of tr87: tr87-cd924810 (downloaded: 2026-06-08 07:25:23.848054+00:00)
2026-08-01 12:58:31 | INFO | Found latest version of tr87: tr87-cd924810 (downloaded: 2026-06-08 07:25:23.848054+00:00)
2026-08-01 12:58:31 | INFO | Found latest version of tr87: tr87-cd924810 (downloaded: 2026-06-08 07:25:23.848054+00:00)
2026-08-01 12:58:31 | INFO | Found latest version of tr87: tr87-cd924810 (downloaded: 2026-06-08 07:25:23.848054+00:00)
2026-08-01 12:58:31 | INFO | Found latest version of tr87: tr87-cd924810 (downloaded: 2026-06-08 07:25:23.848054+00:00)
2026-08-01 12:58:31 | INFO | Found latest version of tr87: tr87-cd924810 (downloaded: 2026-06-08 07:25:23.848054+00:00)
2026-08-01 12:58:31 | INFO | Found latest version of tr87: tr87-cd924810 (downloaded: 2026-06-08 07:25:23.848054+00:00)
2026-08-01 12:58:31 | INFO | Found latest version of tr87: tr87-cd924810 (downloaded: 2026-06-08 07:25:23.848054+00:00)
2026-08-01 12:58:31 | INFO | Found latest version of tr87: tr87-cd924810 (downloaded: 2026-06-08 07:25:23.848054+00:00)
2026-08-01 12:58:31 | INFO | Found latest version of tr87: tr87-cd924810 (downloaded: 2026-06-08 07:25:23.848054+00:00)
2026-08-01 12:58:31 | INFO | Found latest version of tr87: tr87-cd924810 (downloaded: 2026-06-08 07:25:23.848054+00:00)
2026-08-01 12:58:31 | INFO | Found latest version of tr87: tr87-cd924810 (downloaded: 2026-06-08 07:25:23.848054+00:00)
2026-08-01 12:58:31 | INFO | Found latest version of tr87: tr87-cd924810 (downloaded: 2026-06-08 07:25:23.848054+00:00)
2026-08-01 12:58:31 | INFO | Found latest version of tr87: tr87-cd924810 (downloaded: 2026-06-08 07:25:23.848054+00:00)
2026-08-01 12:58:31 | INFO | Found latest version of tr87: tr87-cd924810 (downloaded: 2026-06-08 07:25:23.848054+00:00)
2026-08-01 12:58:31 | INFO | Found latest version of tr87: tr87-cd924810 (downloaded: 2026-06-08 07:25:23.848054+00:00)
2026-08-01 12:58:31 | INFO | Found latest version of tr87: tr87-cd924810 (downloaded: 2026-06-08 07:25:23.848054+00:00)
2026-08-01 12:58:31 | INFO | Found latest version of tr87: tr87-cd924810 (downloaded: 2026-06-08 07:25:23.848054+00:00)
2026-08-01 12:58:31 | INFO | Found latest version of tr87: tr87-cd924810 (downloaded: 2026-06-08 07:25:23.848054+00:00)
2026-08-01 12:58:31 | INFO | Found latest version of tr87: tr87-cd924810 (downloaded: 2026-06-08 07:25:23.848054+00:00)
2026-08-01 12:58:31 | INFO | Found latest version of tr87: tr87-cd924810 (downloaded: 2026-06-08 07:25:23.848054+00:00)
2026-08-01 12:58:31 | INFO | Found latest version of tr87: tr87-cd924810 (downloaded: 2026-06-08 07:25:23.848054+00:00)
2026-08-01 12:58:31 | INFO | Found latest version of tr87: tr87-cd924810 (downloaded: 2026-06-08 07:25:23.848054+00:00)
2026-08-01 12:58:31 | INFO | Found latest version of tr87: tr87-cd924810 (downloaded: 2026-06-08 07:25:23.848054+00:00)
2026-08-01 12:58:31 | INFO | Found latest version of tr87: tr87-cd924810 (downloaded: 2026-06-08 07:25:23.848054+00:00)
2026-08-01 12:58:31 | INFO | Found latest version of tr87: tr87-cd924810 (downloaded: 2026-06-08 07:25:23.848054+00:00)
2026-08-01 12:58:31 | INFO | Found latest version of tr87: tr87-cd924810 (downloaded: 2026-06-08 07:25:23.848054+00:00)
2026-08-01 12:58:31 | INFO | Found latest version of tr87: tr87-cd924810 (downloaded: 2026-06-08 07:25:23.848054+00:00)
2026-08-01 12:58:31 | INFO | Found latest version of tr87: tr87-cd924810 (downloaded: 2026-06-08 07:25:23.848054+00:00)
2026-08-01 12:58:32 | INFO | Found latest version of tr87: tr87-cd924810 (downloaded: 2026-06-08 07:25:23.848054+00:00)
2026-08-01 12:58:32 | INFO | Found latest version of tr87: tr87-cd924810 (downloaded: 2026-06-08 07:25:23.848054+00:00)
2026-08-01 12:58:32 | INFO | Found latest version of tr87: tr87-cd924810 (downloaded: 2026-06-08 07:25:23.848054+00:00)
2026-08-01 12:58:32 | INFO | Found latest version of tr87: tr87-cd924810 (downloaded: 2026-06-08 07:25:23.848054+00:00)
2026-08-01 12:58:32 | INFO | Found latest version of tr87: tr87-cd924810 (downloaded: 2026-06-08 07:25:23.848054+00:00)
2026-08-01 12:58:32 | INFO | Found latest version of tr87: tr87-cd924810 (downloaded: 2026-06-08 07:25:23.848054+00:00)
2026-08-01 12:58:32 | INFO | Found latest version of tr87: tr87-cd924810 (downloaded: 2026-06-08 07:25:23.848054+00:00)
2026-08-01 12:58:32 | INFO | Found latest version of tr87: tr87-cd924810 (downloaded: 2026-06-08 07:25:23.848054+00:00)
2026-08-01 12:58:32 | INFO | Found latest version of tr87: tr87-cd924810 (downloaded: 2026-06-08 07:25:23.848054+00:00)
2026-08-01 12:58:32 | INFO | Found latest version of tr87: tr87-cd924810 (downloaded: 2026-06-08 07:25:23.848054+00:00)
2026-08-01 12:58:32 | INFO | Found latest version of tr87: tr87-cd924810 (downloaded: 2026-06-08 07:25:23.848054+00:00)
2026-08-01 12:58:32 | INFO | Found latest version of tr87: tr87-cd924810 (downloaded: 2026-06-08 07:25:23.848054+00:00)
2026-08-01 12:58:32 | INFO | Found latest version of tr87: tr87-cd924810 (downloaded: 2026-06-08 07:25:23.848054+00:00)
2026-08-01 12:58:32 | INFO | Found latest version of tr87: tr87-cd924810 (downloaded: 2026-06-08 07:25:23.848054+00:00)
2026-08-01 12:58:32 | INFO | Found latest version of tr87: tr87-cd924810 (downloaded: 2026-06-08 07:25:23.848054+00:00)
2026-08-01 12:58:32 | INFO | Found latest version of tr87: tr87-cd924810 (downloaded: 2026-06-08 07:25:23.848054+00:00)
2026-08-01 12:58:32 | INFO | Found latest version of tr87: tr87-cd924810 (downloaded: 2026-06-08 07:25:23.848054+00:00)
2026-08-01 12:58:32 | INFO | Found latest version of tr87: tr87-cd924810 (downloaded: 2026-06-08 07:25:23.848054+00:00)
2026-08-01 12:58:32 | INFO | Found latest version of tr87: tr87-cd924810 (downloaded: 2026-06-08 07:25:23.848054+00:00)
2026-08-01 12:58:32 | INFO | Found latest version of tr87: tr87-cd924810 (downloaded: 2026-06-08 07:25:23.848054+00:00)
2026-08-01 12:58:32 | INFO | Found latest version of tr87: tr87-cd924810 (downloaded: 2026-06-08 07:25:23.848054+00:00)
2026-08-01 12:58:32 | INFO | Found latest version of tr87: tr87-cd924810 (downloaded: 2026-06-08 07:25:23.848054+00:00)
2026-08-01 12:58:32 | INFO | Found latest version of tr87: tr87-cd924810 (downloaded: 2026-06-08 07:25:23.848054+00:00)
2026-08-01 12:58:32 | INFO | Found latest version of tr87: tr87-cd924810 (downloaded: 2026-06-08 07:25:23.848054+00:00)
2026-08-01 12:58:32 | INFO | Found latest version of tr87: tr87-cd924810 (downloaded: 2026-06-08 07:25:23.848054+00:00)
2026-08-01 12:58:32 | INFO | Found latest version of tr87: tr87-cd924810 (downloaded: 2026-06-08 07:25:23.848054+00:00)
2026-08-01 12:58:32 | INFO | Found latest version of tr87: tr87-cd924810 (downloaded: 2026-06-08 07:25:23.848054+00:00)
2026-08-01 12:58:32 | INFO | Found latest version of tr87: tr87-cd924810 (downloaded: 2026-06-08 07:25:23.848054+00:00)
2026-08-01 12:58:32 | INFO | Found latest version of tr87: tr87-cd924810 (downloaded: 2026-06-08 07:25:23.848054+00:00)
2026-08-01 12:58:32 | INFO | Found latest version of tr87: tr87-cd924810 (downloaded: 2026-06-08 07:25:23.848054+00:00)
2026-08-01 12:58:32 | INFO | Found latest version of tr87: tr87-cd924810 (downloaded: 2026-06-08 07:25:23.848054+00:00)
2026-08-01 12:58:32 | INFO | Found latest version of tr87: tr87-cd924810 (downloaded: 2026-06-08 07:25:23.848054+00:00)
2026-08-01 12:58:32 | INFO | Found latest version of tr87: tr87-cd924810 (downloaded: 2026-06-08 07:25:23.848054+00:00)
2026-08-01 12:58:32 | INFO | Found latest version of tr87: tr87-cd924810 (downloaded: 2026-06-08 07:25:23.848054+00:00)
2026-08-01 12:58:32 | INFO | Found latest version of tr87: tr87-cd924810 (downloaded: 2026-06-08 07:25:23.848054+00:00)
2026-08-01 12:58:32 | INFO | Found latest version of tr87: tr87-cd924810 (downloaded: 2026-06-08 07:25:23.848054+00:00)
2026-08-01 12:58:32 | INFO | Found latest version of tr87: tr87-cd924810 (downloaded: 2026-06-08 07:25:23.848054+00:00)
2026-08-01 12:58:32 | INFO | Found latest version of tr87: tr87-cd924810 (downloaded: 2026-06-08 07:25:23.848054+00:00)
2026-08-01 12:58:32 | INFO | Found latest version of tr87: tr87-cd924810 (downloaded: 2026-06-08 07:25:23.848054+00:00)
2026-08-01 12:58:32 | INFO | Found latest version of tr87: tr87-cd924810 (downloaded: 2026-06-08 07:25:23.848054+00:00)
2026-08-01 12:58:32 | INFO | Found latest version of tr87: tr87-cd924810 (downloaded: 2026-06-08 07:25:23.848054+00:00)
2026-08-01 12:58:32 | INFO | Found latest version of tr87: tr87-cd924810 (downloaded: 2026-06-08 07:25:23.848054+00:00)
2026-08-01 12:58:32 | INFO | Found latest version of tr87: tr87-cd924810 (downloaded: 2026-06-08 07:25:23.848054+00:00)
2026-08-01 12:58:32 | INFO | Found latest version of tr87: tr87-cd924810 (downloaded: 2026-06-08 07:25:23.848054+00:00)
2026-08-01 12:58:32 | INFO | Found latest version of tr87: tr87-cd924810 (downloaded: 2026-06-08 07:25:23.848054+00:00)
2026-08-01 12:58:32 | INFO | Found latest version of tr87: tr87-cd924810 (downloaded: 2026-06-08 07:25:23.848054+00:00)
2026-08-01 12:58:32 | INFO | Found latest version of tr87: tr87-cd924810 (downloaded: 2026-06-08 07:25:23.848054+00:00)
2026-08-01 12:58:32 | INFO | Found latest version of tr87: tr87-cd924810 (downloaded: 2026-06-08 07:25:23.848054+00:00)
2026-08-01 12:58:32 | INFO | Found latest version of tr87: tr87-cd924810 (downloaded: 2026-06-08 07:25:23.848054+00:00)
2026-08-01 12:58:32 | INFO | Found latest version of tr87: tr87-cd924810 (downloaded: 2026-06-08 07:25:23.848054+00:00)
2026-08-01 12:58:32 | INFO | Found latest version of tr87: tr87-cd924810 (downloaded: 2026-06-08 07:25:23.848054+00:00)
2026-08-01 12:58:32 | INFO | Found latest version of tr87: tr87-cd924810 (downloaded: 2026-06-08 07:25:23.848054+00:00)
2026-08-01 12:58:32 | INFO | Found latest version of tr87: tr87-cd924810 (downloaded: 2026-06-08 07:25:23.848054+00:00)
2026-08-01 12:58:32 | INFO | Found latest version of tr87: tr87-cd924810 (downloaded: 2026-06-08 07:25:23.848054+00:00)
2026-08-01 12:58:32 | INFO | Found latest version of tr87: tr87-cd924810 (downloaded: 2026-06-08 07:25:23.848054+00:00)
2026-08-01 12:58:32 | INFO | Found latest version of tr87: tr87-cd924810 (downloaded: 2026-06-08 07:25:23.848054+00:00)
2026-08-01 12:58:32 | INFO | Found latest version of tr87: tr87-cd924810 (downloaded: 2026-06-08 07:25:23.848054+00:00)
2026-08-01 12:58:32 | INFO | Found latest version of tr87: tr87-cd924810 (downloaded: 2026-06-08 07:25:23.848054+00:00)
2026-08-01 12:58:32 | INFO | Found latest version of tr87: tr87-cd924810 (downloaded: 2026-06-08 07:25:23.848054+00:00)
2026-08-01 12:58:32 | INFO | Found latest version of tr87: tr87-cd924810 (downloaded: 2026-06-08 07:25:23.848054+00:00)
2026-08-01 12:58:32 | INFO | Found latest version of tr87: tr87-cd924810 (downloaded: 2026-06-08 07:25:23.848054+00:00)
2026-08-01 12:58:32 | INFO | Found latest version of tr87: tr87-cd924810 (downloaded: 2026-06-08 07:25:23.848054+00:00)
2026-08-01 12:58:32 | INFO | Found latest version of tr87: tr87-cd924810 (downloaded: 2026-06-08 07:25:23.848054+00:00)
2026-08-01 12:58:33 | INFO | Found latest version of tr87: tr87-cd924810 (downloaded: 2026-06-08 07:25:23.848054+00:00)
2026-08-01 12:58:33 | INFO | Found latest version of tr87: tr87-cd924810 (downloaded: 2026-06-08 07:25:23.848054+00:00)
2026-08-01 12:58:33 | INFO | Found latest version of tr87: tr87-cd924810 (downloaded: 2026-06-08 07:25:23.848054+00:00)
2026-08-01 12:58:33 | INFO | Found latest version of tr87: tr87-cd924810 (downloaded: 2026-06-08 07:25:23.848054+00:00)
2026-08-01 12:58:33 | INFO | Found latest version of tr87: tr87-cd924810 (downloaded: 2026-06-08 07:25:23.848054+00:00)
2026-08-01 12:58:33 | INFO | Found latest version of tr87: tr87-cd924810 (downloaded: 2026-06-08 07:25:23.848054+00:00)
2026-08-01 12:58:33 | INFO | Found latest version of tr87: tr87-cd924810 (downloaded: 2026-06-08 07:25:23.848054+00:00)
2026-08-01 12:58:33 | INFO | Found latest version of tr87: tr87-cd924810 (downloaded: 2026-06-08 07:25:23.848054+00:00)
2026-08-01 12:58:33 | INFO | Found latest version of tr87: tr87-cd924810 (downloaded: 2026-06-08 07:25:23.848054+00:00)
2026-08-01 12:58:33 | INFO | Found latest version of tr87: tr87-cd924810 (downloaded: 2026-06-08 07:25:23.848054+00:00)
2026-08-01 12:58:33 | INFO | Found latest version of tr87: tr87-cd924810 (downloaded: 2026-06-08 07:25:23.848054+00:00)
2026-08-01 12:58:33 | INFO | Found latest version of tr87: tr87-cd924810 (downloaded: 2026-06-08 07:25:23.848054+00:00)
2026-08-01 12:58:33 | INFO | Found latest version of tr87: tr87-cd924810 (downloaded: 2026-06-08 07:25:23.848054+00:00)
2026-08-01 12:58:33 | INFO | Found latest version of tr87: tr87-cd924810 (downloaded: 2026-06-08 07:25:23.848054+00:00)
2026-08-01 12:58:33 | INFO | Found latest version of tr87: tr87-cd924810 (downloaded: 2026-06-08 07:25:23.848054+00:00)
2026-08-01 12:58:33 | INFO | Found latest version of tr87: tr87-cd924810 (downloaded: 2026-06-08 07:25:23.848054+00:00)
2026-08-01 12:58:33 | INFO | Found latest version of tr87: tr87-cd924810 (downloaded: 2026-06-08 07:25:23.848054+00:00)
2026-08-01 12:58:33 | INFO | Found latest version of tr87: tr87-cd924810 (downloaded: 2026-06-08 07:25:23.848054+00:00)
2026-08-01 12:58:33 | INFO | Found latest version of tr87: tr87-cd924810 (downloaded: 2026-06-08 07:25:23.848054+00:00)
2026-08-01 12:58:33 | INFO | Found latest version of tr87: tr87-cd924810 (downloaded: 2026-06-08 07:25:23.848054+00:00)
2026-08-01 12:58:33 | INFO | Found latest version of tr87: tr87-cd924810 (downloaded: 2026-06-08 07:25:23.848054+00:00)
2026-08-01 12:58:33 | INFO | Found latest version of tr87: tr87-cd924810 (downloaded: 2026-06-08 07:25:23.848054+00:00)
2026-08-01 12:58:33 | INFO | Found latest version of tr87: tr87-cd924810 (downloaded: 2026-06-08 07:25:23.848054+00:00)
2026-08-01 12:58:33 | INFO | Found latest version of tr87: tr87-cd924810 (downloaded: 2026-06-08 07:25:23.848054+00:00)
2026-08-01 12:58:33 | INFO | Found latest version of tr87: tr87-cd924810 (downloaded: 2026-06-08 07:25:23.848054+00:00)
2026-08-01 12:58:33 | INFO | Found latest version of tr87: tr87-cd924810 (downloaded: 2026-06-08 07:25:23.848054+00:00)
2026-08-01 12:58:33 | INFO | Found latest version of tr87: tr87-cd924810 (downloaded: 2026-06-08 07:25:23.848054+00:00)
2026-08-01 12:58:33 | INFO | Found latest version of tr87: tr87-cd924810 (downloaded: 2026-06-08 07:25:23.848054+00:00)
2026-08-01 12:58:33 | INFO | Found latest version of tr87: tr87-cd924810 (downloaded: 2026-06-08 07:25:23.848054+00:00)
2026-08-01 12:58:33 | INFO | Found latest version of tr87: tr87-cd924810 (downloaded: 2026-06-08 07:25:23.848054+00:00)
2026-08-01 12:58:33 | INFO | Found latest version of tr87: tr87-cd924810 (downloaded: 2026-06-08 07:25:23.848054+00:00)
2026-08-01 12:58:33 | INFO | Found latest version of tr87: tr87-cd924810 (downloaded: 2026-06-08 07:25:23.848054+00:00)
2026-08-01 12:58:33 | INFO | Found latest version of tr87: tr87-cd924810 (downloaded: 2026-06-08 07:25:23.848054+00:00)
2026-08-01 12:58:33 | INFO | Found latest version of tr87: tr87-cd924810 (downloaded: 2026-06-08 07:25:23.848054+00:00)
2026-08-01 12:58:33 | INFO | Found latest version of tr87: tr87-cd924810 (downloaded: 2026-06-08 07:25:23.848054+00:00)
2026-08-01 12:58:33 | INFO | Found latest version of tr87: tr87-cd924810 (downloaded: 2026-06-08 07:25:23.848054+00:00)
2026-08-01 12:58:33 | INFO | Found latest version of tr87: tr87-cd924810 (downloaded: 2026-06-08 07:25:23.848054+00:00)
2026-08-01 12:58:33 | INFO | Found latest version of tr87: tr87-cd924810 (downloaded: 2026-06-08 07:25:23.848054+00:00)
2026-08-01 12:58:33 | INFO | Found latest version of tr87: tr87-cd924810 (downloaded: 2026-06-08 07:25:23.848054+00:00)
2026-08-01 12:58:33 | INFO | Found latest version of tr87: tr87-cd924810 (downloaded: 2026-06-08 07:25:23.848054+00:00)
2026-08-01 12:58:33 | INFO | Found latest version of tr87: tr87-cd924810 (downloaded: 2026-06-08 07:25:23.848054+00:00)
2026-08-01 12:58:33 | INFO | Found latest version of tr87: tr87-cd924810 (downloaded: 2026-06-08 07:25:23.848054+00:00)
2026-08-01 12:58:33 | INFO | Found latest version of tr87: tr87-cd924810 (downloaded: 2026-06-08 07:25:23.848054+00:00)
2026-08-01 12:58:33 | INFO | Found latest version of tr87: tr87-cd924810 (downloaded: 2026-06-08 07:25:23.848054+00:00)
2026-08-01 12:58:33 | INFO | Found latest version of tr87: tr87-cd924810 (downloaded: 2026-06-08 07:25:23.848054+00:00)
2026-08-01 12:58:33 | INFO | Found latest version of tr87: tr87-cd924810 (downloaded: 2026-06-08 07:25:23.848054+00:00)
2026-08-01 12:58:33 | INFO | Found latest version of tr87: tr87-cd924810 (downloaded: 2026-06-08 07:25:23.848054+00:00)
2026-08-01 12:58:33 | INFO | Found latest version of tr87: tr87-cd924810 (downloaded: 2026-06-08 07:25:23.848054+00:00)
2026-08-01 12:58:33 | INFO | Found latest version of tr87: tr87-cd924810 (downloaded: 2026-06-08 07:25:23.848054+00:00)
2026-08-01 12:58:33 | INFO | Found latest version of tr87: tr87-cd924810 (downloaded: 2026-06-08 07:25:23.848054+00:00)
2026-08-01 12:58:33 | INFO | Found latest version of tr87: tr87-cd924810 (downloaded: 2026-06-08 07:25:23.848054+00:00)
2026-08-01 12:58:33 | INFO | Found latest version of tr87: tr87-cd924810 (downloaded: 2026-06-08 07:25:23.848054+00:00)
2026-08-01 12:58:33 | INFO | Found latest version of tr87: tr87-cd924810 (downloaded: 2026-06-08 07:25:23.848054+00:00)
2026-08-01 12:58:33 | INFO | Found latest version of tr87: tr87-cd924810 (downloaded: 2026-06-08 07:25:23.848054+00:00)
2026-08-01 12:58:33 | INFO | Found latest version of tr87: tr87-cd924810 (downloaded: 2026-06-08 07:25:23.848054+00:00)
2026-08-01 12:58:33 | INFO | Found latest version of tr87: tr87-cd924810 (downloaded: 2026-06-08 07:25:23.848054+00:00)
2026-08-01 12:58:33 | INFO | Found latest version of tr87: tr87-cd924810 (downloaded: 2026-06-08 07:25:23.848054+00:00)
2026-08-01 12:58:33 | INFO | Found latest version of tr87: tr87-cd924810 (downloaded: 2026-06-08 07:25:23.848054+00:00)
2026-08-01 12:58:33 | INFO | Found latest version of tr87: tr87-cd924810 (downloaded: 2026-06-08 07:25:23.848054+00:00)
2026-08-01 12:58:33 | INFO | Found latest version of tr87: tr87-cd924810 (downloaded: 2026-06-08 07:25:23.848054+00:00)
2026-08-01 12:58:33 | INFO | Found latest version of tr87: tr87-cd924810 (downloaded: 2026-06-08 07:25:23.848054+00:00)
2026-08-01 12:58:33 | INFO | Found latest version of tr87: tr87-cd924810 (downloaded: 2026-06-08 07:25:23.848054+00:00)
2026-08-01 12:58:34 | INFO | Found latest version of tr87: tr87-cd924810 (downloaded: 2026-06-08 07:25:23.848054+00:00)
2026-08-01 12:58:34 | INFO | Found latest version of tr87: tr87-cd924810 (downloaded: 2026-06-08 07:25:23.848054+00:00)
2026-08-01 12:58:34 | INFO | Found latest version of tr87: tr87-cd924810 (downloaded: 2026-06-08 07:25:23.848054+00:00)
2026-08-01 12:58:34 | INFO | Found latest version of tr87: tr87-cd924810 (downloaded: 2026-06-08 07:25:23.848054+00:00)
2026-08-01 12:58:34 | INFO | Found latest version of tr87: tr87-cd924810 (downloaded: 2026-06-08 07:25:23.848054+00:00)
2026-08-01 12:58:34 | INFO | Found latest version of tr87: tr87-cd924810 (downloaded: 2026-06-08 07:25:23.848054+00:00)
2026-08-01 12:58:34 | INFO | Found latest version of tr87: tr87-cd924810 (downloaded: 2026-06-08 07:25:23.848054+00:00)
2026-08-01 12:58:34 | INFO | Found latest version of tr87: tr87-cd924810 (downloaded: 2026-06-08 07:25:23.848054+00:00)
2026-08-01 12:58:34 | INFO | Found latest version of tr87: tr87-cd924810 (downloaded: 2026-06-08 07:25:23.848054+00:00)
2026-08-01 12:58:34 | INFO | Found latest version of tr87: tr87-cd924810 (downloaded: 2026-06-08 07:25:23.848054+00:00)
2026-08-01 12:58:34 | INFO | Found latest version of tr87: tr87-cd924810 (downloaded: 2026-06-08 07:25:23.848054+00:00)
2026-08-01 12:58:34 | INFO | Found latest version of tr87: tr87-cd924810 (downloaded: 2026-06-08 07:25:23.848054+00:00)
2026-08-01 12:58:34 | INFO | Found latest version of tr87: tr87-cd924810 (downloaded: 2026-06-08 07:25:23.848054+00:00)
2026-08-01 12:58:34 | INFO | Found latest version of tr87: tr87-cd924810 (downloaded: 2026-06-08 07:25:23.848054+00:00)
2026-08-01 12:58:34 | INFO | Found latest version of tr87: tr87-cd924810 (downloaded: 2026-06-08 07:25:23.848054+00:00)
2026-08-01 12:58:34 | INFO | Found latest version of tr87: tr87-cd924810 (downloaded: 2026-06-08 07:25:23.848054+00:00)
2026-08-01 12:58:34 | INFO | Found latest version of tr87: tr87-cd924810 (downloaded: 2026-06-08 07:25:23.848054+00:00)
2026-08-01 12:58:34 | INFO | Found latest version of tr87: tr87-cd924810 (downloaded: 2026-06-08 07:25:23.848054+00:00)
2026-08-01 12:58:35 | INFO | Found latest version of tr87: tr87-cd924810 (downloaded: 2026-06-08 07:25:23.848054+00:00)
2026-08-01 12:58:35 | INFO | Found latest version of tr87: tr87-cd924810 (downloaded: 2026-06-08 07:25:23.848054+00:00)
2026-08-01 12:58:35 | INFO | Found latest version of tr87: tr87-cd924810 (downloaded: 2026-06-08 07:25:23.848054+00:00)
2026-08-01 12:58:35 | INFO | Found latest version of tr87: tr87-cd924810 (downloaded: 2026-06-08 07:25:23.848054+00:00)
2026-08-01 12:58:35 | INFO | Found latest version of tr87: tr87-cd924810 (downloaded: 2026-06-08 07:25:23.848054+00:00)
2026-08-01 12:58:35 | INFO | Found latest version of tr87: tr87-cd924810 (downloaded: 2026-06-08 07:25:23.848054+00:00)
2026-08-01 12:58:35 | INFO | Found latest version of tr87: tr87-cd924810 (downloaded: 2026-06-08 07:25:23.848054+00:00)
2026-08-01 12:58:35 | INFO | Found latest version of tr87: tr87-cd924810 (downloaded: 2026-06-08 07:25:23.848054+00:00)
2026-08-01 12:58:35 | INFO | Found latest version of tr87: tr87-cd924810 (downloaded: 2026-06-08 07:25:23.848054+00:00)
2026-08-01 12:58:35 | INFO | Found latest version of tr87: tr87-cd924810 (downloaded: 2026-06-08 07:25:23.848054+00:00)
2026-08-01 12:58:35 | INFO | Found latest version of tr87: tr87-cd924810 (downloaded: 2026-06-08 07:25:23.848054+00:00)
2026-08-01 12:58:35 | INFO | Found latest version of tr87: tr87-cd924810 (downloaded: 2026-06-08 07:25:23.848054+00:00)
2026-08-01 12:58:35 | INFO | Found latest version of tr87: tr87-cd924810 (downloaded: 2026-06-08 07:25:23.848054+00:00)
2026-08-01 12:58:35 | INFO | Found latest version of tr87: tr87-cd924810 (downloaded: 2026-06-08 07:25:23.848054+00:00)
2026-08-01 12:58:35 | INFO | Found latest version of tr87: tr87-cd924810 (downloaded: 2026-06-08 07:25:23.848054+00:00)
2026-08-01 12:58:35 | INFO | Found latest version of tr87: tr87-cd924810 (downloaded: 2026-06-08 07:25:23.848054+00:00)
2026-08-01 12:58:35 | INFO | Found latest version of tr87: tr87-cd924810 (downloaded: 2026-06-08 07:25:23.848054+00:00)
2026-08-01 12:58:35 | INFO | Found latest version of tr87: tr87-cd924810 (downloaded: 2026-06-08 07:25:23.848054+00:00)
2026-08-01 12:58:35 | INFO | Found latest version of tr87: tr87-cd924810 (downloaded: 2026-06-08 07:25:23.848054+00:00)
2026-08-01 12:58:35 | INFO | Found latest version of tr87: tr87-cd924810 (downloaded: 2026-06-08 07:25:23.848054+00:00)
2026-08-01 12:58:35 | INFO | Found latest version of tr87: tr87-cd924810 (downloaded: 2026-06-08 07:25:23.848054+00:00)
2026-08-01 12:58:35 | INFO | Found latest version of tr87: tr87-cd924810 (downloaded: 2026-06-08 07:25:23.848054+00:00)
2026-08-01 12:58:35 | INFO | Found latest version of tr87: tr87-cd924810 (downloaded: 2026-06-08 07:25:23.848054+00:00)
2026-08-01 12:58:35 | INFO | Found latest version of tr87: tr87-cd924810 (downloaded: 2026-06-08 07:25:23.848054+00:00)
2026-08-01 12:58:35 | INFO | Found latest version of tr87: tr87-cd924810 (downloaded: 2026-06-08 07:25:23.848054+00:00)
2026-08-01 12:58:35 | INFO | Found latest version of tr87: tr87-cd924810 (downloaded: 2026-06-08 07:25:23.848054+00:00)
2026-08-01 12:58:35 | INFO | Found latest version of tr87: tr87-cd924810 (downloaded: 2026-06-08 07:25:23.848054+00:00)
2026-08-01 12:58:35 | INFO | Found latest version of tr87: tr87-cd924810 (downloaded: 2026-06-08 07:25:23.848054+00:00)
2026-08-01 12:58:35 | INFO | Found latest version of tr87: tr87-cd924810 (downloaded: 2026-06-08 07:25:23.848054+00:00)
2026-08-01 12:58:35 | INFO | Found latest version of tr87: tr87-cd924810 (downloaded: 2026-06-08 07:25:23.848054+00:00)
2026-08-01 12:58:35 | INFO | Found latest version of tr87: tr87-cd924810 (downloaded: 2026-06-08 07:25:23.848054+00:00)
2026-08-01 12:58:35 | INFO | Found latest version of tr87: tr87-cd924810 (downloaded: 2026-06-08 07:25:23.848054+00:00)
2026-08-01 12:58:35 | INFO | Found latest version of tr87: tr87-cd924810 (downloaded: 2026-06-08 07:25:23.848054+00:00)
2026-08-01 12:58:35 | INFO | Found latest version of tr87: tr87-cd924810 (downloaded: 2026-06-08 07:25:23.848054+00:00)
2026-08-01 12:58:35 | INFO | Found latest version of tr87: tr87-cd924810 (downloaded: 2026-06-08 07:25:23.848054+00:00)
2026-08-01 12:58:35 | INFO | Found latest version of tr87: tr87-cd924810 (downloaded: 2026-06-08 07:25:23.848054+00:00)
2026-08-01 12:58:35 | INFO | Found latest version of tr87: tr87-cd924810 (downloaded: 2026-06-08 07:25:23.848054+00:00)
2026-08-01 12:58:35 | INFO | Found latest version of tr87: tr87-cd924810 (downloaded: 2026-06-08 07:25:23.848054+00:00)
2026-08-01 12:58:35 | INFO | Found latest version of tr87: tr87-cd924810 (downloaded: 2026-06-08 07:25:23.848054+00:00)
2026-08-01 12:58:35 | INFO | Found latest version of tr87: tr87-cd924810 (downloaded: 2026-06-08 07:25:23.848054+00:00)
2026-08-01 12:58:35 | INFO | Found latest version of tr87: tr87-cd924810 (downloaded: 2026-06-08 07:25:23.848054+00:00)
2026-08-01 12:58:35 | INFO | Found latest version of tr87: tr87-cd924810 (downloaded: 2026-06-08 07:25:23.848054+00:00)
2026-08-01 12:58:35 | INFO | Found latest version of tr87: tr87-cd924810 (downloaded: 2026-06-08 07:25:23.848054+00:00)
2026-08-01 12:58:35 | INFO | Found latest version of tr87: tr87-cd924810 (downloaded: 2026-06-08 07:25:23.848054+00:00)
2026-08-01 12:58:35 | INFO | Found latest version of tr87: tr87-cd924810 (downloaded: 2026-06-08 07:25:23.848054+00:00)
2026-08-01 12:58:36 | INFO | Found latest version of tr87: tr87-cd924810 (downloaded: 2026-06-08 07:25:23.848054+00:00)
2026-08-01 12:58:36 | INFO | Found latest version of tr87: tr87-cd924810 (downloaded: 2026-06-08 07:25:23.848054+00:00)
2026-08-01 12:58:36 | INFO | Found latest version of tr87: tr87-cd924810 (downloaded: 2026-06-08 07:25:23.848054+00:00)
2026-08-01 12:58:36 | INFO | Found latest version of tr87: tr87-cd924810 (downloaded: 2026-06-08 07:25:23.848054+00:00)
2026-08-01 12:58:36 | INFO | Found latest version of tr87: tr87-cd924810 (downloaded: 2026-06-08 07:25:23.848054+00:00)
2026-08-01 12:58:36 | INFO | Found latest version of tr87: tr87-cd924810 (downloaded: 2026-06-08 07:25:23.848054+00:00)
2026-08-01 12:58:36 | INFO | Found latest version of tr87: tr87-cd924810 (downloaded: 2026-06-08 07:25:23.848054+00:00)
2026-08-01 12:58:36 | INFO | Found latest version of tr87: tr87-cd924810 (downloaded: 2026-06-08 07:25:23.848054+00:00)
2026-08-01 12:58:36 | INFO | Found latest version of tr87: tr87-cd924810 (downloaded: 2026-06-08 07:25:23.848054+00:00)
2026-08-01 12:58:36 | INFO | Found latest version of tr87: tr87-cd924810 (downloaded: 2026-06-08 07:25:23.848054+00:00)
2026-08-01 12:58:36 | INFO | Found latest version of tr87: tr87-cd924810 (downloaded: 2026-06-08 07:25:23.848054+00:00)
2026-08-01 12:58:36 | INFO | Found latest version of tr87: tr87-cd924810 (downloaded: 2026-06-08 07:25:23.848054+00:00)
2026-08-01 12:58:36 | INFO | Found latest version of tr87: tr87-cd924810 (downloaded: 2026-06-08 07:25:23.848054+00:00)
2026-08-01 12:58:36 | INFO | Found latest version of tr87: tr87-cd924810 (downloaded: 2026-06-08 07:25:23.848054+00:00)
2026-08-01 12:58:36 | INFO | Found latest version of tr87: tr87-cd924810 (downloaded: 2026-06-08 07:25:23.848054+00:00)
2026-08-01 12:58:36 | INFO | Found latest version of tr87: tr87-cd924810 (downloaded: 2026-06-08 07:25:23.848054+00:00)
2026-08-01 12:58:36 | INFO | Found latest version of tr87: tr87-cd924810 (downloaded: 2026-06-08 07:25:23.848054+00:00)
2026-08-01 12:58:36 | INFO | Found latest version of tr87: tr87-cd924810 (downloaded: 2026-06-08 07:25:23.848054+00:00)
2026-08-01 12:58:36 | INFO | Found latest version of tr87: tr87-cd924810 (downloaded: 2026-06-08 07:25:23.848054+00:00)
2026-08-01 12:58:36 | INFO | Found latest version of tr87: tr87-cd924810 (downloaded: 2026-06-08 07:25:23.848054+00:00)
2026-08-01 12:58:36 | INFO | Found latest version of tr87: tr87-cd924810 (downloaded: 2026-06-08 07:25:23.848054+00:00)
2026-08-01 12:58:36 | INFO | Found latest version of tr87: tr87-cd924810 (downloaded: 2026-06-08 07:25:23.848054+00:00)
2026-08-01 12:58:36 | INFO | Found latest version of tr87: tr87-cd924810 (downloaded: 2026-06-08 07:25:23.848054+00:00)
2026-08-01 12:58:36 | INFO | Found latest version of tr87: tr87-cd924810 (downloaded: 2026-06-08 07:25:23.848054+00:00)
2026-08-01 12:58:36 | INFO | Found latest version of tr87: tr87-cd924810 (downloaded: 2026-06-08 07:25:23.848054+00:00)
2026-08-01 12:58:36 | INFO | Found latest version of tr87: tr87-cd924810 (downloaded: 2026-06-08 07:25:23.848054+00:00)
2026-08-01 12:58:36 | INFO | Found latest version of tr87: tr87-cd924810 (downloaded: 2026-06-08 07:25:23.848054+00:00)
2026-08-01 12:58:36 | INFO | Found latest version of tr87: tr87-cd924810 (downloaded: 2026-06-08 07:25:23.848054+00:00)
2026-08-01 12:58:36 | INFO | Found latest version of tr87: tr87-cd924810 (downloaded: 2026-06-08 07:25:23.848054+00:00)
2026-08-01 12:58:36 | INFO | Found latest version of tr87: tr87-cd924810 (downloaded: 2026-06-08 07:25:23.848054+00:00)
2026-08-01 12:58:36 | INFO | Found latest version of tr87: tr87-cd924810 (downloaded: 2026-06-08 07:25:23.848054+00:00)
2026-08-01 12:58:36 | INFO | Found latest version of tr87: tr87-cd924810 (downloaded: 2026-06-08 07:25:23.848054+00:00)
2026-08-01 12:58:36 | INFO | Found latest version of tr87: tr87-cd924810 (downloaded: 2026-06-08 07:25:23.848054+00:00)
2026-08-01 12:58:36 | INFO | Found latest version of tr87: tr87-cd924810 (downloaded: 2026-06-08 07:25:23.848054+00:00)
2026-08-01 12:58:36 | INFO | Found latest version of tr87: tr87-cd924810 (downloaded: 2026-06-08 07:25:23.848054+00:00)
2026-08-01 12:58:36 | INFO | Found latest version of tr87: tr87-cd924810 (downloaded: 2026-06-08 07:25:23.848054+00:00)
2026-08-01 12:58:36 | INFO | Found latest version of tr87: tr87-cd924810 (downloaded: 2026-06-08 07:25:23.848054+00:00)
2026-08-01 12:58:36 | INFO | Found latest version of tr87: tr87-cd924810 (downloaded: 2026-06-08 07:25:23.848054+00:00)
2026-08-01 12:58:36 | INFO | Found latest version of tr87: tr87-cd924810 (downloaded: 2026-06-08 07:25:23.848054+00:00)
2026-08-01 12:58:36 | INFO | Found latest version of tr87: tr87-cd924810 (downloaded: 2026-06-08 07:25:23.848054+00:00)
2026-08-01 12:58:36 | INFO | Found latest version of tr87: tr87-cd924810 (downloaded: 2026-06-08 07:25:23.848054+00:00)
2026-08-01 12:58:36 | INFO | Found latest version of tr87: tr87-cd924810 (downloaded: 2026-06-08 07:25:23.848054+00:00)
2026-08-01 12:58:36 | INFO | Found latest version of tr87: tr87-cd924810 (downloaded: 2026-06-08 07:25:23.848054+00:00)
2026-08-01 12:58:36 | INFO | Found latest version of tr87: tr87-cd924810 (downloaded: 2026-06-08 07:25:23.848054+00:00)
2026-08-01 12:58:36 | INFO | Found latest version of tr87: tr87-cd924810 (downloaded: 2026-06-08 07:25:23.848054+00:00)
2026-08-01 12:58:36 | INFO | Found latest version of tr87: tr87-cd924810 (downloaded: 2026-06-08 07:25:23.848054+00:00)
2026-08-01 12:58:36 | INFO | Found latest version of tr87: tr87-cd924810 (downloaded: 2026-06-08 07:25:23.848054+00:00)
2026-08-01 12:58:36 | INFO | Found latest version of tr87: tr87-cd924810 (downloaded: 2026-06-08 07:25:23.848054+00:00)
2026-08-01 12:58:36 | INFO | Found latest version of tr87: tr87-cd924810 (downloaded: 2026-06-08 07:25:23.848054+00:00)
2026-08-01 12:58:36 | INFO | Found latest version of tr87: tr87-cd924810 (downloaded: 2026-06-08 07:25:23.848054+00:00)
2026-08-01 12:58:36 | INFO | Found latest version of tr87: tr87-cd924810 (downloaded: 2026-06-08 07:25:23.848054+00:00)
2026-08-01 12:58:36 | INFO | Found latest version of tr87: tr87-cd924810 (downloaded: 2026-06-08 07:25:23.848054+00:00)
2026-08-01 12:58:36 | INFO | Found latest version of tr87: tr87-cd924810 (downloaded: 2026-06-08 07:25:23.848054+00:00)
2026-08-01 12:58:36 | INFO | Found latest version of tr87: tr87-cd924810 (downloaded: 2026-06-08 07:25:23.848054+00:00)
2026-08-01 12:58:36 | INFO | Found latest version of tr87: tr87-cd924810 (downloaded: 2026-06-08 07:25:23.848054+00:00)
2026-08-01 12:58:36 | INFO | Found latest version of tr87: tr87-cd924810 (downloaded: 2026-06-08 07:25:23.848054+00:00)
2026-08-01 12:58:36 | INFO | Found latest version of tr87: tr87-cd924810 (downloaded: 2026-06-08 07:25:23.848054+00:00)
2026-08-01 12:58:36 | INFO | Found latest version of tr87: tr87-cd924810 (downloaded: 2026-06-08 07:25:23.848054+00:00)
2026-08-01 12:58:36 | INFO | Found latest version of tr87: tr87-cd924810 (downloaded: 2026-06-08 07:25:23.848054+00:00)
2026-08-01 12:58:36 | INFO | Found latest version of tr87: tr87-cd924810 (downloaded: 2026-06-08 07:25:23.848054+00:00)
2026-08-01 12:58:36 | INFO | Found latest version of tr87: tr87-cd924810 (downloaded: 2026-06-08 07:25:23.848054+00:00)
2026-08-01 12:58:36 | INFO | Found latest version of tr87: tr87-cd924810 (downloaded: 2026-06-08 07:25:23.848054+00:00)
2026-08-01 12:58:37 | INFO | Found latest version of tr87: tr87-cd924810 (downloaded: 2026-06-08 07:25:23.848054+00:00)
2026-08-01 12:58:37 | INFO | Found latest version of tr87: tr87-cd924810 (downloaded: 2026-06-08 07:25:23.848054+00:00)
2026-08-01 12:58:37 | INFO | Found latest version of tr87: tr87-cd924810 (downloaded: 2026-06-08 07:25:23.848054+00:00)
2026-08-01 12:58:37 | INFO | Found latest version of tr87: tr87-cd924810 (downloaded: 2026-06-08 07:25:23.848054+00:00)
2026-08-01 12:58:37 | INFO | Found latest version of tr87: tr87-cd924810 (downloaded: 2026-06-08 07:25:23.848054+00:00)
2026-08-01 12:58:37 | INFO | Found latest version of tr87: tr87-cd924810 (downloaded: 2026-06-08 07:25:23.848054+00:00)
2026-08-01 12:58:37 | INFO | Found latest version of tr87: tr87-cd924810 (downloaded: 2026-06-08 07:25:23.848054+00:00)
2026-08-01 12:58:37 | INFO | Found latest version of tr87: tr87-cd924810 (downloaded: 2026-06-08 07:25:23.848054+00:00)
2026-08-01 12:58:37 | INFO | Found latest version of tr87: tr87-cd924810 (downloaded: 2026-06-08 07:25:23.848054+00:00)
2026-08-01 12:58:37 | INFO | Found latest version of tr87: tr87-cd924810 (downloaded: 2026-06-08 07:25:23.848054+00:00)
2026-08-01 12:58:37 | INFO | Found latest version of tr87: tr87-cd924810 (downloaded: 2026-06-08 07:25:23.848054+00:00)
2026-08-01 12:58:37 | INFO | Found latest version of tr87: tr87-cd924810 (downloaded: 2026-06-08 07:25:23.848054+00:00)
2026-08-01 12:58:37 | INFO | Found latest version of tr87: tr87-cd924810 (downloaded: 2026-06-08 07:25:23.848054+00:00)
2026-08-01 12:58:37 | INFO | Found latest version of tr87: tr87-cd924810 (downloaded: 2026-06-08 07:25:23.848054+00:00)
2026-08-01 12:58:37 | INFO | Found latest version of tr87: tr87-cd924810 (downloaded: 2026-06-08 07:25:23.848054+00:00)
2026-08-01 12:58:37 | INFO | Found latest version of tr87: tr87-cd924810 (downloaded: 2026-06-08 07:25:23.848054+00:00)
2026-08-01 12:58:37 | INFO | Found latest version of tr87: tr87-cd924810 (downloaded: 2026-06-08 07:25:23.848054+00:00)
2026-08-01 12:58:37 | INFO | Found latest version of tr87: tr87-cd924810 (downloaded: 2026-06-08 07:25:23.848054+00:00)
2026-08-01 12:58:37 | INFO | Found latest version of tr87: tr87-cd924810 (downloaded: 2026-06-08 07:25:23.848054+00:00)
2026-08-01 12:58:37 | INFO | Found latest version of tr87: tr87-cd924810 (downloaded: 2026-06-08 07:25:23.848054+00:00)
2026-08-01 12:58:37 | INFO | Found latest version of tr87: tr87-cd924810 (downloaded: 2026-06-08 07:25:23.848054+00:00)
2026-08-01 12:58:37 | INFO | Found latest version of tr87: tr87-cd924810 (downloaded: 2026-06-08 07:25:23.848054+00:00)
2026-08-01 12:58:38 | INFO | Found latest version of tr87: tr87-cd924810 (downloaded: 2026-06-08 07:25:23.848054+00:00)
2026-08-01 12:58:38 | INFO | Found latest version of tr87: tr87-cd924810 (downloaded: 2026-06-08 07:25:23.848054+00:00)
2026-08-01 12:58:38 | INFO | Found latest version of tr87: tr87-cd924810 (downloaded: 2026-06-08 07:25:23.848054+00:00)
2026-08-01 12:58:38 | INFO | Found latest version of tr87: tr87-cd924810 (downloaded: 2026-06-08 07:25:23.848054+00:00)
2026-08-01 12:58:38 | INFO | Found latest version of tr87: tr87-cd924810 (downloaded: 2026-06-08 07:25:23.848054+00:00)
2026-08-01 12:58:38 | INFO | Found latest version of tr87: tr87-cd924810 (downloaded: 2026-06-08 07:25:23.848054+00:00)
2026-08-01 12:58:38 | INFO | Found latest version of tr87: tr87-cd924810 (downloaded: 2026-06-08 07:25:23.848054+00:00)
2026-08-01 12:58:38 | INFO | Found latest version of tr87: tr87-cd924810 (downloaded: 2026-06-08 07:25:23.848054+00:00)
2026-08-01 12:58:38 | INFO | Found latest version of tr87: tr87-cd924810 (downloaded: 2026-06-08 07:25:23.848054+00:00)
2026-08-01 12:58:38 | INFO | Found latest version of tr87: tr87-cd924810 (downloaded: 2026-06-08 07:25:23.848054+00:00)
2026-08-01 12:58:38 | INFO | Found latest version of tr87: tr87-cd924810 (downloaded: 2026-06-08 07:25:23.848054+00:00)
2026-08-01 12:58:38 | INFO | Found latest version of tr87: tr87-cd924810 (downloaded: 2026-06-08 07:25:23.848054+00:00)
2026-08-01 12:58:38 | INFO | Found latest version of tr87: tr87-cd924810 (downloaded: 2026-06-08 07:25:23.848054+00:00)
2026-08-01 12:58:38 | INFO | Found latest version of tr87: tr87-cd924810 (downloaded: 2026-06-08 07:25:23.848054+00:00)
2026-08-01 12:58:38 | INFO | Found latest version of tr87: tr87-cd924810 (downloaded: 2026-06-08 07:25:23.848054+00:00)
2026-08-01 12:58:38 | INFO | Found latest version of tr87: tr87-cd924810 (downloaded: 2026-06-08 07:25:23.848054+00:00)
2026-08-01 12:58:38 | INFO | Found latest version of tr87: tr87-cd924810 (downloaded: 2026-06-08 07:25:23.848054+00:00)
2026-08-01 12:58:38 | INFO | Found latest version of tr87: tr87-cd924810 (downloaded: 2026-06-08 07:25:23.848054+00:00)
2026-08-01 12:58:38 | INFO | Found latest version of tr87: tr87-cd924810 (downloaded: 2026-06-08 07:25:23.848054+00:00)
2026-08-01 12:58:38 | INFO | Found latest version of tr87: tr87-cd924810 (downloaded: 2026-06-08 07:25:23.848054+00:00)
2026-08-01 12:58:38 | INFO | Found latest version of tr87: tr87-cd924810 (downloaded: 2026-06-08 07:25:23.848054+00:00)
2026-08-01 12:58:38 | INFO | Found latest version of tr87: tr87-cd924810 (downloaded: 2026-06-08 07:25:23.848054+00:00)
2026-08-01 12:58:38 | INFO | Found latest version of tr87: tr87-cd924810 (downloaded: 2026-06-08 07:25:23.848054+00:00)
2026-08-01 12:58:38 | INFO | Found latest version of tr87: tr87-cd924810 (downloaded: 2026-06-08 07:25:23.848054+00:00)
2026-08-01 12:58:38 | INFO | Found latest version of tr87: tr87-cd924810 (downloaded: 2026-06-08 07:25:23.848054+00:00)
2026-08-01 12:58:38 | INFO | Found latest version of tr87: tr87-cd924810 (downloaded: 2026-06-08 07:25:23.848054+00:00)
2026-08-01 12:58:38 | INFO | Found latest version of tr87: tr87-cd924810 (downloaded: 2026-06-08 07:25:23.848054+00:00)
2026-08-01 12:58:38 | INFO | Found latest version of tr87: tr87-cd924810 (downloaded: 2026-06-08 07:25:23.848054+00:00)
2026-08-01 12:58:38 | INFO | Found latest version of tr87: tr87-cd924810 (downloaded: 2026-06-08 07:25:23.848054+00:00)
2026-08-01 12:58:38 | INFO | Found latest version of tr87: tr87-cd924810 (downloaded: 2026-06-08 07:25:23.848054+00:00)
2026-08-01 12:58:38 | INFO | Found latest version of tr87: tr87-cd924810 (downloaded: 2026-06-08 07:25:23.848054+00:00)
2026-08-01 12:58:38 | INFO | Found latest version of tr87: tr87-cd924810 (downloaded: 2026-06-08 07:25:23.848054+00:00)
2026-08-01 12:58:38 | INFO | Found latest version of tr87: tr87-cd924810 (downloaded: 2026-06-08 07:25:23.848054+00:00)
2026-08-01 12:58:38 | INFO | Found latest version of tr87: tr87-cd924810 (downloaded: 2026-06-08 07:25:23.848054+00:00)
2026-08-01 12:58:38 | INFO | Found latest version of tr87: tr87-cd924810 (downloaded: 2026-06-08 07:25:23.848054+00:00)
2026-08-01 12:58:38 | INFO | Found latest version of tr87: tr87-cd924810 (downloaded: 2026-06-08 07:25:23.848054+00:00)
2026-08-01 12:58:38 | INFO | Found latest version of tr87: tr87-cd924810 (downloaded: 2026-06-08 07:25:23.848054+00:00)
2026-08-01 12:58:38 | INFO | Found latest version of tr87: tr87-cd924810 (downloaded: 2026-06-08 07:25:23.848054+00:00)
2026-08-01 12:58:38 | INFO | Found latest version of tr87: tr87-cd924810 (downloaded: 2026-06-08 07:25:23.848054+00:00)
2026-08-01 12:58:38 | INFO | Found latest version of tr87: tr87-cd924810 (downloaded: 2026-06-08 07:25:23.848054+00:00)
2026-08-01 12:58:38 | INFO | Found latest version of tr87: tr87-cd924810 (downloaded: 2026-06-08 07:25:23.848054+00:00)
2026-08-01 12:58:39 | INFO | Found latest version of tr87: tr87-cd924810 (downloaded: 2026-06-08 07:25:23.848054+00:00)
2026-08-01 12:58:39 | INFO | Found latest version of tr87: tr87-cd924810 (downloaded: 2026-06-08 07:25:23.848054+00:00)
2026-08-01 12:58:39 | INFO | Found latest version of tr87: tr87-cd924810 (downloaded: 2026-06-08 07:25:23.848054+00:00)
2026-08-01 12:58:39 | INFO | Found latest version of tr87: tr87-cd924810 (downloaded: 2026-06-08 07:25:23.848054+00:00)
2026-08-01 12:58:39 | INFO | Found latest version of tr87: tr87-cd924810 (downloaded: 2026-06-08 07:25:23.848054+00:00)
2026-08-01 12:58:39 | INFO | Found latest version of tr87: tr87-cd924810 (downloaded: 2026-06-08 07:25:23.848054+00:00)
2026-08-01 12:58:39 | INFO | Found latest version of tr87: tr87-cd924810 (downloaded: 2026-06-08 07:25:23.848054+00:00)
2026-08-01 12:58:39 | INFO | Found latest version of tr87: tr87-cd924810 (downloaded: 2026-06-08 07:25:23.848054+00:00)
2026-08-01 12:58:39 | INFO | Found latest version of tr87: tr87-cd924810 (downloaded: 2026-06-08 07:25:23.848054+00:00)
2026-08-01 12:58:39 | INFO | Found latest version of tr87: tr87-cd924810 (downloaded: 2026-06-08 07:25:23.848054+00:00)
2026-08-01 12:58:39 | INFO | Found latest version of tr87: tr87-cd924810 (downloaded: 2026-06-08 07:25:23.848054+00:00)
2026-08-01 12:58:39 | INFO | Found latest version of tr87: tr87-cd924810 (downloaded: 2026-06-08 07:25:23.848054+00:00)
2026-08-01 12:58:39 | INFO | Found latest version of tr87: tr87-cd924810 (downloaded: 2026-06-08 07:25:23.848054+00:00)
2026-08-01 12:58:39 | INFO | Found latest version of tr87: tr87-cd924810 (downloaded: 2026-06-08 07:25:23.848054+00:00)
2026-08-01 12:58:39 | INFO | Found latest version of tr87: tr87-cd924810 (downloaded: 2026-06-08 07:25:23.848054+00:00)
2026-08-01 12:58:39 | INFO | Found latest version of tr87: tr87-cd924810 (downloaded: 2026-06-08 07:25:23.848054+00:00)
2026-08-01 12:58:39 | INFO | Found latest version of tr87: tr87-cd924810 (downloaded: 2026-06-08 07:25:23.848054+00:00)
2026-08-01 12:58:39 | INFO | Found latest version of tr87: tr87-cd924810 (downloaded: 2026-06-08 07:25:23.848054+00:00)
2026-08-01 12:58:39 | INFO | Found latest version of tr87: tr87-cd924810 (downloaded: 2026-06-08 07:25:23.848054+00:00)
2026-08-01 12:58:39 | INFO | Found latest version of tr87: tr87-cd924810 (downloaded: 2026-06-08 07:25:23.848054+00:00)
2026-08-01 12:58:39 | INFO | Found latest version of tr87: tr87-cd924810 (downloaded: 2026-06-08 07:25:23.848054+00:00)
2026-08-01 12:58:39 | INFO | Found latest version of tr87: tr87-cd924810 (downloaded: 2026-06-08 07:25:23.848054+00:00)
2026-08-01 12:58:39 | INFO | Found latest version of tr87: tr87-cd924810 (downloaded: 2026-06-08 07:25:23.848054+00:00)
2026-08-01 12:58:39 | INFO | Found latest version of tr87: tr87-cd924810 (downloaded: 2026-06-08 07:25:23.848054+00:00)
2026-08-01 12:58:39 | INFO | Found latest version of tr87: tr87-cd924810 (downloaded: 2026-06-08 07:25:23.848054+00:00)
2026-08-01 12:58:39 | INFO | Found latest version of tr87: tr87-cd924810 (downloaded: 2026-06-08 07:25:23.848054+00:00)
2026-08-01 12:58:39 | INFO | Found latest version of tr87: tr87-cd924810 (downloaded: 2026-06-08 07:25:23.848054+00:00)
2026-08-01 12:58:39 | INFO | Found latest version of tr87: tr87-cd924810 (downloaded: 2026-06-08 07:25:23.848054+00:00)
2026-08-01 12:58:39 | INFO | Found latest version of tr87: tr87-cd924810 (downloaded: 2026-06-08 07:25:23.848054+00:00)
2026-08-01 12:58:39 | INFO | Found latest version of tr87: tr87-cd924810 (downloaded: 2026-06-08 07:25:23.848054+00:00)
2026-08-01 12:58:39 | INFO | Found latest version of tr87: tr87-cd924810 (downloaded: 2026-06-08 07:25:23.848054+00:00)
2026-08-01 12:58:39 | INFO | Found latest version of tr87: tr87-cd924810 (downloaded: 2026-06-08 07:25:23.848054+00:00)
2026-08-01 12:58:39 | INFO | Found latest version of tr87: tr87-cd924810 (downloaded: 2026-06-08 07:25:23.848054+00:00)
2026-08-01 12:58:39 | INFO | Found latest version of tr87: tr87-cd924810 (downloaded: 2026-06-08 07:25:23.848054+00:00)
2026-08-01 12:58:39 | INFO | Found latest version of tr87: tr87-cd924810 (downloaded: 2026-06-08 07:25:23.848054+00:00)
2026-08-01 12:58:39 | INFO | Found latest version of tr87: tr87-cd924810 (downloaded: 2026-06-08 07:25:23.848054+00:00)
2026-08-01 12:58:39 | INFO | Found latest version of tr87: tr87-cd924810 (downloaded: 2026-06-08 07:25:23.848054+00:00)
2026-08-01 12:58:39 | INFO | Found latest version of tr87: tr87-cd924810 (downloaded: 2026-06-08 07:25:23.848054+00:00)
2026-08-01 12:58:39 | INFO | Found latest version of tr87: tr87-cd924810 (downloaded: 2026-06-08 07:25:23.848054+00:00)
2026-08-01 12:58:39 | INFO | Found latest version of tr87: tr87-cd924810 (downloaded: 2026-06-08 07:25:23.848054+00:00)
2026-08-01 12:58:39 | INFO | Found latest version of tr87: tr87-cd924810 (downloaded: 2026-06-08 07:25:23.848054+00:00)
2026-08-01 12:58:39 | INFO | Found latest version of tr87: tr87-cd924810 (downloaded: 2026-06-08 07:25:23.848054+00:00)
2026-08-01 12:58:39 | INFO | Found latest version of tr87: tr87-cd924810 (downloaded: 2026-06-08 07:25:23.848054+00:00)
2026-08-01 12:58:39 | INFO | Found latest version of tr87: tr87-cd924810 (downloaded: 2026-06-08 07:25:23.848054+00:00)
2026-08-01 12:58:39 | INFO | Found latest version of tr87: tr87-cd924810 (downloaded: 2026-06-08 07:25:23.848054+00:00)
2026-08-01 12:58:39 | INFO | Found latest version of tr87: tr87-cd924810 (downloaded: 2026-06-08 07:25:23.848054+00:00)
2026-08-01 12:58:39 | INFO | Found latest version of tr87: tr87-cd924810 (downloaded: 2026-06-08 07:25:23.848054+00:00)
2026-08-01 12:58:39 | INFO | Found latest version of tr87: tr87-cd924810 (downloaded: 2026-06-08 07:25:23.848054+00:00)
2026-08-01 12:58:39 | INFO | Found latest version of tr87: tr87-cd924810 (downloaded: 2026-06-08 07:25:23.848054+00:00)
2026-08-01 12:58:39 | INFO | Found latest version of tr87: tr87-cd924810 (downloaded: 2026-06-08 07:25:23.848054+00:00)
2026-08-01 12:58:39 | INFO | Found latest version of tr87: tr87-cd924810 (downloaded: 2026-06-08 07:25:23.848054+00:00)
2026-08-01 12:58:39 | INFO | Found latest version of tr87: tr87-cd924810 (downloaded: 2026-06-08 07:25:23.848054+00:00)
2026-08-01 12:58:39 | INFO | Found latest version of tr87: tr87-cd924810 (downloaded: 2026-06-08 07:25:23.848054+00:00)
2026-08-01 12:58:39 | INFO | Found latest version of tr87: tr87-cd924810 (downloaded: 2026-06-08 07:25:23.848054+00:00)
2026-08-01 12:58:39 | INFO | Found latest version of tr87: tr87-cd924810 (downloaded: 2026-06-08 07:25:23.848054+00:00)
2026-08-01 12:58:39 | INFO | Found latest version of tr87: tr87-cd924810 (downloaded: 2026-06-08 07:25:23.848054+00:00)
2026-08-01 12:58:39 | INFO | Found latest version of tr87: tr87-cd924810 (downloaded: 2026-06-08 07:25:23.848054+00:00)
2026-08-01 12:58:39 | INFO | Found latest version of tr87: tr87-cd924810 (downloaded: 2026-06-08 07:25:23.848054+00:00)
2026-08-01 12:58:39 | INFO | Found latest version of tr87: tr87-cd924810 (downloaded: 2026-06-08 07:25:23.848054+00:00)
2026-08-01 12:58:39 | INFO | Found latest version of tr87: tr87-cd924810 (downloaded: 2026-06-08 07:25:23.848054+00:00)
2026-08-01 12:58:39 | INFO | Found latest version of tr87: tr87-cd924810 (downloaded: 2026-06-08 07:25:23.848054+00:00)
2026-08-01 12:58:39 | INFO | Found latest version of tr87: tr87-cd924810 (downloaded: 2026-06-08 07:25:23.848054+00:00)
2026-08-01 12:58:40 | INFO | Found latest version of tr87: tr87-cd924810 (downloaded: 2026-06-08 07:25:23.848054+00:00)
2026-08-01 12:58:40 | INFO | Found latest version of tr87: tr87-cd924810 (downloaded: 2026-06-08 07:25:23.848054+00:00)
2026-08-01 12:58:40 | INFO | Found latest version of tr87: tr87-cd924810 (downloaded: 2026-06-08 07:25:23.848054+00:00)
2026-08-01 12:58:40 | INFO | Found latest version of tr87: tr87-cd924810 (downloaded: 2026-06-08 07:25:23.848054+00:00)
2026-08-01 12:58:40 | INFO | Found latest version of tr87: tr87-cd924810 (downloaded: 2026-06-08 07:25:23.848054+00:00)
2026-08-01 12:58:40 | INFO | Found latest version of tr87: tr87-cd924810 (downloaded: 2026-06-08 07:25:23.848054+00:00)
2026-08-01 12:58:40 | INFO | Found latest version of tr87: tr87-cd924810 (downloaded: 2026-06-08 07:25:23.848054+00:00)
2026-08-01 12:58:40 | INFO | Found latest version of tr87: tr87-cd924810 (downloaded: 2026-06-08 07:25:23.848054+00:00)
2026-08-01 12:58:40 | INFO | Found latest version of tr87: tr87-cd924810 (downloaded: 2026-06-08 07:25:23.848054+00:00)
2026-08-01 12:58:40 | INFO | Found latest version of tr87: tr87-cd924810 (downloaded: 2026-06-08 07:25:23.848054+00:00)
2026-08-01 12:58:40 | INFO | Found latest version of tr87: tr87-cd924810 (downloaded: 2026-06-08 07:25:23.848054+00:00)
2026-08-01 12:58:40 | INFO | Found latest version of tr87: tr87-cd924810 (downloaded: 2026-06-08 07:25:23.848054+00:00)
2026-08-01 12:58:40 | INFO | Found latest version of tr87: tr87-cd924810 (downloaded: 2026-06-08 07:25:23.848054+00:00)
2026-08-01 12:58:40 | INFO | Found latest version of tr87: tr87-cd924810 (downloaded: 2026-06-08 07:25:23.848054+00:00)
2026-08-01 12:58:41 | INFO | Found latest version of tr87: tr87-cd924810 (downloaded: 2026-06-08 07:25:23.848054+00:00)
2026-08-01 12:58:41 | INFO | Found latest version of tr87: tr87-cd924810 (downloaded: 2026-06-08 07:25:23.848054+00:00)
2026-08-01 12:58:41 | INFO | Found latest version of tr87: tr87-cd924810 (downloaded: 2026-06-08 07:25:23.848054+00:00)
2026-08-01 12:58:41 | INFO | Found latest version of tr87: tr87-cd924810 (downloaded: 2026-06-08 07:25:23.848054+00:00)
2026-08-01 12:58:41 | INFO | Found latest version of tr87: tr87-cd924810 (downloaded: 2026-06-08 07:25:23.848054+00:00)
2026-08-01 12:58:41 | INFO | Found latest version of tr87: tr87-cd924810 (downloaded: 2026-06-08 07:25:23.848054+00:00)
2026-08-01 12:58:41 | INFO | Found latest version of tr87: tr87-cd924810 (downloaded: 2026-06-08 07:25:23.848054+00:00)
2026-08-01 12:58:41 | INFO | Found latest version of tr87: tr87-cd924810 (downloaded: 2026-06-08 07:25:23.848054+00:00)
2026-08-01 12:58:41 | INFO | Found latest version of tr87: tr87-cd924810 (downloaded: 2026-06-08 07:25:23.848054+00:00)
2026-08-01 12:58:41 | INFO | Found latest version of tr87: tr87-cd924810 (downloaded: 2026-06-08 07:25:23.848054+00:00)
2026-08-01 12:58:41 | INFO | Found latest version of tr87: tr87-cd924810 (downloaded: 2026-06-08 07:25:23.848054+00:00)
2026-08-01 12:58:41 | INFO | Found latest version of tr87: tr87-cd924810 (downloaded: 2026-06-08 07:25:23.848054+00:00)
2026-08-01 12:58:41 | INFO | Found latest version of tr87: tr87-cd924810 (downloaded: 2026-06-08 07:25:23.848054+00:00)
2026-08-01 12:58:41 | INFO | Found latest version of tr87: tr87-cd924810 (downloaded: 2026-06-08 07:25:23.848054+00:00)
2026-08-01 12:58:41 | INFO | Found latest version of tr87: tr87-cd924810 (downloaded: 2026-06-08 07:25:23.848054+00:00)
2026-08-01 12:58:41 | INFO | Found latest version of tr87: tr87-cd924810 (downloaded: 2026-06-08 07:25:23.848054+00:00)
2026-08-01 12:58:41 | INFO | Found latest version of tr87: tr87-cd924810 (downloaded: 2026-06-08 07:25:23.848054+00:00)
2026-08-01 12:58:41 | INFO | Found latest version of tr87: tr87-cd924810 (downloaded: 2026-06-08 07:25:23.848054+00:00)
2026-08-01 12:58:41 | INFO | Found latest version of tr87: tr87-cd924810 (downloaded: 2026-06-08 07:25:23.848054+00:00)
2026-08-01 12:58:41 | INFO | Found latest version of tr87: tr87-cd924810 (downloaded: 2026-06-08 07:25:23.848054+00:00)
2026-08-01 12:58:41 | INFO | Found latest version of tr87: tr87-cd924810 (downloaded: 2026-06-08 07:25:23.848054+00:00)
2026-08-01 12:58:41 | INFO | Found latest version of tr87: tr87-cd924810 (downloaded: 2026-06-08 07:25:23.848054+00:00)
2026-08-01 12:58:41 | INFO | Found latest version of tr87: tr87-cd924810 (downloaded: 2026-06-08 07:25:23.848054+00:00)
2026-08-01 12:58:41 | INFO | Found latest version of tr87: tr87-cd924810 (downloaded: 2026-06-08 07:25:23.848054+00:00)
2026-08-01 12:58:41 | INFO | Found latest version of tr87: tr87-cd924810 (downloaded: 2026-06-08 07:25:23.848054+00:00)
2026-08-01 12:58:41 | INFO | Found latest version of tr87: tr87-cd924810 (downloaded: 2026-06-08 07:25:23.848054+00:00)
2026-08-01 12:58:41 | INFO | Found latest version of tr87: tr87-cd924810 (downloaded: 2026-06-08 07:25:23.848054+00:00)
2026-08-01 12:58:41 | INFO | Found latest version of tr87: tr87-cd924810 (downloaded: 2026-06-08 07:25:23.848054+00:00)
2026-08-01 12:58:41 | INFO | Found latest version of tr87: tr87-cd924810 (downloaded: 2026-06-08 07:25:23.848054+00:00)
2026-08-01 12:58:41 | INFO | Found latest version of tr87: tr87-cd924810 (downloaded: 2026-06-08 07:25:23.848054+00:00)
2026-08-01 12:58:41 | INFO | Found latest version of tr87: tr87-cd924810 (downloaded: 2026-06-08 07:25:23.848054+00:00)
2026-08-01 12:58:41 | INFO | Found latest version of tr87: tr87-cd924810 (downloaded: 2026-06-08 07:25:23.848054+00:00)
2026-08-01 12:58:41 | INFO | Found latest version of tr87: tr87-cd924810 (downloaded: 2026-06-08 07:25:23.848054+00:00)
2026-08-01 12:58:41 | INFO | Found latest version of tr87: tr87-cd924810 (downloaded: 2026-06-08 07:25:23.848054+00:00)
2026-08-01 12:58:41 | INFO | Found latest version of tr87: tr87-cd924810 (downloaded: 2026-06-08 07:25:23.848054+00:00)
2026-08-01 12:58:41 | INFO | Found latest version of tr87: tr87-cd924810 (downloaded: 2026-06-08 07:25:23.848054+00:00)
2026-08-01 12:58:41 | INFO | Found latest version of tr87: tr87-cd924810 (downloaded: 2026-06-08 07:25:23.848054+00:00)
2026-08-01 12:58:41 | INFO | Found latest version of tr87: tr87-cd924810 (downloaded: 2026-06-08 07:25:23.848054+00:00)
2026-08-01 12:58:41 | INFO | Found latest version of tr87: tr87-cd924810 (downloaded: 2026-06-08 07:25:23.848054+00:00)
2026-08-01 12:58:41 | INFO | Found latest version of tr87: tr87-cd924810 (downloaded: 2026-06-08 07:25:23.848054+00:00)
2026-08-01 12:58:41 | INFO | Found latest version of tr87: tr87-cd924810 (downloaded: 2026-06-08 07:25:23.848054+00:00)
2026-08-01 12:58:41 | INFO | Found latest version of tr87: tr87-cd924810 (downloaded: 2026-06-08 07:25:23.848054+00:00)
2026-08-01 12:58:41 | INFO | Found latest version of tr87: tr87-cd924810 (downloaded: 2026-06-08 07:25:23.848054+00:00)
2026-08-01 12:58:41 | INFO | Found latest version of tr87: tr87-cd924810 (downloaded: 2026-06-08 07:25:23.848054+00:00)
2026-08-01 12:58:41 | INFO | Found latest version of tr87: tr87-cd924810 (downloaded: 2026-06-08 07:25:23.848054+00:00)
2026-08-01 12:58:41 | INFO | Found latest version of tr87: tr87-cd924810 (downloaded: 2026-06-08 07:25:23.848054+00:00)
2026-08-01 12:58:41 | INFO | Found latest version of tr87: tr87-cd924810 (downloaded: 2026-06-08 07:25:23.848054+00:00)
2026-08-01 12:58:41 | INFO | Found latest version of tr87: tr87-cd924810 (downloaded: 2026-06-08 07:25:23.848054+00:00)
2026-08-01 12:58:41 | INFO | Found latest version of tr87: tr87-cd924810 (downloaded: 2026-06-08 07:25:23.848054+00:00)
2026-08-01 12:58:42 | INFO | Found latest version of tr87: tr87-cd924810 (downloaded: 2026-06-08 07:25:23.848054+00:00)
2026-08-01 12:58:42 | INFO | Found latest version of tr87: tr87-cd924810 (downloaded: 2026-06-08 07:25:23.848054+00:00)
2026-08-01 12:58:42 | INFO | Found latest version of tr87: tr87-cd924810 (downloaded: 2026-06-08 07:25:23.848054+00:00)
2026-08-01 12:58:42 | INFO | Found latest version of tr87: tr87-cd924810 (downloaded: 2026-06-08 07:25:23.848054+00:00)
2026-08-01 12:58:42 | INFO | Found latest version of tr87: tr87-cd924810 (downloaded: 2026-06-08 07:25:23.848054+00:00)
2026-08-01 12:58:42 | INFO | Found latest version of tr87: tr87-cd924810 (downloaded: 2026-06-08 07:25:23.848054+00:00)
2026-08-01 12:58:42 | INFO | Found latest version of tr87: tr87-cd924810 (downloaded: 2026-06-08 07:25:23.848054+00:00)
2026-08-01 12:58:42 | INFO | Found latest version of tr87: tr87-cd924810 (downloaded: 2026-06-08 07:25:23.848054+00:00)
2026-08-01 12:58:42 | INFO | Found latest version of tr87: tr87-cd924810 (downloaded: 2026-06-08 07:25:23.848054+00:00)
2026-08-01 12:58:42 | INFO | Found latest version of tr87: tr87-cd924810 (downloaded: 2026-06-08 07:25:23.848054+00:00)
2026-08-01 12:58:42 | INFO | Found latest version of tr87: tr87-cd924810 (downloaded: 2026-06-08 07:25:23.848054+00:00)
2026-08-01 12:58:42 | INFO | Found latest version of tr87: tr87-cd924810 (downloaded: 2026-06-08 07:25:23.848054+00:00)
2026-08-01 12:58:42 | INFO | Found latest version of tr87: tr87-cd924810 (downloaded: 2026-06-08 07:25:23.848054+00:00)
2026-08-01 12:58:42 | INFO | Found latest version of tr87: tr87-cd924810 (downloaded: 2026-06-08 07:25:23.848054+00:00)
2026-08-01 12:58:42 | INFO | Found latest version of tr87: tr87-cd924810 (downloaded: 2026-06-08 07:25:23.848054+00:00)
2026-08-01 12:58:42 | INFO | Found latest version of tr87: tr87-cd924810 (downloaded: 2026-06-08 07:25:23.848054+00:00)
2026-08-01 12:58:42 | INFO | Found latest version of tr87: tr87-cd924810 (downloaded: 2026-06-08 07:25:23.848054+00:00)
2026-08-01 12:58:42 | INFO | Found latest version of tr87: tr87-cd924810 (downloaded: 2026-06-08 07:25:23.848054+00:00)
2026-08-01 12:58:42 | INFO | Found latest version of tr87: tr87-cd924810 (downloaded: 2026-06-08 07:25:23.848054+00:00)
2026-08-01 12:58:42 | INFO | Found latest version of tr87: tr87-cd924810 (downloaded: 2026-06-08 07:25:23.848054+00:00)
2026-08-01 12:58:42 | INFO | Found latest version of tr87: tr87-cd924810 (downloaded: 2026-06-08 07:25:23.848054+00:00)
2026-08-01 12:58:42 | INFO | Found latest version of tr87: tr87-cd924810 (downloaded: 2026-06-08 07:25:23.848054+00:00)
2026-08-01 12:58:42 | INFO | Found latest version of tr87: tr87-cd924810 (downloaded: 2026-06-08 07:25:23.848054+00:00)
2026-08-01 12:58:42 | INFO | Found latest version of tr87: tr87-cd924810 (downloaded: 2026-06-08 07:25:23.848054+00:00)
2026-08-01 12:58:42 | INFO | Found latest version of tr87: tr87-cd924810 (downloaded: 2026-06-08 07:25:23.848054+00:00)
2026-08-01 12:58:42 | INFO | Found latest version of tr87: tr87-cd924810 (downloaded: 2026-06-08 07:25:23.848054+00:00)
2026-08-01 12:58:42 | INFO | Found latest version of tr87: tr87-cd924810 (downloaded: 2026-06-08 07:25:23.848054+00:00)
2026-08-01 12:58:42 | INFO | Found latest version of tr87: tr87-cd924810 (downloaded: 2026-06-08 07:25:23.848054+00:00)
2026-08-01 12:58:42 | INFO | Found latest version of tr87: tr87-cd924810 (downloaded: 2026-06-08 07:25:23.848054+00:00)
2026-08-01 12:58:42 | INFO | Found latest version of tr87: tr87-cd924810 (downloaded: 2026-06-08 07:25:23.848054+00:00)
2026-08-01 12:58:42 | INFO | Found latest version of tr87: tr87-cd924810 (downloaded: 2026-06-08 07:25:23.848054+00:00)
2026-08-01 12:58:42 | INFO | Found latest version of tr87: tr87-cd924810 (downloaded: 2026-06-08 07:25:23.848054+00:00)
2026-08-01 12:58:42 | INFO | Found latest version of tr87: tr87-cd924810 (downloaded: 2026-06-08 07:25:23.848054+00:00)
2026-08-01 12:58:42 | INFO | Found latest version of tr87: tr87-cd924810 (downloaded: 2026-06-08 07:25:23.848054+00:00)
2026-08-01 12:58:42 | INFO | Found latest version of tr87: tr87-cd924810 (downloaded: 2026-06-08 07:25:23.848054+00:00)
2026-08-01 12:58:42 | INFO | Found latest version of tr87: tr87-cd924810 (downloaded: 2026-06-08 07:25:23.848054+00:00)
2026-08-01 12:58:42 | INFO | Found latest version of tr87: tr87-cd924810 (downloaded: 2026-06-08 07:25:23.848054+00:00)
2026-08-01 12:58:42 | INFO | Found latest version of tr87: tr87-cd924810 (downloaded: 2026-06-08 07:25:23.848054+00:00)
2026-08-01 12:58:42 | INFO | Found latest version of tr87: tr87-cd924810 (downloaded: 2026-06-08 07:25:23.848054+00:00)
2026-08-01 12:58:42 | INFO | Found latest version of tr87: tr87-cd924810 (downloaded: 2026-06-08 07:25:23.848054+00:00)
2026-08-01 12:58:42 | INFO | Found latest version of tr87: tr87-cd924810 (downloaded: 2026-06-08 07:25:23.848054+00:00)
2026-08-01 12:58:42 | INFO | Found latest version of tr87: tr87-cd924810 (downloaded: 2026-06-08 07:25:23.848054+00:00)
2026-08-01 12:58:42 | INFO | Found latest version of tr87: tr87-cd924810 (downloaded: 2026-06-08 07:25:23.848054+00:00)
2026-08-01 12:58:42 | INFO | Found latest version of tr87: tr87-cd924810 (downloaded: 2026-06-08 07:25:23.848054+00:00)
2026-08-01 12:58:42 | INFO | Found latest version of tr87: tr87-cd924810 (downloaded: 2026-06-08 07:25:23.848054+00:00)
2026-08-01 12:58:43 | INFO | Found latest version of tr87: tr87-cd924810 (downloaded: 2026-06-08 07:25:23.848054+00:00)
2026-08-01 12:58:43 | INFO | Found latest version of tr87: tr87-cd924810 (downloaded: 2026-06-08 07:25:23.848054+00:00)
2026-08-01 12:58:43 | INFO | Found latest version of tr87: tr87-cd924810 (downloaded: 2026-06-08 07:25:23.848054+00:00)
2026-08-01 12:58:43 | INFO | Found latest version of tr87: tr87-cd924810 (downloaded: 2026-06-08 07:25:23.848054+00:00)
2026-08-01 12:58:43 | INFO | Found latest version of tr87: tr87-cd924810 (downloaded: 2026-06-08 07:25:23.848054+00:00)
2026-08-01 12:58:43 | INFO | Found latest version of tr87: tr87-cd924810 (downloaded: 2026-06-08 07:25:23.848054+00:00)
2026-08-01 12:58:43 | INFO | Found latest version of tr87: tr87-cd924810 (downloaded: 2026-06-08 07:25:23.848054+00:00)
2026-08-01 12:58:43 | INFO | Found latest version of tr87: tr87-cd924810 (downloaded: 2026-06-08 07:25:23.848054+00:00)
2026-08-01 12:58:43 | INFO | Found latest version of tr87: tr87-cd924810 (downloaded: 2026-06-08 07:25:23.848054+00:00)
2026-08-01 12:58:43 | INFO | Found latest version of tr87: tr87-cd924810 (downloaded: 2026-06-08 07:25:23.848054+00:00)
2026-08-01 12:58:43 | INFO | Found latest version of tr87: tr87-cd924810 (downloaded: 2026-06-08 07:25:23.848054+00:00)
2026-08-01 12:58:43 | INFO | Found latest version of tr87: tr87-cd924810 (downloaded: 2026-06-08 07:25:23.848054+00:00)
2026-08-01 12:58:43 | INFO | Found latest version of tr87: tr87-cd924810 (downloaded: 2026-06-08 07:25:23.848054+00:00)
2026-08-01 12:58:43 | INFO | Found latest version of tr87: tr87-cd924810 (downloaded: 2026-06-08 07:25:23.848054+00:00)
2026-08-01 12:58:43 | INFO | Found latest version of tr87: tr87-cd924810 (downloaded: 2026-06-08 07:25:23.848054+00:00)
2026-08-01 12:58:43 | INFO | Found latest version of tr87: tr87-cd924810 (downloaded: 2026-06-08 07:25:23.848054+00:00)
2026-08-01 12:58:43 | INFO | Found latest version of tr87: tr87-cd924810 (downloaded: 2026-06-08 07:25:23.848054+00:00)
2026-08-01 12:58:44 | INFO | Found latest version of tr87: tr87-cd924810 (downloaded: 2026-06-08 07:25:23.848054+00:00)
2026-08-01 12:58:44 | INFO | Found latest version of tr87: tr87-cd924810 (downloaded: 2026-06-08 07:25:23.848054+00:00)
2026-08-01 12:58:44 | INFO | Found latest version of tr87: tr87-cd924810 (downloaded: 2026-06-08 07:25:23.848054+00:00)
2026-08-01 12:58:44 | INFO | Found latest version of tr87: tr87-cd924810 (downloaded: 2026-06-08 07:25:23.848054+00:00)
2026-08-01 12:58:44 | INFO | Found latest version of tr87: tr87-cd924810 (downloaded: 2026-06-08 07:25:23.848054+00:00)
2026-08-01 12:58:44 | INFO | Found latest version of tr87: tr87-cd924810 (downloaded: 2026-06-08 07:25:23.848054+00:00)
2026-08-01 12:58:44 | INFO | Found latest version of tr87: tr87-cd924810 (downloaded: 2026-06-08 07:25:23.848054+00:00)
2026-08-01 12:58:44 | INFO | Found latest version of tr87: tr87-cd924810 (downloaded: 2026-06-08 07:25:23.848054+00:00)
2026-08-01 12:58:44 | INFO | Found latest version of tr87: tr87-cd924810 (downloaded: 2026-06-08 07:25:23.848054+00:00)
2026-08-01 12:58:44 | INFO | Found latest version of tr87: tr87-cd924810 (downloaded: 2026-06-08 07:25:23.848054+00:00)
2026-08-01 12:58:44 | INFO | Found latest version of tr87: tr87-cd924810 (downloaded: 2026-06-08 07:25:23.848054+00:00)
2026-08-01 12:58:44 | INFO | Found latest version of tr87: tr87-cd924810 (downloaded: 2026-06-08 07:25:23.848054+00:00)
2026-08-01 12:58:44 | INFO | Found latest version of tr87: tr87-cd924810 (downloaded: 2026-06-08 07:25:23.848054+00:00)
2026-08-01 12:58:44 | INFO | Found latest version of tr87: tr87-cd924810 (downloaded: 2026-06-08 07:25:23.848054+00:00)
2026-08-01 12:58:44 | INFO | Found latest version of tr87: tr87-cd924810 (downloaded: 2026-06-08 07:25:23.848054+00:00)
2026-08-01 12:58:44 | INFO | Found latest version of tr87: tr87-cd924810 (downloaded: 2026-06-08 07:25:23.848054+00:00)
2026-08-01 12:58:44 | INFO | Found latest version of tr87: tr87-cd924810 (downloaded: 2026-06-08 07:25:23.848054+00:00)
2026-08-01 12:58:44 | INFO | Found latest version of tr87: tr87-cd924810 (downloaded: 2026-06-08 07:25:23.848054+00:00)
2026-08-01 12:58:44 | INFO | Found latest version of tr87: tr87-cd924810 (downloaded: 2026-06-08 07:25:23.848054+00:00)
2026-08-01 12:58:44 | INFO | Found latest version of tr87: tr87-cd924810 (downloaded: 2026-06-08 07:25:23.848054+00:00)
2026-08-01 12:58:44 | INFO | Found latest version of tr87: tr87-cd924810 (downloaded: 2026-06-08 07:25:23.848054+00:00)
2026-08-01 12:58:44 | INFO | Found latest version of tr87: tr87-cd924810 (downloaded: 2026-06-08 07:25:23.848054+00:00)
2026-08-01 12:58:44 | INFO | Found latest version of tr87: tr87-cd924810 (downloaded: 2026-06-08 07:25:23.848054+00:00)
2026-08-01 12:58:44 | INFO | Found latest version of tr87: tr87-cd924810 (downloaded: 2026-06-08 07:25:23.848054+00:00)
2026-08-01 12:58:44 | INFO | Found latest version of tr87: tr87-cd924810 (downloaded: 2026-06-08 07:25:23.848054+00:00)
2026-08-01 12:58:44 | INFO | Found latest version of tr87: tr87-cd924810 (downloaded: 2026-06-08 07:25:23.848054+00:00)
2026-08-01 12:58:44 | INFO | Found latest version of tr87: tr87-cd924810 (downloaded: 2026-06-08 07:25:23.848054+00:00)
2026-08-01 12:58:44 | INFO | Found latest version of tr87: tr87-cd924810 (downloaded: 2026-06-08 07:25:23.848054+00:00)
2026-08-01 12:58:44 | INFO | Found latest version of tr87: tr87-cd924810 (downloaded: 2026-06-08 07:25:23.848054+00:00)
2026-08-01 12:58:44 | INFO | Found latest version of tr87: tr87-cd924810 (downloaded: 2026-06-08 07:25:23.848054+00:00)
2026-08-01 12:58:44 | INFO | Found latest version of tr87: tr87-cd924810 (downloaded: 2026-06-08 07:25:23.848054+00:00)
2026-08-01 12:58:44 | INFO | Found latest version of tr87: tr87-cd924810 (downloaded: 2026-06-08 07:25:23.848054+00:00)
2026-08-01 12:58:44 | INFO | Found latest version of tr87: tr87-cd924810 (downloaded: 2026-06-08 07:25:23.848054+00:00)
2026-08-01 12:58:44 | INFO | Found latest version of tr87: tr87-cd924810 (downloaded: 2026-06-08 07:25:23.848054+00:00)
2026-08-01 12:58:44 | INFO | Found latest version of tr87: tr87-cd924810 (downloaded: 2026-06-08 07:25:23.848054+00:00)
2026-08-01 12:58:44 | INFO | Found latest version of tr87: tr87-cd924810 (downloaded: 2026-06-08 07:25:23.848054+00:00)
2026-08-01 12:58:44 | INFO | Found latest version of tr87: tr87-cd924810 (downloaded: 2026-06-08 07:25:23.848054+00:00)
2026-08-01 12:58:44 | INFO | Found latest version of tr87: tr87-cd924810 (downloaded: 2026-06-08 07:25:23.848054+00:00)
2026-08-01 12:58:44 | INFO | Found latest version of tr87: tr87-cd924810 (downloaded: 2026-06-08 07:25:23.848054+00:00)
2026-08-01 12:58:44 | INFO | Found latest version of tr87: tr87-cd924810 (downloaded: 2026-06-08 07:25:23.848054+00:00)
2026-08-01 12:58:44 | INFO | Found latest version of tr87: tr87-cd924810 (downloaded: 2026-06-08 07:25:23.848054+00:00)
2026-08-01 12:58:44 | INFO | Found latest version of tr87: tr87-cd924810 (downloaded: 2026-06-08 07:25:23.848054+00:00)
2026-08-01 12:58:44 | INFO | Found latest version of tr87: tr87-cd924810 (downloaded: 2026-06-08 07:25:23.848054+00:00)
2026-08-01 12:58:44 | INFO | Found latest version of tr87: tr87-cd924810 (downloaded: 2026-06-08 07:25:23.848054+00:00)
2026-08-01 12:58:44 | INFO | Found latest version of tr87: tr87-cd924810 (downloaded: 2026-06-08 07:25:23.848054+00:00)
2026-08-01 12:58:44 | INFO | Found latest version of tr87: tr87-cd924810 (downloaded: 2026-06-08 07:25:23.848054+00:00)
2026-08-01 12:58:44 | INFO | Found latest version of tr87: tr87-cd924810 (downloaded: 2026-06-08 07:25:23.848054+00:00)
2026-08-01 12:58:44 | INFO | Found latest version of tr87: tr87-cd924810 (downloaded: 2026-06-08 07:25:23.848054+00:00)
2026-08-01 12:58:44 | INFO | Found latest version of tr87: tr87-cd924810 (downloaded: 2026-06-08 07:25:23.848054+00:00)
2026-08-01 12:58:44 | INFO | Found latest version of tr87: tr87-cd924810 (downloaded: 2026-06-08 07:25:23.848054+00:00)
2026-08-01 12:58:44 | INFO | Found latest version of tr87: tr87-cd924810 (downloaded: 2026-06-08 07:25:23.848054+00:00)
2026-08-01 12:58:44 | INFO | Found latest version of tr87: tr87-cd924810 (downloaded: 2026-06-08 07:25:23.848054+00:00)
2026-08-01 12:58:44 | INFO | Found latest version of tr87: tr87-cd924810 (downloaded: 2026-06-08 07:25:23.848054+00:00)
2026-08-01 12:58:44 | INFO | Found latest version of tr87: tr87-cd924810 (downloaded: 2026-06-08 07:25:23.848054+00:00)
2026-08-01 12:58:44 | INFO | Found latest version of tr87: tr87-cd924810 (downloaded: 2026-06-08 07:25:23.848054+00:00)
2026-08-01 12:58:44 | INFO | Found latest version of tr87: tr87-cd924810 (downloaded: 2026-06-08 07:25:23.848054+00:00)
2026-08-01 12:58:44 | INFO | Found latest version of tr87: tr87-cd924810 (downloaded: 2026-06-08 07:25:23.848054+00:00)
2026-08-01 12:58:44 | INFO | Found latest version of tr87: tr87-cd924810 (downloaded: 2026-06-08 07:25:23.848054+00:00)
2026-08-01 12:58:44 | INFO | Found latest version of tr87: tr87-cd924810 (downloaded: 2026-06-08 07:25:23.848054+00:00)
2026-08-01 12:58:44 | INFO | Found latest version of tr87: tr87-cd924810 (downloaded: 2026-06-08 07:25:23.848054+00:00)
2026-08-01 12:58:44 | INFO | Found latest version of tr87: tr87-cd924810 (downloaded: 2026-06-08 07:25:23.848054+00:00)
2026-08-01 12:58:44 | INFO | Found latest version of tr87: tr87-cd924810 (downloaded: 2026-06-08 07:25:23.848054+00:00)
2026-08-01 12:58:44 | INFO | Found latest version of tr87: tr87-cd924810 (downloaded: 2026-06-08 07:25:23.848054+00:00)
2026-08-01 12:58:45 | INFO | Found latest version of tr87: tr87-cd924810 (downloaded: 2026-06-08 07:25:23.848054+00:00)
2026-08-01 12:58:45 | INFO | Found latest version of tr87: tr87-cd924810 (downloaded: 2026-06-08 07:25:23.848054+00:00)
2026-08-01 12:58:46 | INFO | Found latest version of tr87: tr87-cd924810 (downloaded: 2026-06-08 07:25:23.848054+00:00)
2026-08-01 12:58:46 | INFO | Found latest version of tr87: tr87-cd924810 (downloaded: 2026-06-08 07:25:23.848054+00:00)
2026-08-01 12:58:46 | INFO | Found latest version of tr87: tr87-cd924810 (downloaded: 2026-06-08 07:25:23.848054+00:00)
2026-08-01 12:58:46 | INFO | Found latest version of tr87: tr87-cd924810 (downloaded: 2026-06-08 07:25:23.848054+00:00)
2026-08-01 12:58:46 | INFO | Found latest version of tr87: tr87-cd924810 (downloaded: 2026-06-08 07:25:23.848054+00:00)
2026-08-01 12:58:46 | INFO | Found latest version of tr87: tr87-cd924810 (downloaded: 2026-06-08 07:25:23.848054+00:00)
2026-08-01 12:58:46 | INFO | Found latest version of tr87: tr87-cd924810 (downloaded: 2026-06-08 07:25:23.848054+00:00)
2026-08-01 12:58:46 | INFO | Found latest version of tr87: tr87-cd924810 (downloaded: 2026-06-08 07:25:23.848054+00:00)
2026-08-01 12:58:46 | INFO | Found latest version of tr87: tr87-cd924810 (downloaded: 2026-06-08 07:25:23.848054+00:00)
2026-08-01 12:58:46 | INFO | Found latest version of tr87: tr87-cd924810 (downloaded: 2026-06-08 07:25:23.848054+00:00)
2026-08-01 12:58:46 | INFO | Found latest version of tr87: tr87-cd924810 (downloaded: 2026-06-08 07:25:23.848054+00:00)
2026-08-01 12:58:46 | INFO | Found latest version of tr87: tr87-cd924810 (downloaded: 2026-06-08 07:25:23.848054+00:00)
2026-08-01 12:58:46 | INFO | Found latest version of tr87: tr87-cd924810 (downloaded: 2026-06-08 07:25:23.848054+00:00)
2026-08-01 12:58:46 | INFO | Found latest version of tr87: tr87-cd924810 (downloaded: 2026-06-08 07:25:23.848054+00:00)
2026-08-01 12:58:46 | INFO | Found latest version of tr87: tr87-cd924810 (downloaded: 2026-06-08 07:25:23.848054+00:00)
2026-08-01 12:58:46 | INFO | Found latest version of tr87: tr87-cd924810 (downloaded: 2026-06-08 07:25:23.848054+00:00)
2026-08-01 12:58:46 | INFO | Found latest version of tr87: tr87-cd924810 (downloaded: 2026-06-08 07:25:23.848054+00:00)
2026-08-01 12:58:46 | INFO | Found latest version of tr87: tr87-cd924810 (downloaded: 2026-06-08 07:25:23.848054+00:00)
2026-08-01 12:58:46 | INFO | Found latest version of tr87: tr87-cd924810 (downloaded: 2026-06-08 07:25:23.848054+00:00)
2026-08-01 12:58:46 | INFO | Found latest version of tr87: tr87-cd924810 (downloaded: 2026-06-08 07:25:23.848054+00:00)
2026-08-01 12:58:46 | INFO | Found latest version of tr87: tr87-cd924810 (downloaded: 2026-06-08 07:25:23.848054+00:00)
2026-08-01 12:58:46 | INFO | Found latest version of tr87: tr87-cd924810 (downloaded: 2026-06-08 07:25:23.848054+00:00)
2026-08-01 12:58:46 | INFO | Found latest version of tr87: tr87-cd924810 (downloaded: 2026-06-08 07:25:23.848054+00:00)
2026-08-01 12:58:46 | INFO | Found latest version of tr87: tr87-cd924810 (downloaded: 2026-06-08 07:25:23.848054+00:00)
2026-08-01 12:58:46 | INFO | Found latest version of tr87: tr87-cd924810 (downloaded: 2026-06-08 07:25:23.848054+00:00)
2026-08-01 12:58:46 | INFO | Found latest version of tr87: tr87-cd924810 (downloaded: 2026-06-08 07:25:23.848054+00:00)
2026-08-01 12:58:46 | INFO | Found latest version of tr87: tr87-cd924810 (downloaded: 2026-06-08 07:25:23.848054+00:00)
2026-08-01 12:58:46 | INFO | Found latest version of tr87: tr87-cd924810 (downloaded: 2026-06-08 07:25:23.848054+00:00)
2026-08-01 12:58:46 | INFO | Found latest version of tr87: tr87-cd924810 (downloaded: 2026-06-08 07:25:23.848054+00:00)
2026-08-01 12:58:46 | INFO | Found latest version of tr87: tr87-cd924810 (downloaded: 2026-06-08 07:25:23.848054+00:00)
2026-08-01 12:58:46 | INFO | Found latest version of tr87: tr87-cd924810 (downloaded: 2026-06-08 07:25:23.848054+00:00)
2026-08-01 12:58:46 | INFO | Found latest version of tr87: tr87-cd924810 (downloaded: 2026-06-08 07:25:23.848054+00:00)
2026-08-01 12:58:46 | INFO | Found latest version of tr87: tr87-cd924810 (downloaded: 2026-06-08 07:25:23.848054+00:00)
2026-08-01 12:58:46 | INFO | Found latest version of tr87: tr87-cd924810 (downloaded: 2026-06-08 07:25:23.848054+00:00)
2026-08-01 12:58:46 | INFO | Found latest version of tr87: tr87-cd924810 (downloaded: 2026-06-08 07:25:23.848054+00:00)
2026-08-01 12:58:46 | INFO | Found latest version of tr87: tr87-cd924810 (downloaded: 2026-06-08 07:25:23.848054+00:00)
2026-08-01 12:58:46 | INFO | Found latest version of tr87: tr87-cd924810 (downloaded: 2026-06-08 07:25:23.848054+00:00)
2026-08-01 12:58:46 | INFO | Found latest version of tr87: tr87-cd924810 (downloaded: 2026-06-08 07:25:23.848054+00:00)
2026-08-01 12:58:46 | INFO | Found latest version of tr87: tr87-cd924810 (downloaded: 2026-06-08 07:25:23.848054+00:00)
2026-08-01 12:58:46 | INFO | Found latest version of tr87: tr87-cd924810 (downloaded: 2026-06-08 07:25:23.848054+00:00)
2026-08-01 12:58:46 | INFO | Found latest version of tr87: tr87-cd924810 (downloaded: 2026-06-08 07:25:23.848054+00:00)
2026-08-01 12:58:46 | INFO | Found latest version of tr87: tr87-cd924810 (downloaded: 2026-06-08 07:25:23.848054+00:00)
2026-08-01 12:58:46 | INFO | Found latest version of tr87: tr87-cd924810 (downloaded: 2026-06-08 07:25:23.848054+00:00)
2026-08-01 12:58:46 | INFO | Found latest version of tr87: tr87-cd924810 (downloaded: 2026-06-08 07:25:23.848054+00:00)
2026-08-01 12:58:46 | INFO | Found latest version of tr87: tr87-cd924810 (downloaded: 2026-06-08 07:25:23.848054+00:00)
2026-08-01 12:58:46 | INFO | Found latest version of tr87: tr87-cd924810 (downloaded: 2026-06-08 07:25:23.848054+00:00)
2026-08-01 12:58:46 | INFO | Found latest version of tr87: tr87-cd924810 (downloaded: 2026-06-08 07:25:23.848054+00:00)
2026-08-01 12:58:46 | INFO | Found latest version of tr87: tr87-cd924810 (downloaded: 2026-06-08 07:25:23.848054+00:00)
2026-08-01 12:58:46 | INFO | Found latest version of tr87: tr87-cd924810 (downloaded: 2026-06-08 07:25:23.848054+00:00)
2026-08-01 12:58:46 | INFO | Found latest version of tr87: tr87-cd924810 (downloaded: 2026-06-08 07:25:23.848054+00:00)
2026-08-01 12:58:46 | INFO | Found latest version of tr87: tr87-cd924810 (downloaded: 2026-06-08 07:25:23.848054+00:00)
2026-08-01 12:58:46 | INFO | Found latest version of tr87: tr87-cd924810 (downloaded: 2026-06-08 07:25:23.848054+00:00)
2026-08-01 12:58:46 | INFO | Found latest version of tr87: tr87-cd924810 (downloaded: 2026-06-08 07:25:23.848054+00:00)
2026-08-01 12:58:46 | INFO | Found latest version of tr87: tr87-cd924810 (downloaded: 2026-06-08 07:25:23.848054+00:00)
2026-08-01 12:58:46 | INFO | Found latest version of tr87: tr87-cd924810 (downloaded: 2026-06-08 07:25:23.848054+00:00)
2026-08-01 12:58:46 | INFO | Found latest version of tr87: tr87-cd924810 (downloaded: 2026-06-08 07:25:23.848054+00:00)
2026-08-01 12:58:46 | INFO | Found latest version of tr87: tr87-cd924810 (downloaded: 2026-06-08 07:25:23.848054+00:00)
2026-08-01 12:58:46 | INFO | Found latest version of tr87: tr87-cd924810 (downloaded: 2026-06-08 07:25:23.848054+00:00)
2026-08-01 12:58:46 | INFO | Found latest version of tr87: tr87-cd924810 (downloaded: 2026-06-08 07:25:23.848054+00:00)
2026-08-01 12:58:46 | INFO | Found latest version of tr87: tr87-cd924810 (downloaded: 2026-06-08 07:25:23.848054+00:00)
2026-08-01 12:58:47 | INFO | Found latest version of tr87: tr87-cd924810 (downloaded: 2026-06-08 07:25:23.848054+00:00)
2026-08-01 12:58:47 | INFO | Found latest version of tr87: tr87-cd924810 (downloaded: 2026-06-08 07:25:23.848054+00:00)
2026-08-01 12:58:47 | INFO | Found latest version of tr87: tr87-cd924810 (downloaded: 2026-06-08 07:25:23.848054+00:00)
2026-08-01 12:58:47 | INFO | Found latest version of tr87: tr87-cd924810 (downloaded: 2026-06-08 07:25:23.848054+00:00)
2026-08-01 12:58:47 | INFO | Found latest version of tr87: tr87-cd924810 (downloaded: 2026-06-08 07:25:23.848054+00:00)
2026-08-01 12:58:47 | INFO | Found latest version of tr87: tr87-cd924810 (downloaded: 2026-06-08 07:25:23.848054+00:00)
2026-08-01 12:58:47 | INFO | Found latest version of tr87: tr87-cd924810 (downloaded: 2026-06-08 07:25:23.848054+00:00)
2026-08-01 12:58:47 | INFO | Found latest version of tr87: tr87-cd924810 (downloaded: 2026-06-08 07:25:23.848054+00:00)
2026-08-01 12:58:47 | INFO | Found latest version of tr87: tr87-cd924810 (downloaded: 2026-06-08 07:25:23.848054+00:00)
2026-08-01 12:58:47 | INFO | Found latest version of tr87: tr87-cd924810 (downloaded: 2026-06-08 07:25:23.848054+00:00)
2026-08-01 12:58:47 | INFO | Found latest version of tr87: tr87-cd924810 (downloaded: 2026-06-08 07:25:23.848054+00:00)
2026-08-01 12:58:47 | INFO | Found latest version of tr87: tr87-cd924810 (downloaded: 2026-06-08 07:25:23.848054+00:00)
2026-08-01 12:58:47 | INFO | Found latest version of tr87: tr87-cd924810 (downloaded: 2026-06-08 07:25:23.848054+00:00)
2026-08-01 12:58:47 | INFO | Found latest version of tr87: tr87-cd924810 (downloaded: 2026-06-08 07:25:23.848054+00:00)
2026-08-01 12:58:47 | INFO | Found latest version of tr87: tr87-cd924810 (downloaded: 2026-06-08 07:25:23.848054+00:00)
2026-08-01 12:58:47 | INFO | Found latest version of tr87: tr87-cd924810 (downloaded: 2026-06-08 07:25:23.848054+00:00)
2026-08-01 12:58:47 | INFO | Found latest version of tr87: tr87-cd924810 (downloaded: 2026-06-08 07:25:23.848054+00:00)
2026-08-01 12:58:47 | INFO | Found latest version of tr87: tr87-cd924810 (downloaded: 2026-06-08 07:25:23.848054+00:00)
2026-08-01 12:58:47 | INFO | Found latest version of tr87: tr87-cd924810 (downloaded: 2026-06-08 07:25:23.848054+00:00)
2026-08-01 12:58:47 | INFO | Found latest version of tr87: tr87-cd924810 (downloaded: 2026-06-08 07:25:23.848054+00:00)
2026-08-01 12:58:47 | INFO | Found latest version of tr87: tr87-cd924810 (downloaded: 2026-06-08 07:25:23.848054+00:00)
2026-08-01 12:58:47 | INFO | Found latest version of tr87: tr87-cd924810 (downloaded: 2026-06-08 07:25:23.848054+00:00)
2026-08-01 12:58:47 | INFO | Found latest version of tr87: tr87-cd924810 (downloaded: 2026-06-08 07:25:23.848054+00:00)
2026-08-01 12:58:48 | INFO | Found latest version of tr87: tr87-cd924810 (downloaded: 2026-06-08 07:25:23.848054+00:00)
2026-08-01 12:58:48 | INFO | Found latest version of tr87: tr87-cd924810 (downloaded: 2026-06-08 07:25:23.848054+00:00)
2026-08-01 12:58:48 | INFO | Found latest version of tr87: tr87-cd924810 (downloaded: 2026-06-08 07:25:23.848054+00:00)
2026-08-01 12:58:48 | INFO | Found latest version of tr87: tr87-cd924810 (downloaded: 2026-06-08 07:25:23.848054+00:00)
2026-08-01 12:58:48 | INFO | Found latest version of tr87: tr87-cd924810 (downloaded: 2026-06-08 07:25:23.848054+00:00)
2026-08-01 12:58:48 | INFO | Found latest version of tr87: tr87-cd924810 (downloaded: 2026-06-08 07:25:23.848054+00:00)
2026-08-01 12:58:48 | INFO | Found latest version of tr87: tr87-cd924810 (downloaded: 2026-06-08 07:25:23.848054+00:00)
2026-08-01 12:58:48 | INFO | Found latest version of tr87: tr87-cd924810 (downloaded: 2026-06-08 07:25:23.848054+00:00)
2026-08-01 12:58:48 | INFO | Found latest version of tr87: tr87-cd924810 (downloaded: 2026-06-08 07:25:23.848054+00:00)
2026-08-01 12:58:48 | INFO | Found latest version of tr87: tr87-cd924810 (downloaded: 2026-06-08 07:25:23.848054+00:00)
2026-08-01 12:58:48 | INFO | Found latest version of tr87: tr87-cd924810 (downloaded: 2026-06-08 07:25:23.848054+00:00)
2026-08-01 12:58:48 | INFO | Found latest version of tr87: tr87-cd924810 (downloaded: 2026-06-08 07:25:23.848054+00:00)
2026-08-01 12:58:48 | INFO | Found latest version of tr87: tr87-cd924810 (downloaded: 2026-06-08 07:25:23.848054+00:00)
2026-08-01 12:58:48 | INFO | Found latest version of tr87: tr87-cd924810 (downloaded: 2026-06-08 07:25:23.848054+00:00)
2026-08-01 12:58:48 | INFO | Found latest version of tr87: tr87-cd924810 (downloaded: 2026-06-08 07:25:23.848054+00:00)
2026-08-01 12:58:48 | INFO | Found latest version of tr87: tr87-cd924810 (downloaded: 2026-06-08 07:25:23.848054+00:00)
2026-08-01 12:58:48 | INFO | Found latest version of tr87: tr87-cd924810 (downloaded: 2026-06-08 07:25:23.848054+00:00)
2026-08-01 12:58:48 | INFO | Found latest version of tr87: tr87-cd924810 (downloaded: 2026-06-08 07:25:23.848054+00:00)
2026-08-01 12:58:48 | INFO | Found latest version of tr87: tr87-cd924810 (downloaded: 2026-06-08 07:25:23.848054+00:00)
2026-08-01 12:58:48 | INFO | Found latest version of tr87: tr87-cd924810 (downloaded: 2026-06-08 07:25:23.848054+00:00)
2026-08-01 12:58:48 | INFO | Found latest version of tr87: tr87-cd924810 (downloaded: 2026-06-08 07:25:23.848054+00:00)
2026-08-01 12:58:48 | INFO | Found latest version of tr87: tr87-cd924810 (downloaded: 2026-06-08 07:25:23.848054+00:00)
2026-08-01 12:58:48 | INFO | Found latest version of tr87: tr87-cd924810 (downloaded: 2026-06-08 07:25:23.848054+00:00)
2026-08-01 12:58:48 | INFO | Found latest version of tr87: tr87-cd924810 (downloaded: 2026-06-08 07:25:23.848054+00:00)
2026-08-01 12:58:48 | INFO | Found latest version of tr87: tr87-cd924810 (downloaded: 2026-06-08 07:25:23.848054+00:00)
2026-08-01 12:58:48 | INFO | Found latest version of tr87: tr87-cd924810 (downloaded: 2026-06-08 07:25:23.848054+00:00)
2026-08-01 12:58:48 | INFO | Found latest version of tr87: tr87-cd924810 (downloaded: 2026-06-08 07:25:23.848054+00:00)
2026-08-01 12:58:48 | INFO | Found latest version of tr87: tr87-cd924810 (downloaded: 2026-06-08 07:25:23.848054+00:00)
2026-08-01 12:58:48 | INFO | Found latest version of tr87: tr87-cd924810 (downloaded: 2026-06-08 07:25:23.848054+00:00)
2026-08-01 12:58:48 | INFO | Found latest version of tr87: tr87-cd924810 (downloaded: 2026-06-08 07:25:23.848054+00:00)
2026-08-01 12:58:48 | INFO | Found latest version of tr87: tr87-cd924810 (downloaded: 2026-06-08 07:25:23.848054+00:00)
2026-08-01 12:58:48 | INFO | Found latest version of tr87: tr87-cd924810 (downloaded: 2026-06-08 07:25:23.848054+00:00)
2026-08-01 12:58:48 | INFO | Found latest version of tr87: tr87-cd924810 (downloaded: 2026-06-08 07:25:23.848054+00:00)
2026-08-01 12:58:48 | INFO | Found latest version of tr87: tr87-cd924810 (downloaded: 2026-06-08 07:25:23.848054+00:00)
2026-08-01 12:58:48 | INFO | Found latest version of tr87: tr87-cd924810 (downloaded: 2026-06-08 07:25:23.848054+00:00)
2026-08-01 12:58:48 | INFO | Found latest version of tr87: tr87-cd924810 (downloaded: 2026-06-08 07:25:23.848054+00:00)
2026-08-01 12:58:48 | INFO | Found latest version of tr87: tr87-cd924810 (downloaded: 2026-06-08 07:25:23.848054+00:00)
2026-08-01 12:58:48 | INFO | Found latest version of tr87: tr87-cd924810 (downloaded: 2026-06-08 07:25:23.848054+00:00)
2026-08-01 12:58:48 | INFO | Found latest version of tr87: tr87-cd924810 (downloaded: 2026-06-08 07:25:23.848054+00:00)
2026-08-01 12:58:48 | INFO | Found latest version of tr87: tr87-cd924810 (downloaded: 2026-06-08 07:25:23.848054+00:00)
2026-08-01 12:58:49 | INFO | Found latest version of tr87: tr87-cd924810 (downloaded: 2026-06-08 07:25:23.848054+00:00)
2026-08-01 12:58:49 | INFO | Found latest version of tr87: tr87-cd924810 (downloaded: 2026-06-08 07:25:23.848054+00:00)
2026-08-01 12:58:49 | INFO | Found latest version of tr87: tr87-cd924810 (downloaded: 2026-06-08 07:25:23.848054+00:00)
2026-08-01 12:58:49 | INFO | Found latest version of tr87: tr87-cd924810 (downloaded: 2026-06-08 07:25:23.848054+00:00)
2026-08-01 12:58:49 | INFO | Found latest version of tr87: tr87-cd924810 (downloaded: 2026-06-08 07:25:23.848054+00:00)
2026-08-01 12:58:49 | INFO | Found latest version of tr87: tr87-cd924810 (downloaded: 2026-06-08 07:25:23.848054+00:00)
2026-08-01 12:58:49 | INFO | Found latest version of tr87: tr87-cd924810 (downloaded: 2026-06-08 07:25:23.848054+00:00)
2026-08-01 12:58:49 | INFO | Found latest version of tr87: tr87-cd924810 (downloaded: 2026-06-08 07:25:23.848054+00:00)
2026-08-01 12:58:49 | INFO | Found latest version of tr87: tr87-cd924810 (downloaded: 2026-06-08 07:25:23.848054+00:00)
2026-08-01 12:58:49 | INFO | Found latest version of tr87: tr87-cd924810 (downloaded: 2026-06-08 07:25:23.848054+00:00)
2026-08-01 12:58:49 | INFO | Found latest version of tr87: tr87-cd924810 (downloaded: 2026-06-08 07:25:23.848054+00:00)
2026-08-01 12:58:49 | INFO | Found latest version of tr87: tr87-cd924810 (downloaded: 2026-06-08 07:25:23.848054+00:00)
2026-08-01 12:58:49 | INFO | Found latest version of tr87: tr87-cd924810 (downloaded: 2026-06-08 07:25:23.848054+00:00)
2026-08-01 12:58:49 | INFO | Found latest version of tr87: tr87-cd924810 (downloaded: 2026-06-08 07:25:23.848054+00:00)
2026-08-01 12:58:49 | INFO | Found latest version of tr87: tr87-cd924810 (downloaded: 2026-06-08 07:25:23.848054+00:00)
2026-08-01 12:58:49 | INFO | Found latest version of tr87: tr87-cd924810 (downloaded: 2026-06-08 07:25:23.848054+00:00)
2026-08-01 12:58:49 | INFO | Found latest version of tr87: tr87-cd924810 (downloaded: 2026-06-08 07:25:23.848054+00:00)
2026-08-01 12:58:49 | INFO | Found latest version of tr87: tr87-cd924810 (downloaded: 2026-06-08 07:25:23.848054+00:00)
2026-08-01 12:58:49 | INFO | Found latest version of tr87: tr87-cd924810 (downloaded: 2026-06-08 07:25:23.848054+00:00)
2026-08-01 12:58:49 | INFO | Found latest version of tr87: tr87-cd924810 (downloaded: 2026-06-08 07:25:23.848054+00:00)
2026-08-01 12:58:49 | INFO | Found latest version of tr87: tr87-cd924810 (downloaded: 2026-06-08 07:25:23.848054+00:00)
2026-08-01 12:58:49 | INFO | Found latest version of tr87: tr87-cd924810 (downloaded: 2026-06-08 07:25:23.848054+00:00)
2026-08-01 12:58:49 | INFO | Found latest version of tr87: tr87-cd924810 (downloaded: 2026-06-08 07:25:23.848054+00:00)
2026-08-01 12:58:49 | INFO | Found latest version of tr87: tr87-cd924810 (downloaded: 2026-06-08 07:25:23.848054+00:00)
2026-08-01 12:58:49 | INFO | Found latest version of tr87: tr87-cd924810 (downloaded: 2026-06-08 07:25:23.848054+00:00)
2026-08-01 12:58:49 | INFO | Found latest version of tr87: tr87-cd924810 (downloaded: 2026-06-08 07:25:23.848054+00:00)
2026-08-01 12:58:49 | INFO | Found latest version of tr87: tr87-cd924810 (downloaded: 2026-06-08 07:25:23.848054+00:00)
2026-08-01 12:58:49 | INFO | Found latest version of tr87: tr87-cd924810 (downloaded: 2026-06-08 07:25:23.848054+00:00)
2026-08-01 12:58:49 | INFO | Found latest version of tr87: tr87-cd924810 (downloaded: 2026-06-08 07:25:23.848054+00:00)
2026-08-01 12:58:49 | INFO | Found latest version of tr87: tr87-cd924810 (downloaded: 2026-06-08 07:25:23.848054+00:00)
2026-08-01 12:58:49 | INFO | Found latest version of tr87: tr87-cd924810 (downloaded: 2026-06-08 07:25:23.848054+00:00)
2026-08-01 12:58:49 | INFO | Found latest version of tr87: tr87-cd924810 (downloaded: 2026-06-08 07:25:23.848054+00:00)
2026-08-01 12:58:49 | INFO | Found latest version of tr87: tr87-cd924810 (downloaded: 2026-06-08 07:25:23.848054+00:00)
2026-08-01 12:58:49 | INFO | Found latest version of tr87: tr87-cd924810 (downloaded: 2026-06-08 07:25:23.848054+00:00)
2026-08-01 12:58:49 | INFO | Found latest version of tr87: tr87-cd924810 (downloaded: 2026-06-08 07:25:23.848054+00:00)
2026-08-01 12:58:49 | INFO | Found latest version of tr87: tr87-cd924810 (downloaded: 2026-06-08 07:25:23.848054+00:00)
2026-08-01 12:58:49 | INFO | Found latest version of tr87: tr87-cd924810 (downloaded: 2026-06-08 07:25:23.848054+00:00)
2026-08-01 12:58:49 | INFO | Found latest version of tr87: tr87-cd924810 (downloaded: 2026-06-08 07:25:23.848054+00:00)
2026-08-01 12:58:49 | INFO | Found latest version of tr87: tr87-cd924810 (downloaded: 2026-06-08 07:25:23.848054+00:00)
2026-08-01 12:58:49 | INFO | Found latest version of tr87: tr87-cd924810 (downloaded: 2026-06-08 07:25:23.848054+00:00)
2026-08-01 12:58:49 | INFO | Found latest version of tr87: tr87-cd924810 (downloaded: 2026-06-08 07:25:23.848054+00:00)
2026-08-01 12:58:49 | INFO | Found latest version of tr87: tr87-cd924810 (downloaded: 2026-06-08 07:25:23.848054+00:00)
2026-08-01 12:58:49 | INFO | Found latest version of tr87: tr87-cd924810 (downloaded: 2026-06-08 07:25:23.848054+00:00)
2026-08-01 12:58:49 | INFO | Found latest version of tr87: tr87-cd924810 (downloaded: 2026-06-08 07:25:23.848054+00:00)
2026-08-01 12:58:49 | INFO | Found latest version of tr87: tr87-cd924810 (downloaded: 2026-06-08 07:25:23.848054+00:00)
2026-08-01 12:58:50 | INFO | Found latest version of tr87: tr87-cd924810 (downloaded: 2026-06-08 07:25:23.848054+00:00)
2026-08-01 12:58:50 | INFO | Found latest version of tr87: tr87-cd924810 (downloaded: 2026-06-08 07:25:23.848054+00:00)
2026-08-01 12:58:50 | INFO | Found latest version of tr87: tr87-cd924810 (downloaded: 2026-06-08 07:25:23.848054+00:00)
2026-08-01 12:58:50 | INFO | Found latest version of tr87: tr87-cd924810 (downloaded: 2026-06-08 07:25:23.848054+00:00)
2026-08-01 12:58:50 | INFO | Found latest version of tr87: tr87-cd924810 (downloaded: 2026-06-08 07:25:23.848054+00:00)
2026-08-01 12:58:50 | INFO | Found latest version of tr87: tr87-cd924810 (downloaded: 2026-06-08 07:25:23.848054+00:00)
2026-08-01 12:58:50 | INFO | Found latest version of tr87: tr87-cd924810 (downloaded: 2026-06-08 07:25:23.848054+00:00)
2026-08-01 12:58:50 | INFO | Found latest version of tr87: tr87-cd924810 (downloaded: 2026-06-08 07:25:23.848054+00:00)
2026-08-01 12:58:50 | INFO | Found latest version of tr87: tr87-cd924810 (downloaded: 2026-06-08 07:25:23.848054+00:00)
2026-08-01 12:58:50 | INFO | Found latest version of tr87: tr87-cd924810 (downloaded: 2026-06-08 07:25:23.848054+00:00)
2026-08-01 12:58:50 | INFO | Found latest version of tr87: tr87-cd924810 (downloaded: 2026-06-08 07:25:23.848054+00:00)
2026-08-01 12:58:50 | INFO | Found latest version of tr87: tr87-cd924810 (downloaded: 2026-06-08 07:25:23.848054+00:00)
2026-08-01 12:58:50 | INFO | Found latest version of tr87: tr87-cd924810 (downloaded: 2026-06-08 07:25:23.848054+00:00)
2026-08-01 12:58:50 | INFO | Found latest version of tr87: tr87-cd924810 (downloaded: 2026-06-08 07:25:23.848054+00:00)
2026-08-01 12:58:50 | INFO | Found latest version of tr87: tr87-cd924810 (downloaded: 2026-06-08 07:25:23.848054+00:00)
2026-08-01 12:58:50 | INFO | Found latest version of tr87: tr87-cd924810 (downloaded: 2026-06-08 07:25:23.848054+00:00)
2026-08-01 12:58:50 | INFO | Found latest version of tr87: tr87-cd924810 (downloaded: 2026-06-08 07:25:23.848054+00:00)
2026-08-01 12:58:51 | INFO | Found latest version of tr87: tr87-cd924810 (downloaded: 2026-06-08 07:25:23.848054+00:00)
2026-08-01 12:58:51 | INFO | Found latest version of tr87: tr87-cd924810 (downloaded: 2026-06-08 07:25:23.848054+00:00)
2026-08-01 12:58:51 | INFO | Found latest version of tr87: tr87-cd924810 (downloaded: 2026-06-08 07:25:23.848054+00:00)
2026-08-01 12:58:51 | INFO | Found latest version of tr87: tr87-cd924810 (downloaded: 2026-06-08 07:25:23.848054+00:00)
2026-08-01 12:58:51 | INFO | Found latest version of tr87: tr87-cd924810 (downloaded: 2026-06-08 07:25:23.848054+00:00)
2026-08-01 12:58:51 | INFO | Found latest version of tr87: tr87-cd924810 (downloaded: 2026-06-08 07:25:23.848054+00:00)
2026-08-01 12:58:51 | INFO | Found latest version of tr87: tr87-cd924810 (downloaded: 2026-06-08 07:25:23.848054+00:00)
2026-08-01 12:58:51 | INFO | Found latest version of tr87: tr87-cd924810 (downloaded: 2026-06-08 07:25:23.848054+00:00)
2026-08-01 12:58:51 | INFO | Found latest version of tr87: tr87-cd924810 (downloaded: 2026-06-08 07:25:23.848054+00:00)
2026-08-01 12:58:51 | INFO | Found latest version of tr87: tr87-cd924810 (downloaded: 2026-06-08 07:25:23.848054+00:00)
2026-08-01 12:58:51 | INFO | Found latest version of tr87: tr87-cd924810 (downloaded: 2026-06-08 07:25:23.848054+00:00)
2026-08-01 12:58:51 | INFO | Found latest version of tr87: tr87-cd924810 (downloaded: 2026-06-08 07:25:23.848054+00:00)
2026-08-01 12:58:51 | INFO | Found latest version of tr87: tr87-cd924810 (downloaded: 2026-06-08 07:25:23.848054+00:00)
2026-08-01 12:58:51 | INFO | Found latest version of tr87: tr87-cd924810 (downloaded: 2026-06-08 07:25:23.848054+00:00)
2026-08-01 12:58:51 | INFO | Found latest version of tr87: tr87-cd924810 (downloaded: 2026-06-08 07:25:23.848054+00:00)
2026-08-01 12:58:51 | INFO | Found latest version of tr87: tr87-cd924810 (downloaded: 2026-06-08 07:25:23.848054+00:00)
2026-08-01 12:58:51 | INFO | Found latest version of tr87: tr87-cd924810 (downloaded: 2026-06-08 07:25:23.848054+00:00)
2026-08-01 12:58:51 | INFO | Found latest version of tr87: tr87-cd924810 (downloaded: 2026-06-08 07:25:23.848054+00:00)
2026-08-01 12:58:51 | INFO | Found latest version of tr87: tr87-cd924810 (downloaded: 2026-06-08 07:25:23.848054+00:00)
2026-08-01 12:58:51 | INFO | Found latest version of tr87: tr87-cd924810 (downloaded: 2026-06-08 07:25:23.848054+00:00)
2026-08-01 12:58:51 | INFO | Found latest version of tr87: tr87-cd924810 (downloaded: 2026-06-08 07:25:23.848054+00:00)
2026-08-01 12:58:51 | INFO | Found latest version of tr87: tr87-cd924810 (downloaded: 2026-06-08 07:25:23.848054+00:00)
2026-08-01 12:58:51 | INFO | Found latest version of tr87: tr87-cd924810 (downloaded: 2026-06-08 07:25:23.848054+00:00)
2026-08-01 12:58:51 | INFO | Found latest version of tr87: tr87-cd924810 (downloaded: 2026-06-08 07:25:23.848054+00:00)
2026-08-01 12:58:51 | INFO | Found latest version of tr87: tr87-cd924810 (downloaded: 2026-06-08 07:25:23.848054+00:00)
2026-08-01 12:58:51 | INFO | Found latest version of tr87: tr87-cd924810 (downloaded: 2026-06-08 07:25:23.848054+00:00)
2026-08-01 12:58:51 | INFO | Found latest version of tr87: tr87-cd924810 (downloaded: 2026-06-08 07:25:23.848054+00:00)
2026-08-01 12:58:51 | INFO | Found latest version of tr87: tr87-cd924810 (downloaded: 2026-06-08 07:25:23.848054+00:00)
2026-08-01 12:58:51 | INFO | Found latest version of tr87: tr87-cd924810 (downloaded: 2026-06-08 07:25:23.848054+00:00)
2026-08-01 12:58:51 | INFO | Found latest version of tr87: tr87-cd924810 (downloaded: 2026-06-08 07:25:23.848054+00:00)
2026-08-01 12:58:51 | INFO | Found latest version of tr87: tr87-cd924810 (downloaded: 2026-06-08 07:25:23.848054+00:00)
2026-08-01 12:58:51 | INFO | Found latest version of tr87: tr87-cd924810 (downloaded: 2026-06-08 07:25:23.848054+00:00)
2026-08-01 12:58:51 | INFO | Found latest version of tr87: tr87-cd924810 (downloaded: 2026-06-08 07:25:23.848054+00:00)
2026-08-01 12:58:51 | INFO | Found latest version of tr87: tr87-cd924810 (downloaded: 2026-06-08 07:25:23.848054+00:00)
2026-08-01 12:58:51 | INFO | Found latest version of tr87: tr87-cd924810 (downloaded: 2026-06-08 07:25:23.848054+00:00)
2026-08-01 12:58:51 | INFO | Found latest version of tr87: tr87-cd924810 (downloaded: 2026-06-08 07:25:23.848054+00:00)
2026-08-01 12:58:51 | INFO | Found latest version of tr87: tr87-cd924810 (downloaded: 2026-06-08 07:25:23.848054+00:00)
2026-08-01 12:58:51 | INFO | Found latest version of tr87: tr87-cd924810 (downloaded: 2026-06-08 07:25:23.848054+00:00)
2026-08-01 12:58:51 | INFO | Found latest version of tr87: tr87-cd924810 (downloaded: 2026-06-08 07:25:23.848054+00:00)
2026-08-01 12:58:51 | INFO | Found latest version of tr87: tr87-cd924810 (downloaded: 2026-06-08 07:25:23.848054+00:00)
2026-08-01 12:58:51 | INFO | Found latest version of tr87: tr87-cd924810 (downloaded: 2026-06-08 07:25:23.848054+00:00)
2026-08-01 12:58:51 | INFO | Found latest version of tr87: tr87-cd924810 (downloaded: 2026-06-08 07:25:23.848054+00:00)
2026-08-01 12:58:51 | INFO | Found latest version of tr87: tr87-cd924810 (downloaded: 2026-06-08 07:25:23.848054+00:00)
2026-08-01 12:58:51 | INFO | Found latest version of tr87: tr87-cd924810 (downloaded: 2026-06-08 07:25:23.848054+00:00)
2026-08-01 12:58:51 | INFO | Found latest version of tr87: tr87-cd924810 (downloaded: 2026-06-08 07:25:23.848054+00:00)
2026-08-01 12:58:51 | INFO | Found latest version of tr87: tr87-cd924810 (downloaded: 2026-06-08 07:25:23.848054+00:00)
2026-08-01 12:58:51 | INFO | Found latest version of tr87: tr87-cd924810 (downloaded: 2026-06-08 07:25:23.848054+00:00)
2026-08-01 12:58:51 | INFO | Found latest version of tr87: tr87-cd924810 (downloaded: 2026-06-08 07:25:23.848054+00:00)
2026-08-01 12:58:51 | INFO | Found latest version of tr87: tr87-cd924810 (downloaded: 2026-06-08 07:25:23.848054+00:00)
2026-08-01 12:58:51 | INFO | Found latest version of tr87: tr87-cd924810 (downloaded: 2026-06-08 07:25:23.848054+00:00)
2026-08-01 12:58:51 | INFO | Found latest version of tr87: tr87-cd924810 (downloaded: 2026-06-08 07:25:23.848054+00:00)
2026-08-01 12:58:51 | INFO | Found latest version of tr87: tr87-cd924810 (downloaded: 2026-06-08 07:25:23.848054+00:00)
2026-08-01 12:58:51 | INFO | Found latest version of tr87: tr87-cd924810 (downloaded: 2026-06-08 07:25:23.848054+00:00)
2026-08-01 12:58:51 | INFO | Found latest version of tr87: tr87-cd924810 (downloaded: 2026-06-08 07:25:23.848054+00:00)
2026-08-01 12:58:51 | INFO | Found latest version of tr87: tr87-cd924810 (downloaded: 2026-06-08 07:25:23.848054+00:00)
2026-08-01 12:58:51 | INFO | Found latest version of tr87: tr87-cd924810 (downloaded: 2026-06-08 07:25:23.848054+00:00)
2026-08-01 12:58:52 | INFO | Found latest version of tr87: tr87-cd924810 (downloaded: 2026-06-08 07:25:23.848054+00:00)
2026-08-01 12:58:52 | INFO | Found latest version of tr87: tr87-cd924810 (downloaded: 2026-06-08 07:25:23.848054+00:00)
2026-08-01 12:58:52 | INFO | Found latest version of tr87: tr87-cd924810 (downloaded: 2026-06-08 07:25:23.848054+00:00)
2026-08-01 12:58:52 | INFO | Found latest version of tr87: tr87-cd924810 (downloaded: 2026-06-08 07:25:23.848054+00:00)
2026-08-01 12:58:52 | INFO | Found latest version of tr87: tr87-cd924810 (downloaded: 2026-06-08 07:25:23.848054+00:00)
2026-08-01 12:58:52 | INFO | Found latest version of tr87: tr87-cd924810 (downloaded: 2026-06-08 07:25:23.848054+00:00)
2026-08-01 12:58:52 | INFO | Found latest version of tr87: tr87-cd924810 (downloaded: 2026-06-08 07:25:23.848054+00:00)
2026-08-01 12:58:53 | INFO | Found latest version of tr87: tr87-cd924810 (downloaded: 2026-06-08 07:25:23.848054+00:00)
2026-08-01 12:58:53 | INFO | Found latest version of tr87: tr87-cd924810 (downloaded: 2026-06-08 07:25:23.848054+00:00)
2026-08-01 12:58:53 | INFO | Found latest version of tr87: tr87-cd924810 (downloaded: 2026-06-08 07:25:23.848054+00:00)
2026-08-01 12:58:53 | INFO | Found latest version of tr87: tr87-cd924810 (downloaded: 2026-06-08 07:25:23.848054+00:00)
2026-08-01 12:58:53 | INFO | Found latest version of tr87: tr87-cd924810 (downloaded: 2026-06-08 07:25:23.848054+00:00)
2026-08-01 12:58:53 | INFO | Found latest version of tr87: tr87-cd924810 (downloaded: 2026-06-08 07:25:23.848054+00:00)
2026-08-01 12:58:53 | INFO | Found latest version of tr87: tr87-cd924810 (downloaded: 2026-06-08 07:25:23.848054+00:00)
2026-08-01 12:58:53 | INFO | Found latest version of tr87: tr87-cd924810 (downloaded: 2026-06-08 07:25:23.848054+00:00)
2026-08-01 12:58:53 | INFO | Found latest version of tr87: tr87-cd924810 (downloaded: 2026-06-08 07:25:23.848054+00:00)
2026-08-01 12:58:53 | INFO | Found latest version of tr87: tr87-cd924810 (downloaded: 2026-06-08 07:25:23.848054+00:00)
2026-08-01 12:58:53 | INFO | Found latest version of tr87: tr87-cd924810 (downloaded: 2026-06-08 07:25:23.848054+00:00)
2026-08-01 12:58:53 | INFO | Found latest version of tr87: tr87-cd924810 (downloaded: 2026-06-08 07:25:23.848054+00:00)
2026-08-01 12:58:53 | INFO | Found latest version of tr87: tr87-cd924810 (downloaded: 2026-06-08 07:25:23.848054+00:00)
2026-08-01 12:58:53 | INFO | Found latest version of tr87: tr87-cd924810 (downloaded: 2026-06-08 07:25:23.848054+00:00)
2026-08-01 12:58:53 | INFO | Found latest version of tr87: tr87-cd924810 (downloaded: 2026-06-08 07:25:23.848054+00:00)
2026-08-01 12:58:53 | INFO | Found latest version of tr87: tr87-cd924810 (downloaded: 2026-06-08 07:25:23.848054+00:00)
2026-08-01 12:58:53 | INFO | Found latest version of tr87: tr87-cd924810 (downloaded: 2026-06-08 07:25:23.848054+00:00)
2026-08-01 12:58:53 | INFO | Found latest version of tr87: tr87-cd924810 (downloaded: 2026-06-08 07:25:23.848054+00:00)
2026-08-01 12:58:53 | INFO | Found latest version of tr87: tr87-cd924810 (downloaded: 2026-06-08 07:25:23.848054+00:00)
2026-08-01 12:58:53 | INFO | Found latest version of tr87: tr87-cd924810 (downloaded: 2026-06-08 07:25:23.848054+00:00)
2026-08-01 12:58:53 | INFO | Found latest version of tr87: tr87-cd924810 (downloaded: 2026-06-08 07:25:23.848054+00:00)
2026-08-01 12:58:53 | INFO | Found latest version of tr87: tr87-cd924810 (downloaded: 2026-06-08 07:25:23.848054+00:00)
2026-08-01 12:58:53 | INFO | Found latest version of tr87: tr87-cd924810 (downloaded: 2026-06-08 07:25:23.848054+00:00)
2026-08-01 12:58:53 | INFO | Found latest version of tr87: tr87-cd924810 (downloaded: 2026-06-08 07:25:23.848054+00:00)
2026-08-01 12:58:53 | INFO | Found latest version of tr87: tr87-cd924810 (downloaded: 2026-06-08 07:25:23.848054+00:00)
2026-08-01 12:58:53 | INFO | Found latest version of tr87: tr87-cd924810 (downloaded: 2026-06-08 07:25:23.848054+00:00)
2026-08-01 12:58:53 | INFO | Found latest version of tr87: tr87-cd924810 (downloaded: 2026-06-08 07:25:23.848054+00:00)
2026-08-01 12:58:53 | INFO | Found latest version of tr87: tr87-cd924810 (downloaded: 2026-06-08 07:25:23.848054+00:00)
2026-08-01 12:58:53 | INFO | Found latest version of tr87: tr87-cd924810 (downloaded: 2026-06-08 07:25:23.848054+00:00)
2026-08-01 12:58:53 | INFO | Found latest version of tr87: tr87-cd924810 (downloaded: 2026-06-08 07:25:23.848054+00:00)
2026-08-01 12:58:53 | INFO | Found latest version of tr87: tr87-cd924810 (downloaded: 2026-06-08 07:25:23.848054+00:00)
2026-08-01 12:58:53 | INFO | Found latest version of tr87: tr87-cd924810 (downloaded: 2026-06-08 07:25:23.848054+00:00)
2026-08-01 12:58:53 | INFO | Found latest version of tr87: tr87-cd924810 (downloaded: 2026-06-08 07:25:23.848054+00:00)
2026-08-01 12:58:53 | INFO | Found latest version of tr87: tr87-cd924810 (downloaded: 2026-06-08 07:25:23.848054+00:00)
2026-08-01 12:58:53 | INFO | Found latest version of tr87: tr87-cd924810 (downloaded: 2026-06-08 07:25:23.848054+00:00)
2026-08-01 12:58:53 | INFO | Found latest version of tr87: tr87-cd924810 (downloaded: 2026-06-08 07:25:23.848054+00:00)
2026-08-01 12:58:53 | INFO | Found latest version of tr87: tr87-cd924810 (downloaded: 2026-06-08 07:25:23.848054+00:00)
2026-08-01 12:58:53 | INFO | Found latest version of tr87: tr87-cd924810 (downloaded: 2026-06-08 07:25:23.848054+00:00)
2026-08-01 12:58:53 | INFO | Found latest version of tr87: tr87-cd924810 (downloaded: 2026-06-08 07:25:23.848054+00:00)
2026-08-01 12:58:53 | INFO | Found latest version of tr87: tr87-cd924810 (downloaded: 2026-06-08 07:25:23.848054+00:00)
2026-08-01 12:58:53 | INFO | Found latest version of tr87: tr87-cd924810 (downloaded: 2026-06-08 07:25:23.848054+00:00)
2026-08-01 12:58:53 | INFO | Found latest version of tr87: tr87-cd924810 (downloaded: 2026-06-08 07:25:23.848054+00:00)
2026-08-01 12:58:53 | INFO | Found latest version of tr87: tr87-cd924810 (downloaded: 2026-06-08 07:25:23.848054+00:00)
2026-08-01 12:58:53 | INFO | Found latest version of tr87: tr87-cd924810 (downloaded: 2026-06-08 07:25:23.848054+00:00)
2026-08-01 12:58:53 | INFO | Found latest version of tr87: tr87-cd924810 (downloaded: 2026-06-08 07:25:23.848054+00:00)
2026-08-01 12:58:53 | INFO | Found latest version of tr87: tr87-cd924810 (downloaded: 2026-06-08 07:25:23.848054+00:00)
2026-08-01 12:58:53 | INFO | Found latest version of tr87: tr87-cd924810 (downloaded: 2026-06-08 07:25:23.848054+00:00)
2026-08-01 12:58:53 | INFO | Found latest version of tr87: tr87-cd924810 (downloaded: 2026-06-08 07:25:23.848054+00:00)
2026-08-01 12:58:53 | INFO | Found latest version of tr87: tr87-cd924810 (downloaded: 2026-06-08 07:25:23.848054+00:00)
2026-08-01 12:58:53 | INFO | Found latest version of tr87: tr87-cd924810 (downloaded: 2026-06-08 07:25:23.848054+00:00)
2026-08-01 12:58:53 | INFO | Found latest version of tr87: tr87-cd924810 (downloaded: 2026-06-08 07:25:23.848054+00:00)
2026-08-01 12:58:53 | INFO | Found latest version of tr87: tr87-cd924810 (downloaded: 2026-06-08 07:25:23.848054+00:00)
2026-08-01 12:58:53 | INFO | Found latest version of tr87: tr87-cd924810 (downloaded: 2026-06-08 07:25:23.848054+00:00)
2026-08-01 12:58:53 | INFO | Found latest version of tr87: tr87-cd924810 (downloaded: 2026-06-08 07:25:23.848054+00:00)
2026-08-01 12:58:53 | INFO | Found latest version of tr87: tr87-cd924810 (downloaded: 2026-06-08 07:25:23.848054+00:00)
2026-08-01 12:58:53 | INFO | Found latest version of tr87: tr87-cd924810 (downloaded: 2026-06-08 07:25:23.848054+00:00)
2026-08-01 12:58:53 | INFO | Found latest version of tr87: tr87-cd924810 (downloaded: 2026-06-08 07:25:23.848054+00:00)
2026-08-01 12:58:53 | INFO | Found latest version of tr87: tr87-cd924810 (downloaded: 2026-06-08 07:25:23.848054+00:00)
2026-08-01 12:58:53 | INFO | Found latest version of tr87: tr87-cd924810 (downloaded: 2026-06-08 07:25:23.848054+00:00)
2026-08-01 12:58:53 | INFO | Found latest version of tr87: tr87-cd924810 (downloaded: 2026-06-08 07:25:23.848054+00:00)
2026-08-01 12:58:54 | INFO | Found latest version of tr87: tr87-cd924810 (downloaded: 2026-06-08 07:25:23.848054+00:00)
2026-08-01 12:58:54 | INFO | Found latest version of tr87: tr87-cd924810 (downloaded: 2026-06-08 07:25:23.848054+00:00)
2026-08-01 12:58:55 | INFO | Found latest version of tr87: tr87-cd924810 (downloaded: 2026-06-08 07:25:23.848054+00:00)
2026-08-01 12:58:55 | INFO | Found latest version of tr87: tr87-cd924810 (downloaded: 2026-06-08 07:25:23.848054+00:00)
2026-08-01 12:58:55 | INFO | Found latest version of tr87: tr87-cd924810 (downloaded: 2026-06-08 07:25:23.848054+00:00)
2026-08-01 12:58:55 | INFO | Found latest version of tr87: tr87-cd924810 (downloaded: 2026-06-08 07:25:23.848054+00:00)
2026-08-01 12:58:55 | INFO | Found latest version of tr87: tr87-cd924810 (downloaded: 2026-06-08 07:25:23.848054+00:00)
2026-08-01 12:58:55 | INFO | Found latest version of tr87: tr87-cd924810 (downloaded: 2026-06-08 07:25:23.848054+00:00)
2026-08-01 12:58:55 | INFO | Found latest version of tr87: tr87-cd924810 (downloaded: 2026-06-08 07:25:23.848054+00:00)
2026-08-01 12:58:55 | INFO | Found latest version of tr87: tr87-cd924810 (downloaded: 2026-06-08 07:25:23.848054+00:00)
2026-08-01 12:58:55 | INFO | Found latest version of tr87: tr87-cd924810 (downloaded: 2026-06-08 07:25:23.848054+00:00)
2026-08-01 12:58:55 | INFO | Found latest version of tr87: tr87-cd924810 (downloaded: 2026-06-08 07:25:23.848054+00:00)
2026-08-01 12:58:55 | INFO | Found latest version of tr87: tr87-cd924810 (downloaded: 2026-06-08 07:25:23.848054+00:00)
2026-08-01 12:58:55 | INFO | Found latest version of tr87: tr87-cd924810 (downloaded: 2026-06-08 07:25:23.848054+00:00)
2026-08-01 12:58:55 | INFO | Found latest version of tr87: tr87-cd924810 (downloaded: 2026-06-08 07:25:23.848054+00:00)
2026-08-01 12:58:55 | INFO | Found latest version of tr87: tr87-cd924810 (downloaded: 2026-06-08 07:25:23.848054+00:00)
2026-08-01 12:58:55 | INFO | Found latest version of tr87: tr87-cd924810 (downloaded: 2026-06-08 07:25:23.848054+00:00)
2026-08-01 12:58:55 | INFO | Found latest version of tr87: tr87-cd924810 (downloaded: 2026-06-08 07:25:23.848054+00:00)
2026-08-01 12:58:55 | INFO | Found latest version of tr87: tr87-cd924810 (downloaded: 2026-06-08 07:25:23.848054+00:00)
2026-08-01 12:58:55 | INFO | Found latest version of tr87: tr87-cd924810 (downloaded: 2026-06-08 07:25:23.848054+00:00)
2026-08-01 12:58:55 | INFO | Found latest version of tr87: tr87-cd924810 (downloaded: 2026-06-08 07:25:23.848054+00:00)
2026-08-01 12:58:55 | INFO | Found latest version of tr87: tr87-cd924810 (downloaded: 2026-06-08 07:25:23.848054+00:00)
2026-08-01 12:58:55 | INFO | Found latest version of tr87: tr87-cd924810 (downloaded: 2026-06-08 07:25:23.848054+00:00)
2026-08-01 12:58:55 | INFO | Found latest version of tr87: tr87-cd924810 (downloaded: 2026-06-08 07:25:23.848054+00:00)
2026-08-01 12:58:55 | INFO | Found latest version of tr87: tr87-cd924810 (downloaded: 2026-06-08 07:25:23.848054+00:00)
2026-08-01 12:58:55 | INFO | Found latest version of tr87: tr87-cd924810 (downloaded: 2026-06-08 07:25:23.848054+00:00)
2026-08-01 12:58:55 | INFO | Found latest version of tr87: tr87-cd924810 (downloaded: 2026-06-08 07:25:23.848054+00:00)
2026-08-01 12:58:55 | INFO | Found latest version of tr87: tr87-cd924810 (downloaded: 2026-06-08 07:25:23.848054+00:00)
2026-08-01 12:58:55 | INFO | Found latest version of tr87: tr87-cd924810 (downloaded: 2026-06-08 07:25:23.848054+00:00)
2026-08-01 12:58:55 | INFO | Found latest version of tr87: tr87-cd924810 (downloaded: 2026-06-08 07:25:23.848054+00:00)
2026-08-01 12:58:55 | INFO | Found latest version of tr87: tr87-cd924810 (downloaded: 2026-06-08 07:25:23.848054+00:00)
2026-08-01 12:58:55 | INFO | Found latest version of tr87: tr87-cd924810 (downloaded: 2026-06-08 07:25:23.848054+00:00)
2026-08-01 12:58:55 | INFO | Found latest version of tr87: tr87-cd924810 (downloaded: 2026-06-08 07:25:23.848054+00:00)
2026-08-01 12:58:55 | INFO | Found latest version of tr87: tr87-cd924810 (downloaded: 2026-06-08 07:25:23.848054+00:00)
2026-08-01 12:58:55 | INFO | Found latest version of tr87: tr87-cd924810 (downloaded: 2026-06-08 07:25:23.848054+00:00)
2026-08-01 12:58:55 | INFO | Found latest version of tr87: tr87-cd924810 (downloaded: 2026-06-08 07:25:23.848054+00:00)
2026-08-01 12:58:55 | INFO | Found latest version of tr87: tr87-cd924810 (downloaded: 2026-06-08 07:25:23.848054+00:00)
2026-08-01 12:58:55 | INFO | Found latest version of tr87: tr87-cd924810 (downloaded: 2026-06-08 07:25:23.848054+00:00)
2026-08-01 12:58:55 | INFO | Found latest version of tr87: tr87-cd924810 (downloaded: 2026-06-08 07:25:23.848054+00:00)
2026-08-01 12:58:55 | INFO | Found latest version of tr87: tr87-cd924810 (downloaded: 2026-06-08 07:25:23.848054+00:00)
2026-08-01 12:58:55 | INFO | Found latest version of tr87: tr87-cd924810 (downloaded: 2026-06-08 07:25:23.848054+00:00)
2026-08-01 12:58:55 | INFO | Found latest version of tr87: tr87-cd924810 (downloaded: 2026-06-08 07:25:23.848054+00:00)
2026-08-01 12:58:55 | INFO | Found latest version of tr87: tr87-cd924810 (downloaded: 2026-06-08 07:25:23.848054+00:00)
2026-08-01 12:58:55 | INFO | Found latest version of tr87: tr87-cd924810 (downloaded: 2026-06-08 07:25:23.848054+00:00)
2026-08-01 12:58:55 | INFO | Found latest version of tr87: tr87-cd924810 (downloaded: 2026-06-08 07:25:23.848054+00:00)
2026-08-01 12:58:55 | INFO | Found latest version of tr87: tr87-cd924810 (downloaded: 2026-06-08 07:25:23.848054+00:00)
2026-08-01 12:58:55 | INFO | Found latest version of tr87: tr87-cd924810 (downloaded: 2026-06-08 07:25:23.848054+00:00)
2026-08-01 12:58:55 | INFO | Found latest version of tr87: tr87-cd924810 (downloaded: 2026-06-08 07:25:23.848054+00:00)
2026-08-01 12:58:55 | INFO | Found latest version of tr87: tr87-cd924810 (downloaded: 2026-06-08 07:25:23.848054+00:00)
2026-08-01 12:58:55 | INFO | Found latest version of tr87: tr87-cd924810 (downloaded: 2026-06-08 07:25:23.848054+00:00)
2026-08-01 12:58:55 | INFO | Found latest version of tr87: tr87-cd924810 (downloaded: 2026-06-08 07:25:23.848054+00:00)
2026-08-01 12:58:55 | INFO | Found latest version of tr87: tr87-cd924810 (downloaded: 2026-06-08 07:25:23.848054+00:00)
2026-08-01 12:58:55 | INFO | Found latest version of tr87: tr87-cd924810 (downloaded: 2026-06-08 07:25:23.848054+00:00)
2026-08-01 12:58:55 | INFO | Found latest version of tr87: tr87-cd924810 (downloaded: 2026-06-08 07:25:23.848054+00:00)
2026-08-01 12:58:55 | INFO | Found latest version of tr87: tr87-cd924810 (downloaded: 2026-06-08 07:25:23.848054+00:00)
2026-08-01 12:58:55 | INFO | Found latest version of tr87: tr87-cd924810 (downloaded: 2026-06-08 07:25:23.848054+00:00)
2026-08-01 12:58:55 | INFO | Found latest version of tr87: tr87-cd924810 (downloaded: 2026-06-08 07:25:23.848054+00:00)
2026-08-01 12:58:55 | INFO | Found latest version of tr87: tr87-cd924810 (downloaded: 2026-06-08 07:25:23.848054+00:00)
2026-08-01 12:58:55 | INFO | Found latest version of tr87: tr87-cd924810 (downloaded: 2026-06-08 07:25:23.848054+00:00)
2026-08-01 12:58:55 | INFO | Found latest version of tr87: tr87-cd924810 (downloaded: 2026-06-08 07:25:23.848054+00:00)
2026-08-01 12:58:55 | INFO | Found latest version of tr87: tr87-cd924810 (downloaded: 2026-06-08 07:25:23.848054+00:00)
2026-08-01 12:58:55 | INFO | Found latest version of tr87: tr87-cd924810 (downloaded: 2026-06-08 07:25:23.848054+00:00)
2026-08-01 12:58:55 | INFO | Found latest version of tr87: tr87-cd924810 (downloaded: 2026-06-08 07:25:23.848054+00:00)
2026-08-01 12:58:55 | INFO | Found latest version of tr87: tr87-cd924810 (downloaded: 2026-06-08 07:25:23.848054+00:00)
2026-08-01 12:58:55 | INFO | Found latest version of tr87: tr87-cd924810 (downloaded: 2026-06-08 07:25:23.848054+00:00)
2026-08-01 12:58:57 | INFO | Found latest version of tr87: tr87-cd924810 (downloaded: 2026-06-08 07:25:23.848054+00:00)
2026-08-01 12:58:57 | INFO | Found latest version of tr87: tr87-cd924810 (downloaded: 2026-06-08 07:25:23.848054+00:00)
2026-08-01 12:58:57 | INFO | Found latest version of tr87: tr87-cd924810 (downloaded: 2026-06-08 07:25:23.848054+00:00)
2026-08-01 12:58:57 | INFO | Found latest version of tr87: tr87-cd924810 (downloaded: 2026-06-08 07:25:23.848054+00:00)
2026-08-01 12:58:57 | INFO | Found latest version of tr87: tr87-cd924810 (downloaded: 2026-06-08 07:25:23.848054+00:00)
2026-08-01 12:58:57 | INFO | Found latest version of tr87: tr87-cd924810 (downloaded: 2026-06-08 07:25:23.848054+00:00)
2026-08-01 12:58:57 | INFO | Found latest version of tr87: tr87-cd924810 (downloaded: 2026-06-08 07:25:23.848054+00:00)
2026-08-01 12:58:57 | INFO | Found latest version of tr87: tr87-cd924810 (downloaded: 2026-06-08 07:25:23.848054+00:00)
2026-08-01 12:58:57 | INFO | Found latest version of tr87: tr87-cd924810 (downloaded: 2026-06-08 07:25:23.848054+00:00)
2026-08-01 12:58:57 | INFO | Found latest version of tr87: tr87-cd924810 (downloaded: 2026-06-08 07:25:23.848054+00:00)
2026-08-01 12:58:57 | INFO | Found latest version of tr87: tr87-cd924810 (downloaded: 2026-06-08 07:25:23.848054+00:00)
2026-08-01 12:58:57 | INFO | Found latest version of tr87: tr87-cd924810 (downloaded: 2026-06-08 07:25:23.848054+00:00)
2026-08-01 12:58:57 | INFO | Found latest version of tr87: tr87-cd924810 (downloaded: 2026-06-08 07:25:23.848054+00:00)
2026-08-01 12:58:57 | INFO | Found latest version of tr87: tr87-cd924810 (downloaded: 2026-06-08 07:25:23.848054+00:00)
2026-08-01 12:58:57 | INFO | Found latest version of tr87: tr87-cd924810 (downloaded: 2026-06-08 07:25:23.848054+00:00)
2026-08-01 12:58:57 | INFO | Found latest version of tr87: tr87-cd924810 (downloaded: 2026-06-08 07:25:23.848054+00:00)
2026-08-01 12:58:57 | INFO | Found latest version of tr87: tr87-cd924810 (downloaded: 2026-06-08 07:25:23.848054+00:00)
2026-08-01 12:58:57 | INFO | Found latest version of tr87: tr87-cd924810 (downloaded: 2026-06-08 07:25:23.848054+00:00)
2026-08-01 12:58:57 | INFO | Found latest version of tr87: tr87-cd924810 (downloaded: 2026-06-08 07:25:23.848054+00:00)
2026-08-01 12:58:57 | INFO | Found latest version of tr87: tr87-cd924810 (downloaded: 2026-06-08 07:25:23.848054+00:00)
2026-08-01 12:58:57 | INFO | Found latest version of tr87: tr87-cd924810 (downloaded: 2026-06-08 07:25:23.848054+00:00)
2026-08-01 12:58:57 | INFO | Found latest version of tr87: tr87-cd924810 (downloaded: 2026-06-08 07:25:23.848054+00:00)
2026-08-01 12:58:57 | INFO | Found latest version of tr87: tr87-cd924810 (downloaded: 2026-06-08 07:25:23.848054+00:00)
2026-08-01 12:58:57 | INFO | Found latest version of tr87: tr87-cd924810 (downloaded: 2026-06-08 07:25:23.848054+00:00)
2026-08-01 12:58:57 | INFO | Found latest version of tr87: tr87-cd924810 (downloaded: 2026-06-08 07:25:23.848054+00:00)
2026-08-01 12:58:57 | INFO | Found latest version of tr87: tr87-cd924810 (downloaded: 2026-06-08 07:25:23.848054+00:00)
2026-08-01 12:58:57 | INFO | Found latest version of tr87: tr87-cd924810 (downloaded: 2026-06-08 07:25:23.848054+00:00)
2026-08-01 12:58:57 | INFO | Found latest version of tr87: tr87-cd924810 (downloaded: 2026-06-08 07:25:23.848054+00:00)
2026-08-01 12:58:57 | INFO | Found latest version of tr87: tr87-cd924810 (downloaded: 2026-06-08 07:25:23.848054+00:00)
2026-08-01 12:58:57 | INFO | Found latest version of tr87: tr87-cd924810 (downloaded: 2026-06-08 07:25:23.848054+00:00)
2026-08-01 12:58:57 | INFO | Found latest version of tr87: tr87-cd924810 (downloaded: 2026-06-08 07:25:23.848054+00:00)
2026-08-01 12:58:57 | INFO | Found latest version of tr87: tr87-cd924810 (downloaded: 2026-06-08 07:25:23.848054+00:00)
2026-08-01 12:58:57 | INFO | Found latest version of tr87: tr87-cd924810 (downloaded: 2026-06-08 07:25:23.848054+00:00)
2026-08-01 12:58:57 | INFO | Found latest version of tr87: tr87-cd924810 (downloaded: 2026-06-08 07:25:23.848054+00:00)
2026-08-01 12:58:57 | INFO | Found latest version of tr87: tr87-cd924810 (downloaded: 2026-06-08 07:25:23.848054+00:00)
2026-08-01 12:58:57 | INFO | Found latest version of tr87: tr87-cd924810 (downloaded: 2026-06-08 07:25:23.848054+00:00)
2026-08-01 12:58:57 | INFO | Found latest version of tr87: tr87-cd924810 (downloaded: 2026-06-08 07:25:23.848054+00:00)
2026-08-01 12:58:57 | INFO | Found latest version of tr87: tr87-cd924810 (downloaded: 2026-06-08 07:25:23.848054+00:00)
2026-08-01 12:58:57 | INFO | Found latest version of tr87: tr87-cd924810 (downloaded: 2026-06-08 07:25:23.848054+00:00)
2026-08-01 12:58:57 | INFO | Found latest version of tr87: tr87-cd924810 (downloaded: 2026-06-08 07:25:23.848054+00:00)
2026-08-01 12:58:57 | INFO | Found latest version of tr87: tr87-cd924810 (downloaded: 2026-06-08 07:25:23.848054+00:00)
2026-08-01 12:58:57 | INFO | Found latest version of tr87: tr87-cd924810 (downloaded: 2026-06-08 07:25:23.848054+00:00)
2026-08-01 12:58:57 | INFO | Found latest version of tr87: tr87-cd924810 (downloaded: 2026-06-08 07:25:23.848054+00:00)
2026-08-01 12:58:57 | INFO | Found latest version of tr87: tr87-cd924810 (downloaded: 2026-06-08 07:25:23.848054+00:00)
2026-08-01 12:58:57 | INFO | Found latest version of tr87: tr87-cd924810 (downloaded: 2026-06-08 07:25:23.848054+00:00)
2026-08-01 12:58:57 | INFO | Found latest version of tr87: tr87-cd924810 (downloaded: 2026-06-08 07:25:23.848054+00:00)
2026-08-01 12:58:57 | INFO | Found latest version of tr87: tr87-cd924810 (downloaded: 2026-06-08 07:25:23.848054+00:00)
2026-08-01 12:58:57 | INFO | Found latest version of tr87: tr87-cd924810 (downloaded: 2026-06-08 07:25:23.848054+00:00)
2026-08-01 12:58:57 | INFO | Found latest version of tr87: tr87-cd924810 (downloaded: 2026-06-08 07:25:23.848054+00:00)
2026-08-01 12:58:57 | INFO | Found latest version of tr87: tr87-cd924810 (downloaded: 2026-06-08 07:25:23.848054+00:00)
2026-08-01 12:58:57 | INFO | Found latest version of tr87: tr87-cd924810 (downloaded: 2026-06-08 07:25:23.848054+00:00)
2026-08-01 12:58:57 | INFO | Found latest version of tr87: tr87-cd924810 (downloaded: 2026-06-08 07:25:23.848054+00:00)
2026-08-01 12:58:57 | INFO | Found latest version of tr87: tr87-cd924810 (downloaded: 2026-06-08 07:25:23.848054+00:00)
2026-08-01 12:58:57 | INFO | Found latest version of tr87: tr87-cd924810 (downloaded: 2026-06-08 07:25:23.848054+00:00)
2026-08-01 12:58:57 | INFO | Found latest version of tr87: tr87-cd924810 (downloaded: 2026-06-08 07:25:23.848054+00:00)
2026-08-01 12:58:57 | INFO | Found latest version of tr87: tr87-cd924810 (downloaded: 2026-06-08 07:25:23.848054+00:00)
2026-08-01 12:58:57 | INFO | Found latest version of tr87: tr87-cd924810 (downloaded: 2026-06-08 07:25:23.848054+00:00)
2026-08-01 12:58:57 | INFO | Found latest version of tr87: tr87-cd924810 (downloaded: 2026-06-08 07:25:23.848054+00:00)
2026-08-01 12:58:57 | INFO | Found latest version of tr87: tr87-cd924810 (downloaded: 2026-06-08 07:25:23.848054+00:00)
2026-08-01 12:58:57 | INFO | Found latest version of tr87: tr87-cd924810 (downloaded: 2026-06-08 07:25:23.848054+00:00)
2026-08-01 12:58:57 | INFO | Found latest version of tr87: tr87-cd924810 (downloaded: 2026-06-08 07:25:23.848054+00:00)
2026-08-01 12:58:57 | INFO | Found latest version of tr87: tr87-cd924810 (downloaded: 2026-06-08 07:25:23.848054+00:00)
2026-08-01 12:58:59 | INFO | Found latest version of tr87: tr87-cd924810 (downloaded: 2026-06-08 07:25:23.848054+00:00)
2026-08-01 12:58:59 | INFO | Found latest version of tr87: tr87-cd924810 (downloaded: 2026-06-08 07:25:23.848054+00:00)
2026-08-01 12:58:59 | INFO | Found latest version of tr87: tr87-cd924810 (downloaded: 2026-06-08 07:25:23.848054+00:00)
2026-08-01 12:58:59 | INFO | Found latest version of tr87: tr87-cd924810 (downloaded: 2026-06-08 07:25:23.848054+00:00)
2026-08-01 12:58:59 | INFO | Found latest version of tr87: tr87-cd924810 (downloaded: 2026-06-08 07:25:23.848054+00:00)
2026-08-01 12:58:59 | INFO | Found latest version of tr87: tr87-cd924810 (downloaded: 2026-06-08 07:25:23.848054+00:00)
2026-08-01 12:58:59 | INFO | Found latest version of tr87: tr87-cd924810 (downloaded: 2026-06-08 07:25:23.848054+00:00)
2026-08-01 12:58:59 | INFO | Found latest version of tr87: tr87-cd924810 (downloaded: 2026-06-08 07:25:23.848054+00:00)
2026-08-01 12:58:59 | INFO | Found latest version of tr87: tr87-cd924810 (downloaded: 2026-06-08 07:25:23.848054+00:00)
2026-08-01 12:58:59 | INFO | Found latest version of tr87: tr87-cd924810 (downloaded: 2026-06-08 07:25:23.848054+00:00)
2026-08-01 12:58:59 | INFO | Found latest version of tr87: tr87-cd924810 (downloaded: 2026-06-08 07:25:23.848054+00:00)
2026-08-01 12:58:59 | INFO | Found latest version of tr87: tr87-cd924810 (downloaded: 2026-06-08 07:25:23.848054+00:00)
2026-08-01 12:58:59 | INFO | Found latest version of tr87: tr87-cd924810 (downloaded: 2026-06-08 07:25:23.848054+00:00)
2026-08-01 12:58:59 | INFO | Found latest version of tr87: tr87-cd924810 (downloaded: 2026-06-08 07:25:23.848054+00:00)
2026-08-01 12:58:59 | INFO | Found latest version of tr87: tr87-cd924810 (downloaded: 2026-06-08 07:25:23.848054+00:00)
2026-08-01 12:58:59 | INFO | Found latest version of tr87: tr87-cd924810 (downloaded: 2026-06-08 07:25:23.848054+00:00)
2026-08-01 12:58:59 | INFO | Found latest version of tr87: tr87-cd924810 (downloaded: 2026-06-08 07:25:23.848054+00:00)
2026-08-01 12:58:59 | INFO | Found latest version of tr87: tr87-cd924810 (downloaded: 2026-06-08 07:25:23.848054+00:00)
2026-08-01 12:58:59 | INFO | Found latest version of tr87: tr87-cd924810 (downloaded: 2026-06-08 07:25:23.848054+00:00)
2026-08-01 12:58:59 | INFO | Found latest version of tr87: tr87-cd924810 (downloaded: 2026-06-08 07:25:23.848054+00:00)
2026-08-01 12:58:59 | INFO | Found latest version of tr87: tr87-cd924810 (downloaded: 2026-06-08 07:25:23.848054+00:00)
2026-08-01 12:58:59 | INFO | Found latest version of tr87: tr87-cd924810 (downloaded: 2026-06-08 07:25:23.848054+00:00)
2026-08-01 12:58:59 | INFO | Found latest version of tr87: tr87-cd924810 (downloaded: 2026-06-08 07:25:23.848054+00:00)
2026-08-01 12:58:59 | INFO | Found latest version of tr87: tr87-cd924810 (downloaded: 2026-06-08 07:25:23.848054+00:00)
2026-08-01 12:58:59 | INFO | Found latest version of tr87: tr87-cd924810 (downloaded: 2026-06-08 07:25:23.848054+00:00)
2026-08-01 12:58:59 | INFO | Found latest version of tr87: tr87-cd924810 (downloaded: 2026-06-08 07:25:23.848054+00:00)
2026-08-01 12:58:59 | INFO | Found latest version of tr87: tr87-cd924810 (downloaded: 2026-06-08 07:25:23.848054+00:00)
2026-08-01 12:58:59 | INFO | Found latest version of tr87: tr87-cd924810 (downloaded: 2026-06-08 07:25:23.848054+00:00)
2026-08-01 12:58:59 | INFO | Found latest version of tr87: tr87-cd924810 (downloaded: 2026-06-08 07:25:23.848054+00:00)
2026-08-01 12:58:59 | INFO | Found latest version of tr87: tr87-cd924810 (downloaded: 2026-06-08 07:25:23.848054+00:00)
2026-08-01 12:58:59 | INFO | Found latest version of tr87: tr87-cd924810 (downloaded: 2026-06-08 07:25:23.848054+00:00)
2026-08-01 12:58:59 | INFO | Found latest version of tr87: tr87-cd924810 (downloaded: 2026-06-08 07:25:23.848054+00:00)
2026-08-01 12:58:59 | INFO | Found latest version of tr87: tr87-cd924810 (downloaded: 2026-06-08 07:25:23.848054+00:00)
2026-08-01 12:58:59 | INFO | Found latest version of tr87: tr87-cd924810 (downloaded: 2026-06-08 07:25:23.848054+00:00)
2026-08-01 12:58:59 | INFO | Found latest version of tr87: tr87-cd924810 (downloaded: 2026-06-08 07:25:23.848054+00:00)
2026-08-01 12:58:59 | INFO | Found latest version of tr87: tr87-cd924810 (downloaded: 2026-06-08 07:25:23.848054+00:00)
2026-08-01 12:58:59 | INFO | Found latest version of tr87: tr87-cd924810 (downloaded: 2026-06-08 07:25:23.848054+00:00)
2026-08-01 12:58:59 | INFO | Found latest version of tr87: tr87-cd924810 (downloaded: 2026-06-08 07:25:23.848054+00:00)
2026-08-01 12:58:59 | INFO | Found latest version of tr87: tr87-cd924810 (downloaded: 2026-06-08 07:25:23.848054+00:00)
2026-08-01 12:58:59 | INFO | Found latest version of tr87: tr87-cd924810 (downloaded: 2026-06-08 07:25:23.848054+00:00)
2026-08-01 12:58:59 | INFO | Found latest version of tr87: tr87-cd924810 (downloaded: 2026-06-08 07:25:23.848054+00:00)
2026-08-01 12:58:59 | INFO | Found latest version of tr87: tr87-cd924810 (downloaded: 2026-06-08 07:25:23.848054+00:00)
2026-08-01 12:58:59 | INFO | Found latest version of tr87: tr87-cd924810 (downloaded: 2026-06-08 07:25:23.848054+00:00)
2026-08-01 12:58:59 | INFO | Found latest version of tr87: tr87-cd924810 (downloaded: 2026-06-08 07:25:23.848054+00:00)
2026-08-01 12:58:59 | INFO | Found latest version of tr87: tr87-cd924810 (downloaded: 2026-06-08 07:25:23.848054+00:00)
2026-08-01 12:58:59 | INFO | Found latest version of tr87: tr87-cd924810 (downloaded: 2026-06-08 07:25:23.848054+00:00)
2026-08-01 12:58:59 | INFO | Found latest version of tr87: tr87-cd924810 (downloaded: 2026-06-08 07:25:23.848054+00:00)
2026-08-01 12:58:59 | INFO | Found latest version of tr87: tr87-cd924810 (downloaded: 2026-06-08 07:25:23.848054+00:00)
2026-08-01 12:58:59 | INFO | Found latest version of tr87: tr87-cd924810 (downloaded: 2026-06-08 07:25:23.848054+00:00)
2026-08-01 12:58:59 | INFO | Found latest version of tr87: tr87-cd924810 (downloaded: 2026-06-08 07:25:23.848054+00:00)
2026-08-01 12:58:59 | INFO | Found latest version of tr87: tr87-cd924810 (downloaded: 2026-06-08 07:25:23.848054+00:00)
2026-08-01 12:58:59 | INFO | Found latest version of tr87: tr87-cd924810 (downloaded: 2026-06-08 07:25:23.848054+00:00)
2026-08-01 12:58:59 | INFO | Found latest version of tr87: tr87-cd924810 (downloaded: 2026-06-08 07:25:23.848054+00:00)
2026-08-01 12:58:59 | INFO | Found latest version of tr87: tr87-cd924810 (downloaded: 2026-06-08 07:25:23.848054+00:00)
2026-08-01 12:58:59 | INFO | Found latest version of tr87: tr87-cd924810 (downloaded: 2026-06-08 07:25:23.848054+00:00)
2026-08-01 12:58:59 | INFO | Found latest version of tr87: tr87-cd924810 (downloaded: 2026-06-08 07:25:23.848054+00:00)
2026-08-01 12:58:59 | INFO | Found latest version of tr87: tr87-cd924810 (downloaded: 2026-06-08 07:25:23.848054+00:00)
2026-08-01 12:58:59 | INFO | Found latest version of tr87: tr87-cd924810 (downloaded: 2026-06-08 07:25:23.848054+00:00)
2026-08-01 12:58:59 | INFO | Found latest version of tr87: tr87-cd924810 (downloaded: 2026-06-08 07:25:23.848054+00:00)
2026-08-01 12:58:59 | INFO | Found latest version of tr87: tr87-cd924810 (downloaded: 2026-06-08 07:25:23.848054+00:00)
2026-08-01 12:58:59 | INFO | Found latest version of tr87: tr87-cd924810 (downloaded: 2026-06-08 07:25:23.848054+00:00)
2026-08-01 12:58:59 | INFO | Found latest version of tr87: tr87-cd924810 (downloaded: 2026-06-08 07:25:23.848054+00:00)
2026-08-01 12:58:59 | INFO | Found latest version of tr87: tr87-cd924810 (downloaded: 2026-06-08 07:25:23.848054+00:00)
2026-08-01 12:59:01 | INFO | Found latest version of tr87: tr87-cd924810 (downloaded: 2026-06-08 07:25:23.848054+00:00)
2026-08-01 12:59:01 | INFO | Found latest version of tr87: tr87-cd924810 (downloaded: 2026-06-08 07:25:23.848054+00:00)
2026-08-01 12:59:01 | INFO | Found latest version of tr87: tr87-cd924810 (downloaded: 2026-06-08 07:25:23.848054+00:00)
2026-08-01 12:59:01 | INFO | Found latest version of tr87: tr87-cd924810 (downloaded: 2026-06-08 07:25:23.848054+00:00)
2026-08-01 12:59:01 | INFO | Found latest version of tr87: tr87-cd924810 (downloaded: 2026-06-08 07:25:23.848054+00:00)
2026-08-01 12:59:01 | INFO | Found latest version of tr87: tr87-cd924810 (downloaded: 2026-06-08 07:25:23.848054+00:00)
2026-08-01 12:59:01 | INFO | Found latest version of tr87: tr87-cd924810 (downloaded: 2026-06-08 07:25:23.848054+00:00)
2026-08-01 12:59:01 | INFO | Found latest version of tr87: tr87-cd924810 (downloaded: 2026-06-08 07:25:23.848054+00:00)
2026-08-01 12:59:01 | INFO | Found latest version of tr87: tr87-cd924810 (downloaded: 2026-06-08 07:25:23.848054+00:00)
2026-08-01 12:59:01 | INFO | Found latest version of tr87: tr87-cd924810 (downloaded: 2026-06-08 07:25:23.848054+00:00)
2026-08-01 12:59:01 | INFO | Found latest version of tr87: tr87-cd924810 (downloaded: 2026-06-08 07:25:23.848054+00:00)
2026-08-01 12:59:01 | INFO | Found latest version of tr87: tr87-cd924810 (downloaded: 2026-06-08 07:25:23.848054+00:00)
2026-08-01 12:59:01 | INFO | Found latest version of tr87: tr87-cd924810 (downloaded: 2026-06-08 07:25:23.848054+00:00)
2026-08-01 12:59:01 | INFO | Found latest version of tr87: tr87-cd924810 (downloaded: 2026-06-08 07:25:23.848054+00:00)
2026-08-01 12:59:01 | INFO | Found latest version of tr87: tr87-cd924810 (downloaded: 2026-06-08 07:25:23.848054+00:00)
2026-08-01 12:59:01 | INFO | Found latest version of tr87: tr87-cd924810 (downloaded: 2026-06-08 07:25:23.848054+00:00)
2026-08-01 12:59:01 | INFO | Found latest version of tr87: tr87-cd924810 (downloaded: 2026-06-08 07:25:23.848054+00:00)
2026-08-01 12:59:01 | INFO | Found latest version of tr87: tr87-cd924810 (downloaded: 2026-06-08 07:25:23.848054+00:00)
2026-08-01 12:59:01 | INFO | Found latest version of tr87: tr87-cd924810 (downloaded: 2026-06-08 07:25:23.848054+00:00)
2026-08-01 12:59:01 | INFO | Found latest version of tr87: tr87-cd924810 (downloaded: 2026-06-08 07:25:23.848054+00:00)
2026-08-01 12:59:01 | INFO | Found latest version of tr87: tr87-cd924810 (downloaded: 2026-06-08 07:25:23.848054+00:00)
2026-08-01 12:59:01 | INFO | Found latest version of tr87: tr87-cd924810 (downloaded: 2026-06-08 07:25:23.848054+00:00)
2026-08-01 12:59:01 | INFO | Found latest version of tr87: tr87-cd924810 (downloaded: 2026-06-08 07:25:23.848054+00:00)
2026-08-01 12:59:01 | INFO | Found latest version of tr87: tr87-cd924810 (downloaded: 2026-06-08 07:25:23.848054+00:00)
2026-08-01 12:59:01 | INFO | Found latest version of tr87: tr87-cd924810 (downloaded: 2026-06-08 07:25:23.848054+00:00)
2026-08-01 12:59:01 | INFO | Found latest version of tr87: tr87-cd924810 (downloaded: 2026-06-08 07:25:23.848054+00:00)
2026-08-01 12:59:01 | INFO | Found latest version of tr87: tr87-cd924810 (downloaded: 2026-06-08 07:25:23.848054+00:00)
2026-08-01 12:59:01 | INFO | Found latest version of tr87: tr87-cd924810 (downloaded: 2026-06-08 07:25:23.848054+00:00)
2026-08-01 12:59:01 | INFO | Found latest version of tr87: tr87-cd924810 (downloaded: 2026-06-08 07:25:23.848054+00:00)
2026-08-01 12:59:01 | INFO | Found latest version of tr87: tr87-cd924810 (downloaded: 2026-06-08 07:25:23.848054+00:00)
2026-08-01 12:59:01 | INFO | Found latest version of tr87: tr87-cd924810 (downloaded: 2026-06-08 07:25:23.848054+00:00)
2026-08-01 12:59:01 | INFO | Found latest version of tr87: tr87-cd924810 (downloaded: 2026-06-08 07:25:23.848054+00:00)
2026-08-01 12:59:01 | INFO | Found latest version of tr87: tr87-cd924810 (downloaded: 2026-06-08 07:25:23.848054+00:00)
2026-08-01 12:59:01 | INFO | Found latest version of tr87: tr87-cd924810 (downloaded: 2026-06-08 07:25:23.848054+00:00)
2026-08-01 12:59:01 | INFO | Found latest version of tr87: tr87-cd924810 (downloaded: 2026-06-08 07:25:23.848054+00:00)
2026-08-01 12:59:01 | INFO | Found latest version of tr87: tr87-cd924810 (downloaded: 2026-06-08 07:25:23.848054+00:00)
2026-08-01 12:59:01 | INFO | Found latest version of tr87: tr87-cd924810 (downloaded: 2026-06-08 07:25:23.848054+00:00)
2026-08-01 12:59:01 | INFO | Found latest version of tr87: tr87-cd924810 (downloaded: 2026-06-08 07:25:23.848054+00:00)
2026-08-01 12:59:01 | INFO | Found latest version of tr87: tr87-cd924810 (downloaded: 2026-06-08 07:25:23.848054+00:00)
2026-08-01 12:59:01 | INFO | Found latest version of tr87: tr87-cd924810 (downloaded: 2026-06-08 07:25:23.848054+00:00)
2026-08-01 12:59:01 | INFO | Found latest version of tr87: tr87-cd924810 (downloaded: 2026-06-08 07:25:23.848054+00:00)
2026-08-01 12:59:01 | INFO | Found latest version of tr87: tr87-cd924810 (downloaded: 2026-06-08 07:25:23.848054+00:00)
2026-08-01 12:59:01 | INFO | Found latest version of tr87: tr87-cd924810 (downloaded: 2026-06-08 07:25:23.848054+00:00)
2026-08-01 12:59:01 | INFO | Found latest version of tr87: tr87-cd924810 (downloaded: 2026-06-08 07:25:23.848054+00:00)
2026-08-01 12:59:01 | INFO | Found latest version of tr87: tr87-cd924810 (downloaded: 2026-06-08 07:25:23.848054+00:00)
2026-08-01 12:59:01 | INFO | Found latest version of tr87: tr87-cd924810 (downloaded: 2026-06-08 07:25:23.848054+00:00)
2026-08-01 12:59:01 | INFO | Found latest version of tr87: tr87-cd924810 (downloaded: 2026-06-08 07:25:23.848054+00:00)
2026-08-01 12:59:01 | INFO | Found latest version of tr87: tr87-cd924810 (downloaded: 2026-06-08 07:25:23.848054+00:00)
2026-08-01 12:59:01 | INFO | Found latest version of tr87: tr87-cd924810 (downloaded: 2026-06-08 07:25:23.848054+00:00)
2026-08-01 12:59:01 | INFO | Found latest version of tr87: tr87-cd924810 (downloaded: 2026-06-08 07:25:23.848054+00:00)
2026-08-01 12:59:01 | INFO | Found latest version of tr87: tr87-cd924810 (downloaded: 2026-06-08 07:25:23.848054+00:00)
2026-08-01 12:59:01 | INFO | Found latest version of tr87: tr87-cd924810 (downloaded: 2026-06-08 07:25:23.848054+00:00)
2026-08-01 12:59:01 | INFO | Found latest version of tr87: tr87-cd924810 (downloaded: 2026-06-08 07:25:23.848054+00:00)
2026-08-01 12:59:01 | INFO | Found latest version of tr87: tr87-cd924810 (downloaded: 2026-06-08 07:25:23.848054+00:00)
2026-08-01 12:59:01 | INFO | Found latest version of tr87: tr87-cd924810 (downloaded: 2026-06-08 07:25:23.848054+00:00)
2026-08-01 12:59:01 | INFO | Found latest version of tr87: tr87-cd924810 (downloaded: 2026-06-08 07:25:23.848054+00:00)
2026-08-01 12:59:01 | INFO | Found latest version of tr87: tr87-cd924810 (downloaded: 2026-06-08 07:25:23.848054+00:00)
2026-08-01 12:59:01 | INFO | Found latest version of tr87: tr87-cd924810 (downloaded: 2026-06-08 07:25:23.848054+00:00)
2026-08-01 12:59:01 | INFO | Found latest version of tr87: tr87-cd924810 (downloaded: 2026-06-08 07:25:23.848054+00:00)
2026-08-01 12:59:01 | INFO | Found latest version of tr87: tr87-cd924810 (downloaded: 2026-06-08 07:25:23.848054+00:00)
2026-08-01 12:59:01 | INFO | Found latest version of tr87: tr87-cd924810 (downloaded: 2026-06-08 07:25:23.848054+00:00)
2026-08-01 12:59:01 | INFO | Found latest version of tr87: tr87-cd924810 (downloaded: 2026-06-08 07:25:23.848054+00:00)
2026-08-01 12:59:03 | INFO | Found latest version of tr87: tr87-cd924810 (downloaded: 2026-06-08 07:25:23.848054+00:00)
2026-08-01 12:59:03 | INFO | Found latest version of tr87: tr87-cd924810 (downloaded: 2026-06-08 07:25:23.848054+00:00)
2026-08-01 12:59:03 | INFO | Found latest version of tr87: tr87-cd924810 (downloaded: 2026-06-08 07:25:23.848054+00:00)
2026-08-01 12:59:03 | INFO | Found latest version of tr87: tr87-cd924810 (downloaded: 2026-06-08 07:25:23.848054+00:00)
2026-08-01 12:59:03 | INFO | Found latest version of tr87: tr87-cd924810 (downloaded: 2026-06-08 07:25:23.848054+00:00)
2026-08-01 12:59:03 | INFO | Found latest version of tr87: tr87-cd924810 (downloaded: 2026-06-08 07:25:23.848054+00:00)
2026-08-01 12:59:03 | INFO | Found latest version of tr87: tr87-cd924810 (downloaded: 2026-06-08 07:25:23.848054+00:00)
2026-08-01 12:59:03 | INFO | Found latest version of tr87: tr87-cd924810 (downloaded: 2026-06-08 07:25:23.848054+00:00)
2026-08-01 12:59:03 | INFO | Found latest version of tr87: tr87-cd924810 (downloaded: 2026-06-08 07:25:23.848054+00:00)
2026-08-01 12:59:03 | INFO | Found latest version of tr87: tr87-cd924810 (downloaded: 2026-06-08 07:25:23.848054+00:00)
2026-08-01 12:59:03 | INFO | Found latest version of tr87: tr87-cd924810 (downloaded: 2026-06-08 07:25:23.848054+00:00)
2026-08-01 12:59:03 | INFO | Found latest version of tr87: tr87-cd924810 (downloaded: 2026-06-08 07:25:23.848054+00:00)
2026-08-01 12:59:03 | INFO | Found latest version of tr87: tr87-cd924810 (downloaded: 2026-06-08 07:25:23.848054+00:00)
2026-08-01 12:59:03 | INFO | Found latest version of tr87: tr87-cd924810 (downloaded: 2026-06-08 07:25:23.848054+00:00)
2026-08-01 12:59:03 | INFO | Found latest version of tr87: tr87-cd924810 (downloaded: 2026-06-08 07:25:23.848054+00:00)
2026-08-01 12:59:03 | INFO | Found latest version of tr87: tr87-cd924810 (downloaded: 2026-06-08 07:25:23.848054+00:00)
2026-08-01 12:59:03 | INFO | Found latest version of tr87: tr87-cd924810 (downloaded: 2026-06-08 07:25:23.848054+00:00)
2026-08-01 12:59:03 | INFO | Found latest version of tr87: tr87-cd924810 (downloaded: 2026-06-08 07:25:23.848054+00:00)
2026-08-01 12:59:03 | INFO | Found latest version of tr87: tr87-cd924810 (downloaded: 2026-06-08 07:25:23.848054+00:00)
2026-08-01 12:59:03 | INFO | Found latest version of tr87: tr87-cd924810 (downloaded: 2026-06-08 07:25:23.848054+00:00)
2026-08-01 12:59:03 | INFO | Found latest version of tr87: tr87-cd924810 (downloaded: 2026-06-08 07:25:23.848054+00:00)
2026-08-01 12:59:03 | INFO | Found latest version of tr87: tr87-cd924810 (downloaded: 2026-06-08 07:25:23.848054+00:00)
2026-08-01 12:59:03 | INFO | Found latest version of tr87: tr87-cd924810 (downloaded: 2026-06-08 07:25:23.848054+00:00)
2026-08-01 12:59:03 | INFO | Found latest version of tr87: tr87-cd924810 (downloaded: 2026-06-08 07:25:23.848054+00:00)
2026-08-01 12:59:03 | INFO | Found latest version of tr87: tr87-cd924810 (downloaded: 2026-06-08 07:25:23.848054+00:00)
2026-08-01 12:59:03 | INFO | Found latest version of tr87: tr87-cd924810 (downloaded: 2026-06-08 07:25:23.848054+00:00)
2026-08-01 12:59:03 | INFO | Found latest version of tr87: tr87-cd924810 (downloaded: 2026-06-08 07:25:23.848054+00:00)
2026-08-01 12:59:03 | INFO | Found latest version of tr87: tr87-cd924810 (downloaded: 2026-06-08 07:25:23.848054+00:00)
2026-08-01 12:59:03 | INFO | Found latest version of tr87: tr87-cd924810 (downloaded: 2026-06-08 07:25:23.848054+00:00)
2026-08-01 12:59:03 | INFO | Found latest version of tr87: tr87-cd924810 (downloaded: 2026-06-08 07:25:23.848054+00:00)
2026-08-01 12:59:03 | INFO | Found latest version of tr87: tr87-cd924810 (downloaded: 2026-06-08 07:25:23.848054+00:00)
2026-08-01 12:59:03 | INFO | Found latest version of tr87: tr87-cd924810 (downloaded: 2026-06-08 07:25:23.848054+00:00)
2026-08-01 12:59:03 | INFO | Found latest version of tr87: tr87-cd924810 (downloaded: 2026-06-08 07:25:23.848054+00:00)
2026-08-01 12:59:03 | INFO | Found latest version of tr87: tr87-cd924810 (downloaded: 2026-06-08 07:25:23.848054+00:00)
2026-08-01 12:59:03 | INFO | Found latest version of tr87: tr87-cd924810 (downloaded: 2026-06-08 07:25:23.848054+00:00)
2026-08-01 12:59:03 | INFO | Found latest version of tr87: tr87-cd924810 (downloaded: 2026-06-08 07:25:23.848054+00:00)
2026-08-01 12:59:03 | INFO | Found latest version of tr87: tr87-cd924810 (downloaded: 2026-06-08 07:25:23.848054+00:00)
2026-08-01 12:59:03 | INFO | Found latest version of tr87: tr87-cd924810 (downloaded: 2026-06-08 07:25:23.848054+00:00)
2026-08-01 12:59:03 | INFO | Found latest version of tr87: tr87-cd924810 (downloaded: 2026-06-08 07:25:23.848054+00:00)
2026-08-01 12:59:03 | INFO | Found latest version of tr87: tr87-cd924810 (downloaded: 2026-06-08 07:25:23.848054+00:00)
2026-08-01 12:59:03 | INFO | Found latest version of tr87: tr87-cd924810 (downloaded: 2026-06-08 07:25:23.848054+00:00)
2026-08-01 12:59:03 | INFO | Found latest version of tr87: tr87-cd924810 (downloaded: 2026-06-08 07:25:23.848054+00:00)
2026-08-01 12:59:03 | INFO | Found latest version of tr87: tr87-cd924810 (downloaded: 2026-06-08 07:25:23.848054+00:00)
2026-08-01 12:59:03 | INFO | Found latest version of tr87: tr87-cd924810 (downloaded: 2026-06-08 07:25:23.848054+00:00)
2026-08-01 12:59:03 | INFO | Found latest version of tr87: tr87-cd924810 (downloaded: 2026-06-08 07:25:23.848054+00:00)
2026-08-01 12:59:03 | INFO | Found latest version of tr87: tr87-cd924810 (downloaded: 2026-06-08 07:25:23.848054+00:00)
2026-08-01 12:59:03 | INFO | Found latest version of tr87: tr87-cd924810 (downloaded: 2026-06-08 07:25:23.848054+00:00)
2026-08-01 12:59:03 | INFO | Found latest version of tr87: tr87-cd924810 (downloaded: 2026-06-08 07:25:23.848054+00:00)
2026-08-01 12:59:03 | INFO | Found latest version of tr87: tr87-cd924810 (downloaded: 2026-06-08 07:25:23.848054+00:00)
2026-08-01 12:59:03 | INFO | Found latest version of tr87: tr87-cd924810 (downloaded: 2026-06-08 07:25:23.848054+00:00)
2026-08-01 12:59:03 | INFO | Found latest version of tr87: tr87-cd924810 (downloaded: 2026-06-08 07:25:23.848054+00:00)
2026-08-01 12:59:03 | INFO | Found latest version of tr87: tr87-cd924810 (downloaded: 2026-06-08 07:25:23.848054+00:00)
2026-08-01 12:59:03 | INFO | Found latest version of tr87: tr87-cd924810 (downloaded: 2026-06-08 07:25:23.848054+00:00)
2026-08-01 12:59:03 | INFO | Found latest version of tr87: tr87-cd924810 (downloaded: 2026-06-08 07:25:23.848054+00:00)
2026-08-01 12:59:03 | INFO | Found latest version of tr87: tr87-cd924810 (downloaded: 2026-06-08 07:25:23.848054+00:00)
2026-08-01 12:59:03 | INFO | Found latest version of tr87: tr87-cd924810 (downloaded: 2026-06-08 07:25:23.848054+00:00)
2026-08-01 12:59:03 | INFO | Found latest version of tr87: tr87-cd924810 (downloaded: 2026-06-08 07:25:23.848054+00:00)
2026-08-01 12:59:03 | INFO | Found latest version of tr87: tr87-cd924810 (downloaded: 2026-06-08 07:25:23.848054+00:00)
2026-08-01 12:59:03 | INFO | Found latest version of tr87: tr87-cd924810 (downloaded: 2026-06-08 07:25:23.848054+00:00)
2026-08-01 12:59:03 | INFO | Found latest version of tr87: tr87-cd924810 (downloaded: 2026-06-08 07:25:23.848054+00:00)
2026-08-01 12:59:04 | INFO | Found latest version of tr87: tr87-cd924810 (downloaded: 2026-06-08 07:25:23.848054+00:00)
2026-08-01 12:59:04 | INFO | Found latest version of tr87: tr87-cd924810 (downloaded: 2026-06-08 07:25:23.848054+00:00)
2026-08-01 12:59:04 | INFO | Found latest version of tr87: tr87-cd924810 (downloaded: 2026-06-08 07:25:23.848054+00:00)
2026-08-01 12:59:05 | INFO | Found latest version of tr87: tr87-cd924810 (downloaded: 2026-06-08 07:25:23.848054+00:00)
2026-08-01 12:59:05 | INFO | Found latest version of tr87: tr87-cd924810 (downloaded: 2026-06-08 07:25:23.848054+00:00)
2026-08-01 12:59:05 | INFO | Found latest version of tr87: tr87-cd924810 (downloaded: 2026-06-08 07:25:23.848054+00:00)
2026-08-01 12:59:05 | INFO | Found latest version of tr87: tr87-cd924810 (downloaded: 2026-06-08 07:25:23.848054+00:00)
2026-08-01 12:59:05 | INFO | Found latest version of tr87: tr87-cd924810 (downloaded: 2026-06-08 07:25:23.848054+00:00)
2026-08-01 12:59:05 | INFO | Found latest version of tr87: tr87-cd924810 (downloaded: 2026-06-08 07:25:23.848054+00:00)
2026-08-01 12:59:05 | INFO | Found latest version of tr87: tr87-cd924810 (downloaded: 2026-06-08 07:25:23.848054+00:00)
2026-08-01 12:59:05 | INFO | Found latest version of tr87: tr87-cd924810 (downloaded: 2026-06-08 07:25:23.848054+00:00)
2026-08-01 12:59:05 | INFO | Found latest version of tr87: tr87-cd924810 (downloaded: 2026-06-08 07:25:23.848054+00:00)
2026-08-01 12:59:05 | INFO | Found latest version of tr87: tr87-cd924810 (downloaded: 2026-06-08 07:25:23.848054+00:00)
2026-08-01 12:59:05 | INFO | Found latest version of tr87: tr87-cd924810 (downloaded: 2026-06-08 07:25:23.848054+00:00)
2026-08-01 12:59:05 | INFO | Found latest version of tr87: tr87-cd924810 (downloaded: 2026-06-08 07:25:23.848054+00:00)
2026-08-01 12:59:05 | INFO | Found latest version of tr87: tr87-cd924810 (downloaded: 2026-06-08 07:25:23.848054+00:00)
2026-08-01 12:59:05 | INFO | Found latest version of tr87: tr87-cd924810 (downloaded: 2026-06-08 07:25:23.848054+00:00)
2026-08-01 12:59:05 | INFO | Found latest version of tr87: tr87-cd924810 (downloaded: 2026-06-08 07:25:23.848054+00:00)
2026-08-01 12:59:05 | INFO | Found latest version of tr87: tr87-cd924810 (downloaded: 2026-06-08 07:25:23.848054+00:00)
2026-08-01 12:59:05 | INFO | Found latest version of tr87: tr87-cd924810 (downloaded: 2026-06-08 07:25:23.848054+00:00)
2026-08-01 12:59:05 | INFO | Found latest version of tr87: tr87-cd924810 (downloaded: 2026-06-08 07:25:23.848054+00:00)
2026-08-01 12:59:05 | INFO | Found latest version of tr87: tr87-cd924810 (downloaded: 2026-06-08 07:25:23.848054+00:00)
2026-08-01 12:59:05 | INFO | Found latest version of tr87: tr87-cd924810 (downloaded: 2026-06-08 07:25:23.848054+00:00)
2026-08-01 12:59:05 | INFO | Found latest version of tr87: tr87-cd924810 (downloaded: 2026-06-08 07:25:23.848054+00:00)
2026-08-01 12:59:05 | INFO | Found latest version of tr87: tr87-cd924810 (downloaded: 2026-06-08 07:25:23.848054+00:00)
2026-08-01 12:59:05 | INFO | Found latest version of tr87: tr87-cd924810 (downloaded: 2026-06-08 07:25:23.848054+00:00)
2026-08-01 12:59:05 | INFO | Found latest version of tr87: tr87-cd924810 (downloaded: 2026-06-08 07:25:23.848054+00:00)
2026-08-01 12:59:05 | INFO | Found latest version of tr87: tr87-cd924810 (downloaded: 2026-06-08 07:25:23.848054+00:00)
2026-08-01 12:59:05 | INFO | Found latest version of tr87: tr87-cd924810 (downloaded: 2026-06-08 07:25:23.848054+00:00)
2026-08-01 12:59:05 | INFO | Found latest version of tr87: tr87-cd924810 (downloaded: 2026-06-08 07:25:23.848054+00:00)
2026-08-01 12:59:05 | INFO | Found latest version of tr87: tr87-cd924810 (downloaded: 2026-06-08 07:25:23.848054+00:00)
2026-08-01 12:59:05 | INFO | Found latest version of tr87: tr87-cd924810 (downloaded: 2026-06-08 07:25:23.848054+00:00)
2026-08-01 12:59:05 | INFO | Found latest version of tr87: tr87-cd924810 (downloaded: 2026-06-08 07:25:23.848054+00:00)
2026-08-01 12:59:05 | INFO | Found latest version of tr87: tr87-cd924810 (downloaded: 2026-06-08 07:25:23.848054+00:00)
2026-08-01 12:59:05 | INFO | Found latest version of tr87: tr87-cd924810 (downloaded: 2026-06-08 07:25:23.848054+00:00)
2026-08-01 12:59:05 | INFO | Found latest version of tr87: tr87-cd924810 (downloaded: 2026-06-08 07:25:23.848054+00:00)
2026-08-01 12:59:05 | INFO | Found latest version of tr87: tr87-cd924810 (downloaded: 2026-06-08 07:25:23.848054+00:00)
2026-08-01 12:59:05 | INFO | Found latest version of tr87: tr87-cd924810 (downloaded: 2026-06-08 07:25:23.848054+00:00)
2026-08-01 12:59:05 | INFO | Found latest version of tr87: tr87-cd924810 (downloaded: 2026-06-08 07:25:23.848054+00:00)
2026-08-01 12:59:05 | INFO | Found latest version of tr87: tr87-cd924810 (downloaded: 2026-06-08 07:25:23.848054+00:00)
2026-08-01 12:59:05 | INFO | Found latest version of tr87: tr87-cd924810 (downloaded: 2026-06-08 07:25:23.848054+00:00)
2026-08-01 12:59:05 | INFO | Found latest version of tr87: tr87-cd924810 (downloaded: 2026-06-08 07:25:23.848054+00:00)
2026-08-01 12:59:06 | INFO | Found latest version of tr87: tr87-cd924810 (downloaded: 2026-06-08 07:25:23.848054+00:00)
2026-08-01 12:59:06 | INFO | Found latest version of tr87: tr87-cd924810 (downloaded: 2026-06-08 07:25:23.848054+00:00)
2026-08-01 12:59:06 | INFO | Found latest version of tr87: tr87-cd924810 (downloaded: 2026-06-08 07:25:23.848054+00:00)
2026-08-01 12:59:06 | INFO | Found latest version of tr87: tr87-cd924810 (downloaded: 2026-06-08 07:25:23.848054+00:00)
2026-08-01 12:59:06 | INFO | Found latest version of tr87: tr87-cd924810 (downloaded: 2026-06-08 07:25:23.848054+00:00)
2026-08-01 12:59:06 | INFO | Found latest version of tr87: tr87-cd924810 (downloaded: 2026-06-08 07:25:23.848054+00:00)
2026-08-01 12:59:06 | INFO | Found latest version of tr87: tr87-cd924810 (downloaded: 2026-06-08 07:25:23.848054+00:00)
2026-08-01 12:59:06 | INFO | Found latest version of tr87: tr87-cd924810 (downloaded: 2026-06-08 07:25:23.848054+00:00)
2026-08-01 12:59:06 | INFO | Found latest version of tr87: tr87-cd924810 (downloaded: 2026-06-08 07:25:23.848054+00:00)
2026-08-01 12:59:06 | INFO | Found latest version of tr87: tr87-cd924810 (downloaded: 2026-06-08 07:25:23.848054+00:00)
2026-08-01 12:59:06 | INFO | Found latest version of tr87: tr87-cd924810 (downloaded: 2026-06-08 07:25:23.848054+00:00)
2026-08-01 12:59:06 | INFO | Found latest version of tr87: tr87-cd924810 (downloaded: 2026-06-08 07:25:23.848054+00:00)
2026-08-01 12:59:06 | INFO | Found latest version of tr87: tr87-cd924810 (downloaded: 2026-06-08 07:25:23.848054+00:00)
2026-08-01 12:59:06 | INFO | Found latest version of tr87: tr87-cd924810 (downloaded: 2026-06-08 07:25:23.848054+00:00)
2026-08-01 12:59:06 | INFO | Found latest version of tr87: tr87-cd924810 (downloaded: 2026-06-08 07:25:23.848054+00:00)
2026-08-01 12:59:06 | INFO | Found latest version of tr87: tr87-cd924810 (downloaded: 2026-06-08 07:25:23.848054+00:00)
2026-08-01 12:59:06 | INFO | Found latest version of tr87: tr87-cd924810 (downloaded: 2026-06-08 07:25:23.848054+00:00)
2026-08-01 12:59:06 | INFO | Found latest version of tr87: tr87-cd924810 (downloaded: 2026-06-08 07:25:23.848054+00:00)
2026-08-01 12:59:06 | INFO | Found latest version of tr87: tr87-cd924810 (downloaded: 2026-06-08 07:25:23.848054+00:00)
2026-08-01 12:59:06 | INFO | Found latest version of tr87: tr87-cd924810 (downloaded: 2026-06-08 07:25:23.848054+00:00)
2026-08-01 12:59:06 | INFO | Found latest version of tr87: tr87-cd924810 (downloaded: 2026-06-08 07:25:23.848054+00:00)
2026-08-01 12:59:06 | INFO | Found latest version of tr87: tr87-cd924810 (downloaded: 2026-06-08 07:25:23.848054+00:00)
2026-08-01 12:59:06 | INFO | Found latest version of tr87: tr87-cd924810 (downloaded: 2026-06-08 07:25:23.848054+00:00)
2026-08-01 12:59:07 | INFO | Found latest version of tr87: tr87-cd924810 (downloaded: 2026-06-08 07:25:23.848054+00:00)
2026-08-01 12:59:07 | INFO | Found latest version of tr87: tr87-cd924810 (downloaded: 2026-06-08 07:25:23.848054+00:00)
2026-08-01 12:59:07 | INFO | Found latest version of tr87: tr87-cd924810 (downloaded: 2026-06-08 07:25:23.848054+00:00)
2026-08-01 12:59:07 | INFO | Found latest version of tr87: tr87-cd924810 (downloaded: 2026-06-08 07:25:23.848054+00:00)
2026-08-01 12:59:07 | INFO | Found latest version of tr87: tr87-cd924810 (downloaded: 2026-06-08 07:25:23.848054+00:00)
2026-08-01 12:59:07 | INFO | Found latest version of tr87: tr87-cd924810 (downloaded: 2026-06-08 07:25:23.848054+00:00)
2026-08-01 12:59:07 | INFO | Found latest version of tr87: tr87-cd924810 (downloaded: 2026-06-08 07:25:23.848054+00:00)
2026-08-01 12:59:07 | INFO | Found latest version of tr87: tr87-cd924810 (downloaded: 2026-06-08 07:25:23.848054+00:00)
2026-08-01 12:59:07 | INFO | Found latest version of tr87: tr87-cd924810 (downloaded: 2026-06-08 07:25:23.848054+00:00)
2026-08-01 12:59:07 | INFO | Found latest version of tr87: tr87-cd924810 (downloaded: 2026-06-08 07:25:23.848054+00:00)
2026-08-01 12:59:07 | INFO | Found latest version of tr87: tr87-cd924810 (downloaded: 2026-06-08 07:25:23.848054+00:00)
2026-08-01 12:59:07 | INFO | Found latest version of tr87: tr87-cd924810 (downloaded: 2026-06-08 07:25:23.848054+00:00)
2026-08-01 12:59:07 | INFO | Found latest version of tr87: tr87-cd924810 (downloaded: 2026-06-08 07:25:23.848054+00:00)
2026-08-01 12:59:07 | INFO | Found latest version of tr87: tr87-cd924810 (downloaded: 2026-06-08 07:25:23.848054+00:00)
2026-08-01 12:59:07 | INFO | Found latest version of tr87: tr87-cd924810 (downloaded: 2026-06-08 07:25:23.848054+00:00)
2026-08-01 12:59:07 | INFO | Found latest version of tr87: tr87-cd924810 (downloaded: 2026-06-08 07:25:23.848054+00:00)
2026-08-01 12:59:07 | INFO | Found latest version of tr87: tr87-cd924810 (downloaded: 2026-06-08 07:25:23.848054+00:00)
2026-08-01 12:59:07 | INFO | Found latest version of tr87: tr87-cd924810 (downloaded: 2026-06-08 07:25:23.848054+00:00)
2026-08-01 12:59:07 | INFO | Found latest version of tr87: tr87-cd924810 (downloaded: 2026-06-08 07:25:23.848054+00:00)
2026-08-01 12:59:07 | INFO | Found latest version of tr87: tr87-cd924810 (downloaded: 2026-06-08 07:25:23.848054+00:00)
2026-08-01 12:59:07 | INFO | Found latest version of tr87: tr87-cd924810 (downloaded: 2026-06-08 07:25:23.848054+00:00)
2026-08-01 12:59:07 | INFO | Found latest version of tr87: tr87-cd924810 (downloaded: 2026-06-08 07:25:23.848054+00:00)
2026-08-01 12:59:07 | INFO | Found latest version of tr87: tr87-cd924810 (downloaded: 2026-06-08 07:25:23.848054+00:00)
2026-08-01 12:59:07 | INFO | Found latest version of tr87: tr87-cd924810 (downloaded: 2026-06-08 07:25:23.848054+00:00)
2026-08-01 12:59:07 | INFO | Found latest version of tr87: tr87-cd924810 (downloaded: 2026-06-08 07:25:23.848054+00:00)
2026-08-01 12:59:07 | INFO | Found latest version of tr87: tr87-cd924810 (downloaded: 2026-06-08 07:25:23.848054+00:00)
2026-08-01 12:59:07 | INFO | Found latest version of tr87: tr87-cd924810 (downloaded: 2026-06-08 07:25:23.848054+00:00)
2026-08-01 12:59:07 | INFO | Found latest version of tr87: tr87-cd924810 (downloaded: 2026-06-08 07:25:23.848054+00:00)
2026-08-01 12:59:07 | INFO | Found latest version of tr87: tr87-cd924810 (downloaded: 2026-06-08 07:25:23.848054+00:00)
2026-08-01 12:59:08 | INFO | Found latest version of tr87: tr87-cd924810 (downloaded: 2026-06-08 07:25:23.848054+00:00)
2026-08-01 12:59:08 | INFO | Found latest version of tr87: tr87-cd924810 (downloaded: 2026-06-08 07:25:23.848054+00:00)
2026-08-01 12:59:08 | INFO | Found latest version of tr87: tr87-cd924810 (downloaded: 2026-06-08 07:25:23.848054+00:00)
2026-08-01 12:59:08 | INFO | Found latest version of tr87: tr87-cd924810 (downloaded: 2026-06-08 07:25:23.848054+00:00)
2026-08-01 12:59:08 | INFO | Found latest version of tr87: tr87-cd924810 (downloaded: 2026-06-08 07:25:23.848054+00:00)
2026-08-01 12:59:08 | INFO | Found latest version of tr87: tr87-cd924810 (downloaded: 2026-06-08 07:25:23.848054+00:00)
2026-08-01 12:59:08 | INFO | Found latest version of tr87: tr87-cd924810 (downloaded: 2026-06-08 07:25:23.848054+00:00)
2026-08-01 12:59:08 | INFO | Found latest version of tr87: tr87-cd924810 (downloaded: 2026-06-08 07:25:23.848054+00:00)
2026-08-01 12:59:08 | INFO | Found latest version of tr87: tr87-cd924810 (downloaded: 2026-06-08 07:25:23.848054+00:00)
2026-08-01 12:59:08 | INFO | Found latest version of tr87: tr87-cd924810 (downloaded: 2026-06-08 07:25:23.848054+00:00)
2026-08-01 12:59:08 | INFO | Found latest version of tr87: tr87-cd924810 (downloaded: 2026-06-08 07:25:23.848054+00:00)
2026-08-01 12:59:08 | INFO | Found latest version of tr87: tr87-cd924810 (downloaded: 2026-06-08 07:25:23.848054+00:00)
2026-08-01 12:59:08 | INFO | Found latest version of tr87: tr87-cd924810 (downloaded: 2026-06-08 07:25:23.848054+00:00)
2026-08-01 12:59:08 | INFO | Found latest version of tr87: tr87-cd924810 (downloaded: 2026-06-08 07:25:23.848054+00:00)
2026-08-01 12:59:08 | INFO | Found latest version of tr87: tr87-cd924810 (downloaded: 2026-06-08 07:25:23.848054+00:00)
2026-08-01 12:59:08 | INFO | Found latest version of tr87: tr87-cd924810 (downloaded: 2026-06-08 07:25:23.848054+00:00)
2026-08-01 12:59:08 | INFO | Found latest version of tr87: tr87-cd924810 (downloaded: 2026-06-08 07:25:23.848054+00:00)
2026-08-01 12:59:08 | INFO | Found latest version of tr87: tr87-cd924810 (downloaded: 2026-06-08 07:25:23.848054+00:00)
2026-08-01 12:59:08 | INFO | Found latest version of tr87: tr87-cd924810 (downloaded: 2026-06-08 07:25:23.848054+00:00)
2026-08-01 12:59:08 | INFO | Found latest version of tr87: tr87-cd924810 (downloaded: 2026-06-08 07:25:23.848054+00:00)
2026-08-01 12:59:08 | INFO | Found latest version of tr87: tr87-cd924810 (downloaded: 2026-06-08 07:25:23.848054+00:00)
2026-08-01 12:59:08 | INFO | Found latest version of tr87: tr87-cd924810 (downloaded: 2026-06-08 07:25:23.848054+00:00)
2026-08-01 12:59:08 | INFO | Found latest version of tr87: tr87-cd924810 (downloaded: 2026-06-08 07:25:23.848054+00:00)
2026-08-01 12:59:08 | INFO | Found latest version of tr87: tr87-cd924810 (downloaded: 2026-06-08 07:25:23.848054+00:00)
2026-08-01 12:59:08 | INFO | Found latest version of tr87: tr87-cd924810 (downloaded: 2026-06-08 07:25:23.848054+00:00)
2026-08-01 12:59:08 | INFO | Found latest version of tr87: tr87-cd924810 (downloaded: 2026-06-08 07:25:23.848054+00:00)
2026-08-01 12:59:08 | INFO | Found latest version of tr87: tr87-cd924810 (downloaded: 2026-06-08 07:25:23.848054+00:00)
2026-08-01 12:59:08 | INFO | Found latest version of tr87: tr87-cd924810 (downloaded: 2026-06-08 07:25:23.848054+00:00)
2026-08-01 12:59:08 | INFO | Found latest version of tr87: tr87-cd924810 (downloaded: 2026-06-08 07:25:23.848054+00:00)
2026-08-01 12:59:08 | INFO | Found latest version of tr87: tr87-cd924810 (downloaded: 2026-06-08 07:25:23.848054+00:00)
2026-08-01 12:59:08 | INFO | Found latest version of tr87: tr87-cd924810 (downloaded: 2026-06-08 07:25:23.848054+00:00)
2026-08-01 12:59:08 | INFO | Found latest version of tr87: tr87-cd924810 (downloaded: 2026-06-08 07:25:23.848054+00:00)
2026-08-01 12:59:08 | INFO | Found latest version of tr87: tr87-cd924810 (downloaded: 2026-06-08 07:25:23.848054+00:00)
2026-08-01 12:59:08 | INFO | Found latest version of tr87: tr87-cd924810 (downloaded: 2026-06-08 07:25:23.848054+00:00)
2026-08-01 12:59:10 | INFO | Found latest version of tr87: tr87-cd924810 (downloaded: 2026-06-08 07:25:23.848054+00:00)
2026-08-01 12:59:10 | INFO | Found latest version of tr87: tr87-cd924810 (downloaded: 2026-06-08 07:25:23.848054+00:00)
2026-08-01 12:59:10 | INFO | Found latest version of tr87: tr87-cd924810 (downloaded: 2026-06-08 07:25:23.848054+00:00)
2026-08-01 12:59:10 | INFO | Found latest version of tr87: tr87-cd924810 (downloaded: 2026-06-08 07:25:23.848054+00:00)
2026-08-01 12:59:10 | INFO | Found latest version of tr87: tr87-cd924810 (downloaded: 2026-06-08 07:25:23.848054+00:00)
2026-08-01 12:59:10 | INFO | Found latest version of tr87: tr87-cd924810 (downloaded: 2026-06-08 07:25:23.848054+00:00)
2026-08-01 12:59:10 | INFO | Found latest version of tr87: tr87-cd924810 (downloaded: 2026-06-08 07:25:23.848054+00:00)
2026-08-01 12:59:10 | INFO | Found latest version of tr87: tr87-cd924810 (downloaded: 2026-06-08 07:25:23.848054+00:00)
2026-08-01 12:59:10 | INFO | Found latest version of tr87: tr87-cd924810 (downloaded: 2026-06-08 07:25:23.848054+00:00)
2026-08-01 12:59:10 | INFO | Found latest version of tr87: tr87-cd924810 (downloaded: 2026-06-08 07:25:23.848054+00:00)
2026-08-01 12:59:10 | INFO | Found latest version of tr87: tr87-cd924810 (downloaded: 2026-06-08 07:25:23.848054+00:00)
2026-08-01 12:59:10 | INFO | Found latest version of tr87: tr87-cd924810 (downloaded: 2026-06-08 07:25:23.848054+00:00)
2026-08-01 12:59:10 | INFO | Found latest version of tr87: tr87-cd924810 (downloaded: 2026-06-08 07:25:23.848054+00:00)
2026-08-01 12:59:10 | INFO | Found latest version of tr87: tr87-cd924810 (downloaded: 2026-06-08 07:25:23.848054+00:00)
2026-08-01 12:59:10 | INFO | Found latest version of tr87: tr87-cd924810 (downloaded: 2026-06-08 07:25:23.848054+00:00)
2026-08-01 12:59:10 | INFO | Found latest version of tr87: tr87-cd924810 (downloaded: 2026-06-08 07:25:23.848054+00:00)
2026-08-01 12:59:10 | INFO | Found latest version of tr87: tr87-cd924810 (downloaded: 2026-06-08 07:25:23.848054+00:00)
2026-08-01 12:59:10 | INFO | Found latest version of tr87: tr87-cd924810 (downloaded: 2026-06-08 07:25:23.848054+00:00)
2026-08-01 12:59:10 | INFO | Found latest version of tr87: tr87-cd924810 (downloaded: 2026-06-08 07:25:23.848054+00:00)
2026-08-01 12:59:10 | INFO | Found latest version of tr87: tr87-cd924810 (downloaded: 2026-06-08 07:25:23.848054+00:00)
2026-08-01 12:59:10 | INFO | Found latest version of tr87: tr87-cd924810 (downloaded: 2026-06-08 07:25:23.848054+00:00)
2026-08-01 12:59:10 | INFO | Found latest version of tr87: tr87-cd924810 (downloaded: 2026-06-08 07:25:23.848054+00:00)
2026-08-01 12:59:10 | INFO | Found latest version of tr87: tr87-cd924810 (downloaded: 2026-06-08 07:25:23.848054+00:00)
2026-08-01 12:59:10 | INFO | Found latest version of tr87: tr87-cd924810 (downloaded: 2026-06-08 07:25:23.848054+00:00)
2026-08-01 12:59:10 | INFO | Found latest version of tr87: tr87-cd924810 (downloaded: 2026-06-08 07:25:23.848054+00:00)
2026-08-01 12:59:10 | INFO | Found latest version of tr87: tr87-cd924810 (downloaded: 2026-06-08 07:25:23.848054+00:00)
2026-08-01 12:59:10 | INFO | Found latest version of tr87: tr87-cd924810 (downloaded: 2026-06-08 07:25:23.848054+00:00)
2026-08-01 12:59:10 | INFO | Found latest version of tr87: tr87-cd924810 (downloaded: 2026-06-08 07:25:23.848054+00:00)
2026-08-01 12:59:10 | INFO | Found latest version of tr87: tr87-cd924810 (downloaded: 2026-06-08 07:25:23.848054+00:00)
2026-08-01 12:59:10 | INFO | Found latest version of tr87: tr87-cd924810 (downloaded: 2026-06-08 07:25:23.848054+00:00)
2026-08-01 12:59:10 | INFO | Found latest version of tr87: tr87-cd924810 (downloaded: 2026-06-08 07:25:23.848054+00:00)
2026-08-01 12:59:10 | INFO | Found latest version of tr87: tr87-cd924810 (downloaded: 2026-06-08 07:25:23.848054+00:00)
2026-08-01 12:59:10 | INFO | Found latest version of tr87: tr87-cd924810 (downloaded: 2026-06-08 07:25:23.848054+00:00)
2026-08-01 12:59:10 | INFO | Found latest version of tr87: tr87-cd924810 (downloaded: 2026-06-08 07:25:23.848054+00:00)
2026-08-01 12:59:10 | INFO | Found latest version of tr87: tr87-cd924810 (downloaded: 2026-06-08 07:25:23.848054+00:00)
2026-08-01 12:59:10 | INFO | Found latest version of tr87: tr87-cd924810 (downloaded: 2026-06-08 07:25:23.848054+00:00)
2026-08-01 12:59:10 | INFO | Found latest version of tr87: tr87-cd924810 (downloaded: 2026-06-08 07:25:23.848054+00:00)
2026-08-01 12:59:10 | INFO | Found latest version of tr87: tr87-cd924810 (downloaded: 2026-06-08 07:25:23.848054+00:00)
2026-08-01 12:59:10 | INFO | Found latest version of tr87: tr87-cd924810 (downloaded: 2026-06-08 07:25:23.848054+00:00)
2026-08-01 12:59:10 | INFO | Found latest version of tr87: tr87-cd924810 (downloaded: 2026-06-08 07:25:23.848054+00:00)
2026-08-01 12:59:10 | INFO | Found latest version of tr87: tr87-cd924810 (downloaded: 2026-06-08 07:25:23.848054+00:00)
2026-08-01 12:59:10 | INFO | Found latest version of tr87: tr87-cd924810 (downloaded: 2026-06-08 07:25:23.848054+00:00)
2026-08-01 12:59:10 | INFO | Found latest version of tr87: tr87-cd924810 (downloaded: 2026-06-08 07:25:23.848054+00:00)
2026-08-01 12:59:10 | INFO | Found latest version of tr87: tr87-cd924810 (downloaded: 2026-06-08 07:25:23.848054+00:00)
2026-08-01 12:59:10 | INFO | Found latest version of tr87: tr87-cd924810 (downloaded: 2026-06-08 07:25:23.848054+00:00)
2026-08-01 12:59:10 | INFO | Found latest version of tr87: tr87-cd924810 (downloaded: 2026-06-08 07:25:23.848054+00:00)
2026-08-01 12:59:10 | INFO | Found latest version of tr87: tr87-cd924810 (downloaded: 2026-06-08 07:25:23.848054+00:00)
2026-08-01 12:59:10 | INFO | Found latest version of tr87: tr87-cd924810 (downloaded: 2026-06-08 07:25:23.848054+00:00)
2026-08-01 12:59:10 | INFO | Found latest version of tr87: tr87-cd924810 (downloaded: 2026-06-08 07:25:23.848054+00:00)
2026-08-01 12:59:10 | INFO | Found latest version of tr87: tr87-cd924810 (downloaded: 2026-06-08 07:25:23.848054+00:00)
2026-08-01 12:59:10 | INFO | Found latest version of tr87: tr87-cd924810 (downloaded: 2026-06-08 07:25:23.848054+00:00)
2026-08-01 12:59:10 | INFO | Found latest version of tr87: tr87-cd924810 (downloaded: 2026-06-08 07:25:23.848054+00:00)
2026-08-01 12:59:10 | INFO | Found latest version of tr87: tr87-cd924810 (downloaded: 2026-06-08 07:25:23.848054+00:00)
2026-08-01 12:59:10 | INFO | Found latest version of tr87: tr87-cd924810 (downloaded: 2026-06-08 07:25:23.848054+00:00)
2026-08-01 12:59:10 | INFO | Found latest version of tr87: tr87-cd924810 (downloaded: 2026-06-08 07:25:23.848054+00:00)
2026-08-01 12:59:10 | INFO | Found latest version of tr87: tr87-cd924810 (downloaded: 2026-06-08 07:25:23.848054+00:00)
2026-08-01 12:59:10 | INFO | Found latest version of tr87: tr87-cd924810 (downloaded: 2026-06-08 07:25:23.848054+00:00)
2026-08-01 12:59:10 | INFO | Found latest version of tr87: tr87-cd924810 (downloaded: 2026-06-08 07:25:23.848054+00:00)
2026-08-01 12:59:10 | INFO | Found latest version of tr87: tr87-cd924810 (downloaded: 2026-06-08 07:25:23.848054+00:00)
2026-08-01 12:59:10 | INFO | Found latest version of tr87: tr87-cd924810 (downloaded: 2026-06-08 07:25:23.848054+00:00)
2026-08-01 12:59:10 | INFO | Found latest version of tr87: tr87-cd924810 (downloaded: 2026-06-08 07:25:23.848054+00:00)
2026-08-01 12:59:10 | INFO | Found latest version of tr87: tr87-cd924810 (downloaded: 2026-06-08 07:25:23.848054+00:00)
2026-08-01 12:59:12 | INFO | Found latest version of tr87: tr87-cd924810 (downloaded: 2026-06-08 07:25:23.848054+00:00)
2026-08-01 12:59:12 | INFO | Found latest version of tr87: tr87-cd924810 (downloaded: 2026-06-08 07:25:23.848054+00:00)
2026-08-01 12:59:12 | INFO | Found latest version of tr87: tr87-cd924810 (downloaded: 2026-06-08 07:25:23.848054+00:00)
2026-08-01 12:59:12 | INFO | Found latest version of tr87: tr87-cd924810 (downloaded: 2026-06-08 07:25:23.848054+00:00)
2026-08-01 12:59:12 | INFO | Found latest version of tr87: tr87-cd924810 (downloaded: 2026-06-08 07:25:23.848054+00:00)
2026-08-01 12:59:12 | INFO | Found latest version of tr87: tr87-cd924810 (downloaded: 2026-06-08 07:25:23.848054+00:00)
2026-08-01 12:59:12 | INFO | Found latest version of tr87: tr87-cd924810 (downloaded: 2026-06-08 07:25:23.848054+00:00)
2026-08-01 12:59:12 | INFO | Found latest version of tr87: tr87-cd924810 (downloaded: 2026-06-08 07:25:23.848054+00:00)
2026-08-01 12:59:12 | INFO | Found latest version of tr87: tr87-cd924810 (downloaded: 2026-06-08 07:25:23.848054+00:00)
2026-08-01 12:59:12 | INFO | Found latest version of tr87: tr87-cd924810 (downloaded: 2026-06-08 07:25:23.848054+00:00)
2026-08-01 12:59:12 | INFO | Found latest version of tr87: tr87-cd924810 (downloaded: 2026-06-08 07:25:23.848054+00:00)
2026-08-01 12:59:12 | INFO | Found latest version of tr87: tr87-cd924810 (downloaded: 2026-06-08 07:25:23.848054+00:00)
2026-08-01 12:59:12 | INFO | Found latest version of tr87: tr87-cd924810 (downloaded: 2026-06-08 07:25:23.848054+00:00)
2026-08-01 12:59:12 | INFO | Found latest version of tr87: tr87-cd924810 (downloaded: 2026-06-08 07:25:23.848054+00:00)
2026-08-01 12:59:12 | INFO | Found latest version of tr87: tr87-cd924810 (downloaded: 2026-06-08 07:25:23.848054+00:00)
2026-08-01 12:59:12 | INFO | Found latest version of tr87: tr87-cd924810 (downloaded: 2026-06-08 07:25:23.848054+00:00)
2026-08-01 12:59:12 | INFO | Found latest version of tr87: tr87-cd924810 (downloaded: 2026-06-08 07:25:23.848054+00:00)
2026-08-01 12:59:12 | INFO | Found latest version of tr87: tr87-cd924810 (downloaded: 2026-06-08 07:25:23.848054+00:00)
2026-08-01 12:59:12 | INFO | Found latest version of tr87: tr87-cd924810 (downloaded: 2026-06-08 07:25:23.848054+00:00)
2026-08-01 12:59:12 | INFO | Found latest version of tr87: tr87-cd924810 (downloaded: 2026-06-08 07:25:23.848054+00:00)
2026-08-01 12:59:12 | INFO | Found latest version of tr87: tr87-cd924810 (downloaded: 2026-06-08 07:25:23.848054+00:00)
2026-08-01 12:59:12 | INFO | Found latest version of tr87: tr87-cd924810 (downloaded: 2026-06-08 07:25:23.848054+00:00)
2026-08-01 12:59:12 | INFO | Found latest version of tr87: tr87-cd924810 (downloaded: 2026-06-08 07:25:23.848054+00:00)
2026-08-01 12:59:12 | INFO | Found latest version of tr87: tr87-cd924810 (downloaded: 2026-06-08 07:25:23.848054+00:00)
2026-08-01 12:59:12 | INFO | Found latest version of tr87: tr87-cd924810 (downloaded: 2026-06-08 07:25:23.848054+00:00)
2026-08-01 12:59:12 | INFO | Found latest version of tr87: tr87-cd924810 (downloaded: 2026-06-08 07:25:23.848054+00:00)
2026-08-01 12:59:12 | INFO | Found latest version of tr87: tr87-cd924810 (downloaded: 2026-06-08 07:25:23.848054+00:00)
2026-08-01 12:59:12 | INFO | Found latest version of tr87: tr87-cd924810 (downloaded: 2026-06-08 07:25:23.848054+00:00)
2026-08-01 12:59:12 | INFO | Found latest version of tr87: tr87-cd924810 (downloaded: 2026-06-08 07:25:23.848054+00:00)
2026-08-01 12:59:12 | INFO | Found latest version of tr87: tr87-cd924810 (downloaded: 2026-06-08 07:25:23.848054+00:00)
2026-08-01 12:59:12 | INFO | Found latest version of tr87: tr87-cd924810 (downloaded: 2026-06-08 07:25:23.848054+00:00)
2026-08-01 12:59:12 | INFO | Found latest version of tr87: tr87-cd924810 (downloaded: 2026-06-08 07:25:23.848054+00:00)
2026-08-01 12:59:12 | INFO | Found latest version of tr87: tr87-cd924810 (downloaded: 2026-06-08 07:25:23.848054+00:00)
2026-08-01 12:59:12 | INFO | Found latest version of tr87: tr87-cd924810 (downloaded: 2026-06-08 07:25:23.848054+00:00)
2026-08-01 12:59:12 | INFO | Found latest version of tr87: tr87-cd924810 (downloaded: 2026-06-08 07:25:23.848054+00:00)
2026-08-01 12:59:12 | INFO | Found latest version of tr87: tr87-cd924810 (downloaded: 2026-06-08 07:25:23.848054+00:00)
2026-08-01 12:59:12 | INFO | Found latest version of tr87: tr87-cd924810 (downloaded: 2026-06-08 07:25:23.848054+00:00)
2026-08-01 12:59:12 | INFO | Found latest version of tr87: tr87-cd924810 (downloaded: 2026-06-08 07:25:23.848054+00:00)
2026-08-01 12:59:12 | INFO | Found latest version of tr87: tr87-cd924810 (downloaded: 2026-06-08 07:25:23.848054+00:00)
2026-08-01 12:59:12 | INFO | Found latest version of tr87: tr87-cd924810 (downloaded: 2026-06-08 07:25:23.848054+00:00)
2026-08-01 12:59:12 | INFO | Found latest version of tr87: tr87-cd924810 (downloaded: 2026-06-08 07:25:23.848054+00:00)
2026-08-01 12:59:12 | INFO | Found latest version of tr87: tr87-cd924810 (downloaded: 2026-06-08 07:25:23.848054+00:00)
2026-08-01 12:59:12 | INFO | Found latest version of tr87: tr87-cd924810 (downloaded: 2026-06-08 07:25:23.848054+00:00)
2026-08-01 12:59:12 | INFO | Found latest version of tr87: tr87-cd924810 (downloaded: 2026-06-08 07:25:23.848054+00:00)
2026-08-01 12:59:12 | INFO | Found latest version of tr87: tr87-cd924810 (downloaded: 2026-06-08 07:25:23.848054+00:00)
2026-08-01 12:59:12 | INFO | Found latest version of tr87: tr87-cd924810 (downloaded: 2026-06-08 07:25:23.848054+00:00)
2026-08-01 12:59:12 | INFO | Found latest version of tr87: tr87-cd924810 (downloaded: 2026-06-08 07:25:23.848054+00:00)
2026-08-01 12:59:12 | INFO | Found latest version of tr87: tr87-cd924810 (downloaded: 2026-06-08 07:25:23.848054+00:00)
2026-08-01 12:59:12 | INFO | Found latest version of tr87: tr87-cd924810 (downloaded: 2026-06-08 07:25:23.848054+00:00)
2026-08-01 12:59:12 | INFO | Found latest version of tr87: tr87-cd924810 (downloaded: 2026-06-08 07:25:23.848054+00:00)
2026-08-01 12:59:12 | INFO | Found latest version of tr87: tr87-cd924810 (downloaded: 2026-06-08 07:25:23.848054+00:00)
2026-08-01 12:59:12 | INFO | Found latest version of tr87: tr87-cd924810 (downloaded: 2026-06-08 07:25:23.848054+00:00)
2026-08-01 12:59:12 | INFO | Found latest version of tr87: tr87-cd924810 (downloaded: 2026-06-08 07:25:23.848054+00:00)
2026-08-01 12:59:12 | INFO | Found latest version of tr87: tr87-cd924810 (downloaded: 2026-06-08 07:25:23.848054+00:00)
2026-08-01 12:59:12 | INFO | Found latest version of tr87: tr87-cd924810 (downloaded: 2026-06-08 07:25:23.848054+00:00)
2026-08-01 12:59:12 | INFO | Found latest version of tr87: tr87-cd924810 (downloaded: 2026-06-08 07:25:23.848054+00:00)
2026-08-01 12:59:12 | INFO | Found latest version of tr87: tr87-cd924810 (downloaded: 2026-06-08 07:25:23.848054+00:00)
2026-08-01 12:59:12 | INFO | Found latest version of tr87: tr87-cd924810 (downloaded: 2026-06-08 07:25:23.848054+00:00)
2026-08-01 12:59:12 | INFO | Found latest version of tr87: tr87-cd924810 (downloaded: 2026-06-08 07:25:23.848054+00:00)
2026-08-01 12:59:12 | INFO | Found latest version of tr87: tr87-cd924810 (downloaded: 2026-06-08 07:25:23.848054+00:00)
2026-08-01 12:59:12 | INFO | Found latest version of tr87: tr87-cd924810 (downloaded: 2026-06-08 07:25:23.848054+00:00)
2026-08-01 12:59:12 | INFO | Found latest version of tr87: tr87-cd924810 (downloaded: 2026-06-08 07:25:23.848054+00:00)
2026-08-01 12:59:12 | INFO | Found latest version of tr87: tr87-cd924810 (downloaded: 2026-06-08 07:25:23.848054+00:00)
2026-08-01 12:59:14 | INFO | Found latest version of tr87: tr87-cd924810 (downloaded: 2026-06-08 07:25:23.848054+00:00)
2026-08-01 12:59:14 | INFO | Found latest version of tr87: tr87-cd924810 (downloaded: 2026-06-08 07:25:23.848054+00:00)
2026-08-01 12:59:14 | INFO | Found latest version of tr87: tr87-cd924810 (downloaded: 2026-06-08 07:25:23.848054+00:00)
2026-08-01 12:59:14 | INFO | Found latest version of tr87: tr87-cd924810 (downloaded: 2026-06-08 07:25:23.848054+00:00)
2026-08-01 12:59:14 | INFO | Found latest version of tr87: tr87-cd924810 (downloaded: 2026-06-08 07:25:23.848054+00:00)
2026-08-01 12:59:14 | INFO | Found latest version of tr87: tr87-cd924810 (downloaded: 2026-06-08 07:25:23.848054+00:00)
2026-08-01 12:59:14 | INFO | Found latest version of tr87: tr87-cd924810 (downloaded: 2026-06-08 07:25:23.848054+00:00)
2026-08-01 12:59:14 | INFO | Found latest version of tr87: tr87-cd924810 (downloaded: 2026-06-08 07:25:23.848054+00:00)
2026-08-01 12:59:14 | INFO | Found latest version of tr87: tr87-cd924810 (downloaded: 2026-06-08 07:25:23.848054+00:00)
2026-08-01 12:59:14 | INFO | Found latest version of tr87: tr87-cd924810 (downloaded: 2026-06-08 07:25:23.848054+00:00)
2026-08-01 12:59:14 | INFO | Found latest version of tr87: tr87-cd924810 (downloaded: 2026-06-08 07:25:23.848054+00:00)
2026-08-01 12:59:14 | INFO | Found latest version of tr87: tr87-cd924810 (downloaded: 2026-06-08 07:25:23.848054+00:00)
2026-08-01 12:59:14 | INFO | Found latest version of tr87: tr87-cd924810 (downloaded: 2026-06-08 07:25:23.848054+00:00)
2026-08-01 12:59:14 | INFO | Found latest version of tr87: tr87-cd924810 (downloaded: 2026-06-08 07:25:23.848054+00:00)
2026-08-01 12:59:14 | INFO | Found latest version of tr87: tr87-cd924810 (downloaded: 2026-06-08 07:25:23.848054+00:00)
2026-08-01 12:59:14 | INFO | Found latest version of tr87: tr87-cd924810 (downloaded: 2026-06-08 07:25:23.848054+00:00)
2026-08-01 12:59:14 | INFO | Found latest version of tr87: tr87-cd924810 (downloaded: 2026-06-08 07:25:23.848054+00:00)
2026-08-01 12:59:14 | INFO | Found latest version of tr87: tr87-cd924810 (downloaded: 2026-06-08 07:25:23.848054+00:00)
2026-08-01 12:59:14 | INFO | Found latest version of tr87: tr87-cd924810 (downloaded: 2026-06-08 07:25:23.848054+00:00)
2026-08-01 12:59:14 | INFO | Found latest version of tr87: tr87-cd924810 (downloaded: 2026-06-08 07:25:23.848054+00:00)
2026-08-01 12:59:14 | INFO | Found latest version of tr87: tr87-cd924810 (downloaded: 2026-06-08 07:25:23.848054+00:00)
2026-08-01 12:59:14 | INFO | Found latest version of tr87: tr87-cd924810 (downloaded: 2026-06-08 07:25:23.848054+00:00)
2026-08-01 12:59:14 | INFO | Found latest version of tr87: tr87-cd924810 (downloaded: 2026-06-08 07:25:23.848054+00:00)
2026-08-01 12:59:14 | INFO | Found latest version of tr87: tr87-cd924810 (downloaded: 2026-06-08 07:25:23.848054+00:00)
2026-08-01 12:59:14 | INFO | Found latest version of tr87: tr87-cd924810 (downloaded: 2026-06-08 07:25:23.848054+00:00)
2026-08-01 12:59:14 | INFO | Found latest version of tr87: tr87-cd924810 (downloaded: 2026-06-08 07:25:23.848054+00:00)
2026-08-01 12:59:14 | INFO | Found latest version of tr87: tr87-cd924810 (downloaded: 2026-06-08 07:25:23.848054+00:00)
2026-08-01 12:59:14 | INFO | Found latest version of tr87: tr87-cd924810 (downloaded: 2026-06-08 07:25:23.848054+00:00)
2026-08-01 12:59:14 | INFO | Found latest version of tr87: tr87-cd924810 (downloaded: 2026-06-08 07:25:23.848054+00:00)
2026-08-01 12:59:14 | INFO | Found latest version of tr87: tr87-cd924810 (downloaded: 2026-06-08 07:25:23.848054+00:00)
2026-08-01 12:59:14 | INFO | Found latest version of tr87: tr87-cd924810 (downloaded: 2026-06-08 07:25:23.848054+00:00)
2026-08-01 12:59:14 | INFO | Found latest version of tr87: tr87-cd924810 (downloaded: 2026-06-08 07:25:23.848054+00:00)
2026-08-01 12:59:14 | INFO | Found latest version of tr87: tr87-cd924810 (downloaded: 2026-06-08 07:25:23.848054+00:00)
2026-08-01 12:59:14 | INFO | Found latest version of tr87: tr87-cd924810 (downloaded: 2026-06-08 07:25:23.848054+00:00)
2026-08-01 12:59:14 | INFO | Found latest version of tr87: tr87-cd924810 (downloaded: 2026-06-08 07:25:23.848054+00:00)
2026-08-01 12:59:14 | INFO | Found latest version of tr87: tr87-cd924810 (downloaded: 2026-06-08 07:25:23.848054+00:00)
2026-08-01 12:59:14 | INFO | Found latest version of tr87: tr87-cd924810 (downloaded: 2026-06-08 07:25:23.848054+00:00)
2026-08-01 12:59:14 | INFO | Found latest version of tr87: tr87-cd924810 (downloaded: 2026-06-08 07:25:23.848054+00:00)
2026-08-01 12:59:14 | INFO | Found latest version of tr87: tr87-cd924810 (downloaded: 2026-06-08 07:25:23.848054+00:00)
2026-08-01 12:59:14 | INFO | Found latest version of tr87: tr87-cd924810 (downloaded: 2026-06-08 07:25:23.848054+00:00)
2026-08-01 12:59:14 | INFO | Found latest version of tr87: tr87-cd924810 (downloaded: 2026-06-08 07:25:23.848054+00:00)
2026-08-01 12:59:14 | INFO | Found latest version of tr87: tr87-cd924810 (downloaded: 2026-06-08 07:25:23.848054+00:00)
2026-08-01 12:59:14 | INFO | Found latest version of tr87: tr87-cd924810 (downloaded: 2026-06-08 07:25:23.848054+00:00)
2026-08-01 12:59:14 | INFO | Found latest version of tr87: tr87-cd924810 (downloaded: 2026-06-08 07:25:23.848054+00:00)
2026-08-01 12:59:14 | INFO | Found latest version of tr87: tr87-cd924810 (downloaded: 2026-06-08 07:25:23.848054+00:00)
2026-08-01 12:59:14 | INFO | Found latest version of tr87: tr87-cd924810 (downloaded: 2026-06-08 07:25:23.848054+00:00)
2026-08-01 12:59:14 | INFO | Found latest version of tr87: tr87-cd924810 (downloaded: 2026-06-08 07:25:23.848054+00:00)
2026-08-01 12:59:14 | INFO | Found latest version of tr87: tr87-cd924810 (downloaded: 2026-06-08 07:25:23.848054+00:00)
2026-08-01 12:59:15 | INFO | Found latest version of tr87: tr87-cd924810 (downloaded: 2026-06-08 07:25:23.848054+00:00)
2026-08-01 12:59:15 | INFO | Found latest version of tr87: tr87-cd924810 (downloaded: 2026-06-08 07:25:23.848054+00:00)
2026-08-01 12:59:15 | INFO | Found latest version of tr87: tr87-cd924810 (downloaded: 2026-06-08 07:25:23.848054+00:00)
2026-08-01 12:59:15 | INFO | Found latest version of tr87: tr87-cd924810 (downloaded: 2026-06-08 07:25:23.848054+00:00)
2026-08-01 12:59:15 | INFO | Found latest version of tr87: tr87-cd924810 (downloaded: 2026-06-08 07:25:23.848054+00:00)
2026-08-01 12:59:15 | INFO | Found latest version of tr87: tr87-cd924810 (downloaded: 2026-06-08 07:25:23.848054+00:00)
2026-08-01 12:59:15 | INFO | Found latest version of tr87: tr87-cd924810 (downloaded: 2026-06-08 07:25:23.848054+00:00)
2026-08-01 12:59:15 | INFO | Found latest version of tr87: tr87-cd924810 (downloaded: 2026-06-08 07:25:23.848054+00:00)
2026-08-01 12:59:15 | INFO | Found latest version of tr87: tr87-cd924810 (downloaded: 2026-06-08 07:25:23.848054+00:00)
2026-08-01 12:59:15 | INFO | Found latest version of tr87: tr87-cd924810 (downloaded: 2026-06-08 07:25:23.848054+00:00)
2026-08-01 12:59:15 | INFO | Found latest version of tr87: tr87-cd924810 (downloaded: 2026-06-08 07:25:23.848054+00:00)
2026-08-01 12:59:15 | INFO | Found latest version of tr87: tr87-cd924810 (downloaded: 2026-06-08 07:25:23.848054+00:00)
2026-08-01 12:59:15 | INFO | Found latest version of tr87: tr87-cd924810 (downloaded: 2026-06-08 07:25:23.848054+00:00)
2026-08-01 12:59:15 | INFO | Found latest version of tr87: tr87-cd924810 (downloaded: 2026-06-08 07:25:23.848054+00:00)
2026-08-01 12:59:16 | INFO | Found latest version of tr87: tr87-cd924810 (downloaded: 2026-06-08 07:25:23.848054+00:00)
2026-08-01 12:59:16 | INFO | Found latest version of tr87: tr87-cd924810 (downloaded: 2026-06-08 07:25:23.848054+00:00)
2026-08-01 12:59:16 | INFO | Found latest version of tr87: tr87-cd924810 (downloaded: 2026-06-08 07:25:23.848054+00:00)
2026-08-01 12:59:16 | INFO | Found latest version of tr87: tr87-cd924810 (downloaded: 2026-06-08 07:25:23.848054+00:00)
2026-08-01 12:59:16 | INFO | Found latest version of tr87: tr87-cd924810 (downloaded: 2026-06-08 07:25:23.848054+00:00)
2026-08-01 12:59:16 | INFO | Found latest version of tr87: tr87-cd924810 (downloaded: 2026-06-08 07:25:23.848054+00:00)
2026-08-01 12:59:17 | INFO | Found latest version of tr87: tr87-cd924810 (downloaded: 2026-06-08 07:25:23.848054+00:00)
2026-08-01 12:59:17 | INFO | Found latest version of tr87: tr87-cd924810 (downloaded: 2026-06-08 07:25:23.848054+00:00)
2026-08-01 12:59:17 | INFO | Found latest version of tr87: tr87-cd924810 (downloaded: 2026-06-08 07:25:23.848054+00:00)
2026-08-01 12:59:17 | INFO | Found latest version of tr87: tr87-cd924810 (downloaded: 2026-06-08 07:25:23.848054+00:00)
2026-08-01 12:59:17 | INFO | Found latest version of tr87: tr87-cd924810 (downloaded: 2026-06-08 07:25:23.848054+00:00)
2026-08-01 12:59:17 | INFO | Found latest version of tr87: tr87-cd924810 (downloaded: 2026-06-08 07:25:23.848054+00:00)
2026-08-01 12:59:17 | INFO | Found latest version of tr87: tr87-cd924810 (downloaded: 2026-06-08 07:25:23.848054+00:00)
2026-08-01 12:59:17 | INFO | Found latest version of tr87: tr87-cd924810 (downloaded: 2026-06-08 07:25:23.848054+00:00)
2026-08-01 12:59:17 | INFO | Found latest version of tr87: tr87-cd924810 (downloaded: 2026-06-08 07:25:23.848054+00:00)
2026-08-01 12:59:17 | INFO | Found latest version of tr87: tr87-cd924810 (downloaded: 2026-06-08 07:25:23.848054+00:00)
2026-08-01 12:59:17 | INFO | Found latest version of tr87: tr87-cd924810 (downloaded: 2026-06-08 07:25:23.848054+00:00)
2026-08-01 12:59:17 | INFO | Found latest version of tr87: tr87-cd924810 (downloaded: 2026-06-08 07:25:23.848054+00:00)
2026-08-01 12:59:17 | INFO | Found latest version of tr87: tr87-cd924810 (downloaded: 2026-06-08 07:25:23.848054+00:00)
2026-08-01 12:59:17 | INFO | Found latest version of tr87: tr87-cd924810 (downloaded: 2026-06-08 07:25:23.848054+00:00)
2026-08-01 12:59:17 | INFO | Found latest version of tr87: tr87-cd924810 (downloaded: 2026-06-08 07:25:23.848054+00:00)
2026-08-01 12:59:17 | INFO | Found latest version of tr87: tr87-cd924810 (downloaded: 2026-06-08 07:25:23.848054+00:00)
2026-08-01 12:59:17 | INFO | Found latest version of tr87: tr87-cd924810 (downloaded: 2026-06-08 07:25:23.848054+00:00)
2026-08-01 12:59:17 | INFO | Found latest version of tr87: tr87-cd924810 (downloaded: 2026-06-08 07:25:23.848054+00:00)
2026-08-01 12:59:17 | INFO | Found latest version of tr87: tr87-cd924810 (downloaded: 2026-06-08 07:25:23.848054+00:00)
2026-08-01 12:59:17 | INFO | Found latest version of tr87: tr87-cd924810 (downloaded: 2026-06-08 07:25:23.848054+00:00)
2026-08-01 12:59:17 | INFO | Found latest version of tr87: tr87-cd924810 (downloaded: 2026-06-08 07:25:23.848054+00:00)
2026-08-01 12:59:17 | INFO | Found latest version of tr87: tr87-cd924810 (downloaded: 2026-06-08 07:25:23.848054+00:00)
2026-08-01 12:59:17 | INFO | Found latest version of tr87: tr87-cd924810 (downloaded: 2026-06-08 07:25:23.848054+00:00)
2026-08-01 12:59:17 | INFO | Found latest version of tr87: tr87-cd924810 (downloaded: 2026-06-08 07:25:23.848054+00:00)
2026-08-01 12:59:17 | INFO | Found latest version of tr87: tr87-cd924810 (downloaded: 2026-06-08 07:25:23.848054+00:00)
2026-08-01 12:59:17 | INFO | Found latest version of tr87: tr87-cd924810 (downloaded: 2026-06-08 07:25:23.848054+00:00)
2026-08-01 12:59:17 | INFO | Found latest version of tr87: tr87-cd924810 (downloaded: 2026-06-08 07:25:23.848054+00:00)
2026-08-01 12:59:17 | INFO | Found latest version of tr87: tr87-cd924810 (downloaded: 2026-06-08 07:25:23.848054+00:00)
2026-08-01 12:59:17 | INFO | Found latest version of tr87: tr87-cd924810 (downloaded: 2026-06-08 07:25:23.848054+00:00)
2026-08-01 12:59:17 | INFO | Found latest version of tr87: tr87-cd924810 (downloaded: 2026-06-08 07:25:23.848054+00:00)
2026-08-01 12:59:17 | INFO | Found latest version of tr87: tr87-cd924810 (downloaded: 2026-06-08 07:25:23.848054+00:00)
2026-08-01 12:59:17 | INFO | Found latest version of tr87: tr87-cd924810 (downloaded: 2026-06-08 07:25:23.848054+00:00)
2026-08-01 12:59:17 | INFO | Found latest version of tr87: tr87-cd924810 (downloaded: 2026-06-08 07:25:23.848054+00:00)
2026-08-01 12:59:17 | INFO | Found latest version of tr87: tr87-cd924810 (downloaded: 2026-06-08 07:25:23.848054+00:00)
2026-08-01 12:59:17 | INFO | Found latest version of tr87: tr87-cd924810 (downloaded: 2026-06-08 07:25:23.848054+00:00)
2026-08-01 12:59:17 | INFO | Found latest version of tr87: tr87-cd924810 (downloaded: 2026-06-08 07:25:23.848054+00:00)
2026-08-01 12:59:17 | INFO | Found latest version of tr87: tr87-cd924810 (downloaded: 2026-06-08 07:25:23.848054+00:00)
2026-08-01 12:59:17 | INFO | Found latest version of tr87: tr87-cd924810 (downloaded: 2026-06-08 07:25:23.848054+00:00)
2026-08-01 12:59:17 | INFO | Found latest version of tr87: tr87-cd924810 (downloaded: 2026-06-08 07:25:23.848054+00:00)
2026-08-01 12:59:17 | INFO | Found latest version of tr87: tr87-cd924810 (downloaded: 2026-06-08 07:25:23.848054+00:00)
2026-08-01 12:59:17 | INFO | Found latest version of tr87: tr87-cd924810 (downloaded: 2026-06-08 07:25:23.848054+00:00)
2026-08-01 12:59:17 | INFO | Found latest version of tr87: tr87-cd924810 (downloaded: 2026-06-08 07:25:23.848054+00:00)
2026-08-01 12:59:17 | INFO | Found latest version of tr87: tr87-cd924810 (downloaded: 2026-06-08 07:25:23.848054+00:00)
2026-08-01 12:59:17 | INFO | Found latest version of tr87: tr87-cd924810 (downloaded: 2026-06-08 07:25:23.848054+00:00)
2026-08-01 12:59:17 | INFO | Found latest version of tr87: tr87-cd924810 (downloaded: 2026-06-08 07:25:23.848054+00:00)
2026-08-01 12:59:17 | INFO | Found latest version of tr87: tr87-cd924810 (downloaded: 2026-06-08 07:25:23.848054+00:00)
2026-08-01 12:59:17 | INFO | Found latest version of tr87: tr87-cd924810 (downloaded: 2026-06-08 07:25:23.848054+00:00)
2026-08-01 12:59:17 | INFO | Found latest version of tr87: tr87-cd924810 (downloaded: 2026-06-08 07:25:23.848054+00:00)
2026-08-01 12:59:17 | INFO | Found latest version of tr87: tr87-cd924810 (downloaded: 2026-06-08 07:25:23.848054+00:00)
2026-08-01 12:59:17 | INFO | Found latest version of tr87: tr87-cd924810 (downloaded: 2026-06-08 07:25:23.848054+00:00)
2026-08-01 12:59:17 | INFO | Found latest version of tr87: tr87-cd924810 (downloaded: 2026-06-08 07:25:23.848054+00:00)
2026-08-01 12:59:17 | INFO | Found latest version of tr87: tr87-cd924810 (downloaded: 2026-06-08 07:25:23.848054+00:00)
2026-08-01 12:59:17 | INFO | Found latest version of tr87: tr87-cd924810 (downloaded: 2026-06-08 07:25:23.848054+00:00)
2026-08-01 12:59:17 | INFO | Found latest version of tr87: tr87-cd924810 (downloaded: 2026-06-08 07:25:23.848054+00:00)
2026-08-01 12:59:17 | INFO | Found latest version of tr87: tr87-cd924810 (downloaded: 2026-06-08 07:25:23.848054+00:00)
2026-08-01 12:59:17 | INFO | Found latest version of tr87: tr87-cd924810 (downloaded: 2026-06-08 07:25:23.848054+00:00)
2026-08-01 12:59:17 | INFO | Found latest version of tr87: tr87-cd924810 (downloaded: 2026-06-08 07:25:23.848054+00:00)
2026-08-01 12:59:19 | INFO | Found latest version of tr87: tr87-cd924810 (downloaded: 2026-06-08 07:25:23.848054+00:00)
2026-08-01 12:59:19 | INFO | Found latest version of tr87: tr87-cd924810 (downloaded: 2026-06-08 07:25:23.848054+00:00)
2026-08-01 12:59:19 | INFO | Found latest version of tr87: tr87-cd924810 (downloaded: 2026-06-08 07:25:23.848054+00:00)
2026-08-01 12:59:19 | INFO | Found latest version of tr87: tr87-cd924810 (downloaded: 2026-06-08 07:25:23.848054+00:00)
2026-08-01 12:59:19 | INFO | Found latest version of tr87: tr87-cd924810 (downloaded: 2026-06-08 07:25:23.848054+00:00)
2026-08-01 12:59:19 | INFO | Found latest version of tr87: tr87-cd924810 (downloaded: 2026-06-08 07:25:23.848054+00:00)
2026-08-01 12:59:19 | INFO | Found latest version of tr87: tr87-cd924810 (downloaded: 2026-06-08 07:25:23.848054+00:00)
2026-08-01 12:59:19 | INFO | Found latest version of tr87: tr87-cd924810 (downloaded: 2026-06-08 07:25:23.848054+00:00)
2026-08-01 12:59:19 | INFO | Found latest version of tr87: tr87-cd924810 (downloaded: 2026-06-08 07:25:23.848054+00:00)
2026-08-01 12:59:19 | INFO | Found latest version of tr87: tr87-cd924810 (downloaded: 2026-06-08 07:25:23.848054+00:00)
2026-08-01 12:59:19 | INFO | Found latest version of tr87: tr87-cd924810 (downloaded: 2026-06-08 07:25:23.848054+00:00)
2026-08-01 12:59:19 | INFO | Found latest version of tr87: tr87-cd924810 (downloaded: 2026-06-08 07:25:23.848054+00:00)
2026-08-01 12:59:19 | INFO | Found latest version of tr87: tr87-cd924810 (downloaded: 2026-06-08 07:25:23.848054+00:00)
2026-08-01 12:59:19 | INFO | Found latest version of tr87: tr87-cd924810 (downloaded: 2026-06-08 07:25:23.848054+00:00)
2026-08-01 12:59:19 | INFO | Found latest version of tr87: tr87-cd924810 (downloaded: 2026-06-08 07:25:23.848054+00:00)
2026-08-01 12:59:19 | INFO | Found latest version of tr87: tr87-cd924810 (downloaded: 2026-06-08 07:25:23.848054+00:00)
2026-08-01 12:59:19 | INFO | Found latest version of tr87: tr87-cd924810 (downloaded: 2026-06-08 07:25:23.848054+00:00)
2026-08-01 12:59:19 | INFO | Found latest version of tr87: tr87-cd924810 (downloaded: 2026-06-08 07:25:23.848054+00:00)
2026-08-01 12:59:19 | INFO | Found latest version of tr87: tr87-cd924810 (downloaded: 2026-06-08 07:25:23.848054+00:00)
2026-08-01 12:59:19 | INFO | Found latest version of tr87: tr87-cd924810 (downloaded: 2026-06-08 07:25:23.848054+00:00)
2026-08-01 12:59:19 | INFO | Found latest version of tr87: tr87-cd924810 (downloaded: 2026-06-08 07:25:23.848054+00:00)
2026-08-01 12:59:19 | INFO | Found latest version of tr87: tr87-cd924810 (downloaded: 2026-06-08 07:25:23.848054+00:00)
2026-08-01 12:59:19 | INFO | Found latest version of tr87: tr87-cd924810 (downloaded: 2026-06-08 07:25:23.848054+00:00)
2026-08-01 12:59:19 | INFO | Found latest version of tr87: tr87-cd924810 (downloaded: 2026-06-08 07:25:23.848054+00:00)
2026-08-01 12:59:19 | INFO | Found latest version of tr87: tr87-cd924810 (downloaded: 2026-06-08 07:25:23.848054+00:00)
2026-08-01 12:59:19 | INFO | Found latest version of tr87: tr87-cd924810 (downloaded: 2026-06-08 07:25:23.848054+00:00)
2026-08-01 12:59:19 | INFO | Found latest version of tr87: tr87-cd924810 (downloaded: 2026-06-08 07:25:23.848054+00:00)
2026-08-01 12:59:19 | INFO | Found latest version of tr87: tr87-cd924810 (downloaded: 2026-06-08 07:25:23.848054+00:00)
2026-08-01 12:59:19 | INFO | Found latest version of tr87: tr87-cd924810 (downloaded: 2026-06-08 07:25:23.848054+00:00)
2026-08-01 12:59:19 | INFO | Found latest version of tr87: tr87-cd924810 (downloaded: 2026-06-08 07:25:23.848054+00:00)
2026-08-01 12:59:19 | INFO | Found latest version of tr87: tr87-cd924810 (downloaded: 2026-06-08 07:25:23.848054+00:00)
2026-08-01 12:59:19 | INFO | Found latest version of tr87: tr87-cd924810 (downloaded: 2026-06-08 07:25:23.848054+00:00)
2026-08-01 12:59:19 | INFO | Found latest version of tr87: tr87-cd924810 (downloaded: 2026-06-08 07:25:23.848054+00:00)
2026-08-01 12:59:19 | INFO | Found latest version of tr87: tr87-cd924810 (downloaded: 2026-06-08 07:25:23.848054+00:00)
2026-08-01 12:59:19 | INFO | Found latest version of tr87: tr87-cd924810 (downloaded: 2026-06-08 07:25:23.848054+00:00)
2026-08-01 12:59:19 | INFO | Found latest version of tr87: tr87-cd924810 (downloaded: 2026-06-08 07:25:23.848054+00:00)
2026-08-01 12:59:19 | INFO | Found latest version of tr87: tr87-cd924810 (downloaded: 2026-06-08 07:25:23.848054+00:00)
2026-08-01 12:59:19 | INFO | Found latest version of tr87: tr87-cd924810 (downloaded: 2026-06-08 07:25:23.848054+00:00)
2026-08-01 12:59:19 | INFO | Found latest version of tr87: tr87-cd924810 (downloaded: 2026-06-08 07:25:23.848054+00:00)
2026-08-01 12:59:19 | INFO | Found latest version of tr87: tr87-cd924810 (downloaded: 2026-06-08 07:25:23.848054+00:00)
2026-08-01 12:59:19 | INFO | Found latest version of tr87: tr87-cd924810 (downloaded: 2026-06-08 07:25:23.848054+00:00)
2026-08-01 12:59:19 | INFO | Found latest version of tr87: tr87-cd924810 (downloaded: 2026-06-08 07:25:23.848054+00:00)
2026-08-01 12:59:19 | INFO | Found latest version of tr87: tr87-cd924810 (downloaded: 2026-06-08 07:25:23.848054+00:00)
2026-08-01 12:59:19 | INFO | Found latest version of tr87: tr87-cd924810 (downloaded: 2026-06-08 07:25:23.848054+00:00)
2026-08-01 12:59:19 | INFO | Found latest version of tr87: tr87-cd924810 (downloaded: 2026-06-08 07:25:23.848054+00:00)
2026-08-01 12:59:19 | INFO | Found latest version of tr87: tr87-cd924810 (downloaded: 2026-06-08 07:25:23.848054+00:00)
2026-08-01 12:59:19 | INFO | Found latest version of tr87: tr87-cd924810 (downloaded: 2026-06-08 07:25:23.848054+00:00)
2026-08-01 12:59:19 | INFO | Found latest version of tr87: tr87-cd924810 (downloaded: 2026-06-08 07:25:23.848054+00:00)
2026-08-01 12:59:19 | INFO | Found latest version of tr87: tr87-cd924810 (downloaded: 2026-06-08 07:25:23.848054+00:00)
2026-08-01 12:59:19 | INFO | Found latest version of tr87: tr87-cd924810 (downloaded: 2026-06-08 07:25:23.848054+00:00)
2026-08-01 12:59:19 | INFO | Found latest version of tr87: tr87-cd924810 (downloaded: 2026-06-08 07:25:23.848054+00:00)
2026-08-01 12:59:19 | INFO | Found latest version of tr87: tr87-cd924810 (downloaded: 2026-06-08 07:25:23.848054+00:00)
2026-08-01 12:59:19 | INFO | Found latest version of tr87: tr87-cd924810 (downloaded: 2026-06-08 07:25:23.848054+00:00)
2026-08-01 12:59:19 | INFO | Found latest version of tr87: tr87-cd924810 (downloaded: 2026-06-08 07:25:23.848054+00:00)
2026-08-01 12:59:19 | INFO | Found latest version of tr87: tr87-cd924810 (downloaded: 2026-06-08 07:25:23.848054+00:00)
2026-08-01 12:59:19 | INFO | Found latest version of tr87: tr87-cd924810 (downloaded: 2026-06-08 07:25:23.848054+00:00)
2026-08-01 12:59:19 | INFO | Found latest version of tr87: tr87-cd924810 (downloaded: 2026-06-08 07:25:23.848054+00:00)
2026-08-01 12:59:19 | INFO | Found latest version of tr87: tr87-cd924810 (downloaded: 2026-06-08 07:25:23.848054+00:00)
2026-08-01 12:59:19 | INFO | Found latest version of tr87: tr87-cd924810 (downloaded: 2026-06-08 07:25:23.848054+00:00)
2026-08-01 12:59:19 | INFO | Found latest version of tr87: tr87-cd924810 (downloaded: 2026-06-08 07:25:23.848054+00:00)
2026-08-01 12:59:19 | INFO | Found latest version of tr87: tr87-cd924810 (downloaded: 2026-06-08 07:25:23.848054+00:00)
2026-08-01 12:59:19 | INFO | Found latest version of tr87: tr87-cd924810 (downloaded: 2026-06-08 07:25:23.848054+00:00)
2026-08-01 12:59:21 | INFO | Found latest version of tr87: tr87-cd924810 (downloaded: 2026-06-08 07:25:23.848054+00:00)
2026-08-01 12:59:21 | INFO | Found latest version of tr87: tr87-cd924810 (downloaded: 2026-06-08 07:25:23.848054+00:00)
2026-08-01 12:59:21 | INFO | Found latest version of tr87: tr87-cd924810 (downloaded: 2026-06-08 07:25:23.848054+00:00)
2026-08-01 12:59:21 | INFO | Found latest version of tr87: tr87-cd924810 (downloaded: 2026-06-08 07:25:23.848054+00:00)
2026-08-01 12:59:21 | INFO | Found latest version of tr87: tr87-cd924810 (downloaded: 2026-06-08 07:25:23.848054+00:00)
2026-08-01 12:59:21 | INFO | Found latest version of tr87: tr87-cd924810 (downloaded: 2026-06-08 07:25:23.848054+00:00)
2026-08-01 12:59:21 | INFO | Found latest version of tr87: tr87-cd924810 (downloaded: 2026-06-08 07:25:23.848054+00:00)
2026-08-01 12:59:21 | INFO | Found latest version of tr87: tr87-cd924810 (downloaded: 2026-06-08 07:25:23.848054+00:00)
2026-08-01 12:59:21 | INFO | Found latest version of tr87: tr87-cd924810 (downloaded: 2026-06-08 07:25:23.848054+00:00)
2026-08-01 12:59:21 | INFO | Found latest version of tr87: tr87-cd924810 (downloaded: 2026-06-08 07:25:23.848054+00:00)
2026-08-01 12:59:21 | INFO | Found latest version of tr87: tr87-cd924810 (downloaded: 2026-06-08 07:25:23.848054+00:00)
2026-08-01 12:59:21 | INFO | Found latest version of tr87: tr87-cd924810 (downloaded: 2026-06-08 07:25:23.848054+00:00)
2026-08-01 12:59:21 | INFO | Found latest version of tr87: tr87-cd924810 (downloaded: 2026-06-08 07:25:23.848054+00:00)
2026-08-01 12:59:21 | INFO | Found latest version of tr87: tr87-cd924810 (downloaded: 2026-06-08 07:25:23.848054+00:00)
2026-08-01 12:59:21 | INFO | Found latest version of tr87: tr87-cd924810 (downloaded: 2026-06-08 07:25:23.848054+00:00)
2026-08-01 12:59:21 | INFO | Found latest version of tr87: tr87-cd924810 (downloaded: 2026-06-08 07:25:23.848054+00:00)
2026-08-01 12:59:21 | INFO | Found latest version of tr87: tr87-cd924810 (downloaded: 2026-06-08 07:25:23.848054+00:00)
2026-08-01 12:59:22 | INFO | Found latest version of tr87: tr87-cd924810 (downloaded: 2026-06-08 07:25:23.848054+00:00)
2026-08-01 12:59:22 | INFO | Found latest version of tr87: tr87-cd924810 (downloaded: 2026-06-08 07:25:23.848054+00:00)
2026-08-01 12:59:22 | INFO | Found latest version of tr87: tr87-cd924810 (downloaded: 2026-06-08 07:25:23.848054+00:00)
2026-08-01 12:59:22 | INFO | Found latest version of tr87: tr87-cd924810 (downloaded: 2026-06-08 07:25:23.848054+00:00)
2026-08-01 12:59:22 | INFO | Found latest version of tr87: tr87-cd924810 (downloaded: 2026-06-08 07:25:23.848054+00:00)
2026-08-01 12:59:22 | INFO | Found latest version of tr87: tr87-cd924810 (downloaded: 2026-06-08 07:25:23.848054+00:00)
2026-08-01 12:59:22 | INFO | Found latest version of tr87: tr87-cd924810 (downloaded: 2026-06-08 07:25:23.848054+00:00)
2026-08-01 12:59:22 | INFO | Found latest version of tr87: tr87-cd924810 (downloaded: 2026-06-08 07:25:23.848054+00:00)
2026-08-01 12:59:22 | INFO | Found latest version of tr87: tr87-cd924810 (downloaded: 2026-06-08 07:25:23.848054+00:00)
2026-08-01 12:59:22 | INFO | Found latest version of tr87: tr87-cd924810 (downloaded: 2026-06-08 07:25:23.848054+00:00)
2026-08-01 12:59:22 | INFO | Found latest version of tr87: tr87-cd924810 (downloaded: 2026-06-08 07:25:23.848054+00:00)
2026-08-01 12:59:22 | INFO | Found latest version of tr87: tr87-cd924810 (downloaded: 2026-06-08 07:25:23.848054+00:00)
2026-08-01 12:59:22 | INFO | Found latest version of tr87: tr87-cd924810 (downloaded: 2026-06-08 07:25:23.848054+00:00)
2026-08-01 12:59:22 | INFO | Found latest version of tr87: tr87-cd924810 (downloaded: 2026-06-08 07:25:23.848054+00:00)
2026-08-01 12:59:22 | INFO | Found latest version of tr87: tr87-cd924810 (downloaded: 2026-06-08 07:25:23.848054+00:00)
2026-08-01 12:59:22 | INFO | Found latest version of tr87: tr87-cd924810 (downloaded: 2026-06-08 07:25:23.848054+00:00)
2026-08-01 12:59:22 | INFO | Found latest version of tr87: tr87-cd924810 (downloaded: 2026-06-08 07:25:23.848054+00:00)
2026-08-01 12:59:22 | INFO | Found latest version of tr87: tr87-cd924810 (downloaded: 2026-06-08 07:25:23.848054+00:00)
2026-08-01 12:59:22 | INFO | Found latest version of tr87: tr87-cd924810 (downloaded: 2026-06-08 07:25:23.848054+00:00)
2026-08-01 12:59:22 | INFO | Found latest version of tr87: tr87-cd924810 (downloaded: 2026-06-08 07:25:23.848054+00:00)
2026-08-01 12:59:22 | INFO | Found latest version of tr87: tr87-cd924810 (downloaded: 2026-06-08 07:25:23.848054+00:00)
2026-08-01 12:59:22 | INFO | Found latest version of tr87: tr87-cd924810 (downloaded: 2026-06-08 07:25:23.848054+00:00)
2026-08-01 12:59:22 | INFO | Found latest version of tr87: tr87-cd924810 (downloaded: 2026-06-08 07:25:23.848054+00:00)
2026-08-01 12:59:22 | INFO | Found latest version of tr87: tr87-cd924810 (downloaded: 2026-06-08 07:25:23.848054+00:00)
2026-08-01 12:59:22 | INFO | Found latest version of tr87: tr87-cd924810 (downloaded: 2026-06-08 07:25:23.848054+00:00)
2026-08-01 12:59:22 | INFO | Found latest version of tr87: tr87-cd924810 (downloaded: 2026-06-08 07:25:23.848054+00:00)
2026-08-01 12:59:22 | INFO | Found latest version of tr87: tr87-cd924810 (downloaded: 2026-06-08 07:25:23.848054+00:00)
2026-08-01 12:59:22 | INFO | Found latest version of tr87: tr87-cd924810 (downloaded: 2026-06-08 07:25:23.848054+00:00)
2026-08-01 12:59:22 | INFO | Found latest version of tr87: tr87-cd924810 (downloaded: 2026-06-08 07:25:23.848054+00:00)
2026-08-01 12:59:22 | INFO | Found latest version of tr87: tr87-cd924810 (downloaded: 2026-06-08 07:25:23.848054+00:00)
2026-08-01 12:59:22 | INFO | Found latest version of tr87: tr87-cd924810 (downloaded: 2026-06-08 07:25:23.848054+00:00)
2026-08-01 12:59:22 | INFO | Found latest version of tr87: tr87-cd924810 (downloaded: 2026-06-08 07:25:23.848054+00:00)
2026-08-01 12:59:22 | INFO | Found latest version of tr87: tr87-cd924810 (downloaded: 2026-06-08 07:25:23.848054+00:00)
2026-08-01 12:59:22 | INFO | Found latest version of tr87: tr87-cd924810 (downloaded: 2026-06-08 07:25:23.848054+00:00)
2026-08-01 12:59:22 | INFO | Found latest version of tr87: tr87-cd924810 (downloaded: 2026-06-08 07:25:23.848054+00:00)
2026-08-01 12:59:22 | INFO | Found latest version of tr87: tr87-cd924810 (downloaded: 2026-06-08 07:25:23.848054+00:00)
2026-08-01 12:59:22 | INFO | Found latest version of tr87: tr87-cd924810 (downloaded: 2026-06-08 07:25:23.848054+00:00)
2026-08-01 12:59:22 | INFO | Found latest version of tr87: tr87-cd924810 (downloaded: 2026-06-08 07:25:23.848054+00:00)
2026-08-01 12:59:22 | INFO | Found latest version of tr87: tr87-cd924810 (downloaded: 2026-06-08 07:25:23.848054+00:00)
2026-08-01 12:59:22 | INFO | Found latest version of tr87: tr87-cd924810 (downloaded: 2026-06-08 07:25:23.848054+00:00)
2026-08-01 12:59:22 | INFO | Found latest version of tr87: tr87-cd924810 (downloaded: 2026-06-08 07:25:23.848054+00:00)
2026-08-01 12:59:22 | INFO | Found latest version of tr87: tr87-cd924810 (downloaded: 2026-06-08 07:25:23.848054+00:00)
2026-08-01 12:59:22 | INFO | Found latest version of tr87: tr87-cd924810 (downloaded: 2026-06-08 07:25:23.848054+00:00)
2026-08-01 12:59:22 | INFO | Found latest version of tr87: tr87-cd924810 (downloaded: 2026-06-08 07:25:23.848054+00:00)
2026-08-01 12:59:22 | INFO | Found latest version of tr87: tr87-cd924810 (downloaded: 2026-06-08 07:25:23.848054+00:00)
2026-08-01 12:59:22 | INFO | Found latest version of tr87: tr87-cd924810 (downloaded: 2026-06-08 07:25:23.848054+00:00)
2026-08-01 12:59:24 | INFO | Found latest version of tr87: tr87-cd924810 (downloaded: 2026-06-08 07:25:23.848054+00:00)
2026-08-01 12:59:24 | INFO | Found latest version of tr87: tr87-cd924810 (downloaded: 2026-06-08 07:25:23.848054+00:00)
2026-08-01 12:59:24 | INFO | Found latest version of tr87: tr87-cd924810 (downloaded: 2026-06-08 07:25:23.848054+00:00)
2026-08-01 12:59:24 | INFO | Found latest version of tr87: tr87-cd924810 (downloaded: 2026-06-08 07:25:23.848054+00:00)
2026-08-01 12:59:24 | INFO | Found latest version of tr87: tr87-cd924810 (downloaded: 2026-06-08 07:25:23.848054+00:00)
2026-08-01 12:59:24 | INFO | Found latest version of tr87: tr87-cd924810 (downloaded: 2026-06-08 07:25:23.848054+00:00)
2026-08-01 12:59:24 | INFO | Found latest version of tr87: tr87-cd924810 (downloaded: 2026-06-08 07:25:23.848054+00:00)
2026-08-01 12:59:24 | INFO | Found latest version of tr87: tr87-cd924810 (downloaded: 2026-06-08 07:25:23.848054+00:00)
2026-08-01 12:59:24 | INFO | Found latest version of tr87: tr87-cd924810 (downloaded: 2026-06-08 07:25:23.848054+00:00)
2026-08-01 12:59:24 | INFO | Found latest version of tr87: tr87-cd924810 (downloaded: 2026-06-08 07:25:23.848054+00:00)
2026-08-01 12:59:24 | INFO | Found latest version of tr87: tr87-cd924810 (downloaded: 2026-06-08 07:25:23.848054+00:00)
2026-08-01 12:59:24 | INFO | Found latest version of tr87: tr87-cd924810 (downloaded: 2026-06-08 07:25:23.848054+00:00)
2026-08-01 12:59:24 | INFO | Found latest version of tr87: tr87-cd924810 (downloaded: 2026-06-08 07:25:23.848054+00:00)
2026-08-01 12:59:24 | INFO | Found latest version of tr87: tr87-cd924810 (downloaded: 2026-06-08 07:25:23.848054+00:00)
2026-08-01 12:59:24 | INFO | Found latest version of tr87: tr87-cd924810 (downloaded: 2026-06-08 07:25:23.848054+00:00)
2026-08-01 12:59:24 | INFO | Found latest version of tr87: tr87-cd924810 (downloaded: 2026-06-08 07:25:23.848054+00:00)
2026-08-01 12:59:24 | INFO | Found latest version of tr87: tr87-cd924810 (downloaded: 2026-06-08 07:25:23.848054+00:00)
2026-08-01 12:59:24 | INFO | Found latest version of tr87: tr87-cd924810 (downloaded: 2026-06-08 07:25:23.848054+00:00)
2026-08-01 12:59:24 | INFO | Found latest version of tr87: tr87-cd924810 (downloaded: 2026-06-08 07:25:23.848054+00:00)
2026-08-01 12:59:24 | INFO | Found latest version of tr87: tr87-cd924810 (downloaded: 2026-06-08 07:25:23.848054+00:00)
2026-08-01 12:59:24 | INFO | Found latest version of tr87: tr87-cd924810 (downloaded: 2026-06-08 07:25:23.848054+00:00)
2026-08-01 12:59:24 | INFO | Found latest version of tr87: tr87-cd924810 (downloaded: 2026-06-08 07:25:23.848054+00:00)
2026-08-01 12:59:24 | INFO | Found latest version of tr87: tr87-cd924810 (downloaded: 2026-06-08 07:25:23.848054+00:00)
2026-08-01 12:59:24 | INFO | Found latest version of tr87: tr87-cd924810 (downloaded: 2026-06-08 07:25:23.848054+00:00)
2026-08-01 12:59:24 | INFO | Found latest version of tr87: tr87-cd924810 (downloaded: 2026-06-08 07:25:23.848054+00:00)
2026-08-01 12:59:24 | INFO | Found latest version of tr87: tr87-cd924810 (downloaded: 2026-06-08 07:25:23.848054+00:00)
2026-08-01 12:59:24 | INFO | Found latest version of tr87: tr87-cd924810 (downloaded: 2026-06-08 07:25:23.848054+00:00)
2026-08-01 12:59:24 | INFO | Found latest version of tr87: tr87-cd924810 (downloaded: 2026-06-08 07:25:23.848054+00:00)
2026-08-01 12:59:24 | INFO | Found latest version of tr87: tr87-cd924810 (downloaded: 2026-06-08 07:25:23.848054+00:00)
2026-08-01 12:59:24 | INFO | Found latest version of tr87: tr87-cd924810 (downloaded: 2026-06-08 07:25:23.848054+00:00)
2026-08-01 12:59:24 | INFO | Found latest version of tr87: tr87-cd924810 (downloaded: 2026-06-08 07:25:23.848054+00:00)
2026-08-01 12:59:24 | INFO | Found latest version of tr87: tr87-cd924810 (downloaded: 2026-06-08 07:25:23.848054+00:00)
2026-08-01 12:59:24 | INFO | Found latest version of tr87: tr87-cd924810 (downloaded: 2026-06-08 07:25:23.848054+00:00)
2026-08-01 12:59:24 | INFO | Found latest version of tr87: tr87-cd924810 (downloaded: 2026-06-08 07:25:23.848054+00:00)
2026-08-01 12:59:24 | INFO | Found latest version of tr87: tr87-cd924810 (downloaded: 2026-06-08 07:25:23.848054+00:00)
2026-08-01 12:59:24 | INFO | Found latest version of tr87: tr87-cd924810 (downloaded: 2026-06-08 07:25:23.848054+00:00)
2026-08-01 12:59:24 | INFO | Found latest version of tr87: tr87-cd924810 (downloaded: 2026-06-08 07:25:23.848054+00:00)
2026-08-01 12:59:24 | INFO | Found latest version of tr87: tr87-cd924810 (downloaded: 2026-06-08 07:25:23.848054+00:00)
2026-08-01 12:59:24 | INFO | Found latest version of tr87: tr87-cd924810 (downloaded: 2026-06-08 07:25:23.848054+00:00)
2026-08-01 12:59:24 | INFO | Found latest version of tr87: tr87-cd924810 (downloaded: 2026-06-08 07:25:23.848054+00:00)
2026-08-01 12:59:24 | INFO | Found latest version of tr87: tr87-cd924810 (downloaded: 2026-06-08 07:25:23.848054+00:00)
2026-08-01 12:59:24 | INFO | Found latest version of tr87: tr87-cd924810 (downloaded: 2026-06-08 07:25:23.848054+00:00)
2026-08-01 12:59:24 | INFO | Found latest version of tr87: tr87-cd924810 (downloaded: 2026-06-08 07:25:23.848054+00:00)
2026-08-01 12:59:24 | INFO | Found latest version of tr87: tr87-cd924810 (downloaded: 2026-06-08 07:25:23.848054+00:00)
2026-08-01 12:59:24 | INFO | Found latest version of tr87: tr87-cd924810 (downloaded: 2026-06-08 07:25:23.848054+00:00)
2026-08-01 12:59:24 | INFO | Found latest version of tr87: tr87-cd924810 (downloaded: 2026-06-08 07:25:23.848054+00:00)
2026-08-01 12:59:24 | INFO | Found latest version of tr87: tr87-cd924810 (downloaded: 2026-06-08 07:25:23.848054+00:00)
2026-08-01 12:59:24 | INFO | Found latest version of tr87: tr87-cd924810 (downloaded: 2026-06-08 07:25:23.848054+00:00)
2026-08-01 12:59:24 | INFO | Found latest version of tr87: tr87-cd924810 (downloaded: 2026-06-08 07:25:23.848054+00:00)
2026-08-01 12:59:24 | INFO | Found latest version of tr87: tr87-cd924810 (downloaded: 2026-06-08 07:25:23.848054+00:00)
2026-08-01 12:59:24 | INFO | Found latest version of tr87: tr87-cd924810 (downloaded: 2026-06-08 07:25:23.848054+00:00)
2026-08-01 12:59:24 | INFO | Found latest version of tr87: tr87-cd924810 (downloaded: 2026-06-08 07:25:23.848054+00:00)
2026-08-01 12:59:24 | INFO | Found latest version of tr87: tr87-cd924810 (downloaded: 2026-06-08 07:25:23.848054+00:00)
2026-08-01 12:59:24 | INFO | Found latest version of tr87: tr87-cd924810 (downloaded: 2026-06-08 07:25:23.848054+00:00)
2026-08-01 12:59:24 | INFO | Found latest version of tr87: tr87-cd924810 (downloaded: 2026-06-08 07:25:23.848054+00:00)
2026-08-01 12:59:24 | INFO | Found latest version of tr87: tr87-cd924810 (downloaded: 2026-06-08 07:25:23.848054+00:00)
2026-08-01 12:59:24 | INFO | Found latest version of tr87: tr87-cd924810 (downloaded: 2026-06-08 07:25:23.848054+00:00)
2026-08-01 12:59:24 | INFO | Found latest version of tr87: tr87-cd924810 (downloaded: 2026-06-08 07:25:23.848054+00:00)
2026-08-01 12:59:24 | INFO | Found latest version of tr87: tr87-cd924810 (downloaded: 2026-06-08 07:25:23.848054+00:00)
2026-08-01 12:59:24 | INFO | Found latest version of tr87: tr87-cd924810 (downloaded: 2026-06-08 07:25:23.848054+00:00)
2026-08-01 12:59:24 | INFO | Found latest version of tr87: tr87-cd924810 (downloaded: 2026-06-08 07:25:23.848054+00:00)
2026-08-01 12:59:24 | INFO | Found latest version of tr87: tr87-cd924810 (downloaded: 2026-06-08 07:25:23.848054+00:00)
2026-08-01 12:59:26 | INFO | Found latest version of tr87: tr87-cd924810 (downloaded: 2026-06-08 07:25:23.848054+00:00)
2026-08-01 12:59:26 | INFO | Found latest version of tr87: tr87-cd924810 (downloaded: 2026-06-08 07:25:23.848054+00:00)
2026-08-01 12:59:26 | INFO | Found latest version of tr87: tr87-cd924810 (downloaded: 2026-06-08 07:25:23.848054+00:00)
2026-08-01 12:59:26 | INFO | Found latest version of tr87: tr87-cd924810 (downloaded: 2026-06-08 07:25:23.848054+00:00)
2026-08-01 12:59:26 | INFO | Found latest version of tr87: tr87-cd924810 (downloaded: 2026-06-08 07:25:23.848054+00:00)
2026-08-01 12:59:26 | INFO | Found latest version of tr87: tr87-cd924810 (downloaded: 2026-06-08 07:25:23.848054+00:00)
2026-08-01 12:59:26 | INFO | Found latest version of tr87: tr87-cd924810 (downloaded: 2026-06-08 07:25:23.848054+00:00)
2026-08-01 12:59:26 | INFO | Found latest version of tr87: tr87-cd924810 (downloaded: 2026-06-08 07:25:23.848054+00:00)
2026-08-01 12:59:26 | INFO | Found latest version of tr87: tr87-cd924810 (downloaded: 2026-06-08 07:25:23.848054+00:00)
2026-08-01 12:59:26 | INFO | Found latest version of tr87: tr87-cd924810 (downloaded: 2026-06-08 07:25:23.848054+00:00)
2026-08-01 12:59:26 | INFO | Found latest version of tr87: tr87-cd924810 (downloaded: 2026-06-08 07:25:23.848054+00:00)
2026-08-01 12:59:26 | INFO | Found latest version of tr87: tr87-cd924810 (downloaded: 2026-06-08 07:25:23.848054+00:00)
2026-08-01 12:59:26 | INFO | Found latest version of tr87: tr87-cd924810 (downloaded: 2026-06-08 07:25:23.848054+00:00)
2026-08-01 12:59:26 | INFO | Found latest version of tr87: tr87-cd924810 (downloaded: 2026-06-08 07:25:23.848054+00:00)
2026-08-01 12:59:26 | INFO | Found latest version of tr87: tr87-cd924810 (downloaded: 2026-06-08 07:25:23.848054+00:00)
2026-08-01 12:59:26 | INFO | Found latest version of tr87: tr87-cd924810 (downloaded: 2026-06-08 07:25:23.848054+00:00)
2026-08-01 12:59:26 | INFO | Found latest version of tr87: tr87-cd924810 (downloaded: 2026-06-08 07:25:23.848054+00:00)
2026-08-01 12:59:26 | INFO | Found latest version of tr87: tr87-cd924810 (downloaded: 2026-06-08 07:25:23.848054+00:00)
2026-08-01 12:59:26 | INFO | Found latest version of tr87: tr87-cd924810 (downloaded: 2026-06-08 07:25:23.848054+00:00)
2026-08-01 12:59:26 | INFO | Found latest version of tr87: tr87-cd924810 (downloaded: 2026-06-08 07:25:23.848054+00:00)
2026-08-01 12:59:26 | INFO | Found latest version of tr87: tr87-cd924810 (downloaded: 2026-06-08 07:25:23.848054+00:00)
2026-08-01 12:59:26 | INFO | Found latest version of tr87: tr87-cd924810 (downloaded: 2026-06-08 07:25:23.848054+00:00)
2026-08-01 12:59:26 | INFO | Found latest version of tr87: tr87-cd924810 (downloaded: 2026-06-08 07:25:23.848054+00:00)
2026-08-01 12:59:27 | INFO | Found latest version of tr87: tr87-cd924810 (downloaded: 2026-06-08 07:25:23.848054+00:00)
2026-08-01 12:59:27 | INFO | Found latest version of tr87: tr87-cd924810 (downloaded: 2026-06-08 07:25:23.848054+00:00)
2026-08-01 12:59:27 | INFO | Found latest version of tr87: tr87-cd924810 (downloaded: 2026-06-08 07:25:23.848054+00:00)
2026-08-01 12:59:27 | INFO | Found latest version of tr87: tr87-cd924810 (downloaded: 2026-06-08 07:25:23.848054+00:00)
2026-08-01 12:59:27 | INFO | Found latest version of tr87: tr87-cd924810 (downloaded: 2026-06-08 07:25:23.848054+00:00)
2026-08-01 12:59:27 | INFO | Found latest version of tr87: tr87-cd924810 (downloaded: 2026-06-08 07:25:23.848054+00:00)
2026-08-01 12:59:27 | INFO | Found latest version of tr87: tr87-cd924810 (downloaded: 2026-06-08 07:25:23.848054+00:00)
2026-08-01 12:59:27 | INFO | Found latest version of tr87: tr87-cd924810 (downloaded: 2026-06-08 07:25:23.848054+00:00)
2026-08-01 12:59:27 | INFO | Found latest version of tr87: tr87-cd924810 (downloaded: 2026-06-08 07:25:23.848054+00:00)
2026-08-01 12:59:27 | INFO | Found latest version of tr87: tr87-cd924810 (downloaded: 2026-06-08 07:25:23.848054+00:00)
2026-08-01 12:59:27 | INFO | Found latest version of tr87: tr87-cd924810 (downloaded: 2026-06-08 07:25:23.848054+00:00)
2026-08-01 12:59:27 | INFO | Found latest version of tr87: tr87-cd924810 (downloaded: 2026-06-08 07:25:23.848054+00:00)
2026-08-01 12:59:27 | INFO | Found latest version of tr87: tr87-cd924810 (downloaded: 2026-06-08 07:25:23.848054+00:00)
2026-08-01 12:59:27 | INFO | Found latest version of tr87: tr87-cd924810 (downloaded: 2026-06-08 07:25:23.848054+00:00)
2026-08-01 12:59:27 | INFO | Found latest version of tr87: tr87-cd924810 (downloaded: 2026-06-08 07:25:23.848054+00:00)
2026-08-01 12:59:27 | INFO | Found latest version of tr87: tr87-cd924810 (downloaded: 2026-06-08 07:25:23.848054+00:00)
2026-08-01 12:59:27 | INFO | Found latest version of tr87: tr87-cd924810 (downloaded: 2026-06-08 07:25:23.848054+00:00)
2026-08-01 12:59:27 | INFO | Found latest version of tr87: tr87-cd924810 (downloaded: 2026-06-08 07:25:23.848054+00:00)
2026-08-01 12:59:27 | INFO | Found latest version of tr87: tr87-cd924810 (downloaded: 2026-06-08 07:25:23.848054+00:00)
2026-08-01 12:59:27 | INFO | Found latest version of tr87: tr87-cd924810 (downloaded: 2026-06-08 07:25:23.848054+00:00)
2026-08-01 12:59:27 | INFO | Found latest version of tr87: tr87-cd924810 (downloaded: 2026-06-08 07:25:23.848054+00:00)
2026-08-01 12:59:27 | INFO | Found latest version of tr87: tr87-cd924810 (downloaded: 2026-06-08 07:25:23.848054+00:00)
2026-08-01 12:59:27 | INFO | Found latest version of tr87: tr87-cd924810 (downloaded: 2026-06-08 07:25:23.848054+00:00)
2026-08-01 12:59:27 | INFO | Found latest version of tr87: tr87-cd924810 (downloaded: 2026-06-08 07:25:23.848054+00:00)
2026-08-01 12:59:27 | INFO | Found latest version of tr87: tr87-cd924810 (downloaded: 2026-06-08 07:25:23.848054+00:00)
2026-08-01 12:59:27 | INFO | Found latest version of tr87: tr87-cd924810 (downloaded: 2026-06-08 07:25:23.848054+00:00)
2026-08-01 12:59:27 | INFO | Found latest version of tr87: tr87-cd924810 (downloaded: 2026-06-08 07:25:23.848054+00:00)
2026-08-01 12:59:27 | INFO | Found latest version of tr87: tr87-cd924810 (downloaded: 2026-06-08 07:25:23.848054+00:00)
2026-08-01 12:59:27 | INFO | Found latest version of tr87: tr87-cd924810 (downloaded: 2026-06-08 07:25:23.848054+00:00)
2026-08-01 12:59:27 | INFO | Found latest version of tr87: tr87-cd924810 (downloaded: 2026-06-08 07:25:23.848054+00:00)
2026-08-01 12:59:27 | INFO | Found latest version of tr87: tr87-cd924810 (downloaded: 2026-06-08 07:25:23.848054+00:00)
2026-08-01 12:59:27 | INFO | Found latest version of tr87: tr87-cd924810 (downloaded: 2026-06-08 07:25:23.848054+00:00)
2026-08-01 12:59:27 | INFO | Found latest version of tr87: tr87-cd924810 (downloaded: 2026-06-08 07:25:23.848054+00:00)
2026-08-01 12:59:27 | INFO | Found latest version of tr87: tr87-cd924810 (downloaded: 2026-06-08 07:25:23.848054+00:00)
2026-08-01 12:59:27 | INFO | Found latest version of tr87: tr87-cd924810 (downloaded: 2026-06-08 07:25:23.848054+00:00)
2026-08-01 12:59:27 | INFO | Found latest version of tr87: tr87-cd924810 (downloaded: 2026-06-08 07:25:23.848054+00:00)
2026-08-01 12:59:27 | INFO | Found latest version of tr87: tr87-cd924810 (downloaded: 2026-06-08 07:25:23.848054+00:00)
2026-08-01 12:59:27 | INFO | Found latest version of tr87: tr87-cd924810 (downloaded: 2026-06-08 07:25:23.848054+00:00)
2026-08-01 12:59:27 | INFO | Found latest version of tr87: tr87-cd924810 (downloaded: 2026-06-08 07:25:23.848054+00:00)
2026-08-01 12:59:27 | INFO | Found latest version of tr87: tr87-cd924810 (downloaded: 2026-06-08 07:25:23.848054+00:00)
2026-08-01 12:59:29 | INFO | Found latest version of tr87: tr87-cd924810 (downloaded: 2026-06-08 07:25:23.848054+00:00)
2026-08-01 12:59:29 | INFO | Found latest version of tr87: tr87-cd924810 (downloaded: 2026-06-08 07:25:23.848054+00:00)
2026-08-01 12:59:29 | INFO | Found latest version of tr87: tr87-cd924810 (downloaded: 2026-06-08 07:25:23.848054+00:00)
2026-08-01 12:59:29 | INFO | Found latest version of tr87: tr87-cd924810 (downloaded: 2026-06-08 07:25:23.848054+00:00)
2026-08-01 12:59:29 | INFO | Found latest version of tr87: tr87-cd924810 (downloaded: 2026-06-08 07:25:23.848054+00:00)
2026-08-01 12:59:29 | INFO | Found latest version of tr87: tr87-cd924810 (downloaded: 2026-06-08 07:25:23.848054+00:00)
2026-08-01 12:59:29 | INFO | Found latest version of tr87: tr87-cd924810 (downloaded: 2026-06-08 07:25:23.848054+00:00)
2026-08-01 12:59:29 | INFO | Found latest version of tr87: tr87-cd924810 (downloaded: 2026-06-08 07:25:23.848054+00:00)
2026-08-01 12:59:29 | INFO | Found latest version of tr87: tr87-cd924810 (downloaded: 2026-06-08 07:25:23.848054+00:00)
2026-08-01 12:59:29 | INFO | Found latest version of tr87: tr87-cd924810 (downloaded: 2026-06-08 07:25:23.848054+00:00)
2026-08-01 12:59:29 | INFO | Found latest version of tr87: tr87-cd924810 (downloaded: 2026-06-08 07:25:23.848054+00:00)
2026-08-01 12:59:29 | INFO | Found latest version of tr87: tr87-cd924810 (downloaded: 2026-06-08 07:25:23.848054+00:00)
2026-08-01 12:59:29 | INFO | Found latest version of tr87: tr87-cd924810 (downloaded: 2026-06-08 07:25:23.848054+00:00)
2026-08-01 12:59:29 | INFO | Found latest version of tr87: tr87-cd924810 (downloaded: 2026-06-08 07:25:23.848054+00:00)
2026-08-01 12:59:29 | INFO | Found latest version of tr87: tr87-cd924810 (downloaded: 2026-06-08 07:25:23.848054+00:00)
2026-08-01 12:59:29 | INFO | Found latest version of tr87: tr87-cd924810 (downloaded: 2026-06-08 07:25:23.848054+00:00)
2026-08-01 12:59:29 | INFO | Found latest version of tr87: tr87-cd924810 (downloaded: 2026-06-08 07:25:23.848054+00:00)
2026-08-01 12:59:29 | INFO | Found latest version of tr87: tr87-cd924810 (downloaded: 2026-06-08 07:25:23.848054+00:00)
2026-08-01 12:59:29 | INFO | Found latest version of tr87: tr87-cd924810 (downloaded: 2026-06-08 07:25:23.848054+00:00)
2026-08-01 12:59:29 | INFO | Found latest version of tr87: tr87-cd924810 (downloaded: 2026-06-08 07:25:23.848054+00:00)
2026-08-01 12:59:29 | INFO | Found latest version of tr87: tr87-cd924810 (downloaded: 2026-06-08 07:25:23.848054+00:00)
2026-08-01 12:59:29 | INFO | Found latest version of tr87: tr87-cd924810 (downloaded: 2026-06-08 07:25:23.848054+00:00)
2026-08-01 12:59:29 | INFO | Found latest version of tr87: tr87-cd924810 (downloaded: 2026-06-08 07:25:23.848054+00:00)
2026-08-01 12:59:29 | INFO | Found latest version of tr87: tr87-cd924810 (downloaded: 2026-06-08 07:25:23.848054+00:00)
2026-08-01 12:59:29 | INFO | Found latest version of tr87: tr87-cd924810 (downloaded: 2026-06-08 07:25:23.848054+00:00)
2026-08-01 12:59:29 | INFO | Found latest version of tr87: tr87-cd924810 (downloaded: 2026-06-08 07:25:23.848054+00:00)
2026-08-01 12:59:29 | INFO | Found latest version of tr87: tr87-cd924810 (downloaded: 2026-06-08 07:25:23.848054+00:00)
2026-08-01 12:59:29 | INFO | Found latest version of tr87: tr87-cd924810 (downloaded: 2026-06-08 07:25:23.848054+00:00)
2026-08-01 12:59:29 | INFO | Found latest version of tr87: tr87-cd924810 (downloaded: 2026-06-08 07:25:23.848054+00:00)
2026-08-01 12:59:29 | INFO | Found latest version of tr87: tr87-cd924810 (downloaded: 2026-06-08 07:25:23.848054+00:00)
2026-08-01 12:59:29 | INFO | Found latest version of tr87: tr87-cd924810 (downloaded: 2026-06-08 07:25:23.848054+00:00)
2026-08-01 12:59:29 | INFO | Found latest version of tr87: tr87-cd924810 (downloaded: 2026-06-08 07:25:23.848054+00:00)
2026-08-01 12:59:29 | INFO | Found latest version of tr87: tr87-cd924810 (downloaded: 2026-06-08 07:25:23.848054+00:00)
2026-08-01 12:59:29 | INFO | Found latest version of tr87: tr87-cd924810 (downloaded: 2026-06-08 07:25:23.848054+00:00)
2026-08-01 12:59:29 | INFO | Found latest version of tr87: tr87-cd924810 (downloaded: 2026-06-08 07:25:23.848054+00:00)
2026-08-01 12:59:29 | INFO | Found latest version of tr87: tr87-cd924810 (downloaded: 2026-06-08 07:25:23.848054+00:00)
2026-08-01 12:59:29 | INFO | Found latest version of tr87: tr87-cd924810 (downloaded: 2026-06-08 07:25:23.848054+00:00)
2026-08-01 12:59:29 | INFO | Found latest version of tr87: tr87-cd924810 (downloaded: 2026-06-08 07:25:23.848054+00:00)
2026-08-01 12:59:29 | INFO | Found latest version of tr87: tr87-cd924810 (downloaded: 2026-06-08 07:25:23.848054+00:00)
2026-08-01 12:59:29 | INFO | Found latest version of tr87: tr87-cd924810 (downloaded: 2026-06-08 07:25:23.848054+00:00)
2026-08-01 12:59:29 | INFO | Found latest version of tr87: tr87-cd924810 (downloaded: 2026-06-08 07:25:23.848054+00:00)
2026-08-01 12:59:29 | INFO | Found latest version of tr87: tr87-cd924810 (downloaded: 2026-06-08 07:25:23.848054+00:00)
2026-08-01 12:59:29 | INFO | Found latest version of tr87: tr87-cd924810 (downloaded: 2026-06-08 07:25:23.848054+00:00)
2026-08-01 12:59:29 | INFO | Found latest version of tr87: tr87-cd924810 (downloaded: 2026-06-08 07:25:23.848054+00:00)
2026-08-01 12:59:29 | INFO | Found latest version of tr87: tr87-cd924810 (downloaded: 2026-06-08 07:25:23.848054+00:00)
2026-08-01 12:59:29 | INFO | Found latest version of tr87: tr87-cd924810 (downloaded: 2026-06-08 07:25:23.848054+00:00)
2026-08-01 12:59:30 | INFO | Found latest version of tr87: tr87-cd924810 (downloaded: 2026-06-08 07:25:23.848054+00:00)
2026-08-01 12:59:30 | INFO | Found latest version of tr87: tr87-cd924810 (downloaded: 2026-06-08 07:25:23.848054+00:00)
2026-08-01 12:59:30 | INFO | Found latest version of tr87: tr87-cd924810 (downloaded: 2026-06-08 07:25:23.848054+00:00)
2026-08-01 12:59:30 | INFO | Found latest version of tr87: tr87-cd924810 (downloaded: 2026-06-08 07:25:23.848054+00:00)
2026-08-01 12:59:30 | INFO | Found latest version of tr87: tr87-cd924810 (downloaded: 2026-06-08 07:25:23.848054+00:00)
2026-08-01 12:59:30 | INFO | Found latest version of tr87: tr87-cd924810 (downloaded: 2026-06-08 07:25:23.848054+00:00)
2026-08-01 12:59:30 | INFO | Found latest version of tr87: tr87-cd924810 (downloaded: 2026-06-08 07:25:23.848054+00:00)
2026-08-01 12:59:30 | INFO | Found latest version of tr87: tr87-cd924810 (downloaded: 2026-06-08 07:25:23.848054+00:00)
2026-08-01 12:59:30 | INFO | Found latest version of tr87: tr87-cd924810 (downloaded: 2026-06-08 07:25:23.848054+00:00)
2026-08-01 12:59:30 | INFO | Found latest version of tr87: tr87-cd924810 (downloaded: 2026-06-08 07:25:23.848054+00:00)
2026-08-01 12:59:30 | INFO | Found latest version of tr87: tr87-cd924810 (downloaded: 2026-06-08 07:25:23.848054+00:00)
2026-08-01 12:59:30 | INFO | Found latest version of tr87: tr87-cd924810 (downloaded: 2026-06-08 07:25:23.848054+00:00)
2026-08-01 12:59:30 | INFO | Found latest version of tr87: tr87-cd924810 (downloaded: 2026-06-08 07:25:23.848054+00:00)
2026-08-01 12:59:30 | INFO | Found latest version of tr87: tr87-cd924810 (downloaded: 2026-06-08 07:25:23.848054+00:00)
2026-08-01 12:59:30 | INFO | Found latest version of tr87: tr87-cd924810 (downloaded: 2026-06-08 07:25:23.848054+00:00)
2026-08-01 12:59:30 | INFO | Found latest version of tr87: tr87-cd924810 (downloaded: 2026-06-08 07:25:23.848054+00:00)
2026-08-01 12:59:32 | INFO | Found latest version of tr87: tr87-cd924810 (downloaded: 2026-06-08 07:25:23.848054+00:00)
2026-08-01 12:59:32 | INFO | Found latest version of tr87: tr87-cd924810 (downloaded: 2026-06-08 07:25:23.848054+00:00)
2026-08-01 12:59:32 | INFO | Found latest version of tr87: tr87-cd924810 (downloaded: 2026-06-08 07:25:23.848054+00:00)
2026-08-01 12:59:32 | INFO | Found latest version of tr87: tr87-cd924810 (downloaded: 2026-06-08 07:25:23.848054+00:00)
2026-08-01 12:59:32 | INFO | Found latest version of tr87: tr87-cd924810 (downloaded: 2026-06-08 07:25:23.848054+00:00)
2026-08-01 12:59:32 | INFO | Found latest version of tr87: tr87-cd924810 (downloaded: 2026-06-08 07:25:23.848054+00:00)
2026-08-01 12:59:32 | INFO | Found latest version of tr87: tr87-cd924810 (downloaded: 2026-06-08 07:25:23.848054+00:00)
2026-08-01 12:59:32 | INFO | Found latest version of tr87: tr87-cd924810 (downloaded: 2026-06-08 07:25:23.848054+00:00)
2026-08-01 12:59:32 | INFO | Found latest version of tr87: tr87-cd924810 (downloaded: 2026-06-08 07:25:23.848054+00:00)
2026-08-01 12:59:32 | INFO | Found latest version of tr87: tr87-cd924810 (downloaded: 2026-06-08 07:25:23.848054+00:00)
2026-08-01 12:59:32 | INFO | Found latest version of tr87: tr87-cd924810 (downloaded: 2026-06-08 07:25:23.848054+00:00)
2026-08-01 12:59:32 | INFO | Found latest version of tr87: tr87-cd924810 (downloaded: 2026-06-08 07:25:23.848054+00:00)
2026-08-01 12:59:32 | INFO | Found latest version of tr87: tr87-cd924810 (downloaded: 2026-06-08 07:25:23.848054+00:00)
2026-08-01 12:59:32 | INFO | Found latest version of tr87: tr87-cd924810 (downloaded: 2026-06-08 07:25:23.848054+00:00)
2026-08-01 12:59:32 | INFO | Found latest version of tr87: tr87-cd924810 (downloaded: 2026-06-08 07:25:23.848054+00:00)
2026-08-01 12:59:32 | INFO | Found latest version of tr87: tr87-cd924810 (downloaded: 2026-06-08 07:25:23.848054+00:00)
2026-08-01 12:59:32 | INFO | Found latest version of tr87: tr87-cd924810 (downloaded: 2026-06-08 07:25:23.848054+00:00)
2026-08-01 12:59:32 | INFO | Found latest version of tr87: tr87-cd924810 (downloaded: 2026-06-08 07:25:23.848054+00:00)
2026-08-01 12:59:32 | INFO | Found latest version of tr87: tr87-cd924810 (downloaded: 2026-06-08 07:25:23.848054+00:00)
2026-08-01 12:59:32 | INFO | Found latest version of tr87: tr87-cd924810 (downloaded: 2026-06-08 07:25:23.848054+00:00)
2026-08-01 12:59:32 | INFO | Found latest version of tr87: tr87-cd924810 (downloaded: 2026-06-08 07:25:23.848054+00:00)
2026-08-01 12:59:32 | INFO | Found latest version of tr87: tr87-cd924810 (downloaded: 2026-06-08 07:25:23.848054+00:00)
2026-08-01 12:59:32 | INFO | Found latest version of tr87: tr87-cd924810 (downloaded: 2026-06-08 07:25:23.848054+00:00)
2026-08-01 12:59:32 | INFO | Found latest version of tr87: tr87-cd924810 (downloaded: 2026-06-08 07:25:23.848054+00:00)
2026-08-01 12:59:32 | INFO | Found latest version of tr87: tr87-cd924810 (downloaded: 2026-06-08 07:25:23.848054+00:00)
2026-08-01 12:59:32 | INFO | Found latest version of tr87: tr87-cd924810 (downloaded: 2026-06-08 07:25:23.848054+00:00)
2026-08-01 12:59:32 | INFO | Found latest version of tr87: tr87-cd924810 (downloaded: 2026-06-08 07:25:23.848054+00:00)
2026-08-01 12:59:32 | INFO | Found latest version of tr87: tr87-cd924810 (downloaded: 2026-06-08 07:25:23.848054+00:00)
2026-08-01 12:59:32 | INFO | Found latest version of tr87: tr87-cd924810 (downloaded: 2026-06-08 07:25:23.848054+00:00)
2026-08-01 12:59:32 | INFO | Found latest version of tr87: tr87-cd924810 (downloaded: 2026-06-08 07:25:23.848054+00:00)
2026-08-01 12:59:32 | INFO | Found latest version of tr87: tr87-cd924810 (downloaded: 2026-06-08 07:25:23.848054+00:00)
2026-08-01 12:59:32 | INFO | Found latest version of tr87: tr87-cd924810 (downloaded: 2026-06-08 07:25:23.848054+00:00)
2026-08-01 12:59:32 | INFO | Found latest version of tr87: tr87-cd924810 (downloaded: 2026-06-08 07:25:23.848054+00:00)
2026-08-01 12:59:32 | INFO | Found latest version of tr87: tr87-cd924810 (downloaded: 2026-06-08 07:25:23.848054+00:00)
2026-08-01 12:59:32 | INFO | Found latest version of tr87: tr87-cd924810 (downloaded: 2026-06-08 07:25:23.848054+00:00)
2026-08-01 12:59:32 | INFO | Found latest version of tr87: tr87-cd924810 (downloaded: 2026-06-08 07:25:23.848054+00:00)
2026-08-01 12:59:32 | INFO | Found latest version of tr87: tr87-cd924810 (downloaded: 2026-06-08 07:25:23.848054+00:00)
2026-08-01 12:59:32 | INFO | Found latest version of tr87: tr87-cd924810 (downloaded: 2026-06-08 07:25:23.848054+00:00)
2026-08-01 12:59:32 | INFO | Found latest version of tr87: tr87-cd924810 (downloaded: 2026-06-08 07:25:23.848054+00:00)
2026-08-01 12:59:32 | INFO | Found latest version of tr87: tr87-cd924810 (downloaded: 2026-06-08 07:25:23.848054+00:00)
2026-08-01 12:59:32 | INFO | Found latest version of tr87: tr87-cd924810 (downloaded: 2026-06-08 07:25:23.848054+00:00)
2026-08-01 12:59:32 | INFO | Found latest version of tr87: tr87-cd924810 (downloaded: 2026-06-08 07:25:23.848054+00:00)
2026-08-01 12:59:32 | INFO | Found latest version of tr87: tr87-cd924810 (downloaded: 2026-06-08 07:25:23.848054+00:00)
2026-08-01 12:59:32 | INFO | Found latest version of tr87: tr87-cd924810 (downloaded: 2026-06-08 07:25:23.848054+00:00)
2026-08-01 12:59:32 | INFO | Found latest version of tr87: tr87-cd924810 (downloaded: 2026-06-08 07:25:23.848054+00:00)
2026-08-01 12:59:32 | INFO | Found latest version of tr87: tr87-cd924810 (downloaded: 2026-06-08 07:25:23.848054+00:00)
2026-08-01 12:59:32 | INFO | Found latest version of tr87: tr87-cd924810 (downloaded: 2026-06-08 07:25:23.848054+00:00)
2026-08-01 12:59:32 | INFO | Found latest version of tr87: tr87-cd924810 (downloaded: 2026-06-08 07:25:23.848054+00:00)
2026-08-01 12:59:32 | INFO | Found latest version of tr87: tr87-cd924810 (downloaded: 2026-06-08 07:25:23.848054+00:00)
2026-08-01 12:59:32 | INFO | Found latest version of tr87: tr87-cd924810 (downloaded: 2026-06-08 07:25:23.848054+00:00)
2026-08-01 12:59:32 | INFO | Found latest version of tr87: tr87-cd924810 (downloaded: 2026-06-08 07:25:23.848054+00:00)
2026-08-01 12:59:32 | INFO | Found latest version of tr87: tr87-cd924810 (downloaded: 2026-06-08 07:25:23.848054+00:00)
2026-08-01 12:59:32 | INFO | Found latest version of tr87: tr87-cd924810 (downloaded: 2026-06-08 07:25:23.848054+00:00)
2026-08-01 12:59:32 | INFO | Found latest version of tr87: tr87-cd924810 (downloaded: 2026-06-08 07:25:23.848054+00:00)
2026-08-01 12:59:32 | INFO | Found latest version of tr87: tr87-cd924810 (downloaded: 2026-06-08 07:25:23.848054+00:00)
2026-08-01 12:59:32 | INFO | Found latest version of tr87: tr87-cd924810 (downloaded: 2026-06-08 07:25:23.848054+00:00)
2026-08-01 12:59:32 | INFO | Found latest version of tr87: tr87-cd924810 (downloaded: 2026-06-08 07:25:23.848054+00:00)
2026-08-01 12:59:32 | INFO | Found latest version of tr87: tr87-cd924810 (downloaded: 2026-06-08 07:25:23.848054+00:00)
2026-08-01 12:59:32 | INFO | Found latest version of tr87: tr87-cd924810 (downloaded: 2026-06-08 07:25:23.848054+00:00)
2026-08-01 12:59:32 | INFO | Found latest version of tr87: tr87-cd924810 (downloaded: 2026-06-08 07:25:23.848054+00:00)
2026-08-01 12:59:32 | INFO | Found latest version of tr87: tr87-cd924810 (downloaded: 2026-06-08 07:25:23.848054+00:00)
2026-08-01 12:59:32 | INFO | Found latest version of tr87: tr87-cd924810 (downloaded: 2026-06-08 07:25:23.848054+00:00)
2026-08-01 12:59:32 | INFO | Found latest version of tr87: tr87-cd924810 (downloaded: 2026-06-08 07:25:23.848054+00:00)
2026-08-01 12:59:34 | INFO | Found latest version of tr87: tr87-cd924810 (downloaded: 2026-06-08 07:25:23.848054+00:00)
2026-08-01 12:59:34 | INFO | Found latest version of tr87: tr87-cd924810 (downloaded: 2026-06-08 07:25:23.848054+00:00)
2026-08-01 12:59:34 | INFO | Found latest version of tr87: tr87-cd924810 (downloaded: 2026-06-08 07:25:23.848054+00:00)
2026-08-01 12:59:34 | INFO | Found latest version of tr87: tr87-cd924810 (downloaded: 2026-06-08 07:25:23.848054+00:00)
2026-08-01 12:59:34 | INFO | Found latest version of tr87: tr87-cd924810 (downloaded: 2026-06-08 07:25:23.848054+00:00)
2026-08-01 12:59:34 | INFO | Found latest version of tr87: tr87-cd924810 (downloaded: 2026-06-08 07:25:23.848054+00:00)
2026-08-01 12:59:34 | INFO | Found latest version of tr87: tr87-cd924810 (downloaded: 2026-06-08 07:25:23.848054+00:00)
2026-08-01 12:59:34 | INFO | Found latest version of tr87: tr87-cd924810 (downloaded: 2026-06-08 07:25:23.848054+00:00)
2026-08-01 12:59:34 | INFO | Found latest version of tr87: tr87-cd924810 (downloaded: 2026-06-08 07:25:23.848054+00:00)
2026-08-01 12:59:34 | INFO | Found latest version of tr87: tr87-cd924810 (downloaded: 2026-06-08 07:25:23.848054+00:00)
2026-08-01 12:59:34 | INFO | Found latest version of tr87: tr87-cd924810 (downloaded: 2026-06-08 07:25:23.848054+00:00)
2026-08-01 12:59:34 | INFO | Found latest version of tr87: tr87-cd924810 (downloaded: 2026-06-08 07:25:23.848054+00:00)
2026-08-01 12:59:35 | INFO | Found latest version of tr87: tr87-cd924810 (downloaded: 2026-06-08 07:25:23.848054+00:00)
2026-08-01 12:59:35 | INFO | Found latest version of tr87: tr87-cd924810 (downloaded: 2026-06-08 07:25:23.848054+00:00)
2026-08-01 12:59:35 | INFO | Found latest version of tr87: tr87-cd924810 (downloaded: 2026-06-08 07:25:23.848054+00:00)
2026-08-01 12:59:35 | INFO | Found latest version of tr87: tr87-cd924810 (downloaded: 2026-06-08 07:25:23.848054+00:00)
2026-08-01 12:59:35 | INFO | Found latest version of tr87: tr87-cd924810 (downloaded: 2026-06-08 07:25:23.848054+00:00)
2026-08-01 12:59:35 | INFO | Found latest version of tr87: tr87-cd924810 (downloaded: 2026-06-08 07:25:23.848054+00:00)
2026-08-01 12:59:35 | INFO | Found latest version of tr87: tr87-cd924810 (downloaded: 2026-06-08 07:25:23.848054+00:00)
2026-08-01 12:59:35 | INFO | Found latest version of tr87: tr87-cd924810 (downloaded: 2026-06-08 07:25:23.848054+00:00)
2026-08-01 12:59:35 | INFO | Found latest version of tr87: tr87-cd924810 (downloaded: 2026-06-08 07:25:23.848054+00:00)
2026-08-01 12:59:35 | INFO | Found latest version of tr87: tr87-cd924810 (downloaded: 2026-06-08 07:25:23.848054+00:00)
2026-08-01 12:59:35 | INFO | Found latest version of tr87: tr87-cd924810 (downloaded: 2026-06-08 07:25:23.848054+00:00)
2026-08-01 12:59:35 | INFO | Found latest version of tr87: tr87-cd924810 (downloaded: 2026-06-08 07:25:23.848054+00:00)
2026-08-01 12:59:35 | INFO | Found latest version of tr87: tr87-cd924810 (downloaded: 2026-06-08 07:25:23.848054+00:00)
2026-08-01 12:59:35 | INFO | Found latest version of tr87: tr87-cd924810 (downloaded: 2026-06-08 07:25:23.848054+00:00)
2026-08-01 12:59:35 | INFO | Found latest version of tr87: tr87-cd924810 (downloaded: 2026-06-08 07:25:23.848054+00:00)
2026-08-01 12:59:35 | INFO | Found latest version of tr87: tr87-cd924810 (downloaded: 2026-06-08 07:25:23.848054+00:00)
2026-08-01 12:59:35 | INFO | Found latest version of tr87: tr87-cd924810 (downloaded: 2026-06-08 07:25:23.848054+00:00)
2026-08-01 12:59:35 | INFO | Found latest version of tr87: tr87-cd924810 (downloaded: 2026-06-08 07:25:23.848054+00:00)
2026-08-01 12:59:35 | INFO | Found latest version of tr87: tr87-cd924810 (downloaded: 2026-06-08 07:25:23.848054+00:00)
2026-08-01 12:59:35 | INFO | Found latest version of tr87: tr87-cd924810 (downloaded: 2026-06-08 07:25:23.848054+00:00)
2026-08-01 12:59:35 | INFO | Found latest version of tr87: tr87-cd924810 (downloaded: 2026-06-08 07:25:23.848054+00:00)
2026-08-01 12:59:35 | INFO | Found latest version of tr87: tr87-cd924810 (downloaded: 2026-06-08 07:25:23.848054+00:00)
2026-08-01 12:59:35 | INFO | Found latest version of tr87: tr87-cd924810 (downloaded: 2026-06-08 07:25:23.848054+00:00)
2026-08-01 12:59:35 | INFO | Found latest version of tr87: tr87-cd924810 (downloaded: 2026-06-08 07:25:23.848054+00:00)
2026-08-01 12:59:35 | INFO | Found latest version of tr87: tr87-cd924810 (downloaded: 2026-06-08 07:25:23.848054+00:00)
2026-08-01 12:59:35 | INFO | Found latest version of tr87: tr87-cd924810 (downloaded: 2026-06-08 07:25:23.848054+00:00)
2026-08-01 12:59:35 | INFO | Found latest version of tr87: tr87-cd924810 (downloaded: 2026-06-08 07:25:23.848054+00:00)
2026-08-01 12:59:35 | INFO | Found latest version of tr87: tr87-cd924810 (downloaded: 2026-06-08 07:25:23.848054+00:00)
2026-08-01 12:59:35 | INFO | Found latest version of tr87: tr87-cd924810 (downloaded: 2026-06-08 07:25:23.848054+00:00)
2026-08-01 12:59:35 | INFO | Found latest version of tr87: tr87-cd924810 (downloaded: 2026-06-08 07:25:23.848054+00:00)
2026-08-01 12:59:35 | INFO | Found latest version of tr87: tr87-cd924810 (downloaded: 2026-06-08 07:25:23.848054+00:00)
2026-08-01 12:59:35 | INFO | Found latest version of tr87: tr87-cd924810 (downloaded: 2026-06-08 07:25:23.848054+00:00)
2026-08-01 12:59:35 | INFO | Found latest version of tr87: tr87-cd924810 (downloaded: 2026-06-08 07:25:23.848054+00:00)
2026-08-01 12:59:35 | INFO | Found latest version of tr87: tr87-cd924810 (downloaded: 2026-06-08 07:25:23.848054+00:00)
2026-08-01 12:59:35 | INFO | Found latest version of tr87: tr87-cd924810 (downloaded: 2026-06-08 07:25:23.848054+00:00)
2026-08-01 12:59:35 | INFO | Found latest version of tr87: tr87-cd924810 (downloaded: 2026-06-08 07:25:23.848054+00:00)
2026-08-01 12:59:35 | INFO | Found latest version of tr87: tr87-cd924810 (downloaded: 2026-06-08 07:25:23.848054+00:00)
2026-08-01 12:59:35 | INFO | Found latest version of tr87: tr87-cd924810 (downloaded: 2026-06-08 07:25:23.848054+00:00)
2026-08-01 12:59:35 | INFO | Found latest version of tr87: tr87-cd924810 (downloaded: 2026-06-08 07:25:23.848054+00:00)
2026-08-01 12:59:35 | INFO | Found latest version of tr87: tr87-cd924810 (downloaded: 2026-06-08 07:25:23.848054+00:00)
2026-08-01 12:59:35 | INFO | Found latest version of tr87: tr87-cd924810 (downloaded: 2026-06-08 07:25:23.848054+00:00)
2026-08-01 12:59:35 | INFO | Found latest version of tr87: tr87-cd924810 (downloaded: 2026-06-08 07:25:23.848054+00:00)
2026-08-01 12:59:35 | INFO | Found latest version of tr87: tr87-cd924810 (downloaded: 2026-06-08 07:25:23.848054+00:00)
2026-08-01 12:59:35 | INFO | Found latest version of tr87: tr87-cd924810 (downloaded: 2026-06-08 07:25:23.848054+00:00)
2026-08-01 12:59:35 | INFO | Found latest version of tr87: tr87-cd924810 (downloaded: 2026-06-08 07:25:23.848054+00:00)
2026-08-01 12:59:35 | INFO | Found latest version of tr87: tr87-cd924810 (downloaded: 2026-06-08 07:25:23.848054+00:00)
2026-08-01 12:59:35 | INFO | Found latest version of tr87: tr87-cd924810 (downloaded: 2026-06-08 07:25:23.848054+00:00)
2026-08-01 12:59:35 | INFO | Found latest version of tr87: tr87-cd924810 (downloaded: 2026-06-08 07:25:23.848054+00:00)
2026-08-01 12:59:35 | INFO | Found latest version of tr87: tr87-cd924810 (downloaded: 2026-06-08 07:25:23.848054+00:00)
2026-08-01 12:59:35 | INFO | Found latest version of tr87: tr87-cd924810 (downloaded: 2026-06-08 07:25:23.848054+00:00)
2026-08-01 12:59:37 | INFO | Found latest version of tr87: tr87-cd924810 (downloaded: 2026-06-08 07:25:23.848054+00:00)
2026-08-01 12:59:37 | INFO | Found latest version of tr87: tr87-cd924810 (downloaded: 2026-06-08 07:25:23.848054+00:00)
2026-08-01 12:59:37 | INFO | Found latest version of tr87: tr87-cd924810 (downloaded: 2026-06-08 07:25:23.848054+00:00)
2026-08-01 12:59:37 | INFO | Found latest version of tr87: tr87-cd924810 (downloaded: 2026-06-08 07:25:23.848054+00:00)
2026-08-01 12:59:37 | INFO | Found latest version of tr87: tr87-cd924810 (downloaded: 2026-06-08 07:25:23.848054+00:00)
2026-08-01 12:59:37 | INFO | Found latest version of tr87: tr87-cd924810 (downloaded: 2026-06-08 07:25:23.848054+00:00)
2026-08-01 12:59:37 | INFO | Found latest version of tr87: tr87-cd924810 (downloaded: 2026-06-08 07:25:23.848054+00:00)
2026-08-01 12:59:37 | INFO | Found latest version of tr87: tr87-cd924810 (downloaded: 2026-06-08 07:25:23.848054+00:00)
2026-08-01 12:59:37 | INFO | Found latest version of tr87: tr87-cd924810 (downloaded: 2026-06-08 07:25:23.848054+00:00)
2026-08-01 12:59:37 | INFO | Found latest version of tr87: tr87-cd924810 (downloaded: 2026-06-08 07:25:23.848054+00:00)
2026-08-01 12:59:37 | INFO | Found latest version of tr87: tr87-cd924810 (downloaded: 2026-06-08 07:25:23.848054+00:00)
2026-08-01 12:59:37 | INFO | Found latest version of tr87: tr87-cd924810 (downloaded: 2026-06-08 07:25:23.848054+00:00)
2026-08-01 12:59:37 | INFO | Found latest version of tr87: tr87-cd924810 (downloaded: 2026-06-08 07:25:23.848054+00:00)
2026-08-01 12:59:37 | INFO | Found latest version of tr87: tr87-cd924810 (downloaded: 2026-06-08 07:25:23.848054+00:00)
2026-08-01 12:59:37 | INFO | Found latest version of tr87: tr87-cd924810 (downloaded: 2026-06-08 07:25:23.848054+00:00)
2026-08-01 12:59:37 | INFO | Found latest version of tr87: tr87-cd924810 (downloaded: 2026-06-08 07:25:23.848054+00:00)
2026-08-01 12:59:37 | INFO | Found latest version of tr87: tr87-cd924810 (downloaded: 2026-06-08 07:25:23.848054+00:00)
2026-08-01 12:59:37 | INFO | Found latest version of tr87: tr87-cd924810 (downloaded: 2026-06-08 07:25:23.848054+00:00)
2026-08-01 12:59:37 | INFO | Found latest version of tr87: tr87-cd924810 (downloaded: 2026-06-08 07:25:23.848054+00:00)
2026-08-01 12:59:37 | INFO | Found latest version of tr87: tr87-cd924810 (downloaded: 2026-06-08 07:25:23.848054+00:00)
2026-08-01 12:59:37 | INFO | Found latest version of tr87: tr87-cd924810 (downloaded: 2026-06-08 07:25:23.848054+00:00)
2026-08-01 12:59:37 | INFO | Found latest version of tr87: tr87-cd924810 (downloaded: 2026-06-08 07:25:23.848054+00:00)
2026-08-01 12:59:37 | INFO | Found latest version of tr87: tr87-cd924810 (downloaded: 2026-06-08 07:25:23.848054+00:00)
2026-08-01 12:59:37 | INFO | Found latest version of tr87: tr87-cd924810 (downloaded: 2026-06-08 07:25:23.848054+00:00)
2026-08-01 12:59:37 | INFO | Found latest version of tr87: tr87-cd924810 (downloaded: 2026-06-08 07:25:23.848054+00:00)
2026-08-01 12:59:37 | INFO | Found latest version of tr87: tr87-cd924810 (downloaded: 2026-06-08 07:25:23.848054+00:00)
2026-08-01 12:59:37 | INFO | Found latest version of tr87: tr87-cd924810 (downloaded: 2026-06-08 07:25:23.848054+00:00)
2026-08-01 12:59:37 | INFO | Found latest version of tr87: tr87-cd924810 (downloaded: 2026-06-08 07:25:23.848054+00:00)
2026-08-01 12:59:37 | INFO | Found latest version of tr87: tr87-cd924810 (downloaded: 2026-06-08 07:25:23.848054+00:00)
2026-08-01 12:59:37 | INFO | Found latest version of tr87: tr87-cd924810 (downloaded: 2026-06-08 07:25:23.848054+00:00)
2026-08-01 12:59:37 | INFO | Found latest version of tr87: tr87-cd924810 (downloaded: 2026-06-08 07:25:23.848054+00:00)
2026-08-01 12:59:37 | INFO | Found latest version of tr87: tr87-cd924810 (downloaded: 2026-06-08 07:25:23.848054+00:00)
2026-08-01 12:59:37 | INFO | Found latest version of tr87: tr87-cd924810 (downloaded: 2026-06-08 07:25:23.848054+00:00)
2026-08-01 12:59:37 | INFO | Found latest version of tr87: tr87-cd924810 (downloaded: 2026-06-08 07:25:23.848054+00:00)
2026-08-01 12:59:37 | INFO | Found latest version of tr87: tr87-cd924810 (downloaded: 2026-06-08 07:25:23.848054+00:00)
2026-08-01 12:59:37 | INFO | Found latest version of tr87: tr87-cd924810 (downloaded: 2026-06-08 07:25:23.848054+00:00)
2026-08-01 12:59:37 | INFO | Found latest version of tr87: tr87-cd924810 (downloaded: 2026-06-08 07:25:23.848054+00:00)
2026-08-01 12:59:38 | INFO | Found latest version of tr87: tr87-cd924810 (downloaded: 2026-06-08 07:25:23.848054+00:00)
2026-08-01 12:59:38 | INFO | Found latest version of tr87: tr87-cd924810 (downloaded: 2026-06-08 07:25:23.848054+00:00)
2026-08-01 12:59:38 | INFO | Found latest version of tr87: tr87-cd924810 (downloaded: 2026-06-08 07:25:23.848054+00:00)
2026-08-01 12:59:38 | INFO | Found latest version of tr87: tr87-cd924810 (downloaded: 2026-06-08 07:25:23.848054+00:00)
2026-08-01 12:59:38 | INFO | Found latest version of tr87: tr87-cd924810 (downloaded: 2026-06-08 07:25:23.848054+00:00)
2026-08-01 12:59:38 | INFO | Found latest version of tr87: tr87-cd924810 (downloaded: 2026-06-08 07:25:23.848054+00:00)
2026-08-01 12:59:38 | INFO | Found latest version of tr87: tr87-cd924810 (downloaded: 2026-06-08 07:25:23.848054+00:00)
2026-08-01 12:59:38 | INFO | Found latest version of tr87: tr87-cd924810 (downloaded: 2026-06-08 07:25:23.848054+00:00)
2026-08-01 12:59:38 | INFO | Found latest version of tr87: tr87-cd924810 (downloaded: 2026-06-08 07:25:23.848054+00:00)
2026-08-01 12:59:38 | INFO | Found latest version of tr87: tr87-cd924810 (downloaded: 2026-06-08 07:25:23.848054+00:00)
2026-08-01 12:59:38 | INFO | Found latest version of tr87: tr87-cd924810 (downloaded: 2026-06-08 07:25:23.848054+00:00)
2026-08-01 12:59:38 | INFO | Found latest version of tr87: tr87-cd924810 (downloaded: 2026-06-08 07:25:23.848054+00:00)
2026-08-01 12:59:38 | INFO | Found latest version of tr87: tr87-cd924810 (downloaded: 2026-06-08 07:25:23.848054+00:00)
2026-08-01 12:59:38 | INFO | Found latest version of tr87: tr87-cd924810 (downloaded: 2026-06-08 07:25:23.848054+00:00)
2026-08-01 12:59:38 | INFO | Found latest version of tr87: tr87-cd924810 (downloaded: 2026-06-08 07:25:23.848054+00:00)
2026-08-01 12:59:38 | INFO | Found latest version of tr87: tr87-cd924810 (downloaded: 2026-06-08 07:25:23.848054+00:00)
2026-08-01 12:59:38 | INFO | Found latest version of tr87: tr87-cd924810 (downloaded: 2026-06-08 07:25:23.848054+00:00)
2026-08-01 12:59:38 | INFO | Found latest version of tr87: tr87-cd924810 (downloaded: 2026-06-08 07:25:23.848054+00:00)
2026-08-01 12:59:38 | INFO | Found latest version of tr87: tr87-cd924810 (downloaded: 2026-06-08 07:25:23.848054+00:00)
2026-08-01 12:59:38 | INFO | Found latest version of tr87: tr87-cd924810 (downloaded: 2026-06-08 07:25:23.848054+00:00)
2026-08-01 12:59:38 | INFO | Found latest version of tr87: tr87-cd924810 (downloaded: 2026-06-08 07:25:23.848054+00:00)
2026-08-01 12:59:38 | INFO | Found latest version of tr87: tr87-cd924810 (downloaded: 2026-06-08 07:25:23.848054+00:00)
2026-08-01 12:59:38 | INFO | Found latest version of tr87: tr87-cd924810 (downloaded: 2026-06-08 07:25:23.848054+00:00)
2026-08-01 12:59:38 | INFO | Found latest version of tr87: tr87-cd924810 (downloaded: 2026-06-08 07:25:23.848054+00:00)
2026-08-01 12:59:38 | INFO | Found latest version of tr87: tr87-cd924810 (downloaded: 2026-06-08 07:25:23.848054+00:00)
2026-08-01 12:59:38 | INFO | Found latest version of tr87: tr87-cd924810 (downloaded: 2026-06-08 07:25:23.848054+00:00)
2026-08-01 12:59:40 | INFO | Found latest version of tr87: tr87-cd924810 (downloaded: 2026-06-08 07:25:23.848054+00:00)
2026-08-01 12:59:40 | INFO | Found latest version of tr87: tr87-cd924810 (downloaded: 2026-06-08 07:25:23.848054+00:00)
2026-08-01 12:59:40 | INFO | Found latest version of tr87: tr87-cd924810 (downloaded: 2026-06-08 07:25:23.848054+00:00)
2026-08-01 12:59:40 | INFO | Found latest version of tr87: tr87-cd924810 (downloaded: 2026-06-08 07:25:23.848054+00:00)
2026-08-01 12:59:40 | INFO | Found latest version of tr87: tr87-cd924810 (downloaded: 2026-06-08 07:25:23.848054+00:00)
2026-08-01 12:59:40 | INFO | Found latest version of tr87: tr87-cd924810 (downloaded: 2026-06-08 07:25:23.848054+00:00)
2026-08-01 12:59:40 | INFO | Found latest version of tr87: tr87-cd924810 (downloaded: 2026-06-08 07:25:23.848054+00:00)
2026-08-01 12:59:40 | INFO | Found latest version of tr87: tr87-cd924810 (downloaded: 2026-06-08 07:25:23.848054+00:00)
2026-08-01 12:59:40 | INFO | Found latest version of tr87: tr87-cd924810 (downloaded: 2026-06-08 07:25:23.848054+00:00)
2026-08-01 12:59:40 | INFO | Found latest version of tr87: tr87-cd924810 (downloaded: 2026-06-08 07:25:23.848054+00:00)
2026-08-01 12:59:40 | INFO | Found latest version of tr87: tr87-cd924810 (downloaded: 2026-06-08 07:25:23.848054+00:00)
2026-08-01 12:59:40 | INFO | Found latest version of tr87: tr87-cd924810 (downloaded: 2026-06-08 07:25:23.848054+00:00)
2026-08-01 12:59:40 | INFO | Found latest version of tr87: tr87-cd924810 (downloaded: 2026-06-08 07:25:23.848054+00:00)
2026-08-01 12:59:40 | INFO | Found latest version of tr87: tr87-cd924810 (downloaded: 2026-06-08 07:25:23.848054+00:00)
2026-08-01 12:59:40 | INFO | Found latest version of tr87: tr87-cd924810 (downloaded: 2026-06-08 07:25:23.848054+00:00)
2026-08-01 12:59:40 | INFO | Found latest version of tr87: tr87-cd924810 (downloaded: 2026-06-08 07:25:23.848054+00:00)
2026-08-01 12:59:40 | INFO | Found latest version of tr87: tr87-cd924810 (downloaded: 2026-06-08 07:25:23.848054+00:00)
2026-08-01 12:59:40 | INFO | Found latest version of tr87: tr87-cd924810 (downloaded: 2026-06-08 07:25:23.848054+00:00)
2026-08-01 12:59:40 | INFO | Found latest version of tr87: tr87-cd924810 (downloaded: 2026-06-08 07:25:23.848054+00:00)
2026-08-01 12:59:40 | INFO | Found latest version of tr87: tr87-cd924810 (downloaded: 2026-06-08 07:25:23.848054+00:00)
2026-08-01 12:59:40 | INFO | Found latest version of tr87: tr87-cd924810 (downloaded: 2026-06-08 07:25:23.848054+00:00)
2026-08-01 12:59:40 | INFO | Found latest version of tr87: tr87-cd924810 (downloaded: 2026-06-08 07:25:23.848054+00:00)
2026-08-01 12:59:40 | INFO | Found latest version of tr87: tr87-cd924810 (downloaded: 2026-06-08 07:25:23.848054+00:00)
2026-08-01 12:59:40 | INFO | Found latest version of tr87: tr87-cd924810 (downloaded: 2026-06-08 07:25:23.848054+00:00)
2026-08-01 12:59:40 | INFO | Found latest version of tr87: tr87-cd924810 (downloaded: 2026-06-08 07:25:23.848054+00:00)
2026-08-01 12:59:40 | INFO | Found latest version of tr87: tr87-cd924810 (downloaded: 2026-06-08 07:25:23.848054+00:00)
2026-08-01 12:59:40 | INFO | Found latest version of tr87: tr87-cd924810 (downloaded: 2026-06-08 07:25:23.848054+00:00)
2026-08-01 12:59:40 | INFO | Found latest version of tr87: tr87-cd924810 (downloaded: 2026-06-08 07:25:23.848054+00:00)
2026-08-01 12:59:40 | INFO | Found latest version of tr87: tr87-cd924810 (downloaded: 2026-06-08 07:25:23.848054+00:00)
2026-08-01 12:59:40 | INFO | Found latest version of tr87: tr87-cd924810 (downloaded: 2026-06-08 07:25:23.848054+00:00)
2026-08-01 12:59:40 | INFO | Found latest version of tr87: tr87-cd924810 (downloaded: 2026-06-08 07:25:23.848054+00:00)
2026-08-01 12:59:40 | INFO | Found latest version of tr87: tr87-cd924810 (downloaded: 2026-06-08 07:25:23.848054+00:00)
2026-08-01 12:59:40 | INFO | Found latest version of tr87: tr87-cd924810 (downloaded: 2026-06-08 07:25:23.848054+00:00)
2026-08-01 12:59:40 | INFO | Found latest version of tr87: tr87-cd924810 (downloaded: 2026-06-08 07:25:23.848054+00:00)
2026-08-01 12:59:40 | INFO | Found latest version of tr87: tr87-cd924810 (downloaded: 2026-06-08 07:25:23.848054+00:00)
2026-08-01 12:59:40 | INFO | Found latest version of tr87: tr87-cd924810 (downloaded: 2026-06-08 07:25:23.848054+00:00)
2026-08-01 12:59:40 | INFO | Found latest version of tr87: tr87-cd924810 (downloaded: 2026-06-08 07:25:23.848054+00:00)
2026-08-01 12:59:40 | INFO | Found latest version of tr87: tr87-cd924810 (downloaded: 2026-06-08 07:25:23.848054+00:00)
2026-08-01 12:59:40 | INFO | Found latest version of tr87: tr87-cd924810 (downloaded: 2026-06-08 07:25:23.848054+00:00)
2026-08-01 12:59:40 | INFO | Found latest version of tr87: tr87-cd924810 (downloaded: 2026-06-08 07:25:23.848054+00:00)
2026-08-01 12:59:40 | INFO | Found latest version of tr87: tr87-cd924810 (downloaded: 2026-06-08 07:25:23.848054+00:00)
2026-08-01 12:59:40 | INFO | Found latest version of tr87: tr87-cd924810 (downloaded: 2026-06-08 07:25:23.848054+00:00)
2026-08-01 12:59:41 | INFO | Found latest version of tr87: tr87-cd924810 (downloaded: 2026-06-08 07:25:23.848054+00:00)
2026-08-01 12:59:41 | INFO | Found latest version of tr87: tr87-cd924810 (downloaded: 2026-06-08 07:25:23.848054+00:00)
2026-08-01 12:59:41 | INFO | Found latest version of tr87: tr87-cd924810 (downloaded: 2026-06-08 07:25:23.848054+00:00)
2026-08-01 12:59:41 | INFO | Found latest version of tr87: tr87-cd924810 (downloaded: 2026-06-08 07:25:23.848054+00:00)
2026-08-01 12:59:41 | INFO | Found latest version of tr87: tr87-cd924810 (downloaded: 2026-06-08 07:25:23.848054+00:00)
2026-08-01 12:59:41 | INFO | Found latest version of tr87: tr87-cd924810 (downloaded: 2026-06-08 07:25:23.848054+00:00)
2026-08-01 12:59:41 | INFO | Found latest version of tr87: tr87-cd924810 (downloaded: 2026-06-08 07:25:23.848054+00:00)
2026-08-01 12:59:41 | INFO | Found latest version of tr87: tr87-cd924810 (downloaded: 2026-06-08 07:25:23.848054+00:00)
2026-08-01 12:59:41 | INFO | Found latest version of tr87: tr87-cd924810 (downloaded: 2026-06-08 07:25:23.848054+00:00)
2026-08-01 12:59:41 | INFO | Found latest version of tr87: tr87-cd924810 (downloaded: 2026-06-08 07:25:23.848054+00:00)
2026-08-01 12:59:41 | INFO | Found latest version of tr87: tr87-cd924810 (downloaded: 2026-06-08 07:25:23.848054+00:00)
2026-08-01 12:59:41 | INFO | Found latest version of tr87: tr87-cd924810 (downloaded: 2026-06-08 07:25:23.848054+00:00)
2026-08-01 12:59:41 | INFO | Found latest version of tr87: tr87-cd924810 (downloaded: 2026-06-08 07:25:23.848054+00:00)
2026-08-01 12:59:41 | INFO | Found latest version of tr87: tr87-cd924810 (downloaded: 2026-06-08 07:25:23.848054+00:00)
2026-08-01 12:59:41 | INFO | Found latest version of tr87: tr87-cd924810 (downloaded: 2026-06-08 07:25:23.848054+00:00)
2026-08-01 12:59:41 | INFO | Found latest version of tr87: tr87-cd924810 (downloaded: 2026-06-08 07:25:23.848054+00:00)
2026-08-01 12:59:41 | INFO | Found latest version of tr87: tr87-cd924810 (downloaded: 2026-06-08 07:25:23.848054+00:00)
2026-08-01 12:59:41 | INFO | Found latest version of tr87: tr87-cd924810 (downloaded: 2026-06-08 07:25:23.848054+00:00)
2026-08-01 12:59:41 | INFO | Found latest version of tr87: tr87-cd924810 (downloaded: 2026-06-08 07:25:23.848054+00:00)
2026-08-01 12:59:41 | INFO | Found latest version of tr87: tr87-cd924810 (downloaded: 2026-06-08 07:25:23.848054+00:00)
2026-08-01 12:59:43 | INFO | Found latest version of tr87: tr87-cd924810 (downloaded: 2026-06-08 07:25:23.848054+00:00)
2026-08-01 12:59:43 | INFO | Found latest version of tr87: tr87-cd924810 (downloaded: 2026-06-08 07:25:23.848054+00:00)
2026-08-01 12:59:43 | INFO | Found latest version of tr87: tr87-cd924810 (downloaded: 2026-06-08 07:25:23.848054+00:00)
2026-08-01 12:59:43 | INFO | Found latest version of tr87: tr87-cd924810 (downloaded: 2026-06-08 07:25:23.848054+00:00)
2026-08-01 12:59:43 | INFO | Found latest version of tr87: tr87-cd924810 (downloaded: 2026-06-08 07:25:23.848054+00:00)
2026-08-01 12:59:43 | INFO | Found latest version of tr87: tr87-cd924810 (downloaded: 2026-06-08 07:25:23.848054+00:00)
2026-08-01 12:59:43 | INFO | Found latest version of tr87: tr87-cd924810 (downloaded: 2026-06-08 07:25:23.848054+00:00)
2026-08-01 12:59:43 | INFO | Found latest version of tr87: tr87-cd924810 (downloaded: 2026-06-08 07:25:23.848054+00:00)
2026-08-01 12:59:43 | INFO | Found latest version of tr87: tr87-cd924810 (downloaded: 2026-06-08 07:25:23.848054+00:00)
2026-08-01 12:59:43 | INFO | Found latest version of tr87: tr87-cd924810 (downloaded: 2026-06-08 07:25:23.848054+00:00)
2026-08-01 12:59:43 | INFO | Found latest version of tr87: tr87-cd924810 (downloaded: 2026-06-08 07:25:23.848054+00:00)
2026-08-01 12:59:43 | INFO | Found latest version of tr87: tr87-cd924810 (downloaded: 2026-06-08 07:25:23.848054+00:00)
2026-08-01 12:59:43 | INFO | Found latest version of tr87: tr87-cd924810 (downloaded: 2026-06-08 07:25:23.848054+00:00)
2026-08-01 12:59:43 | INFO | Found latest version of tr87: tr87-cd924810 (downloaded: 2026-06-08 07:25:23.848054+00:00)
2026-08-01 12:59:43 | INFO | Found latest version of tr87: tr87-cd924810 (downloaded: 2026-06-08 07:25:23.848054+00:00)
2026-08-01 12:59:43 | INFO | Found latest version of tr87: tr87-cd924810 (downloaded: 2026-06-08 07:25:23.848054+00:00)
2026-08-01 12:59:43 | INFO | Found latest version of tr87: tr87-cd924810 (downloaded: 2026-06-08 07:25:23.848054+00:00)
2026-08-01 12:59:43 | INFO | Found latest version of tr87: tr87-cd924810 (downloaded: 2026-06-08 07:25:23.848054+00:00)
2026-08-01 12:59:43 | INFO | Found latest version of tr87: tr87-cd924810 (downloaded: 2026-06-08 07:25:23.848054+00:00)
2026-08-01 12:59:43 | INFO | Found latest version of tr87: tr87-cd924810 (downloaded: 2026-06-08 07:25:23.848054+00:00)
2026-08-01 12:59:43 | INFO | Found latest version of tr87: tr87-cd924810 (downloaded: 2026-06-08 07:25:23.848054+00:00)
2026-08-01 12:59:43 | INFO | Found latest version of tr87: tr87-cd924810 (downloaded: 2026-06-08 07:25:23.848054+00:00)
2026-08-01 12:59:43 | INFO | Found latest version of tr87: tr87-cd924810 (downloaded: 2026-06-08 07:25:23.848054+00:00)
2026-08-01 12:59:43 | INFO | Found latest version of tr87: tr87-cd924810 (downloaded: 2026-06-08 07:25:23.848054+00:00)
2026-08-01 12:59:43 | INFO | Found latest version of tr87: tr87-cd924810 (downloaded: 2026-06-08 07:25:23.848054+00:00)
2026-08-01 12:59:43 | INFO | Found latest version of tr87: tr87-cd924810 (downloaded: 2026-06-08 07:25:23.848054+00:00)
2026-08-01 12:59:43 | INFO | Found latest version of tr87: tr87-cd924810 (downloaded: 2026-06-08 07:25:23.848054+00:00)
2026-08-01 12:59:43 | INFO | Found latest version of tr87: tr87-cd924810 (downloaded: 2026-06-08 07:25:23.848054+00:00)
2026-08-01 12:59:43 | INFO | Found latest version of tr87: tr87-cd924810 (downloaded: 2026-06-08 07:25:23.848054+00:00)
2026-08-01 12:59:43 | INFO | Found latest version of tr87: tr87-cd924810 (downloaded: 2026-06-08 07:25:23.848054+00:00)
2026-08-01 12:59:43 | INFO | Found latest version of tr87: tr87-cd924810 (downloaded: 2026-06-08 07:25:23.848054+00:00)
2026-08-01 12:59:43 | INFO | Found latest version of tr87: tr87-cd924810 (downloaded: 2026-06-08 07:25:23.848054+00:00)
2026-08-01 12:59:43 | INFO | Found latest version of tr87: tr87-cd924810 (downloaded: 2026-06-08 07:25:23.848054+00:00)
2026-08-01 12:59:43 | INFO | Found latest version of tr87: tr87-cd924810 (downloaded: 2026-06-08 07:25:23.848054+00:00)
2026-08-01 12:59:43 | INFO | Found latest version of tr87: tr87-cd924810 (downloaded: 2026-06-08 07:25:23.848054+00:00)
2026-08-01 12:59:43 | INFO | Found latest version of tr87: tr87-cd924810 (downloaded: 2026-06-08 07:25:23.848054+00:00)
2026-08-01 12:59:43 | INFO | Found latest version of tr87: tr87-cd924810 (downloaded: 2026-06-08 07:25:23.848054+00:00)
2026-08-01 12:59:43 | INFO | Found latest version of tr87: tr87-cd924810 (downloaded: 2026-06-08 07:25:23.848054+00:00)
2026-08-01 12:59:43 | INFO | Found latest version of tr87: tr87-cd924810 (downloaded: 2026-06-08 07:25:23.848054+00:00)
2026-08-01 12:59:43 | INFO | Found latest version of tr87: tr87-cd924810 (downloaded: 2026-06-08 07:25:23.848054+00:00)
2026-08-01 12:59:43 | INFO | Found latest version of tr87: tr87-cd924810 (downloaded: 2026-06-08 07:25:23.848054+00:00)
2026-08-01 12:59:43 | INFO | Found latest version of tr87: tr87-cd924810 (downloaded: 2026-06-08 07:25:23.848054+00:00)
2026-08-01 12:59:43 | INFO | Found latest version of tr87: tr87-cd924810 (downloaded: 2026-06-08 07:25:23.848054+00:00)
2026-08-01 12:59:43 | INFO | Found latest version of tr87: tr87-cd924810 (downloaded: 2026-06-08 07:25:23.848054+00:00)
2026-08-01 12:59:43 | INFO | Found latest version of tr87: tr87-cd924810 (downloaded: 2026-06-08 07:25:23.848054+00:00)
2026-08-01 12:59:43 | INFO | Found latest version of tr87: tr87-cd924810 (downloaded: 2026-06-08 07:25:23.848054+00:00)
2026-08-01 12:59:43 | INFO | Found latest version of tr87: tr87-cd924810 (downloaded: 2026-06-08 07:25:23.848054+00:00)
2026-08-01 12:59:43 | INFO | Found latest version of tr87: tr87-cd924810 (downloaded: 2026-06-08 07:25:23.848054+00:00)
2026-08-01 12:59:43 | INFO | Found latest version of tr87: tr87-cd924810 (downloaded: 2026-06-08 07:25:23.848054+00:00)
2026-08-01 12:59:43 | INFO | Found latest version of tr87: tr87-cd924810 (downloaded: 2026-06-08 07:25:23.848054+00:00)
2026-08-01 12:59:43 | INFO | Found latest version of tr87: tr87-cd924810 (downloaded: 2026-06-08 07:25:23.848054+00:00)
2026-08-01 12:59:43 | INFO | Found latest version of tr87: tr87-cd924810 (downloaded: 2026-06-08 07:25:23.848054+00:00)
2026-08-01 12:59:43 | INFO | Found latest version of tr87: tr87-cd924810 (downloaded: 2026-06-08 07:25:23.848054+00:00)
2026-08-01 12:59:44 | INFO | Found latest version of tr87: tr87-cd924810 (downloaded: 2026-06-08 07:25:23.848054+00:00)
2026-08-01 12:59:44 | INFO | Found latest version of tr87: tr87-cd924810 (downloaded: 2026-06-08 07:25:23.848054+00:00)
2026-08-01 12:59:44 | INFO | Found latest version of tr87: tr87-cd924810 (downloaded: 2026-06-08 07:25:23.848054+00:00)
2026-08-01 12:59:44 | INFO | Found latest version of tr87: tr87-cd924810 (downloaded: 2026-06-08 07:25:23.848054+00:00)
2026-08-01 12:59:44 | INFO | Found latest version of tr87: tr87-cd924810 (downloaded: 2026-06-08 07:25:23.848054+00:00)
2026-08-01 12:59:44 | INFO | Found latest version of tr87: tr87-cd924810 (downloaded: 2026-06-08 07:25:23.848054+00:00)
2026-08-01 12:59:44 | INFO | Found latest version of tr87: tr87-cd924810 (downloaded: 2026-06-08 07:25:23.848054+00:00)
2026-08-01 12:59:44 | INFO | Found latest version of tr87: tr87-cd924810 (downloaded: 2026-06-08 07:25:23.848054+00:00)
2026-08-01 12:59:44 | INFO | Found latest version of tr87: tr87-cd924810 (downloaded: 2026-06-08 07:25:23.848054+00:00)
2026-08-01 12:59:44 | INFO | Found latest version of tr87: tr87-cd924810 (downloaded: 2026-06-08 07:25:23.848054+00:00)
2026-08-01 12:59:46 | INFO | Found latest version of tr87: tr87-cd924810 (downloaded: 2026-06-08 07:25:23.848054+00:00)
2026-08-01 12:59:46 | INFO | Found latest version of tr87: tr87-cd924810 (downloaded: 2026-06-08 07:25:23.848054+00:00)
2026-08-01 12:59:46 | INFO | Found latest version of tr87: tr87-cd924810 (downloaded: 2026-06-08 07:25:23.848054+00:00)
2026-08-01 12:59:46 | INFO | Found latest version of tr87: tr87-cd924810 (downloaded: 2026-06-08 07:25:23.848054+00:00)
2026-08-01 12:59:46 | INFO | Found latest version of tr87: tr87-cd924810 (downloaded: 2026-06-08 07:25:23.848054+00:00)
2026-08-01 12:59:46 | INFO | Found latest version of tr87: tr87-cd924810 (downloaded: 2026-06-08 07:25:23.848054+00:00)
2026-08-01 12:59:46 | INFO | Found latest version of tr87: tr87-cd924810 (downloaded: 2026-06-08 07:25:23.848054+00:00)
2026-08-01 12:59:46 | INFO | Found latest version of tr87: tr87-cd924810 (downloaded: 2026-06-08 07:25:23.848054+00:00)
2026-08-01 12:59:46 | INFO | Found latest version of tr87: tr87-cd924810 (downloaded: 2026-06-08 07:25:23.848054+00:00)
2026-08-01 12:59:46 | INFO | Found latest version of tr87: tr87-cd924810 (downloaded: 2026-06-08 07:25:23.848054+00:00)
2026-08-01 12:59:46 | INFO | Found latest version of tr87: tr87-cd924810 (downloaded: 2026-06-08 07:25:23.848054+00:00)
2026-08-01 12:59:46 | INFO | Found latest version of tr87: tr87-cd924810 (downloaded: 2026-06-08 07:25:23.848054+00:00)
2026-08-01 12:59:46 | INFO | Found latest version of tr87: tr87-cd924810 (downloaded: 2026-06-08 07:25:23.848054+00:00)
2026-08-01 12:59:46 | INFO | Found latest version of tr87: tr87-cd924810 (downloaded: 2026-06-08 07:25:23.848054+00:00)
2026-08-01 12:59:46 | INFO | Found latest version of tr87: tr87-cd924810 (downloaded: 2026-06-08 07:25:23.848054+00:00)
2026-08-01 12:59:46 | INFO | Found latest version of tr87: tr87-cd924810 (downloaded: 2026-06-08 07:25:23.848054+00:00)
2026-08-01 12:59:46 | INFO | Found latest version of tr87: tr87-cd924810 (downloaded: 2026-06-08 07:25:23.848054+00:00)
2026-08-01 12:59:46 | INFO | Found latest version of tr87: tr87-cd924810 (downloaded: 2026-06-08 07:25:23.848054+00:00)
2026-08-01 12:59:46 | INFO | Found latest version of tr87: tr87-cd924810 (downloaded: 2026-06-08 07:25:23.848054+00:00)
2026-08-01 12:59:46 | INFO | Found latest version of tr87: tr87-cd924810 (downloaded: 2026-06-08 07:25:23.848054+00:00)
2026-08-01 12:59:46 | INFO | Found latest version of tr87: tr87-cd924810 (downloaded: 2026-06-08 07:25:23.848054+00:00)
2026-08-01 12:59:46 | INFO | Found latest version of tr87: tr87-cd924810 (downloaded: 2026-06-08 07:25:23.848054+00:00)
2026-08-01 12:59:46 | INFO | Found latest version of tr87: tr87-cd924810 (downloaded: 2026-06-08 07:25:23.848054+00:00)
2026-08-01 12:59:46 | INFO | Found latest version of tr87: tr87-cd924810 (downloaded: 2026-06-08 07:25:23.848054+00:00)
2026-08-01 12:59:46 | INFO | Found latest version of tr87: tr87-cd924810 (downloaded: 2026-06-08 07:25:23.848054+00:00)
2026-08-01 12:59:46 | INFO | Found latest version of tr87: tr87-cd924810 (downloaded: 2026-06-08 07:25:23.848054+00:00)
2026-08-01 12:59:46 | INFO | Found latest version of tr87: tr87-cd924810 (downloaded: 2026-06-08 07:25:23.848054+00:00)
2026-08-01 12:59:46 | INFO | Found latest version of tr87: tr87-cd924810 (downloaded: 2026-06-08 07:25:23.848054+00:00)
2026-08-01 12:59:46 | INFO | Found latest version of tr87: tr87-cd924810 (downloaded: 2026-06-08 07:25:23.848054+00:00)
2026-08-01 12:59:46 | INFO | Found latest version of tr87: tr87-cd924810 (downloaded: 2026-06-08 07:25:23.848054+00:00)
2026-08-01 12:59:46 | INFO | Found latest version of tr87: tr87-cd924810 (downloaded: 2026-06-08 07:25:23.848054+00:00)
2026-08-01 12:59:46 | INFO | Found latest version of tr87: tr87-cd924810 (downloaded: 2026-06-08 07:25:23.848054+00:00)
2026-08-01 12:59:46 | INFO | Found latest version of tr87: tr87-cd924810 (downloaded: 2026-06-08 07:25:23.848054+00:00)
2026-08-01 12:59:46 | INFO | Found latest version of tr87: tr87-cd924810 (downloaded: 2026-06-08 07:25:23.848054+00:00)
2026-08-01 12:59:46 | INFO | Found latest version of tr87: tr87-cd924810 (downloaded: 2026-06-08 07:25:23.848054+00:00)
2026-08-01 12:59:46 | INFO | Found latest version of tr87: tr87-cd924810 (downloaded: 2026-06-08 07:25:23.848054+00:00)
2026-08-01 12:59:46 | INFO | Found latest version of tr87: tr87-cd924810 (downloaded: 2026-06-08 07:25:23.848054+00:00)
2026-08-01 12:59:46 | INFO | Found latest version of tr87: tr87-cd924810 (downloaded: 2026-06-08 07:25:23.848054+00:00)
2026-08-01 12:59:46 | INFO | Found latest version of tr87: tr87-cd924810 (downloaded: 2026-06-08 07:25:23.848054+00:00)
2026-08-01 12:59:46 | INFO | Found latest version of tr87: tr87-cd924810 (downloaded: 2026-06-08 07:25:23.848054+00:00)
2026-08-01 12:59:46 | INFO | Found latest version of tr87: tr87-cd924810 (downloaded: 2026-06-08 07:25:23.848054+00:00)
2026-08-01 12:59:46 | INFO | Found latest version of tr87: tr87-cd924810 (downloaded: 2026-06-08 07:25:23.848054+00:00)
2026-08-01 12:59:46 | INFO | Found latest version of tr87: tr87-cd924810 (downloaded: 2026-06-08 07:25:23.848054+00:00)
2026-08-01 12:59:46 | INFO | Found latest version of tr87: tr87-cd924810 (downloaded: 2026-06-08 07:25:23.848054+00:00)
2026-08-01 12:59:46 | INFO | Found latest version of tr87: tr87-cd924810 (downloaded: 2026-06-08 07:25:23.848054+00:00)
2026-08-01 12:59:46 | INFO | Found latest version of tr87: tr87-cd924810 (downloaded: 2026-06-08 07:25:23.848054+00:00)
2026-08-01 12:59:46 | INFO | Found latest version of tr87: tr87-cd924810 (downloaded: 2026-06-08 07:25:23.848054+00:00)
2026-08-01 12:59:46 | INFO | Found latest version of tr87: tr87-cd924810 (downloaded: 2026-06-08 07:25:23.848054+00:00)
2026-08-01 12:59:46 | INFO | Found latest version of tr87: tr87-cd924810 (downloaded: 2026-06-08 07:25:23.848054+00:00)
2026-08-01 12:59:46 | INFO | Found latest version of tr87: tr87-cd924810 (downloaded: 2026-06-08 07:25:23.848054+00:00)
2026-08-01 12:59:46 | INFO | Found latest version of tr87: tr87-cd924810 (downloaded: 2026-06-08 07:25:23.848054+00:00)
2026-08-01 12:59:46 | INFO | Found latest version of tr87: tr87-cd924810 (downloaded: 2026-06-08 07:25:23.848054+00:00)
2026-08-01 12:59:46 | INFO | Found latest version of tr87: tr87-cd924810 (downloaded: 2026-06-08 07:25:23.848054+00:00)
2026-08-01 12:59:46 | INFO | Found latest version of tr87: tr87-cd924810 (downloaded: 2026-06-08 07:25:23.848054+00:00)
2026-08-01 12:59:46 | INFO | Found latest version of tr87: tr87-cd924810 (downloaded: 2026-06-08 07:25:23.848054+00:00)
2026-08-01 12:59:46 | INFO | Found latest version of tr87: tr87-cd924810 (downloaded: 2026-06-08 07:25:23.848054+00:00)
2026-08-01 12:59:46 | INFO | Found latest version of tr87: tr87-cd924810 (downloaded: 2026-06-08 07:25:23.848054+00:00)
2026-08-01 12:59:46 | INFO | Found latest version of tr87: tr87-cd924810 (downloaded: 2026-06-08 07:25:23.848054+00:00)
2026-08-01 12:59:46 | INFO | Found latest version of tr87: tr87-cd924810 (downloaded: 2026-06-08 07:25:23.848054+00:00)
2026-08-01 12:59:46 | INFO | Found latest version of tr87: tr87-cd924810 (downloaded: 2026-06-08 07:25:23.848054+00:00)
2026-08-01 12:59:46 | INFO | Found latest version of tr87: tr87-cd924810 (downloaded: 2026-06-08 07:25:23.848054+00:00)
2026-08-01 12:59:46 | INFO | Found latest version of tr87: tr87-cd924810 (downloaded: 2026-06-08 07:25:23.848054+00:00)
2026-08-01 12:59:49 | INFO | Found latest version of tr87: tr87-cd924810 (downloaded: 2026-06-08 07:25:23.848054+00:00)
2026-08-01 12:59:49 | INFO | Found latest version of tr87: tr87-cd924810 (downloaded: 2026-06-08 07:25:23.848054+00:00)
2026-08-01 12:59:49 | INFO | Found latest version of tr87: tr87-cd924810 (downloaded: 2026-06-08 07:25:23.848054+00:00)
2026-08-01 12:59:49 | INFO | Found latest version of tr87: tr87-cd924810 (downloaded: 2026-06-08 07:25:23.848054+00:00)
2026-08-01 12:59:49 | INFO | Found latest version of tr87: tr87-cd924810 (downloaded: 2026-06-08 07:25:23.848054+00:00)
2026-08-01 12:59:49 | INFO | Found latest version of tr87: tr87-cd924810 (downloaded: 2026-06-08 07:25:23.848054+00:00)
2026-08-01 12:59:49 | INFO | Found latest version of tr87: tr87-cd924810 (downloaded: 2026-06-08 07:25:23.848054+00:00)
2026-08-01 12:59:49 | INFO | Found latest version of tr87: tr87-cd924810 (downloaded: 2026-06-08 07:25:23.848054+00:00)
2026-08-01 12:59:49 | INFO | Found latest version of tr87: tr87-cd924810 (downloaded: 2026-06-08 07:25:23.848054+00:00)
2026-08-01 12:59:49 | INFO | Found latest version of tr87: tr87-cd924810 (downloaded: 2026-06-08 07:25:23.848054+00:00)
2026-08-01 12:59:49 | INFO | Found latest version of tr87: tr87-cd924810 (downloaded: 2026-06-08 07:25:23.848054+00:00)
2026-08-01 12:59:49 | INFO | Found latest version of tr87: tr87-cd924810 (downloaded: 2026-06-08 07:25:23.848054+00:00)
2026-08-01 12:59:49 | INFO | Found latest version of tr87: tr87-cd924810 (downloaded: 2026-06-08 07:25:23.848054+00:00)
2026-08-01 12:59:49 | INFO | Found latest version of tr87: tr87-cd924810 (downloaded: 2026-06-08 07:25:23.848054+00:00)
2026-08-01 12:59:49 | INFO | Found latest version of tr87: tr87-cd924810 (downloaded: 2026-06-08 07:25:23.848054+00:00)
2026-08-01 12:59:49 | INFO | Found latest version of tr87: tr87-cd924810 (downloaded: 2026-06-08 07:25:23.848054+00:00)
2026-08-01 12:59:49 | INFO | Found latest version of tr87: tr87-cd924810 (downloaded: 2026-06-08 07:25:23.848054+00:00)
2026-08-01 12:59:49 | INFO | Found latest version of tr87: tr87-cd924810 (downloaded: 2026-06-08 07:25:23.848054+00:00)
2026-08-01 12:59:49 | INFO | Found latest version of tr87: tr87-cd924810 (downloaded: 2026-06-08 07:25:23.848054+00:00)
2026-08-01 12:59:49 | INFO | Found latest version of tr87: tr87-cd924810 (downloaded: 2026-06-08 07:25:23.848054+00:00)
2026-08-01 12:59:49 | INFO | Found latest version of tr87: tr87-cd924810 (downloaded: 2026-06-08 07:25:23.848054+00:00)
2026-08-01 12:59:49 | INFO | Found latest version of tr87: tr87-cd924810 (downloaded: 2026-06-08 07:25:23.848054+00:00)
2026-08-01 12:59:49 | INFO | Found latest version of tr87: tr87-cd924810 (downloaded: 2026-06-08 07:25:23.848054+00:00)
2026-08-01 12:59:49 | INFO | Found latest version of tr87: tr87-cd924810 (downloaded: 2026-06-08 07:25:23.848054+00:00)
2026-08-01 12:59:49 | INFO | Found latest version of tr87: tr87-cd924810 (downloaded: 2026-06-08 07:25:23.848054+00:00)
2026-08-01 12:59:49 | INFO | Found latest version of tr87: tr87-cd924810 (downloaded: 2026-06-08 07:25:23.848054+00:00)
2026-08-01 12:59:49 | INFO | Found latest version of tr87: tr87-cd924810 (downloaded: 2026-06-08 07:25:23.848054+00:00)
2026-08-01 12:59:49 | INFO | Found latest version of tr87: tr87-cd924810 (downloaded: 2026-06-08 07:25:23.848054+00:00)
2026-08-01 12:59:49 | INFO | Found latest version of tr87: tr87-cd924810 (downloaded: 2026-06-08 07:25:23.848054+00:00)
2026-08-01 12:59:49 | INFO | Found latest version of tr87: tr87-cd924810 (downloaded: 2026-06-08 07:25:23.848054+00:00)
2026-08-01 12:59:49 | INFO | Found latest version of tr87: tr87-cd924810 (downloaded: 2026-06-08 07:25:23.848054+00:00)
2026-08-01 12:59:49 | INFO | Found latest version of tr87: tr87-cd924810 (downloaded: 2026-06-08 07:25:23.848054+00:00)
2026-08-01 12:59:49 | INFO | Found latest version of tr87: tr87-cd924810 (downloaded: 2026-06-08 07:25:23.848054+00:00)
2026-08-01 12:59:49 | INFO | Found latest version of tr87: tr87-cd924810 (downloaded: 2026-06-08 07:25:23.848054+00:00)
2026-08-01 12:59:49 | INFO | Found latest version of tr87: tr87-cd924810 (downloaded: 2026-06-08 07:25:23.848054+00:00)
2026-08-01 12:59:49 | INFO | Found latest version of tr87: tr87-cd924810 (downloaded: 2026-06-08 07:25:23.848054+00:00)
2026-08-01 12:59:49 | INFO | Found latest version of tr87: tr87-cd924810 (downloaded: 2026-06-08 07:25:23.848054+00:00)
2026-08-01 12:59:49 | INFO | Found latest version of tr87: tr87-cd924810 (downloaded: 2026-06-08 07:25:23.848054+00:00)
2026-08-01 12:59:49 | INFO | Found latest version of tr87: tr87-cd924810 (downloaded: 2026-06-08 07:25:23.848054+00:00)
2026-08-01 12:59:49 | INFO | Found latest version of tr87: tr87-cd924810 (downloaded: 2026-06-08 07:25:23.848054+00:00)
2026-08-01 12:59:49 | INFO | Found latest version of tr87: tr87-cd924810 (downloaded: 2026-06-08 07:25:23.848054+00:00)
2026-08-01 12:59:49 | INFO | Found latest version of tr87: tr87-cd924810 (downloaded: 2026-06-08 07:25:23.848054+00:00)
2026-08-01 12:59:49 | INFO | Found latest version of tr87: tr87-cd924810 (downloaded: 2026-06-08 07:25:23.848054+00:00)
2026-08-01 12:59:49 | INFO | Found latest version of tr87: tr87-cd924810 (downloaded: 2026-06-08 07:25:23.848054+00:00)
2026-08-01 12:59:49 | INFO | Found latest version of tr87: tr87-cd924810 (downloaded: 2026-06-08 07:25:23.848054+00:00)
2026-08-01 12:59:49 | INFO | Found latest version of tr87: tr87-cd924810 (downloaded: 2026-06-08 07:25:23.848054+00:00)
2026-08-01 12:59:49 | INFO | Found latest version of tr87: tr87-cd924810 (downloaded: 2026-06-08 07:25:23.848054+00:00)
2026-08-01 12:59:49 | INFO | Found latest version of tr87: tr87-cd924810 (downloaded: 2026-06-08 07:25:23.848054+00:00)
2026-08-01 12:59:49 | INFO | Found latest version of tr87: tr87-cd924810 (downloaded: 2026-06-08 07:25:23.848054+00:00)
2026-08-01 12:59:49 | INFO | Found latest version of tr87: tr87-cd924810 (downloaded: 2026-06-08 07:25:23.848054+00:00)
2026-08-01 12:59:49 | INFO | Found latest version of tr87: tr87-cd924810 (downloaded: 2026-06-08 07:25:23.848054+00:00)
2026-08-01 12:59:49 | INFO | Found latest version of tr87: tr87-cd924810 (downloaded: 2026-06-08 07:25:23.848054+00:00)
2026-08-01 12:59:49 | INFO | Found latest version of tr87: tr87-cd924810 (downloaded: 2026-06-08 07:25:23.848054+00:00)
2026-08-01 12:59:49 | INFO | Found latest version of tr87: tr87-cd924810 (downloaded: 2026-06-08 07:25:23.848054+00:00)
2026-08-01 12:59:49 | INFO | Found latest version of tr87: tr87-cd924810 (downloaded: 2026-06-08 07:25:23.848054+00:00)
2026-08-01 12:59:49 | INFO | Found latest version of tr87: tr87-cd924810 (downloaded: 2026-06-08 07:25:23.848054+00:00)
2026-08-01 12:59:49 | INFO | Found latest version of tr87: tr87-cd924810 (downloaded: 2026-06-08 07:25:23.848054+00:00)
2026-08-01 12:59:49 | INFO | Found latest version of tr87: tr87-cd924810 (downloaded: 2026-06-08 07:25:23.848054+00:00)
2026-08-01 12:59:49 | INFO | Found latest version of tr87: tr87-cd924810 (downloaded: 2026-06-08 07:25:23.848054+00:00)
2026-08-01 12:59:49 | INFO | Found latest version of tr87: tr87-cd924810 (downloaded: 2026-06-08 07:25:23.848054+00:00)
2026-08-01 12:59:49 | INFO | Found latest version of tr87: tr87-cd924810 (downloaded: 2026-06-08 07:25:23.848054+00:00)
2026-08-01 12:59:49 | INFO | Found latest version of tr87: tr87-cd924810 (downloaded: 2026-06-08 07:25:23.848054+00:00)
2026-08-01 12:59:49 | INFO | Found latest version of tr87: tr87-cd924810 (downloaded: 2026-06-08 07:25:23.848054+00:00)
2026-08-01 12:59:52 | INFO | Found latest version of tr87: tr87-cd924810 (downloaded: 2026-06-08 07:25:23.848054+00:00)
2026-08-01 12:59:52 | INFO | Found latest version of tr87: tr87-cd924810 (downloaded: 2026-06-08 07:25:23.848054+00:00)
2026-08-01 12:59:52 | INFO | Found latest version of tr87: tr87-cd924810 (downloaded: 2026-06-08 07:25:23.848054+00:00)
2026-08-01 12:59:52 | INFO | Found latest version of tr87: tr87-cd924810 (downloaded: 2026-06-08 07:25:23.848054+00:00)
2026-08-01 12:59:52 | INFO | Found latest version of tr87: tr87-cd924810 (downloaded: 2026-06-08 07:25:23.848054+00:00)
2026-08-01 12:59:52 | INFO | Found latest version of tr87: tr87-cd924810 (downloaded: 2026-06-08 07:25:23.848054+00:00)
2026-08-01 12:59:52 | INFO | Found latest version of tr87: tr87-cd924810 (downloaded: 2026-06-08 07:25:23.848054+00:00)
2026-08-01 12:59:52 | INFO | Found latest version of tr87: tr87-cd924810 (downloaded: 2026-06-08 07:25:23.848054+00:00)
2026-08-01 12:59:52 | INFO | Found latest version of tr87: tr87-cd924810 (downloaded: 2026-06-08 07:25:23.848054+00:00)
2026-08-01 12:59:52 | INFO | Found latest version of tr87: tr87-cd924810 (downloaded: 2026-06-08 07:25:23.848054+00:00)
2026-08-01 12:59:52 | INFO | Found latest version of tr87: tr87-cd924810 (downloaded: 2026-06-08 07:25:23.848054+00:00)
2026-08-01 12:59:52 | INFO | Found latest version of tr87: tr87-cd924810 (downloaded: 2026-06-08 07:25:23.848054+00:00)
2026-08-01 12:59:52 | INFO | Found latest version of tr87: tr87-cd924810 (downloaded: 2026-06-08 07:25:23.848054+00:00)
2026-08-01 12:59:52 | INFO | Found latest version of tr87: tr87-cd924810 (downloaded: 2026-06-08 07:25:23.848054+00:00)
2026-08-01 12:59:52 | INFO | Found latest version of tr87: tr87-cd924810 (downloaded: 2026-06-08 07:25:23.848054+00:00)
2026-08-01 12:59:52 | INFO | Found latest version of tr87: tr87-cd924810 (downloaded: 2026-06-08 07:25:23.848054+00:00)
2026-08-01 12:59:52 | INFO | Found latest version of tr87: tr87-cd924810 (downloaded: 2026-06-08 07:25:23.848054+00:00)
2026-08-01 12:59:52 | INFO | Found latest version of tr87: tr87-cd924810 (downloaded: 2026-06-08 07:25:23.848054+00:00)
2026-08-01 12:59:52 | INFO | Found latest version of tr87: tr87-cd924810 (downloaded: 2026-06-08 07:25:23.848054+00:00)
2026-08-01 12:59:52 | INFO | Found latest version of tr87: tr87-cd924810 (downloaded: 2026-06-08 07:25:23.848054+00:00)
2026-08-01 12:59:52 | INFO | Found latest version of tr87: tr87-cd924810 (downloaded: 2026-06-08 07:25:23.848054+00:00)
2026-08-01 12:59:52 | INFO | Found latest version of tr87: tr87-cd924810 (downloaded: 2026-06-08 07:25:23.848054+00:00)
2026-08-01 12:59:52 | INFO | Found latest version of tr87: tr87-cd924810 (downloaded: 2026-06-08 07:25:23.848054+00:00)
2026-08-01 12:59:52 | INFO | Found latest version of tr87: tr87-cd924810 (downloaded: 2026-06-08 07:25:23.848054+00:00)
2026-08-01 12:59:52 | INFO | Found latest version of tr87: tr87-cd924810 (downloaded: 2026-06-08 07:25:23.848054+00:00)
2026-08-01 12:59:52 | INFO | Found latest version of tr87: tr87-cd924810 (downloaded: 2026-06-08 07:25:23.848054+00:00)
2026-08-01 12:59:52 | INFO | Found latest version of tr87: tr87-cd924810 (downloaded: 2026-06-08 07:25:23.848054+00:00)
2026-08-01 12:59:52 | INFO | Found latest version of tr87: tr87-cd924810 (downloaded: 2026-06-08 07:25:23.848054+00:00)
2026-08-01 12:59:52 | INFO | Found latest version of tr87: tr87-cd924810 (downloaded: 2026-06-08 07:25:23.848054+00:00)
2026-08-01 12:59:52 | INFO | Found latest version of tr87: tr87-cd924810 (downloaded: 2026-06-08 07:25:23.848054+00:00)
2026-08-01 12:59:52 | INFO | Found latest version of tr87: tr87-cd924810 (downloaded: 2026-06-08 07:25:23.848054+00:00)
2026-08-01 12:59:52 | INFO | Found latest version of tr87: tr87-cd924810 (downloaded: 2026-06-08 07:25:23.848054+00:00)
2026-08-01 12:59:52 | INFO | Found latest version of tr87: tr87-cd924810 (downloaded: 2026-06-08 07:25:23.848054+00:00)
2026-08-01 12:59:52 | INFO | Found latest version of tr87: tr87-cd924810 (downloaded: 2026-06-08 07:25:23.848054+00:00)
2026-08-01 12:59:52 | INFO | Found latest version of tr87: tr87-cd924810 (downloaded: 2026-06-08 07:25:23.848054+00:00)
2026-08-01 12:59:52 | INFO | Found latest version of tr87: tr87-cd924810 (downloaded: 2026-06-08 07:25:23.848054+00:00)
2026-08-01 12:59:52 | INFO | Found latest version of tr87: tr87-cd924810 (downloaded: 2026-06-08 07:25:23.848054+00:00)
2026-08-01 12:59:52 | INFO | Found latest version of tr87: tr87-cd924810 (downloaded: 2026-06-08 07:25:23.848054+00:00)
2026-08-01 12:59:52 | INFO | Found latest version of tr87: tr87-cd924810 (downloaded: 2026-06-08 07:25:23.848054+00:00)
2026-08-01 12:59:52 | INFO | Found latest version of tr87: tr87-cd924810 (downloaded: 2026-06-08 07:25:23.848054+00:00)
2026-08-01 12:59:52 | INFO | Found latest version of tr87: tr87-cd924810 (downloaded: 2026-06-08 07:25:23.848054+00:00)
2026-08-01 12:59:52 | INFO | Found latest version of tr87: tr87-cd924810 (downloaded: 2026-06-08 07:25:23.848054+00:00)
2026-08-01 12:59:52 | INFO | Found latest version of tr87: tr87-cd924810 (downloaded: 2026-06-08 07:25:23.848054+00:00)
2026-08-01 12:59:52 | INFO | Found latest version of tr87: tr87-cd924810 (downloaded: 2026-06-08 07:25:23.848054+00:00)
2026-08-01 12:59:52 | INFO | Found latest version of tr87: tr87-cd924810 (downloaded: 2026-06-08 07:25:23.848054+00:00)
2026-08-01 12:59:52 | INFO | Found latest version of tr87: tr87-cd924810 (downloaded: 2026-06-08 07:25:23.848054+00:00)
2026-08-01 12:59:52 | INFO | Found latest version of tr87: tr87-cd924810 (downloaded: 2026-06-08 07:25:23.848054+00:00)
2026-08-01 12:59:52 | INFO | Found latest version of tr87: tr87-cd924810 (downloaded: 2026-06-08 07:25:23.848054+00:00)
2026-08-01 12:59:52 | INFO | Found latest version of tr87: tr87-cd924810 (downloaded: 2026-06-08 07:25:23.848054+00:00)
2026-08-01 12:59:52 | INFO | Found latest version of tr87: tr87-cd924810 (downloaded: 2026-06-08 07:25:23.848054+00:00)
2026-08-01 12:59:52 | INFO | Found latest version of tr87: tr87-cd924810 (downloaded: 2026-06-08 07:25:23.848054+00:00)
2026-08-01 12:59:52 | INFO | Found latest version of tr87: tr87-cd924810 (downloaded: 2026-06-08 07:25:23.848054+00:00)
2026-08-01 12:59:52 | INFO | Found latest version of tr87: tr87-cd924810 (downloaded: 2026-06-08 07:25:23.848054+00:00)
2026-08-01 12:59:52 | INFO | Found latest version of tr87: tr87-cd924810 (downloaded: 2026-06-08 07:25:23.848054+00:00)
2026-08-01 12:59:52 | INFO | Found latest version of tr87: tr87-cd924810 (downloaded: 2026-06-08 07:25:23.848054+00:00)
2026-08-01 12:59:52 | INFO | Found latest version of tr87: tr87-cd924810 (downloaded: 2026-06-08 07:25:23.848054+00:00)
2026-08-01 12:59:52 | INFO | Found latest version of tr87: tr87-cd924810 (downloaded: 2026-06-08 07:25:23.848054+00:00)
2026-08-01 12:59:52 | INFO | Found latest version of tr87: tr87-cd924810 (downloaded: 2026-06-08 07:25:23.848054+00:00)
2026-08-01 12:59:52 | INFO | Found latest version of tr87: tr87-cd924810 (downloaded: 2026-06-08 07:25:23.848054+00:00)
2026-08-01 12:59:52 | INFO | Found latest version of tr87: tr87-cd924810 (downloaded: 2026-06-08 07:25:23.848054+00:00)
2026-08-01 12:59:52 | INFO | Found latest version of tr87: tr87-cd924810 (downloaded: 2026-06-08 07:25:23.848054+00:00)
2026-08-01 12:59:52 | INFO | Found latest version of tr87: tr87-cd924810 (downloaded: 2026-06-08 07:25:23.848054+00:00)
2026-08-01 12:59:55 | INFO | Found latest version of tr87: tr87-cd924810 (downloaded: 2026-06-08 07:25:23.848054+00:00)
2026-08-01 12:59:55 | INFO | Found latest version of tr87: tr87-cd924810 (downloaded: 2026-06-08 07:25:23.848054+00:00)
2026-08-01 12:59:55 | INFO | Found latest version of tr87: tr87-cd924810 (downloaded: 2026-06-08 07:25:23.848054+00:00)
2026-08-01 12:59:55 | INFO | Found latest version of tr87: tr87-cd924810 (downloaded: 2026-06-08 07:25:23.848054+00:00)
2026-08-01 12:59:55 | INFO | Found latest version of tr87: tr87-cd924810 (downloaded: 2026-06-08 07:25:23.848054+00:00)
2026-08-01 12:59:55 | INFO | Found latest version of tr87: tr87-cd924810 (downloaded: 2026-06-08 07:25:23.848054+00:00)
2026-08-01 12:59:55 | INFO | Found latest version of tr87: tr87-cd924810 (downloaded: 2026-06-08 07:25:23.848054+00:00)
2026-08-01 12:59:55 | INFO | Found latest version of tr87: tr87-cd924810 (downloaded: 2026-06-08 07:25:23.848054+00:00)
2026-08-01 12:59:55 | INFO | Found latest version of tr87: tr87-cd924810 (downloaded: 2026-06-08 07:25:23.848054+00:00)
2026-08-01 12:59:55 | INFO | Found latest version of tr87: tr87-cd924810 (downloaded: 2026-06-08 07:25:23.848054+00:00)
2026-08-01 12:59:55 | INFO | Found latest version of tr87: tr87-cd924810 (downloaded: 2026-06-08 07:25:23.848054+00:00)
2026-08-01 12:59:55 | INFO | Found latest version of tr87: tr87-cd924810 (downloaded: 2026-06-08 07:25:23.848054+00:00)
2026-08-01 12:59:55 | INFO | Found latest version of tr87: tr87-cd924810 (downloaded: 2026-06-08 07:25:23.848054+00:00)
2026-08-01 12:59:55 | INFO | Found latest version of tr87: tr87-cd924810 (downloaded: 2026-06-08 07:25:23.848054+00:00)
2026-08-01 12:59:55 | INFO | Found latest version of tr87: tr87-cd924810 (downloaded: 2026-06-08 07:25:23.848054+00:00)
2026-08-01 12:59:55 | INFO | Found latest version of tr87: tr87-cd924810 (downloaded: 2026-06-08 07:25:23.848054+00:00)
2026-08-01 12:59:55 | INFO | Found latest version of tr87: tr87-cd924810 (downloaded: 2026-06-08 07:25:23.848054+00:00)
2026-08-01 12:59:55 | INFO | Found latest version of tr87: tr87-cd924810 (downloaded: 2026-06-08 07:25:23.848054+00:00)
2026-08-01 12:59:55 | INFO | Found latest version of tr87: tr87-cd924810 (downloaded: 2026-06-08 07:25:23.848054+00:00)
2026-08-01 12:59:55 | INFO | Found latest version of tr87: tr87-cd924810 (downloaded: 2026-06-08 07:25:23.848054+00:00)
2026-08-01 12:59:55 | INFO | Found latest version of tr87: tr87-cd924810 (downloaded: 2026-06-08 07:25:23.848054+00:00)
2026-08-01 12:59:55 | INFO | Found latest version of tr87: tr87-cd924810 (downloaded: 2026-06-08 07:25:23.848054+00:00)
2026-08-01 12:59:55 | INFO | Found latest version of tr87: tr87-cd924810 (downloaded: 2026-06-08 07:25:23.848054+00:00)
2026-08-01 12:59:55 | INFO | Found latest version of tr87: tr87-cd924810 (downloaded: 2026-06-08 07:25:23.848054+00:00)
2026-08-01 12:59:55 | INFO | Found latest version of tr87: tr87-cd924810 (downloaded: 2026-06-08 07:25:23.848054+00:00)
2026-08-01 12:59:55 | INFO | Found latest version of tr87: tr87-cd924810 (downloaded: 2026-06-08 07:25:23.848054+00:00)
2026-08-01 12:59:55 | INFO | Found latest version of tr87: tr87-cd924810 (downloaded: 2026-06-08 07:25:23.848054+00:00)
2026-08-01 12:59:55 | INFO | Found latest version of tr87: tr87-cd924810 (downloaded: 2026-06-08 07:25:23.848054+00:00)
2026-08-01 12:59:55 | INFO | Found latest version of tr87: tr87-cd924810 (downloaded: 2026-06-08 07:25:23.848054+00:00)
2026-08-01 12:59:55 | INFO | Found latest version of tr87: tr87-cd924810 (downloaded: 2026-06-08 07:25:23.848054+00:00)
2026-08-01 12:59:55 | INFO | Found latest version of tr87: tr87-cd924810 (downloaded: 2026-06-08 07:25:23.848054+00:00)
2026-08-01 12:59:55 | INFO | Found latest version of tr87: tr87-cd924810 (downloaded: 2026-06-08 07:25:23.848054+00:00)
2026-08-01 12:59:55 | INFO | Found latest version of tr87: tr87-cd924810 (downloaded: 2026-06-08 07:25:23.848054+00:00)
2026-08-01 12:59:55 | INFO | Found latest version of tr87: tr87-cd924810 (downloaded: 2026-06-08 07:25:23.848054+00:00)
2026-08-01 12:59:55 | INFO | Found latest version of tr87: tr87-cd924810 (downloaded: 2026-06-08 07:25:23.848054+00:00)
2026-08-01 12:59:55 | INFO | Found latest version of tr87: tr87-cd924810 (downloaded: 2026-06-08 07:25:23.848054+00:00)
2026-08-01 12:59:55 | INFO | Found latest version of tr87: tr87-cd924810 (downloaded: 2026-06-08 07:25:23.848054+00:00)
2026-08-01 12:59:55 | INFO | Found latest version of tr87: tr87-cd924810 (downloaded: 2026-06-08 07:25:23.848054+00:00)
2026-08-01 12:59:55 | INFO | Found latest version of tr87: tr87-cd924810 (downloaded: 2026-06-08 07:25:23.848054+00:00)
2026-08-01 12:59:55 | INFO | Found latest version of tr87: tr87-cd924810 (downloaded: 2026-06-08 07:25:23.848054+00:00)
2026-08-01 12:59:55 | INFO | Found latest version of tr87: tr87-cd924810 (downloaded: 2026-06-08 07:25:23.848054+00:00)
2026-08-01 12:59:55 | INFO | Found latest version of tr87: tr87-cd924810 (downloaded: 2026-06-08 07:25:23.848054+00:00)
2026-08-01 12:59:55 | INFO | Found latest version of tr87: tr87-cd924810 (downloaded: 2026-06-08 07:25:23.848054+00:00)
2026-08-01 12:59:55 | INFO | Found latest version of tr87: tr87-cd924810 (downloaded: 2026-06-08 07:25:23.848054+00:00)
2026-08-01 12:59:55 | INFO | Found latest version of tr87: tr87-cd924810 (downloaded: 2026-06-08 07:25:23.848054+00:00)
2026-08-01 12:59:55 | INFO | Found latest version of tr87: tr87-cd924810 (downloaded: 2026-06-08 07:25:23.848054+00:00)
2026-08-01 12:59:55 | INFO | Found latest version of tr87: tr87-cd924810 (downloaded: 2026-06-08 07:25:23.848054+00:00)
2026-08-01 12:59:55 | INFO | Found latest version of tr87: tr87-cd924810 (downloaded: 2026-06-08 07:25:23.848054+00:00)
2026-08-01 12:59:55 | INFO | Found latest version of tr87: tr87-cd924810 (downloaded: 2026-06-08 07:25:23.848054+00:00)
2026-08-01 12:59:55 | INFO | Found latest version of tr87: tr87-cd924810 (downloaded: 2026-06-08 07:25:23.848054+00:00)
2026-08-01 12:59:55 | INFO | Found latest version of tr87: tr87-cd924810 (downloaded: 2026-06-08 07:25:23.848054+00:00)
2026-08-01 12:59:55 | INFO | Found latest version of tr87: tr87-cd924810 (downloaded: 2026-06-08 07:25:23.848054+00:00)
2026-08-01 12:59:55 | INFO | Found latest version of tr87: tr87-cd924810 (downloaded: 2026-06-08 07:25:23.848054+00:00)
2026-08-01 12:59:55 | INFO | Found latest version of tr87: tr87-cd924810 (downloaded: 2026-06-08 07:25:23.848054+00:00)
2026-08-01 12:59:55 | INFO | Found latest version of tr87: tr87-cd924810 (downloaded: 2026-06-08 07:25:23.848054+00:00)
2026-08-01 12:59:55 | INFO | Found latest version of tr87: tr87-cd924810 (downloaded: 2026-06-08 07:25:23.848054+00:00)
2026-08-01 12:59:55 | INFO | Found latest version of tr87: tr87-cd924810 (downloaded: 2026-06-08 07:25:23.848054+00:00)
2026-08-01 12:59:55 | INFO | Found latest version of tr87: tr87-cd924810 (downloaded: 2026-06-08 07:25:23.848054+00:00)
2026-08-01 12:59:55 | INFO | Found latest version of tr87: tr87-cd924810 (downloaded: 2026-06-08 07:25:23.848054+00:00)
2026-08-01 12:59:55 | INFO | Found latest version of tr87: tr87-cd924810 (downloaded: 2026-06-08 07:25:23.848054+00:00)
2026-08-01 12:59:55 | INFO | Found latest version of tr87: tr87-cd924810 (downloaded: 2026-06-08 07:25:23.848054+00:00)
2026-08-01 12:59:55 | INFO | Found latest version of tr87: tr87-cd924810 (downloaded: 2026-06-08 07:25:23.848054+00:00)
2026-08-01 12:59:55 | INFO | Found latest version of tr87: tr87-cd924810 (downloaded: 2026-06-08 07:25:23.848054+00:00)
2026-08-01 12:59:58 | INFO | Found latest version of tr87: tr87-cd924810 (downloaded: 2026-06-08 07:25:23.848054+00:00)
2026-08-01 12:59:58 | INFO | Found latest version of tr87: tr87-cd924810 (downloaded: 2026-06-08 07:25:23.848054+00:00)
2026-08-01 12:59:58 | INFO | Found latest version of tr87: tr87-cd924810 (downloaded: 2026-06-08 07:25:23.848054+00:00)
2026-08-01 12:59:58 | INFO | Found latest version of tr87: tr87-cd924810 (downloaded: 2026-06-08 07:25:23.848054+00:00)
2026-08-01 12:59:58 | INFO | Found latest version of tr87: tr87-cd924810 (downloaded: 2026-06-08 07:25:23.848054+00:00)
2026-08-01 12:59:58 | INFO | Found latest version of tr87: tr87-cd924810 (downloaded: 2026-06-08 07:25:23.848054+00:00)
2026-08-01 12:59:58 | INFO | Found latest version of tr87: tr87-cd924810 (downloaded: 2026-06-08 07:25:23.848054+00:00)
2026-08-01 12:59:58 | INFO | Found latest version of tr87: tr87-cd924810 (downloaded: 2026-06-08 07:25:23.848054+00:00)
2026-08-01 12:59:58 | INFO | Found latest version of tr87: tr87-cd924810 (downloaded: 2026-06-08 07:25:23.848054+00:00)
2026-08-01 12:59:58 | INFO | Found latest version of tr87: tr87-cd924810 (downloaded: 2026-06-08 07:25:23.848054+00:00)
2026-08-01 12:59:58 | INFO | Found latest version of tr87: tr87-cd924810 (downloaded: 2026-06-08 07:25:23.848054+00:00)
2026-08-01 12:59:58 | INFO | Found latest version of tr87: tr87-cd924810 (downloaded: 2026-06-08 07:25:23.848054+00:00)
2026-08-01 12:59:58 | INFO | Found latest version of tr87: tr87-cd924810 (downloaded: 2026-06-08 07:25:23.848054+00:00)
2026-08-01 12:59:58 | INFO | Found latest version of tr87: tr87-cd924810 (downloaded: 2026-06-08 07:25:23.848054+00:00)
2026-08-01 12:59:58 | INFO | Found latest version of tr87: tr87-cd924810 (downloaded: 2026-06-08 07:25:23.848054+00:00)
2026-08-01 12:59:58 | INFO | Found latest version of tr87: tr87-cd924810 (downloaded: 2026-06-08 07:25:23.848054+00:00)
2026-08-01 12:59:58 | INFO | Found latest version of tr87: tr87-cd924810 (downloaded: 2026-06-08 07:25:23.848054+00:00)
2026-08-01 12:59:58 | INFO | Found latest version of tr87: tr87-cd924810 (downloaded: 2026-06-08 07:25:23.848054+00:00)
2026-08-01 12:59:58 | INFO | Found latest version of tr87: tr87-cd924810 (downloaded: 2026-06-08 07:25:23.848054+00:00)
2026-08-01 12:59:58 | INFO | Found latest version of tr87: tr87-cd924810 (downloaded: 2026-06-08 07:25:23.848054+00:00)
2026-08-01 12:59:58 | INFO | Found latest version of tr87: tr87-cd924810 (downloaded: 2026-06-08 07:25:23.848054+00:00)
2026-08-01 12:59:58 | INFO | Found latest version of tr87: tr87-cd924810 (downloaded: 2026-06-08 07:25:23.848054+00:00)
2026-08-01 12:59:58 | INFO | Found latest version of tr87: tr87-cd924810 (downloaded: 2026-06-08 07:25:23.848054+00:00)
2026-08-01 12:59:58 | INFO | Found latest version of tr87: tr87-cd924810 (downloaded: 2026-06-08 07:25:23.848054+00:00)
2026-08-01 12:59:58 | INFO | Found latest version of tr87: tr87-cd924810 (downloaded: 2026-06-08 07:25:23.848054+00:00)
2026-08-01 12:59:58 | INFO | Found latest version of tr87: tr87-cd924810 (downloaded: 2026-06-08 07:25:23.848054+00:00)
2026-08-01 12:59:58 | INFO | Found latest version of tr87: tr87-cd924810 (downloaded: 2026-06-08 07:25:23.848054+00:00)
2026-08-01 12:59:58 | INFO | Found latest version of tr87: tr87-cd924810 (downloaded: 2026-06-08 07:25:23.848054+00:00)
2026-08-01 12:59:58 | INFO | Found latest version of tr87: tr87-cd924810 (downloaded: 2026-06-08 07:25:23.848054+00:00)
2026-08-01 12:59:58 | INFO | Found latest version of tr87: tr87-cd924810 (downloaded: 2026-06-08 07:25:23.848054+00:00)
2026-08-01 12:59:58 | INFO | Found latest version of tr87: tr87-cd924810 (downloaded: 2026-06-08 07:25:23.848054+00:00)
2026-08-01 12:59:58 | INFO | Found latest version of tr87: tr87-cd924810 (downloaded: 2026-06-08 07:25:23.848054+00:00)
2026-08-01 12:59:58 | INFO | Found latest version of tr87: tr87-cd924810 (downloaded: 2026-06-08 07:25:23.848054+00:00)
2026-08-01 12:59:58 | INFO | Found latest version of tr87: tr87-cd924810 (downloaded: 2026-06-08 07:25:23.848054+00:00)
2026-08-01 12:59:58 | INFO | Found latest version of tr87: tr87-cd924810 (downloaded: 2026-06-08 07:25:23.848054+00:00)
2026-08-01 12:59:58 | INFO | Found latest version of tr87: tr87-cd924810 (downloaded: 2026-06-08 07:25:23.848054+00:00)
2026-08-01 12:59:58 | INFO | Found latest version of tr87: tr87-cd924810 (downloaded: 2026-06-08 07:25:23.848054+00:00)
2026-08-01 12:59:58 | INFO | Found latest version of tr87: tr87-cd924810 (downloaded: 2026-06-08 07:25:23.848054+00:00)
2026-08-01 12:59:58 | INFO | Found latest version of tr87: tr87-cd924810 (downloaded: 2026-06-08 07:25:23.848054+00:00)
2026-08-01 12:59:58 | INFO | Found latest version of tr87: tr87-cd924810 (downloaded: 2026-06-08 07:25:23.848054+00:00)
2026-08-01 12:59:58 | INFO | Found latest version of tr87: tr87-cd924810 (downloaded: 2026-06-08 07:25:23.848054+00:00)
2026-08-01 12:59:58 | INFO | Found latest version of tr87: tr87-cd924810 (downloaded: 2026-06-08 07:25:23.848054+00:00)
2026-08-01 12:59:58 | INFO | Found latest version of tr87: tr87-cd924810 (downloaded: 2026-06-08 07:25:23.848054+00:00)
2026-08-01 12:59:58 | INFO | Found latest version of tr87: tr87-cd924810 (downloaded: 2026-06-08 07:25:23.848054+00:00)
2026-08-01 12:59:58 | INFO | Found latest version of tr87: tr87-cd924810 (downloaded: 2026-06-08 07:25:23.848054+00:00)
2026-08-01 12:59:58 | INFO | Found latest version of tr87: tr87-cd924810 (downloaded: 2026-06-08 07:25:23.848054+00:00)
2026-08-01 12:59:58 | INFO | Found latest version of tr87: tr87-cd924810 (downloaded: 2026-06-08 07:25:23.848054+00:00)
2026-08-01 12:59:58 | INFO | Found latest version of tr87: tr87-cd924810 (downloaded: 2026-06-08 07:25:23.848054+00:00)
2026-08-01 12:59:58 | INFO | Found latest version of tr87: tr87-cd924810 (downloaded: 2026-06-08 07:25:23.848054+00:00)
2026-08-01 12:59:58 | INFO | Found latest version of tr87: tr87-cd924810 (downloaded: 2026-06-08 07:25:23.848054+00:00)
2026-08-01 12:59:58 | INFO | Found latest version of tr87: tr87-cd924810 (downloaded: 2026-06-08 07:25:23.848054+00:00)
2026-08-01 12:59:58 | INFO | Found latest version of tr87: tr87-cd924810 (downloaded: 2026-06-08 07:25:23.848054+00:00)
2026-08-01 12:59:58 | INFO | Found latest version of tr87: tr87-cd924810 (downloaded: 2026-06-08 07:25:23.848054+00:00)
2026-08-01 12:59:58 | INFO | Found latest version of tr87: tr87-cd924810 (downloaded: 2026-06-08 07:25:23.848054+00:00)
2026-08-01 12:59:58 | INFO | Found latest version of tr87: tr87-cd924810 (downloaded: 2026-06-08 07:25:23.848054+00:00)
2026-08-01 12:59:58 | INFO | Found latest version of tr87: tr87-cd924810 (downloaded: 2026-06-08 07:25:23.848054+00:00)
2026-08-01 12:59:58 | INFO | Found latest version of tr87: tr87-cd924810 (downloaded: 2026-06-08 07:25:23.848054+00:00)
2026-08-01 12:59:58 | INFO | Found latest version of tr87: tr87-cd924810 (downloaded: 2026-06-08 07:25:23.848054+00:00)
2026-08-01 12:59:58 | INFO | Found latest version of tr87: tr87-cd924810 (downloaded: 2026-06-08 07:25:23.848054+00:00)
2026-08-01 12:59:58 | INFO | Found latest version of tr87: tr87-cd924810 (downloaded: 2026-06-08 07:25:23.848054+00:00)
2026-08-01 12:59:58 | INFO | Found latest version of tr87: tr87-cd924810 (downloaded: 2026-06-08 07:25:23.848054+00:00)
2026-08-01 12:59:58 | INFO | Found latest version of tr87: tr87-cd924810 (downloaded: 2026-06-08 07:25:23.848054+00:00)
2026-08-01 13:00:01 | INFO | Found latest version of tr87: tr87-cd924810 (downloaded: 2026-06-08 07:25:23.848054+00:00)
2026-08-01 13:00:01 | INFO | Found latest version of tr87: tr87-cd924810 (downloaded: 2026-06-08 07:25:23.848054+00:00)
2026-08-01 13:00:01 | INFO | Found latest version of tr87: tr87-cd924810 (downloaded: 2026-06-08 07:25:23.848054+00:00)
2026-08-01 13:00:01 | INFO | Found latest version of tr87: tr87-cd924810 (downloaded: 2026-06-08 07:25:23.848054+00:00)
2026-08-01 13:00:01 | INFO | Found latest version of tr87: tr87-cd924810 (downloaded: 2026-06-08 07:25:23.848054+00:00)
2026-08-01 13:00:01 | INFO | Found latest version of tr87: tr87-cd924810 (downloaded: 2026-06-08 07:25:23.848054+00:00)
2026-08-01 13:00:01 | INFO | Found latest version of tr87: tr87-cd924810 (downloaded: 2026-06-08 07:25:23.848054+00:00)
2026-08-01 13:00:01 | INFO | Found latest version of tr87: tr87-cd924810 (downloaded: 2026-06-08 07:25:23.848054+00:00)
2026-08-01 13:00:01 | INFO | Found latest version of tr87: tr87-cd924810 (downloaded: 2026-06-08 07:25:23.848054+00:00)
2026-08-01 13:00:01 | INFO | Found latest version of tr87: tr87-cd924810 (downloaded: 2026-06-08 07:25:23.848054+00:00)
2026-08-01 13:00:01 | INFO | Found latest version of tr87: tr87-cd924810 (downloaded: 2026-06-08 07:25:23.848054+00:00)
2026-08-01 13:00:01 | INFO | Found latest version of tr87: tr87-cd924810 (downloaded: 2026-06-08 07:25:23.848054+00:00)
2026-08-01 13:00:01 | INFO | Found latest version of tr87: tr87-cd924810 (downloaded: 2026-06-08 07:25:23.848054+00:00)
2026-08-01 13:00:01 | INFO | Found latest version of tr87: tr87-cd924810 (downloaded: 2026-06-08 07:25:23.848054+00:00)
2026-08-01 13:00:01 | INFO | Found latest version of tr87: tr87-cd924810 (downloaded: 2026-06-08 07:25:23.848054+00:00)
2026-08-01 13:00:01 | INFO | Found latest version of tr87: tr87-cd924810 (downloaded: 2026-06-08 07:25:23.848054+00:00)
2026-08-01 13:00:01 | INFO | Found latest version of tr87: tr87-cd924810 (downloaded: 2026-06-08 07:25:23.848054+00:00)
2026-08-01 13:00:01 | INFO | Found latest version of tr87: tr87-cd924810 (downloaded: 2026-06-08 07:25:23.848054+00:00)
2026-08-01 13:00:01 | INFO | Found latest version of tr87: tr87-cd924810 (downloaded: 2026-06-08 07:25:23.848054+00:00)
2026-08-01 13:00:01 | INFO | Found latest version of tr87: tr87-cd924810 (downloaded: 2026-06-08 07:25:23.848054+00:00)
2026-08-01 13:00:01 | INFO | Found latest version of tr87: tr87-cd924810 (downloaded: 2026-06-08 07:25:23.848054+00:00)
2026-08-01 13:00:01 | INFO | Found latest version of tr87: tr87-cd924810 (downloaded: 2026-06-08 07:25:23.848054+00:00)
2026-08-01 13:00:01 | INFO | Found latest version of tr87: tr87-cd924810 (downloaded: 2026-06-08 07:25:23.848054+00:00)
2026-08-01 13:00:01 | INFO | Found latest version of tr87: tr87-cd924810 (downloaded: 2026-06-08 07:25:23.848054+00:00)
2026-08-01 13:00:01 | INFO | Found latest version of tr87: tr87-cd924810 (downloaded: 2026-06-08 07:25:23.848054+00:00)
2026-08-01 13:00:01 | INFO | Found latest version of tr87: tr87-cd924810 (downloaded: 2026-06-08 07:25:23.848054+00:00)
2026-08-01 13:00:01 | INFO | Found latest version of tr87: tr87-cd924810 (downloaded: 2026-06-08 07:25:23.848054+00:00)
2026-08-01 13:00:01 | INFO | Found latest version of tr87: tr87-cd924810 (downloaded: 2026-06-08 07:25:23.848054+00:00)
2026-08-01 13:00:01 | INFO | Found latest version of tr87: tr87-cd924810 (downloaded: 2026-06-08 07:25:23.848054+00:00)
2026-08-01 13:00:01 | INFO | Found latest version of tr87: tr87-cd924810 (downloaded: 2026-06-08 07:25:23.848054+00:00)
2026-08-01 13:00:01 | INFO | Found latest version of tr87: tr87-cd924810 (downloaded: 2026-06-08 07:25:23.848054+00:00)
2026-08-01 13:00:01 | INFO | Found latest version of tr87: tr87-cd924810 (downloaded: 2026-06-08 07:25:23.848054+00:00)
2026-08-01 13:00:01 | INFO | Found latest version of tr87: tr87-cd924810 (downloaded: 2026-06-08 07:25:23.848054+00:00)
2026-08-01 13:00:01 | INFO | Found latest version of tr87: tr87-cd924810 (downloaded: 2026-06-08 07:25:23.848054+00:00)
2026-08-01 13:00:01 | INFO | Found latest version of tr87: tr87-cd924810 (downloaded: 2026-06-08 07:25:23.848054+00:00)
2026-08-01 13:00:01 | INFO | Found latest version of tr87: tr87-cd924810 (downloaded: 2026-06-08 07:25:23.848054+00:00)
2026-08-01 13:00:01 | INFO | Found latest version of tr87: tr87-cd924810 (downloaded: 2026-06-08 07:25:23.848054+00:00)
2026-08-01 13:00:01 | INFO | Found latest version of tr87: tr87-cd924810 (downloaded: 2026-06-08 07:25:23.848054+00:00)
2026-08-01 13:00:01 | INFO | Found latest version of tr87: tr87-cd924810 (downloaded: 2026-06-08 07:25:23.848054+00:00)
2026-08-01 13:00:01 | INFO | Found latest version of tr87: tr87-cd924810 (downloaded: 2026-06-08 07:25:23.848054+00:00)
2026-08-01 13:00:01 | INFO | Found latest version of tr87: tr87-cd924810 (downloaded: 2026-06-08 07:25:23.848054+00:00)
2026-08-01 13:00:01 | INFO | Found latest version of tr87: tr87-cd924810 (downloaded: 2026-06-08 07:25:23.848054+00:00)
2026-08-01 13:00:01 | INFO | Found latest version of tr87: tr87-cd924810 (downloaded: 2026-06-08 07:25:23.848054+00:00)
2026-08-01 13:00:01 | INFO | Found latest version of tr87: tr87-cd924810 (downloaded: 2026-06-08 07:25:23.848054+00:00)
2026-08-01 13:00:01 | INFO | Found latest version of tr87: tr87-cd924810 (downloaded: 2026-06-08 07:25:23.848054+00:00)
2026-08-01 13:00:01 | INFO | Found latest version of tr87: tr87-cd924810 (downloaded: 2026-06-08 07:25:23.848054+00:00)
2026-08-01 13:00:01 | INFO | Found latest version of tr87: tr87-cd924810 (downloaded: 2026-06-08 07:25:23.848054+00:00)
2026-08-01 13:00:01 | INFO | Found latest version of tr87: tr87-cd924810 (downloaded: 2026-06-08 07:25:23.848054+00:00)
2026-08-01 13:00:01 | INFO | Found latest version of tr87: tr87-cd924810 (downloaded: 2026-06-08 07:25:23.848054+00:00)
2026-08-01 13:00:01 | INFO | Found latest version of tr87: tr87-cd924810 (downloaded: 2026-06-08 07:25:23.848054+00:00)
2026-08-01 13:00:01 | INFO | Found latest version of tr87: tr87-cd924810 (downloaded: 2026-06-08 07:25:23.848054+00:00)
2026-08-01 13:00:01 | INFO | Found latest version of tr87: tr87-cd924810 (downloaded: 2026-06-08 07:25:23.848054+00:00)
2026-08-01 13:00:01 | INFO | Found latest version of tr87: tr87-cd924810 (downloaded: 2026-06-08 07:25:23.848054+00:00)
2026-08-01 13:00:01 | INFO | Found latest version of tr87: tr87-cd924810 (downloaded: 2026-06-08 07:25:23.848054+00:00)
2026-08-01 13:00:01 | INFO | Found latest version of tr87: tr87-cd924810 (downloaded: 2026-06-08 07:25:23.848054+00:00)
2026-08-01 13:00:01 | INFO | Found latest version of tr87: tr87-cd924810 (downloaded: 2026-06-08 07:25:23.848054+00:00)
2026-08-01 13:00:01 | INFO | Found latest version of tr87: tr87-cd924810 (downloaded: 2026-06-08 07:25:23.848054+00:00)
2026-08-01 13:00:01 | INFO | Found latest version of tr87: tr87-cd924810 (downloaded: 2026-06-08 07:25:23.848054+00:00)
2026-08-01 13:00:01 | INFO | Found latest version of tr87: tr87-cd924810 (downloaded: 2026-06-08 07:25:23.848054+00:00)
2026-08-01 13:00:01 | INFO | Found latest version of tr87: tr87-cd924810 (downloaded: 2026-06-08 07:25:23.848054+00:00)
2026-08-01 13:00:01 | INFO | Found latest version of tr87: tr87-cd924810 (downloaded: 2026-06-08 07:25:23.848054+00:00)
2026-08-01 13:00:02 | INFO | Found latest version of tr87: tr87-cd924810 (downloaded: 2026-06-08 07:25:23.848054+00:00)
2026-08-01 13:00:02 | INFO | Found latest version of tr87: tr87-cd924810 (downloaded: 2026-06-08 07:25:23.848054+00:00)
2026-08-01 13:00:04 | INFO | Found latest version of tr87: tr87-cd924810 (downloaded: 2026-06-08 07:25:23.848054+00:00)
2026-08-01 13:00:04 | INFO | Found latest version of tr87: tr87-cd924810 (downloaded: 2026-06-08 07:25:23.848054+00:00)
2026-08-01 13:00:04 | INFO | Found latest version of tr87: tr87-cd924810 (downloaded: 2026-06-08 07:25:23.848054+00:00)
2026-08-01 13:00:04 | INFO | Found latest version of tr87: tr87-cd924810 (downloaded: 2026-06-08 07:25:23.848054+00:00)
2026-08-01 13:00:04 | INFO | Found latest version of tr87: tr87-cd924810 (downloaded: 2026-06-08 07:25:23.848054+00:00)
2026-08-01 13:00:04 | INFO | Found latest version of tr87: tr87-cd924810 (downloaded: 2026-06-08 07:25:23.848054+00:00)
2026-08-01 13:00:04 | INFO | Found latest version of tr87: tr87-cd924810 (downloaded: 2026-06-08 07:25:23.848054+00:00)
2026-08-01 13:00:04 | INFO | Found latest version of tr87: tr87-cd924810 (downloaded: 2026-06-08 07:25:23.848054+00:00)
2026-08-01 13:00:04 | INFO | Found latest version of tr87: tr87-cd924810 (downloaded: 2026-06-08 07:25:23.848054+00:00)
2026-08-01 13:00:04 | INFO | Found latest version of tr87: tr87-cd924810 (downloaded: 2026-06-08 07:25:23.848054+00:00)
2026-08-01 13:00:04 | INFO | Found latest version of tr87: tr87-cd924810 (downloaded: 2026-06-08 07:25:23.848054+00:00)
2026-08-01 13:00:04 | INFO | Found latest version of tr87: tr87-cd924810 (downloaded: 2026-06-08 07:25:23.848054+00:00)
2026-08-01 13:00:04 | INFO | Found latest version of tr87: tr87-cd924810 (downloaded: 2026-06-08 07:25:23.848054+00:00)
2026-08-01 13:00:04 | INFO | Found latest version of tr87: tr87-cd924810 (downloaded: 2026-06-08 07:25:23.848054+00:00)
2026-08-01 13:00:04 | INFO | Found latest version of tr87: tr87-cd924810 (downloaded: 2026-06-08 07:25:23.848054+00:00)
2026-08-01 13:00:04 | INFO | Found latest version of tr87: tr87-cd924810 (downloaded: 2026-06-08 07:25:23.848054+00:00)
2026-08-01 13:00:04 | INFO | Found latest version of tr87: tr87-cd924810 (downloaded: 2026-06-08 07:25:23.848054+00:00)
2026-08-01 13:00:04 | INFO | Found latest version of tr87: tr87-cd924810 (downloaded: 2026-06-08 07:25:23.848054+00:00)
2026-08-01 13:00:04 | INFO | Found latest version of tr87: tr87-cd924810 (downloaded: 2026-06-08 07:25:23.848054+00:00)
2026-08-01 13:00:04 | INFO | Found latest version of tr87: tr87-cd924810 (downloaded: 2026-06-08 07:25:23.848054+00:00)
2026-08-01 13:00:04 | INFO | Found latest version of tr87: tr87-cd924810 (downloaded: 2026-06-08 07:25:23.848054+00:00)
2026-08-01 13:00:04 | INFO | Found latest version of tr87: tr87-cd924810 (downloaded: 2026-06-08 07:25:23.848054+00:00)
2026-08-01 13:00:04 | INFO | Found latest version of tr87: tr87-cd924810 (downloaded: 2026-06-08 07:25:23.848054+00:00)
2026-08-01 13:00:04 | INFO | Found latest version of tr87: tr87-cd924810 (downloaded: 2026-06-08 07:25:23.848054+00:00)
2026-08-01 13:00:04 | INFO | Found latest version of tr87: tr87-cd924810 (downloaded: 2026-06-08 07:25:23.848054+00:00)
2026-08-01 13:00:04 | INFO | Found latest version of tr87: tr87-cd924810 (downloaded: 2026-06-08 07:25:23.848054+00:00)
2026-08-01 13:00:04 | INFO | Found latest version of tr87: tr87-cd924810 (downloaded: 2026-06-08 07:25:23.848054+00:00)
2026-08-01 13:00:04 | INFO | Found latest version of tr87: tr87-cd924810 (downloaded: 2026-06-08 07:25:23.848054+00:00)
2026-08-01 13:00:04 | INFO | Found latest version of tr87: tr87-cd924810 (downloaded: 2026-06-08 07:25:23.848054+00:00)
2026-08-01 13:00:04 | INFO | Found latest version of tr87: tr87-cd924810 (downloaded: 2026-06-08 07:25:23.848054+00:00)
2026-08-01 13:00:04 | INFO | Found latest version of tr87: tr87-cd924810 (downloaded: 2026-06-08 07:25:23.848054+00:00)
2026-08-01 13:00:04 | INFO | Found latest version of tr87: tr87-cd924810 (downloaded: 2026-06-08 07:25:23.848054+00:00)
2026-08-01 13:00:04 | INFO | Found latest version of tr87: tr87-cd924810 (downloaded: 2026-06-08 07:25:23.848054+00:00)
2026-08-01 13:00:04 | INFO | Found latest version of tr87: tr87-cd924810 (downloaded: 2026-06-08 07:25:23.848054+00:00)
2026-08-01 13:00:04 | INFO | Found latest version of tr87: tr87-cd924810 (downloaded: 2026-06-08 07:25:23.848054+00:00)
2026-08-01 13:00:04 | INFO | Found latest version of tr87: tr87-cd924810 (downloaded: 2026-06-08 07:25:23.848054+00:00)
2026-08-01 13:00:04 | INFO | Found latest version of tr87: tr87-cd924810 (downloaded: 2026-06-08 07:25:23.848054+00:00)
2026-08-01 13:00:04 | INFO | Found latest version of tr87: tr87-cd924810 (downloaded: 2026-06-08 07:25:23.848054+00:00)
2026-08-01 13:00:04 | INFO | Found latest version of tr87: tr87-cd924810 (downloaded: 2026-06-08 07:25:23.848054+00:00)
2026-08-01 13:00:04 | INFO | Found latest version of tr87: tr87-cd924810 (downloaded: 2026-06-08 07:25:23.848054+00:00)
2026-08-01 13:00:04 | INFO | Found latest version of tr87: tr87-cd924810 (downloaded: 2026-06-08 07:25:23.848054+00:00)
2026-08-01 13:00:04 | INFO | Found latest version of tr87: tr87-cd924810 (downloaded: 2026-06-08 07:25:23.848054+00:00)
2026-08-01 13:00:04 | INFO | Found latest version of tr87: tr87-cd924810 (downloaded: 2026-06-08 07:25:23.848054+00:00)
2026-08-01 13:00:04 | INFO | Found latest version of tr87: tr87-cd924810 (downloaded: 2026-06-08 07:25:23.848054+00:00)
2026-08-01 13:00:04 | INFO | Found latest version of tr87: tr87-cd924810 (downloaded: 2026-06-08 07:25:23.848054+00:00)
2026-08-01 13:00:05 | INFO | Found latest version of tr87: tr87-cd924810 (downloaded: 2026-06-08 07:25:23.848054+00:00)
2026-08-01 13:00:05 | INFO | Found latest version of tr87: tr87-cd924810 (downloaded: 2026-06-08 07:25:23.848054+00:00)
2026-08-01 13:00:05 | INFO | Found latest version of tr87: tr87-cd924810 (downloaded: 2026-06-08 07:25:23.848054+00:00)
2026-08-01 13:00:05 | INFO | Found latest version of tr87: tr87-cd924810 (downloaded: 2026-06-08 07:25:23.848054+00:00)
2026-08-01 13:00:05 | INFO | Found latest version of tr87: tr87-cd924810 (downloaded: 2026-06-08 07:25:23.848054+00:00)
2026-08-01 13:00:05 | INFO | Found latest version of tr87: tr87-cd924810 (downloaded: 2026-06-08 07:25:23.848054+00:00)
2026-08-01 13:00:05 | INFO | Found latest version of tr87: tr87-cd924810 (downloaded: 2026-06-08 07:25:23.848054+00:00)
2026-08-01 13:00:05 | INFO | Found latest version of tr87: tr87-cd924810 (downloaded: 2026-06-08 07:25:23.848054+00:00)
2026-08-01 13:00:05 | INFO | Found latest version of tr87: tr87-cd924810 (downloaded: 2026-06-08 07:25:23.848054+00:00)
2026-08-01 13:00:05 | INFO | Found latest version of tr87: tr87-cd924810 (downloaded: 2026-06-08 07:25:23.848054+00:00)
2026-08-01 13:00:05 | INFO | Found latest version of tr87: tr87-cd924810 (downloaded: 2026-06-08 07:25:23.848054+00:00)
2026-08-01 13:00:05 | INFO | Found latest version of tr87: tr87-cd924810 (downloaded: 2026-06-08 07:25:23.848054+00:00)
2026-08-01 13:00:05 | INFO | Found latest version of tr87: tr87-cd924810 (downloaded: 2026-06-08 07:25:23.848054+00:00)
2026-08-01 13:00:05 | INFO | Found latest version of tr87: tr87-cd924810 (downloaded: 2026-06-08 07:25:23.848054+00:00)
2026-08-01 13:00:05 | INFO | Found latest version of tr87: tr87-cd924810 (downloaded: 2026-06-08 07:25:23.848054+00:00)
2026-08-01 13:00:05 | INFO | Found latest version of tr87: tr87-cd924810 (downloaded: 2026-06-08 07:25:23.848054+00:00)
2026-08-01 13:00:05 | INFO | Found latest version of tr87: tr87-cd924810 (downloaded: 2026-06-08 07:25:23.848054+00:00)
2026-08-01 13:00:07 | INFO | Found latest version of tr87: tr87-cd924810 (downloaded: 2026-06-08 07:25:23.848054+00:00)
2026-08-01 13:00:07 | INFO | Found latest version of tr87: tr87-cd924810 (downloaded: 2026-06-08 07:25:23.848054+00:00)
2026-08-01 13:00:07 | INFO | Found latest version of tr87: tr87-cd924810 (downloaded: 2026-06-08 07:25:23.848054+00:00)
2026-08-01 13:00:07 | INFO | Found latest version of tr87: tr87-cd924810 (downloaded: 2026-06-08 07:25:23.848054+00:00)
2026-08-01 13:00:07 | INFO | Found latest version of tr87: tr87-cd924810 (downloaded: 2026-06-08 07:25:23.848054+00:00)
2026-08-01 13:00:07 | INFO | Found latest version of tr87: tr87-cd924810 (downloaded: 2026-06-08 07:25:23.848054+00:00)
2026-08-01 13:00:07 | INFO | Found latest version of tr87: tr87-cd924810 (downloaded: 2026-06-08 07:25:23.848054+00:00)
2026-08-01 13:00:07 | INFO | Found latest version of tr87: tr87-cd924810 (downloaded: 2026-06-08 07:25:23.848054+00:00)
2026-08-01 13:00:07 | INFO | Found latest version of tr87: tr87-cd924810 (downloaded: 2026-06-08 07:25:23.848054+00:00)
2026-08-01 13:00:07 | INFO | Found latest version of tr87: tr87-cd924810 (downloaded: 2026-06-08 07:25:23.848054+00:00)
2026-08-01 13:00:07 | INFO | Found latest version of tr87: tr87-cd924810 (downloaded: 2026-06-08 07:25:23.848054+00:00)
2026-08-01 13:00:07 | INFO | Found latest version of tr87: tr87-cd924810 (downloaded: 2026-06-08 07:25:23.848054+00:00)
2026-08-01 13:00:07 | INFO | Found latest version of tr87: tr87-cd924810 (downloaded: 2026-06-08 07:25:23.848054+00:00)
2026-08-01 13:00:07 | INFO | Found latest version of tr87: tr87-cd924810 (downloaded: 2026-06-08 07:25:23.848054+00:00)
2026-08-01 13:00:07 | INFO | Found latest version of tr87: tr87-cd924810 (downloaded: 2026-06-08 07:25:23.848054+00:00)
2026-08-01 13:00:07 | INFO | Found latest version of tr87: tr87-cd924810 (downloaded: 2026-06-08 07:25:23.848054+00:00)
2026-08-01 13:00:07 | INFO | Found latest version of tr87: tr87-cd924810 (downloaded: 2026-06-08 07:25:23.848054+00:00)
2026-08-01 13:00:07 | INFO | Found latest version of tr87: tr87-cd924810 (downloaded: 2026-06-08 07:25:23.848054+00:00)
2026-08-01 13:00:07 | INFO | Found latest version of tr87: tr87-cd924810 (downloaded: 2026-06-08 07:25:23.848054+00:00)
2026-08-01 13:00:07 | INFO | Found latest version of tr87: tr87-cd924810 (downloaded: 2026-06-08 07:25:23.848054+00:00)
2026-08-01 13:00:07 | INFO | Found latest version of tr87: tr87-cd924810 (downloaded: 2026-06-08 07:25:23.848054+00:00)
2026-08-01 13:00:07 | INFO | Found latest version of tr87: tr87-cd924810 (downloaded: 2026-06-08 07:25:23.848054+00:00)
2026-08-01 13:00:07 | INFO | Found latest version of tr87: tr87-cd924810 (downloaded: 2026-06-08 07:25:23.848054+00:00)
2026-08-01 13:00:07 | INFO | Found latest version of tr87: tr87-cd924810 (downloaded: 2026-06-08 07:25:23.848054+00:00)
2026-08-01 13:00:07 | INFO | Found latest version of tr87: tr87-cd924810 (downloaded: 2026-06-08 07:25:23.848054+00:00)
2026-08-01 13:00:07 | INFO | Found latest version of tr87: tr87-cd924810 (downloaded: 2026-06-08 07:25:23.848054+00:00)
2026-08-01 13:00:07 | INFO | Found latest version of tr87: tr87-cd924810 (downloaded: 2026-06-08 07:25:23.848054+00:00)
2026-08-01 13:00:07 | INFO | Found latest version of tr87: tr87-cd924810 (downloaded: 2026-06-08 07:25:23.848054+00:00)
2026-08-01 13:00:07 | INFO | Found latest version of tr87: tr87-cd924810 (downloaded: 2026-06-08 07:25:23.848054+00:00)
2026-08-01 13:00:07 | INFO | Found latest version of tr87: tr87-cd924810 (downloaded: 2026-06-08 07:25:23.848054+00:00)
2026-08-01 13:00:07 | INFO | Found latest version of tr87: tr87-cd924810 (downloaded: 2026-06-08 07:25:23.848054+00:00)
2026-08-01 13:00:07 | INFO | Found latest version of tr87: tr87-cd924810 (downloaded: 2026-06-08 07:25:23.848054+00:00)
2026-08-01 13:00:07 | INFO | Found latest version of tr87: tr87-cd924810 (downloaded: 2026-06-08 07:25:23.848054+00:00)
2026-08-01 13:00:07 | INFO | Found latest version of tr87: tr87-cd924810 (downloaded: 2026-06-08 07:25:23.848054+00:00)
2026-08-01 13:00:07 | INFO | Found latest version of tr87: tr87-cd924810 (downloaded: 2026-06-08 07:25:23.848054+00:00)
2026-08-01 13:00:08 | INFO | Found latest version of tr87: tr87-cd924810 (downloaded: 2026-06-08 07:25:23.848054+00:00)
2026-08-01 13:00:08 | INFO | Found latest version of tr87: tr87-cd924810 (downloaded: 2026-06-08 07:25:23.848054+00:00)
2026-08-01 13:00:08 | INFO | Found latest version of tr87: tr87-cd924810 (downloaded: 2026-06-08 07:25:23.848054+00:00)
2026-08-01 13:00:08 | INFO | Found latest version of tr87: tr87-cd924810 (downloaded: 2026-06-08 07:25:23.848054+00:00)
2026-08-01 13:00:08 | INFO | Found latest version of tr87: tr87-cd924810 (downloaded: 2026-06-08 07:25:23.848054+00:00)
2026-08-01 13:00:08 | INFO | Found latest version of tr87: tr87-cd924810 (downloaded: 2026-06-08 07:25:23.848054+00:00)
2026-08-01 13:00:08 | INFO | Found latest version of tr87: tr87-cd924810 (downloaded: 2026-06-08 07:25:23.848054+00:00)
2026-08-01 13:00:08 | INFO | Found latest version of tr87: tr87-cd924810 (downloaded: 2026-06-08 07:25:23.848054+00:00)
2026-08-01 13:00:08 | INFO | Found latest version of tr87: tr87-cd924810 (downloaded: 2026-06-08 07:25:23.848054+00:00)
2026-08-01 13:00:08 | INFO | Found latest version of tr87: tr87-cd924810 (downloaded: 2026-06-08 07:25:23.848054+00:00)
2026-08-01 13:00:08 | INFO | Found latest version of tr87: tr87-cd924810 (downloaded: 2026-06-08 07:25:23.848054+00:00)
2026-08-01 13:00:08 | INFO | Found latest version of tr87: tr87-cd924810 (downloaded: 2026-06-08 07:25:23.848054+00:00)
2026-08-01 13:00:08 | INFO | Found latest version of tr87: tr87-cd924810 (downloaded: 2026-06-08 07:25:23.848054+00:00)
2026-08-01 13:00:08 | INFO | Found latest version of tr87: tr87-cd924810 (downloaded: 2026-06-08 07:25:23.848054+00:00)
2026-08-01 13:00:08 | INFO | Found latest version of tr87: tr87-cd924810 (downloaded: 2026-06-08 07:25:23.848054+00:00)
2026-08-01 13:00:08 | INFO | Found latest version of tr87: tr87-cd924810 (downloaded: 2026-06-08 07:25:23.848054+00:00)
2026-08-01 13:00:08 | INFO | Found latest version of tr87: tr87-cd924810 (downloaded: 2026-06-08 07:25:23.848054+00:00)
2026-08-01 13:00:08 | INFO | Found latest version of tr87: tr87-cd924810 (downloaded: 2026-06-08 07:25:23.848054+00:00)
2026-08-01 13:00:08 | INFO | Found latest version of tr87: tr87-cd924810 (downloaded: 2026-06-08 07:25:23.848054+00:00)
2026-08-01 13:00:08 | INFO | Found latest version of tr87: tr87-cd924810 (downloaded: 2026-06-08 07:25:23.848054+00:00)
2026-08-01 13:00:08 | INFO | Found latest version of tr87: tr87-cd924810 (downloaded: 2026-06-08 07:25:23.848054+00:00)
2026-08-01 13:00:08 | INFO | Found latest version of tr87: tr87-cd924810 (downloaded: 2026-06-08 07:25:23.848054+00:00)
2026-08-01 13:00:08 | INFO | Found latest version of tr87: tr87-cd924810 (downloaded: 2026-06-08 07:25:23.848054+00:00)
2026-08-01 13:00:08 | INFO | Found latest version of tr87: tr87-cd924810 (downloaded: 2026-06-08 07:25:23.848054+00:00)
2026-08-01 13:00:08 | INFO | Found latest version of tr87: tr87-cd924810 (downloaded: 2026-06-08 07:25:23.848054+00:00)
2026-08-01 13:00:08 | INFO | Found latest version of tr87: tr87-cd924810 (downloaded: 2026-06-08 07:25:23.848054+00:00)
2026-08-01 13:00:08 | INFO | Found latest version of tr87: tr87-cd924810 (downloaded: 2026-06-08 07:25:23.848054+00:00)
2026-08-01 13:00:08 | INFO | Found latest version of tr87: tr87-cd924810 (downloaded: 2026-06-08 07:25:23.848054+00:00)
2026-08-01 13:00:10 | INFO | Found latest version of tr87: tr87-cd924810 (downloaded: 2026-06-08 07:25:23.848054+00:00)
2026-08-01 13:00:10 | INFO | Found latest version of tr87: tr87-cd924810 (downloaded: 2026-06-08 07:25:23.848054+00:00)
2026-08-01 13:00:10 | INFO | Found latest version of tr87: tr87-cd924810 (downloaded: 2026-06-08 07:25:23.848054+00:00)
2026-08-01 13:00:10 | INFO | Found latest version of tr87: tr87-cd924810 (downloaded: 2026-06-08 07:25:23.848054+00:00)
2026-08-01 13:00:10 | INFO | Found latest version of tr87: tr87-cd924810 (downloaded: 2026-06-08 07:25:23.848054+00:00)
2026-08-01 13:00:10 | INFO | Found latest version of tr87: tr87-cd924810 (downloaded: 2026-06-08 07:25:23.848054+00:00)
2026-08-01 13:00:10 | INFO | Found latest version of tr87: tr87-cd924810 (downloaded: 2026-06-08 07:25:23.848054+00:00)
2026-08-01 13:00:10 | INFO | Found latest version of tr87: tr87-cd924810 (downloaded: 2026-06-08 07:25:23.848054+00:00)
2026-08-01 13:00:10 | INFO | Found latest version of tr87: tr87-cd924810 (downloaded: 2026-06-08 07:25:23.848054+00:00)
2026-08-01 13:00:10 | INFO | Found latest version of tr87: tr87-cd924810 (downloaded: 2026-06-08 07:25:23.848054+00:00)
2026-08-01 13:00:10 | INFO | Found latest version of tr87: tr87-cd924810 (downloaded: 2026-06-08 07:25:23.848054+00:00)
2026-08-01 13:00:11 | INFO | Found latest version of tr87: tr87-cd924810 (downloaded: 2026-06-08 07:25:23.848054+00:00)
2026-08-01 13:00:11 | INFO | Found latest version of tr87: tr87-cd924810 (downloaded: 2026-06-08 07:25:23.848054+00:00)
2026-08-01 13:00:11 | INFO | Found latest version of tr87: tr87-cd924810 (downloaded: 2026-06-08 07:25:23.848054+00:00)
2026-08-01 13:00:11 | INFO | Found latest version of tr87: tr87-cd924810 (downloaded: 2026-06-08 07:25:23.848054+00:00)
2026-08-01 13:00:11 | INFO | Found latest version of tr87: tr87-cd924810 (downloaded: 2026-06-08 07:25:23.848054+00:00)
2026-08-01 13:00:11 | INFO | Found latest version of tr87: tr87-cd924810 (downloaded: 2026-06-08 07:25:23.848054+00:00)
2026-08-01 13:00:11 | INFO | Found latest version of tr87: tr87-cd924810 (downloaded: 2026-06-08 07:25:23.848054+00:00)
2026-08-01 13:00:11 | INFO | Found latest version of tr87: tr87-cd924810 (downloaded: 2026-06-08 07:25:23.848054+00:00)
2026-08-01 13:00:11 | INFO | Found latest version of tr87: tr87-cd924810 (downloaded: 2026-06-08 07:25:23.848054+00:00)
2026-08-01 13:00:11 | INFO | Found latest version of tr87: tr87-cd924810 (downloaded: 2026-06-08 07:25:23.848054+00:00)
2026-08-01 13:00:11 | INFO | Found latest version of tr87: tr87-cd924810 (downloaded: 2026-06-08 07:25:23.848054+00:00)
2026-08-01 13:00:11 | INFO | Found latest version of tr87: tr87-cd924810 (downloaded: 2026-06-08 07:25:23.848054+00:00)
2026-08-01 13:00:11 | INFO | Found latest version of tr87: tr87-cd924810 (downloaded: 2026-06-08 07:25:23.848054+00:00)
2026-08-01 13:00:11 | INFO | Found latest version of tr87: tr87-cd924810 (downloaded: 2026-06-08 07:25:23.848054+00:00)
2026-08-01 13:00:11 | INFO | Found latest version of tr87: tr87-cd924810 (downloaded: 2026-06-08 07:25:23.848054+00:00)
2026-08-01 13:00:11 | INFO | Found latest version of tr87: tr87-cd924810 (downloaded: 2026-06-08 07:25:23.848054+00:00)
2026-08-01 13:00:11 | INFO | Found latest version of tr87: tr87-cd924810 (downloaded: 2026-06-08 07:25:23.848054+00:00)
2026-08-01 13:00:11 | INFO | Found latest version of tr87: tr87-cd924810 (downloaded: 2026-06-08 07:25:23.848054+00:00)
2026-08-01 13:00:11 | INFO | Found latest version of tr87: tr87-cd924810 (downloaded: 2026-06-08 07:25:23.848054+00:00)
2026-08-01 13:00:11 | INFO | Found latest version of tr87: tr87-cd924810 (downloaded: 2026-06-08 07:25:23.848054+00:00)
2026-08-01 13:00:11 | INFO | Found latest version of tr87: tr87-cd924810 (downloaded: 2026-06-08 07:25:23.848054+00:00)
2026-08-01 13:00:11 | INFO | Found latest version of tr87: tr87-cd924810 (downloaded: 2026-06-08 07:25:23.848054+00:00)
2026-08-01 13:00:11 | INFO | Found latest version of tr87: tr87-cd924810 (downloaded: 2026-06-08 07:25:23.848054+00:00)
2026-08-01 13:00:11 | INFO | Found latest version of tr87: tr87-cd924810 (downloaded: 2026-06-08 07:25:23.848054+00:00)
2026-08-01 13:00:11 | INFO | Found latest version of tr87: tr87-cd924810 (downloaded: 2026-06-08 07:25:23.848054+00:00)
2026-08-01 13:00:11 | INFO | Found latest version of tr87: tr87-cd924810 (downloaded: 2026-06-08 07:25:23.848054+00:00)
2026-08-01 13:00:11 | INFO | Found latest version of tr87: tr87-cd924810 (downloaded: 2026-06-08 07:25:23.848054+00:00)
2026-08-01 13:00:11 | INFO | Found latest version of tr87: tr87-cd924810 (downloaded: 2026-06-08 07:25:23.848054+00:00)
2026-08-01 13:00:11 | INFO | Found latest version of tr87: tr87-cd924810 (downloaded: 2026-06-08 07:25:23.848054+00:00)
2026-08-01 13:00:11 | INFO | Found latest version of tr87: tr87-cd924810 (downloaded: 2026-06-08 07:25:23.848054+00:00)
2026-08-01 13:00:11 | INFO | Found latest version of tr87: tr87-cd924810 (downloaded: 2026-06-08 07:25:23.848054+00:00)
2026-08-01 13:00:11 | INFO | Found latest version of tr87: tr87-cd924810 (downloaded: 2026-06-08 07:25:23.848054+00:00)
2026-08-01 13:00:11 | INFO | Found latest version of tr87: tr87-cd924810 (downloaded: 2026-06-08 07:25:23.848054+00:00)
2026-08-01 13:00:11 | INFO | Found latest version of tr87: tr87-cd924810 (downloaded: 2026-06-08 07:25:23.848054+00:00)
2026-08-01 13:00:11 | INFO | Found latest version of tr87: tr87-cd924810 (downloaded: 2026-06-08 07:25:23.848054+00:00)
2026-08-01 13:00:11 | INFO | Found latest version of tr87: tr87-cd924810 (downloaded: 2026-06-08 07:25:23.848054+00:00)
2026-08-01 13:00:11 | INFO | Found latest version of tr87: tr87-cd924810 (downloaded: 2026-06-08 07:25:23.848054+00:00)
2026-08-01 13:00:11 | INFO | Found latest version of tr87: tr87-cd924810 (downloaded: 2026-06-08 07:25:23.848054+00:00)
2026-08-01 13:00:11 | INFO | Found latest version of tr87: tr87-cd924810 (downloaded: 2026-06-08 07:25:23.848054+00:00)
2026-08-01 13:00:11 | INFO | Found latest version of tr87: tr87-cd924810 (downloaded: 2026-06-08 07:25:23.848054+00:00)
2026-08-01 13:00:11 | INFO | Found latest version of tr87: tr87-cd924810 (downloaded: 2026-06-08 07:25:23.848054+00:00)
2026-08-01 13:00:11 | INFO | Found latest version of tr87: tr87-cd924810 (downloaded: 2026-06-08 07:25:23.848054+00:00)
2026-08-01 13:00:11 | INFO | Found latest version of tr87: tr87-cd924810 (downloaded: 2026-06-08 07:25:23.848054+00:00)
2026-08-01 13:00:11 | INFO | Found latest version of tr87: tr87-cd924810 (downloaded: 2026-06-08 07:25:23.848054+00:00)
2026-08-01 13:00:11 | INFO | Found latest version of tr87: tr87-cd924810 (downloaded: 2026-06-08 07:25:23.848054+00:00)
2026-08-01 13:00:11 | INFO | Found latest version of tr87: tr87-cd924810 (downloaded: 2026-06-08 07:25:23.848054+00:00)
2026-08-01 13:00:11 | INFO | Found latest version of tr87: tr87-cd924810 (downloaded: 2026-06-08 07:25:23.848054+00:00)
2026-08-01 13:00:11 | INFO | Found latest version of tr87: tr87-cd924810 (downloaded: 2026-06-08 07:25:23.848054+00:00)
2026-08-01 13:00:11 | INFO | Found latest version of tr87: tr87-cd924810 (downloaded: 2026-06-08 07:25:23.848054+00:00)
2026-08-01 13:00:11 | INFO | Found latest version of tr87: tr87-cd924810 (downloaded: 2026-06-08 07:25:23.848054+00:00)
2026-08-01 13:00:11 | INFO | Found latest version of tr87: tr87-cd924810 (downloaded: 2026-06-08 07:25:23.848054+00:00)
2026-08-01 13:00:14 | INFO | Found latest version of tr87: tr87-cd924810 (downloaded: 2026-06-08 07:25:23.848054+00:00)
2026-08-01 13:00:14 | INFO | Found latest version of tr87: tr87-cd924810 (downloaded: 2026-06-08 07:25:23.848054+00:00)
2026-08-01 13:00:14 | INFO | Found latest version of tr87: tr87-cd924810 (downloaded: 2026-06-08 07:25:23.848054+00:00)
2026-08-01 13:00:14 | INFO | Found latest version of tr87: tr87-cd924810 (downloaded: 2026-06-08 07:25:23.848054+00:00)
2026-08-01 13:00:14 | INFO | Found latest version of tr87: tr87-cd924810 (downloaded: 2026-06-08 07:25:23.848054+00:00)
2026-08-01 13:00:14 | INFO | Found latest version of tr87: tr87-cd924810 (downloaded: 2026-06-08 07:25:23.848054+00:00)
2026-08-01 13:00:14 | INFO | Found latest version of tr87: tr87-cd924810 (downloaded: 2026-06-08 07:25:23.848054+00:00)
2026-08-01 13:00:14 | INFO | Found latest version of tr87: tr87-cd924810 (downloaded: 2026-06-08 07:25:23.848054+00:00)
2026-08-01 13:00:14 | INFO | Found latest version of tr87: tr87-cd924810 (downloaded: 2026-06-08 07:25:23.848054+00:00)
2026-08-01 13:00:14 | INFO | Found latest version of tr87: tr87-cd924810 (downloaded: 2026-06-08 07:25:23.848054+00:00)
2026-08-01 13:00:14 | INFO | Found latest version of tr87: tr87-cd924810 (downloaded: 2026-06-08 07:25:23.848054+00:00)
2026-08-01 13:00:14 | INFO | Found latest version of tr87: tr87-cd924810 (downloaded: 2026-06-08 07:25:23.848054+00:00)
2026-08-01 13:00:14 | INFO | Found latest version of tr87: tr87-cd924810 (downloaded: 2026-06-08 07:25:23.848054+00:00)
2026-08-01 13:00:14 | INFO | Found latest version of tr87: tr87-cd924810 (downloaded: 2026-06-08 07:25:23.848054+00:00)
2026-08-01 13:00:14 | INFO | Found latest version of tr87: tr87-cd924810 (downloaded: 2026-06-08 07:25:23.848054+00:00)
2026-08-01 13:00:14 | INFO | Found latest version of tr87: tr87-cd924810 (downloaded: 2026-06-08 07:25:23.848054+00:00)
2026-08-01 13:00:14 | INFO | Found latest version of tr87: tr87-cd924810 (downloaded: 2026-06-08 07:25:23.848054+00:00)
2026-08-01 13:00:14 | INFO | Found latest version of tr87: tr87-cd924810 (downloaded: 2026-06-08 07:25:23.848054+00:00)
2026-08-01 13:00:14 | INFO | Found latest version of tr87: tr87-cd924810 (downloaded: 2026-06-08 07:25:23.848054+00:00)
2026-08-01 13:00:14 | INFO | Found latest version of tr87: tr87-cd924810 (downloaded: 2026-06-08 07:25:23.848054+00:00)
2026-08-01 13:00:14 | INFO | Found latest version of tr87: tr87-cd924810 (downloaded: 2026-06-08 07:25:23.848054+00:00)
2026-08-01 13:00:14 | INFO | Found latest version of tr87: tr87-cd924810 (downloaded: 2026-06-08 07:25:23.848054+00:00)
2026-08-01 13:00:14 | INFO | Found latest version of tr87: tr87-cd924810 (downloaded: 2026-06-08 07:25:23.848054+00:00)
2026-08-01 13:00:14 | INFO | Found latest version of tr87: tr87-cd924810 (downloaded: 2026-06-08 07:25:23.848054+00:00)
2026-08-01 13:00:14 | INFO | Found latest version of tr87: tr87-cd924810 (downloaded: 2026-06-08 07:25:23.848054+00:00)
2026-08-01 13:00:14 | INFO | Found latest version of tr87: tr87-cd924810 (downloaded: 2026-06-08 07:25:23.848054+00:00)
2026-08-01 13:00:14 | INFO | Found latest version of tr87: tr87-cd924810 (downloaded: 2026-06-08 07:25:23.848054+00:00)
2026-08-01 13:00:14 | INFO | Found latest version of tr87: tr87-cd924810 (downloaded: 2026-06-08 07:25:23.848054+00:00)
2026-08-01 13:00:14 | INFO | Found latest version of tr87: tr87-cd924810 (downloaded: 2026-06-08 07:25:23.848054+00:00)
2026-08-01 13:00:14 | INFO | Found latest version of tr87: tr87-cd924810 (downloaded: 2026-06-08 07:25:23.848054+00:00)
2026-08-01 13:00:14 | INFO | Found latest version of tr87: tr87-cd924810 (downloaded: 2026-06-08 07:25:23.848054+00:00)
2026-08-01 13:00:14 | INFO | Found latest version of tr87: tr87-cd924810 (downloaded: 2026-06-08 07:25:23.848054+00:00)
2026-08-01 13:00:14 | INFO | Found latest version of tr87: tr87-cd924810 (downloaded: 2026-06-08 07:25:23.848054+00:00)
2026-08-01 13:00:14 | INFO | Found latest version of tr87: tr87-cd924810 (downloaded: 2026-06-08 07:25:23.848054+00:00)
2026-08-01 13:00:14 | INFO | Found latest version of tr87: tr87-cd924810 (downloaded: 2026-06-08 07:25:23.848054+00:00)
2026-08-01 13:00:14 | INFO | Found latest version of tr87: tr87-cd924810 (downloaded: 2026-06-08 07:25:23.848054+00:00)
2026-08-01 13:00:14 | INFO | Found latest version of tr87: tr87-cd924810 (downloaded: 2026-06-08 07:25:23.848054+00:00)
2026-08-01 13:00:14 | INFO | Found latest version of tr87: tr87-cd924810 (downloaded: 2026-06-08 07:25:23.848054+00:00)
2026-08-01 13:00:14 | INFO | Found latest version of tr87: tr87-cd924810 (downloaded: 2026-06-08 07:25:23.848054+00:00)
2026-08-01 13:00:14 | INFO | Found latest version of tr87: tr87-cd924810 (downloaded: 2026-06-08 07:25:23.848054+00:00)
2026-08-01 13:00:14 | INFO | Found latest version of tr87: tr87-cd924810 (downloaded: 2026-06-08 07:25:23.848054+00:00)
2026-08-01 13:00:14 | INFO | Found latest version of tr87: tr87-cd924810 (downloaded: 2026-06-08 07:25:23.848054+00:00)
2026-08-01 13:00:14 | INFO | Found latest version of tr87: tr87-cd924810 (downloaded: 2026-06-08 07:25:23.848054+00:00)
2026-08-01 13:00:14 | INFO | Found latest version of tr87: tr87-cd924810 (downloaded: 2026-06-08 07:25:23.848054+00:00)
2026-08-01 13:00:14 | INFO | Found latest version of tr87: tr87-cd924810 (downloaded: 2026-06-08 07:25:23.848054+00:00)
2026-08-01 13:00:14 | INFO | Found latest version of tr87: tr87-cd924810 (downloaded: 2026-06-08 07:25:23.848054+00:00)
2026-08-01 13:00:14 | INFO | Found latest version of tr87: tr87-cd924810 (downloaded: 2026-06-08 07:25:23.848054+00:00)
2026-08-01 13:00:14 | INFO | Found latest version of tr87: tr87-cd924810 (downloaded: 2026-06-08 07:25:23.848054+00:00)
2026-08-01 13:00:14 | INFO | Found latest version of tr87: tr87-cd924810 (downloaded: 2026-06-08 07:25:23.848054+00:00)
2026-08-01 13:00:14 | INFO | Found latest version of tr87: tr87-cd924810 (downloaded: 2026-06-08 07:25:23.848054+00:00)
2026-08-01 13:00:14 | INFO | Found latest version of tr87: tr87-cd924810 (downloaded: 2026-06-08 07:25:23.848054+00:00)
2026-08-01 13:00:14 | INFO | Found latest version of tr87: tr87-cd924810 (downloaded: 2026-06-08 07:25:23.848054+00:00)
2026-08-01 13:00:14 | INFO | Found latest version of tr87: tr87-cd924810 (downloaded: 2026-06-08 07:25:23.848054+00:00)
2026-08-01 13:00:14 | INFO | Found latest version of tr87: tr87-cd924810 (downloaded: 2026-06-08 07:25:23.848054+00:00)
2026-08-01 13:00:14 | INFO | Found latest version of tr87: tr87-cd924810 (downloaded: 2026-06-08 07:25:23.848054+00:00)
2026-08-01 13:00:14 | INFO | Found latest version of tr87: tr87-cd924810 (downloaded: 2026-06-08 07:25:23.848054+00:00)
2026-08-01 13:00:14 | INFO | Found latest version of tr87: tr87-cd924810 (downloaded: 2026-06-08 07:25:23.848054+00:00)
2026-08-01 13:00:14 | INFO | Found latest version of tr87: tr87-cd924810 (downloaded: 2026-06-08 07:25:23.848054+00:00)
2026-08-01 13:00:14 | INFO | Found latest version of tr87: tr87-cd924810 (downloaded: 2026-06-08 07:25:23.848054+00:00)
2026-08-01 13:00:14 | INFO | Found latest version of tr87: tr87-cd924810 (downloaded: 2026-06-08 07:25:23.848054+00:00)
2026-08-01 13:00:14 | INFO | Found latest version of tr87: tr87-cd924810 (downloaded: 2026-06-08 07:25:23.848054+00:00)
2026-08-01 13:00:14 | INFO | Found latest version of tr87: tr87-cd924810 (downloaded: 2026-06-08 07:25:23.848054+00:00)
2026-08-01 13:00:14 | INFO | Found latest version of tr87: tr87-cd924810 (downloaded: 2026-06-08 07:25:23.848054+00:00)
2026-08-01 13:00:17 | INFO | Found latest version of tr87: tr87-cd924810 (downloaded: 2026-06-08 07:25:23.848054+00:00)
2026-08-01 13:00:17 | INFO | Found latest version of tr87: tr87-cd924810 (downloaded: 2026-06-08 07:25:23.848054+00:00)
2026-08-01 13:00:17 | INFO | Found latest version of tr87: tr87-cd924810 (downloaded: 2026-06-08 07:25:23.848054+00:00)
2026-08-01 13:00:17 | INFO | Found latest version of tr87: tr87-cd924810 (downloaded: 2026-06-08 07:25:23.848054+00:00)
2026-08-01 13:00:17 | INFO | Found latest version of tr87: tr87-cd924810 (downloaded: 2026-06-08 07:25:23.848054+00:00)
2026-08-01 13:00:17 | INFO | Found latest version of tr87: tr87-cd924810 (downloaded: 2026-06-08 07:25:23.848054+00:00)
2026-08-01 13:00:17 | INFO | Found latest version of tr87: tr87-cd924810 (downloaded: 2026-06-08 07:25:23.848054+00:00)
2026-08-01 13:00:17 | INFO | Found latest version of tr87: tr87-cd924810 (downloaded: 2026-06-08 07:25:23.848054+00:00)
2026-08-01 13:00:17 | INFO | Found latest version of tr87: tr87-cd924810 (downloaded: 2026-06-08 07:25:23.848054+00:00)
2026-08-01 13:00:17 | INFO | Found latest version of tr87: tr87-cd924810 (downloaded: 2026-06-08 07:25:23.848054+00:00)
2026-08-01 13:00:17 | INFO | Found latest version of tr87: tr87-cd924810 (downloaded: 2026-06-08 07:25:23.848054+00:00)
2026-08-01 13:00:17 | INFO | Found latest version of tr87: tr87-cd924810 (downloaded: 2026-06-08 07:25:23.848054+00:00)
2026-08-01 13:00:17 | INFO | Found latest version of tr87: tr87-cd924810 (downloaded: 2026-06-08 07:25:23.848054+00:00)
2026-08-01 13:00:17 | INFO | Found latest version of tr87: tr87-cd924810 (downloaded: 2026-06-08 07:25:23.848054+00:00)
2026-08-01 13:00:17 | INFO | Found latest version of tr87: tr87-cd924810 (downloaded: 2026-06-08 07:25:23.848054+00:00)
2026-08-01 13:00:17 | INFO | Found latest version of tr87: tr87-cd924810 (downloaded: 2026-06-08 07:25:23.848054+00:00)
2026-08-01 13:00:17 | INFO | Found latest version of tr87: tr87-cd924810 (downloaded: 2026-06-08 07:25:23.848054+00:00)
2026-08-01 13:00:17 | INFO | Found latest version of tr87: tr87-cd924810 (downloaded: 2026-06-08 07:25:23.848054+00:00)
2026-08-01 13:00:17 | INFO | Found latest version of tr87: tr87-cd924810 (downloaded: 2026-06-08 07:25:23.848054+00:00)
2026-08-01 13:00:17 | INFO | Found latest version of tr87: tr87-cd924810 (downloaded: 2026-06-08 07:25:23.848054+00:00)
2026-08-01 13:00:17 | INFO | Found latest version of tr87: tr87-cd924810 (downloaded: 2026-06-08 07:25:23.848054+00:00)
2026-08-01 13:00:17 | INFO | Found latest version of tr87: tr87-cd924810 (downloaded: 2026-06-08 07:25:23.848054+00:00)
2026-08-01 13:00:17 | INFO | Found latest version of tr87: tr87-cd924810 (downloaded: 2026-06-08 07:25:23.848054+00:00)
2026-08-01 13:00:17 | INFO | Found latest version of tr87: tr87-cd924810 (downloaded: 2026-06-08 07:25:23.848054+00:00)
2026-08-01 13:00:17 | INFO | Found latest version of tr87: tr87-cd924810 (downloaded: 2026-06-08 07:25:23.848054+00:00)
2026-08-01 13:00:17 | INFO | Found latest version of tr87: tr87-cd924810 (downloaded: 2026-06-08 07:25:23.848054+00:00)
2026-08-01 13:00:17 | INFO | Found latest version of tr87: tr87-cd924810 (downloaded: 2026-06-08 07:25:23.848054+00:00)
2026-08-01 13:00:17 | INFO | Found latest version of tr87: tr87-cd924810 (downloaded: 2026-06-08 07:25:23.848054+00:00)
2026-08-01 13:00:17 | INFO | Found latest version of tr87: tr87-cd924810 (downloaded: 2026-06-08 07:25:23.848054+00:00)
2026-08-01 13:00:17 | INFO | Found latest version of tr87: tr87-cd924810 (downloaded: 2026-06-08 07:25:23.848054+00:00)
2026-08-01 13:00:17 | INFO | Found latest version of tr87: tr87-cd924810 (downloaded: 2026-06-08 07:25:23.848054+00:00)
2026-08-01 13:00:17 | INFO | Found latest version of tr87: tr87-cd924810 (downloaded: 2026-06-08 07:25:23.848054+00:00)
2026-08-01 13:00:17 | INFO | Found latest version of tr87: tr87-cd924810 (downloaded: 2026-06-08 07:25:23.848054+00:00)
2026-08-01 13:00:17 | INFO | Found latest version of tr87: tr87-cd924810 (downloaded: 2026-06-08 07:25:23.848054+00:00)
2026-08-01 13:00:17 | INFO | Found latest version of tr87: tr87-cd924810 (downloaded: 2026-06-08 07:25:23.848054+00:00)
2026-08-01 13:00:18 | INFO | Found latest version of tr87: tr87-cd924810 (downloaded: 2026-06-08 07:25:23.848054+00:00)
2026-08-01 13:00:18 | INFO | Found latest version of tr87: tr87-cd924810 (downloaded: 2026-06-08 07:25:23.848054+00:00)
2026-08-01 13:00:18 | INFO | Found latest version of tr87: tr87-cd924810 (downloaded: 2026-06-08 07:25:23.848054+00:00)
2026-08-01 13:00:18 | INFO | Found latest version of tr87: tr87-cd924810 (downloaded: 2026-06-08 07:25:23.848054+00:00)
2026-08-01 13:00:18 | INFO | Found latest version of tr87: tr87-cd924810 (downloaded: 2026-06-08 07:25:23.848054+00:00)
2026-08-01 13:00:18 | INFO | Found latest version of tr87: tr87-cd924810 (downloaded: 2026-06-08 07:25:23.848054+00:00)
2026-08-01 13:00:18 | INFO | Found latest version of tr87: tr87-cd924810 (downloaded: 2026-06-08 07:25:23.848054+00:00)
2026-08-01 13:00:18 | INFO | Found latest version of tr87: tr87-cd924810 (downloaded: 2026-06-08 07:25:23.848054+00:00)
2026-08-01 13:00:18 | INFO | Found latest version of tr87: tr87-cd924810 (downloaded: 2026-06-08 07:25:23.848054+00:00)
2026-08-01 13:00:18 | INFO | Found latest version of tr87: tr87-cd924810 (downloaded: 2026-06-08 07:25:23.848054+00:00)
2026-08-01 13:00:18 | INFO | Found latest version of tr87: tr87-cd924810 (downloaded: 2026-06-08 07:25:23.848054+00:00)
2026-08-01 13:00:18 | INFO | Found latest version of tr87: tr87-cd924810 (downloaded: 2026-06-08 07:25:23.848054+00:00)
2026-08-01 13:00:18 | INFO | Found latest version of tr87: tr87-cd924810 (downloaded: 2026-06-08 07:25:23.848054+00:00)
2026-08-01 13:00:18 | INFO | Found latest version of tr87: tr87-cd924810 (downloaded: 2026-06-08 07:25:23.848054+00:00)
2026-08-01 13:00:18 | INFO | Found latest version of tr87: tr87-cd924810 (downloaded: 2026-06-08 07:25:23.848054+00:00)
2026-08-01 13:00:18 | INFO | Found latest version of tr87: tr87-cd924810 (downloaded: 2026-06-08 07:25:23.848054+00:00)
2026-08-01 13:00:18 | INFO | Found latest version of tr87: tr87-cd924810 (downloaded: 2026-06-08 07:25:23.848054+00:00)
2026-08-01 13:00:18 | INFO | Found latest version of tr87: tr87-cd924810 (downloaded: 2026-06-08 07:25:23.848054+00:00)
2026-08-01 13:00:18 | INFO | Found latest version of tr87: tr87-cd924810 (downloaded: 2026-06-08 07:25:23.848054+00:00)
2026-08-01 13:00:18 | INFO | Found latest version of tr87: tr87-cd924810 (downloaded: 2026-06-08 07:25:23.848054+00:00)
2026-08-01 13:00:18 | INFO | Found latest version of tr87: tr87-cd924810 (downloaded: 2026-06-08 07:25:23.848054+00:00)
2026-08-01 13:00:18 | INFO | Found latest version of tr87: tr87-cd924810 (downloaded: 2026-06-08 07:25:23.848054+00:00)
2026-08-01 13:00:18 | INFO | Found latest version of tr87: tr87-cd924810 (downloaded: 2026-06-08 07:25:23.848054+00:00)
2026-08-01 13:00:18 | INFO | Found latest version of tr87: tr87-cd924810 (downloaded: 2026-06-08 07:25:23.848054+00:00)
2026-08-01 13:00:18 | INFO | Found latest version of tr87: tr87-cd924810 (downloaded: 2026-06-08 07:25:23.848054+00:00)
2026-08-01 13:00:18 | INFO | Found latest version of tr87: tr87-cd924810 (downloaded: 2026-06-08 07:25:23.848054+00:00)
2026-08-01 13:00:18 | INFO | Found latest version of tr87: tr87-cd924810 (downloaded: 2026-06-08 07:25:23.848054+00:00)
2026-08-01 13:00:21 | INFO | Found latest version of tr87: tr87-cd924810 (downloaded: 2026-06-08 07:25:23.848054+00:00)
2026-08-01 13:00:21 | INFO | Found latest version of tr87: tr87-cd924810 (downloaded: 2026-06-08 07:25:23.848054+00:00)
2026-08-01 13:00:21 | INFO | Found latest version of tr87: tr87-cd924810 (downloaded: 2026-06-08 07:25:23.848054+00:00)
2026-08-01 13:00:21 | INFO | Found latest version of tr87: tr87-cd924810 (downloaded: 2026-06-08 07:25:23.848054+00:00)
2026-08-01 13:00:21 | INFO | Found latest version of tr87: tr87-cd924810 (downloaded: 2026-06-08 07:25:23.848054+00:00)
2026-08-01 13:00:21 | INFO | Found latest version of tr87: tr87-cd924810 (downloaded: 2026-06-08 07:25:23.848054+00:00)
2026-08-01 13:00:21 | INFO | Found latest version of tr87: tr87-cd924810 (downloaded: 2026-06-08 07:25:23.848054+00:00)
2026-08-01 13:00:21 | INFO | Found latest version of tr87: tr87-cd924810 (downloaded: 2026-06-08 07:25:23.848054+00:00)
2026-08-01 13:00:21 | INFO | Found latest version of tr87: tr87-cd924810 (downloaded: 2026-06-08 07:25:23.848054+00:00)
2026-08-01 13:00:21 | INFO | Found latest version of tr87: tr87-cd924810 (downloaded: 2026-06-08 07:25:23.848054+00:00)
2026-08-01 13:00:21 | INFO | Found latest version of tr87: tr87-cd924810 (downloaded: 2026-06-08 07:25:23.848054+00:00)
2026-08-01 13:00:21 | INFO | Found latest version of tr87: tr87-cd924810 (downloaded: 2026-06-08 07:25:23.848054+00:00)
2026-08-01 13:00:21 | INFO | Found latest version of tr87: tr87-cd924810 (downloaded: 2026-06-08 07:25:23.848054+00:00)
2026-08-01 13:00:21 | INFO | Found latest version of tr87: tr87-cd924810 (downloaded: 2026-06-08 07:25:23.848054+00:00)
2026-08-01 13:00:21 | INFO | Found latest version of tr87: tr87-cd924810 (downloaded: 2026-06-08 07:25:23.848054+00:00)
2026-08-01 13:00:21 | INFO | Found latest version of tr87: tr87-cd924810 (downloaded: 2026-06-08 07:25:23.848054+00:00)
2026-08-01 13:00:21 | INFO | Found latest version of tr87: tr87-cd924810 (downloaded: 2026-06-08 07:25:23.848054+00:00)
2026-08-01 13:00:21 | INFO | Found latest version of tr87: tr87-cd924810 (downloaded: 2026-06-08 07:25:23.848054+00:00)
2026-08-01 13:00:21 | INFO | Found latest version of tr87: tr87-cd924810 (downloaded: 2026-06-08 07:25:23.848054+00:00)
2026-08-01 13:00:21 | INFO | Found latest version of tr87: tr87-cd924810 (downloaded: 2026-06-08 07:25:23.848054+00:00)
2026-08-01 13:00:21 | INFO | Found latest version of tr87: tr87-cd924810 (downloaded: 2026-06-08 07:25:23.848054+00:00)
2026-08-01 13:00:21 | INFO | Found latest version of tr87: tr87-cd924810 (downloaded: 2026-06-08 07:25:23.848054+00:00)
2026-08-01 13:00:21 | INFO | Found latest version of tr87: tr87-cd924810 (downloaded: 2026-06-08 07:25:23.848054+00:00)
2026-08-01 13:00:21 | INFO | Found latest version of tr87: tr87-cd924810 (downloaded: 2026-06-08 07:25:23.848054+00:00)
2026-08-01 13:00:21 | INFO | Found latest version of tr87: tr87-cd924810 (downloaded: 2026-06-08 07:25:23.848054+00:00)
2026-08-01 13:00:21 | INFO | Found latest version of tr87: tr87-cd924810 (downloaded: 2026-06-08 07:25:23.848054+00:00)
2026-08-01 13:00:21 | INFO | Found latest version of tr87: tr87-cd924810 (downloaded: 2026-06-08 07:25:23.848054+00:00)
2026-08-01 13:00:21 | INFO | Found latest version of tr87: tr87-cd924810 (downloaded: 2026-06-08 07:25:23.848054+00:00)
2026-08-01 13:00:21 | INFO | Found latest version of tr87: tr87-cd924810 (downloaded: 2026-06-08 07:25:23.848054+00:00)
2026-08-01 13:00:21 | INFO | Found latest version of tr87: tr87-cd924810 (downloaded: 2026-06-08 07:25:23.848054+00:00)
2026-08-01 13:00:21 | INFO | Found latest version of tr87: tr87-cd924810 (downloaded: 2026-06-08 07:25:23.848054+00:00)
2026-08-01 13:00:21 | INFO | Found latest version of tr87: tr87-cd924810 (downloaded: 2026-06-08 07:25:23.848054+00:00)
2026-08-01 13:00:21 | INFO | Found latest version of tr87: tr87-cd924810 (downloaded: 2026-06-08 07:25:23.848054+00:00)
2026-08-01 13:00:21 | INFO | Found latest version of tr87: tr87-cd924810 (downloaded: 2026-06-08 07:25:23.848054+00:00)
2026-08-01 13:00:21 | INFO | Found latest version of tr87: tr87-cd924810 (downloaded: 2026-06-08 07:25:23.848054+00:00)
2026-08-01 13:00:21 | INFO | Found latest version of tr87: tr87-cd924810 (downloaded: 2026-06-08 07:25:23.848054+00:00)
2026-08-01 13:00:21 | INFO | Found latest version of tr87: tr87-cd924810 (downloaded: 2026-06-08 07:25:23.848054+00:00)
2026-08-01 13:00:21 | INFO | Found latest version of tr87: tr87-cd924810 (downloaded: 2026-06-08 07:25:23.848054+00:00)
2026-08-01 13:00:21 | INFO | Found latest version of tr87: tr87-cd924810 (downloaded: 2026-06-08 07:25:23.848054+00:00)
2026-08-01 13:00:21 | INFO | Found latest version of tr87: tr87-cd924810 (downloaded: 2026-06-08 07:25:23.848054+00:00)
2026-08-01 13:00:21 | INFO | Found latest version of tr87: tr87-cd924810 (downloaded: 2026-06-08 07:25:23.848054+00:00)
2026-08-01 13:00:21 | INFO | Found latest version of tr87: tr87-cd924810 (downloaded: 2026-06-08 07:25:23.848054+00:00)
2026-08-01 13:00:21 | INFO | Found latest version of tr87: tr87-cd924810 (downloaded: 2026-06-08 07:25:23.848054+00:00)
2026-08-01 13:00:21 | INFO | Found latest version of tr87: tr87-cd924810 (downloaded: 2026-06-08 07:25:23.848054+00:00)
2026-08-01 13:00:21 | INFO | Found latest version of tr87: tr87-cd924810 (downloaded: 2026-06-08 07:25:23.848054+00:00)
2026-08-01 13:00:21 | INFO | Found latest version of tr87: tr87-cd924810 (downloaded: 2026-06-08 07:25:23.848054+00:00)
2026-08-01 13:00:21 | INFO | Found latest version of tr87: tr87-cd924810 (downloaded: 2026-06-08 07:25:23.848054+00:00)
2026-08-01 13:00:21 | INFO | Found latest version of tr87: tr87-cd924810 (downloaded: 2026-06-08 07:25:23.848054+00:00)
2026-08-01 13:00:21 | INFO | Found latest version of tr87: tr87-cd924810 (downloaded: 2026-06-08 07:25:23.848054+00:00)
2026-08-01 13:00:21 | INFO | Found latest version of tr87: tr87-cd924810 (downloaded: 2026-06-08 07:25:23.848054+00:00)
2026-08-01 13:00:21 | INFO | Found latest version of tr87: tr87-cd924810 (downloaded: 2026-06-08 07:25:23.848054+00:00)
2026-08-01 13:00:21 | INFO | Found latest version of tr87: tr87-cd924810 (downloaded: 2026-06-08 07:25:23.848054+00:00)
2026-08-01 13:00:21 | INFO | Found latest version of tr87: tr87-cd924810 (downloaded: 2026-06-08 07:25:23.848054+00:00)
2026-08-01 13:00:21 | INFO | Found latest version of tr87: tr87-cd924810 (downloaded: 2026-06-08 07:25:23.848054+00:00)
2026-08-01 13:00:21 | INFO | Found latest version of tr87: tr87-cd924810 (downloaded: 2026-06-08 07:25:23.848054+00:00)
2026-08-01 13:00:21 | INFO | Found latest version of tr87: tr87-cd924810 (downloaded: 2026-06-08 07:25:23.848054+00:00)
2026-08-01 13:00:21 | INFO | Found latest version of tr87: tr87-cd924810 (downloaded: 2026-06-08 07:25:23.848054+00:00)
2026-08-01 13:00:21 | INFO | Found latest version of tr87: tr87-cd924810 (downloaded: 2026-06-08 07:25:23.848054+00:00)
2026-08-01 13:00:21 | INFO | Found latest version of tr87: tr87-cd924810 (downloaded: 2026-06-08 07:25:23.848054+00:00)
2026-08-01 13:00:21 | INFO | Found latest version of tr87: tr87-cd924810 (downloaded: 2026-06-08 07:25:23.848054+00:00)
2026-08-01 13:00:21 | INFO | Found latest version of tr87: tr87-cd924810 (downloaded: 2026-06-08 07:25:23.848054+00:00)
2026-08-01 13:00:21 | INFO | Found latest version of tr87: tr87-cd924810 (downloaded: 2026-06-08 07:25:23.848054+00:00)
2026-08-01 13:00:21 | INFO | Found latest version of tr87: tr87-cd924810 (downloaded: 2026-06-08 07:25:23.848054+00:00)
2026-08-01 13:00:24 | INFO | Found latest version of tr87: tr87-cd924810 (downloaded: 2026-06-08 07:25:23.848054+00:00)
2026-08-01 13:00:24 | INFO | Found latest version of tr87: tr87-cd924810 (downloaded: 2026-06-08 07:25:23.848054+00:00)
2026-08-01 13:00:24 | INFO | Found latest version of tr87: tr87-cd924810 (downloaded: 2026-06-08 07:25:23.848054+00:00)
2026-08-01 13:00:24 | INFO | Found latest version of tr87: tr87-cd924810 (downloaded: 2026-06-08 07:25:23.848054+00:00)
2026-08-01 13:00:24 | INFO | Found latest version of tr87: tr87-cd924810 (downloaded: 2026-06-08 07:25:23.848054+00:00)
2026-08-01 13:00:24 | INFO | Found latest version of tr87: tr87-cd924810 (downloaded: 2026-06-08 07:25:23.848054+00:00)
2026-08-01 13:00:24 | INFO | Found latest version of tr87: tr87-cd924810 (downloaded: 2026-06-08 07:25:23.848054+00:00)
2026-08-01 13:00:24 | INFO | Found latest version of tr87: tr87-cd924810 (downloaded: 2026-06-08 07:25:23.848054+00:00)
2026-08-01 13:00:24 | INFO | Found latest version of tr87: tr87-cd924810 (downloaded: 2026-06-08 07:25:23.848054+00:00)
2026-08-01 13:00:24 | INFO | Found latest version of tr87: tr87-cd924810 (downloaded: 2026-06-08 07:25:23.848054+00:00)
2026-08-01 13:00:24 | INFO | Found latest version of tr87: tr87-cd924810 (downloaded: 2026-06-08 07:25:23.848054+00:00)
2026-08-01 13:00:24 | INFO | Found latest version of tr87: tr87-cd924810 (downloaded: 2026-06-08 07:25:23.848054+00:00)
2026-08-01 13:00:24 | INFO | Found latest version of tr87: tr87-cd924810 (downloaded: 2026-06-08 07:25:23.848054+00:00)
2026-08-01 13:00:24 | INFO | Found latest version of tr87: tr87-cd924810 (downloaded: 2026-06-08 07:25:23.848054+00:00)
2026-08-01 13:00:24 | INFO | Found latest version of tr87: tr87-cd924810 (downloaded: 2026-06-08 07:25:23.848054+00:00)
2026-08-01 13:00:24 | INFO | Found latest version of tr87: tr87-cd924810 (downloaded: 2026-06-08 07:25:23.848054+00:00)
2026-08-01 13:00:24 | INFO | Found latest version of tr87: tr87-cd924810 (downloaded: 2026-06-08 07:25:23.848054+00:00)
2026-08-01 13:00:24 | INFO | Found latest version of tr87: tr87-cd924810 (downloaded: 2026-06-08 07:25:23.848054+00:00)
2026-08-01 13:00:24 | INFO | Found latest version of tr87: tr87-cd924810 (downloaded: 2026-06-08 07:25:23.848054+00:00)
2026-08-01 13:00:24 | INFO | Found latest version of tr87: tr87-cd924810 (downloaded: 2026-06-08 07:25:23.848054+00:00)
2026-08-01 13:00:24 | INFO | Found latest version of tr87: tr87-cd924810 (downloaded: 2026-06-08 07:25:23.848054+00:00)
2026-08-01 13:00:24 | INFO | Found latest version of tr87: tr87-cd924810 (downloaded: 2026-06-08 07:25:23.848054+00:00)
2026-08-01 13:00:24 | INFO | Found latest version of tr87: tr87-cd924810 (downloaded: 2026-06-08 07:25:23.848054+00:00)
2026-08-01 13:00:24 | INFO | Found latest version of tr87: tr87-cd924810 (downloaded: 2026-06-08 07:25:23.848054+00:00)
2026-08-01 13:00:24 | INFO | Found latest version of tr87: tr87-cd924810 (downloaded: 2026-06-08 07:25:23.848054+00:00)
2026-08-01 13:00:24 | INFO | Found latest version of tr87: tr87-cd924810 (downloaded: 2026-06-08 07:25:23.848054+00:00)
2026-08-01 13:00:24 | INFO | Found latest version of tr87: tr87-cd924810 (downloaded: 2026-06-08 07:25:23.848054+00:00)
2026-08-01 13:00:24 | INFO | Found latest version of tr87: tr87-cd924810 (downloaded: 2026-06-08 07:25:23.848054+00:00)
2026-08-01 13:00:24 | INFO | Found latest version of tr87: tr87-cd924810 (downloaded: 2026-06-08 07:25:23.848054+00:00)
2026-08-01 13:00:24 | INFO | Found latest version of tr87: tr87-cd924810 (downloaded: 2026-06-08 07:25:23.848054+00:00)
2026-08-01 13:00:24 | INFO | Found latest version of tr87: tr87-cd924810 (downloaded: 2026-06-08 07:25:23.848054+00:00)
2026-08-01 13:00:24 | INFO | Found latest version of tr87: tr87-cd924810 (downloaded: 2026-06-08 07:25:23.848054+00:00)
2026-08-01 13:00:24 | INFO | Found latest version of tr87: tr87-cd924810 (downloaded: 2026-06-08 07:25:23.848054+00:00)
2026-08-01 13:00:24 | INFO | Found latest version of tr87: tr87-cd924810 (downloaded: 2026-06-08 07:25:23.848054+00:00)
2026-08-01 13:00:24 | INFO | Found latest version of tr87: tr87-cd924810 (downloaded: 2026-06-08 07:25:23.848054+00:00)
2026-08-01 13:00:24 | INFO | Found latest version of tr87: tr87-cd924810 (downloaded: 2026-06-08 07:25:23.848054+00:00)
2026-08-01 13:00:24 | INFO | Found latest version of tr87: tr87-cd924810 (downloaded: 2026-06-08 07:25:23.848054+00:00)
2026-08-01 13:00:24 | INFO | Found latest version of tr87: tr87-cd924810 (downloaded: 2026-06-08 07:25:23.848054+00:00)
2026-08-01 13:00:24 | INFO | Found latest version of tr87: tr87-cd924810 (downloaded: 2026-06-08 07:25:23.848054+00:00)
2026-08-01 13:00:24 | INFO | Found latest version of tr87: tr87-cd924810 (downloaded: 2026-06-08 07:25:23.848054+00:00)
2026-08-01 13:00:24 | INFO | Found latest version of tr87: tr87-cd924810 (downloaded: 2026-06-08 07:25:23.848054+00:00)
2026-08-01 13:00:24 | INFO | Found latest version of tr87: tr87-cd924810 (downloaded: 2026-06-08 07:25:23.848054+00:00)
2026-08-01 13:00:24 | INFO | Found latest version of tr87: tr87-cd924810 (downloaded: 2026-06-08 07:25:23.848054+00:00)
2026-08-01 13:00:24 | INFO | Found latest version of tr87: tr87-cd924810 (downloaded: 2026-06-08 07:25:23.848054+00:00)
2026-08-01 13:00:24 | INFO | Found latest version of tr87: tr87-cd924810 (downloaded: 2026-06-08 07:25:23.848054+00:00)
2026-08-01 13:00:24 | INFO | Found latest version of tr87: tr87-cd924810 (downloaded: 2026-06-08 07:25:23.848054+00:00)
2026-08-01 13:00:25 | INFO | Found latest version of tr87: tr87-cd924810 (downloaded: 2026-06-08 07:25:23.848054+00:00)
2026-08-01 13:00:25 | INFO | Found latest version of tr87: tr87-cd924810 (downloaded: 2026-06-08 07:25:23.848054+00:00)
2026-08-01 13:00:25 | INFO | Found latest version of tr87: tr87-cd924810 (downloaded: 2026-06-08 07:25:23.848054+00:00)
2026-08-01 13:00:25 | INFO | Found latest version of tr87: tr87-cd924810 (downloaded: 2026-06-08 07:25:23.848054+00:00)
2026-08-01 13:00:25 | INFO | Found latest version of tr87: tr87-cd924810 (downloaded: 2026-06-08 07:25:23.848054+00:00)
2026-08-01 13:00:25 | INFO | Found latest version of tr87: tr87-cd924810 (downloaded: 2026-06-08 07:25:23.848054+00:00)
2026-08-01 13:00:25 | INFO | Found latest version of tr87: tr87-cd924810 (downloaded: 2026-06-08 07:25:23.848054+00:00)
2026-08-01 13:00:25 | INFO | Found latest version of tr87: tr87-cd924810 (downloaded: 2026-06-08 07:25:23.848054+00:00)
2026-08-01 13:00:25 | INFO | Found latest version of tr87: tr87-cd924810 (downloaded: 2026-06-08 07:25:23.848054+00:00)
2026-08-01 13:00:25 | INFO | Found latest version of tr87: tr87-cd924810 (downloaded: 2026-06-08 07:25:23.848054+00:00)
2026-08-01 13:00:25 | INFO | Found latest version of tr87: tr87-cd924810 (downloaded: 2026-06-08 07:25:23.848054+00:00)
2026-08-01 13:00:25 | INFO | Found latest version of tr87: tr87-cd924810 (downloaded: 2026-06-08 07:25:23.848054+00:00)
2026-08-01 13:00:25 | INFO | Found latest version of tr87: tr87-cd924810 (downloaded: 2026-06-08 07:25:23.848054+00:00)
2026-08-01 13:00:25 | INFO | Found latest version of tr87: tr87-cd924810 (downloaded: 2026-06-08 07:25:23.848054+00:00)
2026-08-01 13:00:25 | INFO | Found latest version of tr87: tr87-cd924810 (downloaded: 2026-06-08 07:25:23.848054+00:00)
2026-08-01 13:00:25 | INFO | Found latest version of tr87: tr87-cd924810 (downloaded: 2026-06-08 07:25:23.848054+00:00)
2026-08-01 13:00:27 | INFO | Found latest version of tr87: tr87-cd924810 (downloaded: 2026-06-08 07:25:23.848054+00:00)
2026-08-01 13:00:27 | INFO | Found latest version of tr87: tr87-cd924810 (downloaded: 2026-06-08 07:25:23.848054+00:00)
2026-08-01 13:00:27 | INFO | Found latest version of tr87: tr87-cd924810 (downloaded: 2026-06-08 07:25:23.848054+00:00)
2026-08-01 13:00:27 | INFO | Found latest version of tr87: tr87-cd924810 (downloaded: 2026-06-08 07:25:23.848054+00:00)
2026-08-01 13:00:27 | INFO | Found latest version of tr87: tr87-cd924810 (downloaded: 2026-06-08 07:25:23.848054+00:00)
2026-08-01 13:00:28 | INFO | Found latest version of tr87: tr87-cd924810 (downloaded: 2026-06-08 07:25:23.848054+00:00)
2026-08-01 13:00:28 | INFO | Found latest version of tr87: tr87-cd924810 (downloaded: 2026-06-08 07:25:23.848054+00:00)
2026-08-01 13:00:28 | INFO | Found latest version of tr87: tr87-cd924810 (downloaded: 2026-06-08 07:25:23.848054+00:00)
2026-08-01 13:00:28 | INFO | Found latest version of tr87: tr87-cd924810 (downloaded: 2026-06-08 07:25:23.848054+00:00)
2026-08-01 13:00:28 | INFO | Found latest version of tr87: tr87-cd924810 (downloaded: 2026-06-08 07:25:23.848054+00:00)
2026-08-01 13:00:28 | INFO | Found latest version of tr87: tr87-cd924810 (downloaded: 2026-06-08 07:25:23.848054+00:00)
2026-08-01 13:00:28 | INFO | Found latest version of tr87: tr87-cd924810 (downloaded: 2026-06-08 07:25:23.848054+00:00)
2026-08-01 13:00:28 | INFO | Found latest version of tr87: tr87-cd924810 (downloaded: 2026-06-08 07:25:23.848054+00:00)
2026-08-01 13:00:28 | INFO | Found latest version of tr87: tr87-cd924810 (downloaded: 2026-06-08 07:25:23.848054+00:00)
2026-08-01 13:00:28 | INFO | Found latest version of tr87: tr87-cd924810 (downloaded: 2026-06-08 07:25:23.848054+00:00)
2026-08-01 13:00:28 | INFO | Found latest version of tr87: tr87-cd924810 (downloaded: 2026-06-08 07:25:23.848054+00:00)
2026-08-01 13:00:28 | INFO | Found latest version of tr87: tr87-cd924810 (downloaded: 2026-06-08 07:25:23.848054+00:00)
2026-08-01 13:00:28 | INFO | Found latest version of tr87: tr87-cd924810 (downloaded: 2026-06-08 07:25:23.848054+00:00)
2026-08-01 13:00:28 | INFO | Found latest version of tr87: tr87-cd924810 (downloaded: 2026-06-08 07:25:23.848054+00:00)
2026-08-01 13:00:28 | INFO | Found latest version of tr87: tr87-cd924810 (downloaded: 2026-06-08 07:25:23.848054+00:00)
2026-08-01 13:00:28 | INFO | Found latest version of tr87: tr87-cd924810 (downloaded: 2026-06-08 07:25:23.848054+00:00)
2026-08-01 13:00:28 | INFO | Found latest version of tr87: tr87-cd924810 (downloaded: 2026-06-08 07:25:23.848054+00:00)
2026-08-01 13:00:28 | INFO | Found latest version of tr87: tr87-cd924810 (downloaded: 2026-06-08 07:25:23.848054+00:00)
2026-08-01 13:00:28 | INFO | Found latest version of tr87: tr87-cd924810 (downloaded: 2026-06-08 07:25:23.848054+00:00)
2026-08-01 13:00:28 | INFO | Found latest version of tr87: tr87-cd924810 (downloaded: 2026-06-08 07:25:23.848054+00:00)
2026-08-01 13:00:28 | INFO | Found latest version of tr87: tr87-cd924810 (downloaded: 2026-06-08 07:25:23.848054+00:00)
2026-08-01 13:00:28 | INFO | Found latest version of tr87: tr87-cd924810 (downloaded: 2026-06-08 07:25:23.848054+00:00)
2026-08-01 13:00:28 | INFO | Found latest version of tr87: tr87-cd924810 (downloaded: 2026-06-08 07:25:23.848054+00:00)
2026-08-01 13:00:28 | INFO | Found latest version of tr87: tr87-cd924810 (downloaded: 2026-06-08 07:25:23.848054+00:00)
2026-08-01 13:00:28 | INFO | Found latest version of tr87: tr87-cd924810 (downloaded: 2026-06-08 07:25:23.848054+00:00)
2026-08-01 13:00:28 | INFO | Found latest version of tr87: tr87-cd924810 (downloaded: 2026-06-08 07:25:23.848054+00:00)
2026-08-01 13:00:28 | INFO | Found latest version of tr87: tr87-cd924810 (downloaded: 2026-06-08 07:25:23.848054+00:00)
2026-08-01 13:00:28 | INFO | Found latest version of tr87: tr87-cd924810 (downloaded: 2026-06-08 07:25:23.848054+00:00)
2026-08-01 13:00:28 | INFO | Found latest version of tr87: tr87-cd924810 (downloaded: 2026-06-08 07:25:23.848054+00:00)
2026-08-01 13:00:28 | INFO | Found latest version of tr87: tr87-cd924810 (downloaded: 2026-06-08 07:25:23.848054+00:00)
2026-08-01 13:00:28 | INFO | Found latest version of tr87: tr87-cd924810 (downloaded: 2026-06-08 07:25:23.848054+00:00)
2026-08-01 13:00:28 | INFO | Found latest version of tr87: tr87-cd924810 (downloaded: 2026-06-08 07:25:23.848054+00:00)
2026-08-01 13:00:28 | INFO | Found latest version of tr87: tr87-cd924810 (downloaded: 2026-06-08 07:25:23.848054+00:00)
2026-08-01 13:00:28 | INFO | Found latest version of tr87: tr87-cd924810 (downloaded: 2026-06-08 07:25:23.848054+00:00)
2026-08-01 13:00:28 | INFO | Found latest version of tr87: tr87-cd924810 (downloaded: 2026-06-08 07:25:23.848054+00:00)
2026-08-01 13:00:28 | INFO | Found latest version of tr87: tr87-cd924810 (downloaded: 2026-06-08 07:25:23.848054+00:00)
2026-08-01 13:00:28 | INFO | Found latest version of tr87: tr87-cd924810 (downloaded: 2026-06-08 07:25:23.848054+00:00)
2026-08-01 13:00:28 | INFO | Found latest version of tr87: tr87-cd924810 (downloaded: 2026-06-08 07:25:23.848054+00:00)
2026-08-01 13:00:28 | INFO | Found latest version of tr87: tr87-cd924810 (downloaded: 2026-06-08 07:25:23.848054+00:00)
2026-08-01 13:00:28 | INFO | Found latest version of tr87: tr87-cd924810 (downloaded: 2026-06-08 07:25:23.848054+00:00)
2026-08-01 13:00:28 | INFO | Found latest version of tr87: tr87-cd924810 (downloaded: 2026-06-08 07:25:23.848054+00:00)
2026-08-01 13:00:28 | INFO | Found latest version of tr87: tr87-cd924810 (downloaded: 2026-06-08 07:25:23.848054+00:00)
2026-08-01 13:00:28 | INFO | Found latest version of tr87: tr87-cd924810 (downloaded: 2026-06-08 07:25:23.848054+00:00)
2026-08-01 13:00:28 | INFO | Found latest version of tr87: tr87-cd924810 (downloaded: 2026-06-08 07:25:23.848054+00:00)
2026-08-01 13:00:28 | INFO | Found latest version of tr87: tr87-cd924810 (downloaded: 2026-06-08 07:25:23.848054+00:00)
2026-08-01 13:00:28 | INFO | Found latest version of tr87: tr87-cd924810 (downloaded: 2026-06-08 07:25:23.848054+00:00)
2026-08-01 13:00:28 | INFO | Found latest version of tr87: tr87-cd924810 (downloaded: 2026-06-08 07:25:23.848054+00:00)
2026-08-01 13:00:28 | INFO | Found latest version of tr87: tr87-cd924810 (downloaded: 2026-06-08 07:25:23.848054+00:00)
2026-08-01 13:00:28 | INFO | Found latest version of tr87: tr87-cd924810 (downloaded: 2026-06-08 07:25:23.848054+00:00)
2026-08-01 13:00:28 | INFO | Found latest version of tr87: tr87-cd924810 (downloaded: 2026-06-08 07:25:23.848054+00:00)
2026-08-01 13:00:28 | INFO | Found latest version of tr87: tr87-cd924810 (downloaded: 2026-06-08 07:25:23.848054+00:00)
2026-08-01 13:00:28 | INFO | Found latest version of tr87: tr87-cd924810 (downloaded: 2026-06-08 07:25:23.848054+00:00)
2026-08-01 13:00:28 | INFO | Found latest version of tr87: tr87-cd924810 (downloaded: 2026-06-08 07:25:23.848054+00:00)
2026-08-01 13:00:28 | INFO | Found latest version of tr87: tr87-cd924810 (downloaded: 2026-06-08 07:25:23.848054+00:00)
2026-08-01 13:00:28 | INFO | Found latest version of tr87: tr87-cd924810 (downloaded: 2026-06-08 07:25:23.848054+00:00)
2026-08-01 13:00:28 | INFO | Found latest version of tr87: tr87-cd924810 (downloaded: 2026-06-08 07:25:23.848054+00:00)
2026-08-01 13:00:28 | INFO | Found latest version of tr87: tr87-cd924810 (downloaded: 2026-06-08 07:25:23.848054+00:00)
2026-08-01 13:00:28 | INFO | Found latest version of tr87: tr87-cd924810 (downloaded: 2026-06-08 07:25:23.848054+00:00)
2026-08-01 13:00:31 | INFO | Found latest version of tr87: tr87-cd924810 (downloaded: 2026-06-08 07:25:23.848054+00:00)
2026-08-01 13:00:31 | INFO | Found latest version of tr87: tr87-cd924810 (downloaded: 2026-06-08 07:25:23.848054+00:00)
2026-08-01 13:00:31 | INFO | Found latest version of tr87: tr87-cd924810 (downloaded: 2026-06-08 07:25:23.848054+00:00)
2026-08-01 13:00:31 | INFO | Found latest version of tr87: tr87-cd924810 (downloaded: 2026-06-08 07:25:23.848054+00:00)
2026-08-01 13:00:31 | INFO | Found latest version of tr87: tr87-cd924810 (downloaded: 2026-06-08 07:25:23.848054+00:00)
2026-08-01 13:00:31 | INFO | Found latest version of tr87: tr87-cd924810 (downloaded: 2026-06-08 07:25:23.848054+00:00)
2026-08-01 13:00:31 | INFO | Found latest version of tr87: tr87-cd924810 (downloaded: 2026-06-08 07:25:23.848054+00:00)
2026-08-01 13:00:31 | INFO | Found latest version of tr87: tr87-cd924810 (downloaded: 2026-06-08 07:25:23.848054+00:00)
2026-08-01 13:00:31 | INFO | Found latest version of tr87: tr87-cd924810 (downloaded: 2026-06-08 07:25:23.848054+00:00)
2026-08-01 13:00:31 | INFO | Found latest version of tr87: tr87-cd924810 (downloaded: 2026-06-08 07:25:23.848054+00:00)
2026-08-01 13:00:31 | INFO | Found latest version of tr87: tr87-cd924810 (downloaded: 2026-06-08 07:25:23.848054+00:00)
2026-08-01 13:00:31 | INFO | Found latest version of tr87: tr87-cd924810 (downloaded: 2026-06-08 07:25:23.848054+00:00)
2026-08-01 13:00:31 | INFO | Found latest version of tr87: tr87-cd924810 (downloaded: 2026-06-08 07:25:23.848054+00:00)
2026-08-01 13:00:31 | INFO | Found latest version of tr87: tr87-cd924810 (downloaded: 2026-06-08 07:25:23.848054+00:00)
2026-08-01 13:00:31 | INFO | Found latest version of tr87: tr87-cd924810 (downloaded: 2026-06-08 07:25:23.848054+00:00)
2026-08-01 13:00:31 | INFO | Found latest version of tr87: tr87-cd924810 (downloaded: 2026-06-08 07:25:23.848054+00:00)
2026-08-01 13:00:31 | INFO | Found latest version of tr87: tr87-cd924810 (downloaded: 2026-06-08 07:25:23.848054+00:00)
2026-08-01 13:00:31 | INFO | Found latest version of tr87: tr87-cd924810 (downloaded: 2026-06-08 07:25:23.848054+00:00)
2026-08-01 13:00:31 | INFO | Found latest version of tr87: tr87-cd924810 (downloaded: 2026-06-08 07:25:23.848054+00:00)
2026-08-01 13:00:31 | INFO | Found latest version of tr87: tr87-cd924810 (downloaded: 2026-06-08 07:25:23.848054+00:00)
2026-08-01 13:00:31 | INFO | Found latest version of tr87: tr87-cd924810 (downloaded: 2026-06-08 07:25:23.848054+00:00)
2026-08-01 13:00:31 | INFO | Found latest version of tr87: tr87-cd924810 (downloaded: 2026-06-08 07:25:23.848054+00:00)
2026-08-01 13:00:31 | INFO | Found latest version of tr87: tr87-cd924810 (downloaded: 2026-06-08 07:25:23.848054+00:00)
2026-08-01 13:00:31 | INFO | Found latest version of tr87: tr87-cd924810 (downloaded: 2026-06-08 07:25:23.848054+00:00)
2026-08-01 13:00:31 | INFO | Found latest version of tr87: tr87-cd924810 (downloaded: 2026-06-08 07:25:23.848054+00:00)
2026-08-01 13:00:31 | INFO | Found latest version of tr87: tr87-cd924810 (downloaded: 2026-06-08 07:25:23.848054+00:00)
2026-08-01 13:00:31 | INFO | Found latest version of tr87: tr87-cd924810 (downloaded: 2026-06-08 07:25:23.848054+00:00)
2026-08-01 13:00:31 | INFO | Found latest version of tr87: tr87-cd924810 (downloaded: 2026-06-08 07:25:23.848054+00:00)
2026-08-01 13:00:31 | INFO | Found latest version of tr87: tr87-cd924810 (downloaded: 2026-06-08 07:25:23.848054+00:00)
2026-08-01 13:00:31 | INFO | Found latest version of tr87: tr87-cd924810 (downloaded: 2026-06-08 07:25:23.848054+00:00)
2026-08-01 13:00:31 | INFO | Found latest version of tr87: tr87-cd924810 (downloaded: 2026-06-08 07:25:23.848054+00:00)
2026-08-01 13:00:31 | INFO | Found latest version of tr87: tr87-cd924810 (downloaded: 2026-06-08 07:25:23.848054+00:00)
2026-08-01 13:00:31 | INFO | Found latest version of tr87: tr87-cd924810 (downloaded: 2026-06-08 07:25:23.848054+00:00)
2026-08-01 13:00:31 | INFO | Found latest version of tr87: tr87-cd924810 (downloaded: 2026-06-08 07:25:23.848054+00:00)
2026-08-01 13:00:31 | INFO | Found latest version of tr87: tr87-cd924810 (downloaded: 2026-06-08 07:25:23.848054+00:00)
2026-08-01 13:00:31 | INFO | Found latest version of tr87: tr87-cd924810 (downloaded: 2026-06-08 07:25:23.848054+00:00)
2026-08-01 13:00:31 | INFO | Found latest version of tr87: tr87-cd924810 (downloaded: 2026-06-08 07:25:23.848054+00:00)
2026-08-01 13:00:31 | INFO | Found latest version of tr87: tr87-cd924810 (downloaded: 2026-06-08 07:25:23.848054+00:00)
2026-08-01 13:00:31 | INFO | Found latest version of tr87: tr87-cd924810 (downloaded: 2026-06-08 07:25:23.848054+00:00)
2026-08-01 13:00:31 | INFO | Found latest version of tr87: tr87-cd924810 (downloaded: 2026-06-08 07:25:23.848054+00:00)
2026-08-01 13:00:31 | INFO | Found latest version of tr87: tr87-cd924810 (downloaded: 2026-06-08 07:25:23.848054+00:00)
2026-08-01 13:00:31 | INFO | Found latest version of tr87: tr87-cd924810 (downloaded: 2026-06-08 07:25:23.848054+00:00)
2026-08-01 13:00:31 | INFO | Found latest version of tr87: tr87-cd924810 (downloaded: 2026-06-08 07:25:23.848054+00:00)
2026-08-01 13:00:31 | INFO | Found latest version of tr87: tr87-cd924810 (downloaded: 2026-06-08 07:25:23.848054+00:00)
2026-08-01 13:00:32 | INFO | Found latest version of tr87: tr87-cd924810 (downloaded: 2026-06-08 07:25:23.848054+00:00)
2026-08-01 13:00:32 | INFO | Found latest version of tr87: tr87-cd924810 (downloaded: 2026-06-08 07:25:23.848054+00:00)
2026-08-01 13:00:32 | INFO | Found latest version of tr87: tr87-cd924810 (downloaded: 2026-06-08 07:25:23.848054+00:00)
2026-08-01 13:00:32 | INFO | Found latest version of tr87: tr87-cd924810 (downloaded: 2026-06-08 07:25:23.848054+00:00)
2026-08-01 13:00:32 | INFO | Found latest version of tr87: tr87-cd924810 (downloaded: 2026-06-08 07:25:23.848054+00:00)
2026-08-01 13:00:32 | INFO | Found latest version of tr87: tr87-cd924810 (downloaded: 2026-06-08 07:25:23.848054+00:00)
2026-08-01 13:00:32 | INFO | Found latest version of tr87: tr87-cd924810 (downloaded: 2026-06-08 07:25:23.848054+00:00)
2026-08-01 13:00:32 | INFO | Found latest version of tr87: tr87-cd924810 (downloaded: 2026-06-08 07:25:23.848054+00:00)
2026-08-01 13:00:32 | INFO | Found latest version of tr87: tr87-cd924810 (downloaded: 2026-06-08 07:25:23.848054+00:00)
2026-08-01 13:00:32 | INFO | Found latest version of tr87: tr87-cd924810 (downloaded: 2026-06-08 07:25:23.848054+00:00)
2026-08-01 13:00:32 | INFO | Found latest version of tr87: tr87-cd924810 (downloaded: 2026-06-08 07:25:23.848054+00:00)
2026-08-01 13:00:32 | INFO | Found latest version of tr87: tr87-cd924810 (downloaded: 2026-06-08 07:25:23.848054+00:00)
2026-08-01 13:00:32 | INFO | Found latest version of tr87: tr87-cd924810 (downloaded: 2026-06-08 07:25:23.848054+00:00)
2026-08-01 13:00:32 | INFO | Found latest version of tr87: tr87-cd924810 (downloaded: 2026-06-08 07:25:23.848054+00:00)
2026-08-01 13:00:32 | INFO | Found latest version of tr87: tr87-cd924810 (downloaded: 2026-06-08 07:25:23.848054+00:00)
2026-08-01 13:00:32 | INFO | Found latest version of tr87: tr87-cd924810 (downloaded: 2026-06-08 07:25:23.848054+00:00)
2026-08-01 13:00:32 | INFO | Found latest version of tr87: tr87-cd924810 (downloaded: 2026-06-08 07:25:23.848054+00:00)
2026-08-01 13:00:32 | INFO | Found latest version of tr87: tr87-cd924810 (downloaded: 2026-06-08 07:25:23.848054+00:00)
2026-08-01 13:00:35 | INFO | Found latest version of tr87: tr87-cd924810 (downloaded: 2026-06-08 07:25:23.848054+00:00)
2026-08-01 13:00:35 | INFO | Found latest version of tr87: tr87-cd924810 (downloaded: 2026-06-08 07:25:23.848054+00:00)
2026-08-01 13:00:35 | INFO | Found latest version of tr87: tr87-cd924810 (downloaded: 2026-06-08 07:25:23.848054+00:00)
2026-08-01 13:00:35 | INFO | Found latest version of tr87: tr87-cd924810 (downloaded: 2026-06-08 07:25:23.848054+00:00)
2026-08-01 13:00:35 | INFO | Found latest version of tr87: tr87-cd924810 (downloaded: 2026-06-08 07:25:23.848054+00:00)
2026-08-01 13:00:35 | INFO | Found latest version of tr87: tr87-cd924810 (downloaded: 2026-06-08 07:25:23.848054+00:00)
2026-08-01 13:00:35 | INFO | Found latest version of tr87: tr87-cd924810 (downloaded: 2026-06-08 07:25:23.848054+00:00)
2026-08-01 13:00:35 | INFO | Found latest version of tr87: tr87-cd924810 (downloaded: 2026-06-08 07:25:23.848054+00:00)
2026-08-01 13:00:35 | INFO | Found latest version of tr87: tr87-cd924810 (downloaded: 2026-06-08 07:25:23.848054+00:00)
2026-08-01 13:00:35 | INFO | Found latest version of tr87: tr87-cd924810 (downloaded: 2026-06-08 07:25:23.848054+00:00)
2026-08-01 13:00:35 | INFO | Found latest version of tr87: tr87-cd924810 (downloaded: 2026-06-08 07:25:23.848054+00:00)
2026-08-01 13:00:35 | INFO | Found latest version of tr87: tr87-cd924810 (downloaded: 2026-06-08 07:25:23.848054+00:00)
2026-08-01 13:00:35 | INFO | Found latest version of tr87: tr87-cd924810 (downloaded: 2026-06-08 07:25:23.848054+00:00)
2026-08-01 13:00:35 | INFO | Found latest version of tr87: tr87-cd924810 (downloaded: 2026-06-08 07:25:23.848054+00:00)
2026-08-01 13:00:35 | INFO | Found latest version of tr87: tr87-cd924810 (downloaded: 2026-06-08 07:25:23.848054+00:00)
2026-08-01 13:00:35 | INFO | Found latest version of tr87: tr87-cd924810 (downloaded: 2026-06-08 07:25:23.848054+00:00)
2026-08-01 13:00:35 | INFO | Found latest version of tr87: tr87-cd924810 (downloaded: 2026-06-08 07:25:23.848054+00:00)
2026-08-01 13:00:35 | INFO | Found latest version of tr87: tr87-cd924810 (downloaded: 2026-06-08 07:25:23.848054+00:00)
2026-08-01 13:00:35 | INFO | Found latest version of tr87: tr87-cd924810 (downloaded: 2026-06-08 07:25:23.848054+00:00)
2026-08-01 13:00:35 | INFO | Found latest version of tr87: tr87-cd924810 (downloaded: 2026-06-08 07:25:23.848054+00:00)
2026-08-01 13:00:35 | INFO | Found latest version of tr87: tr87-cd924810 (downloaded: 2026-06-08 07:25:23.848054+00:00)
2026-08-01 13:00:35 | INFO | Found latest version of tr87: tr87-cd924810 (downloaded: 2026-06-08 07:25:23.848054+00:00)
2026-08-01 13:00:35 | INFO | Found latest version of tr87: tr87-cd924810 (downloaded: 2026-06-08 07:25:23.848054+00:00)
2026-08-01 13:00:35 | INFO | Found latest version of tr87: tr87-cd924810 (downloaded: 2026-06-08 07:25:23.848054+00:00)
2026-08-01 13:00:35 | INFO | Found latest version of tr87: tr87-cd924810 (downloaded: 2026-06-08 07:25:23.848054+00:00)
2026-08-01 13:00:35 | INFO | Found latest version of tr87: tr87-cd924810 (downloaded: 2026-06-08 07:25:23.848054+00:00)
2026-08-01 13:00:35 | INFO | Found latest version of tr87: tr87-cd924810 (downloaded: 2026-06-08 07:25:23.848054+00:00)
2026-08-01 13:00:35 | INFO | Found latest version of tr87: tr87-cd924810 (downloaded: 2026-06-08 07:25:23.848054+00:00)
2026-08-01 13:00:35 | INFO | Found latest version of tr87: tr87-cd924810 (downloaded: 2026-06-08 07:25:23.848054+00:00)
2026-08-01 13:00:35 | INFO | Found latest version of tr87: tr87-cd924810 (downloaded: 2026-06-08 07:25:23.848054+00:00)
2026-08-01 13:00:35 | INFO | Found latest version of tr87: tr87-cd924810 (downloaded: 2026-06-08 07:25:23.848054+00:00)
2026-08-01 13:00:35 | INFO | Found latest version of tr87: tr87-cd924810 (downloaded: 2026-06-08 07:25:23.848054+00:00)
2026-08-01 13:00:35 | INFO | Found latest version of tr87: tr87-cd924810 (downloaded: 2026-06-08 07:25:23.848054+00:00)
2026-08-01 13:00:35 | INFO | Found latest version of tr87: tr87-cd924810 (downloaded: 2026-06-08 07:25:23.848054+00:00)
2026-08-01 13:00:35 | INFO | Found latest version of tr87: tr87-cd924810 (downloaded: 2026-06-08 07:25:23.848054+00:00)
2026-08-01 13:00:35 | INFO | Found latest version of tr87: tr87-cd924810 (downloaded: 2026-06-08 07:25:23.848054+00:00)
2026-08-01 13:00:35 | INFO | Found latest version of tr87: tr87-cd924810 (downloaded: 2026-06-08 07:25:23.848054+00:00)
2026-08-01 13:00:35 | INFO | Found latest version of tr87: tr87-cd924810 (downloaded: 2026-06-08 07:25:23.848054+00:00)
2026-08-01 13:00:35 | INFO | Found latest version of tr87: tr87-cd924810 (downloaded: 2026-06-08 07:25:23.848054+00:00)
2026-08-01 13:00:35 | INFO | Found latest version of tr87: tr87-cd924810 (downloaded: 2026-06-08 07:25:23.848054+00:00)
2026-08-01 13:00:35 | INFO | Found latest version of tr87: tr87-cd924810 (downloaded: 2026-06-08 07:25:23.848054+00:00)
2026-08-01 13:00:35 | INFO | Found latest version of tr87: tr87-cd924810 (downloaded: 2026-06-08 07:25:23.848054+00:00)
2026-08-01 13:00:35 | INFO | Found latest version of tr87: tr87-cd924810 (downloaded: 2026-06-08 07:25:23.848054+00:00)
2026-08-01 13:00:35 | INFO | Found latest version of tr87: tr87-cd924810 (downloaded: 2026-06-08 07:25:23.848054+00:00)
2026-08-01 13:00:35 | INFO | Found latest version of tr87: tr87-cd924810 (downloaded: 2026-06-08 07:25:23.848054+00:00)
2026-08-01 13:00:35 | INFO | Found latest version of tr87: tr87-cd924810 (downloaded: 2026-06-08 07:25:23.848054+00:00)
2026-08-01 13:00:35 | INFO | Found latest version of tr87: tr87-cd924810 (downloaded: 2026-06-08 07:25:23.848054+00:00)
2026-08-01 13:00:35 | INFO | Found latest version of tr87: tr87-cd924810 (downloaded: 2026-06-08 07:25:23.848054+00:00)
2026-08-01 13:00:35 | INFO | Found latest version of tr87: tr87-cd924810 (downloaded: 2026-06-08 07:25:23.848054+00:00)
2026-08-01 13:00:35 | INFO | Found latest version of tr87: tr87-cd924810 (downloaded: 2026-06-08 07:25:23.848054+00:00)
2026-08-01 13:00:35 | INFO | Found latest version of tr87: tr87-cd924810 (downloaded: 2026-06-08 07:25:23.848054+00:00)
2026-08-01 13:00:35 | INFO | Found latest version of tr87: tr87-cd924810 (downloaded: 2026-06-08 07:25:23.848054+00:00)
2026-08-01 13:00:35 | INFO | Found latest version of tr87: tr87-cd924810 (downloaded: 2026-06-08 07:25:23.848054+00:00)
2026-08-01 13:00:35 | INFO | Found latest version of tr87: tr87-cd924810 (downloaded: 2026-06-08 07:25:23.848054+00:00)
2026-08-01 13:00:35 | INFO | Found latest version of tr87: tr87-cd924810 (downloaded: 2026-06-08 07:25:23.848054+00:00)
2026-08-01 13:00:35 | INFO | Found latest version of tr87: tr87-cd924810 (downloaded: 2026-06-08 07:25:23.848054+00:00)
2026-08-01 13:00:35 | INFO | Found latest version of tr87: tr87-cd924810 (downloaded: 2026-06-08 07:25:23.848054+00:00)
2026-08-01 13:00:35 | INFO | Found latest version of tr87: tr87-cd924810 (downloaded: 2026-06-08 07:25:23.848054+00:00)
2026-08-01 13:00:35 | INFO | Found latest version of tr87: tr87-cd924810 (downloaded: 2026-06-08 07:25:23.848054+00:00)
2026-08-01 13:00:35 | INFO | Found latest version of tr87: tr87-cd924810 (downloaded: 2026-06-08 07:25:23.848054+00:00)
2026-08-01 13:00:35 | INFO | Found latest version of tr87: tr87-cd924810 (downloaded: 2026-06-08 07:25:23.848054+00:00)
2026-08-01 13:00:35 | INFO | Found latest version of tr87: tr87-cd924810 (downloaded: 2026-06-08 07:25:23.848054+00:00)
2026-08-01 13:00:35 | INFO | Found latest version of tr87: tr87-cd924810 (downloaded: 2026-06-08 07:25:23.848054+00:00)
2026-08-01 13:00:38 | INFO | Found latest version of tr87: tr87-cd924810 (downloaded: 2026-06-08 07:25:23.848054+00:00)
2026-08-01 13:00:38 | INFO | Found latest version of tr87: tr87-cd924810 (downloaded: 2026-06-08 07:25:23.848054+00:00)
2026-08-01 13:00:38 | INFO | Found latest version of tr87: tr87-cd924810 (downloaded: 2026-06-08 07:25:23.848054+00:00)
2026-08-01 13:00:38 | INFO | Found latest version of tr87: tr87-cd924810 (downloaded: 2026-06-08 07:25:23.848054+00:00)
2026-08-01 13:00:38 | INFO | Found latest version of tr87: tr87-cd924810 (downloaded: 2026-06-08 07:25:23.848054+00:00)
2026-08-01 13:00:38 | INFO | Found latest version of tr87: tr87-cd924810 (downloaded: 2026-06-08 07:25:23.848054+00:00)
2026-08-01 13:00:38 | INFO | Found latest version of tr87: tr87-cd924810 (downloaded: 2026-06-08 07:25:23.848054+00:00)
2026-08-01 13:00:38 | INFO | Found latest version of tr87: tr87-cd924810 (downloaded: 2026-06-08 07:25:23.848054+00:00)
2026-08-01 13:00:38 | INFO | Found latest version of tr87: tr87-cd924810 (downloaded: 2026-06-08 07:25:23.848054+00:00)
2026-08-01 13:00:38 | INFO | Found latest version of tr87: tr87-cd924810 (downloaded: 2026-06-08 07:25:23.848054+00:00)
2026-08-01 13:00:38 | INFO | Found latest version of tr87: tr87-cd924810 (downloaded: 2026-06-08 07:25:23.848054+00:00)
2026-08-01 13:00:38 | INFO | Found latest version of tr87: tr87-cd924810 (downloaded: 2026-06-08 07:25:23.848054+00:00)
2026-08-01 13:00:38 | INFO | Found latest version of tr87: tr87-cd924810 (downloaded: 2026-06-08 07:25:23.848054+00:00)
2026-08-01 13:00:38 | INFO | Found latest version of tr87: tr87-cd924810 (downloaded: 2026-06-08 07:25:23.848054+00:00)
2026-08-01 13:00:38 | INFO | Found latest version of tr87: tr87-cd924810 (downloaded: 2026-06-08 07:25:23.848054+00:00)
2026-08-01 13:00:38 | INFO | Found latest version of tr87: tr87-cd924810 (downloaded: 2026-06-08 07:25:23.848054+00:00)
2026-08-01 13:00:38 | INFO | Found latest version of tr87: tr87-cd924810 (downloaded: 2026-06-08 07:25:23.848054+00:00)
2026-08-01 13:00:38 | INFO | Found latest version of tr87: tr87-cd924810 (downloaded: 2026-06-08 07:25:23.848054+00:00)
2026-08-01 13:00:38 | INFO | Found latest version of tr87: tr87-cd924810 (downloaded: 2026-06-08 07:25:23.848054+00:00)
2026-08-01 13:00:38 | INFO | Found latest version of tr87: tr87-cd924810 (downloaded: 2026-06-08 07:25:23.848054+00:00)
2026-08-01 13:00:38 | INFO | Found latest version of tr87: tr87-cd924810 (downloaded: 2026-06-08 07:25:23.848054+00:00)
2026-08-01 13:00:38 | INFO | Found latest version of tr87: tr87-cd924810 (downloaded: 2026-06-08 07:25:23.848054+00:00)
2026-08-01 13:00:38 | INFO | Found latest version of tr87: tr87-cd924810 (downloaded: 2026-06-08 07:25:23.848054+00:00)
2026-08-01 13:00:38 | INFO | Found latest version of tr87: tr87-cd924810 (downloaded: 2026-06-08 07:25:23.848054+00:00)
2026-08-01 13:00:38 | INFO | Found latest version of tr87: tr87-cd924810 (downloaded: 2026-06-08 07:25:23.848054+00:00)
2026-08-01 13:00:38 | INFO | Found latest version of tr87: tr87-cd924810 (downloaded: 2026-06-08 07:25:23.848054+00:00)
2026-08-01 13:00:39 | INFO | Found latest version of tr87: tr87-cd924810 (downloaded: 2026-06-08 07:25:23.848054+00:00)
2026-08-01 13:00:39 | INFO | Found latest version of tr87: tr87-cd924810 (downloaded: 2026-06-08 07:25:23.848054+00:00)
2026-08-01 13:00:39 | INFO | Found latest version of tr87: tr87-cd924810 (downloaded: 2026-06-08 07:25:23.848054+00:00)
2026-08-01 13:00:39 | INFO | Found latest version of tr87: tr87-cd924810 (downloaded: 2026-06-08 07:25:23.848054+00:00)
2026-08-01 13:00:39 | INFO | Found latest version of tr87: tr87-cd924810 (downloaded: 2026-06-08 07:25:23.848054+00:00)
2026-08-01 13:00:39 | INFO | Found latest version of tr87: tr87-cd924810 (downloaded: 2026-06-08 07:25:23.848054+00:00)
2026-08-01 13:00:39 | INFO | Found latest version of tr87: tr87-cd924810 (downloaded: 2026-06-08 07:25:23.848054+00:00)
2026-08-01 13:00:39 | INFO | Found latest version of tr87: tr87-cd924810 (downloaded: 2026-06-08 07:25:23.848054+00:00)
2026-08-01 13:00:39 | INFO | Found latest version of tr87: tr87-cd924810 (downloaded: 2026-06-08 07:25:23.848054+00:00)
2026-08-01 13:00:39 | INFO | Found latest version of tr87: tr87-cd924810 (downloaded: 2026-06-08 07:25:23.848054+00:00)
2026-08-01 13:00:39 | INFO | Found latest version of tr87: tr87-cd924810 (downloaded: 2026-06-08 07:25:23.848054+00:00)
2026-08-01 13:00:39 | INFO | Found latest version of tr87: tr87-cd924810 (downloaded: 2026-06-08 07:25:23.848054+00:00)
2026-08-01 13:00:39 | INFO | Found latest version of tr87: tr87-cd924810 (downloaded: 2026-06-08 07:25:23.848054+00:00)
2026-08-01 13:00:39 | INFO | Found latest version of tr87: tr87-cd924810 (downloaded: 2026-06-08 07:25:23.848054+00:00)
2026-08-01 13:00:39 | INFO | Found latest version of tr87: tr87-cd924810 (downloaded: 2026-06-08 07:25:23.848054+00:00)
2026-08-01 13:00:39 | INFO | Found latest version of tr87: tr87-cd924810 (downloaded: 2026-06-08 07:25:23.848054+00:00)
2026-08-01 13:00:39 | INFO | Found latest version of tr87: tr87-cd924810 (downloaded: 2026-06-08 07:25:23.848054+00:00)
2026-08-01 13:00:39 | INFO | Found latest version of tr87: tr87-cd924810 (downloaded: 2026-06-08 07:25:23.848054+00:00)
2026-08-01 13:00:39 | INFO | Found latest version of tr87: tr87-cd924810 (downloaded: 2026-06-08 07:25:23.848054+00:00)
2026-08-01 13:00:39 | INFO | Found latest version of tr87: tr87-cd924810 (downloaded: 2026-06-08 07:25:23.848054+00:00)
2026-08-01 13:00:39 | INFO | Found latest version of tr87: tr87-cd924810 (downloaded: 2026-06-08 07:25:23.848054+00:00)
2026-08-01 13:00:39 | INFO | Found latest version of tr87: tr87-cd924810 (downloaded: 2026-06-08 07:25:23.848054+00:00)
2026-08-01 13:00:39 | INFO | Found latest version of tr87: tr87-cd924810 (downloaded: 2026-06-08 07:25:23.848054+00:00)
2026-08-01 13:00:39 | INFO | Found latest version of tr87: tr87-cd924810 (downloaded: 2026-06-08 07:25:23.848054+00:00)
2026-08-01 13:00:39 | INFO | Found latest version of tr87: tr87-cd924810 (downloaded: 2026-06-08 07:25:23.848054+00:00)
2026-08-01 13:00:39 | INFO | Found latest version of tr87: tr87-cd924810 (downloaded: 2026-06-08 07:25:23.848054+00:00)
2026-08-01 13:00:39 | INFO | Found latest version of tr87: tr87-cd924810 (downloaded: 2026-06-08 07:25:23.848054+00:00)
2026-08-01 13:00:39 | INFO | Found latest version of tr87: tr87-cd924810 (downloaded: 2026-06-08 07:25:23.848054+00:00)
2026-08-01 13:00:39 | INFO | Found latest version of tr87: tr87-cd924810 (downloaded: 2026-06-08 07:25:23.848054+00:00)
2026-08-01 13:00:39 | INFO | Found latest version of tr87: tr87-cd924810 (downloaded: 2026-06-08 07:25:23.848054+00:00)
2026-08-01 13:00:39 | INFO | Found latest version of tr87: tr87-cd924810 (downloaded: 2026-06-08 07:25:23.848054+00:00)
2026-08-01 13:00:39 | INFO | Found latest version of tr87: tr87-cd924810 (downloaded: 2026-06-08 07:25:23.848054+00:00)
2026-08-01 13:00:39 | INFO | Found latest version of tr87: tr87-cd924810 (downloaded: 2026-06-08 07:25:23.848054+00:00)
2026-08-01 13:00:39 | INFO | Found latest version of tr87: tr87-cd924810 (downloaded: 2026-06-08 07:25:23.848054+00:00)
2026-08-01 13:00:39 | INFO | Found latest version of tr87: tr87-cd924810 (downloaded: 2026-06-08 07:25:23.848054+00:00)
2026-08-01 13:00:39 | INFO | Found latest version of tr87: tr87-cd924810 (downloaded: 2026-06-08 07:25:23.848054+00:00)
2026-08-01 13:00:42 | INFO | Found latest version of tr87: tr87-cd924810 (downloaded: 2026-06-08 07:25:23.848054+00:00)
2026-08-01 13:00:42 | INFO | Found latest version of tr87: tr87-cd924810 (downloaded: 2026-06-08 07:25:23.848054+00:00)
2026-08-01 13:00:42 | INFO | Found latest version of tr87: tr87-cd924810 (downloaded: 2026-06-08 07:25:23.848054+00:00)
2026-08-01 13:00:42 | INFO | Found latest version of tr87: tr87-cd924810 (downloaded: 2026-06-08 07:25:23.848054+00:00)
2026-08-01 13:00:42 | INFO | Found latest version of tr87: tr87-cd924810 (downloaded: 2026-06-08 07:25:23.848054+00:00)
2026-08-01 13:00:42 | INFO | Found latest version of tr87: tr87-cd924810 (downloaded: 2026-06-08 07:25:23.848054+00:00)
2026-08-01 13:00:42 | INFO | Found latest version of tr87: tr87-cd924810 (downloaded: 2026-06-08 07:25:23.848054+00:00)
2026-08-01 13:00:42 | INFO | Found latest version of tr87: tr87-cd924810 (downloaded: 2026-06-08 07:25:23.848054+00:00)
2026-08-01 13:00:42 | INFO | Found latest version of tr87: tr87-cd924810 (downloaded: 2026-06-08 07:25:23.848054+00:00)
2026-08-01 13:00:42 | INFO | Found latest version of tr87: tr87-cd924810 (downloaded: 2026-06-08 07:25:23.848054+00:00)
2026-08-01 13:00:42 | INFO | Found latest version of tr87: tr87-cd924810 (downloaded: 2026-06-08 07:25:23.848054+00:00)
2026-08-01 13:00:42 | INFO | Found latest version of tr87: tr87-cd924810 (downloaded: 2026-06-08 07:25:23.848054+00:00)
2026-08-01 13:00:42 | INFO | Found latest version of tr87: tr87-cd924810 (downloaded: 2026-06-08 07:25:23.848054+00:00)
2026-08-01 13:00:42 | INFO | Found latest version of tr87: tr87-cd924810 (downloaded: 2026-06-08 07:25:23.848054+00:00)
2026-08-01 13:00:42 | INFO | Found latest version of tr87: tr87-cd924810 (downloaded: 2026-06-08 07:25:23.848054+00:00)
2026-08-01 13:00:42 | INFO | Found latest version of tr87: tr87-cd924810 (downloaded: 2026-06-08 07:25:23.848054+00:00)
2026-08-01 13:00:42 | INFO | Found latest version of tr87: tr87-cd924810 (downloaded: 2026-06-08 07:25:23.848054+00:00)
2026-08-01 13:00:42 | INFO | Found latest version of tr87: tr87-cd924810 (downloaded: 2026-06-08 07:25:23.848054+00:00)
2026-08-01 13:00:42 | INFO | Found latest version of tr87: tr87-cd924810 (downloaded: 2026-06-08 07:25:23.848054+00:00)
2026-08-01 13:00:42 | INFO | Found latest version of tr87: tr87-cd924810 (downloaded: 2026-06-08 07:25:23.848054+00:00)
2026-08-01 13:00:42 | INFO | Found latest version of tr87: tr87-cd924810 (downloaded: 2026-06-08 07:25:23.848054+00:00)
2026-08-01 13:00:42 | INFO | Found latest version of tr87: tr87-cd924810 (downloaded: 2026-06-08 07:25:23.848054+00:00)
2026-08-01 13:00:42 | INFO | Found latest version of tr87: tr87-cd924810 (downloaded: 2026-06-08 07:25:23.848054+00:00)
2026-08-01 13:00:42 | INFO | Found latest version of tr87: tr87-cd924810 (downloaded: 2026-06-08 07:25:23.848054+00:00)
2026-08-01 13:00:42 | INFO | Found latest version of tr87: tr87-cd924810 (downloaded: 2026-06-08 07:25:23.848054+00:00)
2026-08-01 13:00:42 | INFO | Found latest version of tr87: tr87-cd924810 (downloaded: 2026-06-08 07:25:23.848054+00:00)
2026-08-01 13:00:42 | INFO | Found latest version of tr87: tr87-cd924810 (downloaded: 2026-06-08 07:25:23.848054+00:00)
2026-08-01 13:00:42 | INFO | Found latest version of tr87: tr87-cd924810 (downloaded: 2026-06-08 07:25:23.848054+00:00)
2026-08-01 13:00:42 | INFO | Found latest version of tr87: tr87-cd924810 (downloaded: 2026-06-08 07:25:23.848054+00:00)
2026-08-01 13:00:42 | INFO | Found latest version of tr87: tr87-cd924810 (downloaded: 2026-06-08 07:25:23.848054+00:00)
2026-08-01 13:00:42 | INFO | Found latest version of tr87: tr87-cd924810 (downloaded: 2026-06-08 07:25:23.848054+00:00)
2026-08-01 13:00:42 | INFO | Found latest version of tr87: tr87-cd924810 (downloaded: 2026-06-08 07:25:23.848054+00:00)
2026-08-01 13:00:42 | INFO | Found latest version of tr87: tr87-cd924810 (downloaded: 2026-06-08 07:25:23.848054+00:00)
2026-08-01 13:00:43 | INFO | Found latest version of tr87: tr87-cd924810 (downloaded: 2026-06-08 07:25:23.848054+00:00)
2026-08-01 13:00:43 | INFO | Found latest version of tr87: tr87-cd924810 (downloaded: 2026-06-08 07:25:23.848054+00:00)
2026-08-01 13:00:43 | INFO | Found latest version of tr87: tr87-cd924810 (downloaded: 2026-06-08 07:25:23.848054+00:00)
2026-08-01 13:00:43 | INFO | Found latest version of tr87: tr87-cd924810 (downloaded: 2026-06-08 07:25:23.848054+00:00)
2026-08-01 13:00:43 | INFO | Found latest version of tr87: tr87-cd924810 (downloaded: 2026-06-08 07:25:23.848054+00:00)
2026-08-01 13:00:43 | INFO | Found latest version of tr87: tr87-cd924810 (downloaded: 2026-06-08 07:25:23.848054+00:00)
2026-08-01 13:00:43 | INFO | Found latest version of tr87: tr87-cd924810 (downloaded: 2026-06-08 07:25:23.848054+00:00)
2026-08-01 13:00:43 | INFO | Found latest version of tr87: tr87-cd924810 (downloaded: 2026-06-08 07:25:23.848054+00:00)
2026-08-01 13:00:43 | INFO | Found latest version of tr87: tr87-cd924810 (downloaded: 2026-06-08 07:25:23.848054+00:00)
2026-08-01 13:00:43 | INFO | Found latest version of tr87: tr87-cd924810 (downloaded: 2026-06-08 07:25:23.848054+00:00)
2026-08-01 13:00:43 | INFO | Found latest version of tr87: tr87-cd924810 (downloaded: 2026-06-08 07:25:23.848054+00:00)
2026-08-01 13:00:43 | INFO | Found latest version of tr87: tr87-cd924810 (downloaded: 2026-06-08 07:25:23.848054+00:00)
2026-08-01 13:00:43 | INFO | Found latest version of tr87: tr87-cd924810 (downloaded: 2026-06-08 07:25:23.848054+00:00)
2026-08-01 13:00:43 | INFO | Found latest version of tr87: tr87-cd924810 (downloaded: 2026-06-08 07:25:23.848054+00:00)
2026-08-01 13:00:43 | INFO | Found latest version of tr87: tr87-cd924810 (downloaded: 2026-06-08 07:25:23.848054+00:00)
2026-08-01 13:00:43 | INFO | Found latest version of tr87: tr87-cd924810 (downloaded: 2026-06-08 07:25:23.848054+00:00)
2026-08-01 13:00:43 | INFO | Found latest version of tr87: tr87-cd924810 (downloaded: 2026-06-08 07:25:23.848054+00:00)
2026-08-01 13:00:43 | INFO | Found latest version of tr87: tr87-cd924810 (downloaded: 2026-06-08 07:25:23.848054+00:00)
2026-08-01 13:00:43 | INFO | Found latest version of tr87: tr87-cd924810 (downloaded: 2026-06-08 07:25:23.848054+00:00)
2026-08-01 13:00:43 | INFO | Found latest version of tr87: tr87-cd924810 (downloaded: 2026-06-08 07:25:23.848054+00:00)
2026-08-01 13:00:43 | INFO | Found latest version of tr87: tr87-cd924810 (downloaded: 2026-06-08 07:25:23.848054+00:00)
2026-08-01 13:00:43 | INFO | Found latest version of tr87: tr87-cd924810 (downloaded: 2026-06-08 07:25:23.848054+00:00)
2026-08-01 13:00:43 | INFO | Found latest version of tr87: tr87-cd924810 (downloaded: 2026-06-08 07:25:23.848054+00:00)
2026-08-01 13:00:43 | INFO | Found latest version of tr87: tr87-cd924810 (downloaded: 2026-06-08 07:25:23.848054+00:00)
2026-08-01 13:00:43 | INFO | Found latest version of tr87: tr87-cd924810 (downloaded: 2026-06-08 07:25:23.848054+00:00)
2026-08-01 13:00:43 | INFO | Found latest version of tr87: tr87-cd924810 (downloaded: 2026-06-08 07:25:23.848054+00:00)
2026-08-01 13:00:43 | INFO | Found latest version of tr87: tr87-cd924810 (downloaded: 2026-06-08 07:25:23.848054+00:00)
2026-08-01 13:00:43 | INFO | Found latest version of tr87: tr87-cd924810 (downloaded: 2026-06-08 07:25:23.848054+00:00)
2026-08-01 13:00:43 | INFO | Found latest version of tr87: tr87-cd924810 (downloaded: 2026-06-08 07:25:23.848054+00:00)
2026-08-01 13:00:43 | INFO | Found latest version of tr87: tr87-cd924810 (downloaded: 2026-06-08 07:25:23.848054+00:00)
2026-08-01 13:00:46 | INFO | Found latest version of tr87: tr87-cd924810 (downloaded: 2026-06-08 07:25:23.848054+00:00)
2026-08-01 13:00:46 | INFO | Found latest version of tr87: tr87-cd924810 (downloaded: 2026-06-08 07:25:23.848054+00:00)
2026-08-01 13:00:46 | INFO | Found latest version of tr87: tr87-cd924810 (downloaded: 2026-06-08 07:25:23.848054+00:00)
2026-08-01 13:00:46 | INFO | Found latest version of tr87: tr87-cd924810 (downloaded: 2026-06-08 07:25:23.848054+00:00)
2026-08-01 13:00:46 | INFO | Found latest version of tr87: tr87-cd924810 (downloaded: 2026-06-08 07:25:23.848054+00:00)
2026-08-01 13:00:46 | INFO | Found latest version of tr87: tr87-cd924810 (downloaded: 2026-06-08 07:25:23.848054+00:00)
2026-08-01 13:00:46 | INFO | Found latest version of tr87: tr87-cd924810 (downloaded: 2026-06-08 07:25:23.848054+00:00)
2026-08-01 13:00:46 | INFO | Found latest version of tr87: tr87-cd924810 (downloaded: 2026-06-08 07:25:23.848054+00:00)
2026-08-01 13:00:46 | INFO | Found latest version of tr87: tr87-cd924810 (downloaded: 2026-06-08 07:25:23.848054+00:00)
2026-08-01 13:00:46 | INFO | Found latest version of tr87: tr87-cd924810 (downloaded: 2026-06-08 07:25:23.848054+00:00)
2026-08-01 13:00:46 | INFO | Found latest version of tr87: tr87-cd924810 (downloaded: 2026-06-08 07:25:23.848054+00:00)
2026-08-01 13:00:46 | INFO | Found latest version of tr87: tr87-cd924810 (downloaded: 2026-06-08 07:25:23.848054+00:00)
2026-08-01 13:00:46 | INFO | Found latest version of tr87: tr87-cd924810 (downloaded: 2026-06-08 07:25:23.848054+00:00)
2026-08-01 13:00:46 | INFO | Found latest version of tr87: tr87-cd924810 (downloaded: 2026-06-08 07:25:23.848054+00:00)
2026-08-01 13:00:46 | INFO | Found latest version of tr87: tr87-cd924810 (downloaded: 2026-06-08 07:25:23.848054+00:00)
2026-08-01 13:00:46 | INFO | Found latest version of tr87: tr87-cd924810 (downloaded: 2026-06-08 07:25:23.848054+00:00)
2026-08-01 13:00:46 | INFO | Found latest version of tr87: tr87-cd924810 (downloaded: 2026-06-08 07:25:23.848054+00:00)
2026-08-01 13:00:46 | INFO | Found latest version of tr87: tr87-cd924810 (downloaded: 2026-06-08 07:25:23.848054+00:00)
2026-08-01 13:00:46 | INFO | Found latest version of tr87: tr87-cd924810 (downloaded: 2026-06-08 07:25:23.848054+00:00)
2026-08-01 13:00:46 | INFO | Found latest version of tr87: tr87-cd924810 (downloaded: 2026-06-08 07:25:23.848054+00:00)
2026-08-01 13:00:46 | INFO | Found latest version of tr87: tr87-cd924810 (downloaded: 2026-06-08 07:25:23.848054+00:00)
2026-08-01 13:00:46 | INFO | Found latest version of tr87: tr87-cd924810 (downloaded: 2026-06-08 07:25:23.848054+00:00)
2026-08-01 13:00:46 | INFO | Found latest version of tr87: tr87-cd924810 (downloaded: 2026-06-08 07:25:23.848054+00:00)
2026-08-01 13:00:46 | INFO | Found latest version of tr87: tr87-cd924810 (downloaded: 2026-06-08 07:25:23.848054+00:00)
2026-08-01 13:00:46 | INFO | Found latest version of tr87: tr87-cd924810 (downloaded: 2026-06-08 07:25:23.848054+00:00)
2026-08-01 13:00:46 | INFO | Found latest version of tr87: tr87-cd924810 (downloaded: 2026-06-08 07:25:23.848054+00:00)
2026-08-01 13:00:46 | INFO | Found latest version of tr87: tr87-cd924810 (downloaded: 2026-06-08 07:25:23.848054+00:00)
2026-08-01 13:00:46 | INFO | Found latest version of tr87: tr87-cd924810 (downloaded: 2026-06-08 07:25:23.848054+00:00)
2026-08-01 13:00:46 | INFO | Found latest version of tr87: tr87-cd924810 (downloaded: 2026-06-08 07:25:23.848054+00:00)
2026-08-01 13:00:46 | INFO | Found latest version of tr87: tr87-cd924810 (downloaded: 2026-06-08 07:25:23.848054+00:00)
2026-08-01 13:00:46 | INFO | Found latest version of tr87: tr87-cd924810 (downloaded: 2026-06-08 07:25:23.848054+00:00)
2026-08-01 13:00:46 | INFO | Found latest version of tr87: tr87-cd924810 (downloaded: 2026-06-08 07:25:23.848054+00:00)
2026-08-01 13:00:46 | INFO | Found latest version of tr87: tr87-cd924810 (downloaded: 2026-06-08 07:25:23.848054+00:00)
2026-08-01 13:00:46 | INFO | Found latest version of tr87: tr87-cd924810 (downloaded: 2026-06-08 07:25:23.848054+00:00)
2026-08-01 13:00:46 | INFO | Found latest version of tr87: tr87-cd924810 (downloaded: 2026-06-08 07:25:23.848054+00:00)
2026-08-01 13:00:46 | INFO | Found latest version of tr87: tr87-cd924810 (downloaded: 2026-06-08 07:25:23.848054+00:00)
2026-08-01 13:00:46 | INFO | Found latest version of tr87: tr87-cd924810 (downloaded: 2026-06-08 07:25:23.848054+00:00)
2026-08-01 13:00:46 | INFO | Found latest version of tr87: tr87-cd924810 (downloaded: 2026-06-08 07:25:23.848054+00:00)
2026-08-01 13:00:46 | INFO | Found latest version of tr87: tr87-cd924810 (downloaded: 2026-06-08 07:25:23.848054+00:00)
2026-08-01 13:00:46 | INFO | Found latest version of tr87: tr87-cd924810 (downloaded: 2026-06-08 07:25:23.848054+00:00)
2026-08-01 13:00:46 | INFO | Found latest version of tr87: tr87-cd924810 (downloaded: 2026-06-08 07:25:23.848054+00:00)
2026-08-01 13:00:46 | INFO | Found latest version of tr87: tr87-cd924810 (downloaded: 2026-06-08 07:25:23.848054+00:00)
2026-08-01 13:00:46 | INFO | Found latest version of tr87: tr87-cd924810 (downloaded: 2026-06-08 07:25:23.848054+00:00)
2026-08-01 13:00:46 | INFO | Found latest version of tr87: tr87-cd924810 (downloaded: 2026-06-08 07:25:23.848054+00:00)
2026-08-01 13:00:46 | INFO | Found latest version of tr87: tr87-cd924810 (downloaded: 2026-06-08 07:25:23.848054+00:00)
2026-08-01 13:00:46 | INFO | Found latest version of tr87: tr87-cd924810 (downloaded: 2026-06-08 07:25:23.848054+00:00)
2026-08-01 13:00:46 | INFO | Found latest version of tr87: tr87-cd924810 (downloaded: 2026-06-08 07:25:23.848054+00:00)
2026-08-01 13:00:46 | INFO | Found latest version of tr87: tr87-cd924810 (downloaded: 2026-06-08 07:25:23.848054+00:00)
2026-08-01 13:00:46 | INFO | Found latest version of tr87: tr87-cd924810 (downloaded: 2026-06-08 07:25:23.848054+00:00)
2026-08-01 13:00:46 | INFO | Found latest version of tr87: tr87-cd924810 (downloaded: 2026-06-08 07:25:23.848054+00:00)
2026-08-01 13:00:46 | INFO | Found latest version of tr87: tr87-cd924810 (downloaded: 2026-06-08 07:25:23.848054+00:00)
2026-08-01 13:00:46 | INFO | Found latest version of tr87: tr87-cd924810 (downloaded: 2026-06-08 07:25:23.848054+00:00)
2026-08-01 13:00:46 | INFO | Found latest version of tr87: tr87-cd924810 (downloaded: 2026-06-08 07:25:23.848054+00:00)
2026-08-01 13:00:46 | INFO | Found latest version of tr87: tr87-cd924810 (downloaded: 2026-06-08 07:25:23.848054+00:00)
2026-08-01 13:00:46 | INFO | Found latest version of tr87: tr87-cd924810 (downloaded: 2026-06-08 07:25:23.848054+00:00)
2026-08-01 13:00:46 | INFO | Found latest version of tr87: tr87-cd924810 (downloaded: 2026-06-08 07:25:23.848054+00:00)
2026-08-01 13:00:46 | INFO | Found latest version of tr87: tr87-cd924810 (downloaded: 2026-06-08 07:25:23.848054+00:00)
2026-08-01 13:00:46 | INFO | Found latest version of tr87: tr87-cd924810 (downloaded: 2026-06-08 07:25:23.848054+00:00)
2026-08-01 13:00:46 | INFO | Found latest version of tr87: tr87-cd924810 (downloaded: 2026-06-08 07:25:23.848054+00:00)
2026-08-01 13:00:46 | INFO | Found latest version of tr87: tr87-cd924810 (downloaded: 2026-06-08 07:25:23.848054+00:00)
2026-08-01 13:00:46 | INFO | Found latest version of tr87: tr87-cd924810 (downloaded: 2026-06-08 07:25:23.848054+00:00)
2026-08-01 13:00:46 | INFO | Found latest version of tr87: tr87-cd924810 (downloaded: 2026-06-08 07:25:23.848054+00:00)
2026-08-01 13:00:49 | INFO | Found latest version of tr87: tr87-cd924810 (downloaded: 2026-06-08 07:25:23.848054+00:00)
2026-08-01 13:00:50 | INFO | Found latest version of tr87: tr87-cd924810 (downloaded: 2026-06-08 07:25:23.848054+00:00)
2026-08-01 13:00:50 | INFO | Found latest version of tr87: tr87-cd924810 (downloaded: 2026-06-08 07:25:23.848054+00:00)
2026-08-01 13:00:50 | INFO | Found latest version of tr87: tr87-cd924810 (downloaded: 2026-06-08 07:25:23.848054+00:00)
2026-08-01 13:00:50 | INFO | Found latest version of tr87: tr87-cd924810 (downloaded: 2026-06-08 07:25:23.848054+00:00)
2026-08-01 13:00:50 | INFO | Found latest version of tr87: tr87-cd924810 (downloaded: 2026-06-08 07:25:23.848054+00:00)
2026-08-01 13:00:50 | INFO | Found latest version of tr87: tr87-cd924810 (downloaded: 2026-06-08 07:25:23.848054+00:00)
2026-08-01 13:00:50 | INFO | Found latest version of tr87: tr87-cd924810 (downloaded: 2026-06-08 07:25:23.848054+00:00)
2026-08-01 13:00:50 | INFO | Found latest version of tr87: tr87-cd924810 (downloaded: 2026-06-08 07:25:23.848054+00:00)
2026-08-01 13:00:50 | INFO | Found latest version of tr87: tr87-cd924810 (downloaded: 2026-06-08 07:25:23.848054+00:00)
2026-08-01 13:00:50 | INFO | Found latest version of tr87: tr87-cd924810 (downloaded: 2026-06-08 07:25:23.848054+00:00)
2026-08-01 13:00:50 | INFO | Found latest version of tr87: tr87-cd924810 (downloaded: 2026-06-08 07:25:23.848054+00:00)
2026-08-01 13:00:50 | INFO | Found latest version of tr87: tr87-cd924810 (downloaded: 2026-06-08 07:25:23.848054+00:00)
2026-08-01 13:00:50 | INFO | Found latest version of tr87: tr87-cd924810 (downloaded: 2026-06-08 07:25:23.848054+00:00)
2026-08-01 13:00:50 | INFO | Found latest version of tr87: tr87-cd924810 (downloaded: 2026-06-08 07:25:23.848054+00:00)
2026-08-01 13:00:50 | INFO | Found latest version of tr87: tr87-cd924810 (downloaded: 2026-06-08 07:25:23.848054+00:00)
2026-08-01 13:00:50 | INFO | Found latest version of tr87: tr87-cd924810 (downloaded: 2026-06-08 07:25:23.848054+00:00)
2026-08-01 13:00:50 | INFO | Found latest version of tr87: tr87-cd924810 (downloaded: 2026-06-08 07:25:23.848054+00:00)
2026-08-01 13:00:50 | INFO | Found latest version of tr87: tr87-cd924810 (downloaded: 2026-06-08 07:25:23.848054+00:00)
2026-08-01 13:00:50 | INFO | Found latest version of tr87: tr87-cd924810 (downloaded: 2026-06-08 07:25:23.848054+00:00)
2026-08-01 13:00:50 | INFO | Found latest version of tr87: tr87-cd924810 (downloaded: 2026-06-08 07:25:23.848054+00:00)
2026-08-01 13:00:50 | INFO | Found latest version of tr87: tr87-cd924810 (downloaded: 2026-06-08 07:25:23.848054+00:00)
2026-08-01 13:00:50 | INFO | Found latest version of tr87: tr87-cd924810 (downloaded: 2026-06-08 07:25:23.848054+00:00)
2026-08-01 13:00:50 | INFO | Found latest version of tr87: tr87-cd924810 (downloaded: 2026-06-08 07:25:23.848054+00:00)
2026-08-01 13:00:50 | INFO | Found latest version of tr87: tr87-cd924810 (downloaded: 2026-06-08 07:25:23.848054+00:00)
2026-08-01 13:00:50 | INFO | Found latest version of tr87: tr87-cd924810 (downloaded: 2026-06-08 07:25:23.848054+00:00)
2026-08-01 13:00:50 | INFO | Found latest version of tr87: tr87-cd924810 (downloaded: 2026-06-08 07:25:23.848054+00:00)
2026-08-01 13:00:50 | INFO | Found latest version of tr87: tr87-cd924810 (downloaded: 2026-06-08 07:25:23.848054+00:00)
2026-08-01 13:00:50 | INFO | Found latest version of tr87: tr87-cd924810 (downloaded: 2026-06-08 07:25:23.848054+00:00)
2026-08-01 13:00:50 | INFO | Found latest version of tr87: tr87-cd924810 (downloaded: 2026-06-08 07:25:23.848054+00:00)
2026-08-01 13:00:50 | INFO | Found latest version of tr87: tr87-cd924810 (downloaded: 2026-06-08 07:25:23.848054+00:00)
2026-08-01 13:00:50 | INFO | Found latest version of tr87: tr87-cd924810 (downloaded: 2026-06-08 07:25:23.848054+00:00)
2026-08-01 13:00:50 | INFO | Found latest version of tr87: tr87-cd924810 (downloaded: 2026-06-08 07:25:23.848054+00:00)
2026-08-01 13:00:50 | INFO | Found latest version of tr87: tr87-cd924810 (downloaded: 2026-06-08 07:25:23.848054+00:00)
2026-08-01 13:00:50 | INFO | Found latest version of tr87: tr87-cd924810 (downloaded: 2026-06-08 07:25:23.848054+00:00)
2026-08-01 13:00:50 | INFO | Found latest version of tr87: tr87-cd924810 (downloaded: 2026-06-08 07:25:23.848054+00:00)
2026-08-01 13:00:50 | INFO | Found latest version of tr87: tr87-cd924810 (downloaded: 2026-06-08 07:25:23.848054+00:00)
2026-08-01 13:00:50 | INFO | Found latest version of tr87: tr87-cd924810 (downloaded: 2026-06-08 07:25:23.848054+00:00)
2026-08-01 13:00:50 | INFO | Found latest version of tr87: tr87-cd924810 (downloaded: 2026-06-08 07:25:23.848054+00:00)
2026-08-01 13:00:50 | INFO | Found latest version of tr87: tr87-cd924810 (downloaded: 2026-06-08 07:25:23.848054+00:00)
2026-08-01 13:00:50 | INFO | Found latest version of tr87: tr87-cd924810 (downloaded: 2026-06-08 07:25:23.848054+00:00)
2026-08-01 13:00:50 | INFO | Found latest version of tr87: tr87-cd924810 (downloaded: 2026-06-08 07:25:23.848054+00:00)
2026-08-01 13:00:50 | INFO | Found latest version of tr87: tr87-cd924810 (downloaded: 2026-06-08 07:25:23.848054+00:00)
2026-08-01 13:00:50 | INFO | Found latest version of tr87: tr87-cd924810 (downloaded: 2026-06-08 07:25:23.848054+00:00)
2026-08-01 13:00:50 | INFO | Found latest version of tr87: tr87-cd924810 (downloaded: 2026-06-08 07:25:23.848054+00:00)
2026-08-01 13:00:50 | INFO | Found latest version of tr87: tr87-cd924810 (downloaded: 2026-06-08 07:25:23.848054+00:00)
2026-08-01 13:00:50 | INFO | Found latest version of tr87: tr87-cd924810 (downloaded: 2026-06-08 07:25:23.848054+00:00)
2026-08-01 13:00:50 | INFO | Found latest version of tr87: tr87-cd924810 (downloaded: 2026-06-08 07:25:23.848054+00:00)
2026-08-01 13:00:50 | INFO | Found latest version of tr87: tr87-cd924810 (downloaded: 2026-06-08 07:25:23.848054+00:00)
2026-08-01 13:00:50 | INFO | Found latest version of tr87: tr87-cd924810 (downloaded: 2026-06-08 07:25:23.848054+00:00)
2026-08-01 13:00:50 | INFO | Found latest version of tr87: tr87-cd924810 (downloaded: 2026-06-08 07:25:23.848054+00:00)
2026-08-01 13:00:50 | INFO | Found latest version of tr87: tr87-cd924810 (downloaded: 2026-06-08 07:25:23.848054+00:00)
2026-08-01 13:00:50 | INFO | Found latest version of tr87: tr87-cd924810 (downloaded: 2026-06-08 07:25:23.848054+00:00)
2026-08-01 13:00:50 | INFO | Found latest version of tr87: tr87-cd924810 (downloaded: 2026-06-08 07:25:23.848054+00:00)
2026-08-01 13:00:50 | INFO | Found latest version of tr87: tr87-cd924810 (downloaded: 2026-06-08 07:25:23.848054+00:00)
2026-08-01 13:00:50 | INFO | Found latest version of tr87: tr87-cd924810 (downloaded: 2026-06-08 07:25:23.848054+00:00)
2026-08-01 13:00:50 | INFO | Found latest version of tr87: tr87-cd924810 (downloaded: 2026-06-08 07:25:23.848054+00:00)
2026-08-01 13:00:50 | INFO | Found latest version of tr87: tr87-cd924810 (downloaded: 2026-06-08 07:25:23.848054+00:00)
2026-08-01 13:00:50 | INFO | Found latest version of tr87: tr87-cd924810 (downloaded: 2026-06-08 07:25:23.848054+00:00)
2026-08-01 13:00:50 | INFO | Found latest version of tr87: tr87-cd924810 (downloaded: 2026-06-08 07:25:23.848054+00:00)
2026-08-01 13:00:50 | INFO | Found latest version of tr87: tr87-cd924810 (downloaded: 2026-06-08 07:25:23.848054+00:00)
2026-08-01 13:00:50 | INFO | Found latest version of tr87: tr87-cd924810 (downloaded: 2026-06-08 07:25:23.848054+00:00)
2026-08-01 13:00:50 | INFO | Found latest version of tr87: tr87-cd924810 (downloaded: 2026-06-08 07:25:23.848054+00:00)
2026-08-01 13:00:53 | INFO | Found latest version of tr87: tr87-cd924810 (downloaded: 2026-06-08 07:25:23.848054+00:00)
2026-08-01 13:00:53 | INFO | Found latest version of tr87: tr87-cd924810 (downloaded: 2026-06-08 07:25:23.848054+00:00)
2026-08-01 13:00:53 | INFO | Found latest version of tr87: tr87-cd924810 (downloaded: 2026-06-08 07:25:23.848054+00:00)
2026-08-01 13:00:53 | INFO | Found latest version of tr87: tr87-cd924810 (downloaded: 2026-06-08 07:25:23.848054+00:00)
2026-08-01 13:00:53 | INFO | Found latest version of tr87: tr87-cd924810 (downloaded: 2026-06-08 07:25:23.848054+00:00)
2026-08-01 13:00:53 | INFO | Found latest version of tr87: tr87-cd924810 (downloaded: 2026-06-08 07:25:23.848054+00:00)
2026-08-01 13:00:53 | INFO | Found latest version of tr87: tr87-cd924810 (downloaded: 2026-06-08 07:25:23.848054+00:00)
2026-08-01 13:00:53 | INFO | Found latest version of tr87: tr87-cd924810 (downloaded: 2026-06-08 07:25:23.848054+00:00)
2026-08-01 13:00:53 | INFO | Found latest version of tr87: tr87-cd924810 (downloaded: 2026-06-08 07:25:23.848054+00:00)
2026-08-01 13:00:53 | INFO | Found latest version of tr87: tr87-cd924810 (downloaded: 2026-06-08 07:25:23.848054+00:00)
2026-08-01 13:00:53 | INFO | Found latest version of tr87: tr87-cd924810 (downloaded: 2026-06-08 07:25:23.848054+00:00)
2026-08-01 13:00:53 | INFO | Found latest version of tr87: tr87-cd924810 (downloaded: 2026-06-08 07:25:23.848054+00:00)
2026-08-01 13:00:53 | INFO | Found latest version of tr87: tr87-cd924810 (downloaded: 2026-06-08 07:25:23.848054+00:00)
2026-08-01 13:00:53 | INFO | Found latest version of tr87: tr87-cd924810 (downloaded: 2026-06-08 07:25:23.848054+00:00)
2026-08-01 13:00:53 | INFO | Found latest version of tr87: tr87-cd924810 (downloaded: 2026-06-08 07:25:23.848054+00:00)
2026-08-01 13:00:53 | INFO | Found latest version of tr87: tr87-cd924810 (downloaded: 2026-06-08 07:25:23.848054+00:00)
2026-08-01 13:00:53 | INFO | Found latest version of tr87: tr87-cd924810 (downloaded: 2026-06-08 07:25:23.848054+00:00)
2026-08-01 13:00:53 | INFO | Found latest version of tr87: tr87-cd924810 (downloaded: 2026-06-08 07:25:23.848054+00:00)
2026-08-01 13:00:53 | INFO | Found latest version of tr87: tr87-cd924810 (downloaded: 2026-06-08 07:25:23.848054+00:00)
2026-08-01 13:00:53 | INFO | Found latest version of tr87: tr87-cd924810 (downloaded: 2026-06-08 07:25:23.848054+00:00)
2026-08-01 13:00:53 | INFO | Found latest version of tr87: tr87-cd924810 (downloaded: 2026-06-08 07:25:23.848054+00:00)
2026-08-01 13:00:53 | INFO | Found latest version of tr87: tr87-cd924810 (downloaded: 2026-06-08 07:25:23.848054+00:00)
2026-08-01 13:00:53 | INFO | Found latest version of tr87: tr87-cd924810 (downloaded: 2026-06-08 07:25:23.848054+00:00)
2026-08-01 13:00:53 | INFO | Found latest version of tr87: tr87-cd924810 (downloaded: 2026-06-08 07:25:23.848054+00:00)
2026-08-01 13:00:53 | INFO | Found latest version of tr87: tr87-cd924810 (downloaded: 2026-06-08 07:25:23.848054+00:00)
2026-08-01 13:00:53 | INFO | Found latest version of tr87: tr87-cd924810 (downloaded: 2026-06-08 07:25:23.848054+00:00)
2026-08-01 13:00:54 | INFO | Found latest version of tr87: tr87-cd924810 (downloaded: 2026-06-08 07:25:23.848054+00:00)
2026-08-01 13:00:54 | INFO | Found latest version of tr87: tr87-cd924810 (downloaded: 2026-06-08 07:25:23.848054+00:00)
2026-08-01 13:00:54 | INFO | Found latest version of tr87: tr87-cd924810 (downloaded: 2026-06-08 07:25:23.848054+00:00)
2026-08-01 13:00:54 | INFO | Found latest version of tr87: tr87-cd924810 (downloaded: 2026-06-08 07:25:23.848054+00:00)
2026-08-01 13:00:54 | INFO | Found latest version of tr87: tr87-cd924810 (downloaded: 2026-06-08 07:25:23.848054+00:00)
2026-08-01 13:00:54 | INFO | Found latest version of tr87: tr87-cd924810 (downloaded: 2026-06-08 07:25:23.848054+00:00)
2026-08-01 13:00:54 | INFO | Found latest version of tr87: tr87-cd924810 (downloaded: 2026-06-08 07:25:23.848054+00:00)
2026-08-01 13:00:54 | INFO | Found latest version of tr87: tr87-cd924810 (downloaded: 2026-06-08 07:25:23.848054+00:00)
2026-08-01 13:00:54 | INFO | Found latest version of tr87: tr87-cd924810 (downloaded: 2026-06-08 07:25:23.848054+00:00)
2026-08-01 13:00:54 | INFO | Found latest version of tr87: tr87-cd924810 (downloaded: 2026-06-08 07:25:23.848054+00:00)
2026-08-01 13:00:54 | INFO | Found latest version of tr87: tr87-cd924810 (downloaded: 2026-06-08 07:25:23.848054+00:00)
2026-08-01 13:00:54 | INFO | Found latest version of tr87: tr87-cd924810 (downloaded: 2026-06-08 07:25:23.848054+00:00)
2026-08-01 13:00:54 | INFO | Found latest version of tr87: tr87-cd924810 (downloaded: 2026-06-08 07:25:23.848054+00:00)
2026-08-01 13:00:54 | INFO | Found latest version of tr87: tr87-cd924810 (downloaded: 2026-06-08 07:25:23.848054+00:00)
2026-08-01 13:00:54 | INFO | Found latest version of tr87: tr87-cd924810 (downloaded: 2026-06-08 07:25:23.848054+00:00)
2026-08-01 13:00:54 | INFO | Found latest version of tr87: tr87-cd924810 (downloaded: 2026-06-08 07:25:23.848054+00:00)
2026-08-01 13:00:54 | INFO | Found latest version of tr87: tr87-cd924810 (downloaded: 2026-06-08 07:25:23.848054+00:00)
2026-08-01 13:00:54 | INFO | Found latest version of tr87: tr87-cd924810 (downloaded: 2026-06-08 07:25:23.848054+00:00)
2026-08-01 13:00:54 | INFO | Found latest version of tr87: tr87-cd924810 (downloaded: 2026-06-08 07:25:23.848054+00:00)
2026-08-01 13:00:54 | INFO | Found latest version of tr87: tr87-cd924810 (downloaded: 2026-06-08 07:25:23.848054+00:00)
2026-08-01 13:00:54 | INFO | Found latest version of tr87: tr87-cd924810 (downloaded: 2026-06-08 07:25:23.848054+00:00)
2026-08-01 13:00:54 | INFO | Found latest version of tr87: tr87-cd924810 (downloaded: 2026-06-08 07:25:23.848054+00:00)
2026-08-01 13:00:54 | INFO | Found latest version of tr87: tr87-cd924810 (downloaded: 2026-06-08 07:25:23.848054+00:00)
2026-08-01 13:00:54 | INFO | Found latest version of tr87: tr87-cd924810 (downloaded: 2026-06-08 07:25:23.848054+00:00)
2026-08-01 13:00:54 | INFO | Found latest version of tr87: tr87-cd924810 (downloaded: 2026-06-08 07:25:23.848054+00:00)
2026-08-01 13:00:54 | INFO | Found latest version of tr87: tr87-cd924810 (downloaded: 2026-06-08 07:25:23.848054+00:00)
2026-08-01 13:00:54 | INFO | Found latest version of tr87: tr87-cd924810 (downloaded: 2026-06-08 07:25:23.848054+00:00)
2026-08-01 13:00:54 | INFO | Found latest version of tr87: tr87-cd924810 (downloaded: 2026-06-08 07:25:23.848054+00:00)
2026-08-01 13:00:54 | INFO | Found latest version of tr87: tr87-cd924810 (downloaded: 2026-06-08 07:25:23.848054+00:00)
2026-08-01 13:00:54 | INFO | Found latest version of tr87: tr87-cd924810 (downloaded: 2026-06-08 07:25:23.848054+00:00)
2026-08-01 13:00:54 | INFO | Found latest version of tr87: tr87-cd924810 (downloaded: 2026-06-08 07:25:23.848054+00:00)
2026-08-01 13:00:54 | INFO | Found latest version of tr87: tr87-cd924810 (downloaded: 2026-06-08 07:25:23.848054+00:00)
2026-08-01 13:00:54 | INFO | Found latest version of tr87: tr87-cd924810 (downloaded: 2026-06-08 07:25:23.848054+00:00)
2026-08-01 13:00:54 | INFO | Found latest version of tr87: tr87-cd924810 (downloaded: 2026-06-08 07:25:23.848054+00:00)
2026-08-01 13:00:54 | INFO | Found latest version of tr87: tr87-cd924810 (downloaded: 2026-06-08 07:25:23.848054+00:00)
2026-08-01 13:00:54 | INFO | Found latest version of tr87: tr87-cd924810 (downloaded: 2026-06-08 07:25:23.848054+00:00)
2026-08-01 13:00:57 | INFO | Found latest version of tr87: tr87-cd924810 (downloaded: 2026-06-08 07:25:23.848054+00:00)
2026-08-01 13:00:57 | INFO | Found latest version of tr87: tr87-cd924810 (downloaded: 2026-06-08 07:25:23.848054+00:00)
2026-08-01 13:00:57 | INFO | Found latest version of tr87: tr87-cd924810 (downloaded: 2026-06-08 07:25:23.848054+00:00)
2026-08-01 13:00:57 | INFO | Found latest version of tr87: tr87-cd924810 (downloaded: 2026-06-08 07:25:23.848054+00:00)
2026-08-01 13:00:57 | INFO | Found latest version of tr87: tr87-cd924810 (downloaded: 2026-06-08 07:25:23.848054+00:00)
2026-08-01 13:00:57 | INFO | Found latest version of tr87: tr87-cd924810 (downloaded: 2026-06-08 07:25:23.848054+00:00)
2026-08-01 13:00:57 | INFO | Found latest version of tr87: tr87-cd924810 (downloaded: 2026-06-08 07:25:23.848054+00:00)
2026-08-01 13:00:57 | INFO | Found latest version of tr87: tr87-cd924810 (downloaded: 2026-06-08 07:25:23.848054+00:00)
2026-08-01 13:00:57 | INFO | Found latest version of tr87: tr87-cd924810 (downloaded: 2026-06-08 07:25:23.848054+00:00)
2026-08-01 13:00:57 | INFO | Found latest version of tr87: tr87-cd924810 (downloaded: 2026-06-08 07:25:23.848054+00:00)
2026-08-01 13:00:57 | INFO | Found latest version of tr87: tr87-cd924810 (downloaded: 2026-06-08 07:25:23.848054+00:00)
2026-08-01 13:00:57 | INFO | Found latest version of tr87: tr87-cd924810 (downloaded: 2026-06-08 07:25:23.848054+00:00)
2026-08-01 13:00:57 | INFO | Found latest version of tr87: tr87-cd924810 (downloaded: 2026-06-08 07:25:23.848054+00:00)
2026-08-01 13:00:57 | INFO | Found latest version of tr87: tr87-cd924810 (downloaded: 2026-06-08 07:25:23.848054+00:00)
2026-08-01 13:00:57 | INFO | Found latest version of tr87: tr87-cd924810 (downloaded: 2026-06-08 07:25:23.848054+00:00)
2026-08-01 13:00:57 | INFO | Found latest version of tr87: tr87-cd924810 (downloaded: 2026-06-08 07:25:23.848054+00:00)
2026-08-01 13:00:57 | INFO | Found latest version of tr87: tr87-cd924810 (downloaded: 2026-06-08 07:25:23.848054+00:00)
2026-08-01 13:00:57 | INFO | Found latest version of tr87: tr87-cd924810 (downloaded: 2026-06-08 07:25:23.848054+00:00)
2026-08-01 13:00:57 | INFO | Found latest version of tr87: tr87-cd924810 (downloaded: 2026-06-08 07:25:23.848054+00:00)
2026-08-01 13:00:57 | INFO | Found latest version of tr87: tr87-cd924810 (downloaded: 2026-06-08 07:25:23.848054+00:00)
2026-08-01 13:00:57 | INFO | Found latest version of tr87: tr87-cd924810 (downloaded: 2026-06-08 07:25:23.848054+00:00)
2026-08-01 13:00:57 | INFO | Found latest version of tr87: tr87-cd924810 (downloaded: 2026-06-08 07:25:23.848054+00:00)
2026-08-01 13:00:57 | INFO | Found latest version of tr87: tr87-cd924810 (downloaded: 2026-06-08 07:25:23.848054+00:00)
2026-08-01 13:00:57 | INFO | Found latest version of tr87: tr87-cd924810 (downloaded: 2026-06-08 07:25:23.848054+00:00)
2026-08-01 13:00:57 | INFO | Found latest version of tr87: tr87-cd924810 (downloaded: 2026-06-08 07:25:23.848054+00:00)
2026-08-01 13:00:57 | INFO | Found latest version of tr87: tr87-cd924810 (downloaded: 2026-06-08 07:25:23.848054+00:00)
2026-08-01 13:00:57 | INFO | Found latest version of tr87: tr87-cd924810 (downloaded: 2026-06-08 07:25:23.848054+00:00)
2026-08-01 13:00:57 | INFO | Found latest version of tr87: tr87-cd924810 (downloaded: 2026-06-08 07:25:23.848054+00:00)
2026-08-01 13:00:57 | INFO | Found latest version of tr87: tr87-cd924810 (downloaded: 2026-06-08 07:25:23.848054+00:00)
2026-08-01 13:00:57 | INFO | Found latest version of tr87: tr87-cd924810 (downloaded: 2026-06-08 07:25:23.848054+00:00)
2026-08-01 13:00:57 | INFO | Found latest version of tr87: tr87-cd924810 (downloaded: 2026-06-08 07:25:23.848054+00:00)
2026-08-01 13:00:57 | INFO | Found latest version of tr87: tr87-cd924810 (downloaded: 2026-06-08 07:25:23.848054+00:00)
2026-08-01 13:00:57 | INFO | Found latest version of tr87: tr87-cd924810 (downloaded: 2026-06-08 07:25:23.848054+00:00)
2026-08-01 13:00:57 | INFO | Found latest version of tr87: tr87-cd924810 (downloaded: 2026-06-08 07:25:23.848054+00:00)
2026-08-01 13:00:57 | INFO | Found latest version of tr87: tr87-cd924810 (downloaded: 2026-06-08 07:25:23.848054+00:00)
2026-08-01 13:00:57 | INFO | Found latest version of tr87: tr87-cd924810 (downloaded: 2026-06-08 07:25:23.848054+00:00)
2026-08-01 13:00:57 | INFO | Found latest version of tr87: tr87-cd924810 (downloaded: 2026-06-08 07:25:23.848054+00:00)
2026-08-01 13:00:57 | INFO | Found latest version of tr87: tr87-cd924810 (downloaded: 2026-06-08 07:25:23.848054+00:00)
2026-08-01 13:00:57 | INFO | Found latest version of tr87: tr87-cd924810 (downloaded: 2026-06-08 07:25:23.848054+00:00)
2026-08-01 13:00:57 | INFO | Found latest version of tr87: tr87-cd924810 (downloaded: 2026-06-08 07:25:23.848054+00:00)
2026-08-01 13:00:57 | INFO | Found latest version of tr87: tr87-cd924810 (downloaded: 2026-06-08 07:25:23.848054+00:00)
2026-08-01 13:00:57 | INFO | Found latest version of tr87: tr87-cd924810 (downloaded: 2026-06-08 07:25:23.848054+00:00)
2026-08-01 13:00:57 | INFO | Found latest version of tr87: tr87-cd924810 (downloaded: 2026-06-08 07:25:23.848054+00:00)
2026-08-01 13:00:57 | INFO | Found latest version of tr87: tr87-cd924810 (downloaded: 2026-06-08 07:25:23.848054+00:00)
2026-08-01 13:00:57 | INFO | Found latest version of tr87: tr87-cd924810 (downloaded: 2026-06-08 07:25:23.848054+00:00)
2026-08-01 13:00:58 | INFO | Found latest version of tr87: tr87-cd924810 (downloaded: 2026-06-08 07:25:23.848054+00:00)
2026-08-01 13:00:58 | INFO | Found latest version of tr87: tr87-cd924810 (downloaded: 2026-06-08 07:25:23.848054+00:00)
2026-08-01 13:00:58 | INFO | Found latest version of tr87: tr87-cd924810 (downloaded: 2026-06-08 07:25:23.848054+00:00)
2026-08-01 13:00:58 | INFO | Found latest version of tr87: tr87-cd924810 (downloaded: 2026-06-08 07:25:23.848054+00:00)
2026-08-01 13:00:58 | INFO | Found latest version of tr87: tr87-cd924810 (downloaded: 2026-06-08 07:25:23.848054+00:00)
2026-08-01 13:00:58 | INFO | Found latest version of tr87: tr87-cd924810 (downloaded: 2026-06-08 07:25:23.848054+00:00)
2026-08-01 13:00:58 | INFO | Found latest version of tr87: tr87-cd924810 (downloaded: 2026-06-08 07:25:23.848054+00:00)
2026-08-01 13:00:58 | INFO | Found latest version of tr87: tr87-cd924810 (downloaded: 2026-06-08 07:25:23.848054+00:00)
2026-08-01 13:00:58 | INFO | Found latest version of tr87: tr87-cd924810 (downloaded: 2026-06-08 07:25:23.848054+00:00)
2026-08-01 13:00:58 | INFO | Found latest version of tr87: tr87-cd924810 (downloaded: 2026-06-08 07:25:23.848054+00:00)
2026-08-01 13:00:58 | INFO | Found latest version of tr87: tr87-cd924810 (downloaded: 2026-06-08 07:25:23.848054+00:00)
2026-08-01 13:00:58 | INFO | Found latest version of tr87: tr87-cd924810 (downloaded: 2026-06-08 07:25:23.848054+00:00)
2026-08-01 13:00:58 | INFO | Found latest version of tr87: tr87-cd924810 (downloaded: 2026-06-08 07:25:23.848054+00:00)
2026-08-01 13:00:58 | INFO | Found latest version of tr87: tr87-cd924810 (downloaded: 2026-06-08 07:25:23.848054+00:00)
2026-08-01 13:00:58 | INFO | Found latest version of tr87: tr87-cd924810 (downloaded: 2026-06-08 07:25:23.848054+00:00)
2026-08-01 13:00:58 | INFO | Found latest version of tr87: tr87-cd924810 (downloaded: 2026-06-08 07:25:23.848054+00:00)
2026-08-01 13:00:58 | INFO | Found latest version of tr87: tr87-cd924810 (downloaded: 2026-06-08 07:25:23.848054+00:00)
2026-08-01 13:00:58 | INFO | Found latest version of tr87: tr87-cd924810 (downloaded: 2026-06-08 07:25:23.848054+00:00)
2026-08-01 13:01:01 | INFO | Found latest version of tr87: tr87-cd924810 (downloaded: 2026-06-08 07:25:23.848054+00:00)
2026-08-01 13:01:01 | INFO | Found latest version of tr87: tr87-cd924810 (downloaded: 2026-06-08 07:25:23.848054+00:00)
2026-08-01 13:01:01 | INFO | Found latest version of tr87: tr87-cd924810 (downloaded: 2026-06-08 07:25:23.848054+00:00)
2026-08-01 13:01:01 | INFO | Found latest version of tr87: tr87-cd924810 (downloaded: 2026-06-08 07:25:23.848054+00:00)
2026-08-01 13:01:01 | INFO | Found latest version of tr87: tr87-cd924810 (downloaded: 2026-06-08 07:25:23.848054+00:00)
2026-08-01 13:01:01 | INFO | Found latest version of tr87: tr87-cd924810 (downloaded: 2026-06-08 07:25:23.848054+00:00)
2026-08-01 13:01:01 | INFO | Found latest version of tr87: tr87-cd924810 (downloaded: 2026-06-08 07:25:23.848054+00:00)
2026-08-01 13:01:01 | INFO | Found latest version of tr87: tr87-cd924810 (downloaded: 2026-06-08 07:25:23.848054+00:00)
2026-08-01 13:01:01 | INFO | Found latest version of tr87: tr87-cd924810 (downloaded: 2026-06-08 07:25:23.848054+00:00)
2026-08-01 13:01:01 | INFO | Found latest version of tr87: tr87-cd924810 (downloaded: 2026-06-08 07:25:23.848054+00:00)
2026-08-01 13:01:01 | INFO | Found latest version of tr87: tr87-cd924810 (downloaded: 2026-06-08 07:25:23.848054+00:00)
2026-08-01 13:01:01 | INFO | Found latest version of tr87: tr87-cd924810 (downloaded: 2026-06-08 07:25:23.848054+00:00)
2026-08-01 13:01:01 | INFO | Found latest version of tr87: tr87-cd924810 (downloaded: 2026-06-08 07:25:23.848054+00:00)
2026-08-01 13:01:01 | INFO | Found latest version of tr87: tr87-cd924810 (downloaded: 2026-06-08 07:25:23.848054+00:00)
2026-08-01 13:01:01 | INFO | Found latest version of tr87: tr87-cd924810 (downloaded: 2026-06-08 07:25:23.848054+00:00)
2026-08-01 13:01:01 | INFO | Found latest version of tr87: tr87-cd924810 (downloaded: 2026-06-08 07:25:23.848054+00:00)
2026-08-01 13:01:01 | INFO | Found latest version of tr87: tr87-cd924810 (downloaded: 2026-06-08 07:25:23.848054+00:00)
2026-08-01 13:01:01 | INFO | Found latest version of tr87: tr87-cd924810 (downloaded: 2026-06-08 07:25:23.848054+00:00)
2026-08-01 13:01:01 | INFO | Found latest version of tr87: tr87-cd924810 (downloaded: 2026-06-08 07:25:23.848054+00:00)
2026-08-01 13:01:01 | INFO | Found latest version of tr87: tr87-cd924810 (downloaded: 2026-06-08 07:25:23.848054+00:00)
2026-08-01 13:01:01 | INFO | Found latest version of tr87: tr87-cd924810 (downloaded: 2026-06-08 07:25:23.848054+00:00)
2026-08-01 13:01:01 | INFO | Found latest version of tr87: tr87-cd924810 (downloaded: 2026-06-08 07:25:23.848054+00:00)
2026-08-01 13:01:01 | INFO | Found latest version of tr87: tr87-cd924810 (downloaded: 2026-06-08 07:25:23.848054+00:00)
2026-08-01 13:01:01 | INFO | Found latest version of tr87: tr87-cd924810 (downloaded: 2026-06-08 07:25:23.848054+00:00)
2026-08-01 13:01:01 | INFO | Found latest version of tr87: tr87-cd924810 (downloaded: 2026-06-08 07:25:23.848054+00:00)
2026-08-01 13:01:01 | INFO | Found latest version of tr87: tr87-cd924810 (downloaded: 2026-06-08 07:25:23.848054+00:00)
2026-08-01 13:01:01 | INFO | Found latest version of tr87: tr87-cd924810 (downloaded: 2026-06-08 07:25:23.848054+00:00)
2026-08-01 13:01:01 | INFO | Found latest version of tr87: tr87-cd924810 (downloaded: 2026-06-08 07:25:23.848054+00:00)
2026-08-01 13:01:01 | INFO | Found latest version of tr87: tr87-cd924810 (downloaded: 2026-06-08 07:25:23.848054+00:00)
2026-08-01 13:01:01 | INFO | Found latest version of tr87: tr87-cd924810 (downloaded: 2026-06-08 07:25:23.848054+00:00)
2026-08-01 13:01:01 | INFO | Found latest version of tr87: tr87-cd924810 (downloaded: 2026-06-08 07:25:23.848054+00:00)
2026-08-01 13:01:01 | INFO | Found latest version of tr87: tr87-cd924810 (downloaded: 2026-06-08 07:25:23.848054+00:00)
2026-08-01 13:01:01 | INFO | Found latest version of tr87: tr87-cd924810 (downloaded: 2026-06-08 07:25:23.848054+00:00)
2026-08-01 13:01:01 | INFO | Found latest version of tr87: tr87-cd924810 (downloaded: 2026-06-08 07:25:23.848054+00:00)
2026-08-01 13:01:01 | INFO | Found latest version of tr87: tr87-cd924810 (downloaded: 2026-06-08 07:25:23.848054+00:00)
2026-08-01 13:01:01 | INFO | Found latest version of tr87: tr87-cd924810 (downloaded: 2026-06-08 07:25:23.848054+00:00)
2026-08-01 13:01:01 | INFO | Found latest version of tr87: tr87-cd924810 (downloaded: 2026-06-08 07:25:23.848054+00:00)
2026-08-01 13:01:01 | INFO | Found latest version of tr87: tr87-cd924810 (downloaded: 2026-06-08 07:25:23.848054+00:00)
2026-08-01 13:01:01 | INFO | Found latest version of tr87: tr87-cd924810 (downloaded: 2026-06-08 07:25:23.848054+00:00)
2026-08-01 13:01:01 | INFO | Found latest version of tr87: tr87-cd924810 (downloaded: 2026-06-08 07:25:23.848054+00:00)
2026-08-01 13:01:01 | INFO | Found latest version of tr87: tr87-cd924810 (downloaded: 2026-06-08 07:25:23.848054+00:00)
2026-08-01 13:01:01 | INFO | Found latest version of tr87: tr87-cd924810 (downloaded: 2026-06-08 07:25:23.848054+00:00)
2026-08-01 13:01:01 | INFO | Found latest version of tr87: tr87-cd924810 (downloaded: 2026-06-08 07:25:23.848054+00:00)
2026-08-01 13:01:01 | INFO | Found latest version of tr87: tr87-cd924810 (downloaded: 2026-06-08 07:25:23.848054+00:00)
2026-08-01 13:01:01 | INFO | Found latest version of tr87: tr87-cd924810 (downloaded: 2026-06-08 07:25:23.848054+00:00)
2026-08-01 13:01:01 | INFO | Found latest version of tr87: tr87-cd924810 (downloaded: 2026-06-08 07:25:23.848054+00:00)
2026-08-01 13:01:01 | INFO | Found latest version of tr87: tr87-cd924810 (downloaded: 2026-06-08 07:25:23.848054+00:00)
2026-08-01 13:01:01 | INFO | Found latest version of tr87: tr87-cd924810 (downloaded: 2026-06-08 07:25:23.848054+00:00)
2026-08-01 13:01:01 | INFO | Found latest version of tr87: tr87-cd924810 (downloaded: 2026-06-08 07:25:23.848054+00:00)
2026-08-01 13:01:01 | INFO | Found latest version of tr87: tr87-cd924810 (downloaded: 2026-06-08 07:25:23.848054+00:00)
2026-08-01 13:01:01 | INFO | Found latest version of tr87: tr87-cd924810 (downloaded: 2026-06-08 07:25:23.848054+00:00)
2026-08-01 13:01:01 | INFO | Found latest version of tr87: tr87-cd924810 (downloaded: 2026-06-08 07:25:23.848054+00:00)
2026-08-01 13:01:01 | INFO | Found latest version of tr87: tr87-cd924810 (downloaded: 2026-06-08 07:25:23.848054+00:00)
2026-08-01 13:01:01 | INFO | Found latest version of tr87: tr87-cd924810 (downloaded: 2026-06-08 07:25:23.848054+00:00)
2026-08-01 13:01:02 | INFO | Found latest version of tr87: tr87-cd924810 (downloaded: 2026-06-08 07:25:23.848054+00:00)
2026-08-01 13:01:02 | INFO | Found latest version of tr87: tr87-cd924810 (downloaded: 2026-06-08 07:25:23.848054+00:00)
2026-08-01 13:01:02 | INFO | Found latest version of tr87: tr87-cd924810 (downloaded: 2026-06-08 07:25:23.848054+00:00)
2026-08-01 13:01:02 | INFO | Found latest version of tr87: tr87-cd924810 (downloaded: 2026-06-08 07:25:23.848054+00:00)
2026-08-01 13:01:02 | INFO | Found latest version of tr87: tr87-cd924810 (downloaded: 2026-06-08 07:25:23.848054+00:00)
2026-08-01 13:01:02 | INFO | Found latest version of tr87: tr87-cd924810 (downloaded: 2026-06-08 07:25:23.848054+00:00)
2026-08-01 13:01:02 | INFO | Found latest version of tr87: tr87-cd924810 (downloaded: 2026-06-08 07:25:23.848054+00:00)
2026-08-01 13:01:02 | INFO | Found latest version of tr87: tr87-cd924810 (downloaded: 2026-06-08 07:25:23.848054+00:00)
2026-08-01 13:01:05 | INFO | Found latest version of tr87: tr87-cd924810 (downloaded: 2026-06-08 07:25:23.848054+00:00)
2026-08-01 13:01:05 | INFO | Found latest version of tr87: tr87-cd924810 (downloaded: 2026-06-08 07:25:23.848054+00:00)
2026-08-01 13:01:05 | INFO | Found latest version of tr87: tr87-cd924810 (downloaded: 2026-06-08 07:25:23.848054+00:00)
2026-08-01 13:01:05 | INFO | Found latest version of tr87: tr87-cd924810 (downloaded: 2026-06-08 07:25:23.848054+00:00)
2026-08-01 13:01:05 | INFO | Found latest version of tr87: tr87-cd924810 (downloaded: 2026-06-08 07:25:23.848054+00:00)
2026-08-01 13:01:05 | INFO | Found latest version of tr87: tr87-cd924810 (downloaded: 2026-06-08 07:25:23.848054+00:00)
2026-08-01 13:01:05 | INFO | Found latest version of tr87: tr87-cd924810 (downloaded: 2026-06-08 07:25:23.848054+00:00)
2026-08-01 13:01:05 | INFO | Found latest version of tr87: tr87-cd924810 (downloaded: 2026-06-08 07:25:23.848054+00:00)
2026-08-01 13:01:05 | INFO | Found latest version of tr87: tr87-cd924810 (downloaded: 2026-06-08 07:25:23.848054+00:00)
2026-08-01 13:01:05 | INFO | Found latest version of tr87: tr87-cd924810 (downloaded: 2026-06-08 07:25:23.848054+00:00)
2026-08-01 13:01:05 | INFO | Found latest version of tr87: tr87-cd924810 (downloaded: 2026-06-08 07:25:23.848054+00:00)
2026-08-01 13:01:05 | INFO | Found latest version of tr87: tr87-cd924810 (downloaded: 2026-06-08 07:25:23.848054+00:00)
2026-08-01 13:01:05 | INFO | Found latest version of tr87: tr87-cd924810 (downloaded: 2026-06-08 07:25:23.848054+00:00)
2026-08-01 13:01:05 | INFO | Found latest version of tr87: tr87-cd924810 (downloaded: 2026-06-08 07:25:23.848054+00:00)
2026-08-01 13:01:05 | INFO | Found latest version of tr87: tr87-cd924810 (downloaded: 2026-06-08 07:25:23.848054+00:00)
2026-08-01 13:01:05 | INFO | Found latest version of tr87: tr87-cd924810 (downloaded: 2026-06-08 07:25:23.848054+00:00)
2026-08-01 13:01:05 | INFO | Found latest version of tr87: tr87-cd924810 (downloaded: 2026-06-08 07:25:23.848054+00:00)
2026-08-01 13:01:05 | INFO | Found latest version of tr87: tr87-cd924810 (downloaded: 2026-06-08 07:25:23.848054+00:00)
2026-08-01 13:01:05 | INFO | Found latest version of tr87: tr87-cd924810 (downloaded: 2026-06-08 07:25:23.848054+00:00)
2026-08-01 13:01:05 | INFO | Found latest version of tr87: tr87-cd924810 (downloaded: 2026-06-08 07:25:23.848054+00:00)
2026-08-01 13:01:05 | INFO | Found latest version of tr87: tr87-cd924810 (downloaded: 2026-06-08 07:25:23.848054+00:00)
2026-08-01 13:01:05 | INFO | Found latest version of tr87: tr87-cd924810 (downloaded: 2026-06-08 07:25:23.848054+00:00)
2026-08-01 13:01:05 | INFO | Found latest version of tr87: tr87-cd924810 (downloaded: 2026-06-08 07:25:23.848054+00:00)
2026-08-01 13:01:05 | INFO | Found latest version of tr87: tr87-cd924810 (downloaded: 2026-06-08 07:25:23.848054+00:00)
2026-08-01 13:01:05 | INFO | Found latest version of tr87: tr87-cd924810 (downloaded: 2026-06-08 07:25:23.848054+00:00)
2026-08-01 13:01:05 | INFO | Found latest version of tr87: tr87-cd924810 (downloaded: 2026-06-08 07:25:23.848054+00:00)
2026-08-01 13:01:05 | INFO | Found latest version of tr87: tr87-cd924810 (downloaded: 2026-06-08 07:25:23.848054+00:00)
2026-08-01 13:01:05 | INFO | Found latest version of tr87: tr87-cd924810 (downloaded: 2026-06-08 07:25:23.848054+00:00)
2026-08-01 13:01:05 | INFO | Found latest version of tr87: tr87-cd924810 (downloaded: 2026-06-08 07:25:23.848054+00:00)
2026-08-01 13:01:05 | INFO | Found latest version of tr87: tr87-cd924810 (downloaded: 2026-06-08 07:25:23.848054+00:00)
2026-08-01 13:01:05 | INFO | Found latest version of tr87: tr87-cd924810 (downloaded: 2026-06-08 07:25:23.848054+00:00)
2026-08-01 13:01:05 | INFO | Found latest version of tr87: tr87-cd924810 (downloaded: 2026-06-08 07:25:23.848054+00:00)
2026-08-01 13:01:05 | INFO | Found latest version of tr87: tr87-cd924810 (downloaded: 2026-06-08 07:25:23.848054+00:00)
2026-08-01 13:01:05 | INFO | Found latest version of tr87: tr87-cd924810 (downloaded: 2026-06-08 07:25:23.848054+00:00)
2026-08-01 13:01:05 | INFO | Found latest version of tr87: tr87-cd924810 (downloaded: 2026-06-08 07:25:23.848054+00:00)
2026-08-01 13:01:05 | INFO | Found latest version of tr87: tr87-cd924810 (downloaded: 2026-06-08 07:25:23.848054+00:00)
2026-08-01 13:01:05 | INFO | Found latest version of tr87: tr87-cd924810 (downloaded: 2026-06-08 07:25:23.848054+00:00)
2026-08-01 13:01:05 | INFO | Found latest version of tr87: tr87-cd924810 (downloaded: 2026-06-08 07:25:23.848054+00:00)
2026-08-01 13:01:05 | INFO | Found latest version of tr87: tr87-cd924810 (downloaded: 2026-06-08 07:25:23.848054+00:00)
2026-08-01 13:01:05 | INFO | Found latest version of tr87: tr87-cd924810 (downloaded: 2026-06-08 07:25:23.848054+00:00)
2026-08-01 13:01:05 | INFO | Found latest version of tr87: tr87-cd924810 (downloaded: 2026-06-08 07:25:23.848054+00:00)
2026-08-01 13:01:05 | INFO | Found latest version of tr87: tr87-cd924810 (downloaded: 2026-06-08 07:25:23.848054+00:00)
2026-08-01 13:01:05 | INFO | Found latest version of tr87: tr87-cd924810 (downloaded: 2026-06-08 07:25:23.848054+00:00)
2026-08-01 13:01:05 | INFO | Found latest version of tr87: tr87-cd924810 (downloaded: 2026-06-08 07:25:23.848054+00:00)
2026-08-01 13:01:05 | INFO | Found latest version of tr87: tr87-cd924810 (downloaded: 2026-06-08 07:25:23.848054+00:00)
2026-08-01 13:01:05 | INFO | Found latest version of tr87: tr87-cd924810 (downloaded: 2026-06-08 07:25:23.848054+00:00)
2026-08-01 13:01:05 | INFO | Found latest version of tr87: tr87-cd924810 (downloaded: 2026-06-08 07:25:23.848054+00:00)
2026-08-01 13:01:05 | INFO | Found latest version of tr87: tr87-cd924810 (downloaded: 2026-06-08 07:25:23.848054+00:00)
2026-08-01 13:01:05 | INFO | Found latest version of tr87: tr87-cd924810 (downloaded: 2026-06-08 07:25:23.848054+00:00)
2026-08-01 13:01:05 | INFO | Found latest version of tr87: tr87-cd924810 (downloaded: 2026-06-08 07:25:23.848054+00:00)
2026-08-01 13:01:05 | INFO | Found latest version of tr87: tr87-cd924810 (downloaded: 2026-06-08 07:25:23.848054+00:00)
2026-08-01 13:01:05 | INFO | Found latest version of tr87: tr87-cd924810 (downloaded: 2026-06-08 07:25:23.848054+00:00)
2026-08-01 13:01:05 | INFO | Found latest version of tr87: tr87-cd924810 (downloaded: 2026-06-08 07:25:23.848054+00:00)
2026-08-01 13:01:05 | INFO | Found latest version of tr87: tr87-cd924810 (downloaded: 2026-06-08 07:25:23.848054+00:00)
2026-08-01 13:01:05 | INFO | Found latest version of tr87: tr87-cd924810 (downloaded: 2026-06-08 07:25:23.848054+00:00)
2026-08-01 13:01:05 | INFO | Found latest version of tr87: tr87-cd924810 (downloaded: 2026-06-08 07:25:23.848054+00:00)
2026-08-01 13:01:05 | INFO | Found latest version of tr87: tr87-cd924810 (downloaded: 2026-06-08 07:25:23.848054+00:00)
2026-08-01 13:01:05 | INFO | Found latest version of tr87: tr87-cd924810 (downloaded: 2026-06-08 07:25:23.848054+00:00)
2026-08-01 13:01:05 | INFO | Found latest version of tr87: tr87-cd924810 (downloaded: 2026-06-08 07:25:23.848054+00:00)
2026-08-01 13:01:06 | INFO | Found latest version of tr87: tr87-cd924810 (downloaded: 2026-06-08 07:25:23.848054+00:00)
2026-08-01 13:01:06 | INFO | Found latest version of tr87: tr87-cd924810 (downloaded: 2026-06-08 07:25:23.848054+00:00)
2026-08-01 13:01:06 | INFO | Found latest version of tr87: tr87-cd924810 (downloaded: 2026-06-08 07:25:23.848054+00:00)
2026-08-01 13:01:06 | INFO | Found latest version of tr87: tr87-cd924810 (downloaded: 2026-06-08 07:25:23.848054+00:00)
2026-08-01 13:01:09 | INFO | Found latest version of tr87: tr87-cd924810 (downloaded: 2026-06-08 07:25:23.848054+00:00)
2026-08-01 13:01:09 | INFO | Found latest version of tr87: tr87-cd924810 (downloaded: 2026-06-08 07:25:23.848054+00:00)
2026-08-01 13:01:09 | INFO | Found latest version of tr87: tr87-cd924810 (downloaded: 2026-06-08 07:25:23.848054+00:00)
2026-08-01 13:01:09 | INFO | Found latest version of tr87: tr87-cd924810 (downloaded: 2026-06-08 07:25:23.848054+00:00)
2026-08-01 13:01:09 | INFO | Found latest version of tr87: tr87-cd924810 (downloaded: 2026-06-08 07:25:23.848054+00:00)
2026-08-01 13:01:09 | INFO | Found latest version of tr87: tr87-cd924810 (downloaded: 2026-06-08 07:25:23.848054+00:00)
2026-08-01 13:01:09 | INFO | Found latest version of tr87: tr87-cd924810 (downloaded: 2026-06-08 07:25:23.848054+00:00)
2026-08-01 13:01:09 | INFO | Found latest version of tr87: tr87-cd924810 (downloaded: 2026-06-08 07:25:23.848054+00:00)
2026-08-01 13:01:09 | INFO | Found latest version of tr87: tr87-cd924810 (downloaded: 2026-06-08 07:25:23.848054+00:00)
2026-08-01 13:01:09 | INFO | Found latest version of tr87: tr87-cd924810 (downloaded: 2026-06-08 07:25:23.848054+00:00)
2026-08-01 13:01:09 | INFO | Found latest version of tr87: tr87-cd924810 (downloaded: 2026-06-08 07:25:23.848054+00:00)
2026-08-01 13:01:09 | INFO | Found latest version of tr87: tr87-cd924810 (downloaded: 2026-06-08 07:25:23.848054+00:00)
2026-08-01 13:01:09 | INFO | Found latest version of tr87: tr87-cd924810 (downloaded: 2026-06-08 07:25:23.848054+00:00)
2026-08-01 13:01:09 | INFO | Found latest version of tr87: tr87-cd924810 (downloaded: 2026-06-08 07:25:23.848054+00:00)
2026-08-01 13:01:09 | INFO | Found latest version of tr87: tr87-cd924810 (downloaded: 2026-06-08 07:25:23.848054+00:00)
2026-08-01 13:01:09 | INFO | Found latest version of tr87: tr87-cd924810 (downloaded: 2026-06-08 07:25:23.848054+00:00)
2026-08-01 13:01:09 | INFO | Found latest version of tr87: tr87-cd924810 (downloaded: 2026-06-08 07:25:23.848054+00:00)
2026-08-01 13:01:09 | INFO | Found latest version of tr87: tr87-cd924810 (downloaded: 2026-06-08 07:25:23.848054+00:00)
2026-08-01 13:01:09 | INFO | Found latest version of tr87: tr87-cd924810 (downloaded: 2026-06-08 07:25:23.848054+00:00)
2026-08-01 13:01:09 | INFO | Found latest version of tr87: tr87-cd924810 (downloaded: 2026-06-08 07:25:23.848054+00:00)
2026-08-01 13:01:09 | INFO | Found latest version of tr87: tr87-cd924810 (downloaded: 2026-06-08 07:25:23.848054+00:00)
2026-08-01 13:01:09 | INFO | Found latest version of tr87: tr87-cd924810 (downloaded: 2026-06-08 07:25:23.848054+00:00)
2026-08-01 13:01:09 | INFO | Found latest version of tr87: tr87-cd924810 (downloaded: 2026-06-08 07:25:23.848054+00:00)
2026-08-01 13:01:09 | INFO | Found latest version of tr87: tr87-cd924810 (downloaded: 2026-06-08 07:25:23.848054+00:00)
2026-08-01 13:01:09 | INFO | Found latest version of tr87: tr87-cd924810 (downloaded: 2026-06-08 07:25:23.848054+00:00)
2026-08-01 13:01:09 | INFO | Found latest version of tr87: tr87-cd924810 (downloaded: 2026-06-08 07:25:23.848054+00:00)
2026-08-01 13:01:09 | INFO | Found latest version of tr87: tr87-cd924810 (downloaded: 2026-06-08 07:25:23.848054+00:00)
2026-08-01 13:01:09 | INFO | Found latest version of tr87: tr87-cd924810 (downloaded: 2026-06-08 07:25:23.848054+00:00)
2026-08-01 13:01:09 | INFO | Found latest version of tr87: tr87-cd924810 (downloaded: 2026-06-08 07:25:23.848054+00:00)
2026-08-01 13:01:09 | INFO | Found latest version of tr87: tr87-cd924810 (downloaded: 2026-06-08 07:25:23.848054+00:00)
2026-08-01 13:01:09 | INFO | Found latest version of tr87: tr87-cd924810 (downloaded: 2026-06-08 07:25:23.848054+00:00)
2026-08-01 13:01:09 | INFO | Found latest version of tr87: tr87-cd924810 (downloaded: 2026-06-08 07:25:23.848054+00:00)
2026-08-01 13:01:09 | INFO | Found latest version of tr87: tr87-cd924810 (downloaded: 2026-06-08 07:25:23.848054+00:00)
2026-08-01 13:01:09 | INFO | Found latest version of tr87: tr87-cd924810 (downloaded: 2026-06-08 07:25:23.848054+00:00)
2026-08-01 13:01:09 | INFO | Found latest version of tr87: tr87-cd924810 (downloaded: 2026-06-08 07:25:23.848054+00:00)
2026-08-01 13:01:09 | INFO | Found latest version of tr87: tr87-cd924810 (downloaded: 2026-06-08 07:25:23.848054+00:00)
2026-08-01 13:01:09 | INFO | Found latest version of tr87: tr87-cd924810 (downloaded: 2026-06-08 07:25:23.848054+00:00)
2026-08-01 13:01:09 | INFO | Found latest version of tr87: tr87-cd924810 (downloaded: 2026-06-08 07:25:23.848054+00:00)
2026-08-01 13:01:09 | INFO | Found latest version of tr87: tr87-cd924810 (downloaded: 2026-06-08 07:25:23.848054+00:00)
2026-08-01 13:01:09 | INFO | Found latest version of tr87: tr87-cd924810 (downloaded: 2026-06-08 07:25:23.848054+00:00)
2026-08-01 13:01:09 | INFO | Found latest version of tr87: tr87-cd924810 (downloaded: 2026-06-08 07:25:23.848054+00:00)
2026-08-01 13:01:09 | INFO | Found latest version of tr87: tr87-cd924810 (downloaded: 2026-06-08 07:25:23.848054+00:00)
2026-08-01 13:01:09 | INFO | Found latest version of tr87: tr87-cd924810 (downloaded: 2026-06-08 07:25:23.848054+00:00)
2026-08-01 13:01:09 | INFO | Found latest version of tr87: tr87-cd924810 (downloaded: 2026-06-08 07:25:23.848054+00:00)
2026-08-01 13:01:09 | INFO | Found latest version of tr87: tr87-cd924810 (downloaded: 2026-06-08 07:25:23.848054+00:00)
2026-08-01 13:01:09 | INFO | Found latest version of tr87: tr87-cd924810 (downloaded: 2026-06-08 07:25:23.848054+00:00)
2026-08-01 13:01:09 | INFO | Found latest version of tr87: tr87-cd924810 (downloaded: 2026-06-08 07:25:23.848054+00:00)
2026-08-01 13:01:09 | INFO | Found latest version of tr87: tr87-cd924810 (downloaded: 2026-06-08 07:25:23.848054+00:00)
2026-08-01 13:01:09 | INFO | Found latest version of tr87: tr87-cd924810 (downloaded: 2026-06-08 07:25:23.848054+00:00)
2026-08-01 13:01:09 | INFO | Found latest version of tr87: tr87-cd924810 (downloaded: 2026-06-08 07:25:23.848054+00:00)
2026-08-01 13:01:09 | INFO | Found latest version of tr87: tr87-cd924810 (downloaded: 2026-06-08 07:25:23.848054+00:00)
2026-08-01 13:01:09 | INFO | Found latest version of tr87: tr87-cd924810 (downloaded: 2026-06-08 07:25:23.848054+00:00)
2026-08-01 13:01:09 | INFO | Found latest version of tr87: tr87-cd924810 (downloaded: 2026-06-08 07:25:23.848054+00:00)
2026-08-01 13:01:09 | INFO | Found latest version of tr87: tr87-cd924810 (downloaded: 2026-06-08 07:25:23.848054+00:00)
2026-08-01 13:01:09 | INFO | Found latest version of tr87: tr87-cd924810 (downloaded: 2026-06-08 07:25:23.848054+00:00)
2026-08-01 13:01:09 | INFO | Found latest version of tr87: tr87-cd924810 (downloaded: 2026-06-08 07:25:23.848054+00:00)
2026-08-01 13:01:09 | INFO | Found latest version of tr87: tr87-cd924810 (downloaded: 2026-06-08 07:25:23.848054+00:00)
2026-08-01 13:01:09 | INFO | Found latest version of tr87: tr87-cd924810 (downloaded: 2026-06-08 07:25:23.848054+00:00)
2026-08-01 13:01:09 | INFO | Found latest version of tr87: tr87-cd924810 (downloaded: 2026-06-08 07:25:23.848054+00:00)
2026-08-01 13:01:09 | INFO | Found latest version of tr87: tr87-cd924810 (downloaded: 2026-06-08 07:25:23.848054+00:00)
2026-08-01 13:01:09 | INFO | Found latest version of tr87: tr87-cd924810 (downloaded: 2026-06-08 07:25:23.848054+00:00)
2026-08-01 13:01:09 | INFO | Found latest version of tr87: tr87-cd924810 (downloaded: 2026-06-08 07:25:23.848054+00:00)
2026-08-01 13:01:13 | INFO | Found latest version of tr87: tr87-cd924810 (downloaded: 2026-06-08 07:25:23.848054+00:00)
2026-08-01 13:01:13 | INFO | Found latest version of tr87: tr87-cd924810 (downloaded: 2026-06-08 07:25:23.848054+00:00)
2026-08-01 13:01:13 | INFO | Found latest version of tr87: tr87-cd924810 (downloaded: 2026-06-08 07:25:23.848054+00:00)
2026-08-01 13:01:13 | INFO | Found latest version of tr87: tr87-cd924810 (downloaded: 2026-06-08 07:25:23.848054+00:00)
2026-08-01 13:01:13 | INFO | Found latest version of tr87: tr87-cd924810 (downloaded: 2026-06-08 07:25:23.848054+00:00)
2026-08-01 13:01:13 | INFO | Found latest version of tr87: tr87-cd924810 (downloaded: 2026-06-08 07:25:23.848054+00:00)
2026-08-01 13:01:13 | INFO | Found latest version of tr87: tr87-cd924810 (downloaded: 2026-06-08 07:25:23.848054+00:00)
2026-08-01 13:01:13 | INFO | Found latest version of tr87: tr87-cd924810 (downloaded: 2026-06-08 07:25:23.848054+00:00)
2026-08-01 13:01:13 | INFO | Found latest version of tr87: tr87-cd924810 (downloaded: 2026-06-08 07:25:23.848054+00:00)
2026-08-01 13:01:13 | INFO | Found latest version of tr87: tr87-cd924810 (downloaded: 2026-06-08 07:25:23.848054+00:00)
2026-08-01 13:01:13 | INFO | Found latest version of tr87: tr87-cd924810 (downloaded: 2026-06-08 07:25:23.848054+00:00)
2026-08-01 13:01:13 | INFO | Found latest version of tr87: tr87-cd924810 (downloaded: 2026-06-08 07:25:23.848054+00:00)
2026-08-01 13:01:13 | INFO | Found latest version of tr87: tr87-cd924810 (downloaded: 2026-06-08 07:25:23.848054+00:00)
2026-08-01 13:01:13 | INFO | Found latest version of tr87: tr87-cd924810 (downloaded: 2026-06-08 07:25:23.848054+00:00)
2026-08-01 13:01:13 | INFO | Found latest version of tr87: tr87-cd924810 (downloaded: 2026-06-08 07:25:23.848054+00:00)
2026-08-01 13:01:13 | INFO | Found latest version of tr87: tr87-cd924810 (downloaded: 2026-06-08 07:25:23.848054+00:00)
2026-08-01 13:01:13 | INFO | Found latest version of tr87: tr87-cd924810 (downloaded: 2026-06-08 07:25:23.848054+00:00)
2026-08-01 13:01:13 | INFO | Found latest version of tr87: tr87-cd924810 (downloaded: 2026-06-08 07:25:23.848054+00:00)
2026-08-01 13:01:13 | INFO | Found latest version of tr87: tr87-cd924810 (downloaded: 2026-06-08 07:25:23.848054+00:00)
2026-08-01 13:01:13 | INFO | Found latest version of tr87: tr87-cd924810 (downloaded: 2026-06-08 07:25:23.848054+00:00)
2026-08-01 13:01:13 | INFO | Found latest version of tr87: tr87-cd924810 (downloaded: 2026-06-08 07:25:23.848054+00:00)
2026-08-01 13:01:13 | INFO | Found latest version of tr87: tr87-cd924810 (downloaded: 2026-06-08 07:25:23.848054+00:00)
2026-08-01 13:01:13 | INFO | Found latest version of tr87: tr87-cd924810 (downloaded: 2026-06-08 07:25:23.848054+00:00)
2026-08-01 13:01:13 | INFO | Found latest version of tr87: tr87-cd924810 (downloaded: 2026-06-08 07:25:23.848054+00:00)
2026-08-01 13:01:13 | INFO | Found latest version of tr87: tr87-cd924810 (downloaded: 2026-06-08 07:25:23.848054+00:00)
2026-08-01 13:01:13 | INFO | Found latest version of tr87: tr87-cd924810 (downloaded: 2026-06-08 07:25:23.848054+00:00)
2026-08-01 13:01:13 | INFO | Found latest version of tr87: tr87-cd924810 (downloaded: 2026-06-08 07:25:23.848054+00:00)
2026-08-01 13:01:13 | INFO | Found latest version of tr87: tr87-cd924810 (downloaded: 2026-06-08 07:25:23.848054+00:00)
2026-08-01 13:01:13 | INFO | Found latest version of tr87: tr87-cd924810 (downloaded: 2026-06-08 07:25:23.848054+00:00)
2026-08-01 13:01:13 | INFO | Found latest version of tr87: tr87-cd924810 (downloaded: 2026-06-08 07:25:23.848054+00:00)
2026-08-01 13:01:13 | INFO | Found latest version of tr87: tr87-cd924810 (downloaded: 2026-06-08 07:25:23.848054+00:00)
2026-08-01 13:01:13 | INFO | Found latest version of tr87: tr87-cd924810 (downloaded: 2026-06-08 07:25:23.848054+00:00)
2026-08-01 13:01:13 | INFO | Found latest version of tr87: tr87-cd924810 (downloaded: 2026-06-08 07:25:23.848054+00:00)
2026-08-01 13:01:13 | INFO | Found latest version of tr87: tr87-cd924810 (downloaded: 2026-06-08 07:25:23.848054+00:00)
2026-08-01 13:01:13 | INFO | Found latest version of tr87: tr87-cd924810 (downloaded: 2026-06-08 07:25:23.848054+00:00)
2026-08-01 13:01:13 | INFO | Found latest version of tr87: tr87-cd924810 (downloaded: 2026-06-08 07:25:23.848054+00:00)
2026-08-01 13:01:13 | INFO | Found latest version of tr87: tr87-cd924810 (downloaded: 2026-06-08 07:25:23.848054+00:00)
2026-08-01 13:01:13 | INFO | Found latest version of tr87: tr87-cd924810 (downloaded: 2026-06-08 07:25:23.848054+00:00)
2026-08-01 13:01:13 | INFO | Found latest version of tr87: tr87-cd924810 (downloaded: 2026-06-08 07:25:23.848054+00:00)
2026-08-01 13:01:13 | INFO | Found latest version of tr87: tr87-cd924810 (downloaded: 2026-06-08 07:25:23.848054+00:00)
2026-08-01 13:01:13 | INFO | Found latest version of tr87: tr87-cd924810 (downloaded: 2026-06-08 07:25:23.848054+00:00)
2026-08-01 13:01:13 | INFO | Found latest version of tr87: tr87-cd924810 (downloaded: 2026-06-08 07:25:23.848054+00:00)
2026-08-01 13:01:13 | INFO | Found latest version of tr87: tr87-cd924810 (downloaded: 2026-06-08 07:25:23.848054+00:00)
2026-08-01 13:01:13 | INFO | Found latest version of tr87: tr87-cd924810 (downloaded: 2026-06-08 07:25:23.848054+00:00)
2026-08-01 13:01:13 | INFO | Found latest version of tr87: tr87-cd924810 (downloaded: 2026-06-08 07:25:23.848054+00:00)
2026-08-01 13:01:13 | INFO | Found latest version of tr87: tr87-cd924810 (downloaded: 2026-06-08 07:25:23.848054+00:00)
2026-08-01 13:01:13 | INFO | Found latest version of tr87: tr87-cd924810 (downloaded: 2026-06-08 07:25:23.848054+00:00)
2026-08-01 13:01:13 | INFO | Found latest version of tr87: tr87-cd924810 (downloaded: 2026-06-08 07:25:23.848054+00:00)
2026-08-01 13:01:13 | INFO | Found latest version of tr87: tr87-cd924810 (downloaded: 2026-06-08 07:25:23.848054+00:00)
2026-08-01 13:01:13 | INFO | Found latest version of tr87: tr87-cd924810 (downloaded: 2026-06-08 07:25:23.848054+00:00)
2026-08-01 13:01:13 | INFO | Found latest version of tr87: tr87-cd924810 (downloaded: 2026-06-08 07:25:23.848054+00:00)
2026-08-01 13:01:13 | INFO | Found latest version of tr87: tr87-cd924810 (downloaded: 2026-06-08 07:25:23.848054+00:00)
2026-08-01 13:01:13 | INFO | Found latest version of tr87: tr87-cd924810 (downloaded: 2026-06-08 07:25:23.848054+00:00)
2026-08-01 13:01:13 | INFO | Found latest version of tr87: tr87-cd924810 (downloaded: 2026-06-08 07:25:23.848054+00:00)
2026-08-01 13:01:13 | INFO | Found latest version of tr87: tr87-cd924810 (downloaded: 2026-06-08 07:25:23.848054+00:00)
2026-08-01 13:01:13 | INFO | Found latest version of tr87: tr87-cd924810 (downloaded: 2026-06-08 07:25:23.848054+00:00)
2026-08-01 13:01:13 | INFO | Found latest version of tr87: tr87-cd924810 (downloaded: 2026-06-08 07:25:23.848054+00:00)
2026-08-01 13:01:13 | INFO | Found latest version of tr87: tr87-cd924810 (downloaded: 2026-06-08 07:25:23.848054+00:00)
2026-08-01 13:01:13 | INFO | Found latest version of tr87: tr87-cd924810 (downloaded: 2026-06-08 07:25:23.848054+00:00)
2026-08-01 13:01:14 | INFO | Found latest version of tr87: tr87-cd924810 (downloaded: 2026-06-08 07:25:23.848054+00:00)
2026-08-01 13:01:14 | INFO | Found latest version of tr87: tr87-cd924810 (downloaded: 2026-06-08 07:25:23.848054+00:00)
2026-08-01 13:01:14 | INFO | Found latest version of tr87: tr87-cd924810 (downloaded: 2026-06-08 07:25:23.848054+00:00)
2026-08-01 13:01:14 | INFO | Found latest version of tr87: tr87-cd924810 (downloaded: 2026-06-08 07:25:23.848054+00:00)
2026-08-01 13:01:17 | INFO | Found latest version of tr87: tr87-cd924810 (downloaded: 2026-06-08 07:25:23.848054+00:00)
2026-08-01 13:01:17 | INFO | Found latest version of tr87: tr87-cd924810 (downloaded: 2026-06-08 07:25:23.848054+00:00)
2026-08-01 13:01:17 | INFO | Found latest version of tr87: tr87-cd924810 (downloaded: 2026-06-08 07:25:23.848054+00:00)
2026-08-01 13:01:17 | INFO | Found latest version of tr87: tr87-cd924810 (downloaded: 2026-06-08 07:25:23.848054+00:00)
2026-08-01 13:01:17 | INFO | Found latest version of tr87: tr87-cd924810 (downloaded: 2026-06-08 07:25:23.848054+00:00)
2026-08-01 13:01:17 | INFO | Found latest version of tr87: tr87-cd924810 (downloaded: 2026-06-08 07:25:23.848054+00:00)
2026-08-01 13:01:17 | INFO | Found latest version of tr87: tr87-cd924810 (downloaded: 2026-06-08 07:25:23.848054+00:00)
2026-08-01 13:01:17 | INFO | Found latest version of tr87: tr87-cd924810 (downloaded: 2026-06-08 07:25:23.848054+00:00)
2026-08-01 13:01:17 | INFO | Found latest version of tr87: tr87-cd924810 (downloaded: 2026-06-08 07:25:23.848054+00:00)
2026-08-01 13:01:17 | INFO | Found latest version of tr87: tr87-cd924810 (downloaded: 2026-06-08 07:25:23.848054+00:00)
2026-08-01 13:01:17 | INFO | Found latest version of tr87: tr87-cd924810 (downloaded: 2026-06-08 07:25:23.848054+00:00)
2026-08-01 13:01:17 | INFO | Found latest version of tr87: tr87-cd924810 (downloaded: 2026-06-08 07:25:23.848054+00:00)
2026-08-01 13:01:17 | INFO | Found latest version of tr87: tr87-cd924810 (downloaded: 2026-06-08 07:25:23.848054+00:00)
2026-08-01 13:01:17 | INFO | Found latest version of tr87: tr87-cd924810 (downloaded: 2026-06-08 07:25:23.848054+00:00)
2026-08-01 13:01:17 | INFO | Found latest version of tr87: tr87-cd924810 (downloaded: 2026-06-08 07:25:23.848054+00:00)
2026-08-01 13:01:17 | INFO | Found latest version of tr87: tr87-cd924810 (downloaded: 2026-06-08 07:25:23.848054+00:00)
2026-08-01 13:01:17 | INFO | Found latest version of tr87: tr87-cd924810 (downloaded: 2026-06-08 07:25:23.848054+00:00)
2026-08-01 13:01:17 | INFO | Found latest version of tr87: tr87-cd924810 (downloaded: 2026-06-08 07:25:23.848054+00:00)
2026-08-01 13:01:17 | INFO | Found latest version of tr87: tr87-cd924810 (downloaded: 2026-06-08 07:25:23.848054+00:00)
2026-08-01 13:01:17 | INFO | Found latest version of tr87: tr87-cd924810 (downloaded: 2026-06-08 07:25:23.848054+00:00)
2026-08-01 13:01:17 | INFO | Found latest version of tr87: tr87-cd924810 (downloaded: 2026-06-08 07:25:23.848054+00:00)
2026-08-01 13:01:17 | INFO | Found latest version of tr87: tr87-cd924810 (downloaded: 2026-06-08 07:25:23.848054+00:00)
2026-08-01 13:01:17 | INFO | Found latest version of tr87: tr87-cd924810 (downloaded: 2026-06-08 07:25:23.848054+00:00)
2026-08-01 13:01:17 | INFO | Found latest version of tr87: tr87-cd924810 (downloaded: 2026-06-08 07:25:23.848054+00:00)
2026-08-01 13:01:17 | INFO | Found latest version of tr87: tr87-cd924810 (downloaded: 2026-06-08 07:25:23.848054+00:00)
2026-08-01 13:01:17 | INFO | Found latest version of tr87: tr87-cd924810 (downloaded: 2026-06-08 07:25:23.848054+00:00)
2026-08-01 13:01:17 | INFO | Found latest version of tr87: tr87-cd924810 (downloaded: 2026-06-08 07:25:23.848054+00:00)
2026-08-01 13:01:17 | INFO | Found latest version of tr87: tr87-cd924810 (downloaded: 2026-06-08 07:25:23.848054+00:00)
2026-08-01 13:01:17 | INFO | Found latest version of tr87: tr87-cd924810 (downloaded: 2026-06-08 07:25:23.848054+00:00)
2026-08-01 13:01:17 | INFO | Found latest version of tr87: tr87-cd924810 (downloaded: 2026-06-08 07:25:23.848054+00:00)
2026-08-01 13:01:17 | INFO | Found latest version of tr87: tr87-cd924810 (downloaded: 2026-06-08 07:25:23.848054+00:00)
2026-08-01 13:01:17 | INFO | Found latest version of tr87: tr87-cd924810 (downloaded: 2026-06-08 07:25:23.848054+00:00)
2026-08-01 13:01:17 | INFO | Found latest version of tr87: tr87-cd924810 (downloaded: 2026-06-08 07:25:23.848054+00:00)
2026-08-01 13:01:17 | INFO | Found latest version of tr87: tr87-cd924810 (downloaded: 2026-06-08 07:25:23.848054+00:00)
2026-08-01 13:01:17 | INFO | Found latest version of tr87: tr87-cd924810 (downloaded: 2026-06-08 07:25:23.848054+00:00)
2026-08-01 13:01:17 | INFO | Found latest version of tr87: tr87-cd924810 (downloaded: 2026-06-08 07:25:23.848054+00:00)
2026-08-01 13:01:17 | INFO | Found latest version of tr87: tr87-cd924810 (downloaded: 2026-06-08 07:25:23.848054+00:00)
2026-08-01 13:01:17 | INFO | Found latest version of tr87: tr87-cd924810 (downloaded: 2026-06-08 07:25:23.848054+00:00)
2026-08-01 13:01:17 | INFO | Found latest version of tr87: tr87-cd924810 (downloaded: 2026-06-08 07:25:23.848054+00:00)
2026-08-01 13:01:17 | INFO | Found latest version of tr87: tr87-cd924810 (downloaded: 2026-06-08 07:25:23.848054+00:00)
2026-08-01 13:01:17 | INFO | Found latest version of tr87: tr87-cd924810 (downloaded: 2026-06-08 07:25:23.848054+00:00)
2026-08-01 13:01:17 | INFO | Found latest version of tr87: tr87-cd924810 (downloaded: 2026-06-08 07:25:23.848054+00:00)
2026-08-01 13:01:17 | INFO | Found latest version of tr87: tr87-cd924810 (downloaded: 2026-06-08 07:25:23.848054+00:00)
2026-08-01 13:01:17 | INFO | Found latest version of tr87: tr87-cd924810 (downloaded: 2026-06-08 07:25:23.848054+00:00)
2026-08-01 13:01:17 | INFO | Found latest version of tr87: tr87-cd924810 (downloaded: 2026-06-08 07:25:23.848054+00:00)
2026-08-01 13:01:17 | INFO | Found latest version of tr87: tr87-cd924810 (downloaded: 2026-06-08 07:25:23.848054+00:00)
2026-08-01 13:01:17 | INFO | Found latest version of tr87: tr87-cd924810 (downloaded: 2026-06-08 07:25:23.848054+00:00)
2026-08-01 13:01:17 | INFO | Found latest version of tr87: tr87-cd924810 (downloaded: 2026-06-08 07:25:23.848054+00:00)
2026-08-01 13:01:17 | INFO | Found latest version of tr87: tr87-cd924810 (downloaded: 2026-06-08 07:25:23.848054+00:00)
2026-08-01 13:01:17 | INFO | Found latest version of tr87: tr87-cd924810 (downloaded: 2026-06-08 07:25:23.848054+00:00)
2026-08-01 13:01:17 | INFO | Found latest version of tr87: tr87-cd924810 (downloaded: 2026-06-08 07:25:23.848054+00:00)
2026-08-01 13:01:17 | INFO | Found latest version of tr87: tr87-cd924810 (downloaded: 2026-06-08 07:25:23.848054+00:00)
2026-08-01 13:01:17 | INFO | Found latest version of tr87: tr87-cd924810 (downloaded: 2026-06-08 07:25:23.848054+00:00)
2026-08-01 13:01:17 | INFO | Found latest version of tr87: tr87-cd924810 (downloaded: 2026-06-08 07:25:23.848054+00:00)
2026-08-01 13:01:18 | INFO | Found latest version of tr87: tr87-cd924810 (downloaded: 2026-06-08 07:25:23.848054+00:00)
2026-08-01 13:01:18 | INFO | Found latest version of tr87: tr87-cd924810 (downloaded: 2026-06-08 07:25:23.848054+00:00)
2026-08-01 13:01:18 | INFO | Found latest version of tr87: tr87-cd924810 (downloaded: 2026-06-08 07:25:23.848054+00:00)
2026-08-01 13:01:18 | INFO | Found latest version of tr87: tr87-cd924810 (downloaded: 2026-06-08 07:25:23.848054+00:00)
2026-08-01 13:01:18 | INFO | Found latest version of tr87: tr87-cd924810 (downloaded: 2026-06-08 07:25:23.848054+00:00)
2026-08-01 13:01:18 | INFO | Found latest version of tr87: tr87-cd924810 (downloaded: 2026-06-08 07:25:23.848054+00:00)
2026-08-01 13:01:18 | INFO | Found latest version of tr87: tr87-cd924810 (downloaded: 2026-06-08 07:25:23.848054+00:00)
2026-08-01 13:01:18 | INFO | Found latest version of tr87: tr87-cd924810 (downloaded: 2026-06-08 07:25:23.848054+00:00)
2026-08-01 13:01:21 | INFO | Found latest version of tr87: tr87-cd924810 (downloaded: 2026-06-08 07:25:23.848054+00:00)
2026-08-01 13:01:21 | INFO | Found latest version of tr87: tr87-cd924810 (downloaded: 2026-06-08 07:25:23.848054+00:00)
2026-08-01 13:01:21 | INFO | Found latest version of tr87: tr87-cd924810 (downloaded: 2026-06-08 07:25:23.848054+00:00)
2026-08-01 13:01:21 | INFO | Found latest version of tr87: tr87-cd924810 (downloaded: 2026-06-08 07:25:23.848054+00:00)
2026-08-01 13:01:21 | INFO | Found latest version of tr87: tr87-cd924810 (downloaded: 2026-06-08 07:25:23.848054+00:00)
2026-08-01 13:01:21 | INFO | Found latest version of tr87: tr87-cd924810 (downloaded: 2026-06-08 07:25:23.848054+00:00)
2026-08-01 13:01:21 | INFO | Found latest version of tr87: tr87-cd924810 (downloaded: 2026-06-08 07:25:23.848054+00:00)
2026-08-01 13:01:21 | INFO | Found latest version of tr87: tr87-cd924810 (downloaded: 2026-06-08 07:25:23.848054+00:00)
2026-08-01 13:01:21 | INFO | Found latest version of tr87: tr87-cd924810 (downloaded: 2026-06-08 07:25:23.848054+00:00)
2026-08-01 13:01:21 | INFO | Found latest version of tr87: tr87-cd924810 (downloaded: 2026-06-08 07:25:23.848054+00:00)
2026-08-01 13:01:21 | INFO | Found latest version of tr87: tr87-cd924810 (downloaded: 2026-06-08 07:25:23.848054+00:00)
2026-08-01 13:01:21 | INFO | Found latest version of tr87: tr87-cd924810 (downloaded: 2026-06-08 07:25:23.848054+00:00)
2026-08-01 13:01:21 | INFO | Found latest version of tr87: tr87-cd924810 (downloaded: 2026-06-08 07:25:23.848054+00:00)
2026-08-01 13:01:21 | INFO | Found latest version of tr87: tr87-cd924810 (downloaded: 2026-06-08 07:25:23.848054+00:00)
2026-08-01 13:01:21 | INFO | Found latest version of tr87: tr87-cd924810 (downloaded: 2026-06-08 07:25:23.848054+00:00)
2026-08-01 13:01:21 | INFO | Found latest version of tr87: tr87-cd924810 (downloaded: 2026-06-08 07:25:23.848054+00:00)
2026-08-01 13:01:21 | INFO | Found latest version of tr87: tr87-cd924810 (downloaded: 2026-06-08 07:25:23.848054+00:00)
2026-08-01 13:01:21 | INFO | Found latest version of tr87: tr87-cd924810 (downloaded: 2026-06-08 07:25:23.848054+00:00)
2026-08-01 13:01:21 | INFO | Found latest version of tr87: tr87-cd924810 (downloaded: 2026-06-08 07:25:23.848054+00:00)
2026-08-01 13:01:21 | INFO | Found latest version of tr87: tr87-cd924810 (downloaded: 2026-06-08 07:25:23.848054+00:00)
2026-08-01 13:01:21 | INFO | Found latest version of tr87: tr87-cd924810 (downloaded: 2026-06-08 07:25:23.848054+00:00)
2026-08-01 13:01:21 | INFO | Found latest version of tr87: tr87-cd924810 (downloaded: 2026-06-08 07:25:23.848054+00:00)
2026-08-01 13:01:21 | INFO | Found latest version of tr87: tr87-cd924810 (downloaded: 2026-06-08 07:25:23.848054+00:00)
2026-08-01 13:01:21 | INFO | Found latest version of tr87: tr87-cd924810 (downloaded: 2026-06-08 07:25:23.848054+00:00)
2026-08-01 13:01:21 | INFO | Found latest version of tr87: tr87-cd924810 (downloaded: 2026-06-08 07:25:23.848054+00:00)
2026-08-01 13:01:21 | INFO | Found latest version of tr87: tr87-cd924810 (downloaded: 2026-06-08 07:25:23.848054+00:00)
2026-08-01 13:01:21 | INFO | Found latest version of tr87: tr87-cd924810 (downloaded: 2026-06-08 07:25:23.848054+00:00)
2026-08-01 13:01:21 | INFO | Found latest version of tr87: tr87-cd924810 (downloaded: 2026-06-08 07:25:23.848054+00:00)
2026-08-01 13:01:21 | INFO | Found latest version of tr87: tr87-cd924810 (downloaded: 2026-06-08 07:25:23.848054+00:00)
2026-08-01 13:01:21 | INFO | Found latest version of tr87: tr87-cd924810 (downloaded: 2026-06-08 07:25:23.848054+00:00)
2026-08-01 13:01:21 | INFO | Found latest version of tr87: tr87-cd924810 (downloaded: 2026-06-08 07:25:23.848054+00:00)
2026-08-01 13:01:21 | INFO | Found latest version of tr87: tr87-cd924810 (downloaded: 2026-06-08 07:25:23.848054+00:00)
2026-08-01 13:01:21 | INFO | Found latest version of tr87: tr87-cd924810 (downloaded: 2026-06-08 07:25:23.848054+00:00)
2026-08-01 13:01:21 | INFO | Found latest version of tr87: tr87-cd924810 (downloaded: 2026-06-08 07:25:23.848054+00:00)
2026-08-01 13:01:21 | INFO | Found latest version of tr87: tr87-cd924810 (downloaded: 2026-06-08 07:25:23.848054+00:00)
2026-08-01 13:01:21 | INFO | Found latest version of tr87: tr87-cd924810 (downloaded: 2026-06-08 07:25:23.848054+00:00)
2026-08-01 13:01:21 | INFO | Found latest version of tr87: tr87-cd924810 (downloaded: 2026-06-08 07:25:23.848054+00:00)
2026-08-01 13:01:21 | INFO | Found latest version of tr87: tr87-cd924810 (downloaded: 2026-06-08 07:25:23.848054+00:00)
2026-08-01 13:01:21 | INFO | Found latest version of tr87: tr87-cd924810 (downloaded: 2026-06-08 07:25:23.848054+00:00)
2026-08-01 13:01:21 | INFO | Found latest version of tr87: tr87-cd924810 (downloaded: 2026-06-08 07:25:23.848054+00:00)
2026-08-01 13:01:21 | INFO | Found latest version of tr87: tr87-cd924810 (downloaded: 2026-06-08 07:25:23.848054+00:00)
2026-08-01 13:01:21 | INFO | Found latest version of tr87: tr87-cd924810 (downloaded: 2026-06-08 07:25:23.848054+00:00)
2026-08-01 13:01:21 | INFO | Found latest version of tr87: tr87-cd924810 (downloaded: 2026-06-08 07:25:23.848054+00:00)
2026-08-01 13:01:22 | INFO | Found latest version of tr87: tr87-cd924810 (downloaded: 2026-06-08 07:25:23.848054+00:00)
2026-08-01 13:01:22 | INFO | Found latest version of tr87: tr87-cd924810 (downloaded: 2026-06-08 07:25:23.848054+00:00)
2026-08-01 13:01:22 | INFO | Found latest version of tr87: tr87-cd924810 (downloaded: 2026-06-08 07:25:23.848054+00:00)
2026-08-01 13:01:22 | INFO | Found latest version of tr87: tr87-cd924810 (downloaded: 2026-06-08 07:25:23.848054+00:00)
2026-08-01 13:01:22 | INFO | Found latest version of tr87: tr87-cd924810 (downloaded: 2026-06-08 07:25:23.848054+00:00)
2026-08-01 13:01:22 | INFO | Found latest version of tr87: tr87-cd924810 (downloaded: 2026-06-08 07:25:23.848054+00:00)
2026-08-01 13:01:22 | INFO | Found latest version of tr87: tr87-cd924810 (downloaded: 2026-06-08 07:25:23.848054+00:00)
2026-08-01 13:01:22 | INFO | Found latest version of tr87: tr87-cd924810 (downloaded: 2026-06-08 07:25:23.848054+00:00)
2026-08-01 13:01:22 | INFO | Found latest version of tr87: tr87-cd924810 (downloaded: 2026-06-08 07:25:23.848054+00:00)
2026-08-01 13:01:22 | INFO | Found latest version of tr87: tr87-cd924810 (downloaded: 2026-06-08 07:25:23.848054+00:00)
2026-08-01 13:01:22 | INFO | Found latest version of tr87: tr87-cd924810 (downloaded: 2026-06-08 07:25:23.848054+00:00)
2026-08-01 13:01:22 | INFO | Found latest version of tr87: tr87-cd924810 (downloaded: 2026-06-08 07:25:23.848054+00:00)
2026-08-01 13:01:22 | INFO | Found latest version of tr87: tr87-cd924810 (downloaded: 2026-06-08 07:25:23.848054+00:00)
2026-08-01 13:01:22 | INFO | Found latest version of tr87: tr87-cd924810 (downloaded: 2026-06-08 07:25:23.848054+00:00)
2026-08-01 13:01:22 | INFO | Found latest version of tr87: tr87-cd924810 (downloaded: 2026-06-08 07:25:23.848054+00:00)
2026-08-01 13:01:22 | INFO | Found latest version of tr87: tr87-cd924810 (downloaded: 2026-06-08 07:25:23.848054+00:00)
2026-08-01 13:01:22 | INFO | Found latest version of tr87: tr87-cd924810 (downloaded: 2026-06-08 07:25:23.848054+00:00)
2026-08-01 13:01:22 | INFO | Found latest version of tr87: tr87-cd924810 (downloaded: 2026-06-08 07:25:23.848054+00:00)
2026-08-01 13:01:22 | INFO | Found latest version of tr87: tr87-cd924810 (downloaded: 2026-06-08 07:25:23.848054+00:00)
2026-08-01 13:01:22 | INFO | Found latest version of tr87: tr87-cd924810 (downloaded: 2026-06-08 07:25:23.848054+00:00)
2026-08-01 13:01:25 | INFO | Found latest version of tr87: tr87-cd924810 (downloaded: 2026-06-08 07:25:23.848054+00:00)
2026-08-01 13:01:25 | INFO | Found latest version of tr87: tr87-cd924810 (downloaded: 2026-06-08 07:25:23.848054+00:00)
2026-08-01 13:01:25 | INFO | Found latest version of tr87: tr87-cd924810 (downloaded: 2026-06-08 07:25:23.848054+00:00)
2026-08-01 13:01:25 | INFO | Found latest version of tr87: tr87-cd924810 (downloaded: 2026-06-08 07:25:23.848054+00:00)
2026-08-01 13:01:25 | INFO | Found latest version of tr87: tr87-cd924810 (downloaded: 2026-06-08 07:25:23.848054+00:00)
2026-08-01 13:01:25 | INFO | Found latest version of tr87: tr87-cd924810 (downloaded: 2026-06-08 07:25:23.848054+00:00)
2026-08-01 13:01:25 | INFO | Found latest version of tr87: tr87-cd924810 (downloaded: 2026-06-08 07:25:23.848054+00:00)
2026-08-01 13:01:25 | INFO | Found latest version of tr87: tr87-cd924810 (downloaded: 2026-06-08 07:25:23.848054+00:00)
2026-08-01 13:01:25 | INFO | Found latest version of tr87: tr87-cd924810 (downloaded: 2026-06-08 07:25:23.848054+00:00)
2026-08-01 13:01:25 | INFO | Found latest version of tr87: tr87-cd924810 (downloaded: 2026-06-08 07:25:23.848054+00:00)
2026-08-01 13:01:25 | INFO | Found latest version of tr87: tr87-cd924810 (downloaded: 2026-06-08 07:25:23.848054+00:00)
2026-08-01 13:01:25 | INFO | Found latest version of tr87: tr87-cd924810 (downloaded: 2026-06-08 07:25:23.848054+00:00)
2026-08-01 13:01:25 | INFO | Found latest version of tr87: tr87-cd924810 (downloaded: 2026-06-08 07:25:23.848054+00:00)
2026-08-01 13:01:25 | INFO | Found latest version of tr87: tr87-cd924810 (downloaded: 2026-06-08 07:25:23.848054+00:00)
2026-08-01 13:01:25 | INFO | Found latest version of tr87: tr87-cd924810 (downloaded: 2026-06-08 07:25:23.848054+00:00)
2026-08-01 13:01:25 | INFO | Found latest version of tr87: tr87-cd924810 (downloaded: 2026-06-08 07:25:23.848054+00:00)
2026-08-01 13:01:25 | INFO | Found latest version of tr87: tr87-cd924810 (downloaded: 2026-06-08 07:25:23.848054+00:00)
2026-08-01 13:01:25 | INFO | Found latest version of tr87: tr87-cd924810 (downloaded: 2026-06-08 07:25:23.848054+00:00)
2026-08-01 13:01:25 | INFO | Found latest version of tr87: tr87-cd924810 (downloaded: 2026-06-08 07:25:23.848054+00:00)
2026-08-01 13:01:25 | INFO | Found latest version of tr87: tr87-cd924810 (downloaded: 2026-06-08 07:25:23.848054+00:00)
2026-08-01 13:01:25 | INFO | Found latest version of tr87: tr87-cd924810 (downloaded: 2026-06-08 07:25:23.848054+00:00)
2026-08-01 13:01:25 | INFO | Found latest version of tr87: tr87-cd924810 (downloaded: 2026-06-08 07:25:23.848054+00:00)
2026-08-01 13:01:25 | INFO | Found latest version of tr87: tr87-cd924810 (downloaded: 2026-06-08 07:25:23.848054+00:00)
2026-08-01 13:01:25 | INFO | Found latest version of tr87: tr87-cd924810 (downloaded: 2026-06-08 07:25:23.848054+00:00)
2026-08-01 13:01:25 | INFO | Found latest version of tr87: tr87-cd924810 (downloaded: 2026-06-08 07:25:23.848054+00:00)
2026-08-01 13:01:26 | INFO | Found latest version of tr87: tr87-cd924810 (downloaded: 2026-06-08 07:25:23.848054+00:00)
2026-08-01 13:01:26 | INFO | Found latest version of tr87: tr87-cd924810 (downloaded: 2026-06-08 07:25:23.848054+00:00)
2026-08-01 13:01:26 | INFO | Found latest version of tr87: tr87-cd924810 (downloaded: 2026-06-08 07:25:23.848054+00:00)
2026-08-01 13:01:26 | INFO | Found latest version of tr87: tr87-cd924810 (downloaded: 2026-06-08 07:25:23.848054+00:00)
2026-08-01 13:01:26 | INFO | Found latest version of tr87: tr87-cd924810 (downloaded: 2026-06-08 07:25:23.848054+00:00)
2026-08-01 13:01:26 | INFO | Found latest version of tr87: tr87-cd924810 (downloaded: 2026-06-08 07:25:23.848054+00:00)
2026-08-01 13:01:26 | INFO | Found latest version of tr87: tr87-cd924810 (downloaded: 2026-06-08 07:25:23.848054+00:00)
2026-08-01 13:01:26 | INFO | Found latest version of tr87: tr87-cd924810 (downloaded: 2026-06-08 07:25:23.848054+00:00)
2026-08-01 13:01:26 | INFO | Found latest version of tr87: tr87-cd924810 (downloaded: 2026-06-08 07:25:23.848054+00:00)
2026-08-01 13:01:26 | INFO | Found latest version of tr87: tr87-cd924810 (downloaded: 2026-06-08 07:25:23.848054+00:00)
2026-08-01 13:01:26 | INFO | Found latest version of tr87: tr87-cd924810 (downloaded: 2026-06-08 07:25:23.848054+00:00)
2026-08-01 13:01:26 | INFO | Found latest version of tr87: tr87-cd924810 (downloaded: 2026-06-08 07:25:23.848054+00:00)
2026-08-01 13:01:26 | INFO | Found latest version of tr87: tr87-cd924810 (downloaded: 2026-06-08 07:25:23.848054+00:00)
2026-08-01 13:01:26 | INFO | Found latest version of tr87: tr87-cd924810 (downloaded: 2026-06-08 07:25:23.848054+00:00)
2026-08-01 13:01:26 | INFO | Found latest version of tr87: tr87-cd924810 (downloaded: 2026-06-08 07:25:23.848054+00:00)
2026-08-01 13:01:26 | INFO | Found latest version of tr87: tr87-cd924810 (downloaded: 2026-06-08 07:25:23.848054+00:00)
2026-08-01 13:01:26 | INFO | Found latest version of tr87: tr87-cd924810 (downloaded: 2026-06-08 07:25:23.848054+00:00)
2026-08-01 13:01:26 | INFO | Found latest version of tr87: tr87-cd924810 (downloaded: 2026-06-08 07:25:23.848054+00:00)
2026-08-01 13:01:26 | INFO | Found latest version of tr87: tr87-cd924810 (downloaded: 2026-06-08 07:25:23.848054+00:00)
2026-08-01 13:01:26 | INFO | Found latest version of tr87: tr87-cd924810 (downloaded: 2026-06-08 07:25:23.848054+00:00)
2026-08-01 13:01:26 | INFO | Found latest version of tr87: tr87-cd924810 (downloaded: 2026-06-08 07:25:23.848054+00:00)
2026-08-01 13:01:26 | INFO | Found latest version of tr87: tr87-cd924810 (downloaded: 2026-06-08 07:25:23.848054+00:00)
2026-08-01 13:01:26 | INFO | Found latest version of tr87: tr87-cd924810 (downloaded: 2026-06-08 07:25:23.848054+00:00)
2026-08-01 13:01:26 | INFO | Found latest version of tr87: tr87-cd924810 (downloaded: 2026-06-08 07:25:23.848054+00:00)
2026-08-01 13:01:26 | INFO | Found latest version of tr87: tr87-cd924810 (downloaded: 2026-06-08 07:25:23.848054+00:00)
2026-08-01 13:01:26 | INFO | Found latest version of tr87: tr87-cd924810 (downloaded: 2026-06-08 07:25:23.848054+00:00)
2026-08-01 13:01:26 | INFO | Found latest version of tr87: tr87-cd924810 (downloaded: 2026-06-08 07:25:23.848054+00:00)
2026-08-01 13:01:26 | INFO | Found latest version of tr87: tr87-cd924810 (downloaded: 2026-06-08 07:25:23.848054+00:00)
2026-08-01 13:01:26 | INFO | Found latest version of tr87: tr87-cd924810 (downloaded: 2026-06-08 07:25:23.848054+00:00)
2026-08-01 13:01:26 | INFO | Found latest version of tr87: tr87-cd924810 (downloaded: 2026-06-08 07:25:23.848054+00:00)
2026-08-01 13:01:26 | INFO | Found latest version of tr87: tr87-cd924810 (downloaded: 2026-06-08 07:25:23.848054+00:00)
2026-08-01 13:01:26 | INFO | Found latest version of tr87: tr87-cd924810 (downloaded: 2026-06-08 07:25:23.848054+00:00)
2026-08-01 13:01:26 | INFO | Found latest version of tr87: tr87-cd924810 (downloaded: 2026-06-08 07:25:23.848054+00:00)
2026-08-01 13:01:26 | INFO | Found latest version of tr87: tr87-cd924810 (downloaded: 2026-06-08 07:25:23.848054+00:00)
2026-08-01 13:01:26 | INFO | Found latest version of tr87: tr87-cd924810 (downloaded: 2026-06-08 07:25:23.848054+00:00)
2026-08-01 13:01:26 | INFO | Found latest version of tr87: tr87-cd924810 (downloaded: 2026-06-08 07:25:23.848054+00:00)
2026-08-01 13:01:26 | INFO | Found latest version of tr87: tr87-cd924810 (downloaded: 2026-06-08 07:25:23.848054+00:00)
2026-08-01 13:01:29 | INFO | Found latest version of tr87: tr87-cd924810 (downloaded: 2026-06-08 07:25:23.848054+00:00)
2026-08-01 13:01:29 | INFO | Found latest version of tr87: tr87-cd924810 (downloaded: 2026-06-08 07:25:23.848054+00:00)
2026-08-01 13:01:29 | INFO | Found latest version of tr87: tr87-cd924810 (downloaded: 2026-06-08 07:25:23.848054+00:00)
2026-08-01 13:01:29 | INFO | Found latest version of tr87: tr87-cd924810 (downloaded: 2026-06-08 07:25:23.848054+00:00)
2026-08-01 13:01:29 | INFO | Found latest version of tr87: tr87-cd924810 (downloaded: 2026-06-08 07:25:23.848054+00:00)
2026-08-01 13:01:29 | INFO | Found latest version of tr87: tr87-cd924810 (downloaded: 2026-06-08 07:25:23.848054+00:00)
2026-08-01 13:01:29 | INFO | Found latest version of tr87: tr87-cd924810 (downloaded: 2026-06-08 07:25:23.848054+00:00)
2026-08-01 13:01:30 | INFO | Found latest version of tr87: tr87-cd924810 (downloaded: 2026-06-08 07:25:23.848054+00:00)
2026-08-01 13:01:30 | INFO | Found latest version of tr87: tr87-cd924810 (downloaded: 2026-06-08 07:25:23.848054+00:00)
2026-08-01 13:01:30 | INFO | Found latest version of tr87: tr87-cd924810 (downloaded: 2026-06-08 07:25:23.848054+00:00)
2026-08-01 13:01:30 | INFO | Found latest version of tr87: tr87-cd924810 (downloaded: 2026-06-08 07:25:23.848054+00:00)
2026-08-01 13:01:30 | INFO | Found latest version of tr87: tr87-cd924810 (downloaded: 2026-06-08 07:25:23.848054+00:00)
2026-08-01 13:01:30 | INFO | Found latest version of tr87: tr87-cd924810 (downloaded: 2026-06-08 07:25:23.848054+00:00)
2026-08-01 13:01:30 | INFO | Found latest version of tr87: tr87-cd924810 (downloaded: 2026-06-08 07:25:23.848054+00:00)
2026-08-01 13:01:30 | INFO | Found latest version of tr87: tr87-cd924810 (downloaded: 2026-06-08 07:25:23.848054+00:00)
2026-08-01 13:01:30 | INFO | Found latest version of tr87: tr87-cd924810 (downloaded: 2026-06-08 07:25:23.848054+00:00)
2026-08-01 13:01:30 | INFO | Found latest version of tr87: tr87-cd924810 (downloaded: 2026-06-08 07:25:23.848054+00:00)
2026-08-01 13:01:30 | INFO | Found latest version of tr87: tr87-cd924810 (downloaded: 2026-06-08 07:25:23.848054+00:00)
2026-08-01 13:01:30 | INFO | Found latest version of tr87: tr87-cd924810 (downloaded: 2026-06-08 07:25:23.848054+00:00)
2026-08-01 13:01:30 | INFO | Found latest version of tr87: tr87-cd924810 (downloaded: 2026-06-08 07:25:23.848054+00:00)
2026-08-01 13:01:30 | INFO | Found latest version of tr87: tr87-cd924810 (downloaded: 2026-06-08 07:25:23.848054+00:00)
2026-08-01 13:01:30 | INFO | Found latest version of tr87: tr87-cd924810 (downloaded: 2026-06-08 07:25:23.848054+00:00)
2026-08-01 13:01:30 | INFO | Found latest version of tr87: tr87-cd924810 (downloaded: 2026-06-08 07:25:23.848054+00:00)
2026-08-01 13:01:30 | INFO | Found latest version of tr87: tr87-cd924810 (downloaded: 2026-06-08 07:25:23.848054+00:00)
2026-08-01 13:01:30 | INFO | Found latest version of tr87: tr87-cd924810 (downloaded: 2026-06-08 07:25:23.848054+00:00)
2026-08-01 13:01:30 | INFO | Found latest version of tr87: tr87-cd924810 (downloaded: 2026-06-08 07:25:23.848054+00:00)
2026-08-01 13:01:30 | INFO | Found latest version of tr87: tr87-cd924810 (downloaded: 2026-06-08 07:25:23.848054+00:00)
2026-08-01 13:01:30 | INFO | Found latest version of tr87: tr87-cd924810 (downloaded: 2026-06-08 07:25:23.848054+00:00)
2026-08-01 13:01:30 | INFO | Found latest version of tr87: tr87-cd924810 (downloaded: 2026-06-08 07:25:23.848054+00:00)
2026-08-01 13:01:30 | INFO | Found latest version of tr87: tr87-cd924810 (downloaded: 2026-06-08 07:25:23.848054+00:00)
2026-08-01 13:01:30 | INFO | Found latest version of tr87: tr87-cd924810 (downloaded: 2026-06-08 07:25:23.848054+00:00)
2026-08-01 13:01:30 | INFO | Found latest version of tr87: tr87-cd924810 (downloaded: 2026-06-08 07:25:23.848054+00:00)
2026-08-01 13:01:30 | INFO | Found latest version of tr87: tr87-cd924810 (downloaded: 2026-06-08 07:25:23.848054+00:00)
2026-08-01 13:01:30 | INFO | Found latest version of tr87: tr87-cd924810 (downloaded: 2026-06-08 07:25:23.848054+00:00)
2026-08-01 13:01:30 | INFO | Found latest version of tr87: tr87-cd924810 (downloaded: 2026-06-08 07:25:23.848054+00:00)
2026-08-01 13:01:30 | INFO | Found latest version of tr87: tr87-cd924810 (downloaded: 2026-06-08 07:25:23.848054+00:00)
2026-08-01 13:01:30 | INFO | Found latest version of tr87: tr87-cd924810 (downloaded: 2026-06-08 07:25:23.848054+00:00)
2026-08-01 13:01:30 | INFO | Found latest version of tr87: tr87-cd924810 (downloaded: 2026-06-08 07:25:23.848054+00:00)
2026-08-01 13:01:30 | INFO | Found latest version of tr87: tr87-cd924810 (downloaded: 2026-06-08 07:25:23.848054+00:00)
2026-08-01 13:01:30 | INFO | Found latest version of tr87: tr87-cd924810 (downloaded: 2026-06-08 07:25:23.848054+00:00)
2026-08-01 13:01:30 | INFO | Found latest version of tr87: tr87-cd924810 (downloaded: 2026-06-08 07:25:23.848054+00:00)
2026-08-01 13:01:30 | INFO | Found latest version of tr87: tr87-cd924810 (downloaded: 2026-06-08 07:25:23.848054+00:00)
2026-08-01 13:01:30 | INFO | Found latest version of tr87: tr87-cd924810 (downloaded: 2026-06-08 07:25:23.848054+00:00)
2026-08-01 13:01:30 | INFO | Found latest version of tr87: tr87-cd924810 (downloaded: 2026-06-08 07:25:23.848054+00:00)
2026-08-01 13:01:30 | INFO | Found latest version of tr87: tr87-cd924810 (downloaded: 2026-06-08 07:25:23.848054+00:00)
2026-08-01 13:01:30 | INFO | Found latest version of tr87: tr87-cd924810 (downloaded: 2026-06-08 07:25:23.848054+00:00)
2026-08-01 13:01:30 | INFO | Found latest version of tr87: tr87-cd924810 (downloaded: 2026-06-08 07:25:23.848054+00:00)
2026-08-01 13:01:30 | INFO | Found latest version of tr87: tr87-cd924810 (downloaded: 2026-06-08 07:25:23.848054+00:00)
2026-08-01 13:01:30 | INFO | Found latest version of tr87: tr87-cd924810 (downloaded: 2026-06-08 07:25:23.848054+00:00)
2026-08-01 13:01:30 | INFO | Found latest version of tr87: tr87-cd924810 (downloaded: 2026-06-08 07:25:23.848054+00:00)
2026-08-01 13:01:30 | INFO | Found latest version of tr87: tr87-cd924810 (downloaded: 2026-06-08 07:25:23.848054+00:00)
2026-08-01 13:01:30 | INFO | Found latest version of tr87: tr87-cd924810 (downloaded: 2026-06-08 07:25:23.848054+00:00)
2026-08-01 13:01:30 | INFO | Found latest version of tr87: tr87-cd924810 (downloaded: 2026-06-08 07:25:23.848054+00:00)
2026-08-01 13:01:30 | INFO | Found latest version of tr87: tr87-cd924810 (downloaded: 2026-06-08 07:25:23.848054+00:00)
2026-08-01 13:01:30 | INFO | Found latest version of tr87: tr87-cd924810 (downloaded: 2026-06-08 07:25:23.848054+00:00)
2026-08-01 13:01:30 | INFO | Found latest version of tr87: tr87-cd924810 (downloaded: 2026-06-08 07:25:23.848054+00:00)
2026-08-01 13:01:30 | INFO | Found latest version of tr87: tr87-cd924810 (downloaded: 2026-06-08 07:25:23.848054+00:00)
2026-08-01 13:01:30 | INFO | Found latest version of tr87: tr87-cd924810 (downloaded: 2026-06-08 07:25:23.848054+00:00)
2026-08-01 13:01:30 | INFO | Found latest version of tr87: tr87-cd924810 (downloaded: 2026-06-08 07:25:23.848054+00:00)
2026-08-01 13:01:30 | INFO | Found latest version of tr87: tr87-cd924810 (downloaded: 2026-06-08 07:25:23.848054+00:00)
2026-08-01 13:01:30 | INFO | Found latest version of tr87: tr87-cd924810 (downloaded: 2026-06-08 07:25:23.848054+00:00)
2026-08-01 13:01:30 | INFO | Found latest version of tr87: tr87-cd924810 (downloaded: 2026-06-08 07:25:23.848054+00:00)
2026-08-01 13:01:30 | INFO | Found latest version of tr87: tr87-cd924810 (downloaded: 2026-06-08 07:25:23.848054+00:00)
2026-08-01 13:01:34 | INFO | Found latest version of tr87: tr87-cd924810 (downloaded: 2026-06-08 07:25:23.848054+00:00)
2026-08-01 13:01:34 | INFO | Found latest version of tr87: tr87-cd924810 (downloaded: 2026-06-08 07:25:23.848054+00:00)
2026-08-01 13:01:34 | INFO | Found latest version of tr87: tr87-cd924810 (downloaded: 2026-06-08 07:25:23.848054+00:00)
2026-08-01 13:01:34 | INFO | Found latest version of tr87: tr87-cd924810 (downloaded: 2026-06-08 07:25:23.848054+00:00)
2026-08-01 13:01:34 | INFO | Found latest version of tr87: tr87-cd924810 (downloaded: 2026-06-08 07:25:23.848054+00:00)
2026-08-01 13:01:34 | INFO | Found latest version of tr87: tr87-cd924810 (downloaded: 2026-06-08 07:25:23.848054+00:00)
2026-08-01 13:01:34 | INFO | Found latest version of tr87: tr87-cd924810 (downloaded: 2026-06-08 07:25:23.848054+00:00)
2026-08-01 13:01:34 | INFO | Found latest version of tr87: tr87-cd924810 (downloaded: 2026-06-08 07:25:23.848054+00:00)
2026-08-01 13:01:34 | INFO | Found latest version of tr87: tr87-cd924810 (downloaded: 2026-06-08 07:25:23.848054+00:00)
2026-08-01 13:01:34 | INFO | Found latest version of tr87: tr87-cd924810 (downloaded: 2026-06-08 07:25:23.848054+00:00)
2026-08-01 13:01:34 | INFO | Found latest version of tr87: tr87-cd924810 (downloaded: 2026-06-08 07:25:23.848054+00:00)
2026-08-01 13:01:34 | INFO | Found latest version of tr87: tr87-cd924810 (downloaded: 2026-06-08 07:25:23.848054+00:00)
2026-08-01 13:01:34 | INFO | Found latest version of tr87: tr87-cd924810 (downloaded: 2026-06-08 07:25:23.848054+00:00)
2026-08-01 13:01:34 | INFO | Found latest version of tr87: tr87-cd924810 (downloaded: 2026-06-08 07:25:23.848054+00:00)
2026-08-01 13:01:34 | INFO | Found latest version of tr87: tr87-cd924810 (downloaded: 2026-06-08 07:25:23.848054+00:00)
2026-08-01 13:01:34 | INFO | Found latest version of tr87: tr87-cd924810 (downloaded: 2026-06-08 07:25:23.848054+00:00)
2026-08-01 13:01:34 | INFO | Found latest version of tr87: tr87-cd924810 (downloaded: 2026-06-08 07:25:23.848054+00:00)
2026-08-01 13:01:34 | INFO | Found latest version of tr87: tr87-cd924810 (downloaded: 2026-06-08 07:25:23.848054+00:00)
2026-08-01 13:01:34 | INFO | Found latest version of tr87: tr87-cd924810 (downloaded: 2026-06-08 07:25:23.848054+00:00)
2026-08-01 13:01:34 | INFO | Found latest version of tr87: tr87-cd924810 (downloaded: 2026-06-08 07:25:23.848054+00:00)
2026-08-01 13:01:34 | INFO | Found latest version of tr87: tr87-cd924810 (downloaded: 2026-06-08 07:25:23.848054+00:00)
2026-08-01 13:01:34 | INFO | Found latest version of tr87: tr87-cd924810 (downloaded: 2026-06-08 07:25:23.848054+00:00)
2026-08-01 13:01:34 | INFO | Found latest version of tr87: tr87-cd924810 (downloaded: 2026-06-08 07:25:23.848054+00:00)
2026-08-01 13:01:34 | INFO | Found latest version of tr87: tr87-cd924810 (downloaded: 2026-06-08 07:25:23.848054+00:00)
2026-08-01 13:01:34 | INFO | Found latest version of tr87: tr87-cd924810 (downloaded: 2026-06-08 07:25:23.848054+00:00)
INFO:arc_agi.scorecard:Initialized ScorecardManager with idle_for=0:15:00 and max_open_for=3 days, 0:00:00
2026-08-01 13:01:34 | INFO | Created new scorecard: d0cd6141-f849-44e4-ad0d-d98246a042ba
2026-08-01 13:01:34 | INFO | Found latest version of tr87: tr87-cd924810 (downloaded: 2026-06-08 07:25:23.848054+00:00)
INFO:arc_agi.scorecard:Initialized ScorecardManager with idle_for=0:15:00 and max_open_for=3 days, 0:00:00
2026-08-01 13:01:34 | INFO | Created new scorecard: 7be7d7f5-201e-4b61-aad1-79c53e97c850
2026-08-01 13:01:34 | INFO | Found latest version of tr87: tr87-cd924810 (downloaded: 2026-06-08 07:25:23.848054+00:00)
INFO:arc_agi.scorecard:Initialized ScorecardManager with idle_for=0:15:00 and max_open_for=3 days, 0:00:00
2026-08-01 13:01:34 | INFO | Created new scorecard: 75b62985-b826-4614-8bff-3b077301f22c
2026-08-01 13:01:34 | INFO | Found latest version of g50t: g50t-5849a774 (downloaded: 2026-06-08 07:25:26.663660+00:00)
2026-08-01 13:01:34 | INFO | Successfully loaded game class G50t from /home/ianblenke/github.com/ianblenke/carnot/environment_files/g50t/5849a774/g50t.py
INFO:arc_agi.scorecard:Initialized ScorecardManager with idle_for=0:15:00 and max_open_for=3 days, 0:00:00
2026-08-01 13:01:34 | INFO | Created new scorecard: 67c43b3f-0856-4a28-b7ae-1266a68a61fa
2026-08-01 13:01:34 | INFO | Found latest version of g50t: g50t-5849a774 (downloaded: 2026-06-08 07:25:26.663660+00:00)
INFO:arc_agi.scorecard:Initialized ScorecardManager with idle_for=0:15:00 and max_open_for=3 days, 0:00:00
2026-08-01 13:01:34 | INFO | Created new scorecard: 301d7f87-24be-4da8-8f49-cb7fa5f68bf2
2026-08-01 13:01:34 | INFO | Found latest version of g50t: g50t-5849a774 (downloaded: 2026-06-08 07:25:26.663660+00:00)
INFO:arc_agi.scorecard:Initialized ScorecardManager with idle_for=0:15:00 and max_open_for=3 days, 0:00:00
2026-08-01 13:01:34 | INFO | Created new scorecard: 74b2a293-82a3-48d7-b67c-1c42dea48ebc
2026-08-01 13:01:34 | INFO | Found latest version of re86: re86-8af5384d (downloaded: 2026-06-08 07:25:20.929610+00:00)
2026-08-01 13:01:34 | INFO | Successfully loaded game class Re86 from /home/ianblenke/github.com/ianblenke/carnot/environment_files/re86/8af5384d/re86.py
INFO:arc_agi.scorecard:Initialized ScorecardManager with idle_for=0:15:00 and max_open_for=3 days, 0:00:00
2026-08-01 13:01:34 | INFO | Created new scorecard: 550eabeb-9196-4797-91b7-8f6e41077ae3
2026-08-01 13:01:34 | INFO | Found latest version of re86: re86-8af5384d (downloaded: 2026-06-08 07:25:20.929610+00:00)
2026-08-01 13:01:34 | INFO | Found latest version of re86: re86-8af5384d (downloaded: 2026-06-08 07:25:20.929610+00:00)
2026-08-01 13:01:34 | INFO | Found latest version of re86: re86-8af5384d (downloaded: 2026-06-08 07:25:20.929610+00:00)
2026-08-01 13:01:34 | INFO | Found latest version of re86: re86-8af5384d (downloaded: 2026-06-08 07:25:20.929610+00:00)
2026-08-01 13:01:34 | INFO | Found latest version of re86: re86-8af5384d (downloaded: 2026-06-08 07:25:20.929610+00:00)
2026-08-01 13:01:34 | INFO | Found latest version of re86: re86-8af5384d (downloaded: 2026-06-08 07:25:20.929610+00:00)
2026-08-01 13:01:34 | INFO | Found latest version of re86: re86-8af5384d (downloaded: 2026-06-08 07:25:20.929610+00:00)
2026-08-01 13:01:34 | INFO | Found latest version of re86: re86-8af5384d (downloaded: 2026-06-08 07:25:20.929610+00:00)
2026-08-01 13:01:34 | INFO | Found latest version of re86: re86-8af5384d (downloaded: 2026-06-08 07:25:20.929610+00:00)
2026-08-01 13:01:34 | INFO | Found latest version of re86: re86-8af5384d (downloaded: 2026-06-08 07:25:20.929610+00:00)
2026-08-01 13:01:34 | INFO | Found latest version of re86: re86-8af5384d (downloaded: 2026-06-08 07:25:20.929610+00:00)
2026-08-01 13:01:35 | INFO | Found latest version of re86: re86-8af5384d (downloaded: 2026-06-08 07:25:20.929610+00:00)
2026-08-01 13:01:35 | INFO | Found latest version of re86: re86-8af5384d (downloaded: 2026-06-08 07:25:20.929610+00:00)
2026-08-01 13:01:35 | INFO | Found latest version of re86: re86-8af5384d (downloaded: 2026-06-08 07:25:20.929610+00:00)
2026-08-01 13:01:35 | INFO | Found latest version of re86: re86-8af5384d (downloaded: 2026-06-08 07:25:20.929610+00:00)
2026-08-01 13:01:35 | INFO | Found latest version of re86: re86-8af5384d (downloaded: 2026-06-08 07:25:20.929610+00:00)
2026-08-01 13:01:35 | INFO | Found latest version of re86: re86-8af5384d (downloaded: 2026-06-08 07:25:20.929610+00:00)
2026-08-01 13:01:35 | INFO | Found latest version of re86: re86-8af5384d (downloaded: 2026-06-08 07:25:20.929610+00:00)
2026-08-01 13:01:35 | INFO | Found latest version of re86: re86-8af5384d (downloaded: 2026-06-08 07:25:20.929610+00:00)
2026-08-01 13:01:35 | INFO | Found latest version of re86: re86-8af5384d (downloaded: 2026-06-08 07:25:20.929610+00:00)
2026-08-01 13:01:35 | INFO | Found latest version of re86: re86-8af5384d (downloaded: 2026-06-08 07:25:20.929610+00:00)
2026-08-01 13:01:35 | INFO | Found latest version of re86: re86-8af5384d (downloaded: 2026-06-08 07:25:20.929610+00:00)
2026-08-01 13:01:35 | INFO | Found latest version of re86: re86-8af5384d (downloaded: 2026-06-08 07:25:20.929610+00:00)
2026-08-01 13:01:35 | INFO | Found latest version of re86: re86-8af5384d (downloaded: 2026-06-08 07:25:20.929610+00:00)
2026-08-01 13:01:35 | INFO | Found latest version of re86: re86-8af5384d (downloaded: 2026-06-08 07:25:20.929610+00:00)
2026-08-01 13:01:35 | INFO | Found latest version of re86: re86-8af5384d (downloaded: 2026-06-08 07:25:20.929610+00:00)
2026-08-01 13:01:35 | INFO | Found latest version of re86: re86-8af5384d (downloaded: 2026-06-08 07:25:20.929610+00:00)
2026-08-01 13:01:35 | INFO | Found latest version of re86: re86-8af5384d (downloaded: 2026-06-08 07:25:20.929610+00:00)
2026-08-01 13:01:35 | INFO | Found latest version of re86: re86-8af5384d (downloaded: 2026-06-08 07:25:20.929610+00:00)
2026-08-01 13:01:35 | INFO | Found latest version of re86: re86-8af5384d (downloaded: 2026-06-08 07:25:20.929610+00:00)
2026-08-01 13:01:35 | INFO | Found latest version of re86: re86-8af5384d (downloaded: 2026-06-08 07:25:20.929610+00:00)
2026-08-01 13:01:35 | INFO | Found latest version of re86: re86-8af5384d (downloaded: 2026-06-08 07:25:20.929610+00:00)
2026-08-01 13:01:35 | INFO | Found latest version of re86: re86-8af5384d (downloaded: 2026-06-08 07:25:20.929610+00:00)
2026-08-01 13:01:35 | INFO | Found latest version of re86: re86-8af5384d (downloaded: 2026-06-08 07:25:20.929610+00:00)
2026-08-01 13:01:35 | INFO | Found latest version of re86: re86-8af5384d (downloaded: 2026-06-08 07:25:20.929610+00:00)
2026-08-01 13:01:35 | INFO | Found latest version of re86: re86-8af5384d (downloaded: 2026-06-08 07:25:20.929610+00:00)
2026-08-01 13:01:35 | INFO | Found latest version of re86: re86-8af5384d (downloaded: 2026-06-08 07:25:20.929610+00:00)
2026-08-01 13:01:35 | INFO | Found latest version of re86: re86-8af5384d (downloaded: 2026-06-08 07:25:20.929610+00:00)
2026-08-01 13:01:35 | INFO | Found latest version of re86: re86-8af5384d (downloaded: 2026-06-08 07:25:20.929610+00:00)
2026-08-01 13:01:35 | INFO | Found latest version of re86: re86-8af5384d (downloaded: 2026-06-08 07:25:20.929610+00:00)
2026-08-01 13:01:35 | INFO | Found latest version of re86: re86-8af5384d (downloaded: 2026-06-08 07:25:20.929610+00:00)
INFO:arc_agi.scorecard:Initialized ScorecardManager with idle_for=0:15:00 and max_open_for=3 days, 0:00:00
2026-08-01 13:01:35 | INFO | Created new scorecard: 5715fed2-7ac8-4162-9f88-88eab0b370e7
2026-08-01 13:01:35 | INFO | Found latest version of re86: re86-8af5384d (downloaded: 2026-06-08 07:25:20.929610+00:00)
INFO:arc_agi.scorecard:Initialized ScorecardManager with idle_for=0:15:00 and max_open_for=3 days, 0:00:00
2026-08-01 13:01:35 | INFO | Created new scorecard: 76bf48df-5d88-45ab-84b1-e0abe2904233
2026-08-01 13:01:35 | INFO | Found latest version of re86: re86-8af5384d (downloaded: 2026-06-08 07:25:20.929610+00:00)
INFO:arc_agi.scorecard:Initialized ScorecardManager with idle_for=0:15:00 and max_open_for=3 days, 0:00:00
2026-08-01 13:01:35 | INFO | Created new scorecard: 6dcfe598-08c7-4966-a9a8-d57045fcc738
2026-08-01 13:01:35 | INFO | Found latest version of bp35: bp35-0a0ad940 (downloaded: 2026-06-08 07:25:25.249850+00:00)
2026-08-01 13:01:35 | INFO | Successfully loaded game class Bp35 from /home/ianblenke/github.com/ianblenke/carnot/environment_files/bp35/0a0ad940/bp35.py
INFO:arc_agi.scorecard:Initialized ScorecardManager with idle_for=0:15:00 and max_open_for=3 days, 0:00:00
2026-08-01 13:01:36 | INFO | Created new scorecard: 6098e287-85e5-483b-961b-e4a916409ec2
2026-08-01 13:01:36 | INFO | Found latest version of bp35: bp35-0a0ad940 (downloaded: 2026-06-08 07:25:25.249850+00:00)
INFO:arc_agi.scorecard:Initialized ScorecardManager with idle_for=0:15:00 and max_open_for=3 days, 0:00:00
2026-08-01 13:01:36 | INFO | Created new scorecard: c3877ca9-598d-4df7-827e-369e06988ffe
2026-08-01 13:01:36 | INFO | Found latest version of bp35: bp35-0a0ad940 (downloaded: 2026-06-08 07:25:25.249850+00:00)
INFO:arc_agi.scorecard:Initialized ScorecardManager with idle_for=0:15:00 and max_open_for=3 days, 0:00:00
2026-08-01 13:01:36 | INFO | Created new scorecard: a5ef3680-c8ac-49ac-921b-5825abec4ad6
2026-08-01 13:01:36 | INFO | Found latest version of sb26: sb26-7fbdac44 (downloaded: 2026-06-08 07:25:20.203481+00:00)
2026-08-01 13:01:36 | INFO | Successfully loaded game class Sb26 from /home/ianblenke/github.com/ianblenke/carnot/environment_files/sb26/7fbdac44/sb26.py
INFO:arc_agi.scorecard:Initialized ScorecardManager with idle_for=0:15:00 and max_open_for=3 days, 0:00:00
2026-08-01 13:01:36 | INFO | Created new scorecard: ca914f46-7a2e-472c-82a3-0cce0f5b8f34
2026-08-01 13:01:36 | INFO | Found latest version of sb26: sb26-7fbdac44 (downloaded: 2026-06-08 07:25:20.203481+00:00)
2026-08-01 13:01:36 | INFO | Found latest version of sb26: sb26-7fbdac44 (downloaded: 2026-06-08 07:25:20.203481+00:00)
2026-08-01 13:01:36 | INFO | Found latest version of sb26: sb26-7fbdac44 (downloaded: 2026-06-08 07:25:20.203481+00:00)
2026-08-01 13:01:36 | INFO | Found latest version of sb26: sb26-7fbdac44 (downloaded: 2026-06-08 07:25:20.203481+00:00)
2026-08-01 13:01:36 | INFO | Found latest version of sb26: sb26-7fbdac44 (downloaded: 2026-06-08 07:25:20.203481+00:00)
2026-08-01 13:01:36 | INFO | Found latest version of sb26: sb26-7fbdac44 (downloaded: 2026-06-08 07:25:20.203481+00:00)
2026-08-01 13:01:36 | INFO | Found latest version of sb26: sb26-7fbdac44 (downloaded: 2026-06-08 07:25:20.203481+00:00)
2026-08-01 13:01:36 | INFO | Found latest version of sb26: sb26-7fbdac44 (downloaded: 2026-06-08 07:25:20.203481+00:00)
2026-08-01 13:01:36 | INFO | Found latest version of sb26: sb26-7fbdac44 (downloaded: 2026-06-08 07:25:20.203481+00:00)
2026-08-01 13:01:36 | INFO | Found latest version of sb26: sb26-7fbdac44 (downloaded: 2026-06-08 07:25:20.203481+00:00)
2026-08-01 13:01:36 | INFO | Found latest version of sb26: sb26-7fbdac44 (downloaded: 2026-06-08 07:25:20.203481+00:00)
2026-08-01 13:01:36 | INFO | Found latest version of sb26: sb26-7fbdac44 (downloaded: 2026-06-08 07:25:20.203481+00:00)
2026-08-01 13:01:36 | INFO | Found latest version of sb26: sb26-7fbdac44 (downloaded: 2026-06-08 07:25:20.203481+00:00)
2026-08-01 13:01:36 | INFO | Found latest version of sb26: sb26-7fbdac44 (downloaded: 2026-06-08 07:25:20.203481+00:00)
2026-08-01 13:01:36 | INFO | Found latest version of sb26: sb26-7fbdac44 (downloaded: 2026-06-08 07:25:20.203481+00:00)
2026-08-01 13:01:36 | INFO | Found latest version of sb26: sb26-7fbdac44 (downloaded: 2026-06-08 07:25:20.203481+00:00)
2026-08-01 13:01:36 | INFO | Found latest version of sb26: sb26-7fbdac44 (downloaded: 2026-06-08 07:25:20.203481+00:00)
2026-08-01 13:01:36 | INFO | Found latest version of sb26: sb26-7fbdac44 (downloaded: 2026-06-08 07:25:20.203481+00:00)
2026-08-01 13:01:36 | INFO | Found latest version of sb26: sb26-7fbdac44 (downloaded: 2026-06-08 07:25:20.203481+00:00)
INFO:arc_agi.scorecard:Initialized ScorecardManager with idle_for=0:15:00 and max_open_for=3 days, 0:00:00
2026-08-01 13:01:36 | INFO | Created new scorecard: 9e646b95-3f1b-4af1-9e9f-d9e04035acce
2026-08-01 13:01:36 | INFO | Found latest version of sb26: sb26-7fbdac44 (downloaded: 2026-06-08 07:25:20.203481+00:00)
INFO:arc_agi.scorecard:Initialized ScorecardManager with idle_for=0:15:00 and max_open_for=3 days, 0:00:00
2026-08-01 13:01:36 | INFO | Created new scorecard: a63f32cc-64b1-4eb0-b3ac-0d1acbf6bbed
2026-08-01 13:01:36 | INFO | Found latest version of sb26: sb26-7fbdac44 (downloaded: 2026-06-08 07:25:20.203481+00:00)
INFO:arc_agi.scorecard:Initialized ScorecardManager with idle_for=0:15:00 and max_open_for=3 days, 0:00:00
2026-08-01 13:01:36 | INFO | Created new scorecard: 22d48976-daf3-45f7-be61-a59a07923b7f
2026-08-01 13:01:36 | INFO | Found latest version of lf52: lf52-271a04aa (downloaded: 2026-06-08 07:25:21.720041+00:00)
2026-08-01 13:01:36 | INFO | Successfully loaded game class Lf52 from /home/ianblenke/github.com/ianblenke/carnot/environment_files/lf52/271a04aa/lf52.py
INFO:arc_agi.scorecard:Initialized ScorecardManager with idle_for=0:15:00 and max_open_for=3 days, 0:00:00
2026-08-01 13:01:36 | INFO | Created new scorecard: 5014d51b-756e-43dc-bf42-f9fc8715791f
2026-08-01 13:01:36 | INFO | Found latest version of lf52: lf52-271a04aa (downloaded: 2026-06-08 07:25:21.720041+00:00)
2026-08-01 13:01:36 | INFO | Found latest version of lf52: lf52-271a04aa (downloaded: 2026-06-08 07:25:21.720041+00:00)
2026-08-01 13:01:36 | INFO | Found latest version of lf52: lf52-271a04aa (downloaded: 2026-06-08 07:25:21.720041+00:00)
2026-08-01 13:01:36 | INFO | Found latest version of lf52: lf52-271a04aa (downloaded: 2026-06-08 07:25:21.720041+00:00)
2026-08-01 13:01:36 | INFO | Found latest version of lf52: lf52-271a04aa (downloaded: 2026-06-08 07:25:21.720041+00:00)
2026-08-01 13:01:36 | INFO | Found latest version of lf52: lf52-271a04aa (downloaded: 2026-06-08 07:25:21.720041+00:00)
2026-08-01 13:01:36 | INFO | Found latest version of lf52: lf52-271a04aa (downloaded: 2026-06-08 07:25:21.720041+00:00)
2026-08-01 13:01:36 | INFO | Found latest version of lf52: lf52-271a04aa (downloaded: 2026-06-08 07:25:21.720041+00:00)
2026-08-01 13:01:36 | INFO | Found latest version of lf52: lf52-271a04aa (downloaded: 2026-06-08 07:25:21.720041+00:00)
2026-08-01 13:01:36 | INFO | Found latest version of lf52: lf52-271a04aa (downloaded: 2026-06-08 07:25:21.720041+00:00)
2026-08-01 13:01:36 | INFO | Found latest version of lf52: lf52-271a04aa (downloaded: 2026-06-08 07:25:21.720041+00:00)
2026-08-01 13:01:36 | INFO | Found latest version of lf52: lf52-271a04aa (downloaded: 2026-06-08 07:25:21.720041+00:00)
2026-08-01 13:01:36 | INFO | Found latest version of lf52: lf52-271a04aa (downloaded: 2026-06-08 07:25:21.720041+00:00)
2026-08-01 13:01:36 | INFO | Found latest version of lf52: lf52-271a04aa (downloaded: 2026-06-08 07:25:21.720041+00:00)
2026-08-01 13:01:36 | INFO | Found latest version of lf52: lf52-271a04aa (downloaded: 2026-06-08 07:25:21.720041+00:00)
2026-08-01 13:01:36 | INFO | Found latest version of lf52: lf52-271a04aa (downloaded: 2026-06-08 07:25:21.720041+00:00)
2026-08-01 13:01:36 | INFO | Found latest version of lf52: lf52-271a04aa (downloaded: 2026-06-08 07:25:21.720041+00:00)
INFO:arc_agi.scorecard:Initialized ScorecardManager with idle_for=0:15:00 and max_open_for=3 days, 0:00:00
2026-08-01 13:01:36 | INFO | Created new scorecard: 543389f4-edab-4947-94d5-112030ef8532
2026-08-01 13:01:36 | INFO | Found latest version of lf52: lf52-271a04aa (downloaded: 2026-06-08 07:25:21.720041+00:00)
INFO:arc_agi.scorecard:Initialized ScorecardManager with idle_for=0:15:00 and max_open_for=3 days, 0:00:00
2026-08-01 13:01:36 | INFO | Created new scorecard: 31905954-36f7-4235-831f-e81efed1f0d6
2026-08-01 13:01:36 | INFO | Found latest version of lf52: lf52-271a04aa (downloaded: 2026-06-08 07:25:21.720041+00:00)
INFO:arc_agi.scorecard:Initialized ScorecardManager with idle_for=0:15:00 and max_open_for=3 days, 0:00:00
2026-08-01 13:01:36 | INFO | Created new scorecard: ebe95d74-60e4-4883-986f-af159dc2d904
2026-08-01 13:01:36 | INFO | Found latest version of su15: su15-1944f8ab (downloaded: 2026-06-08 07:25:24.919195+00:00)
2026-08-01 13:01:36 | INFO | Successfully loaded game class Su15 from /home/ianblenke/github.com/ianblenke/carnot/environment_files/su15/1944f8ab/su15.py
INFO:arc_agi.scorecard:Initialized ScorecardManager with idle_for=0:15:00 and max_open_for=3 days, 0:00:00
2026-08-01 13:01:36 | INFO | Created new scorecard: 63b19698-d307-4ad9-8c2e-ec5de579cb33
2026-08-01 13:01:36 | INFO | Found latest version of su15: su15-1944f8ab (downloaded: 2026-06-08 07:25:24.919195+00:00)
2026-08-01 13:01:36 | INFO | Found latest version of su15: su15-1944f8ab (downloaded: 2026-06-08 07:25:24.919195+00:00)
2026-08-01 13:01:36 | INFO | Found latest version of su15: su15-1944f8ab (downloaded: 2026-06-08 07:25:24.919195+00:00)
2026-08-01 13:01:36 | INFO | Found latest version of su15: su15-1944f8ab (downloaded: 2026-06-08 07:25:24.919195+00:00)
2026-08-01 13:01:36 | INFO | Found latest version of su15: su15-1944f8ab (downloaded: 2026-06-08 07:25:24.919195+00:00)
2026-08-01 13:01:36 | INFO | Found latest version of su15: su15-1944f8ab (downloaded: 2026-06-08 07:25:24.919195+00:00)
2026-08-01 13:01:36 | INFO | Found latest version of su15: su15-1944f8ab (downloaded: 2026-06-08 07:25:24.919195+00:00)
2026-08-01 13:01:36 | INFO | Found latest version of su15: su15-1944f8ab (downloaded: 2026-06-08 07:25:24.919195+00:00)
2026-08-01 13:01:36 | INFO | Found latest version of su15: su15-1944f8ab (downloaded: 2026-06-08 07:25:24.919195+00:00)
2026-08-01 13:01:36 | INFO | Found latest version of su15: su15-1944f8ab (downloaded: 2026-06-08 07:25:24.919195+00:00)
2026-08-01 13:01:36 | INFO | Found latest version of su15: su15-1944f8ab (downloaded: 2026-06-08 07:25:24.919195+00:00)
2026-08-01 13:01:36 | INFO | Found latest version of su15: su15-1944f8ab (downloaded: 2026-06-08 07:25:24.919195+00:00)
2026-08-01 13:01:36 | INFO | Found latest version of su15: su15-1944f8ab (downloaded: 2026-06-08 07:25:24.919195+00:00)
2026-08-01 13:01:36 | INFO | Found latest version of su15: su15-1944f8ab (downloaded: 2026-06-08 07:25:24.919195+00:00)
2026-08-01 13:01:36 | INFO | Found latest version of su15: su15-1944f8ab (downloaded: 2026-06-08 07:25:24.919195+00:00)
INFO:arc_agi.scorecard:Initialized ScorecardManager with idle_for=0:15:00 and max_open_for=3 days, 0:00:00
2026-08-01 13:01:36 | INFO | Created new scorecard: 6d86e99a-0628-4564-94d9-0d25ef9f811e
2026-08-01 13:01:36 | INFO | Found latest version of su15: su15-1944f8ab (downloaded: 2026-06-08 07:25:24.919195+00:00)
INFO:arc_agi.scorecard:Initialized ScorecardManager with idle_for=0:15:00 and max_open_for=3 days, 0:00:00
2026-08-01 13:01:36 | INFO | Created new scorecard: e5e32bd8-d3f1-496b-9795-f33e5c1f86e1
2026-08-01 13:01:36 | INFO | Found latest version of su15: su15-1944f8ab (downloaded: 2026-06-08 07:25:24.919195+00:00)
INFO:arc_agi.scorecard:Initialized ScorecardManager with idle_for=0:15:00 and max_open_for=3 days, 0:00:00
2026-08-01 13:01:36 | INFO | Created new scorecard: 4f3c9404-4afd-4afa-982b-b467202a7062
2026-08-01 13:01:36 | INFO | Found latest version of lp85: lp85-305b61c3 (downloaded: 2026-06-08 07:25:24.478883+00:00)
2026-08-01 13:01:36 | INFO | Successfully loaded game class Lp85 from /home/ianblenke/github.com/ianblenke/carnot/environment_files/lp85/305b61c3/lp85.py
INFO:arc_agi.scorecard:Initialized ScorecardManager with idle_for=0:15:00 and max_open_for=3 days, 0:00:00
2026-08-01 13:01:36 | INFO | Created new scorecard: c01ef460-425f-4aa4-b76b-dfddc41fa148
2026-08-01 13:01:36 | INFO | Found latest version of lp85: lp85-305b61c3 (downloaded: 2026-06-08 07:25:24.478883+00:00)
INFO:arc_agi.scorecard:Initialized ScorecardManager with idle_for=0:15:00 and max_open_for=3 days, 0:00:00
2026-08-01 13:01:36 | INFO | Created new scorecard: 5eef6158-0d43-4d9f-ac22-97c9e4cc928b
2026-08-01 13:01:36 | INFO | Found latest version of lp85: lp85-305b61c3 (downloaded: 2026-06-08 07:25:24.478883+00:00)
INFO:arc_agi.scorecard:Initialized ScorecardManager with idle_for=0:15:00 and max_open_for=3 days, 0:00:00
2026-08-01 13:01:36 | INFO | Created new scorecard: 3994a828-cf7b-421a-8f8e-890238e02a75
2026-08-01 13:01:36 | INFO | Found latest version of cd82: cd82-fb555c5d (downloaded: 2026-06-08 07:25:18.243395+00:00)
2026-08-01 13:01:36 | INFO | Successfully loaded game class Cd82 from /home/ianblenke/github.com/ianblenke/carnot/environment_files/cd82/fb555c5d/cd82.py
INFO:arc_agi.scorecard:Initialized ScorecardManager with idle_for=0:15:00 and max_open_for=3 days, 0:00:00
2026-08-01 13:01:36 | INFO | Created new scorecard: 4edb0bad-0f60-4c15-ae18-e1abe9c7eb1b
2026-08-01 13:01:36 | INFO | Found latest version of cd82: cd82-fb555c5d (downloaded: 2026-06-08 07:25:18.243395+00:00)
2026-08-01 13:01:36 | INFO | Found latest version of cd82: cd82-fb555c5d (downloaded: 2026-06-08 07:25:18.243395+00:00)
2026-08-01 13:01:36 | INFO | Found latest version of cd82: cd82-fb555c5d (downloaded: 2026-06-08 07:25:18.243395+00:00)
2026-08-01 13:01:36 | INFO | Found latest version of cd82: cd82-fb555c5d (downloaded: 2026-06-08 07:25:18.243395+00:00)
2026-08-01 13:01:36 | INFO | Found latest version of cd82: cd82-fb555c5d (downloaded: 2026-06-08 07:25:18.243395+00:00)
2026-08-01 13:01:36 | INFO | Found latest version of cd82: cd82-fb555c5d (downloaded: 2026-06-08 07:25:18.243395+00:00)
2026-08-01 13:01:36 | INFO | Found latest version of cd82: cd82-fb555c5d (downloaded: 2026-06-08 07:25:18.243395+00:00)
2026-08-01 13:01:36 | INFO | Found latest version of cd82: cd82-fb555c5d (downloaded: 2026-06-08 07:25:18.243395+00:00)
2026-08-01 13:01:36 | INFO | Found latest version of cd82: cd82-fb555c5d (downloaded: 2026-06-08 07:25:18.243395+00:00)
2026-08-01 13:01:36 | INFO | Found latest version of cd82: cd82-fb555c5d (downloaded: 2026-06-08 07:25:18.243395+00:00)
2026-08-01 13:01:36 | INFO | Found latest version of cd82: cd82-fb555c5d (downloaded: 2026-06-08 07:25:18.243395+00:00)
INFO:arc_agi.scorecard:Initialized ScorecardManager with idle_for=0:15:00 and max_open_for=3 days, 0:00:00
2026-08-01 13:01:36 | INFO | Created new scorecard: 6a8db87f-5f4d-4678-9cb0-737a670aa8c7
2026-08-01 13:01:36 | INFO | Found latest version of cd82: cd82-fb555c5d (downloaded: 2026-06-08 07:25:18.243395+00:00)
INFO:arc_agi.scorecard:Initialized ScorecardManager with idle_for=0:15:00 and max_open_for=3 days, 0:00:00
2026-08-01 13:01:36 | INFO | Created new scorecard: 787198e3-3e03-4cf1-b3f0-111cafa8faa6
2026-08-01 13:01:36 | INFO | Found latest version of cd82: cd82-fb555c5d (downloaded: 2026-06-08 07:25:18.243395+00:00)
INFO:arc_agi.scorecard:Initialized ScorecardManager with idle_for=0:15:00 and max_open_for=3 days, 0:00:00
2026-08-01 13:01:36 | INFO | Created new scorecard: 0cd795ac-b65f-4eaa-bb4a-a90ba33bf47d
2026-08-01 13:01:36 | INFO | Found latest version of wa30: wa30-ee6fef47 (downloaded: 2026-06-08 07:25:22.982245+00:00)
2026-08-01 13:01:36 | INFO | Successfully loaded game class Wa30 from /home/ianblenke/github.com/ianblenke/carnot/environment_files/wa30/ee6fef47/wa30.py
INFO:arc_agi.scorecard:Initialized ScorecardManager with idle_for=0:15:00 and max_open_for=3 days, 0:00:00
2026-08-01 13:01:37 | INFO | Created new scorecard: a10ef620-8974-4c39-bd80-f73da681a4b3
2026-08-01 13:01:37 | INFO | Found latest version of wa30: wa30-ee6fef47 (downloaded: 2026-06-08 07:25:22.982245+00:00)
INFO:arc_agi.scorecard:Initialized ScorecardManager with idle_for=0:15:00 and max_open_for=3 days, 0:00:00
2026-08-01 13:01:37 | INFO | Created new scorecard: 0d2d5f38-16dd-4723-ba59-22850811d178
2026-08-01 13:01:37 | INFO | Found latest version of wa30: wa30-ee6fef47 (downloaded: 2026-06-08 07:25:22.982245+00:00)
INFO:arc_agi.scorecard:Initialized ScorecardManager with idle_for=0:15:00 and max_open_for=3 days, 0:00:00
2026-08-01 13:01:37 | INFO | Created new scorecard: 079d7e76-7051-4834-9b59-0b135e33c9f3
2026-08-01 13:01:37 | INFO | Found latest version of sc25: sc25-635fd71a (downloaded: 2026-06-08 07:25:18.391279+00:00)
2026-08-01 13:01:37 | INFO | Successfully loaded game class Sc25 from /home/ianblenke/github.com/ianblenke/carnot/environment_files/sc25/635fd71a/sc25.py
INFO:arc_agi.scorecard:Initialized ScorecardManager with idle_for=0:15:00 and max_open_for=3 days, 0:00:00
2026-08-01 13:01:37 | INFO | Created new scorecard: 3bafe4ac-12ad-4c3c-8284-b3eb9fa3f64e
2026-08-01 13:01:37 | INFO | Found latest version of sc25: sc25-635fd71a (downloaded: 2026-06-08 07:25:18.391279+00:00)
INFO:arc_agi.scorecard:Initialized ScorecardManager with idle_for=0:15:00 and max_open_for=3 days, 0:00:00
2026-08-01 13:01:37 | INFO | Created new scorecard: 4212bea8-4d4b-4b7b-80fc-358a22939c84
2026-08-01 13:01:37 | INFO | Found latest version of sc25: sc25-635fd71a (downloaded: 2026-06-08 07:25:18.391279+00:00)
INFO:arc_agi.scorecard:Initialized ScorecardManager with idle_for=0:15:00 and max_open_for=3 days, 0:00:00
2026-08-01 13:01:37 | INFO | Created new scorecard: a8b8730e-12cf-4261-b765-d9c86a2e164f
2026-08-01 13:01:37 | INFO | Found latest version of tn36: tn36-ef4dde99 (downloaded: 2026-06-08 07:25:22.107920+00:00)
2026-08-01 13:01:37 | INFO | Successfully loaded game class Tn36 from /home/ianblenke/github.com/ianblenke/carnot/environment_files/tn36/ef4dde99/tn36.py
INFO:arc_agi.scorecard:Initialized ScorecardManager with idle_for=0:15:00 and max_open_for=3 days, 0:00:00
2026-08-01 13:01:37 | INFO | Created new scorecard: 4be750ce-d989-4c57-ae0c-e1821db08766
2026-08-01 13:01:37 | INFO | Found latest version of tn36: tn36-ef4dde99 (downloaded: 2026-06-08 07:25:22.107920+00:00)
INFO:arc_agi.scorecard:Initialized ScorecardManager with idle_for=0:15:00 and max_open_for=3 days, 0:00:00
2026-08-01 13:01:37 | INFO | Created new scorecard: 4dffe724-24cc-4abb-aa19-85e5dd26c092
2026-08-01 13:01:37 | INFO | Found latest version of tn36: tn36-ef4dde99 (downloaded: 2026-06-08 07:25:22.107920+00:00)
INFO:arc_agi.scorecard:Initialized ScorecardManager with idle_for=0:15:00 and max_open_for=3 days, 0:00:00
2026-08-01 13:01:37 | INFO | Created new scorecard: 504c4666-d537-429c-97be-1edd4913f3fe
2026-08-01 13:01:37 | INFO | Found latest version of ka59: ka59-38d34dbb (downloaded: 2026-06-08 07:25:23.298190+00:00)
2026-08-01 13:01:37 | INFO | Successfully loaded game class Ka59 from /home/ianblenke/github.com/ianblenke/carnot/environment_files/ka59/38d34dbb/ka59.py
INFO:arc_agi.scorecard:Initialized ScorecardManager with idle_for=0:15:00 and max_open_for=3 days, 0:00:00
2026-08-01 13:01:37 | INFO | Created new scorecard: 07b4171b-c89f-41dc-856f-d9f05abd96de
2026-08-01 13:01:37 | INFO | Found latest version of ka59: ka59-38d34dbb (downloaded: 2026-06-08 07:25:23.298190+00:00)
2026-08-01 13:01:37 | INFO | Found latest version of ka59: ka59-38d34dbb (downloaded: 2026-06-08 07:25:23.298190+00:00)
2026-08-01 13:01:37 | INFO | Found latest version of ka59: ka59-38d34dbb (downloaded: 2026-06-08 07:25:23.298190+00:00)
2026-08-01 13:01:37 | INFO | Found latest version of ka59: ka59-38d34dbb (downloaded: 2026-06-08 07:25:23.298190+00:00)
2026-08-01 13:01:37 | INFO | Found latest version of ka59: ka59-38d34dbb (downloaded: 2026-06-08 07:25:23.298190+00:00)
2026-08-01 13:01:37 | INFO | Found latest version of ka59: ka59-38d34dbb (downloaded: 2026-06-08 07:25:23.298190+00:00)
2026-08-01 13:01:37 | INFO | Found latest version of ka59: ka59-38d34dbb (downloaded: 2026-06-08 07:25:23.298190+00:00)
2026-08-01 13:01:37 | INFO | Found latest version of ka59: ka59-38d34dbb (downloaded: 2026-06-08 07:25:23.298190+00:00)
2026-08-01 13:01:37 | INFO | Found latest version of ka59: ka59-38d34dbb (downloaded: 2026-06-08 07:25:23.298190+00:00)
2026-08-01 13:01:37 | INFO | Found latest version of ka59: ka59-38d34dbb (downloaded: 2026-06-08 07:25:23.298190+00:00)
2026-08-01 13:01:37 | INFO | Found latest version of ka59: ka59-38d34dbb (downloaded: 2026-06-08 07:25:23.298190+00:00)
2026-08-01 13:01:37 | INFO | Found latest version of ka59: ka59-38d34dbb (downloaded: 2026-06-08 07:25:23.298190+00:00)
2026-08-01 13:01:37 | INFO | Found latest version of ka59: ka59-38d34dbb (downloaded: 2026-06-08 07:25:23.298190+00:00)
2026-08-01 13:01:37 | INFO | Found latest version of ka59: ka59-38d34dbb (downloaded: 2026-06-08 07:25:23.298190+00:00)
2026-08-01 13:01:37 | INFO | Found latest version of ka59: ka59-38d34dbb (downloaded: 2026-06-08 07:25:23.298190+00:00)
2026-08-01 13:01:37 | INFO | Found latest version of ka59: ka59-38d34dbb (downloaded: 2026-06-08 07:25:23.298190+00:00)
2026-08-01 13:01:37 | INFO | Found latest version of ka59: ka59-38d34dbb (downloaded: 2026-06-08 07:25:23.298190+00:00)
2026-08-01 13:01:37 | INFO | Found latest version of ka59: ka59-38d34dbb (downloaded: 2026-06-08 07:25:23.298190+00:00)
2026-08-01 13:01:37 | INFO | Found latest version of ka59: ka59-38d34dbb (downloaded: 2026-06-08 07:25:23.298190+00:00)
2026-08-01 13:01:37 | INFO | Found latest version of ka59: ka59-38d34dbb (downloaded: 2026-06-08 07:25:23.298190+00:00)
2026-08-01 13:01:37 | INFO | Found latest version of ka59: ka59-38d34dbb (downloaded: 2026-06-08 07:25:23.298190+00:00)
2026-08-01 13:01:37 | INFO | Found latest version of ka59: ka59-38d34dbb (downloaded: 2026-06-08 07:25:23.298190+00:00)
2026-08-01 13:01:37 | INFO | Found latest version of ka59: ka59-38d34dbb (downloaded: 2026-06-08 07:25:23.298190+00:00)
INFO:arc_agi.scorecard:Initialized ScorecardManager with idle_for=0:15:00 and max_open_for=3 days, 0:00:00
2026-08-01 13:01:37 | INFO | Created new scorecard: 69a999dc-2511-4d53-8039-e5c402927607
2026-08-01 13:01:37 | INFO | Found latest version of ka59: ka59-38d34dbb (downloaded: 2026-06-08 07:25:23.298190+00:00)
INFO:arc_agi.scorecard:Initialized ScorecardManager with idle_for=0:15:00 and max_open_for=3 days, 0:00:00
2026-08-01 13:01:37 | INFO | Created new scorecard: 4e260d77-cf23-45ac-8909-e7ab68f18d75
2026-08-01 13:01:37 | INFO | Found latest version of ka59: ka59-38d34dbb (downloaded: 2026-06-08 07:25:23.298190+00:00)
[carnot.arc.generator] using the CUDA build pinned to gpu0 (ffn_cpu_layers=0, n_ctx=32768, mtp=False).
windows built for 20 games
treatment witness OK: prompt byte-identical across arms on 20 games
pre-registration sha256:44ce3ff8b2a704488bebf9ff456716ab0b51da69a72c41b69bf36fb6e3308d96
  PRIMARY = usable-engine yield (shipped validate_engine_code); 20 games
  min reachable two-sided p = 1.907e-06; p<0.05 needs >=6 discordant pairs
  STATED UP FRONT: the primary is probably underpowered -- see POWER_STATED_UP_FRONT
launching gemma-4-31B-it-qat on port 41791 gpu 0 n_ctx 32768 ...
server: {"pid": 2211128, "exe_from_proc": "/home/ianblenke/.cache/llama.cpp-master/build/bin/llama-server", "port_requested": 41791, "port_actual": 41791, "cuda_gpu": "0", "reuse_refusals": [], "n_ctx_declared": 32768, "n_ctx_from_props": 32768, "model_from_props": "/home/ianblenke/.cache/huggingface/hub/models--unsloth--gemma-4-31B-it-qat-GGUF/snapshots/43cc1aeb31adf47ec06a854507ce552cd9862e6f/gemma-4-31B-it-qat-UD-Q4_K_XL.gguf", "is_cuda_build": true, "mtp": false, "kv_quant": "q8_0", "n_gpu_layers": 999, "max_tokens": 4096}

166 cells queued

[1/166] ls20 r0 off    ok=True usable=True inert=False live=True reask=0 calls=1 63.15s
[2/166] ls20 r0 on     ok=True usable=True inert=False live=True reask=0 calls=1 74.28s
[3/166] s5i5 r0 on     ok=True usable=True inert=False live=True reask=0 calls=1 51.97s
[4/166] s5i5 r0 off    ok=True usable=True inert=False live=True reask=0 calls=1 73.0s
[5/166] tu93 r0 off    ok=True usable=True inert=True live=False reask=0 calls=1 76.16s
[6/166] tu93 r0 on     ok=True usable=True inert=False live=True reask=0 calls=1 94.0s
[7/166] cn04 r0 on     ok=True usable=True inert=False live=True reask=1 calls=3 118.55s
[8/166] cn04 r0 off    ok=True usable=True inert=False live=True reask=1 calls=3 112.81s
[9/166] m0r0 r0 off    ok=True usable=True inert=True live=False reask=0 calls=1 22.89s
[10/166] m0r0 r0 on     ok=True usable=True inert=False live=True reask=0 calls=1 48.85s
[11/166] sk48 r0 on     ok=True usable=True inert=False live=True reask=0 calls=3 97.93s
[12/166] sk48 r0 off    ok=True usable=True inert=True live=False reask=0 calls=1 48.52s
[13/166] ar25 r0 off    ok=True usable=True inert=False live=True reask=1 calls=3 170.04s
[14/166] ar25 r0 on     ok=True usable=True inert=False live=True reask=0 calls=3 296.84s
[15/166] tr87 r0 on     ok=True usable=False inert=False live=False reask=1 calls=3 93.53s
[16/166] tr87 r0 off    ok=True usable=True inert=False live=True reask=0 calls=1 64.62s
[17/166] g50t r0 off    ok=True usable=True inert=True live=False reask=0 calls=3 318.56s
[18/166] g50t r0 on     ok=True usable=True inert=False live=True reask=1 calls=3 131.0s
[19/166] re86 r0 on     ok=True usable=True inert=False live=True reask=0 calls=1 41.36s
[20/166] re86 r0 off    ok=True usable=True inert=False live=True reask=0 calls=1 52.19s
[21/166] bp35 r0 off    ok=True usable=True inert=False live=True reask=1 calls=3 143.86s
[22/166] bp35 r0 on     ok=True usable=True inert=False live=True reask=0 calls=1 39.45s
[23/166] sb26 r0 on     ok=True usable=True inert=False live=True reask=0 calls=3 102.36s
[24/166] sb26 r0 off    ok=True usable=True inert=False live=True reask=0 calls=1 77.08s
[25/166] lf52 r0 off    ok=True usable=True inert=False live=True reask=0 calls=1 60.97s
[26/166] lf52 r0 on     ok=True usable=True inert=False live=True reask=0 calls=1 69.13s
[27/166] su15 r0 on     ok=True usable=True inert=False live=True reask=1 calls=3 141.79s
[28/166] su15 r0 off    ok=True usable=True inert=False live=True reask=0 calls=1 46.98s
[29/166] lp85 r0 off    ok=True usable=True inert=False live=True reask=0 calls=1 42.32s
[30/166] lp85 r0 on     ok=True usable=True inert=False live=True reask=0 calls=1 67.74s
[31/166] cd82 r0 on     ok=True usable=True inert=False live=True reask=0 calls=1 51.21s
[32/166] cd82 r0 off    ok=True usable=True inert=False live=True reask=0 calls=1 45.65s
[33/166] wa30 r0 off    ok=True usable=True inert=False live=True reask=1 calls=3 73.84s
[34/166] wa30 r0 on     ok=True usable=True inert=False live=True reask=0 calls=1 55.11s
[35/166] sc25 r0 on     ok=True usable=True inert=False live=True reask=0 calls=1 21.12s
[36/166] sc25 r0 off    ok=True usable=True inert=False live=True reask=0 calls=1 40.18s
[37/166] tn36 r0 off    ok=True usable=True inert=False live=True reask=0 calls=1 43.88s
[38/166] tn36 r0 on     ok=True usable=True inert=False live=True reask=0 calls=1 54.5s
[39/166] ka59 r0 on     ok=True usable=True inert=False live=True reask=0 calls=1 39.71s
[40/166] ka59 r0 off    ok=True usable=True inert=False live=True reask=0 calls=1 44.54s
[41/166] ls20 r1 on     ok=True usable=True inert=False live=True reask=0 calls=1 126.76s
[42/166] ls20 r1 off    ok=True usable=True inert=True live=False reask=0 calls=1 213.16s
[43/166] s5i5 r1 off    ok=True usable=True inert=False live=True reask=0 calls=1 40.19s
[44/166] s5i5 r1 on     ok=True usable=True inert=False live=True reask=0 calls=1 45.33s
[45/166] tu93 r1 on     ok=False usable=False inert=None live=False reask=1 calls=2 144.11s
[46/166] tu93 r1 off    ok=True usable=True inert=False live=True reask=0 calls=1 46.76s
[47/166] cn04 r1 off    ok=True usable=True inert=False live=True reask=0 calls=1 61.04s
[48/166] cn04 r1 on     ok=True usable=True inert=False live=True reask=1 calls=3 199.36s
[49/166] m0r0 r1 on     ok=True usable=True inert=False live=True reask=0 calls=1 79.61s
[50/166] m0r0 r1 off    ok=True usable=True inert=False live=True reask=0 calls=1 119.97s
[51/166] sk48 r1 off    ok=True usable=True inert=False live=True reask=0 calls=1 48.75s
[52/166] sk48 r1 on     ok=False usable=False inert=None live=False reask=1 calls=2 53.8s
[53/166] ar25 r1 on     ok=True usable=True inert=False live=True reask=0 calls=1 39.68s
[54/166] ar25 r1 off    ok=True usable=True inert=False live=True reask=0 calls=1 45.81s
[55/166] tr87 r1 off    ok=True usable=True inert=False live=True reask=0 calls=1 55.83s
[56/166] tr87 r1 on     ok=True usable=True inert=False live=True reask=0 calls=1 78.14s
[57/166] g50t r1 on     ok=True usable=True inert=False live=True reask=1 calls=3 112.24s
[58/166] g50t r1 off    ok=True usable=True inert=True live=False reask=0 calls=1 20.78s
[59/166] re86 r1 off    ok=False usable=False inert=None live=False reask=1 calls=2 74.12s
[60/166] re86 r1 on     ok=False usable=False inert=None live=False reask=1 calls=2 141.45s
[61/166] bp35 r1 on     ok=True usable=True inert=False live=True reask=0 calls=1 60.36s
[62/166] bp35 r1 off    ok=True usable=True inert=False live=True reask=0 calls=1 40.11s
[63/166] sb26 r1 off    ok=True usable=True inert=False live=True reask=0 calls=1 77.6s
[64/166] sb26 r1 on     ok=True usable=True inert=False live=True reask=0 calls=1 62.88s
[65/166] lf52 r1 on     ok=True usable=True inert=False live=True reask=0 calls=1 105.43s
[66/166] lf52 r1 off    ok=True usable=True inert=False live=True reask=0 calls=1 47.9s
[67/166] su15 r1 off    ok=True usable=True inert=False live=True reask=0 calls=1 56.23s
[68/166] su15 r1 on     ok=True usable=True inert=False live=True reask=0 calls=1 53.81s
[69/166] lp85 r1 on     ok=True usable=True inert=False live=True reask=0 calls=1 106.31s
[70/166] lp85 r1 off    ok=True usable=True inert=False live=True reask=0 calls=1 129.21s
[71/166] cd82 r1 off    ok=True usable=True inert=False live=True reask=0 calls=3 313.59s
[72/166] cd82 r1 on     ok=True usable=True inert=False live=True reask=0 calls=1 57.1s
[73/166] wa30 r1 on     ok=True usable=True inert=False live=True reask=0 calls=1 49.83s
[74/166] wa30 r1 off    ok=True usable=True inert=True live=False reask=0 calls=1 38.3s
[75/166] sc25 r1 off    ok=True usable=True inert=False live=True reask=0 calls=3 85.6s
[76/166] sc25 r1 on     ok=True usable=True inert=False live=True reask=0 calls=1 51.87s
[77/166] tn36 r1 on     ok=True usable=True inert=False live=True reask=0 calls=1 52.72s
[78/166] tn36 r1 off    ok=True usable=True inert=False live=True reask=0 calls=1 77.89s
[79/166] ka59 r1 off    ok=True usable=True inert=False live=True reask=0 calls=3 136.23s
[80/166] ka59 r1 on     ok=True usable=True inert=True live=False reask=0 calls=1 98.08s
[81/166] ls20 r2 off    ok=True usable=True inert=False live=True reask=0 calls=1 78.4s
[82/166] ls20 r2 on     ok=False usable=False inert=None live=False reask=1 calls=2 94.29s
[83/166] s5i5 r2 on     ok=True usable=True inert=False live=True reask=0 calls=1 50.28s
[84/166] s5i5 r2 off    ok=True usable=True inert=False live=True reask=0 calls=1 34.66s
[85/166] tu93 r2 off    ok=True usable=True inert=False live=True reask=0 calls=1 76.6s
[86/166] tu93 r2 on     ok=True usable=True inert=False live=True reask=0 calls=1 64.68s
[87/166] cn04 r2 on     ok=True usable=True inert=False live=True reask=0 calls=1 67.69s
[88/166] cn04 r2 off    ok=True usable=True inert=False live=True reask=1 calls=3 147.53s
[89/166] m0r0 r2 off    ok=True usable=True inert=True live=False reask=0 calls=1 25.11s
[90/166] m0r0 r2 on     ok=False usable=False inert=None live=False reask=2 calls=2 53.27s
[91/166] sk48 r2 on     ok=True usable=True inert=True live=False reask=0 calls=1 125.36s
[92/166] sk48 r2 off    ok=True usable=True inert=False live=True reask=0 calls=1 62.34s
[93/166] ar25 r2 off    ok=True usable=True inert=False live=True reask=0 calls=1 49.92s
[94/166] ar25 r2 on     ok=True usable=True inert=False live=True reask=0 calls=1 115.93s
[95/166] tr87 r2 on     ok=True usable=True inert=False live=True reask=0 calls=1 44.45s
[96/166] tr87 r2 off    ok=True usable=True inert=False live=True reask=0 calls=1 54.88s
[97/166] g50t r2 off    ok=True usable=True inert=True live=False reask=0 calls=1 54.32s
[98/166] g50t r2 on     ok=True usable=True inert=False live=True reask=1 calls=3 232.31s
[99/166] re86 r2 on     ok=True usable=True inert=False live=True reask=0 calls=1 101.2s
[100/166] re86 r2 off    ok=True usable=False inert=False live=False reask=0 calls=1 204.92s
[101/166] bp35 r2 off    ok=True usable=True inert=False live=True reask=0 calls=1 84.83s
[102/166] bp35 r2 on     ok=True usable=True inert=False live=True reask=0 calls=1 55.75s
[103/166] sb26 r2 on     ok=True usable=True inert=False live=True reask=0 calls=1 73.08s
[104/166] sb26 r2 off    ok=True usable=True inert=False live=True reask=0 calls=1 81.16s
[105/166] lf52 r2 off    ok=True usable=True inert=False live=True reask=0 calls=1 78.35s
[106/166] lf52 r2 on     ok=True usable=True inert=False live=True reask=0 calls=1 50.18s
[107/166] su15 r2 on     ok=True usable=True inert=False live=True reask=0 calls=1 47.46s
[108/166] su15 r2 off    ok=True usable=True inert=False live=True reask=0 calls=3 107.83s
[109/166] lp85 r2 off    ok=False usable=False inert=None live=False reask=0 calls=2 215.91s
[110/166] lp85 r2 on     ok=True usable=True inert=False live=True reask=0 calls=1 66.52s
[111/166] cd82 r2 on     ok=False usable=False inert=None live=False reask=1 calls=2 208.24s
[112/166] cd82 r2 off    ok=True usable=True inert=False live=True reask=0 calls=1 52.99s
[113/166] wa30 r2 off    ok=True usable=True inert=True live=False reask=0 calls=3 222.73s
[114/166] wa30 r2 on     ok=False usable=False inert=None live=False reask=1 calls=2 55.91s
[115/166] sc25 r2 on     ok=True usable=True inert=False live=True reask=0 calls=1 79.55s
[116/166] sc25 r2 off    ok=True usable=True inert=False live=True reask=0 calls=1 92.1s
[117/166] tn36 r2 off    ok=True usable=True inert=False live=True reask=0 calls=1 115.6s
[118/166] tn36 r2 on     ok=True usable=True inert=False live=True reask=0 calls=1 41.06s
[119/166] ka59 r2 on     ok=False usable=False inert=None live=False reask=1 calls=2 114.94s
[120/166] ka59 r2 off    ok=True usable=True inert=False live=True reask=0 calls=1 73.79s
[121/166] ls20 r3 on     ok=False usable=False inert=None live=False reask=1 calls=2 131.84s
[122/166] ls20 r3 off    ok=True usable=True inert=False live=True reask=0 calls=1 56.44s
[123/166] s5i5 r3 off    ok=True usable=True inert=True live=False reask=0 calls=1 46.13s
[124/166] s5i5 r3 on     ok=True usable=True inert=True live=False reask=0 calls=1 40.52s
[125/166] tu93 r3 on     ok=True usable=True inert=False live=True reask=0 calls=1 72.37s
[126/166] tu93 r3 off    ok=True usable=True inert=False live=True reask=0 calls=1 89.28s
[127/166] cn04 r3 off    ok=True usable=True inert=False live=True reask=0 calls=1 37.41s
[128/166] cn04 r3 on     ok=True usable=True inert=False live=True reask=1 calls=3 166.72s
[129/166] m0r0 r3 on     ok=True usable=True inert=False live=True reask=0 calls=1 51.26s
[130/166] m0r0 r3 off    ok=True usable=True inert=False live=True reask=0 calls=1 52.32s
[131/166] sk48 r3 off    ok=True usable=True inert=False live=True reask=0 calls=1 51.8s
[132/166] sk48 r3 on     ok=True usable=True inert=False live=True reask=1 calls=3 120.96s
[133/166] ar25 r3 on     ok=True usable=True inert=False live=True reask=0 calls=1 93.74s
[134/166] ar25 r3 off    ok=True usable=True inert=False live=True reask=0 calls=1 43.94s
[135/166] tr87 r3 off    ok=True usable=True inert=False live=True reask=0 calls=1 63.72s
[136/166] tr87 r3 on     ok=False usable=False inert=None live=False reask=1 calls=2 99.34s
[137/166] g50t r3 on     ok=True usable=True inert=False live=True reask=0 calls=3 326.25s
[138/166] g50t r3 off    ok=True usable=True inert=False live=True reask=0 calls=1 41.36s
[139/166] re86 r3 off    ok=True usable=True inert=True live=False reask=0 calls=1 52.04s
[140/166] re86 r3 on     ok=True usable=True inert=False live=True reask=1 calls=3 147.71s
[141/166] bp35 r3 on     ok=True usable=True inert=False live=True reask=0 calls=1 50.48s
[142/166] bp35 r3 off    ok=True usable=True inert=False live=True reask=0 calls=1 42.48s
[143/166] sb26 r3 off    ok=True usable=True inert=False live=True reask=0 calls=1 65.4s
[144/166] sb26 r3 on     ok=True usable=True inert=False live=True reask=0 calls=1 52.12s
[145/166] lf52 r3 on     ok=True usable=True inert=False live=True reask=0 calls=1 88.49s
[146/166] lf52 r3 off    ok=True usable=True inert=False live=True reask=0 calls=1 122.95s
[147/166] su15 r3 off    ok=True usable=True inert=False live=True reask=0 calls=1 157.03s
[148/166] su15 r3 on     ok=False usable=False inert=None live=False reask=0 calls=2 139.57s
[149/166] lp85 r3 on     ok=True usable=True inert=False live=True reask=0 calls=1 125.66s
[150/166] lp85 r3 off    ok=True usable=True inert=False live=True reask=0 calls=3 208.79s
[151/166] cd82 r3 off    ok=True usable=True inert=False live=True reask=0 calls=1 46.11s
[152/166] cd82 r3 on     ok=True usable=True inert=False live=True reask=0 calls=1 43.03s
[153/166] wa30 r3 on     ok=True usable=True inert=False live=True reask=1 calls=3 99.77s
[154/166] wa30 r3 off    ok=True usable=True inert=False live=True reask=0 calls=1 32.13s
[155/166] sc25 r3 off    ok=False usable=False inert=None live=False reask=0 calls=2 296.85s
[156/166] sc25 r3 on     ok=True usable=True inert=False live=True reask=0 calls=1 90.56s
[157/166] tn36 r3 on     ok=True usable=True inert=False live=True reask=0 calls=1 68.81s
[158/166] tn36 r3 off    ok=True usable=True inert=False live=True reask=0 calls=1 103.8s
[159/166] ka59 r3 off    ok=False usable=False inert=None live=False reask=0 calls=2 253.39s
[160/166] ka59 r3 on     ok=True usable=True inert=False live=True reask=0 calls=1 59.68s
[161/166] ls20 r0 offAA  ok=True usable=True inert=False live=True reask=0 calls=1 75.71s
[162/166] s5i5 r0 offAA  ok=True usable=True inert=False live=True reask=0 calls=1 61.35s
[163/166] tu93 r0 offAA  ok=True usable=True inert=True live=False reask=0 calls=1 92.1s
[164/166] cn04 r0 offAA  ok=True usable=True inert=False live=True reask=1 calls=3 137.23s
[165/166] m0r0 r0 offAA  ok=True usable=True inert=True live=False reask=0 calls=1 26.63s
[166/166] sk48 r0 offAA  ok=True usable=True inert=False live=True reask=0 calls=3 115.01s

collection done: 166 cells in 15398.32s
