{
  "experiment": 167,
  "v2_per_domain": {
    "arithmetic": 0.721,
    "code": 0.776,
    "logic": 0.479,
    "macro": 0.659
  },
  "v3_per_domain": {
    "arithmetic": 0.8743550250288794,
    "code": 0.9761092150170648,
    "logic": 0.9458467741935483,
    "macro": 0.9321036714131642
  },
  "macro_improvement": 0.27310367141316416,
  "logic_improvement": 0.46684677419354836,
  "target_met": true,
  "best_epoch": 9,
  "n_train": 1202,
  "n_val": 298,
  "precision_at_05": {
    "arithmetic": 0.4953271028037383,
    "code": 0.26666666666666666,
    "logic": 0.5
  },
  "recall_at_05": {
    "arithmetic": 1.0,
    "code": 0.8,
    "logic": 1.0
  },
  "training_config": {
    "n_epochs_max": 200,
    "lr": 0.001,
    "weight_decay": 0.0001,
    "batch_size": 64,
    "val_fraction": 0.2,
    "early_stop_patience": 20,
    "logic_loss_weight": 2.0
  }
}