{
  "experiment": 155,
  "v1_macro_auroc": 0.647760691766653,
  "v2_macro_auroc": 0.6588828939009381,
  "per_domain_v1": {
    "arithmetic": 0.7030081879672481,
    "code": 0.7058823529411764,
    "logic": 0.5343915343915344
  },
  "per_domain_v2": {
    "arithmetic": 0.7213421146315414,
    "code": 0.7764705882352941,
    "logic": 0.4788359788359789
  },
  "improvement": {
    "arithmetic": 0.018333926664293343,
    "code": 0.07058823529411773,
    "logic": -0.055555555555555525
  },
  "macro_improvement": 0.011122202134285164,
  "target_met": false,
  "training": {
    "epochs_run": 34,
    "best_epoch": 19,
    "n_train": 963,
    "n_val": 237
  },
  "v2_precision_at_05": {
    "arithmetic": 0.4953271028037383,
    "code": 0.23529411764705882,
    "logic": 0.42857142857142855
  },
  "v2_recall_at_05": {
    "arithmetic": 1.0,
    "code": 0.8,
    "logic": 0.8333333333333334
  },
  "result_header": "WARNING: Experiment 155 has no explicit live inference provenance. Keep this artifact for the research record, but treat its metrics as unverified rather than validated live performance.",
  "result_provenance": {
    "experiment": 209,
    "status": "warning",
    "detected_mode": null,
    "normalized_mode": "missing",
    "source": "missing"
  }
}
