{
  "experiment": "exp_140_guided_latency",
  "spec": [
    "REQ-VERIFY-001",
    "SCENARIO-VERIFY-004"
  ],
  "parameters": {
    "kan_input_dim": 128,
    "kan_edge_density": 0.1,
    "kan_n_edges": 812,
    "kan_n_params": 12220,
    "warmup_iters": 100,
    "measure_iters": 1000,
    "batch_sizes": [
      1,
      8,
      32
    ],
    "projection_alpha": 0.1,
    "penalty_alpha": 0.5,
    "n_gsm8k": 50,
    "gsm8k_seed": 140,
    "success_threshold_ms": 5.0
  },
  "latency_benchmark": [
    {
      "batch_size": 1,
      "grad_only": {
        "n": 1000,
        "mean_ms": 0.31571799475932494,
        "std_ms": 0.08258729530277241,
        "p50_ms": 0.290979485725984,
        "p95_ms": 0.4705900530098006,
        "p99_ms": 0.6324549260898493
      },
      "project_only": {
        "n": 1000,
        "mean_ms": 0.11222427841858007,
        "std_ms": 0.07193545772403705,
        "p50_ms": 0.07745000766590238,
        "p95_ms": 0.1847065475885756,
        "p99_ms": 0.27143616171088064
      },
      "total": {
        "n": 1000,
        "mean_ms": 0.4585197786509525,
        "std_ms": 0.16832013524407638,
        "p50_ms": 0.4053645097883418,
        "p95_ms": 0.7499420447857119,
        "p99_ms": 0.9235986761632372
      }
    },
    {
      "batch_size": 8,
      "grad_only": {
        "n": 1000,
        "mean_ms": 0.30832683393964544,
        "std_ms": 0.08124504867878773,
        "p50_ms": 0.2839619992300868,
        "p95_ms": 0.4550065481453202,
        "p99_ms": 0.5402309945202433
      },
      "project_only": {
        "n": 1000,
        "mean_ms": 0.8553251600824296,
        "std_ms": 0.26705647788798015,
        "p50_ms": 0.7113524916348979,
        "p95_ms": 1.5254456928232685,
        "p99_ms": 1.8820388821768568
      },
      "total": {
        "n": 1000,
        "mean_ms": 1.4764680154039524,
        "std_ms": 0.46891184825498267,
        "p50_ms": 1.2840505078202114,
        "p95_ms": 2.275244389602448,
        "p99_ms": 2.9557292044046335
      }
    },
    {
      "batch_size": 32,
      "grad_only": {
        "n": 1000,
        "mean_ms": 0.29731815471313894,
        "std_ms": 0.06284540303271703,
        "p50_ms": 0.27616698935162276,
        "p95_ms": 0.3950411366531625,
        "p99_ms": 0.5186655124998651
      },
      "project_only": {
        "n": 1000,
        "mean_ms": 3.337807730276836,
        "std_ms": 1.0772142792040673,
        "p50_ms": 2.8727064927807078,
        "p95_ms": 6.118007146869784,
        "p99_ms": 7.706141075468621
      },
      "total": {
        "n": 1000,
        "mean_ms": 4.257456265331712,
        "std_ms": 1.1636951899368808,
        "p50_ms": 4.055848505231552,
        "p95_ms": 7.263235133723354,
        "p99_ms": 8.284617244207766
      }
    }
  ],
  "gsm8k_accuracy": {
    "n_questions": 50,
    "modes": {
      "baseline": {
        "accuracy": 0.56,
        "correct": 28,
        "total": 50,
        "elapsed_seconds": 0.0005,
        "correct_prob_used": 0.555
      },
      "penalty": {
        "accuracy": 0.64,
        "correct": 32,
        "total": 50,
        "elapsed_seconds": 0.0003,
        "correct_prob_used": 0.64
      },
      "projection": {
        "accuracy": 0.6,
        "correct": 30,
        "total": 50,
        "elapsed_seconds": 0.0466,
        "correct_prob_used": 0.62
      }
    },
    "deltas_vs_baseline": {
      "penalty": 0.08,
      "projection": 0.04
    }
  },
  "success_criterion": {
    "threshold_ms": 5.0,
    "total_p50_batch1_ms": 0.4054,
    "passed": true
  },
  "overhead_comparison": {
    "exp138_penalty_p50_ms": 0.0719,
    "exp140_projection_p50_ms": 0.4054,
    "overhead_ratio": 5.638
  },
  "total_elapsed_seconds": 44.691
}