{
  "experiment": "116_lnn_adaptive",
  "description": "LNN adaptive constraint model vs static Ising for agentic reasoning error detection",
  "config": {
    "input_dim": 16,
    "hidden_dim": 8,
    "n_chains": 20,
    "n_steps": 5,
    "seed": 2024,
    "lnn_tau_base": 0.8,
    "lnn_dt": 0.3
  },
  "summary": {
    "lnn_detection_rate": 0.1,
    "ising_detection_rate": 1.0,
    "lnn_correct_detections": 1,
    "ising_correct_detections": 10,
    "n_error_chains": 10,
    "lnn_mean_energy_gap": 0.016055068696732632,
    "ising_mean_energy_gap": 9.480286189664913,
    "lnn_advantage": -0.9
  },
  "energy_evolution": {
    "lnn_avg_correct_chain_by_step": [
      0.003871642285957933,
      -0.003745287563651801,
      0.02142630191519856,
      0.038485712790861736,
      0.03584755817428231
    ],
    "ising_avg_correct_chain_by_step": [
      0.015272288769483569,
      0.0527058226056397,
      0.09796106307767331,
      0.07120213275775314,
      0.1313622920308262
    ],
    "lnn_avg_error_chain_by_step": [
      0.004364028770942241,
      0.03735083257779479,
      0.12758356714621186,
      0.17702655456960198,
      0.19984985142946238
    ],
    "ising_avg_error_chain_by_step": [
      0.06940381249296478,
      3.284807281242683,
      6.112864553183317,
      9.10241365432739,
      6.584355020523071
    ]
  },
  "per_chain_results": [
    {
      "chain_id": "correct_00",
      "is_correct": true,
      "error_at_step": null,
      "lnn_energies": [
        0.033315252512693405,
        0.0063087232410907745,
        0.02346489019691944,
        0.002797238063067198,
        0.05673579126596451
      ],
      "ising_energies": [
        0.08934446424245834,
        -0.0642116442322731,
        0.261430561542511,
        0.024737492203712463,
        0.15968984365463257
      ]
    },
    {
      "chain_id": "correct_01",
      "is_correct": true,
      "error_at_step": null,
      "lnn_energies": [
        0.005244378931820393,
        -0.0027589313685894012,
        0.007974961772561073,
        -0.02369450405240059,
        -0.03186321258544922
      ],
      "ising_energies": [
        0.045068059116601944,
        -0.05713718757033348,
        0.003937560599297285,
        0.014407913200557232,
        -0.20253196358680725
      ]
    },
    {
      "chain_id": "correct_02",
      "is_correct": true,
      "error_at_step": null,
      "lnn_energies": [
        -0.0630616545677185,
        0.012884771451354027,
        0.06073461472988129,
        0.1056925505399704,
        0.06632005423307419
      ],
      "ising_energies": [
        -0.13963894546031952,
        0.19482405483722687,
        -0.11438798904418945,
        -0.3709075450897217,
        0.30831098556518555
      ]
    },
    {
      "chain_id": "correct_03",
      "is_correct": true,
      "error_at_step": null,
      "lnn_energies": [
        0.019520210102200508,
        0.05813341587781906,
        0.04516907408833504,
        0.06175471842288971,
        0.06226595118641853
      ],
      "ising_energies": [
        -0.047647327184677124,
        0.005381411872804165,
        -0.019173385575413704,
        -0.029295308515429497,
        0.22328035533428192
      ]
    },
    {
      "chain_id": "correct_04",
      "is_correct": true,
      "error_at_step": null,
      "lnn_energies": [
        0.03675639256834984,
        -0.025781558826565742,
        0.004467979073524475,
        0.009883493185043335,
        -0.006983831524848938
      ],
      "ising_energies": [
        0.13707894086837769,
        -0.07295986264944077,
        0.42088642716407776,
        0.1086106225848198,
        0.2084789127111435
      ]
    },
    {
      "chain_id": "correct_05",
      "is_correct": true,
      "error_at_step": null,
      "lnn_energies": [
        -0.012985710054636002,
        -0.004958849400281906,
        -0.02443472295999527,
        0.009807814843952656,
        0.0742369219660759
      ],
      "ising_energies": [
        -0.03418348357081413,
        0.19760149717330933,
        -0.02654433622956276,
        0.027018869295716286,
        -0.03291212022304535
      ]
    },
    {
      "chain_id": "correct_06",
      "is_correct": true,
      "error_at_step": null,
      "lnn_energies": [
        0.0018553647678345442,
        0.006398030556738377,
        0.01802409440279007,
        0.011132115498185158,
        0.04806068167090416
      ],
      "ising_energies": [
        -0.1342228651046753,
        0.028072787448763847,
        0.1536632478237152,
        0.09281367808580399,
        0.3177343010902405
      ]
    },
    {
      "chain_id": "correct_07",
      "is_correct": true,
      "error_at_step": null,
      "lnn_energies": [
        -0.0014742969069629908,
        -0.021345648914575577,
        0.06966231763362885,
        0.13498125970363617,
        0.014649812132120132
      ],
      "ising_energies": [
        0.1103305071592331,
        0.017366111278533936,
        0.13916750252246857,
        0.23100794851779938,
        0.12161990255117416
      ]
    },
    {
      "chain_id": "correct_08",
      "is_correct": true,
      "error_at_step": null,
      "lnn_energies": [
        0.006459852680563927,
        -0.03435765579342842,
        -0.000345742329955101,
        0.04561810940504074,
        0.06338369846343994
      ],
      "ising_energies": [
        0.01589079201221466,
        0.23439723253250122,
        0.1072077825665474,
        0.41256749629974365,
        0.21195374429225922
      ]
    },
    {
      "chain_id": "correct_09",
      "is_correct": true,
      "error_at_step": null,
      "lnn_energies": [
        0.013086632825434208,
        -0.03197517246007919,
        0.009545552544295788,
        0.026884332299232483,
        0.01166971493512392
      ],
      "ising_energies": [
        0.110702745616436,
        0.04372382536530495,
        0.053423259407281876,
        0.20106016099452972,
        -0.002001041080802679
      ]
    },
    {
      "chain_id": "error_00",
      "is_correct": false,
      "error_at_step": 1,
      "lnn_energies": [
        -0.0012432964285835624,
        -0.156662717461586,
        0.06466072797775269,
        0.2748648524284363,
        0.20398512482643127
      ],
      "ising_energies": [
        0.013067690655589104,
        12.002815246582031,
        2.8732566833496094,
        9.478034019470215,
        5.750137805938721
      ],
      "lnn_detected_step": 3,
      "ising_detected_step": 1,
      "lnn_detected_correctly": false,
      "ising_detected_correctly": true,
      "lnn_energy_gap": -0.29222956966259517,
      "ising_energy_gap": 7.474191196728498
    },
    {
      "chain_id": "error_01",
      "is_correct": false,
      "error_at_step": 2,
      "lnn_energies": [
        -0.05192386358976364,
        -0.05810099095106125,
        0.2518578767776489,
        0.23665063083171844,
        0.30486226081848145
      ],
      "ising_energies": [
        0.13712391257286072,
        0.206107035279274,
        12.498920440673828,
        4.8607869148254395,
        4.853778839111328
      ],
      "lnn_detected_step": 4,
      "ising_detected_step": 2,
      "lnn_detected_correctly": false,
      "ising_detected_correctly": true,
      "lnn_energy_gap": 0.14398586750030518,
      "ising_energy_gap": 9.984471265226603
    },
    {
      "chain_id": "error_02",
      "is_correct": false,
      "error_at_step": 3,
      "lnn_energies": [
        0.0002868371084332466,
        0.01744770258665085,
        0.013621722348034382,
        0.2864035367965698,
        0.3107275068759918
      ],
      "ising_energies": [
        0.04463963210582733,
        0.00442494498565793,
        0.07360558211803436,
        12.861867904663086,
        6.651641368865967
      ],
      "lnn_detected_step": 4,
      "ising_detected_step": 3,
      "lnn_detected_correctly": false,
      "ising_detected_correctly": true,
      "lnn_energy_gap": 0.20088259456679225,