[exp7303-validation] before_subprocess hard_restart_crash elapsed_s=0.000 unit=1/1
[exp7303-validation:hard_restart_crash] [exp8152] phase=fixture_slots completed=32 pending=224
[exp7303-validation:hard_restart_crash] [exp8152] phase=fixture_slots completed=64 pending=192
[exp7303-validation:hard_restart_crash] [exp8180] phase=intentional_hard_exit completed=90 pending=21
[exp7303-validation] after_subprocess hard_restart_crash elapsed_s=4.690 exit=73 unit=1/1
[exp7303-validation] before_subprocess hard_restart_resume elapsed_s=0.000 unit=1/1
[exp7303-validation:hard_restart_resume] [exp8152] phase=fixture_slots completed=96 pending=160
[exp7303-validation:hard_restart_resume] [exp8152] phase=fixture_slots completed=128 pending=128
[exp7303-validation:hard_restart_resume] [exp8152] phase=fixture_slots completed=160 pending=96
[exp7303-validation:hard_restart_resume] [exp8152] phase=fixture_slots completed=192 pending=64
[exp7303-validation:hard_restart_resume] [exp8152] phase=fixture_slots completed=224 pending=32
[exp7303-validation:hard_restart_resume] [exp8152] phase=fixture_slots completed=256 pending=0
[exp7303-validation] after_subprocess hard_restart_resume elapsed_s=6.984 exit=0 unit=1/1
[exp8152] phase=fixture_slots completed=32 pending=224
[exp8152] phase=fixture_slots completed=64 pending=192
[exp8152] phase=fixture_slots completed=96 pending=160
[exp8152] phase=fixture_slots completed=128 pending=128
[exp8152] phase=fixture_slots completed=160 pending=96
[exp8152] phase=fixture_slots completed=192 pending=64
[exp8152] phase=fixture_slots completed=224 pending=32
[exp8152] phase=fixture_slots completed=256 pending=0
.[exp8193] phase=preconditions_start completed=0 pending=0
[exp8180] phase=preconditions_start completed=0 pending=0
[exp8111] phase=historical_completion_custody completed=0 pending=320
[exp8111] phase=historical_completion_custody completed=64 pending=256
[exp8111] phase=historical_completion_custody completed=128 pending=192
[exp8111] phase=historical_completion_custody completed=192 pending=128
[exp8111] phase=historical_completion_custody completed=256 pending=64
[exp8180] phase=before_diagnosis_benchmark completed=0 pending=40960
[exp8180] phase=after_diagnosis_benchmark completed=12640 pending=0
[exp8180] phase=before_fixture_benchmark_learnable completed=0 pending=20
[exp8152] phase=fixture_slots completed=32 pending=224
[exp8152] phase=fixture_slots completed=64 pending=192
[exp8152] phase=fixture_slots completed=96 pending=160
[exp8152] phase=fixture_slots completed=128 pending=128
[exp8152] phase=fixture_slots completed=160 pending=96
[exp8152] phase=fixture_slots completed=192 pending=64
[exp8152] phase=fixture_slots completed=224 pending=32
[exp8152] phase=fixture_slots completed=256 pending=0
[exp8180] phase=after_fixture_benchmark_learnable completed=1 pending=19
[exp8180] phase=before_fixture_benchmark_learnable completed=1 pending=19
[exp8152] phase=fixture_slots completed=32 pending=224
[exp8152] phase=fixture_slots completed=64 pending=192
[exp8152] phase=fixture_slots completed=96 pending=160
[exp8152] phase=fixture_slots completed=128 pending=128
[exp8152] phase=fixture_slots completed=160 pending=96
[exp8152] phase=fixture_slots completed=192 pending=64
[exp8152] phase=fixture_slots completed=224 pending=32
[exp8152] phase=fixture_slots completed=256 pending=0
[exp8180] phase=after_fixture_benchmark_learnable completed=2 pending=18
[exp8180] phase=before_fixture_benchmark_learnable completed=2 pending=18
[exp8152] phase=fixture_slots completed=32 pending=224
[exp8152] phase=fixture_slots completed=64 pending=192
[exp8152] phase=fixture_slots completed=96 pending=160
[exp8152] phase=fixture_slots completed=128 pending=128
[exp8152] phase=fixture_slots completed=160 pending=96
[exp8152] phase=fixture_slots completed=192 pending=64
[exp8152] phase=fixture_slots completed=224 pending=32
[exp8152] phase=fixture_slots completed=256 pending=0
[exp8180] phase=after_fixture_benchmark_learnable completed=3 pending=17
[exp8180] phase=before_fixture_benchmark_learnable completed=3 pending=17
[exp8152] phase=fixture_slots completed=32 pending=224
[exp8152] phase=fixture_slots completed=64 pending=192
[exp8152] phase=fixture_slots completed=96 pending=160
[exp8152] phase=fixture_slots completed=128 pending=128
[exp8152] phase=fixture_slots completed=160 pending=96
[exp8152] phase=fixture_slots completed=192 pending=64
[exp8152] phase=fixture_slots completed=224 pending=32
[exp8152] phase=fixture_slots completed=256 pending=0
[exp8180] phase=after_fixture_benchmark_learnable completed=4 pending=16
[exp8180] phase=before_fixture_benchmark_learnable completed=4 pending=16
[exp8152] phase=fixture_slots completed=32 pending=224
[exp8152] phase=fixture_slots completed=64 pending=192
[exp8152] phase=fixture_slots completed=96 pending=160
[exp8152] phase=fixture_slots completed=128 pending=128
[exp8152] phase=fixture_slots completed=160 pending=96
[exp8152] phase=fixture_slots completed=192 pending=64
[exp8152] phase=fixture_slots completed=224 pending=32
[exp8152] phase=fixture_slots completed=256 pending=0
[exp8180] phase=after_fixture_benchmark_learnable completed=5 pending=15
[exp8180] phase=before_fixture_benchmark_learnable completed=5 pending=15
[exp8152] phase=fixture_slots completed=32 pending=224
[exp8152] phase=fixture_slots completed=64 pending=192
[exp8152] phase=fixture_slots completed=96 pending=160
[exp8152] phase=fixture_slots completed=128 pending=128
[exp8152] phase=fixture_slots completed=160 pending=96
[exp8152] phase=fixture_slots completed=192 pending=64
[exp8152] phase=fixture_slots completed=224 pending=32
[exp8152] phase=fixture_slots completed=256 pending=0
[exp8180] phase=after_fixture_benchmark_learnable completed=6 pending=14
[exp8180] phase=before_fixture_benchmark_learnable completed=6 pending=14
[exp8152] phase=fixture_slots completed=32 pending=224
[exp8152] phase=fixture_slots completed=64 pending=192
[exp8152] phase=fixture_slots completed=96 pending=160
[exp8152] phase=fixture_slots completed=128 pending=128
[exp8152] phase=fixture_slots completed=160 pending=96
[exp8152] phase=fixture_slots completed=192 pending=64
[exp8152] phase=fixture_slots completed=224 pending=32
[exp8152] phase=fixture_slots completed=256 pending=0
[exp8180] phase=after_fixture_benchmark_learnable completed=7 pending=13
[exp8180] phase=before_fixture_benchmark_learnable completed=7 pending=13
[exp8152] phase=fixture_slots completed=32 pending=224
[exp8152] phase=fixture_slots completed=64 pending=192
[exp8152] phase=fixture_slots completed=96 pending=160
[exp8152] phase=fixture_slots completed=128 pending=128
[exp8152] phase=fixture_slots completed=160 pending=96
[exp8152] phase=fixture_slots completed=192 pending=64
[exp8152] phase=fixture_slots completed=224 pending=32
[exp8152] phase=fixture_slots completed=256 pending=0
[exp8180] phase=after_fixture_benchmark_learnable completed=8 pending=12
[exp8180] phase=before_fixture_benchmark_learnable completed=8 pending=12
[exp8152] phase=fixture_slots completed=32 pending=224
[exp8152] phase=fixture_slots completed=64 pending=192
[exp8152] phase=fixture_slots completed=96 pending=160
[exp8152] phase=fixture_slots completed=128 pending=128
[exp8152] phase=fixture_slots completed=160 pending=96
[exp8152] phase=fixture_slots completed=192 pending=64
[exp8152] phase=fixture_slots completed=224 pending=32
[exp8152] phase=fixture_slots completed=256 pending=0
[exp8180] phase=after_fixture_benchmark_learnable completed=9 pending=11
[exp8180] phase=before_fixture_benchmark_learnable completed=9 pending=11
[exp8152] phase=fixture_slots completed=32 pending=224
[exp8152] phase=fixture_slots completed=64 pending=192
[exp8152] phase=fixture_slots completed=96 pending=160
[exp8152] phase=fixture_slots completed=128 pending=128
[exp8152] phase=fixture_slots completed=160 pending=96
[exp8152] phase=fixture_slots completed=192 pending=64
[exp8152] phase=fixture_slots completed=224 pending=32
[exp8152] phase=fixture_slots completed=256 pending=0
[exp8180] phase=after_fixture_benchmark_learnable completed=10 pending=10
[exp8180] phase=before_fixture_benchmark_learnable completed=10 pending=10
[exp8152] phase=fixture_slots completed=32 pending=224
[exp8152] phase=fixture_slots completed=64 pending=192
[exp8152] phase=fixture_slots completed=96 pending=160
[exp8152] phase=fixture_slots completed=128 pending=128
[exp8152] phase=fixture_slots completed=160 pending=96
[exp8152] phase=fixture_slots completed=192 pending=64
[exp8152] phase=fixture_slots completed=224 pending=32
[exp8152] phase=fixture_slots completed=256 pending=0
[exp8180] phase=after_fixture_benchmark_learnable completed=11 pending=9
[exp8180] phase=before_fixture_benchmark_learnable completed=11 pending=9
[exp8152] phase=fixture_slots completed=32 pending=224
[exp8152] phase=fixture_slots completed=64 pending=192
[exp8152] phase=fixture_slots completed=96 pending=160
[exp8152] phase=fixture_slots completed=128 pending=128
[exp8152] phase=fixture_slots completed=160 pending=96
[exp8152] phase=fixture_slots completed=192 pending=64
[exp8152] phase=fixture_slots completed=224 pending=32
[exp8152] phase=fixture_slots completed=256 pending=0
[exp8180] phase=after_fixture_benchmark_learnable completed=12 pending=8
[exp8180] phase=before_fixture_benchmark_learnable completed=12 pending=8
[exp8152] phase=fixture_slots completed=32 pending=224
[exp8152] phase=fixture_slots completed=64 pending=192
[exp8152] phase=fixture_slots completed=96 pending=160
[exp8152] phase=fixture_slots completed=128 pending=128
[exp8152] phase=fixture_slots completed=160 pending=96
[exp8152] phase=fixture_slots completed=192 pending=64
[exp8152] phase=fixture_slots completed=224 pending=32
[exp8152] phase=fixture_slots completed=256 pending=0
[exp8180] phase=after_fixture_benchmark_learnable completed=13 pending=7
[exp8180] phase=before_fixture_benchmark_learnable completed=13 pending=7
[exp8152] phase=fixture_slots completed=32 pending=224
[exp8152] phase=fixture_slots completed=64 pending=192
[exp8152] phase=fixture_slots completed=96 pending=160
[exp8152] phase=fixture_slots completed=128 pending=128
[exp8152] phase=fixture_slots completed=160 pending=96
[exp8152] phase=fixture_slots completed=192 pending=64
[exp8152] phase=fixture_slots completed=224 pending=32
[exp8152] phase=fixture_slots completed=256 pending=0
[exp8180] phase=after_fixture_benchmark_learnable completed=14 pending=6
[exp8180] phase=before_fixture_benchmark_learnable completed=14 pending=6
[exp8152] phase=fixture_slots completed=32 pending=224
[exp8152] phase=fixture_slots completed=64 pending=192
[exp8152] phase=fixture_slots completed=96 pending=160
[exp8152] phase=fixture_slots completed=128 pending=128
[exp8152] phase=fixture_slots completed=160 pending=96
[exp8152] phase=fixture_slots completed=192 pending=64
[exp8152] phase=fixture_slots completed=224 pending=32
[exp8152] phase=fixture_slots completed=256 pending=0
[exp8180] phase=after_fixture_benchmark_learnable completed=15 pending=5
[exp8180] phase=before_fixture_benchmark_learnable completed=15 pending=5
[exp8152] phase=fixture_slots completed=32 pending=224
[exp8152] phase=fixture_slots completed=64 pending=192
[exp8152] phase=fixture_slots completed=96 pending=160
[exp8152] phase=fixture_slots completed=128 pending=128
[exp8152] phase=fixture_slots completed=160 pending=96
[exp8152] phase=fixture_slots completed=192 pending=64
[exp8152] phase=fixture_slots completed=224 pending=32
[exp8152] phase=fixture_slots completed=256 pending=0
[exp8180] phase=after_fixture_benchmark_learnable completed=16 pending=4
[exp8180] phase=before_fixture_benchmark_learnable completed=16 pending=4
[exp8152] phase=fixture_slots completed=32 pending=224
[exp8152] phase=fixture_slots completed=64 pending=192
[exp8152] phase=fixture_slots completed=96 pending=160
[exp8152] phase=fixture_slots completed=128 pending=128
[exp8152] phase=fixture_slots completed=160 pending=96
[exp8152] phase=fixture_slots completed=192 pending=64
[exp8152] phase=fixture_slots completed=224 pending=32
[exp8152] phase=fixture_slots completed=256 pending=0
[exp8180] phase=after_fixture_benchmark_learnable completed=17 pending=3
[exp8180] phase=before_fixture_benchmark_learnable completed=17 pending=3
[exp8152] phase=fixture_slots completed=32 pending=224
[exp8152] phase=fixture_slots completed=64 pending=192
[exp8152] phase=fixture_slots completed=96 pending=160
[exp8152] phase=fixture_slots completed=128 pending=128
[exp8152] phase=fixture_slots completed=160 pending=96
[exp8152] phase=fixture_slots completed=192 pending=64
[exp8152] phase=fixture_slots completed=224 pending=32
[exp8152] phase=fixture_slots completed=256 pending=0
[exp8180] phase=after_fixture_benchmark_learnable completed=18 pending=2
[exp8180] phase=before_fixture_benchmark_learnable completed=18 pending=2
[exp8152] phase=fixture_slots completed=32 pending=224
[exp8152] phase=fixture_slots completed=64 pending=192
[exp8152] phase=fixture_slots completed=96 pending=160
[exp8152] phase=fixture_slots completed=128 pending=128
[exp8152] phase=fixture_slots completed=160 pending=96
[exp8152] phase=fixture_slots completed=192 pending=64
[exp8152] phase=fixture_slots completed=224 pending=32
[exp8152] phase=fixture_slots completed=256 pending=0
[exp8180] phase=after_fixture_benchmark_learnable completed=19 pending=1
[exp8180] phase=before_fixture_benchmark_learnable completed=19 pending=1
[exp8152] phase=fixture_slots completed=32 pending=224
[exp8152] phase=fixture_slots completed=64 pending=192
[exp8152] phase=fixture_slots completed=96 pending=160
[exp8152] phase=fixture_slots completed=128 pending=128
[exp8152] phase=fixture_slots completed=160 pending=96
[exp8152] phase=fixture_slots completed=192 pending=64
[exp8152] phase=fixture_slots completed=224 pending=32
[exp8152] phase=fixture_slots completed=256 pending=0
[exp8180] phase=after_fixture_benchmark_learnable completed=20 pending=0
[exp8180] phase=before_fixture_benchmark_no_signal completed=0 pending=20
[exp8152] phase=fixture_slots completed=32 pending=224
[exp8152] phase=fixture_slots completed=64 pending=192
[exp8152] phase=fixture_slots completed=96 pending=160
[exp8152] phase=fixture_slots completed=128 pending=128
[exp8152] phase=fixture_slots completed=160 pending=96
[exp8152] phase=fixture_slots completed=192 pending=64
[exp8152] phase=fixture_slots completed=224 pending=32
[exp8152] phase=fixture_slots completed=256 pending=0
[exp8180] phase=after_fixture_benchmark_no_signal completed=1 pending=19
[exp8180] phase=before_fixture_benchmark_no_signal completed=1 pending=19
[exp8152] phase=fixture_slots completed=32 pending=224
[exp8152] phase=fixture_slots completed=64 pending=192
[exp8152] phase=fixture_slots completed=96 pending=160
[exp8152] phase=fixture_slots completed=128 pending=128
[exp8152] phase=fixture_slots completed=160 pending=96
[exp8152] phase=fixture_slots completed=192 pending=64
[exp8152] phase=fixture_slots completed=224 pending=32
[exp8152] phase=fixture_slots completed=256 pending=0
[exp8180] phase=after_fixture_benchmark_no_signal completed=2 pending=18
[exp8180] phase=before_fixture_benchmark_no_signal completed=2 pending=18
[exp8152] phase=fixture_slots completed=32 pending=224
[exp8152] phase=fixture_slots completed=64 pending=192
[exp8152] phase=fixture_slots completed=96 pending=160
[exp8152] phase=fixture_slots completed=128 pending=128
[exp8152] phase=fixture_slots completed=160 pending=96
[exp8152] phase=fixture_slots completed=192 pending=64
[exp8152] phase=fixture_slots completed=224 pending=32
[exp8152] phase=fixture_slots completed=256 pending=0
[exp8180] phase=after_fixture_benchmark_no_signal completed=3 pending=17
[exp8180] phase=before_fixture_benchmark_no_signal completed=3 pending=17
[exp8152] phase=fixture_slots completed=32 pending=224
[exp8152] phase=fixture_slots completed=64 pending=192
[exp8152] phase=fixture_slots completed=96 pending=160
[exp8152] phase=fixture_slots completed=128 pending=128
[exp8152] phase=fixture_slots completed=160 pending=96
[exp8152] phase=fixture_slots completed=192 pending=64
[exp8152] phase=fixture_slots completed=224 pending=32
[exp8152] phase=fixture_slots completed=256 pending=0
[exp8180] phase=after_fixture_benchmark_no_signal completed=4 pending=16
[exp8180] phase=before_fixture_benchmark_no_signal completed=4 pending=16
[exp8152] phase=fixture_slots completed=32 pending=224
[exp8152] phase=fixture_slots completed=64 pending=192
[exp8152] phase=fixture_slots completed=96 pending=160
[exp8152] phase=fixture_slots completed=128 pending=128
[exp8152] phase=fixture_slots completed=160 pending=96
[exp8152] phase=fixture_slots completed=192 pending=64
[exp8152] phase=fixture_slots completed=224 pending=32
[exp8152] phase=fixture_slots completed=256 pending=0
[exp8180] phase=after_fixture_benchmark_no_signal completed=5 pending=15
[exp8180] phase=before_fixture_benchmark_no_signal completed=5 pending=15
[exp8152] phase=fixture_slots completed=32 pending=224
[exp8152] phase=fixture_slots completed=64 pending=192
[exp8152] phase=fixture_slots completed=96 pending=160
[exp8152] phase=fixture_slots completed=128 pending=128
[exp8152] phase=fixture_slots completed=160 pending=96
[exp8152] phase=fixture_slots completed=192 pending=64
[exp8152] phase=fixture_slots completed=224 pending=32
[exp8152] phase=fixture_slots completed=256 pending=0
[exp8180] phase=after_fixture_benchmark_no_signal completed=6 pending=14
[exp8180] phase=before_fixture_benchmark_no_signal completed=6 pending=14
[exp8152] phase=fixture_slots completed=32 pending=224
[exp8152] phase=fixture_slots completed=64 pending=192
[exp8152] phase=fixture_slots completed=96 pending=160
[exp8152] phase=fixture_slots completed=128 pending=128
[exp8152] phase=fixture_slots completed=160 pending=96
[exp8152] phase=fixture_slots completed=192 pending=64
[exp8152] phase=fixture_slots completed=224 pending=32
[exp8152] phase=fixture_slots completed=256 pending=0
[exp8180] phase=after_fixture_benchmark_no_signal completed=7 pending=13
[exp8180] phase=before_fixture_benchmark_no_signal completed=7 pending=13
[exp8152] phase=fixture_slots completed=32 pending=224
[exp8152] phase=fixture_slots completed=64 pending=192
[exp8152] phase=fixture_slots completed=96 pending=160
[exp8152] phase=fixture_slots completed=128 pending=128
[exp8152] phase=fixture_slots completed=160 pending=96
[exp8152] phase=fixture_slots completed=192 pending=64
[exp8152] phase=fixture_slots completed=224 pending=32
[exp8152] phase=fixture_slots completed=256 pending=0
[exp8180] phase=after_fixture_benchmark_no_signal completed=8 pending=12
[exp8180] phase=before_fixture_benchmark_no_signal completed=8 pending=12
[exp8152] phase=fixture_slots completed=32 pending=224
[exp8152] phase=fixture_slots completed=64 pending=192
[exp8152] phase=fixture_slots completed=96 pending=160
[exp8152] phase=fixture_slots completed=128 pending=128
[exp8152] phase=fixture_slots completed=160 pending=96
[exp8152] phase=fixture_slots completed=192 pending=64
[exp8152] phase=fixture_slots completed=224 pending=32
[exp8152] phase=fixture_slots completed=256 pending=0
[exp8180] phase=after_fixture_benchmark_no_signal completed=9 pending=11
[exp8180] phase=before_fixture_benchmark_no_signal completed=9 pending=11
[exp8152] phase=fixture_slots completed=32 pending=224
[exp8152] phase=fixture_slots completed=64 pending=192
[exp8152] phase=fixture_slots completed=96 pending=160
[exp8152] phase=fixture_slots completed=128 pending=128
[exp8152] phase=fixture_slots completed=160 pending=96
[exp8152] phase=fixture_slots completed=192 pending=64
[exp8152] phase=fixture_slots completed=224 pending=32
[exp8152] phase=fixture_slots completed=256 pending=0
[exp8180] phase=after_fixture_benchmark_no_signal completed=10 pending=10
[exp8180] phase=before_fixture_benchmark_no_signal completed=10 pending=10
[exp8152] phase=fixture_slots completed=32 pending=224
[exp8152] phase=fixture_slots completed=64 pending=192
[exp8152] phase=fixture_slots completed=96 pending=160
[exp8152] phase=fixture_slots completed=128 pending=128
[exp8152] phase=fixture_slots completed=160 pending=96
[exp8152] phase=fixture_slots completed=192 pending=64
[exp8152] phase=fixture_slots completed=224 pending=32
[exp8152] phase=fixture_slots completed=256 pending=0
[exp8180] phase=after_fixture_benchmark_no_signal completed=11 pending=9
[exp8180] phase=before_fixture_benchmark_no_signal completed=11 pending=9
[exp8152] phase=fixture_slots completed=32 pending=224
[exp8152] phase=fixture_slots completed=64 pending=192
[exp8152] phase=fixture_slots completed=96 pending=160
[exp8152] phase=fixture_slots completed=128 pending=128
[exp8152] phase=fixture_slots completed=160 pending=96
[exp8152] phase=fixture_slots completed=192 pending=64
[exp8152] phase=fixture_slots completed=224 pending=32
[exp8152] phase=fixture_slots completed=256 pending=0
[exp8180] phase=after_fixture_benchmark_no_signal completed=12 pending=8
[exp8180] phase=before_fixture_benchmark_no_signal completed=12 pending=8
[exp8152] phase=fixture_slots completed=32 pending=224
[exp8152] phase=fixture_slots completed=64 pending=192
[exp8152] phase=fixture_slots completed=96 pending=160
[exp8152] phase=fixture_slots completed=128 pending=128
[exp8152] phase=fixture_slots completed=160 pending=96
[exp8152] phase=fixture_slots completed=192 pending=64
[exp8152] phase=fixture_slots completed=224 pending=32
[exp8152] phase=fixture_slots completed=256 pending=0
[exp8180] phase=after_fixture_benchmark_no_signal completed=13 pending=7
[exp8180] phase=before_fixture_benchmark_no_signal completed=13 pending=7
[exp8152] phase=fixture_slots completed=32 pending=224
[exp8152] phase=fixture_slots completed=64 pending=192
[exp8152] phase=fixture_slots completed=96 pending=160
[exp8152] phase=fixture_slots completed=128 pending=128
[exp8152] phase=fixture_slots completed=160 pending=96
[exp8152] phase=fixture_slots completed=192 pending=64
[exp8152] phase=fixture_slots completed=224 pending=32
[exp8152] phase=fixture_slots completed=256 pending=0
[exp8180] phase=after_fixture_benchmark_no_signal completed=14 pending=6
[exp8180] phase=before_fixture_benchmark_no_signal completed=14 pending=6
[exp8152] phase=fixture_slots completed=32 pending=224
[exp8152] phase=fixture_slots completed=64 pending=192
[exp8152] phase=fixture_slots completed=96 pending=160
[exp8152] phase=fixture_slots completed=128 pending=128
[exp8152] phase=fixture_slots completed=160 pending=96
[exp8152] phase=fixture_slots completed=192 pending=64
[exp8152] phase=fixture_slots completed=224 pending=32
[exp8152] phase=fixture_slots completed=256 pending=0
[exp8180] phase=after_fixture_benchmark_no_signal completed=15 pending=5
[exp8180] phase=before_fixture_benchmark_no_signal completed=15 pending=5
[exp8152] phase=fixture_slots completed=32 pending=224
[exp8152] phase=fixture_slots completed=64 pending=192
[exp8152] phase=fixture_slots completed=96 pending=160
[exp8152] phase=fixture_slots completed=128 pending=128
[exp8152] phase=fixture_slots completed=160 pending=96
[exp8152] phase=fixture_slots completed=192 pending=64
[exp8152] phase=fixture_slots completed=224 pending=32
[exp8152] phase=fixture_slots completed=256 pending=0
[exp8180] phase=after_fixture_benchmark_no_signal completed=16 pending=4
[exp8180] phase=before_fixture_benchmark_no_signal completed=16 pending=4
[exp8152] phase=fixture_slots completed=32 pending=224
[exp8152] phase=fixture_slots completed=64 pending=192
[exp8152] phase=fixture_slots completed=96 pending=160
[exp8152] phase=fixture_slots completed=128 pending=128
[exp8152] phase=fixture_slots completed=160 pending=96
[exp8152] phase=fixture_slots completed=192 pending=64
[exp8152] phase=fixture_slots completed=224 pending=32
[exp8152] phase=fixture_slots completed=256 pending=0
[exp8180] phase=after_fixture_benchmark_no_signal completed=17 pending=3
[exp8180] phase=before_fixture_benchmark_no_signal completed=17 pending=3
[exp8152] phase=fixture_slots completed=32 pending=224
[exp8152] phase=fixture_slots completed=64 pending=192
[exp8152] phase=fixture_slots completed=96 pending=160
[exp8152] phase=fixture_slots completed=128 pending=128
[exp8152] phase=fixture_slots completed=160 pending=96
[exp8152] phase=fixture_slots completed=192 pending=64
[exp8152] phase=fixture_slots completed=224 pending=32
[exp8152] phase=fixture_slots completed=256 pending=0
[exp8180] phase=after_fixture_benchmark_no_signal completed=18 pending=2
[exp8180] phase=before_fixture_benchmark_no_signal completed=18 pending=2
[exp8152] phase=fixture_slots completed=32 pending=224
[exp8152] phase=fixture_slots completed=64 pending=192
[exp8152] phase=fixture_slots completed=96 pending=160
[exp8152] phase=fixture_slots completed=128 pending=128
[exp8152] phase=fixture_slots completed=160 pending=96
[exp8152] phase=fixture_slots completed=192 pending=64
[exp8152] phase=fixture_slots completed=224 pending=32
[exp8152] phase=fixture_slots completed=256 pending=0
[exp8180] phase=after_fixture_benchmark_no_signal completed=19 pending=1
[exp8180] phase=before_fixture_benchmark_no_signal completed=19 pending=1
[exp8152] phase=fixture_slots completed=32 pending=224
[exp8152] phase=fixture_slots completed=64 pending=192
[exp8152] phase=fixture_slots completed=96 pending=160
[exp8152] phase=fixture_slots completed=128 pending=128
[exp8152] phase=fixture_slots completed=160 pending=96
[exp8152] phase=fixture_slots completed=192 pending=64
[exp8152] phase=fixture_slots completed=224 pending=32
[exp8152] phase=fixture_slots completed=256 pending=0
[exp8180] phase=after_fixture_benchmark_no_signal completed=20 pending=0
[exp8152] phase=fixture_slots completed=32 pending=224
[exp8152] phase=fixture_slots completed=64 pending=192
[exp8152] phase=fixture_slots completed=96 pending=160
[exp8152] phase=fixture_slots completed=128 pending=128
[exp8152] phase=fixture_slots completed=160 pending=96
[exp8152] phase=fixture_slots completed=192 pending=64
[exp8152] phase=fixture_slots completed=224 pending=32
[exp8152] phase=fixture_slots completed=256 pending=0
[exp8180] phase=before_subprocess_hard_restart_crash completed=0 pending=2
[exp7303-validation] before_subprocess hard_restart_crash elapsed_s=0.000 unit=1/1
[exp7303-validation:hard_restart_crash] [exp8152] phase=fixture_slots completed=32 pending=224
[exp7303-validation:hard_restart_crash] [exp8152] phase=fixture_slots completed=64 pending=192
[exp7303-validation:hard_restart_crash] [exp8180] phase=intentional_hard_exit completed=90 pending=21
[exp7303-validation] after_subprocess hard_restart_crash elapsed_s=2.891 exit=73 unit=1/1
[exp8180] phase=after_subprocess_hard_restart_crash completed=1 pending=1
[exp8180] phase=before_subprocess_hard_restart_resume completed=1 pending=1
[exp7303-validation] before_subprocess hard_restart_resume elapsed_s=0.000 unit=1/1
[exp7303-validation:hard_restart_resume] [exp8152] phase=fixture_slots completed=96 pending=160
[exp7303-validation:hard_restart_resume] [exp8152] phase=fixture_slots completed=128 pending=128
[exp7303-validation:hard_restart_resume] [exp8152] phase=fixture_slots completed=160 pending=96
[exp7303-validation:hard_restart_resume] [exp8152] phase=fixture_slots completed=192 pending=64
[exp7303-validation:hard_restart_resume] [exp8152] phase=fixture_slots completed=224 pending=32
[exp7303-validation:hard_restart_resume] [exp8152] phase=fixture_slots completed=256 pending=0
[exp7303-validation] after_subprocess hard_restart_resume elapsed_s=4.516 exit=0 unit=1/1
[exp8180] phase=after_subprocess_hard_restart_resume completed=2 pending=0
[exp8180] phase=measurement_complete completed=40 pending=0
[exp8193] phase=measurement_complete completed=40 pending=0
[test8193] before_positive_cold_child completed=0 pending=1
[exp8193] phase=start completed=0 pending=0
[exp8193] phase=cold_replay_start completed=0 pending=0
[exp8152] phase=fixture_slots completed=32 pending=224
[exp8152] phase=fixture_slots completed=64 pending=192
[exp8152] phase=fixture_slots completed=96 pending=160
[exp8152] phase=fixture_slots completed=128 pending=128
[exp8152] phase=fixture_slots completed=160 pending=96
[exp8152] phase=fixture_slots completed=192 pending=64
[exp8152] phase=fixture_slots completed=224 pending=32
[exp8152] phase=fixture_slots completed=256 pending=0
[exp8180] phase=cold_replay_states completed=1 pending=39
[exp8152] phase=fixture_slots completed=32 pending=224
[exp8152] phase=fixture_slots completed=64 pending=192
[exp8152] phase=fixture_slots completed=96 pending=160
[exp8152] phase=fixture_slots completed=128 pending=128
[exp8152] phase=fixture_slots completed=160 pending=96
[exp8152] phase=fixture_slots completed=192 pending=64
[exp8152] phase=fixture_slots completed=224 pending=32
[exp8152] phase=fixture_slots completed=256 pending=0
[exp8180] phase=cold_replay_states completed=2 pending=38
[exp8152] phase=fixture_slots completed=32 pending=224
[exp8152] phase=fixture_slots completed=64 pending=192
[exp8152] phase=fixture_slots completed=96 pending=160
[exp8152] phase=fixture_slots completed=128 pending=128
[exp8152] phase=fixture_slots completed=160 pending=96
[exp8152] phase=fixture_slots completed=192 pending=64
[exp8152] phase=fixture_slots completed=224 pending=32
[exp8152] phase=fixture_slots completed=256 pending=0
[exp8180] phase=cold_replay_states completed=3 pending=37
[exp8152] phase=fixture_slots completed=32 pending=224
[exp8152] phase=fixture_slots completed=64 pending=192
[exp8152] phase=fixture_slots completed=96 pending=160
[exp8152] phase=fixture_slots completed=128 pending=128
[exp8152] phase=fixture_slots completed=160 pending=96
[exp8152] phase=fixture_slots completed=192 pending=64
[exp8152] phase=fixture_slots completed=224 pending=32
[exp8152] phase=fixture_slots completed=256 pending=0
[exp8180] phase=cold_replay_states completed=4 pending=36
[exp8152] phase=fixture_slots completed=32 pending=224
[exp8152] phase=fixture_slots completed=64 pending=192
[exp8152] phase=fixture_slots completed=96 pending=160
[exp8152] phase=fixture_slots completed=128 pending=128
[exp8152] phase=fixture_slots completed=160 pending=96
[exp8152] phase=fixture_slots completed=192 pending=64
[exp8152] phase=fixture_slots completed=224 pending=32
[exp8152] phase=fixture_slots completed=256 pending=0
[exp8180] phase=cold_replay_states completed=5 pending=35
[exp8152] phase=fixture_slots completed=32 pending=224
[exp8152] phase=fixture_slots completed=64 pending=192
[exp8152] phase=fixture_slots completed=96 pending=160
[exp8152] phase=fixture_slots completed=128 pending=128
[exp8152] phase=fixture_slots completed=160 pending=96
[exp8152] phase=fixture_slots completed=192 pending=64
[exp8152] phase=fixture_slots completed=224 pending=32
[exp8152] phase=fixture_slots completed=256 pending=0
[exp8180] phase=cold_replay_states completed=6 pending=34
[exp8152] phase=fixture_slots completed=32 pending=224
[exp8152] phase=fixture_slots completed=64 pending=192
[exp8152] phase=fixture_slots completed=96 pending=160
[exp8152] phase=fixture_slots completed=128 pending=128
[exp8152] phase=fixture_slots completed=160 pending=96
[exp8152] phase=fixture_slots completed=192 pending=64
[exp8152] phase=fixture_slots completed=224 pending=32
[exp8152] phase=fixture_slots completed=256 pending=0
[exp8180] phase=cold_replay_states completed=7 pending=33
[exp8152] phase=fixture_slots completed=32 pending=224
[exp8152] phase=fixture_slots completed=64 pending=192
[exp8152] phase=fixture_slots completed=96 pending=160
[exp8152] phase=fixture_slots completed=128 pending=128
[exp8152] phase=fixture_slots completed=160 pending=96
[exp8152] phase=fixture_slots completed=192 pending=64
[exp8152] phase=fixture_slots completed=224 pending=32
[exp8152] phase=fixture_slots completed=256 pending=0
[exp8180] phase=cold_replay_states completed=8 pending=32
[exp8152] phase=fixture_slots completed=32 pending=224
[exp8152] phase=fixture_slots completed=64 pending=192
[exp8152] phase=fixture_slots completed=96 pending=160
[exp8152] phase=fixture_slots completed=128 pending=128
[exp8152] phase=fixture_slots completed=160 pending=96
[exp8152] phase=fixture_slots completed=192 pending=64
[exp8152] phase=fixture_slots completed=224 pending=32
[exp8152] phase=fixture_slots completed=256 pending=0
[exp8180] phase=cold_replay_states completed=9 pending=31
[exp8152] phase=fixture_slots completed=32 pending=224
[exp8152] phase=fixture_slots completed=64 pending=192
[exp8152] phase=fixture_slots completed=96 pending=160
[exp8152] phase=fixture_slots completed=128 pending=128
[exp8152] phase=fixture_slots completed=160 pending=96
[exp8152] phase=fixture_slots completed=192 pending=64
[exp8152] phase=fixture_slots completed=224 pending=32
[exp8152] phase=fixture_slots completed=256 pending=0
[exp8180] phase=cold_replay_states completed=10 pending=30
[exp8152] phase=fixture_slots completed=32 pending=224
[exp8152] phase=fixture_slots completed=64 pending=192
[exp8152] phase=fixture_slots completed=96 pending=160
[exp8152] phase=fixture_slots completed=128 pending=128
[exp8152] phase=fixture_slots completed=160 pending=96
[exp8152] phase=fixture_slots completed=192 pending=64
[exp8152] phase=fixture_slots completed=224 pending=32
[exp8152] phase=fixture_slots completed=256 pending=0
[exp8180] phase=cold_replay_states completed=11 pending=29
[exp8152] phase=fixture_slots completed=32 pending=224
[exp8152] phase=fixture_slots completed=64 pending=192
[exp8152] phase=fixture_slots completed=96 pending=160
[exp8152] phase=fixture_slots completed=128 pending=128
[exp8152] phase=fixture_slots completed=160 pending=96
[exp8152] phase=fixture_slots completed=192 pending=64
[exp8152] phase=fixture_slots completed=224 pending=32
[exp8152] phase=fixture_slots completed=256 pending=0
[exp8180] phase=cold_replay_states completed=12 pending=28
[exp8152] phase=fixture_slots completed=32 pending=224
[exp8152] phase=fixture_slots completed=64 pending=192
[exp8152] phase=fixture_slots completed=96 pending=160
[exp8152] phase=fixture_slots completed=128 pending=128
[exp8152] phase=fixture_slots completed=160 pending=96
[exp8152] phase=fixture_slots completed=192 pending=64
[exp8152] phase=fixture_slots completed=224 pending=32
[exp8152] phase=fixture_slots completed=256 pending=0
[exp8180] phase=cold_replay_states completed=13 pending=27
[exp8152] phase=fixture_slots completed=32 pending=224
[exp8152] phase=fixture_slots completed=64 pending=192
[exp8152] phase=fixture_slots completed=96 pending=160
[exp8152] phase=fixture_slots completed=128 pending=128
[exp8152] phase=fixture_slots completed=160 pending=96
[exp8152] phase=fixture_slots completed=192 pending=64
[exp8152] phase=fixture_slots completed=224 pending=32
[exp8152] phase=fixture_slots completed=256 pending=0
[exp8180] phase=cold_replay_states completed=14 pending=26
[exp8152] phase=fixture_slots completed=32 pending=224
[exp8152] phase=fixture_slots completed=64 pending=192
[exp8152] phase=fixture_slots completed=96 pending=160
[exp8152] phase=fixture_slots completed=128 pending=128
[exp8152] phase=fixture_slots completed=160 pending=96
[exp8152] phase=fixture_slots completed=192 pending=64
[exp8152] phase=fixture_slots completed=224 pending=32
[exp8152] phase=fixture_slots completed=256 pending=0
[exp8180] phase=cold_replay_states completed=15 pending=25
[exp8152] phase=fixture_slots completed=32 pending=224
[exp8152] phase=fixture_slots completed=64 pending=192
[exp8152] phase=fixture_slots completed=96 pending=160
[exp8152] phase=fixture_slots completed=128 pending=128
[exp8152] phase=fixture_slots completed=160 pending=96
[exp8152] phase=fixture_slots completed=192 pending=64
[exp8152] phase=fixture_slots completed=224 pending=32
[exp8152] phase=fixture_slots completed=256 pending=0
[exp8180] phase=cold_replay_states completed=16 pending=24
[exp8152] phase=fixture_slots completed=32 pending=224
[exp8152] phase=fixture_slots completed=64 pending=192
[exp8152] phase=fixture_slots completed=96 pending=160
[exp8152] phase=fixture_slots completed=128 pending=128
[exp8152] phase=fixture_slots completed=160 pending=96
[exp8152] phase=fixture_slots completed=192 pending=64
[exp8152] phase=fixture_slots completed=224 pending=32
[exp8152] phase=fixture_slots completed=256 pending=0
[exp8180] phase=cold_replay_states completed=17 pending=23
[exp8152] phase=fixture_slots completed=32 pending=224
[exp8152] phase=fixture_slots completed=64 pending=192
[exp8152] phase=fixture_slots completed=96 pending=160
[exp8152] phase=fixture_slots completed=128 pending=128
[exp8152] phase=fixture_slots completed=160 pending=96
[exp8152] phase=fixture_slots completed=192 pending=64
[exp8152] phase=fixture_slots completed=224 pending=32
[exp8152] phase=fixture_slots completed=256 pending=0
[exp8180] phase=cold_replay_states completed=18 pending=22
[exp8152] phase=fixture_slots completed=32 pending=224
[exp8152] phase=fixture_slots completed=64 pending=192
[exp8152] phase=fixture_slots completed=96 pending=160
[exp8152] phase=fixture_slots completed=128 pending=128
[exp8152] phase=fixture_slots completed=160 pending=96
[exp8152] phase=fixture_slots completed=192 pending=64
[exp8152] phase=fixture_slots completed=224 pending=32
[exp8152] phase=fixture_slots completed=256 pending=0
[exp8180] phase=cold_replay_states completed=19 pending=21
[exp8152] phase=fixture_slots completed=32 pending=224
[exp8152] phase=fixture_slots completed=64 pending=192
[exp8152] phase=fixture_slots completed=96 pending=160
[exp8152] phase=fixture_slots completed=128 pending=128
[exp8152] phase=fixture_slots completed=160 pending=96
[exp8152] phase=fixture_slots completed=192 pending=64
[exp8152] phase=fixture_slots completed=224 pending=32
[exp8152] phase=fixture_slots completed=256 pending=0
[exp8180] phase=cold_replay_states completed=20 pending=20
[exp8152] phase=fixture_slots completed=32 pending=224
[exp8152] phase=fixture_slots completed=64 pending=192
[exp8152] phase=fixture_slots completed=96 pending=160
[exp8152] phase=fixture_slots completed=128 pending=128
[exp8152] phase=fixture_slots completed=160 pending=96
[exp8152] phase=fixture_slots completed=192 pending=64
[exp8152] phase=fixture_slots completed=224 pending=32
[exp8152] phase=fixture_slots completed=256 pending=0
[exp8180] phase=cold_replay_states completed=21 pending=19
[exp8152] phase=fixture_slots completed=32 pending=224
[exp8152] phase=fixture_slots completed=64 pending=192
[exp8152] phase=fixture_slots completed=96 pending=160
[exp8152] phase=fixture_slots completed=128 pending=128
[exp8152] phase=fixture_slots completed=160 pending=96
[exp8152] phase=fixture_slots completed=192 pending=64
[exp8152] phase=fixture_slots completed=224 pending=32
[exp8152] phase=fixture_slots completed=256 pending=0
[exp8180] phase=cold_replay_states completed=22 pending=18
[exp8152] phase=fixture_slots completed=32 pending=224
[exp8152] phase=fixture_slots completed=64 pending=192
[exp8152] phase=fixture_slots completed=96 pending=160
[exp8152] phase=fixture_slots completed=128 pending=128
[exp8152] phase=fixture_slots completed=160 pending=96
[exp8152] phase=fixture_slots completed=192 pending=64
[exp8152] phase=fixture_slots completed=224 pending=32
[exp8152] phase=fixture_slots completed=256 pending=0
[exp8180] phase=cold_replay_states completed=23 pending=17
[exp8152] phase=fixture_slots completed=32 pending=224
[exp8152] phase=fixture_slots completed=64 pending=192
[exp8152] phase=fixture_slots completed=96 pending=160
[exp8152] phase=fixture_slots completed=128 pending=128
[exp8152] phase=fixture_slots completed=160 pending=96
[exp8152] phase=fixture_slots completed=192 pending=64
[exp8152] phase=fixture_slots completed=224 pending=32
[exp8152] phase=fixture_slots completed=256 pending=0
[exp8180] phase=cold_replay_states completed=24 pending=16
[exp8152] phase=fixture_slots completed=32 pending=224
[exp8152] phase=fixture_slots completed=64 pending=192
[exp8152] phase=fixture_slots completed=96 pending=160
[exp8152] phase=fixture_slots completed=128 pending=128
[exp8152] phase=fixture_slots completed=160 pending=96
[exp8152] phase=fixture_slots completed=192 pending=64
[exp8152] phase=fixture_slots completed=224 pending=32
[exp8152] phase=fixture_slots completed=256 pending=0
[exp8180] phase=cold_replay_states completed=25 pending=15
[exp8152] phase=fixture_slots completed=32 pending=224
[exp8152] phase=fixture_slots completed=64 pending=192
[exp8152] phase=fixture_slots completed=96 pending=160
[exp8152] phase=fixture_slots completed=128 pending=128
[exp8152] phase=fixture_slots completed=160 pending=96
[exp8152] phase=fixture_slots completed=192 pending=64
[exp8152] phase=fixture_slots completed=224 pending=32
[exp8152] phase=fixture_slots completed=256 pending=0
[exp8180] phase=cold_replay_states completed=26 pending=14
[exp8152] phase=fixture_slots completed=32 pending=224
[exp8152] phase=fixture_slots completed=64 pending=192
[exp8152] phase=fixture_slots completed=96 pending=160
[exp8152] phase=fixture_slots completed=128 pending=128
[exp8152] phase=fixture_slots completed=160 pending=96
[exp8152] phase=fixture_slots completed=192 pending=64
[exp8152] phase=fixture_slots completed=224 pending=32
[exp8152] phase=fixture_slots completed=256 pending=0
[exp8180] phase=cold_replay_states completed=27 pending=13
[exp8152] phase=fixture_slots completed=32 pending=224
[exp8152] phase=fixture_slots completed=64 pending=192
[exp8152] phase=fixture_slots completed=96 pending=160
[exp8152] phase=fixture_slots completed=128 pending=128
[exp8152] phase=fixture_slots completed=160 pending=96
[exp8152] phase=fixture_slots completed=192 pending=64
[exp8152] phase=fixture_slots completed=224 pending=32
[exp8152] phase=fixture_slots completed=256 pending=0
[exp8180] phase=cold_replay_states completed=28 pending=12
[exp8152] phase=fixture_slots completed=32 pending=224
[exp8152] phase=fixture_slots completed=64 pending=192
[exp8152] phase=fixture_slots completed=96 pending=160
[exp8152] phase=fixture_slots completed=128 pending=128
[exp8152] phase=fixture_slots completed=160 pending=96
[exp8152] phase=fixture_slots completed=192 pending=64
[exp8152] phase=fixture_slots completed=224 pending=32
[exp8152] phase=fixture_slots completed=256 pending=0
[exp8180] phase=cold_replay_states completed=29 pending=11
[exp8152] phase=fixture_slots completed=32 pending=224
[exp8152] phase=fixture_slots completed=64 pending=192
[exp8152] phase=fixture_slots completed=96 pending=160
[exp8152] phase=fixture_slots completed=128 pending=128
[exp8152] phase=fixture_slots completed=160 pending=96
[exp8152] phase=fixture_slots completed=192 pending=64
[exp8152] phase=fixture_slots completed=224 pending=32
[exp8152] phase=fixture_slots completed=256 pending=0
[exp8180] phase=cold_replay_states completed=30 pending=10
[exp8152] phase=fixture_slots completed=32 pending=224
[exp8152] phase=fixture_slots completed=64 pending=192
[exp8152] phase=fixture_slots completed=96 pending=160
[exp8152] phase=fixture_slots completed=128 pending=128
[exp8152] phase=fixture_slots completed=160 pending=96
[exp8152] phase=fixture_slots completed=192 pending=64
[exp8152] phase=fixture_slots completed=224 pending=32
[exp8152] phase=fixture_slots completed=256 pending=0
[exp8180] phase=cold_replay_states completed=31 pending=9
[exp8152] phase=fixture_slots completed=32 pending=224
[exp8152] phase=fixture_slots completed=64 pending=192
[exp8152] phase=fixture_slots completed=96 pending=160
[exp8152] phase=fixture_slots completed=128 pending=128
[exp8152] phase=fixture_slots completed=160 pending=96
[exp8152] phase=fixture_slots completed=192 pending=64
[exp8152] phase=fixture_slots completed=224 pending=32
[exp8152] phase=fixture_slots completed=256 pending=0
[exp8180] phase=cold_replay_states completed=32 pending=8
[exp8152] phase=fixture_slots completed=32 pending=224
[exp8152] phase=fixture_slots completed=64 pending=192
[exp8152] phase=fixture_slots completed=96 pending=160
[exp8152] phase=fixture_slots completed=128 pending=128
[exp8152] phase=fixture_slots completed=160 pending=96
[exp8152] phase=fixture_slots completed=192 pending=64
[exp8152] phase=fixture_slots completed=224 pending=32
[exp8152] phase=fixture_slots completed=256 pending=0
[exp8180] phase=cold_replay_states completed=33 pending=7
[exp8152] phase=fixture_slots completed=32 pending=224
[exp8152] phase=fixture_slots completed=64 pending=192
[exp8152] phase=fixture_slots completed=96 pending=160
[exp8152] phase=fixture_slots completed=128 pending=128
[exp8152] phase=fixture_slots completed=160 pending=96
[exp8152] phase=fixture_slots completed=192 pending=64
[exp8152] phase=fixture_slots completed=224 pending=32
[exp8152] phase=fixture_slots completed=256 pending=0
[exp8180] phase=cold_replay_states completed=34 pending=6
[exp8152] phase=fixture_slots completed=32 pending=224
[exp8152] phase=fixture_slots completed=64 pending=192
[exp8152] phase=fixture_slots completed=96 pending=160
[exp8152] phase=fixture_slots completed=128 pending=128
[exp8152] phase=fixture_slots completed=160 pending=96
[exp8152] phase=fixture_slots completed=192 pending=64
[exp8152] phase=fixture_slots completed=224 pending=32
[exp8152] phase=fixture_slots completed=256 pending=0
[exp8180] phase=cold_replay_states completed=35 pending=5
[exp8152] phase=fixture_slots completed=32 pending=224
[exp8152] phase=fixture_slots completed=64 pending=192
[exp8152] phase=fixture_slots completed=96 pending=160
[exp8152] phase=fixture_slots completed=128 pending=128
[exp8152] phase=fixture_slots completed=160 pending=96
[exp8152] phase=fixture_slots completed=192 pending=64
[exp8152] phase=fixture_slots completed=224 pending=32
[exp8152] phase=fixture_slots completed=256 pending=0
[exp8180] phase=cold_replay_states completed=36 pending=4
[exp8152] phase=fixture_slots completed=32 pending=224
[exp8152] phase=fixture_slots completed=64 pending=192
[exp8152] phase=fixture_slots completed=96 pending=160
[exp8152] phase=fixture_slots completed=128 pending=128
[exp8152] phase=fixture_slots completed=160 pending=96
[exp8152] phase=fixture_slots completed=192 pending=64
[exp8152] phase=fixture_slots completed=224 pending=32
[exp8152] phase=fixture_slots completed=256 pending=0
[exp8180] phase=cold_replay_states completed=37 pending=3
[exp8152] phase=fixture_slots completed=32 pending=224
[exp8152] phase=fixture_slots completed=64 pending=192
[exp8152] phase=fixture_slots completed=96 pending=160
[exp8152] phase=fixture_slots completed=128 pending=128
[exp8152] phase=fixture_slots completed=160 pending=96
[exp8152] phase=fixture_slots completed=192 pending=64
[exp8152] phase=fixture_slots completed=224 pending=32
[exp8152] phase=fixture_slots completed=256 pending=0
[exp8180] phase=cold_replay_states completed=38 pending=2
[exp8152] phase=fixture_slots completed=32 pending=224
[exp8152] phase=fixture_slots completed=64 pending=192
[exp8152] phase=fixture_slots completed=96 pending=160
[exp8152] phase=fixture_slots completed=128 pending=128
[exp8152] phase=fixture_slots completed=160 pending=96
[exp8152] phase=fixture_slots completed=192 pending=64
[exp8152] phase=fixture_slots completed=224 pending=32
[exp8152] phase=fixture_slots completed=256 pending=0
[exp8180] phase=cold_replay_states completed=39 pending=1
[exp8152] phase=fixture_slots completed=32 pending=224
[exp8152] phase=fixture_slots completed=64 pending=192
[exp8152] phase=fixture_slots completed=96 pending=160
[exp8152] phase=fixture_slots completed=128 pending=128
[exp8152] phase=fixture_slots completed=160 pending=96
[exp8152] phase=fixture_slots completed=192 pending=64
[exp8152] phase=fixture_slots completed=224 pending=32
[exp8152] phase=fixture_slots completed=256 pending=0
[exp8180] phase=cold_replay_states completed=40 pending=0
[exp8193] phase=cold_replay_complete completed=40 pending=0
[exp8193] phase=replay_passed completed=0 pending=0
[test8193] after_positive_cold_child completed=1 pending=0
[exp8193] phase=cold_replay_start completed=0 pending=0
[exp8193] phase=cold_replay_start completed=0 pending=0
[exp8193] phase=cold_replay_start completed=0 pending=0
[exp8193] phase=cold_replay_start completed=0 pending=0
.[exp8193] phase=preconditions_start completed=0 pending=0
[exp8180] phase=preconditions_start completed=0 pending=0
[exp8180] phase=external_operand_blocked completed=6 pending=0
[exp8180] phase=measurement_complete completed=0 pending=0
[exp8193] phase=measurement_complete completed=0 pending=0
[exp8193] phase=preconditions_start completed=0 pending=0
[exp8180] phase=preconditions_start completed=0 pending=0
[exp8180] phase=external_operand_blocked completed=9 pending=0
[exp8180] phase=measurement_complete completed=0 pending=0
[exp8193] phase=measurement_complete completed=0 pending=0
.[exp8193] phase=cold_replay_start completed=0 pending=0
[exp8193] phase=cold_replay_start completed=0 pending=0
[exp8193] phase=cold_replay_start completed=0 pending=0
[exp8193] phase=cold_replay_start completed=0 pending=0
.[exp8193] phase=repository_health_pending completed=0 pending=1
.[test8193] before_subprocess ['--cold-replay', '/tmp/pytest-carnot-ianblenke/20261006T094143-3769928-c14218e3/test_private_cli_and_manifest0/experiment_8193_v708_learning_qualification.json']
[exp8193] phase=start completed=0 pending=0
[exp8193] phase=cold_replay_start completed=0 pending=0
[exp8152] phase=fixture_slots completed=32 pending=224
[exp8152] phase=fixture_slots completed=64 pending=192
[exp8152] phase=fixture_slots completed=96 pending=160
[exp8152] phase=fixture_slots completed=128 pending=128
[exp8152] phase=fixture_slots completed=160 pending=96
[exp8152] phase=fixture_slots completed=192 pending=64
[exp8152] phase=fixture_slots completed=224 pending=32
[exp8152] phase=fixture_slots completed=256 pending=0
[exp8180] phase=cold_replay_states completed=1 pending=39
[exp8152] phase=fixture_slots completed=32 pending=224
[exp8152] phase=fixture_slots completed=64 pending=192
[exp8152] phase=fixture_slots completed=96 pending=160
[exp8152] phase=fixture_slots completed=128 pending=128
[exp8152] phase=fixture_slots completed=160 pending=96
[exp8152] phase=fixture_slots completed=192 pending=64
[exp8152] phase=fixture_slots completed=224 pending=32
[exp8152] phase=fixture_slots completed=256 pending=0
[exp8180] phase=cold_replay_states completed=2 pending=38
[exp8152] phase=fixture_slots completed=32 pending=224
[exp8152] phase=fixture_slots completed=64 pending=192
[exp8152] phase=fixture_slots completed=96 pending=160
[exp8152] phase=fixture_slots completed=128 pending=128
[exp8152] phase=fixture_slots completed=160 pending=96
[exp8152] phase=fixture_slots completed=192 pending=64
[exp8152] phase=fixture_slots completed=224 pending=32
[exp8152] phase=fixture_slots completed=256 pending=0
[exp8180] phase=cold_replay_states completed=3 pending=37
[exp8152] phase=fixture_slots completed=32 pending=224
[exp8152] phase=fixture_slots completed=64 pending=192
[exp8152] phase=fixture_slots completed=96 pending=160
[exp8152] phase=fixture_slots completed=128 pending=128
[exp8152] phase=fixture_slots completed=160 pending=96
[exp8152] phase=fixture_slots completed=192 pending=64
[exp8152] phase=fixture_slots completed=224 pending=32
[exp8152] phase=fixture_slots completed=256 pending=0
[exp8180] phase=cold_replay_states completed=4 pending=36
[exp8152] phase=fixture_slots completed=32 pending=224
[exp8152] phase=fixture_slots completed=64 pending=192
[exp8152] phase=fixture_slots completed=96 pending=160
[exp8152] phase=fixture_slots completed=128 pending=128
[exp8152] phase=fixture_slots completed=160 pending=96
[exp8152] phase=fixture_slots completed=192 pending=64
[exp8152] phase=fixture_slots completed=224 pending=32
[exp8152] phase=fixture_slots completed=256 pending=0
[exp8180] phase=cold_replay_states completed=5 pending=35
[exp8152] phase=fixture_slots completed=32 pending=224
[exp8152] phase=fixture_slots completed=64 pending=192
[exp8152] phase=fixture_slots completed=96 pending=160
[exp8152] phase=fixture_slots completed=128 pending=128
[exp8152] phase=fixture_slots completed=160 pending=96
[exp8152] phase=fixture_slots completed=192 pending=64
[exp8152] phase=fixture_slots completed=224 pending=32
[exp8152] phase=fixture_slots completed=256 pending=0
[exp8180] phase=cold_replay_states completed=6 pending=34
[exp8152] phase=fixture_slots completed=32 pending=224
[exp8152] phase=fixture_slots completed=64 pending=192
[exp8152] phase=fixture_slots completed=96 pending=160
[exp8152] phase=fixture_slots completed=128 pending=128
[exp8152] phase=fixture_slots completed=160 pending=96
[exp8152] phase=fixture_slots completed=192 pending=64
[exp8152] phase=fixture_slots completed=224 pending=32
[exp8152] phase=fixture_slots completed=256 pending=0
[exp8180] phase=cold_replay_states completed=7 pending=33
[exp8152] phase=fixture_slots completed=32 pending=224
[exp8152] phase=fixture_slots completed=64 pending=192
[exp8152] phase=fixture_slots completed=96 pending=160
[exp8152] phase=fixture_slots completed=128 pending=128
[exp8152] phase=fixture_slots completed=160 pending=96
[exp8152] phase=fixture_slots completed=192 pending=64
[exp8152] phase=fixture_slots completed=224 pending=32
[exp8152] phase=fixture_slots completed=256 pending=0
[exp8180] phase=cold_replay_states completed=8 pending=32
[exp8152] phase=fixture_slots completed=32 pending=224
[exp8152] phase=fixture_slots completed=64 pending=192
[exp8152] phase=fixture_slots completed=96 pending=160
[exp8152] phase=fixture_slots completed=128 pending=128
[exp8152] phase=fixture_slots completed=160 pending=96
[exp8152] phase=fixture_slots completed=192 pending=64
[exp8152] phase=fixture_slots completed=224 pending=32
[exp8152] phase=fixture_slots completed=256 pending=0
[exp8180] phase=cold_replay_states completed=9 pending=31
[exp8152] phase=fixture_slots completed=32 pending=224
[exp8152] phase=fixture_slots completed=64 pending=192
[exp8152] phase=fixture_slots completed=96 pending=160
[exp8152] phase=fixture_slots completed=128 pending=128
[exp8152] phase=fixture_slots completed=160 pending=96
[exp8152] phase=fixture_slots completed=192 pending=64
[exp8152] phase=fixture_slots completed=224 pending=32
[exp8152] phase=fixture_slots completed=256 pending=0
[exp8180] phase=cold_replay_states completed=10 pending=30
[exp8152] phase=fixture_slots completed=32 pending=224
[exp8152] phase=fixture_slots completed=64 pending=192
[exp8152] phase=fixture_slots completed=96 pending=160
[exp8152] phase=fixture_slots completed=128 pending=128
[exp8152] phase=fixture_slots completed=160 pending=96
[exp8152] phase=fixture_slots completed=192 pending=64
[exp8152] phase=fixture_slots completed=224 pending=32
[exp8152] phase=fixture_slots completed=256 pending=0
[exp8180] phase=cold_replay_states completed=11 pending=29
[exp8152] phase=fixture_slots completed=32 pending=224
[exp8152] phase=fixture_slots completed=64 pending=192
[exp8152] phase=fixture_slots completed=96 pending=160
[exp8152] phase=fixture_slots completed=128 pending=128
[exp8152] phase=fixture_slots completed=160 pending=96
[exp8152] phase=fixture_slots completed=192 pending=64
[exp8152] phase=fixture_slots completed=224 pending=32
[exp8152] phase=fixture_slots completed=256 pending=0
[exp8180] phase=cold_replay_states completed=12 pending=28
[exp8152] phase=fixture_slots completed=32 pending=224
[exp8152] phase=fixture_slots completed=64 pending=192
[exp8152] phase=fixture_slots completed=96 pending=160
[exp8152] phase=fixture_slots completed=128 pending=128
[exp8152] phase=fixture_slots completed=160 pending=96
[exp8152] phase=fixture_slots completed=192 pending=64
[exp8152] phase=fixture_slots completed=224 pending=32
[exp8152] phase=fixture_slots completed=256 pending=0
[exp8180] phase=cold_replay_states completed=13 pending=27
[exp8152] phase=fixture_slots completed=32 pending=224
[exp8152] phase=fixture_slots completed=64 pending=192
[exp8152] phase=fixture_slots completed=96 pending=160
[exp8152] phase=fixture_slots completed=128 pending=128
[exp8152] phase=fixture_slots completed=160 pending=96
[exp8152] phase=fixture_slots completed=192 pending=64
[exp8152] phase=fixture_slots completed=224 pending=32
[exp8152] phase=fixture_slots completed=256 pending=0
[exp8180] phase=cold_replay_states completed=14 pending=26
[exp8152] phase=fixture_slots completed=32 pending=224
[exp8152] phase=fixture_slots completed=64 pending=192
[exp8152] phase=fixture_slots completed=96 pending=160
[exp8152] phase=fixture_slots completed=128 pending=128
[exp8152] phase=fixture_slots completed=160 pending=96
[exp8152] phase=fixture_slots completed=192 pending=64
[exp8152] phase=fixture_slots completed=224 pending=32
[exp8152] phase=fixture_slots completed=256 pending=0
[exp8180] phase=cold_replay_states completed=15 pending=25
[exp8152] phase=fixture_slots completed=32 pending=224
[exp8152] phase=fixture_slots completed=64 pending=192
[exp8152] phase=fixture_slots completed=96 pending=160
[exp8152] phase=fixture_slots completed=128 pending=128
[exp8152] phase=fixture_slots completed=160 pending=96
[exp8152] phase=fixture_slots completed=192 pending=64
[exp8152] phase=fixture_slots completed=224 pending=32
[exp8152] phase=fixture_slots completed=256 pending=0
[exp8180] phase=cold_replay_states completed=16 pending=24
[exp8152] phase=fixture_slots completed=32 pending=224
[exp8152] phase=fixture_slots completed=64 pending=192
[exp8152] phase=fixture_slots completed=96 pending=160
[exp8152] phase=fixture_slots completed=128 pending=128
[exp8152] phase=fixture_slots completed=160 pending=96
[exp8152] phase=fixture_slots completed=192 pending=64
[exp8152] phase=fixture_slots completed=224 pending=32
[exp8152] phase=fixture_slots completed=256 pending=0
[exp8180] phase=cold_replay_states completed=17 pending=23
[exp8152] phase=fixture_slots completed=32 pending=224
[exp8152] phase=fixture_slots completed=64 pending=192
[exp8152] phase=fixture_slots completed=96 pending=160
[exp8152] phase=fixture_slots completed=128 pending=128
[exp8152] phase=fixture_slots completed=160 pending=96
[exp8152] phase=fixture_slots completed=192 pending=64
[exp8152] phase=fixture_slots completed=224 pending=32
[exp8152] phase=fixture_slots completed=256 pending=0
[exp8180] phase=cold_replay_states completed=18 pending=22
[exp8152] phase=fixture_slots completed=32 pending=224
[exp8152] phase=fixture_slots completed=64 pending=192
[exp8152] phase=fixture_slots completed=96 pending=160
[exp8152] phase=fixture_slots completed=128 pending=128
[exp8152] phase=fixture_slots completed=160 pending=96
[exp8152] phase=fixture_slots completed=192 pending=64
[exp8152] phase=fixture_slots completed=224 pending=32
[exp8152] phase=fixture_slots completed=256 pending=0
[exp8180] phase=cold_replay_states completed=19 pending=21
[exp8152] phase=fixture_slots completed=32 pending=224
[exp8152] phase=fixture_slots completed=64 pending=192
[exp8152] phase=fixture_slots completed=96 pending=160
[exp8152] phase=fixture_slots completed=128 pending=128
[exp8152] phase=fixture_slots completed=160 pending=96
[exp8152] phase=fixture_slots completed=192 pending=64
[exp8152] phase=fixture_slots completed=224 pending=32
[exp8152] phase=fixture_slots completed=256 pending=0
[exp8180] phase=cold_replay_states completed=20 pending=20
[exp8152] phase=fixture_slots completed=32 pending=224
[exp8152] phase=fixture_slots completed=64 pending=192
[exp8152] phase=fixture_slots completed=96 pending=160
[exp8152] phase=fixture_slots completed=128 pending=128
[exp8152] phase=fixture_slots completed=160 pending=96
[exp8152] phase=fixture_slots completed=192 pending=64
[exp8152] phase=fixture_slots completed=224 pending=32
[exp8152] phase=fixture_slots completed=256 pending=0
[exp8180] phase=cold_replay_states completed=21 pending=19
[exp8152] phase=fixture_slots completed=32 pending=224
[exp8152] phase=fixture_slots completed=64 pending=192
[exp8152] phase=fixture_slots completed=96 pending=160
[exp8152] phase=fixture_slots completed=128 pending=128
[exp8152] phase=fixture_slots completed=160 pending=96
[exp8152] phase=fixture_slots completed=192 pending=64
[exp8152] phase=fixture_slots completed=224 pending=32
[exp8152] phase=fixture_slots completed=256 pending=0
[exp8180] phase=cold_replay_states completed=22 pending=18
[exp8152] phase=fixture_slots completed=32 pending=224
[exp8152] phase=fixture_slots completed=64 pending=192
[exp8152] phase=fixture_slots completed=96 pending=160
[exp8152] phase=fixture_slots completed=128 pending=128
[exp8152] phase=fixture_slots completed=160 pending=96
[exp8152] phase=fixture_slots completed=192 pending=64
[exp8152] phase=fixture_slots completed=224 pending=32
[exp8152] phase=fixture_slots completed=256 pending=0
[exp8180] phase=cold_replay_states completed=23 pending=17
[exp8152] phase=fixture_slots completed=32 pending=224
[exp8152] phase=fixture_slots completed=64 pending=192
[exp8152] phase=fixture_slots completed=96 pending=160
[exp8152] phase=fixture_slots completed=128 pending=128
[exp8152] phase=fixture_slots completed=160 pending=96
[exp8152] phase=fixture_slots completed=192 pending=64
[exp8152] phase=fixture_slots completed=224 pending=32
[exp8152] phase=fixture_slots completed=256 pending=0
[exp8180] phase=cold_replay_states completed=24 pending=16
[exp8152] phase=fixture_slots completed=32 pending=224
[exp8152] phase=fixture_slots completed=64 pending=192
[exp8152] phase=fixture_slots completed=96 pending=160
[exp8152] phase=fixture_slots completed=128 pending=128
[exp8152] phase=fixture_slots completed=160 pending=96
[exp8152] phase=fixture_slots completed=192 pending=64
[exp8152] phase=fixture_slots completed=224 pending=32
[exp8152] phase=fixture_slots completed=256 pending=0
[exp8180] phase=cold_replay_states completed=25 pending=15
[exp8152] phase=fixture_slots completed=32 pending=224
[exp8152] phase=fixture_slots completed=64 pending=192
[exp8152] phase=fixture_slots completed=96 pending=160
[exp8152] phase=fixture_slots completed=128 pending=128
[exp8152] phase=fixture_slots completed=160 pending=96
[exp8152] phase=fixture_slots completed=192 pending=64
[exp8152] phase=fixture_slots completed=224 pending=32
[exp8152] phase=fixture_slots completed=256 pending=0
[exp8180] phase=cold_replay_states completed=26 pending=14
[exp8152] phase=fixture_slots completed=32 pending=224
[exp8152] phase=fixture_slots completed=64 pending=192
[exp8152] phase=fixture_slots completed=96 pending=160
[exp8152] phase=fixture_slots completed=128 pending=128
[exp8152] phase=fixture_slots completed=160 pending=96
[exp8152] phase=fixture_slots completed=192 pending=64
[exp8152] phase=fixture_slots completed=224 pending=32
[exp8152] phase=fixture_slots completed=256 pending=0
[exp8180] phase=cold_replay_states completed=27 pending=13
[exp8152] phase=fixture_slots completed=32 pending=224
[exp8152] phase=fixture_slots completed=64 pending=192
[exp8152] phase=fixture_slots completed=96 pending=160
[exp8152] phase=fixture_slots completed=128 pending=128
[exp8152] phase=fixture_slots completed=160 pending=96
[exp8152] phase=fixture_slots completed=192 pending=64
[exp8152] phase=fixture_slots completed=224 pending=32
[exp8152] phase=fixture_slots completed=256 pending=0
[exp8180] phase=cold_replay_states completed=28 pending=12
[exp8152] phase=fixture_slots completed=32 pending=224
[exp8152] phase=fixture_slots completed=64 pending=192
[exp8152] phase=fixture_slots completed=96 pending=160
[exp8152] phase=fixture_slots completed=128 pending=128
[exp8152] phase=fixture_slots completed=160 pending=96
[exp8152] phase=fixture_slots completed=192 pending=64
[exp8152] phase=fixture_slots completed=224 pending=32
[exp8152] phase=fixture_slots completed=256 pending=0
[exp8180] phase=cold_replay_states completed=29 pending=11
[exp8152] phase=fixture_slots completed=32 pending=224
[exp8152] phase=fixture_slots completed=64 pending=192
[exp8152] phase=fixture_slots completed=96 pending=160
[exp8152] phase=fixture_slots completed=128 pending=128
[exp8152] phase=fixture_slots completed=160 pending=96
[exp8152] phase=fixture_slots completed=192 pending=64
[exp8152] phase=fixture_slots completed=224 pending=32
[exp8152] phase=fixture_slots completed=256 pending=0
[exp8180] phase=cold_replay_states completed=30 pending=10
[exp8152] phase=fixture_slots completed=32 pending=224
[exp8152] phase=fixture_slots completed=64 pending=192
[exp8152] phase=fixture_slots completed=96 pending=160
[exp8152] phase=fixture_slots completed=128 pending=128
[exp8152] phase=fixture_slots completed=160 pending=96
[exp8152] phase=fixture_slots completed=192 pending=64
[exp8152] phase=fixture_slots completed=224 pending=32
[exp8152] phase=fixture_slots completed=256 pending=0
[exp8180] phase=cold_replay_states completed=31 pending=9
[exp8152] phase=fixture_slots completed=32 pending=224
[exp8152] phase=fixture_slots completed=64 pending=192
[exp8152] phase=fixture_slots completed=96 pending=160
[exp8152] phase=fixture_slots completed=128 pending=128
[exp8152] phase=fixture_slots completed=160 pending=96
[exp8152] phase=fixture_slots completed=192 pending=64
[exp8152] phase=fixture_slots completed=224 pending=32
[exp8152] phase=fixture_slots completed=256 pending=0
[exp8180] phase=cold_replay_states completed=32 pending=8
[exp8152] phase=fixture_slots completed=32 pending=224
[exp8152] phase=fixture_slots completed=64 pending=192
[exp8152] phase=fixture_slots completed=96 pending=160
[exp8152] phase=fixture_slots completed=128 pending=128
[exp8152] phase=fixture_slots completed=160 pending=96
[exp8152] phase=fixture_slots completed=192 pending=64
[exp8152] phase=fixture_slots completed=224 pending=32
[exp8152] phase=fixture_slots completed=256 pending=0
[exp8180] phase=cold_replay_states completed=33 pending=7
[exp8152] phase=fixture_slots completed=32 pending=224
[exp8152] phase=fixture_slots completed=64 pending=192
[test8193] child_wait completed=0 pending=1
[exp8152] phase=fixture_slots completed=96 pending=160
[exp8152] phase=fixture_slots completed=128 pending=128
[exp8152] phase=fixture_slots completed=160 pending=96
[exp8152] phase=fixture_slots completed=192 pending=64
[exp8152] phase=fixture_slots completed=224 pending=32
[exp8152] phase=fixture_slots completed=256 pending=0
[exp8180] phase=cold_replay_states completed=34 pending=6
[exp8152] phase=fixture_slots completed=32 pending=224
[exp8152] phase=fixture_slots completed=64 pending=192
[exp8152] phase=fixture_slots completed=96 pending=160
[exp8152] phase=fixture_slots completed=128 pending=128
[exp8152] phase=fixture_slots completed=160 pending=96
[exp8152] phase=fixture_slots completed=192 pending=64
[exp8152] phase=fixture_slots completed=224 pending=32
[exp8152] phase=fixture_slots completed=256 pending=0
[exp8180] phase=cold_replay_states completed=35 pending=5
[exp8152] phase=fixture_slots completed=32 pending=224
[exp8152] phase=fixture_slots completed=64 pending=192
[exp8152] phase=fixture_slots completed=96 pending=160
[exp8152] phase=fixture_slots completed=128 pending=128
[exp8152] phase=fixture_slots completed=160 pending=96
[exp8152] phase=fixture_slots completed=192 pending=64
[exp8152] phase=fixture_slots completed=224 pending=32
[exp8152] phase=fixture_slots completed=256 pending=0
[exp8180] phase=cold_replay_states completed=36 pending=4
[exp8152] phase=fixture_slots completed=32 pending=224
[exp8152] phase=fixture_slots completed=64 pending=192
[exp8152] phase=fixture_slots completed=96 pending=160
[exp8152] phase=fixture_slots completed=128 pending=128
[exp8152] phase=fixture_slots completed=160 pending=96
[exp8152] phase=fixture_slots completed=192 pending=64
[exp8152] phase=fixture_slots completed=224 pending=32
[exp8152] phase=fixture_slots completed=256 pending=0
[exp8180] phase=cold_replay_states completed=37 pending=3
[exp8152] phase=fixture_slots completed=32 pending=224
[exp8152] phase=fixture_slots completed=64 pending=192
[exp8152] phase=fixture_slots completed=96 pending=160
[exp8152] phase=fixture_slots completed=128 pending=128
[exp8152] phase=fixture_slots completed=160 pending=96
[exp8152] phase=fixture_slots completed=192 pending=64
[exp8152] phase=fixture_slots completed=224 pending=32
[exp8152] phase=fixture_slots completed=256 pending=0
[exp8180] phase=cold_replay_states completed=38 pending=2
[exp8152] phase=fixture_slots completed=32 pending=224
[exp8152] phase=fixture_slots completed=64 pending=192
[exp8152] phase=fixture_slots completed=96 pending=160
[exp8152] phase=fixture_slots completed=128 pending=128
[exp8152] phase=fixture_slots completed=160 pending=96
[exp8152] phase=fixture_slots completed=192 pending=64
[exp8152] phase=fixture_slots completed=224 pending=32
[exp8152] phase=fixture_slots completed=256 pending=0
[exp8180] phase=cold_replay_states completed=39 pending=1
[exp8152] phase=fixture_slots completed=32 pending=224
[exp8152] phase=fixture_slots completed=64 pending=192
[exp8152] phase=fixture_slots completed=96 pending=160
[exp8152] phase=fixture_slots completed=128 pending=128
[exp8152] phase=fixture_slots completed=160 pending=96
[exp8152] phase=fixture_slots completed=192 pending=64
[exp8152] phase=fixture_slots completed=224 pending=32
[exp8152] phase=fixture_slots completed=256 pending=0
[exp8180] phase=cold_replay_states completed=40 pending=0
[exp8193] phase=cold_replay_complete completed=40 pending=0
[exp8193] phase=replay_passed completed=0 pending=0
[test8193] after_subprocess 0
[test8193] before_subprocess ['--cold-replay', '/tmp/pytest-carnot-ianblenke/20261006T094143-3769928-c14218e3/test_private_cli_and_manifest0/experiment_8193_v708_learning_qualification.json']
[exp8193] phase=start completed=0 pending=0
[exp8193] phase=cold_replay_start completed=0 pending=0
[exp8193] phase=reduction_drift completed=0 pending=0
[test8193] after_subprocess 1
[test8193] before_subprocess ['--fixture-output', '/tmp/pytest-carnot-ianblenke/20261006T094143-3769928-c14218e3/test_private_cli_and_manifest0/blocked/experiment_8193_v708_learning_qualification.json', '--root', '/tmp/pytest-carnot-ianblenke/20261006T094143-3769928-c14218e3/test_private_cli_and_manifest0/absent']
[exp8193] phase=start completed=0 pending=0
[exp8193] phase=preconditions_start completed=0 pending=0
[exp8180] phase=preconditions_start completed=0 pending=0
[exp8180] phase=external_operand_blocked completed=6 pending=0
[exp8180] phase=measurement_complete completed=0 pending=0
[exp8193] phase=measurement_complete completed=0 pending=0
[exp8193] phase=cold_replay_start completed=0 pending=0
[exp8193] phase=cold_replay_complete completed=0 pending=0
[exp8193] phase=publication_complete completed=1 pending=0
[test8193] after_subprocess 0
[test8193] before_subprocess ['--fixture-output', '/home/ianblenke/github.com/ianblenke/carnot/results/forbidden.json']
[exp8193] phase=start completed=0 pending=0
usage: experiment_8193_v708_learning_qualification.py [-h] [--date {20261006}]
                                                      [--root ROOT]
                                                      [--output OUTPUT]
                                                      [--fixture-output FIXTURE_OUTPUT]
                                                      [--worker-output WORKER_OUTPUT]
                                                      [--stream-path STREAM_PATH]
                                                      [--mutation {,labels,roles,slots,source}]
                                                      [--cold-replay COLD_REPLAY]
experiment_8193_v708_learning_qualification.py: error: fixture outputs must be private
[test8193] after_subprocess 2
[test8193] before_subprocess ['--worker-output', '/tmp/pytest-carnot-ianblenke/20261006T094143-3769928-c14218e3/test_private_cli_and_manifest0/success/measurement.json']
[exp8193] phase=start completed=0 pending=0
[exp8193] phase=preconditions_start completed=0 pending=0
[exp8180] phase=preconditions_start completed=0 pending=0
[exp8111] phase=historical_completion_custody completed=0 pending=320
[exp8111] phase=historical_completion_custody completed=64 pending=256
[exp8111] phase=historical_completion_custody completed=128 pending=192
[exp8111] phase=historical_completion_custody completed=192 pending=128
[exp8111] phase=historical_completion_custody completed=256 pending=64
[test8193] child_wait completed=0 pending=1
[exp8180] phase=before_diagnosis_benchmark completed=0 pending=40960
[exp8180] phase=after_diagnosis_benchmark completed=12640 pending=0
[exp8180] phase=before_fixture_benchmark_learnable completed=0 pending=20
[exp8152] phase=fixture_slots completed=32 pending=224
[exp8152] phase=fixture_slots completed=64 pending=192
[exp8152] phase=fixture_slots completed=96 pending=160
[exp8152] phase=fixture_slots completed=128 pending=128
[exp8152] phase=fixture_slots completed=160 pending=96
[exp8152] phase=fixture_slots completed=192 pending=64
[exp8152] phase=fixture_slots completed=224 pending=32
[exp8152] phase=fixture_slots completed=256 pending=0
[exp8180] phase=after_fixture_benchmark_learnable completed=1 pending=19
[exp8180] phase=before_fixture_benchmark_learnable completed=1 pending=19
[exp8152] phase=fixture_slots completed=32 pending=224
[exp8152] phase=fixture_slots completed=64 pending=192
[exp8152] phase=fixture_slots completed=96 pending=160
[exp8152] phase=fixture_slots completed=128 pending=128
[exp8152] phase=fixture_slots completed=160 pending=96
[exp8152] phase=fixture_slots completed=192 pending=64
[exp8152] phase=fixture_slots completed=224 pending=32
[exp8152] phase=fixture_slots completed=256 pending=0
[exp8180] phase=after_fixture_benchmark_learnable completed=2 pending=18
[exp8180] phase=before_fixture_benchmark_learnable completed=2 pending=18
[exp8152] phase=fixture_slots completed=32 pending=224
[exp8152] phase=fixture_slots completed=64 pending=192
[exp8152] phase=fixture_slots completed=96 pending=160
[exp8152] phase=fixture_slots completed=128 pending=128
[exp8152] phase=fixture_slots completed=160 pending=96
[exp8152] phase=fixture_slots completed=192 pending=64
[exp8152] phase=fixture_slots completed=224 pending=32
[exp8152] phase=fixture_slots completed=256 pending=0
[exp8180] phase=after_fixture_benchmark_learnable completed=3 pending=17
[exp8180] phase=before_fixture_benchmark_learnable completed=3 pending=17
[exp8152] phase=fixture_slots completed=32 pending=224
[exp8152] phase=fixture_slots completed=64 pending=192
[exp8152] phase=fixture_slots completed=96 pending=160
[exp8152] phase=fixture_slots completed=128 pending=128
[exp8152] phase=fixture_slots completed=160 pending=96
[exp8152] phase=fixture_slots completed=192 pending=64
[exp8152] phase=fixture_slots completed=224 pending=32
[exp8152] phase=fixture_slots completed=256 pending=0
[exp8180] phase=after_fixture_benchmark_learnable completed=4 pending=16
[exp8180] phase=before_fixture_benchmark_learnable completed=4 pending=16
[exp8152] phase=fixture_slots completed=32 pending=224
[exp8152] phase=fixture_slots completed=64 pending=192
[exp8152] phase=fixture_slots completed=96 pending=160
[exp8152] phase=fixture_slots completed=128 pending=128
[exp8152] phase=fixture_slots completed=160 pending=96
[exp8152] phase=fixture_slots completed=192 pending=64
[exp8152] phase=fixture_slots completed=224 pending=32
[exp8152] phase=fixture_slots completed=256 pending=0
[exp8180] phase=after_fixture_benchmark_learnable completed=5 pending=15
[exp8180] phase=before_fixture_benchmark_learnable completed=5 pending=15
[exp8152] phase=fixture_slots completed=32 pending=224
[exp8152] phase=fixture_slots completed=64 pending=192
[exp8152] phase=fixture_slots completed=96 pending=160
[exp8152] phase=fixture_slots completed=128 pending=128
[exp8152] phase=fixture_slots completed=160 pending=96
[exp8152] phase=fixture_slots completed=192 pending=64
[exp8152] phase=fixture_slots completed=224 pending=32
[exp8152] phase=fixture_slots completed=256 pending=0
[exp8180] phase=after_fixture_benchmark_learnable completed=6 pending=14
[exp8180] phase=before_fixture_benchmark_learnable completed=6 pending=14
[exp8152] phase=fixture_slots completed=32 pending=224
[exp8152] phase=fixture_slots completed=64 pending=192
[exp8152] phase=fixture_slots completed=96 pending=160
[exp8152] phase=fixture_slots completed=128 pending=128
[exp8152] phase=fixture_slots completed=160 pending=96
[exp8152] phase=fixture_slots completed=192 pending=64
[exp8152] phase=fixture_slots completed=224 pending=32
[exp8152] phase=fixture_slots completed=256 pending=0
[exp8180] phase=after_fixture_benchmark_learnable completed=7 pending=13
[exp8180] phase=before_fixture_benchmark_learnable completed=7 pending=13
[exp8152] phase=fixture_slots completed=32 pending=224
[exp8152] phase=fixture_slots completed=64 pending=192
[exp8152] phase=fixture_slots completed=96 pending=160
[exp8152] phase=fixture_slots completed=128 pending=128
[exp8152] phase=fixture_slots completed=160 pending=96
[exp8152] phase=fixture_slots completed=192 pending=64
[exp8152] phase=fixture_slots completed=224 pending=32
[exp8152] phase=fixture_slots completed=256 pending=0
[exp8180] phase=after_fixture_benchmark_learnable completed=8 pending=12
[exp8180] phase=before_fixture_benchmark_learnable completed=8 pending=12
[exp8152] phase=fixture_slots completed=32 pending=224
[exp8152] phase=fixture_slots completed=64 pending=192
[exp8152] phase=fixture_slots completed=96 pending=160
[exp8152] phase=fixture_slots completed=128 pending=128
[exp8152] phase=fixture_slots completed=160 pending=96
[exp8152] phase=fixture_slots completed=192 pending=64
[exp8152] phase=fixture_slots completed=224 pending=32
[exp8152] phase=fixture_slots completed=256 pending=0
[exp8180] phase=after_fixture_benchmark_learnable completed=9 pending=11
[exp8180] phase=before_fixture_benchmark_learnable completed=9 pending=11
[exp8152] phase=fixture_slots completed=32 pending=224
[exp8152] phase=fixture_slots completed=64 pending=192
[exp8152] phase=fixture_slots completed=96 pending=160
[exp8152] phase=fixture_slots completed=128 pending=128
[exp8152] phase=fixture_slots completed=160 pending=96
[exp8152] phase=fixture_slots completed=192 pending=64
[exp8152] phase=fixture_slots completed=224 pending=32
[exp8152] phase=fixture_slots completed=256 pending=0
[exp8180] phase=after_fixture_benchmark_learnable completed=10 pending=10
[exp8180] phase=before_fixture_benchmark_learnable completed=10 pending=10
[exp8152] phase=fixture_slots completed=32 pending=224
[exp8152] phase=fixture_slots completed=64 pending=192
[test8193] child_wait completed=0 pending=1
[exp8152] phase=fixture_slots completed=96 pending=160
[exp8152] phase=fixture_slots completed=128 pending=128
[exp8152] phase=fixture_slots completed=160 pending=96
[exp8152] phase=fixture_slots completed=192 pending=64
[exp8152] phase=fixture_slots completed=224 pending=32
[exp8152] phase=fixture_slots completed=256 pending=0
[exp8180] phase=after_fixture_benchmark_learnable completed=11 pending=9
[exp8180] phase=before_fixture_benchmark_learnable completed=11 pending=9
[exp8152] phase=fixture_slots completed=32 pending=224
[exp8152] phase=fixture_slots completed=64 pending=192
[exp8152] phase=fixture_slots completed=96 pending=160
[exp8152] phase=fixture_slots completed=128 pending=128
[exp8152] phase=fixture_slots completed=160 pending=96
[exp8152] phase=fixture_slots completed=192 pending=64
[exp8152] phase=fixture_slots completed=224 pending=32
[exp8152] phase=fixture_slots completed=256 pending=0
[exp8180] phase=after_fixture_benchmark_learnable completed=12 pending=8
[exp8180] phase=before_fixture_benchmark_learnable completed=12 pending=8
[exp8152] phase=fixture_slots completed=32 pending=224
[exp8152] phase=fixture_slots completed=64 pending=192
[exp8152] phase=fixture_slots completed=96 pending=160
[exp8152] phase=fixture_slots completed=128 pending=128
[exp8152] phase=fixture_slots completed=160 pending=96
[exp8152] phase=fixture_slots completed=192 pending=64
[exp8152] phase=fixture_slots completed=224 pending=32
[exp8152] phase=fixture_slots completed=256 pending=0
[exp8180] phase=after_fixture_benchmark_learnable completed=13 pending=7
[exp8180] phase=before_fixture_benchmark_learnable completed=13 pending=7
[exp8152] phase=fixture_slots completed=32 pending=224
[exp8152] phase=fixture_slots completed=64 pending=192
[exp8152] phase=fixture_slots completed=96 pending=160
[exp8152] phase=fixture_slots completed=128 pending=128
[exp8152] phase=fixture_slots completed=160 pending=96
[exp8152] phase=fixture_slots completed=192 pending=64
[exp8152] phase=fixture_slots completed=224 pending=32
[exp8152] phase=fixture_slots completed=256 pending=0
[exp8180] phase=after_fixture_benchmark_learnable completed=14 pending=6
[exp8180] phase=before_fixture_benchmark_learnable completed=14 pending=6
[exp8152] phase=fixture_slots completed=32 pending=224
[exp8152] phase=fixture_slots completed=64 pending=192
[exp8152] phase=fixture_slots completed=96 pending=160
[exp8152] phase=fixture_slots completed=128 pending=128
[exp8152] phase=fixture_slots completed=160 pending=96
[exp8152] phase=fixture_slots completed=192 pending=64
[exp8152] phase=fixture_slots completed=224 pending=32
[exp8152] phase=fixture_slots completed=256 pending=0
[exp8180] phase=after_fixture_benchmark_learnable completed=15 pending=5
[exp8180] phase=before_fixture_benchmark_learnable completed=15 pending=5
[exp8152] phase=fixture_slots completed=32 pending=224
[exp8152] phase=fixture_slots completed=64 pending=192
[exp8152] phase=fixture_slots completed=96 pending=160
[exp8152] phase=fixture_slots completed=128 pending=128
[exp8152] phase=fixture_slots completed=160 pending=96
[exp8152] phase=fixture_slots completed=192 pending=64
[exp8152] phase=fixture_slots completed=224 pending=32
[exp8152] phase=fixture_slots completed=256 pending=0
[exp8180] phase=after_fixture_benchmark_learnable completed=16 pending=4
[exp8180] phase=before_fixture_benchmark_learnable completed=16 pending=4
[exp8152] phase=fixture_slots completed=32 pending=224
[exp8152] phase=fixture_slots completed=64 pending=192
[exp8152] phase=fixture_slots completed=96 pending=160
[exp8152] phase=fixture_slots completed=128 pending=128
[exp8152] phase=fixture_slots completed=160 pending=96
[exp8152] phase=fixture_slots completed=192 pending=64
[exp8152] phase=fixture_slots completed=224 pending=32
[exp8152] phase=fixture_slots completed=256 pending=0
[exp8180] phase=after_fixture_benchmark_learnable completed=17 pending=3
[exp8180] phase=before_fixture_benchmark_learnable completed=17 pending=3
[exp8152] phase=fixture_slots completed=32 pending=224
[exp8152] phase=fixture_slots completed=64 pending=192
[exp8152] phase=fixture_slots completed=96 pending=160
[exp8152] phase=fixture_slots completed=128 pending=128
[exp8152] phase=fixture_slots completed=160 pending=96
[exp8152] phase=fixture_slots completed=192 pending=64
[exp8152] phase=fixture_slots completed=224 pending=32
[exp8152] phase=fixture_slots completed=256 pending=0
[exp8180] phase=after_fixture_benchmark_learnable completed=18 pending=2
[exp8180] phase=before_fixture_benchmark_learnable completed=18 pending=2
[exp8152] phase=fixture_slots completed=32 pending=224
[exp8152] phase=fixture_slots completed=64 pending=192
[exp8152] phase=fixture_slots completed=96 pending=160
[exp8152] phase=fixture_slots completed=128 pending=128
[exp8152] phase=fixture_slots completed=160 pending=96
[exp8152] phase=fixture_slots completed=192 pending=64
[exp8152] phase=fixture_slots completed=224 pending=32
[exp8152] phase=fixture_slots completed=256 pending=0
[exp8180] phase=after_fixture_benchmark_learnable completed=19 pending=1
[exp8180] phase=before_fixture_benchmark_learnable completed=19 pending=1
[exp8152] phase=fixture_slots completed=32 pending=224
[exp8152] phase=fixture_slots completed=64 pending=192
[exp8152] phase=fixture_slots completed=96 pending=160
[exp8152] phase=fixture_slots completed=128 pending=128
[exp8152] phase=fixture_slots completed=160 pending=96
[exp8152] phase=fixture_slots completed=192 pending=64
[exp8152] phase=fixture_slots completed=224 pending=32
[exp8152] phase=fixture_slots completed=256 pending=0
[exp8180] phase=after_fixture_benchmark_learnable completed=20 pending=0
[exp8180] phase=before_fixture_benchmark_no_signal completed=0 pending=20
[exp8152] phase=fixture_slots completed=32 pending=224
[exp8152] phase=fixture_slots completed=64 pending=192
[exp8152] phase=fixture_slots completed=96 pending=160
[exp8152] phase=fixture_slots completed=128 pending=128
[exp8152] phase=fixture_slots completed=160 pending=96
[exp8152] phase=fixture_slots completed=192 pending=64
[exp8152] phase=fixture_slots completed=224 pending=32
[exp8152] phase=fixture_slots completed=256 pending=0
[exp8180] phase=after_fixture_benchmark_no_signal completed=1 pending=19
[exp8180] phase=before_fixture_benchmark_no_signal completed=1 pending=19
[exp8152] phase=fixture_slots completed=32 pending=224
[exp8152] phase=fixture_slots completed=64 pending=192
[exp8152] phase=fixture_slots completed=96 pending=160
[exp8152] phase=fixture_slots completed=128 pending=128
[exp8152] phase=fixture_slots completed=160 pending=96
[exp8152] phase=fixture_slots completed=192 pending=64
[exp8152] phase=fixture_slots completed=224 pending=32
[exp8152] phase=fixture_slots completed=256 pending=0
[exp8180] phase=after_fixture_benchmark_no_signal completed=2 pending=18
[exp8180] phase=before_fixture_benchmark_no_signal completed=2 pending=18
[exp8152] phase=fixture_slots completed=32 pending=224
[exp8152] phase=fixture_slots completed=64 pending=192
[exp8152] phase=fixture_slots completed=96 pending=160
[exp8152] phase=fixture_slots completed=128 pending=128
[exp8152] phase=fixture_slots completed=160 pending=96
[exp8152] phase=fixture_slots completed=192 pending=64
[exp8152] phase=fixture_slots completed=224 pending=32
[exp8152] phase=fixture_slots completed=256 pending=0
[exp8180] phase=after_fixture_benchmark_no_signal completed=3 pending=17
[exp8180] phase=before_fixture_benchmark_no_signal completed=3 pending=17
[exp8152] phase=fixture_slots completed=32 pending=224
[exp8152] phase=fixture_slots completed=64 pending=192
[exp8152] phase=fixture_slots completed=96 pending=160
[exp8152] phase=fixture_slots completed=128 pending=128
[exp8152] phase=fixture_slots completed=160 pending=96
[exp8152] phase=fixture_slots completed=192 pending=64
[exp8152] phase=fixture_slots completed=224 pending=32
[exp8152] phase=fixture_slots completed=256 pending=0
[exp8180] phase=after_fixture_benchmark_no_signal completed=4 pending=16
[exp8180] phase=before_fixture_benchmark_no_signal completed=4 pending=16
[exp8152] phase=fixture_slots completed=32 pending=224
[exp8152] phase=fixture_slots completed=64 pending=192
[exp8152] phase=fixture_slots completed=96 pending=160
[exp8152] phase=fixture_slots completed=128 pending=128
[exp8152] phase=fixture_slots completed=160 pending=96
[exp8152] phase=fixture_slots completed=192 pending=64
[exp8152] phase=fixture_slots completed=224 pending=32
[exp8152] phase=fixture_slots completed=256 pending=0
[exp8180] phase=after_fixture_benchmark_no_signal completed=5 pending=15
[exp8180] phase=before_fixture_benchmark_no_signal completed=5 pending=15
[exp8152] phase=fixture_slots completed=32 pending=224
[exp8152] phase=fixture_slots completed=64 pending=192
[exp8152] phase=fixture_slots completed=96 pending=160
[exp8152] phase=fixture_slots completed=128 pending=128
[exp8152] phase=fixture_slots completed=160 pending=96
[exp8152] phase=fixture_slots completed=192 pending=64
[exp8152] phase=fixture_slots completed=224 pending=32
[exp8152] phase=fixture_slots completed=256 pending=0
[exp8180] phase=after_fixture_benchmark_no_signal completed=6 pending=14
[exp8180] phase=before_fixture_benchmark_no_signal completed=6 pending=14
[exp8152] phase=fixture_slots completed=32 pending=224
[exp8152] phase=fixture_slots completed=64 pending=192
[exp8152] phase=fixture_slots completed=96 pending=160
[exp8152] phase=fixture_slots completed=128 pending=128
[exp8152] phase=fixture_slots completed=160 pending=96
[exp8152] phase=fixture_slots completed=192 pending=64
[exp8152] phase=fixture_slots completed=224 pending=32
[exp8152] phase=fixture_slots completed=256 pending=0
[exp8180] phase=after_fixture_benchmark_no_signal completed=7 pending=13
[exp8180] phase=before_fixture_benchmark_no_signal completed=7 pending=13
[exp8152] phase=fixture_slots completed=32 pending=224
[exp8152] phase=fixture_slots completed=64 pending=192
[exp8152] phase=fixture_slots completed=96 pending=160
[exp8152] phase=fixture_slots completed=128 pending=128
[exp8152] phase=fixture_slots completed=160 pending=96
[exp8152] phase=fixture_slots completed=192 pending=64
[exp8152] phase=fixture_slots completed=224 pending=32
[exp8152] phase=fixture_slots completed=256 pending=0
[exp8180] phase=after_fixture_benchmark_no_signal completed=8 pending=12
[exp8180] phase=before_fixture_benchmark_no_signal completed=8 pending=12
[exp8152] phase=fixture_slots completed=32 pending=224
[exp8152] phase=fixture_slots completed=64 pending=192
[exp8152] phase=fixture_slots completed=96 pending=160
[exp8152] phase=fixture_slots completed=128 pending=128
[exp8152] phase=fixture_slots completed=160 pending=96
[exp8152] phase=fixture_slots completed=192 pending=64
[exp8152] phase=fixture_slots completed=224 pending=32
[exp8152] phase=fixture_slots completed=256 pending=0
[exp8180] phase=after_fixture_benchmark_no_signal completed=9 pending=11
[exp8180] phase=before_fixture_benchmark_no_signal completed=9 pending=11
[exp8152] phase=fixture_slots completed=32 pending=224
[exp8152] phase=fixture_slots completed=64 pending=192
[exp8152] phase=fixture_slots completed=96 pending=160
[exp8152] phase=fixture_slots completed=128 pending=128
[exp8152] phase=fixture_slots completed=160 pending=96
[exp8152] phase=fixture_slots completed=192 pending=64
[exp8152] phase=fixture_slots completed=224 pending=32
[exp8152] phase=fixture_slots completed=256 pending=0
[exp8180] phase=after_fixture_benchmark_no_signal completed=10 pending=10
[exp8180] phase=before_fixture_benchmark_no_signal completed=10 pending=10
[exp8152] phase=fixture_slots completed=32 pending=224
[exp8152] phase=fixture_slots completed=64 pending=192
[exp8152] phase=fixture_slots completed=96 pending=160
[exp8152] phase=fixture_slots completed=128 pending=128
[exp8152] phase=fixture_slots completed=160 pending=96
[exp8152] phase=fixture_slots completed=192 pending=64
[exp8152] phase=fixture_slots completed=224 pending=32
[exp8152] phase=fixture_slots completed=256 pending=0
[exp8180] phase=after_fixture_benchmark_no_signal completed=11 pending=9
[exp8180] phase=before_fixture_benchmark_no_signal completed=11 pending=9
[exp8152] phase=fixture_slots completed=32 pending=224
[exp8152] phase=fixture_slots completed=64 pending=192
[exp8152] phase=fixture_slots completed=96 pending=160
[exp8152] phase=fixture_slots completed=128 pending=128
[exp8152] phase=fixture_slots completed=160 pending=96
[exp8152] phase=fixture_slots completed=192 pending=64
[exp8152] phase=fixture_slots completed=224 pending=32
[exp8152] phase=fixture_slots completed=256 pending=0
[exp8180] phase=after_fixture_benchmark_no_signal completed=12 pending=8
[exp8180] phase=before_fixture_benchmark_no_signal completed=12 pending=8
[exp8152] phase=fixture_slots completed=32 pending=224
[exp8152] phase=fixture_slots completed=64 pending=192
[exp8152] phase=fixture_slots completed=96 pending=160
[exp8152] phase=fixture_slots completed=128 pending=128
[exp8152] phase=fixture_slots completed=160 pending=96
[exp8152] phase=fixture_slots completed=192 pending=64
[exp8152] phase=fixture_slots completed=224 pending=32
[exp8152] phase=fixture_slots completed=256 pending=0
[exp8180] phase=after_fixture_benchmark_no_signal completed=13 pending=7
[exp8180] phase=before_fixture_benchmark_no_signal completed=13 pending=7
[exp8152] phase=fixture_slots completed=32 pending=224
[exp8152] phase=fixture_slots completed=64 pending=192
[exp8152] phase=fixture_slots completed=96 pending=160
[exp8152] phase=fixture_slots completed=128 pending=128
[exp8152] phase=fixture_slots completed=160 pending=96
[exp8152] phase=fixture_slots completed=192 pending=64
[exp8152] phase=fixture_slots completed=224 pending=32
[exp8152] phase=fixture_slots completed=256 pending=0
[exp8180] phase=after_fixture_benchmark_no_signal completed=14 pending=6
[exp8180] phase=before_fixture_benchmark_no_signal completed=14 pending=6
[exp8152] phase=fixture_slots completed=32 pending=224
[exp8152] phase=fixture_slots completed=64 pending=192
[exp8152] phase=fixture_slots completed=96 pending=160
[exp8152] phase=fixture_slots completed=128 pending=128
[exp8152] phase=fixture_slots completed=160 pending=96
[exp8152] phase=fixture_slots completed=192 pending=64
[exp8152] phase=fixture_slots completed=224 pending=32
[exp8152] phase=fixture_slots completed=256 pending=0
[exp8180] phase=after_fixture_benchmark_no_signal completed=15 pending=5
[exp8180] phase=before_fixture_benchmark_no_signal completed=15 pending=5
[exp8152] phase=fixture_slots completed=32 pending=224
[exp8152] phase=fixture_slots completed=64 pending=192
[exp8152] phase=fixture_slots completed=96 pending=160
[exp8152] phase=fixture_slots completed=128 pending=128
[exp8152] phase=fixture_slots completed=160 pending=96
[exp8152] phase=fixture_slots completed=192 pending=64
[exp8152] phase=fixture_slots completed=224 pending=32
[exp8152] phase=fixture_slots completed=256 pending=0
[exp8180] phase=after_fixture_benchmark_no_signal completed=16 pending=4
[exp8180] phase=before_fixture_benchmark_no_signal completed=16 pending=4
[exp8152] phase=fixture_slots completed=32 pending=224
[exp8152] phase=fixture_slots completed=64 pending=192
[exp8152] phase=fixture_slots completed=96 pending=160
[exp8152] phase=fixture_slots completed=128 pending=128
[exp8152] phase=fixture_slots completed=160 pending=96
[exp8152] phase=fixture_slots completed=192 pending=64
[exp8152] phase=fixture_slots completed=224 pending=32
[exp8152] phase=fixture_slots completed=256 pending=0
[exp8180] phase=after_fixture_benchmark_no_signal completed=17 pending=3
[exp8180] phase=before_fixture_benchmark_no_signal completed=17 pending=3
[exp8152] phase=fixture_slots completed=32 pending=224
[exp8152] phase=fixture_slots completed=64 pending=192
[exp8152] phase=fixture_slots completed=96 pending=160
[exp8152] phase=fixture_slots completed=128 pending=128
[exp8152] phase=fixture_slots completed=160 pending=96
[exp8152] phase=fixture_slots completed=192 pending=64
[exp8152] phase=fixture_slots completed=224 pending=32
[exp8152] phase=fixture_slots completed=256 pending=0
[exp8180] phase=after_fixture_benchmark_no_signal completed=18 pending=2
[exp8180] phase=before_fixture_benchmark_no_signal completed=18 pending=2
[exp8152] phase=fixture_slots completed=32 pending=224
[exp8152] phase=fixture_slots completed=64 pending=192
[exp8152] phase=fixture_slots completed=96 pending=160
[exp8152] phase=fixture_slots completed=128 pending=128
[exp8152] phase=fixture_slots completed=160 pending=96
[exp8152] phase=fixture_slots completed=192 pending=64
[exp8152] phase=fixture_slots completed=224 pending=32
[exp8152] phase=fixture_slots completed=256 pending=0
[exp8180] phase=after_fixture_benchmark_no_signal completed=19 pending=1
[exp8180] phase=before_fixture_benchmark_no_signal completed=19 pending=1
[exp8152] phase=fixture_slots completed=32 pending=224
[exp8152] phase=fixture_slots completed=64 pending=192
[exp8152] phase=fixture_slots completed=96 pending=160
[exp8152] phase=fixture_slots completed=128 pending=128
[exp8152] phase=fixture_slots completed=160 pending=96
[exp8152] phase=fixture_slots completed=192 pending=64
[exp8152] phase=fixture_slots completed=224 pending=32
[exp8152] phase=fixture_slots completed=256 pending=0
[exp8180] phase=after_fixture_benchmark_no_signal completed=20 pending=0
[exp8152] phase=fixture_slots completed=32 pending=224
[exp8152] phase=fixture_slots completed=64 pending=192
[exp8152] phase=fixture_slots completed=96 pending=160
[exp8152] phase=fixture_slots completed=128 pending=128
[exp8152] phase=fixture_slots completed=160 pending=96
[exp8152] phase=fixture_slots completed=192 pending=64
[exp8152] phase=fixture_slots completed=224 pending=32
[exp8152] phase=fixture_slots completed=256 pending=0
[exp8180] phase=before_subprocess_hard_restart_crash completed=0 pending=2
[exp7303-validation] before_subprocess hard_restart_crash elapsed_s=0.000 unit=1/1
[exp8193] phase=before_subprocess_hard_restart_crash completed=0 pending=1
[test8193] child_wait completed=0 pending=1
[exp7303-validation:hard_restart_crash] [exp8152] phase=fixture_slots completed=32 pending=224
[exp7303-validation:hard_restart_crash] [exp8152] phase=fixture_slots completed=64 pending=192
[exp7303-validation:hard_restart_crash] [exp8180] phase=intentional_hard_exit completed=90 pending=21
[exp7303-validation] after_subprocess hard_restart_crash elapsed_s=2.585 exit=73 unit=1/1
[exp8193] phase=after_subprocess_hard_restart_crash completed=1 pending=0
[exp8180] phase=after_subprocess_hard_restart_crash completed=1 pending=1
[exp8180] phase=before_subprocess_hard_restart_resume completed=1 pending=1
[exp7303-validation] before_subprocess hard_restart_resume elapsed_s=0.000 unit=1/1
[exp8193] phase=before_subprocess_hard_restart_resume completed=0 pending=1
[exp7303-validation:hard_restart_resume] [exp8152] phase=fixture_slots completed=96 pending=160
[exp7303-validation:hard_restart_resume] [exp8152] phase=fixture_slots completed=128 pending=128
[exp7303-validation:hard_restart_resume] [exp8152] phase=fixture_slots completed=160 pending=96
[exp7303-validation:hard_restart_resume] [exp8152] phase=fixture_slots completed=192 pending=64
[exp7303-validation:hard_restart_resume] [exp8152] phase=fixture_slots completed=224 pending=32
[exp7303-validation:hard_restart_resume] [exp8152] phase=fixture_slots completed=256 pending=0
[exp7303-validation] after_subprocess hard_restart_resume elapsed_s=4.021 exit=0 unit=1/1
[exp8193] phase=after_subprocess_hard_restart_resume completed=1 pending=0
[exp8180] phase=after_subprocess_hard_restart_resume completed=2 pending=0
[exp8180] phase=measurement_complete completed=40 pending=0
[exp8193] phase=measurement_complete completed=40 pending=0
[test8193] after_subprocess 0
[test8193] before_subprocess ['--worker-output', '/tmp/pytest-carnot-ianblenke/20261006T094143-3769928-c14218e3/test_private_cli_and_manifest0/worker/measurement.json', '--root', '/tmp/pytest-carnot-ianblenke/20261006T094143-3769928-c14218e3/test_private_cli_and_manifest0/absent']
[exp8193] phase=start completed=0 pending=0
[exp8193] phase=preconditions_start completed=0 pending=0
[exp8180] phase=preconditions_start completed=0 pending=0
[exp8180] phase=external_operand_blocked completed=6 pending=0
[exp8180] phase=measurement_complete completed=0 pending=0
[exp8193] phase=measurement_complete completed=0 pending=0
[test8193] after_subprocess 0
..[exp8152] phase=fixture_slots completed=32 pending=224
[exp8152] phase=fixture_slots completed=64 pending=192
[exp8152] phase=fixture_slots completed=96 pending=160
[exp8152] phase=fixture_slots completed=128 pending=128
[exp8152] phase=fixture_slots completed=160 pending=96
[exp8152] phase=fixture_slots completed=192 pending=64
[exp8152] phase=fixture_slots completed=224 pending=32
[exp8152] phase=fixture_slots completed=256 pending=0
[exp8152] phase=fixture_slots completed=32 pending=224
[exp8152] phase=fixture_slots completed=64 pending=192
[exp8152] phase=fixture_slots completed=96 pending=160
[exp8152] phase=fixture_slots completed=128 pending=128
[exp8152] phase=fixture_slots completed=160 pending=96
[exp8152] phase=fixture_slots completed=192 pending=64
[exp8152] phase=fixture_slots completed=224 pending=32
[exp8152] phase=fixture_slots completed=256 pending=0
[exp8152] phase=fixture_slots completed=32 pending=224
[exp8152] phase=fixture_slots completed=64 pending=192
[exp8152] phase=fixture_slots completed=96 pending=160
[exp8152] phase=fixture_slots completed=128 pending=128
[exp8152] phase=fixture_slots completed=160 pending=96
[exp8152] phase=fixture_slots completed=192 pending=64
[exp8152] phase=fixture_slots completed=224 pending=32
[exp8152] phase=fixture_slots completed=256 pending=0
.[exp8152] phase=fixture_slots completed=32 pending=224
[exp8152] phase=fixture_slots completed=64 pending=192
[exp8152] phase=fixture_slots completed=96 pending=160
[exp8152] phase=fixture_slots completed=128 pending=128
[exp8152] phase=fixture_slots completed=160 pending=96
[exp8152] phase=fixture_slots completed=192 pending=64
[exp8152] phase=fixture_slots completed=224 pending=32
[exp8152] phase=fixture_slots completed=256 pending=0
[exp8152] phase=fixture_slots completed=32 pending=224
[exp8152] phase=fixture_slots completed=64 pending=192
[exp8152] phase=fixture_slots completed=96 pending=160
[exp8152] phase=fixture_slots completed=128 pending=128
[exp8152] phase=fixture_slots completed=160 pending=96
[exp8152] phase=fixture_slots completed=192 pending=64
[exp8152] phase=fixture_slots completed=224 pending=32
[exp8152] phase=fixture_slots completed=256 pending=0
.
9 passed in 541.18s (0:09:01)
