[15:23:24] arm=qat E3_DIR=/tmp/qat_h2h/e3_qat (env=/tmp/qat_h2h/e3_qat)
ggml_cuda_init: found 2 CUDA devices (Total VRAM: 48247 MiB):
  Device 0: NVIDIA GeForce RTX 3090, compute capability 8.6, VMM: yes, VRAM: 24123 MiB
  Device 1: NVIDIA GeForce RTX 3090, compute capability 8.6, VMM: yes, VRAM: 24123 MiB
[15:23:24] building 13 windows...
INFO:arc_agi.scorecard:Initialized ScorecardManager with idle_for=0:15:00 and max_open_for=3 days, 0:00:00
2026-07-31 15:23:26 | INFO | Created new scorecard: ac5a6455-8085-48ff-96e5-e820544188dc
2026-07-31 15:23:26 | INFO | Found latest version of tu93: tu93-0768757b (downloaded: 2026-06-08 07:25:18.086006+00:00)
2026-07-31 15:23:26 | INFO | Successfully loaded game class Tu93 from /home/ianblenke/github.com/ianblenke/carnot/environment_files/tu93/0768757b/tu93.py
INFO:arc_agi.scorecard:Initialized ScorecardManager with idle_for=0:15:00 and max_open_for=3 days, 0:00:00
2026-07-31 15:23:26 | INFO | Created new scorecard: 0505d929-5b5a-47e1-9e3c-28a69f470ece
2026-07-31 15:23:26 | INFO | Found latest version of tu93: tu93-0768757b (downloaded: 2026-06-08 07:25:18.086006+00:00)
2026-07-31 15:23:26 | INFO | Found latest version of tu93: tu93-0768757b (downloaded: 2026-06-08 07:25:18.086006+00:00)
2026-07-31 15:23:26 | INFO | Found latest version of tu93: tu93-0768757b (downloaded: 2026-06-08 07:25:18.086006+00:00)
2026-07-31 15:23:26 | INFO | Found latest version of tu93: tu93-0768757b (downloaded: 2026-06-08 07:25:18.086006+00:00)
2026-07-31 15:23:26 | INFO | Found latest version of tu93: tu93-0768757b (downloaded: 2026-06-08 07:25:18.086006+00:00)
2026-07-31 15:23:26 | INFO | Found latest version of tu93: tu93-0768757b (downloaded: 2026-06-08 07:25:18.086006+00:00)
2026-07-31 15:23:26 | INFO | Found latest version of tu93: tu93-0768757b (downloaded: 2026-06-08 07:25:18.086006+00:00)
2026-07-31 15:23:26 | INFO | Found latest version of tu93: tu93-0768757b (downloaded: 2026-06-08 07:25:18.086006+00:00)
2026-07-31 15:23:26 | INFO | Found latest version of tu93: tu93-0768757b (downloaded: 2026-06-08 07:25:18.086006+00:00)
2026-07-31 15:23:26 | INFO | Found latest version of tu93: tu93-0768757b (downloaded: 2026-06-08 07:25:18.086006+00:00)
2026-07-31 15:23:26 | INFO | Found latest version of tu93: tu93-0768757b (downloaded: 2026-06-08 07:25:18.086006+00:00)
2026-07-31 15:23:26 | INFO | Found latest version of tu93: tu93-0768757b (downloaded: 2026-06-08 07:25:18.086006+00:00)
2026-07-31 15:23:26 | INFO | Found latest version of tu93: tu93-0768757b (downloaded: 2026-06-08 07:25:18.086006+00:00)
2026-07-31 15:23:26 | INFO | Found latest version of tu93: tu93-0768757b (downloaded: 2026-06-08 07:25:18.086006+00:00)
2026-07-31 15:23:26 | INFO | Found latest version of tu93: tu93-0768757b (downloaded: 2026-06-08 07:25:18.086006+00:00)
2026-07-31 15:23:26 | INFO | Found latest version of tu93: tu93-0768757b (downloaded: 2026-06-08 07:25:18.086006+00:00)
2026-07-31 15:23:26 | INFO | Found latest version of tu93: tu93-0768757b (downloaded: 2026-06-08 07:25:18.086006+00:00)
2026-07-31 15:23:26 | INFO | Found latest version of tu93: tu93-0768757b (downloaded: 2026-06-08 07:25:18.086006+00:00)
2026-07-31 15:23:26 | INFO | Found latest version of tu93: tu93-0768757b (downloaded: 2026-06-08 07:25:18.086006+00:00)
2026-07-31 15:23:26 | INFO | Found latest version of tu93: tu93-0768757b (downloaded: 2026-06-08 07:25:18.086006+00:00)
2026-07-31 15:23:26 | INFO | Found latest version of tu93: tu93-0768757b (downloaded: 2026-06-08 07:25:18.086006+00:00)
2026-07-31 15:23:26 | INFO | Found latest version of tu93: tu93-0768757b (downloaded: 2026-06-08 07:25:18.086006+00:00)
2026-07-31 15:23:26 | INFO | Found latest version of tu93: tu93-0768757b (downloaded: 2026-06-08 07:25:18.086006+00:00)
2026-07-31 15:23:26 | INFO | Found latest version of tu93: tu93-0768757b (downloaded: 2026-06-08 07:25:18.086006+00:00)
2026-07-31 15:23:26 | INFO | Found latest version of tu93: tu93-0768757b (downloaded: 2026-06-08 07:25:18.086006+00:00)
2026-07-31 15:23:26 | INFO | Found latest version of tu93: tu93-0768757b (downloaded: 2026-06-08 07:25:18.086006+00:00)
2026-07-31 15:23:26 | INFO | Found latest version of tu93: tu93-0768757b (downloaded: 2026-06-08 07:25:18.086006+00:00)
2026-07-31 15:23:26 | INFO | Found latest version of tu93: tu93-0768757b (downloaded: 2026-06-08 07:25:18.086006+00:00)
2026-07-31 15:23:26 | INFO | Found latest version of tu93: tu93-0768757b (downloaded: 2026-06-08 07:25:18.086006+00:00)
2026-07-31 15:23:26 | INFO | Found latest version of tu93: tu93-0768757b (downloaded: 2026-06-08 07:25:18.086006+00:00)
2026-07-31 15:23:26 | INFO | Found latest version of tu93: tu93-0768757b (downloaded: 2026-06-08 07:25:18.086006+00:00)
2026-07-31 15:23:26 | INFO | Found latest version of tu93: tu93-0768757b (downloaded: 2026-06-08 07:25:18.086006+00:00)
2026-07-31 15:23:26 | INFO | Found latest version of tu93: tu93-0768757b (downloaded: 2026-06-08 07:25:18.086006+00:00)
2026-07-31 15:23:26 | INFO | Found latest version of tu93: tu93-0768757b (downloaded: 2026-06-08 07:25:18.086006+00:00)
2026-07-31 15:23:26 | INFO | Found latest version of tu93: tu93-0768757b (downloaded: 2026-06-08 07:25:18.086006+00:00)
2026-07-31 15:23:26 | INFO | Found latest version of tu93: tu93-0768757b (downloaded: 2026-06-08 07:25:18.086006+00:00)
2026-07-31 15:23:26 | INFO | Found latest version of tu93: tu93-0768757b (downloaded: 2026-06-08 07:25:18.086006+00:00)
2026-07-31 15:23:26 | INFO | Found latest version of tu93: tu93-0768757b (downloaded: 2026-06-08 07:25:18.086006+00:00)
2026-07-31 15:23:26 | INFO | Found latest version of tu93: tu93-0768757b (downloaded: 2026-06-08 07:25:18.086006+00:00)
2026-07-31 15:23:26 | INFO | Found latest version of tu93: tu93-0768757b (downloaded: 2026-06-08 07:25:18.086006+00:00)
2026-07-31 15:23:26 | INFO | Found latest version of tu93: tu93-0768757b (downloaded: 2026-06-08 07:25:18.086006+00:00)
2026-07-31 15:23:26 | INFO | Found latest version of tu93: tu93-0768757b (downloaded: 2026-06-08 07:25:18.086006+00:00)
2026-07-31 15:23:26 | INFO | Found latest version of tu93: tu93-0768757b (downloaded: 2026-06-08 07:25:18.086006+00:00)
2026-07-31 15:23:26 | INFO | Found latest version of tu93: tu93-0768757b (downloaded: 2026-06-08 07:25:18.086006+00:00)
2026-07-31 15:23:26 | INFO | Found latest version of tu93: tu93-0768757b (downloaded: 2026-06-08 07:25:18.086006+00:00)
2026-07-31 15:23:26 | INFO | Found latest version of tu93: tu93-0768757b (downloaded: 2026-06-08 07:25:18.086006+00:00)
2026-07-31 15:23:26 | INFO | Found latest version of tu93: tu93-0768757b (downloaded: 2026-06-08 07:25:18.086006+00:00)
2026-07-31 15:23:26 | INFO | Found latest version of tu93: tu93-0768757b (downloaded: 2026-06-08 07:25:18.086006+00:00)
2026-07-31 15:23:26 | INFO | Found latest version of tu93: tu93-0768757b (downloaded: 2026-06-08 07:25:18.086006+00:00)
2026-07-31 15:23:26 | INFO | Found latest version of tu93: tu93-0768757b (downloaded: 2026-06-08 07:25:18.086006+00:00)
2026-07-31 15:23:26 | INFO | Found latest version of tu93: tu93-0768757b (downloaded: 2026-06-08 07:25:18.086006+00:00)
2026-07-31 15:23:26 | INFO | Found latest version of tu93: tu93-0768757b (downloaded: 2026-06-08 07:25:18.086006+00:00)
2026-07-31 15:23:26 | INFO | Found latest version of tu93: tu93-0768757b (downloaded: 2026-06-08 07:25:18.086006+00:00)
2026-07-31 15:23:26 | INFO | Found latest version of tu93: tu93-0768757b (downloaded: 2026-06-08 07:25:18.086006+00:00)
2026-07-31 15:23:26 | INFO | Found latest version of tu93: tu93-0768757b (downloaded: 2026-06-08 07:25:18.086006+00:00)
2026-07-31 15:23:26 | INFO | Found latest version of tu93: tu93-0768757b (downloaded: 2026-06-08 07:25:18.086006+00:00)
2026-07-31 15:23:26 | INFO | Found latest version of tu93: tu93-0768757b (downloaded: 2026-06-08 07:25:18.086006+00:00)
2026-07-31 15:23:26 | INFO | Found latest version of tu93: tu93-0768757b (downloaded: 2026-06-08 07:25:18.086006+00:00)
2026-07-31 15:23:26 | INFO | Found latest version of tu93: tu93-0768757b (downloaded: 2026-06-08 07:25:18.086006+00:00)
2026-07-31 15:23:26 | INFO | Found latest version of tu93: tu93-0768757b (downloaded: 2026-06-08 07:25:18.086006+00:00)
2026-07-31 15:23:26 | INFO | Found latest version of tu93: tu93-0768757b (downloaded: 2026-06-08 07:25:18.086006+00:00)
2026-07-31 15:23:26 | INFO | Found latest version of tu93: tu93-0768757b (downloaded: 2026-06-08 07:25:18.086006+00:00)
2026-07-31 15:23:26 | INFO | Found latest version of tu93: tu93-0768757b (downloaded: 2026-06-08 07:25:18.086006+00:00)
2026-07-31 15:23:26 | INFO | Found latest version of tu93: tu93-0768757b (downloaded: 2026-06-08 07:25:18.086006+00:00)
2026-07-31 15:23:26 | INFO | Found latest version of tu93: tu93-0768757b (downloaded: 2026-06-08 07:25:18.086006+00:00)
2026-07-31 15:23:26 | INFO | Found latest version of tu93: tu93-0768757b (downloaded: 2026-06-08 07:25:18.086006+00:00)
2026-07-31 15:23:26 | INFO | Found latest version of tu93: tu93-0768757b (downloaded: 2026-06-08 07:25:18.086006+00:00)
2026-07-31 15:23:26 | INFO | Found latest version of tu93: tu93-0768757b (downloaded: 2026-06-08 07:25:18.086006+00:00)
2026-07-31 15:23:26 | INFO | Found latest version of tu93: tu93-0768757b (downloaded: 2026-06-08 07:25:18.086006+00:00)
2026-07-31 15:23:26 | INFO | Found latest version of tu93: tu93-0768757b (downloaded: 2026-06-08 07:25:18.086006+00:00)
2026-07-31 15:23:26 | INFO | Found latest version of tu93: tu93-0768757b (downloaded: 2026-06-08 07:25:18.086006+00:00)
2026-07-31 15:23:26 | INFO | Found latest version of tu93: tu93-0768757b (downloaded: 2026-06-08 07:25:18.086006+00:00)
2026-07-31 15:23:26 | INFO | Found latest version of tu93: tu93-0768757b (downloaded: 2026-06-08 07:25:18.086006+00:00)
2026-07-31 15:23:26 | INFO | Found latest version of tu93: tu93-0768757b (downloaded: 2026-06-08 07:25:18.086006+00:00)
2026-07-31 15:23:26 | INFO | Found latest version of tu93: tu93-0768757b (downloaded: 2026-06-08 07:25:18.086006+00:00)
2026-07-31 15:23:26 | INFO | Found latest version of tu93: tu93-0768757b (downloaded: 2026-06-08 07:25:18.086006+00:00)
2026-07-31 15:23:26 | INFO | Found latest version of tu93: tu93-0768757b (downloaded: 2026-06-08 07:25:18.086006+00:00)
2026-07-31 15:23:26 | INFO | Found latest version of tu93: tu93-0768757b (downloaded: 2026-06-08 07:25:18.086006+00:00)
2026-07-31 15:23:26 | INFO | Found latest version of tu93: tu93-0768757b (downloaded: 2026-06-08 07:25:18.086006+00:00)
2026-07-31 15:23:26 | INFO | Found latest version of tu93: tu93-0768757b (downloaded: 2026-06-08 07:25:18.086006+00:00)
2026-07-31 15:23:26 | INFO | Found latest version of tu93: tu93-0768757b (downloaded: 2026-06-08 07:25:18.086006+00:00)
2026-07-31 15:23:26 | INFO | Found latest version of tu93: tu93-0768757b (downloaded: 2026-06-08 07:25:18.086006+00:00)
2026-07-31 15:23:26 | INFO | Found latest version of tu93: tu93-0768757b (downloaded: 2026-06-08 07:25:18.086006+00:00)
2026-07-31 15:23:26 | INFO | Found latest version of tu93: tu93-0768757b (downloaded: 2026-06-08 07:25:18.086006+00:00)
2026-07-31 15:23:26 | INFO | Found latest version of tu93: tu93-0768757b (downloaded: 2026-06-08 07:25:18.086006+00:00)
2026-07-31 15:23:26 | INFO | Found latest version of tu93: tu93-0768757b (downloaded: 2026-06-08 07:25:18.086006+00:00)
2026-07-31 15:23:26 | INFO | Found latest version of tu93: tu93-0768757b (downloaded: 2026-06-08 07:25:18.086006+00:00)
2026-07-31 15:23:26 | INFO | Found latest version of tu93: tu93-0768757b (downloaded: 2026-06-08 07:25:18.086006+00:00)
2026-07-31 15:23:26 | INFO | Found latest version of tu93: tu93-0768757b (downloaded: 2026-06-08 07:25:18.086006+00:00)
2026-07-31 15:23:26 | INFO | Found latest version of tu93: tu93-0768757b (downloaded: 2026-06-08 07:25:18.086006+00:00)
2026-07-31 15:23:26 | INFO | Found latest version of tu93: tu93-0768757b (downloaded: 2026-06-08 07:25:18.086006+00:00)
2026-07-31 15:23:26 | INFO | Found latest version of tu93: tu93-0768757b (downloaded: 2026-06-08 07:25:18.086006+00:00)
2026-07-31 15:23:26 | INFO | Found latest version of tu93: tu93-0768757b (downloaded: 2026-06-08 07:25:18.086006+00:00)
2026-07-31 15:23:26 | INFO | Found latest version of tu93: tu93-0768757b (downloaded: 2026-06-08 07:25:18.086006+00:00)
2026-07-31 15:23:26 | INFO | Found latest version of tu93: tu93-0768757b (downloaded: 2026-06-08 07:25:18.086006+00:00)
2026-07-31 15:23:26 | INFO | Found latest version of tu93: tu93-0768757b (downloaded: 2026-06-08 07:25:18.086006+00:00)
2026-07-31 15:23:26 | INFO | Found latest version of tu93: tu93-0768757b (downloaded: 2026-06-08 07:25:18.086006+00:00)
2026-07-31 15:23:26 | INFO | Found latest version of tu93: tu93-0768757b (downloaded: 2026-06-08 07:25:18.086006+00:00)
2026-07-31 15:23:26 | INFO | Found latest version of tu93: tu93-0768757b (downloaded: 2026-06-08 07:25:18.086006+00:00)
2026-07-31 15:23:26 | INFO | Found latest version of tu93: tu93-0768757b (downloaded: 2026-06-08 07:25:18.086006+00:00)
2026-07-31 15:23:26 | INFO | Found latest version of tu93: tu93-0768757b (downloaded: 2026-06-08 07:25:18.086006+00:00)
2026-07-31 15:23:26 | INFO | Found latest version of tu93: tu93-0768757b (downloaded: 2026-06-08 07:25:18.086006+00:00)
2026-07-31 15:23:26 | INFO | Found latest version of tu93: tu93-0768757b (downloaded: 2026-06-08 07:25:18.086006+00:00)
2026-07-31 15:23:26 | INFO | Found latest version of tu93: tu93-0768757b (downloaded: 2026-06-08 07:25:18.086006+00:00)
2026-07-31 15:23:26 | INFO | Found latest version of tu93: tu93-0768757b (downloaded: 2026-06-08 07:25:18.086006+00:00)
2026-07-31 15:23:26 | INFO | Found latest version of tu93: tu93-0768757b (downloaded: 2026-06-08 07:25:18.086006+00:00)
2026-07-31 15:23:26 | INFO | Found latest version of tu93: tu93-0768757b (downloaded: 2026-06-08 07:25:18.086006+00:00)
2026-07-31 15:23:26 | INFO | Found latest version of tu93: tu93-0768757b (downloaded: 2026-06-08 07:25:18.086006+00:00)
2026-07-31 15:23:26 | INFO | Found latest version of tu93: tu93-0768757b (downloaded: 2026-06-08 07:25:18.086006+00:00)
2026-07-31 15:23:26 | INFO | Found latest version of tu93: tu93-0768757b (downloaded: 2026-06-08 07:25:18.086006+00:00)
2026-07-31 15:23:26 | INFO | Found latest version of tu93: tu93-0768757b (downloaded: 2026-06-08 07:25:18.086006+00:00)
2026-07-31 15:23:26 | INFO | Found latest version of tu93: tu93-0768757b (downloaded: 2026-06-08 07:25:18.086006+00:00)
2026-07-31 15:23:26 | INFO | Found latest version of tu93: tu93-0768757b (downloaded: 2026-06-08 07:25:18.086006+00:00)
2026-07-31 15:23:26 | INFO | Found latest version of tu93: tu93-0768757b (downloaded: 2026-06-08 07:25:18.086006+00:00)
2026-07-31 15:23:26 | INFO | Found latest version of tu93: tu93-0768757b (downloaded: 2026-06-08 07:25:18.086006+00:00)
2026-07-31 15:23:26 | INFO | Found latest version of tu93: tu93-0768757b (downloaded: 2026-06-08 07:25:18.086006+00:00)
2026-07-31 15:23:26 | INFO | Found latest version of tu93: tu93-0768757b (downloaded: 2026-06-08 07:25:18.086006+00:00)
2026-07-31 15:23:26 | INFO | Found latest version of tu93: tu93-0768757b (downloaded: 2026-06-08 07:25:18.086006+00:00)
2026-07-31 15:23:26 | INFO | Found latest version of tu93: tu93-0768757b (downloaded: 2026-06-08 07:25:18.086006+00:00)
2026-07-31 15:23:26 | INFO | Found latest version of tu93: tu93-0768757b (downloaded: 2026-06-08 07:25:18.086006+00:00)
2026-07-31 15:23:26 | INFO | Found latest version of tu93: tu93-0768757b (downloaded: 2026-06-08 07:25:18.086006+00:00)
2026-07-31 15:23:26 | INFO | Found latest version of tu93: tu93-0768757b (downloaded: 2026-06-08 07:25:18.086006+00:00)
2026-07-31 15:23:26 | INFO | Found latest version of tu93: tu93-0768757b (downloaded: 2026-06-08 07:25:18.086006+00:00)
2026-07-31 15:23:26 | INFO | Found latest version of tu93: tu93-0768757b (downloaded: 2026-06-08 07:25:18.086006+00:00)
2026-07-31 15:23:26 | INFO | Found latest version of tu93: tu93-0768757b (downloaded: 2026-06-08 07:25:18.086006+00:00)
2026-07-31 15:23:26 | INFO | Found latest version of tu93: tu93-0768757b (downloaded: 2026-06-08 07:25:18.086006+00:00)
2026-07-31 15:23:26 | INFO | Found latest version of tu93: tu93-0768757b (downloaded: 2026-06-08 07:25:18.086006+00:00)
2026-07-31 15:23:26 | INFO | Found latest version of tu93: tu93-0768757b (downloaded: 2026-06-08 07:25:18.086006+00:00)
2026-07-31 15:23:26 | INFO | Found latest version of tu93: tu93-0768757b (downloaded: 2026-06-08 07:25:18.086006+00:00)
2026-07-31 15:23:26 | INFO | Found latest version of tu93: tu93-0768757b (downloaded: 2026-06-08 07:25:18.086006+00:00)
2026-07-31 15:23:26 | INFO | Found latest version of tu93: tu93-0768757b (downloaded: 2026-06-08 07:25:18.086006+00:00)
2026-07-31 15:23:26 | INFO | Found latest version of tu93: tu93-0768757b (downloaded: 2026-06-08 07:25:18.086006+00:00)
2026-07-31 15:23:26 | INFO | Found latest version of tu93: tu93-0768757b (downloaded: 2026-06-08 07:25:18.086006+00:00)
2026-07-31 15:23:26 | INFO | Found latest version of tu93: tu93-0768757b (downloaded: 2026-06-08 07:25:18.086006+00:00)
2026-07-31 15:23:26 | INFO | Found latest version of tu93: tu93-0768757b (downloaded: 2026-06-08 07:25:18.086006+00:00)
2026-07-31 15:23:26 | INFO | Found latest version of tu93: tu93-0768757b (downloaded: 2026-06-08 07:25:18.086006+00:00)
2026-07-31 15:23:26 | INFO | Found latest version of tu93: tu93-0768757b (downloaded: 2026-06-08 07:25:18.086006+00:00)
2026-07-31 15:23:26 | INFO | Found latest version of tu93: tu93-0768757b (downloaded: 2026-06-08 07:25:18.086006+00:00)
2026-07-31 15:23:26 | INFO | Found latest version of tu93: tu93-0768757b (downloaded: 2026-06-08 07:25:18.086006+00:00)
2026-07-31 15:23:26 | INFO | Found latest version of tu93: tu93-0768757b (downloaded: 2026-06-08 07:25:18.086006+00:00)
2026-07-31 15:23:26 | INFO | Found latest version of tu93: tu93-0768757b (downloaded: 2026-06-08 07:25:18.086006+00:00)
2026-07-31 15:23:26 | INFO | Found latest version of tu93: tu93-0768757b (downloaded: 2026-06-08 07:25:18.086006+00:00)
2026-07-31 15:23:26 | INFO | Found latest version of tu93: tu93-0768757b (downloaded: 2026-06-08 07:25:18.086006+00:00)
2026-07-31 15:23:26 | INFO | Found latest version of tu93: tu93-0768757b (downloaded: 2026-06-08 07:25:18.086006+00:00)
2026-07-31 15:23:26 | INFO | Found latest version of tu93: tu93-0768757b (downloaded: 2026-06-08 07:25:18.086006+00:00)
2026-07-31 15:23:26 | INFO | Found latest version of tu93: tu93-0768757b (downloaded: 2026-06-08 07:25:18.086006+00:00)
2026-07-31 15:23:26 | INFO | Found latest version of tu93: tu93-0768757b (downloaded: 2026-06-08 07:25:18.086006+00:00)
2026-07-31 15:23:26 | INFO | Found latest version of tu93: tu93-0768757b (downloaded: 2026-06-08 07:25:18.086006+00:00)
2026-07-31 15:23:26 | INFO | Found latest version of tu93: tu93-0768757b (downloaded: 2026-06-08 07:25:18.086006+00:00)
2026-07-31 15:23:26 | INFO | Found latest version of tu93: tu93-0768757b (downloaded: 2026-06-08 07:25:18.086006+00:00)
2026-07-31 15:23:26 | INFO | Found latest version of tu93: tu93-0768757b (downloaded: 2026-06-08 07:25:18.086006+00:00)
2026-07-31 15:23:26 | INFO | Found latest version of tu93: tu93-0768757b (downloaded: 2026-06-08 07:25:18.086006+00:00)
2026-07-31 15:23:26 | INFO | Found latest version of tu93: tu93-0768757b (downloaded: 2026-06-08 07:25:18.086006+00:00)
2026-07-31 15:23:26 | INFO | Found latest version of tu93: tu93-0768757b (downloaded: 2026-06-08 07:25:18.086006+00:00)
2026-07-31 15:23:26 | INFO | Found latest version of tu93: tu93-0768757b (downloaded: 2026-06-08 07:25:18.086006+00:00)
2026-07-31 15:23:26 | INFO | Found latest version of tu93: tu93-0768757b (downloaded: 2026-06-08 07:25:18.086006+00:00)
2026-07-31 15:23:26 | INFO | Found latest version of tu93: tu93-0768757b (downloaded: 2026-06-08 07:25:18.086006+00:00)
2026-07-31 15:23:26 | INFO | Found latest version of tu93: tu93-0768757b (downloaded: 2026-06-08 07:25:18.086006+00:00)
2026-07-31 15:23:26 | INFO | Found latest version of tu93: tu93-0768757b (downloaded: 2026-06-08 07:25:18.086006+00:00)
2026-07-31 15:23:26 | INFO | Found latest version of tu93: tu93-0768757b (downloaded: 2026-06-08 07:25:18.086006+00:00)
2026-07-31 15:23:26 | INFO | Found latest version of tu93: tu93-0768757b (downloaded: 2026-06-08 07:25:18.086006+00:00)
2026-07-31 15:23:26 | INFO | Found latest version of tu93: tu93-0768757b (downloaded: 2026-06-08 07:25:18.086006+00:00)
2026-07-31 15:23:26 | INFO | Found latest version of tu93: tu93-0768757b (downloaded: 2026-06-08 07:25:18.086006+00:00)
2026-07-31 15:23:26 | INFO | Found latest version of tu93: tu93-0768757b (downloaded: 2026-06-08 07:25:18.086006+00:00)
2026-07-31 15:23:26 | INFO | Found latest version of tu93: tu93-0768757b (downloaded: 2026-06-08 07:25:18.086006+00:00)
2026-07-31 15:23:26 | INFO | Found latest version of tu93: tu93-0768757b (downloaded: 2026-06-08 07:25:18.086006+00:00)
2026-07-31 15:23:26 | INFO | Found latest version of tu93: tu93-0768757b (downloaded: 2026-06-08 07:25:18.086006+00:00)
2026-07-31 15:23:26 | INFO | Found latest version of tu93: tu93-0768757b (downloaded: 2026-06-08 07:25:18.086006+00:00)
2026-07-31 15:23:27 | INFO | Found latest version of tu93: tu93-0768757b (downloaded: 2026-06-08 07:25:18.086006+00:00)
2026-07-31 15:23:27 | INFO | Found latest version of tu93: tu93-0768757b (downloaded: 2026-06-08 07:25:18.086006+00:00)
2026-07-31 15:23:27 | INFO | Found latest version of tu93: tu93-0768757b (downloaded: 2026-06-08 07:25:18.086006+00:00)
2026-07-31 15:23:27 | INFO | Found latest version of tu93: tu93-0768757b (downloaded: 2026-06-08 07:25:18.086006+00:00)
2026-07-31 15:23:27 | INFO | Found latest version of tu93: tu93-0768757b (downloaded: 2026-06-08 07:25:18.086006+00:00)
2026-07-31 15:23:27 | INFO | Found latest version of tu93: tu93-0768757b (downloaded: 2026-06-08 07:25:18.086006+00:00)
2026-07-31 15:23:27 | INFO | Found latest version of tu93: tu93-0768757b (downloaded: 2026-06-08 07:25:18.086006+00:00)
2026-07-31 15:23:27 | INFO | Found latest version of tu93: tu93-0768757b (downloaded: 2026-06-08 07:25:18.086006+00:00)
2026-07-31 15:23:27 | INFO | Found latest version of tu93: tu93-0768757b (downloaded: 2026-06-08 07:25:18.086006+00:00)
2026-07-31 15:23:27 | INFO | Found latest version of tu93: tu93-0768757b (downloaded: 2026-06-08 07:25:18.086006+00:00)
2026-07-31 15:23:27 | INFO | Found latest version of tu93: tu93-0768757b (downloaded: 2026-06-08 07:25:18.086006+00:00)
2026-07-31 15:23:27 | INFO | Found latest version of tu93: tu93-0768757b (downloaded: 2026-06-08 07:25:18.086006+00:00)
2026-07-31 15:23:27 | INFO | Found latest version of tu93: tu93-0768757b (downloaded: 2026-06-08 07:25:18.086006+00:00)
2026-07-31 15:23:27 | INFO | Found latest version of tu93: tu93-0768757b (downloaded: 2026-06-08 07:25:18.086006+00:00)
2026-07-31 15:23:27 | INFO | Found latest version of tu93: tu93-0768757b (downloaded: 2026-06-08 07:25:18.086006+00:00)
2026-07-31 15:23:27 | INFO | Found latest version of tu93: tu93-0768757b (downloaded: 2026-06-08 07:25:18.086006+00:00)
2026-07-31 15:23:27 | INFO | Found latest version of tu93: tu93-0768757b (downloaded: 2026-06-08 07:25:18.086006+00:00)
2026-07-31 15:23:27 | INFO | Found latest version of tu93: tu93-0768757b (downloaded: 2026-06-08 07:25:18.086006+00:00)
2026-07-31 15:23:27 | INFO | Found latest version of tu93: tu93-0768757b (downloaded: 2026-06-08 07:25:18.086006+00:00)
2026-07-31 15:23:27 | INFO | Found latest version of tu93: tu93-0768757b (downloaded: 2026-06-08 07:25:18.086006+00:00)
2026-07-31 15:23:27 | INFO | Found latest version of tu93: tu93-0768757b (downloaded: 2026-06-08 07:25:18.086006+00:00)
2026-07-31 15:23:27 | INFO | Found latest version of tu93: tu93-0768757b (downloaded: 2026-06-08 07:25:18.086006+00:00)
2026-07-31 15:23:27 | INFO | Found latest version of tu93: tu93-0768757b (downloaded: 2026-06-08 07:25:18.086006+00:00)
2026-07-31 15:23:27 | INFO | Found latest version of tu93: tu93-0768757b (downloaded: 2026-06-08 07:25:18.086006+00:00)
2026-07-31 15:23:27 | INFO | Found latest version of tu93: tu93-0768757b (downloaded: 2026-06-08 07:25:18.086006+00:00)
2026-07-31 15:23:27 | INFO | Found latest version of tu93: tu93-0768757b (downloaded: 2026-06-08 07:25:18.086006+00:00)
2026-07-31 15:23:27 | INFO | Found latest version of tu93: tu93-0768757b (downloaded: 2026-06-08 07:25:18.086006+00:00)
2026-07-31 15:23:27 | INFO | Found latest version of tu93: tu93-0768757b (downloaded: 2026-06-08 07:25:18.086006+00:00)
2026-07-31 15:23:27 | INFO | Found latest version of tu93: tu93-0768757b (downloaded: 2026-06-08 07:25:18.086006+00:00)
2026-07-31 15:23:27 | INFO | Found latest version of tu93: tu93-0768757b (downloaded: 2026-06-08 07:25:18.086006+00:00)
2026-07-31 15:23:27 | INFO | Found latest version of tu93: tu93-0768757b (downloaded: 2026-06-08 07:25:18.086006+00:00)
2026-07-31 15:23:27 | INFO | Found latest version of tu93: tu93-0768757b (downloaded: 2026-06-08 07:25:18.086006+00:00)
2026-07-31 15:23:27 | INFO | Found latest version of tu93: tu93-0768757b (downloaded: 2026-06-08 07:25:18.086006+00:00)
2026-07-31 15:23:27 | INFO | Found latest version of tu93: tu93-0768757b (downloaded: 2026-06-08 07:25:18.086006+00:00)
2026-07-31 15:23:27 | INFO | Found latest version of tu93: tu93-0768757b (downloaded: 2026-06-08 07:25:18.086006+00:00)
2026-07-31 15:23:27 | INFO | Found latest version of tu93: tu93-0768757b (downloaded: 2026-06-08 07:25:18.086006+00:00)
2026-07-31 15:23:27 | INFO | Found latest version of tu93: tu93-0768757b (downloaded: 2026-06-08 07:25:18.086006+00:00)
2026-07-31 15:23:27 | INFO | Found latest version of tu93: tu93-0768757b (downloaded: 2026-06-08 07:25:18.086006+00:00)
2026-07-31 15:23:27 | INFO | Found latest version of tu93: tu93-0768757b (downloaded: 2026-06-08 07:25:18.086006+00:00)
2026-07-31 15:23:27 | INFO | Found latest version of tu93: tu93-0768757b (downloaded: 2026-06-08 07:25:18.086006+00:00)
2026-07-31 15:23:27 | INFO | Found latest version of tu93: tu93-0768757b (downloaded: 2026-06-08 07:25:18.086006+00:00)
2026-07-31 15:23:27 | INFO | Found latest version of tu93: tu93-0768757b (downloaded: 2026-06-08 07:25:18.086006+00:00)
2026-07-31 15:23:27 | INFO | Found latest version of tu93: tu93-0768757b (downloaded: 2026-06-08 07:25:18.086006+00:00)
2026-07-31 15:23:27 | INFO | Found latest version of tu93: tu93-0768757b (downloaded: 2026-06-08 07:25:18.086006+00:00)
2026-07-31 15:23:27 | INFO | Found latest version of tu93: tu93-0768757b (downloaded: 2026-06-08 07:25:18.086006+00:00)
2026-07-31 15:23:27 | INFO | Found latest version of tu93: tu93-0768757b (downloaded: 2026-06-08 07:25:18.086006+00:00)
2026-07-31 15:23:27 | INFO | Found latest version of tu93: tu93-0768757b (downloaded: 2026-06-08 07:25:18.086006+00:00)
2026-07-31 15:23:27 | INFO | Found latest version of tu93: tu93-0768757b (downloaded: 2026-06-08 07:25:18.086006+00:00)
2026-07-31 15:23:27 | INFO | Found latest version of tu93: tu93-0768757b (downloaded: 2026-06-08 07:25:18.086006+00:00)
2026-07-31 15:23:27 | INFO | Found latest version of tu93: tu93-0768757b (downloaded: 2026-06-08 07:25:18.086006+00:00)
2026-07-31 15:23:27 | INFO | Found latest version of tu93: tu93-0768757b (downloaded: 2026-06-08 07:25:18.086006+00:00)
2026-07-31 15:23:27 | INFO | Found latest version of tu93: tu93-0768757b (downloaded: 2026-06-08 07:25:18.086006+00:00)
2026-07-31 15:23:27 | INFO | Found latest version of tu93: tu93-0768757b (downloaded: 2026-06-08 07:25:18.086006+00:00)
2026-07-31 15:23:27 | INFO | Found latest version of tu93: tu93-0768757b (downloaded: 2026-06-08 07:25:18.086006+00:00)
2026-07-31 15:23:27 | INFO | Found latest version of tu93: tu93-0768757b (downloaded: 2026-06-08 07:25:18.086006+00:00)
2026-07-31 15:23:27 | INFO | Found latest version of tu93: tu93-0768757b (downloaded: 2026-06-08 07:25:18.086006+00:00)
2026-07-31 15:23:27 | INFO | Found latest version of tu93: tu93-0768757b (downloaded: 2026-06-08 07:25:18.086006+00:00)
2026-07-31 15:23:27 | INFO | Found latest version of tu93: tu93-0768757b (downloaded: 2026-06-08 07:25:18.086006+00:00)
2026-07-31 15:23:27 | INFO | Found latest version of tu93: tu93-0768757b (downloaded: 2026-06-08 07:25:18.086006+00:00)
2026-07-31 15:23:27 | INFO | Found latest version of tu93: tu93-0768757b (downloaded: 2026-06-08 07:25:18.086006+00:00)
2026-07-31 15:23:27 | INFO | Found latest version of tu93: tu93-0768757b (downloaded: 2026-06-08 07:25:18.086006+00:00)
2026-07-31 15:23:27 | INFO | Found latest version of tu93: tu93-0768757b (downloaded: 2026-06-08 07:25:18.086006+00:00)
2026-07-31 15:23:27 | INFO | Found latest version of tu93: tu93-0768757b (downloaded: 2026-06-08 07:25:18.086006+00:00)
2026-07-31 15:23:27 | INFO | Found latest version of tu93: tu93-0768757b (downloaded: 2026-06-08 07:25:18.086006+00:00)
2026-07-31 15:23:27 | INFO | Found latest version of tu93: tu93-0768757b (downloaded: 2026-06-08 07:25:18.086006+00:00)
2026-07-31 15:23:27 | INFO | Found latest version of tu93: tu93-0768757b (downloaded: 2026-06-08 07:25:18.086006+00:00)
2026-07-31 15:23:27 | INFO | Found latest version of tu93: tu93-0768757b (downloaded: 2026-06-08 07:25:18.086006+00:00)
2026-07-31 15:23:27 | INFO | Found latest version of tu93: tu93-0768757b (downloaded: 2026-06-08 07:25:18.086006+00:00)
2026-07-31 15:23:27 | INFO | Found latest version of tu93: tu93-0768757b (downloaded: 2026-06-08 07:25:18.086006+00:00)
2026-07-31 15:23:27 | INFO | Found latest version of tu93: tu93-0768757b (downloaded: 2026-06-08 07:25:18.086006+00:00)
2026-07-31 15:23:27 | INFO | Found latest version of tu93: tu93-0768757b (downloaded: 2026-06-08 07:25:18.086006+00:00)
2026-07-31 15:23:27 | INFO | Found latest version of tu93: tu93-0768757b (downloaded: 2026-06-08 07:25:18.086006+00:00)
2026-07-31 15:23:27 | INFO | Found latest version of tu93: tu93-0768757b (downloaded: 2026-06-08 07:25:18.086006+00:00)
2026-07-31 15:23:27 | INFO | Found latest version of tu93: tu93-0768757b (downloaded: 2026-06-08 07:25:18.086006+00:00)
2026-07-31 15:23:27 | INFO | Found latest version of tu93: tu93-0768757b (downloaded: 2026-06-08 07:25:18.086006+00:00)
2026-07-31 15:23:27 | INFO | Found latest version of tu93: tu93-0768757b (downloaded: 2026-06-08 07:25:18.086006+00:00)
2026-07-31 15:23:27 | INFO | Found latest version of tu93: tu93-0768757b (downloaded: 2026-06-08 07:25:18.086006+00:00)
2026-07-31 15:23:27 | INFO | Found latest version of tu93: tu93-0768757b (downloaded: 2026-06-08 07:25:18.086006+00:00)
2026-07-31 15:23:27 | INFO | Found latest version of tu93: tu93-0768757b (downloaded: 2026-06-08 07:25:18.086006+00:00)
2026-07-31 15:23:27 | INFO | Found latest version of tu93: tu93-0768757b (downloaded: 2026-06-08 07:25:18.086006+00:00)
2026-07-31 15:23:27 | INFO | Found latest version of tu93: tu93-0768757b (downloaded: 2026-06-08 07:25:18.086006+00:00)
2026-07-31 15:23:27 | INFO | Found latest version of tu93: tu93-0768757b (downloaded: 2026-06-08 07:25:18.086006+00:00)
2026-07-31 15:23:27 | INFO | Found latest version of tu93: tu93-0768757b (downloaded: 2026-06-08 07:25:18.086006+00:00)
2026-07-31 15:23:27 | INFO | Found latest version of tu93: tu93-0768757b (downloaded: 2026-06-08 07:25:18.086006+00:00)
2026-07-31 15:23:27 | INFO | Found latest version of tu93: tu93-0768757b (downloaded: 2026-06-08 07:25:18.086006+00:00)
2026-07-31 15:23:27 | INFO | Found latest version of tu93: tu93-0768757b (downloaded: 2026-06-08 07:25:18.086006+00:00)
2026-07-31 15:23:27 | INFO | Found latest version of tu93: tu93-0768757b (downloaded: 2026-06-08 07:25:18.086006+00:00)
2026-07-31 15:23:27 | INFO | Found latest version of tu93: tu93-0768757b (downloaded: 2026-06-08 07:25:18.086006+00:00)
2026-07-31 15:23:27 | INFO | Found latest version of tu93: tu93-0768757b (downloaded: 2026-06-08 07:25:18.086006+00:00)
2026-07-31 15:23:27 | INFO | Found latest version of tu93: tu93-0768757b (downloaded: 2026-06-08 07:25:18.086006+00:00)
2026-07-31 15:23:27 | INFO | Found latest version of tu93: tu93-0768757b (downloaded: 2026-06-08 07:25:18.086006+00:00)
2026-07-31 15:23:27 | INFO | Found latest version of tu93: tu93-0768757b (downloaded: 2026-06-08 07:25:18.086006+00:00)
2026-07-31 15:23:27 | INFO | Found latest version of tu93: tu93-0768757b (downloaded: 2026-06-08 07:25:18.086006+00:00)
2026-07-31 15:23:27 | INFO | Found latest version of tu93: tu93-0768757b (downloaded: 2026-06-08 07:25:18.086006+00:00)
2026-07-31 15:23:27 | INFO | Found latest version of tu93: tu93-0768757b (downloaded: 2026-06-08 07:25:18.086006+00:00)
2026-07-31 15:23:27 | INFO | Found latest version of tu93: tu93-0768757b (downloaded: 2026-06-08 07:25:18.086006+00:00)
2026-07-31 15:23:27 | INFO | Found latest version of tu93: tu93-0768757b (downloaded: 2026-06-08 07:25:18.086006+00:00)
2026-07-31 15:23:27 | INFO | Found latest version of tu93: tu93-0768757b (downloaded: 2026-06-08 07:25:18.086006+00:00)
2026-07-31 15:23:27 | INFO | Found latest version of tu93: tu93-0768757b (downloaded: 2026-06-08 07:25:18.086006+00:00)
2026-07-31 15:23:27 | INFO | Found latest version of tu93: tu93-0768757b (downloaded: 2026-06-08 07:25:18.086006+00:00)
2026-07-31 15:23:28 | INFO | Found latest version of tu93: tu93-0768757b (downloaded: 2026-06-08 07:25:18.086006+00:00)
2026-07-31 15:23:28 | INFO | Found latest version of tu93: tu93-0768757b (downloaded: 2026-06-08 07:25:18.086006+00:00)
2026-07-31 15:23:28 | INFO | Found latest version of tu93: tu93-0768757b (downloaded: 2026-06-08 07:25:18.086006+00:00)
2026-07-31 15:23:28 | INFO | Found latest version of tu93: tu93-0768757b (downloaded: 2026-06-08 07:25:18.086006+00:00)
2026-07-31 15:23:28 | INFO | Found latest version of tu93: tu93-0768757b (downloaded: 2026-06-08 07:25:18.086006+00:00)
2026-07-31 15:23:28 | INFO | Found latest version of tu93: tu93-0768757b (downloaded: 2026-06-08 07:25:18.086006+00:00)
2026-07-31 15:23:28 | INFO | Found latest version of tu93: tu93-0768757b (downloaded: 2026-06-08 07:25:18.086006+00:00)
2026-07-31 15:23:28 | INFO | Found latest version of tu93: tu93-0768757b (downloaded: 2026-06-08 07:25:18.086006+00:00)
2026-07-31 15:23:28 | INFO | Found latest version of tu93: tu93-0768757b (downloaded: 2026-06-08 07:25:18.086006+00:00)
2026-07-31 15:23:28 | INFO | Found latest version of tu93: tu93-0768757b (downloaded: 2026-06-08 07:25:18.086006+00:00)
2026-07-31 15:23:28 | INFO | Found latest version of tu93: tu93-0768757b (downloaded: 2026-06-08 07:25:18.086006+00:00)
2026-07-31 15:23:28 | INFO | Found latest version of tu93: tu93-0768757b (downloaded: 2026-06-08 07:25:18.086006+00:00)
2026-07-31 15:23:28 | INFO | Found latest version of tu93: tu93-0768757b (downloaded: 2026-06-08 07:25:18.086006+00:00)
2026-07-31 15:23:28 | INFO | Found latest version of tu93: tu93-0768757b (downloaded: 2026-06-08 07:25:18.086006+00:00)
2026-07-31 15:23:28 | INFO | Found latest version of tu93: tu93-0768757b (downloaded: 2026-06-08 07:25:18.086006+00:00)
2026-07-31 15:23:28 | INFO | Found latest version of tu93: tu93-0768757b (downloaded: 2026-06-08 07:25:18.086006+00:00)
2026-07-31 15:23:28 | INFO | Found latest version of tu93: tu93-0768757b (downloaded: 2026-06-08 07:25:18.086006+00:00)
2026-07-31 15:23:28 | INFO | Found latest version of tu93: tu93-0768757b (downloaded: 2026-06-08 07:25:18.086006+00:00)
2026-07-31 15:23:28 | INFO | Found latest version of tu93: tu93-0768757b (downloaded: 2026-06-08 07:25:18.086006+00:00)
2026-07-31 15:23:28 | INFO | Found latest version of tu93: tu93-0768757b (downloaded: 2026-06-08 07:25:18.086006+00:00)
2026-07-31 15:23:28 | INFO | Found latest version of tu93: tu93-0768757b (downloaded: 2026-06-08 07:25:18.086006+00:00)
2026-07-31 15:23:28 | INFO | Found latest version of tu93: tu93-0768757b (downloaded: 2026-06-08 07:25:18.086006+00:00)
2026-07-31 15:23:28 | INFO | Found latest version of tu93: tu93-0768757b (downloaded: 2026-06-08 07:25:18.086006+00:00)
2026-07-31 15:23:28 | INFO | Found latest version of tu93: tu93-0768757b (downloaded: 2026-06-08 07:25:18.086006+00:00)
2026-07-31 15:23:28 | INFO | Found latest version of tu93: tu93-0768757b (downloaded: 2026-06-08 07:25:18.086006+00:00)
2026-07-31 15:23:28 | INFO | Found latest version of tu93: tu93-0768757b (downloaded: 2026-06-08 07:25:18.086006+00:00)
2026-07-31 15:23:28 | INFO | Found latest version of tu93: tu93-0768757b (downloaded: 2026-06-08 07:25:18.086006+00:00)
2026-07-31 15:23:28 | INFO | Found latest version of tu93: tu93-0768757b (downloaded: 2026-06-08 07:25:18.086006+00:00)
2026-07-31 15:23:28 | INFO | Found latest version of tu93: tu93-0768757b (downloaded: 2026-06-08 07:25:18.086006+00:00)
2026-07-31 15:23:28 | INFO | Found latest version of tu93: tu93-0768757b (downloaded: 2026-06-08 07:25:18.086006+00:00)
2026-07-31 15:23:28 | INFO | Found latest version of tu93: tu93-0768757b (downloaded: 2026-06-08 07:25:18.086006+00:00)
2026-07-31 15:23:28 | INFO | Found latest version of tu93: tu93-0768757b (downloaded: 2026-06-08 07:25:18.086006+00:00)
2026-07-31 15:23:28 | INFO | Found latest version of tu93: tu93-0768757b (downloaded: 2026-06-08 07:25:18.086006+00:00)
2026-07-31 15:23:28 | INFO | Found latest version of tu93: tu93-0768757b (downloaded: 2026-06-08 07:25:18.086006+00:00)
2026-07-31 15:23:28 | INFO | Found latest version of tu93: tu93-0768757b (downloaded: 2026-06-08 07:25:18.086006+00:00)
2026-07-31 15:23:28 | INFO | Found latest version of tu93: tu93-0768757b (downloaded: 2026-06-08 07:25:18.086006+00:00)
2026-07-31 15:23:28 | INFO | Found latest version of tu93: tu93-0768757b (downloaded: 2026-06-08 07:25:18.086006+00:00)
2026-07-31 15:23:28 | INFO | Found latest version of tu93: tu93-0768757b (downloaded: 2026-06-08 07:25:18.086006+00:00)
2026-07-31 15:23:28 | INFO | Found latest version of tu93: tu93-0768757b (downloaded: 2026-06-08 07:25:18.086006+00:00)
2026-07-31 15:23:28 | INFO | Found latest version of tu93: tu93-0768757b (downloaded: 2026-06-08 07:25:18.086006+00:00)
2026-07-31 15:23:28 | INFO | Found latest version of tu93: tu93-0768757b (downloaded: 2026-06-08 07:25:18.086006+00:00)
2026-07-31 15:23:28 | INFO | Found latest version of tu93: tu93-0768757b (downloaded: 2026-06-08 07:25:18.086006+00:00)
2026-07-31 15:23:28 | INFO | Found latest version of tu93: tu93-0768757b (downloaded: 2026-06-08 07:25:18.086006+00:00)
2026-07-31 15:23:28 | INFO | Found latest version of tu93: tu93-0768757b (downloaded: 2026-06-08 07:25:18.086006+00:00)
2026-07-31 15:23:28 | INFO | Found latest version of tu93: tu93-0768757b (downloaded: 2026-06-08 07:25:18.086006+00:00)
2026-07-31 15:23:28 | INFO | Found latest version of tu93: tu93-0768757b (downloaded: 2026-06-08 07:25:18.086006+00:00)
2026-07-31 15:23:28 | INFO | Found latest version of tu93: tu93-0768757b (downloaded: 2026-06-08 07:25:18.086006+00:00)
2026-07-31 15:23:28 | INFO | Found latest version of tu93: tu93-0768757b (downloaded: 2026-06-08 07:25:18.086006+00:00)
2026-07-31 15:23:28 | INFO | Found latest version of tu93: tu93-0768757b (downloaded: 2026-06-08 07:25:18.086006+00:00)
2026-07-31 15:23:28 | INFO | Found latest version of tu93: tu93-0768757b (downloaded: 2026-06-08 07:25:18.086006+00:00)
2026-07-31 15:23:28 | INFO | Found latest version of tu93: tu93-0768757b (downloaded: 2026-06-08 07:25:18.086006+00:00)
2026-07-31 15:23:28 | INFO | Found latest version of tu93: tu93-0768757b (downloaded: 2026-06-08 07:25:18.086006+00:00)
2026-07-31 15:23:28 | INFO | Found latest version of tu93: tu93-0768757b (downloaded: 2026-06-08 07:25:18.086006+00:00)
2026-07-31 15:23:28 | INFO | Found latest version of tu93: tu93-0768757b (downloaded: 2026-06-08 07:25:18.086006+00:00)
2026-07-31 15:23:28 | INFO | Found latest version of tu93: tu93-0768757b (downloaded: 2026-06-08 07:25:18.086006+00:00)
2026-07-31 15:23:28 | INFO | Found latest version of tu93: tu93-0768757b (downloaded: 2026-06-08 07:25:18.086006+00:00)
2026-07-31 15:23:28 | INFO | Found latest version of tu93: tu93-0768757b (downloaded: 2026-06-08 07:25:18.086006+00:00)
2026-07-31 15:23:28 | INFO | Found latest version of tu93: tu93-0768757b (downloaded: 2026-06-08 07:25:18.086006+00:00)
2026-07-31 15:23:28 | INFO | Found latest version of tu93: tu93-0768757b (downloaded: 2026-06-08 07:25:18.086006+00:00)
2026-07-31 15:23:28 | INFO | Found latest version of tu93: tu93-0768757b (downloaded: 2026-06-08 07:25:18.086006+00:00)
2026-07-31 15:23:28 | INFO | Found latest version of tu93: tu93-0768757b (downloaded: 2026-06-08 07:25:18.086006+00:00)
2026-07-31 15:23:28 | INFO | Found latest version of tu93: tu93-0768757b (downloaded: 2026-06-08 07:25:18.086006+00:00)
2026-07-31 15:23:28 | INFO | Found latest version of tu93: tu93-0768757b (downloaded: 2026-06-08 07:25:18.086006+00:00)
2026-07-31 15:23:28 | INFO | Found latest version of tu93: tu93-0768757b (downloaded: 2026-06-08 07:25:18.086006+00:00)
2026-07-31 15:23:28 | INFO | Found latest version of tu93: tu93-0768757b (downloaded: 2026-06-08 07:25:18.086006+00:00)
2026-07-31 15:23:28 | INFO | Found latest version of tu93: tu93-0768757b (downloaded: 2026-06-08 07:25:18.086006+00:00)
2026-07-31 15:23:28 | INFO | Found latest version of tu93: tu93-0768757b (downloaded: 2026-06-08 07:25:18.086006+00:00)
2026-07-31 15:23:28 | INFO | Found latest version of tu93: tu93-0768757b (downloaded: 2026-06-08 07:25:18.086006+00:00)
2026-07-31 15:23:28 | INFO | Found latest version of tu93: tu93-0768757b (downloaded: 2026-06-08 07:25:18.086006+00:00)
2026-07-31 15:23:28 | INFO | Found latest version of tu93: tu93-0768757b (downloaded: 2026-06-08 07:25:18.086006+00:00)
2026-07-31 15:23:28 | INFO | Found latest version of tu93: tu93-0768757b (downloaded: 2026-06-08 07:25:18.086006+00:00)
2026-07-31 15:23:28 | INFO | Found latest version of tu93: tu93-0768757b (downloaded: 2026-06-08 07:25:18.086006+00:00)
2026-07-31 15:23:28 | INFO | Found latest version of tu93: tu93-0768757b (downloaded: 2026-06-08 07:25:18.086006+00:00)
2026-07-31 15:23:28 | INFO | Found latest version of tu93: tu93-0768757b (downloaded: 2026-06-08 07:25:18.086006+00:00)
2026-07-31 15:23:28 | INFO | Found latest version of tu93: tu93-0768757b (downloaded: 2026-06-08 07:25:18.086006+00:00)
2026-07-31 15:23:28 | INFO | Found latest version of tu93: tu93-0768757b (downloaded: 2026-06-08 07:25:18.086006+00:00)
2026-07-31 15:23:28 | INFO | Found latest version of tu93: tu93-0768757b (downloaded: 2026-06-08 07:25:18.086006+00:00)
2026-07-31 15:23:28 | INFO | Found latest version of tu93: tu93-0768757b (downloaded: 2026-06-08 07:25:18.086006+00:00)
2026-07-31 15:23:28 | INFO | Found latest version of tu93: tu93-0768757b (downloaded: 2026-06-08 07:25:18.086006+00:00)
2026-07-31 15:23:28 | INFO | Found latest version of tu93: tu93-0768757b (downloaded: 2026-06-08 07:25:18.086006+00:00)
2026-07-31 15:23:28 | INFO | Found latest version of tu93: tu93-0768757b (downloaded: 2026-06-08 07:25:18.086006+00:00)
2026-07-31 15:23:28 | INFO | Found latest version of tu93: tu93-0768757b (downloaded: 2026-06-08 07:25:18.086006+00:00)
2026-07-31 15:23:28 | INFO | Found latest version of tu93: tu93-0768757b (downloaded: 2026-06-08 07:25:18.086006+00:00)
2026-07-31 15:23:28 | INFO | Found latest version of tu93: tu93-0768757b (downloaded: 2026-06-08 07:25:18.086006+00:00)
2026-07-31 15:23:28 | INFO | Found latest version of tu93: tu93-0768757b (downloaded: 2026-06-08 07:25:18.086006+00:00)
2026-07-31 15:23:28 | INFO | Found latest version of tu93: tu93-0768757b (downloaded: 2026-06-08 07:25:18.086006+00:00)
2026-07-31 15:23:28 | INFO | Found latest version of tu93: tu93-0768757b (downloaded: 2026-06-08 07:25:18.086006+00:00)
2026-07-31 15:23:28 | INFO | Found latest version of tu93: tu93-0768757b (downloaded: 2026-06-08 07:25:18.086006+00:00)
2026-07-31 15:23:28 | INFO | Found latest version of tu93: tu93-0768757b (downloaded: 2026-06-08 07:25:18.086006+00:00)
2026-07-31 15:23:28 | INFO | Found latest version of tu93: tu93-0768757b (downloaded: 2026-06-08 07:25:18.086006+00:00)
2026-07-31 15:23:28 | INFO | Found latest version of tu93: tu93-0768757b (downloaded: 2026-06-08 07:25:18.086006+00:00)
2026-07-31 15:23:28 | INFO | Found latest version of tu93: tu93-0768757b (downloaded: 2026-06-08 07:25:18.086006+00:00)
2026-07-31 15:23:28 | INFO | Found latest version of tu93: tu93-0768757b (downloaded: 2026-06-08 07:25:18.086006+00:00)
2026-07-31 15:23:28 | INFO | Found latest version of tu93: tu93-0768757b (downloaded: 2026-06-08 07:25:18.086006+00:00)
2026-07-31 15:23:28 | INFO | Found latest version of tu93: tu93-0768757b (downloaded: 2026-06-08 07:25:18.086006+00:00)
2026-07-31 15:23:28 | INFO | Found latest version of tu93: tu93-0768757b (downloaded: 2026-06-08 07:25:18.086006+00:00)
2026-07-31 15:23:28 | INFO | Found latest version of tu93: tu93-0768757b (downloaded: 2026-06-08 07:25:18.086006+00:00)
2026-07-31 15:23:28 | INFO | Found latest version of tu93: tu93-0768757b (downloaded: 2026-06-08 07:25:18.086006+00:00)
2026-07-31 15:23:28 | INFO | Found latest version of tu93: tu93-0768757b (downloaded: 2026-06-08 07:25:18.086006+00:00)
2026-07-31 15:23:28 | INFO | Found latest version of tu93: tu93-0768757b (downloaded: 2026-06-08 07:25:18.086006+00:00)
2026-07-31 15:23:28 | INFO | Found latest version of tu93: tu93-0768757b (downloaded: 2026-06-08 07:25:18.086006+00:00)
2026-07-31 15:23:28 | INFO | Found latest version of tu93: tu93-0768757b (downloaded: 2026-06-08 07:25:18.086006+00:00)
2026-07-31 15:23:28 | INFO | Found latest version of tu93: tu93-0768757b (downloaded: 2026-06-08 07:25:18.086006+00:00)
2026-07-31 15:23:28 | INFO | Found latest version of tu93: tu93-0768757b (downloaded: 2026-06-08 07:25:18.086006+00:00)
2026-07-31 15:23:28 | INFO | Found latest version of tu93: tu93-0768757b (downloaded: 2026-06-08 07:25:18.086006+00:00)
2026-07-31 15:23:28 | INFO | Found latest version of tu93: tu93-0768757b (downloaded: 2026-06-08 07:25:18.086006+00:00)
2026-07-31 15:23:28 | INFO | Found latest version of tu93: tu93-0768757b (downloaded: 2026-06-08 07:25:18.086006+00:00)
2026-07-31 15:23:28 | INFO | Found latest version of tu93: tu93-0768757b (downloaded: 2026-06-08 07:25:18.086006+00:00)
2026-07-31 15:23:29 | INFO | Found latest version of tu93: tu93-0768757b (downloaded: 2026-06-08 07:25:18.086006+00:00)
2026-07-31 15:23:29 | INFO | Found latest version of tu93: tu93-0768757b (downloaded: 2026-06-08 07:25:18.086006+00:00)
2026-07-31 15:23:29 | INFO | Found latest version of tu93: tu93-0768757b (downloaded: 2026-06-08 07:25:18.086006+00:00)
2026-07-31 15:23:29 | INFO | Found latest version of tu93: tu93-0768757b (downloaded: 2026-06-08 07:25:18.086006+00:00)
2026-07-31 15:23:29 | INFO | Found latest version of tu93: tu93-0768757b (downloaded: 2026-06-08 07:25:18.086006+00:00)
2026-07-31 15:23:29 | INFO | Found latest version of tu93: tu93-0768757b (downloaded: 2026-06-08 07:25:18.086006+00:00)
2026-07-31 15:23:29 | INFO | Found latest version of tu93: tu93-0768757b (downloaded: 2026-06-08 07:25:18.086006+00:00)
2026-07-31 15:23:29 | INFO | Found latest version of tu93: tu93-0768757b (downloaded: 2026-06-08 07:25:18.086006+00:00)
2026-07-31 15:23:29 | INFO | Found latest version of tu93: tu93-0768757b (downloaded: 2026-06-08 07:25:18.086006+00:00)
2026-07-31 15:23:29 | INFO | Found latest version of tu93: tu93-0768757b (downloaded: 2026-06-08 07:25:18.086006+00:00)
2026-07-31 15:23:29 | INFO | Found latest version of tu93: tu93-0768757b (downloaded: 2026-06-08 07:25:18.086006+00:00)
2026-07-31 15:23:29 | INFO | Found latest version of tu93: tu93-0768757b (downloaded: 2026-06-08 07:25:18.086006+00:00)
2026-07-31 15:23:29 | INFO | Found latest version of tu93: tu93-0768757b (downloaded: 2026-06-08 07:25:18.086006+00:00)
2026-07-31 15:23:29 | INFO | Found latest version of tu93: tu93-0768757b (downloaded: 2026-06-08 07:25:18.086006+00:00)
2026-07-31 15:23:29 | INFO | Found latest version of tu93: tu93-0768757b (downloaded: 2026-06-08 07:25:18.086006+00:00)
2026-07-31 15:23:29 | INFO | Found latest version of tu93: tu93-0768757b (downloaded: 2026-06-08 07:25:18.086006+00:00)
2026-07-31 15:23:29 | INFO | Found latest version of tu93: tu93-0768757b (downloaded: 2026-06-08 07:25:18.086006+00:00)
2026-07-31 15:23:29 | INFO | Found latest version of tu93: tu93-0768757b (downloaded: 2026-06-08 07:25:18.086006+00:00)
2026-07-31 15:23:29 | INFO | Found latest version of tu93: tu93-0768757b (downloaded: 2026-06-08 07:25:18.086006+00:00)
2026-07-31 15:23:29 | INFO | Found latest version of tu93: tu93-0768757b (downloaded: 2026-06-08 07:25:18.086006+00:00)
2026-07-31 15:23:29 | INFO | Found latest version of tu93: tu93-0768757b (downloaded: 2026-06-08 07:25:18.086006+00:00)
2026-07-31 15:23:29 | INFO | Found latest version of tu93: tu93-0768757b (downloaded: 2026-06-08 07:25:18.086006+00:00)
2026-07-31 15:23:29 | INFO | Found latest version of tu93: tu93-0768757b (downloaded: 2026-06-08 07:25:18.086006+00:00)
2026-07-31 15:23:29 | INFO | Found latest version of tu93: tu93-0768757b (downloaded: 2026-06-08 07:25:18.086006+00:00)
2026-07-31 15:23:29 | INFO | Found latest version of tu93: tu93-0768757b (downloaded: 2026-06-08 07:25:18.086006+00:00)
2026-07-31 15:23:29 | INFO | Found latest version of tu93: tu93-0768757b (downloaded: 2026-06-08 07:25:18.086006+00:00)
2026-07-31 15:23:29 | INFO | Found latest version of tu93: tu93-0768757b (downloaded: 2026-06-08 07:25:18.086006+00:00)
2026-07-31 15:23:29 | INFO | Found latest version of tu93: tu93-0768757b (downloaded: 2026-06-08 07:25:18.086006+00:00)
2026-07-31 15:23:29 | INFO | Found latest version of tu93: tu93-0768757b (downloaded: 2026-06-08 07:25:18.086006+00:00)
2026-07-31 15:23:29 | INFO | Found latest version of tu93: tu93-0768757b (downloaded: 2026-06-08 07:25:18.086006+00:00)
2026-07-31 15:23:29 | INFO | Found latest version of tu93: tu93-0768757b (downloaded: 2026-06-08 07:25:18.086006+00:00)
2026-07-31 15:23:29 | INFO | Found latest version of tu93: tu93-0768757b (downloaded: 2026-06-08 07:25:18.086006+00:00)
2026-07-31 15:23:29 | INFO | Found latest version of tu93: tu93-0768757b (downloaded: 2026-06-08 07:25:18.086006+00:00)
2026-07-31 15:23:29 | INFO | Found latest version of tu93: tu93-0768757b (downloaded: 2026-06-08 07:25:18.086006+00:00)
2026-07-31 15:23:29 | INFO | Found latest version of tu93: tu93-0768757b (downloaded: 2026-06-08 07:25:18.086006+00:00)
2026-07-31 15:23:29 | INFO | Found latest version of tu93: tu93-0768757b (downloaded: 2026-06-08 07:25:18.086006+00:00)
2026-07-31 15:23:29 | INFO | Found latest version of tu93: tu93-0768757b (downloaded: 2026-06-08 07:25:18.086006+00:00)
2026-07-31 15:23:29 | INFO | Found latest version of tu93: tu93-0768757b (downloaded: 2026-06-08 07:25:18.086006+00:00)
2026-07-31 15:23:29 | INFO | Found latest version of tu93: tu93-0768757b (downloaded: 2026-06-08 07:25:18.086006+00:00)
2026-07-31 15:23:29 | INFO | Found latest version of tu93: tu93-0768757b (downloaded: 2026-06-08 07:25:18.086006+00:00)
2026-07-31 15:23:29 | INFO | Found latest version of tu93: tu93-0768757b (downloaded: 2026-06-08 07:25:18.086006+00:00)
2026-07-31 15:23:29 | INFO | Found latest version of tu93: tu93-0768757b (downloaded: 2026-06-08 07:25:18.086006+00:00)
2026-07-31 15:23:29 | INFO | Found latest version of tu93: tu93-0768757b (downloaded: 2026-06-08 07:25:18.086006+00:00)
2026-07-31 15:23:29 | INFO | Found latest version of tu93: tu93-0768757b (downloaded: 2026-06-08 07:25:18.086006+00:00)
2026-07-31 15:23:29 | INFO | Found latest version of tu93: tu93-0768757b (downloaded: 2026-06-08 07:25:18.086006+00:00)
2026-07-31 15:23:29 | INFO | Found latest version of tu93: tu93-0768757b (downloaded: 2026-06-08 07:25:18.086006+00:00)
2026-07-31 15:23:29 | INFO | Found latest version of tu93: tu93-0768757b (downloaded: 2026-06-08 07:25:18.086006+00:00)
2026-07-31 15:23:29 | INFO | Found latest version of tu93: tu93-0768757b (downloaded: 2026-06-08 07:25:18.086006+00:00)
2026-07-31 15:23:29 | INFO | Found latest version of tu93: tu93-0768757b (downloaded: 2026-06-08 07:25:18.086006+00:00)
2026-07-31 15:23:29 | INFO | Found latest version of tu93: tu93-0768757b (downloaded: 2026-06-08 07:25:18.086006+00:00)
2026-07-31 15:23:29 | INFO | Found latest version of tu93: tu93-0768757b (downloaded: 2026-06-08 07:25:18.086006+00:00)
2026-07-31 15:23:29 | INFO | Found latest version of tu93: tu93-0768757b (downloaded: 2026-06-08 07:25:18.086006+00:00)
2026-07-31 15:23:29 | INFO | Found latest version of tu93: tu93-0768757b (downloaded: 2026-06-08 07:25:18.086006+00:00)
2026-07-31 15:23:29 | INFO | Found latest version of tu93: tu93-0768757b (downloaded: 2026-06-08 07:25:18.086006+00:00)
2026-07-31 15:23:29 | INFO | Found latest version of tu93: tu93-0768757b (downloaded: 2026-06-08 07:25:18.086006+00:00)
2026-07-31 15:23:29 | INFO | Found latest version of tu93: tu93-0768757b (downloaded: 2026-06-08 07:25:18.086006+00:00)
2026-07-31 15:23:29 | INFO | Found latest version of tu93: tu93-0768757b (downloaded: 2026-06-08 07:25:18.086006+00:00)
2026-07-31 15:23:29 | INFO | Found latest version of tu93: tu93-0768757b (downloaded: 2026-06-08 07:25:18.086006+00:00)
2026-07-31 15:23:29 | INFO | Found latest version of tu93: tu93-0768757b (downloaded: 2026-06-08 07:25:18.086006+00:00)
2026-07-31 15:23:29 | INFO | Found latest version of tu93: tu93-0768757b (downloaded: 2026-06-08 07:25:18.086006+00:00)
2026-07-31 15:23:29 | INFO | Found latest version of tu93: tu93-0768757b (downloaded: 2026-06-08 07:25:18.086006+00:00)
2026-07-31 15:23:29 | INFO | Found latest version of tu93: tu93-0768757b (downloaded: 2026-06-08 07:25:18.086006+00:00)
2026-07-31 15:23:29 | INFO | Found latest version of tu93: tu93-0768757b (downloaded: 2026-06-08 07:25:18.086006+00:00)
2026-07-31 15:23:30 | INFO | Found latest version of tu93: tu93-0768757b (downloaded: 2026-06-08 07:25:18.086006+00:00)
2026-07-31 15:23:30 | INFO | Found latest version of tu93: tu93-0768757b (downloaded: 2026-06-08 07:25:18.086006+00:00)
2026-07-31 15:23:30 | INFO | Found latest version of tu93: tu93-0768757b (downloaded: 2026-06-08 07:25:18.086006+00:00)
2026-07-31 15:23:30 | INFO | Found latest version of tu93: tu93-0768757b (downloaded: 2026-06-08 07:25:18.086006+00:00)
2026-07-31 15:23:30 | INFO | Found latest version of tu93: tu93-0768757b (downloaded: 2026-06-08 07:25:18.086006+00:00)
2026-07-31 15:23:30 | INFO | Found latest version of tu93: tu93-0768757b (downloaded: 2026-06-08 07:25:18.086006+00:00)
2026-07-31 15:23:30 | INFO | Found latest version of tu93: tu93-0768757b (downloaded: 2026-06-08 07:25:18.086006+00:00)
2026-07-31 15:23:30 | INFO | Found latest version of tu93: tu93-0768757b (downloaded: 2026-06-08 07:25:18.086006+00:00)
2026-07-31 15:23:30 | INFO | Found latest version of tu93: tu93-0768757b (downloaded: 2026-06-08 07:25:18.086006+00:00)
2026-07-31 15:23:30 | INFO | Found latest version of tu93: tu93-0768757b (downloaded: 2026-06-08 07:25:18.086006+00:00)
2026-07-31 15:23:30 | INFO | Found latest version of tu93: tu93-0768757b (downloaded: 2026-06-08 07:25:18.086006+00:00)
2026-07-31 15:23:30 | INFO | Found latest version of tu93: tu93-0768757b (downloaded: 2026-06-08 07:25:18.086006+00:00)
2026-07-31 15:23:30 | INFO | Found latest version of tu93: tu93-0768757b (downloaded: 2026-06-08 07:25:18.086006+00:00)
2026-07-31 15:23:30 | INFO | Found latest version of tu93: tu93-0768757b (downloaded: 2026-06-08 07:25:18.086006+00:00)
2026-07-31 15:23:30 | INFO | Found latest version of tu93: tu93-0768757b (downloaded: 2026-06-08 07:25:18.086006+00:00)
2026-07-31 15:23:30 | INFO | Found latest version of tu93: tu93-0768757b (downloaded: 2026-06-08 07:25:18.086006+00:00)
2026-07-31 15:23:30 | INFO | Found latest version of tu93: tu93-0768757b (downloaded: 2026-06-08 07:25:18.086006+00:00)
2026-07-31 15:23:30 | INFO | Found latest version of tu93: tu93-0768757b (downloaded: 2026-06-08 07:25:18.086006+00:00)
2026-07-31 15:23:30 | INFO | Found latest version of tu93: tu93-0768757b (downloaded: 2026-06-08 07:25:18.086006+00:00)
2026-07-31 15:23:30 | INFO | Found latest version of tu93: tu93-0768757b (downloaded: 2026-06-08 07:25:18.086006+00:00)
2026-07-31 15:23:30 | INFO | Found latest version of tu93: tu93-0768757b (downloaded: 2026-06-08 07:25:18.086006+00:00)
2026-07-31 15:23:30 | INFO | Found latest version of tu93: tu93-0768757b (downloaded: 2026-06-08 07:25:18.086006+00:00)
2026-07-31 15:23:30 | INFO | Found latest version of tu93: tu93-0768757b (downloaded: 2026-06-08 07:25:18.086006+00:00)
2026-07-31 15:23:30 | INFO | Found latest version of tu93: tu93-0768757b (downloaded: 2026-06-08 07:25:18.086006+00:00)
2026-07-31 15:23:30 | INFO | Found latest version of tu93: tu93-0768757b (downloaded: 2026-06-08 07:25:18.086006+00:00)
2026-07-31 15:23:30 | INFO | Found latest version of tu93: tu93-0768757b (downloaded: 2026-06-08 07:25:18.086006+00:00)
2026-07-31 15:23:30 | INFO | Found latest version of tu93: tu93-0768757b (downloaded: 2026-06-08 07:25:18.086006+00:00)
2026-07-31 15:23:30 | INFO | Found latest version of tu93: tu93-0768757b (downloaded: 2026-06-08 07:25:18.086006+00:00)
2026-07-31 15:23:30 | INFO | Found latest version of tu93: tu93-0768757b (downloaded: 2026-06-08 07:25:18.086006+00:00)
2026-07-31 15:23:30 | INFO | Found latest version of tu93: tu93-0768757b (downloaded: 2026-06-08 07:25:18.086006+00:00)
2026-07-31 15:23:30 | INFO | Found latest version of tu93: tu93-0768757b (downloaded: 2026-06-08 07:25:18.086006+00:00)
2026-07-31 15:23:30 | INFO | Found latest version of tu93: tu93-0768757b (downloaded: 2026-06-08 07:25:18.086006+00:00)
2026-07-31 15:23:30 | INFO | Found latest version of tu93: tu93-0768757b (downloaded: 2026-06-08 07:25:18.086006+00:00)
2026-07-31 15:23:30 | INFO | Found latest version of tu93: tu93-0768757b (downloaded: 2026-06-08 07:25:18.086006+00:00)
2026-07-31 15:23:30 | INFO | Found latest version of tu93: tu93-0768757b (downloaded: 2026-06-08 07:25:18.086006+00:00)
2026-07-31 15:23:30 | INFO | Found latest version of tu93: tu93-0768757b (downloaded: 2026-06-08 07:25:18.086006+00:00)
2026-07-31 15:23:30 | INFO | Found latest version of tu93: tu93-0768757b (downloaded: 2026-06-08 07:25:18.086006+00:00)
2026-07-31 15:23:30 | INFO | Found latest version of tu93: tu93-0768757b (downloaded: 2026-06-08 07:25:18.086006+00:00)
2026-07-31 15:23:30 | INFO | Found latest version of tu93: tu93-0768757b (downloaded: 2026-06-08 07:25:18.086006+00:00)
2026-07-31 15:23:30 | INFO | Found latest version of tu93: tu93-0768757b (downloaded: 2026-06-08 07:25:18.086006+00:00)
2026-07-31 15:23:30 | INFO | Found latest version of tu93: tu93-0768757b (downloaded: 2026-06-08 07:25:18.086006+00:00)
2026-07-31 15:23:30 | INFO | Found latest version of tu93: tu93-0768757b (downloaded: 2026-06-08 07:25:18.086006+00:00)
2026-07-31 15:23:30 | INFO | Found latest version of tu93: tu93-0768757b (downloaded: 2026-06-08 07:25:18.086006+00:00)
2026-07-31 15:23:30 | INFO | Found latest version of tu93: tu93-0768757b (downloaded: 2026-06-08 07:25:18.086006+00:00)
2026-07-31 15:23:30 | INFO | Found latest version of tu93: tu93-0768757b (downloaded: 2026-06-08 07:25:18.086006+00:00)
2026-07-31 15:23:30 | INFO | Found latest version of tu93: tu93-0768757b (downloaded: 2026-06-08 07:25:18.086006+00:00)
2026-07-31 15:23:30 | INFO | Found latest version of tu93: tu93-0768757b (downloaded: 2026-06-08 07:25:18.086006+00:00)
2026-07-31 15:23:30 | INFO | Found latest version of tu93: tu93-0768757b (downloaded: 2026-06-08 07:25:18.086006+00:00)
2026-07-31 15:23:30 | INFO | Found latest version of tu93: tu93-0768757b (downloaded: 2026-06-08 07:25:18.086006+00:00)
2026-07-31 15:23:30 | INFO | Found latest version of tu93: tu93-0768757b (downloaded: 2026-06-08 07:25:18.086006+00:00)
2026-07-31 15:23:30 | INFO | Found latest version of tu93: tu93-0768757b (downloaded: 2026-06-08 07:25:18.086006+00:00)
2026-07-31 15:23:30 | INFO | Found latest version of tu93: tu93-0768757b (downloaded: 2026-06-08 07:25:18.086006+00:00)
2026-07-31 15:23:30 | INFO | Found latest version of tu93: tu93-0768757b (downloaded: 2026-06-08 07:25:18.086006+00:00)
2026-07-31 15:23:30 | INFO | Found latest version of tu93: tu93-0768757b (downloaded: 2026-06-08 07:25:18.086006+00:00)
2026-07-31 15:23:30 | INFO | Found latest version of tu93: tu93-0768757b (downloaded: 2026-06-08 07:25:18.086006+00:00)
2026-07-31 15:23:30 | INFO | Found latest version of tu93: tu93-0768757b (downloaded: 2026-06-08 07:25:18.086006+00:00)
2026-07-31 15:23:30 | INFO | Found latest version of tu93: tu93-0768757b (downloaded: 2026-06-08 07:25:18.086006+00:00)
2026-07-31 15:23:30 | INFO | Found latest version of tu93: tu93-0768757b (downloaded: 2026-06-08 07:25:18.086006+00:00)
2026-07-31 15:23:30 | INFO | Found latest version of tu93: tu93-0768757b (downloaded: 2026-06-08 07:25:18.086006+00:00)
2026-07-31 15:23:30 | INFO | Found latest version of tu93: tu93-0768757b (downloaded: 2026-06-08 07:25:18.086006+00:00)
2026-07-31 15:23:30 | INFO | Found latest version of tu93: tu93-0768757b (downloaded: 2026-06-08 07:25:18.086006+00:00)
2026-07-31 15:23:30 | INFO | Found latest version of tu93: tu93-0768757b (downloaded: 2026-06-08 07:25:18.086006+00:00)
2026-07-31 15:23:30 | INFO | Found latest version of tu93: tu93-0768757b (downloaded: 2026-06-08 07:25:18.086006+00:00)
2026-07-31 15:23:30 | INFO | Found latest version of tu93: tu93-0768757b (downloaded: 2026-06-08 07:25:18.086006+00:00)
2026-07-31 15:23:30 | INFO | Found latest version of tu93: tu93-0768757b (downloaded: 2026-06-08 07:25:18.086006+00:00)
2026-07-31 15:23:31 | INFO | Found latest version of tu93: tu93-0768757b (downloaded: 2026-06-08 07:25:18.086006+00:00)
2026-07-31 15:23:31 | INFO | Found latest version of tu93: tu93-0768757b (downloaded: 2026-06-08 07:25:18.086006+00:00)
2026-07-31 15:23:31 | INFO | Found latest version of tu93: tu93-0768757b (downloaded: 2026-06-08 07:25:18.086006+00:00)
2026-07-31 15:23:31 | INFO | Found latest version of tu93: tu93-0768757b (downloaded: 2026-06-08 07:25:18.086006+00:00)
2026-07-31 15:23:31 | INFO | Found latest version of tu93: tu93-0768757b (downloaded: 2026-06-08 07:25:18.086006+00:00)
2026-07-31 15:23:31 | INFO | Found latest version of tu93: tu93-0768757b (downloaded: 2026-06-08 07:25:18.086006+00:00)
2026-07-31 15:23:31 | INFO | Found latest version of tu93: tu93-0768757b (downloaded: 2026-06-08 07:25:18.086006+00:00)
2026-07-31 15:23:31 | INFO | Found latest version of tu93: tu93-0768757b (downloaded: 2026-06-08 07:25:18.086006+00:00)
2026-07-31 15:23:31 | INFO | Found latest version of tu93: tu93-0768757b (downloaded: 2026-06-08 07:25:18.086006+00:00)
2026-07-31 15:23:31 | INFO | Found latest version of tu93: tu93-0768757b (downloaded: 2026-06-08 07:25:18.086006+00:00)
2026-07-31 15:23:31 | INFO | Found latest version of tu93: tu93-0768757b (downloaded: 2026-06-08 07:25:18.086006+00:00)
2026-07-31 15:23:31 | INFO | Found latest version of tu93: tu93-0768757b (downloaded: 2026-06-08 07:25:18.086006+00:00)
2026-07-31 15:23:31 | INFO | Found latest version of tu93: tu93-0768757b (downloaded: 2026-06-08 07:25:18.086006+00:00)
2026-07-31 15:23:31 | INFO | Found latest version of tu93: tu93-0768757b (downloaded: 2026-06-08 07:25:18.086006+00:00)
2026-07-31 15:23:31 | INFO | Found latest version of tu93: tu93-0768757b (downloaded: 2026-06-08 07:25:18.086006+00:00)
2026-07-31 15:23:31 | INFO | Found latest version of tu93: tu93-0768757b (downloaded: 2026-06-08 07:25:18.086006+00:00)
2026-07-31 15:23:31 | INFO | Found latest version of tu93: tu93-0768757b (downloaded: 2026-06-08 07:25:18.086006+00:00)
2026-07-31 15:23:31 | INFO | Found latest version of tu93: tu93-0768757b (downloaded: 2026-06-08 07:25:18.086006+00:00)
2026-07-31 15:23:31 | INFO | Found latest version of tu93: tu93-0768757b (downloaded: 2026-06-08 07:25:18.086006+00:00)
2026-07-31 15:23:31 | INFO | Found latest version of tu93: tu93-0768757b (downloaded: 2026-06-08 07:25:18.086006+00:00)
2026-07-31 15:23:31 | INFO | Found latest version of tu93: tu93-0768757b (downloaded: 2026-06-08 07:25:18.086006+00:00)
2026-07-31 15:23:31 | INFO | Found latest version of tu93: tu93-0768757b (downloaded: 2026-06-08 07:25:18.086006+00:00)
2026-07-31 15:23:31 | INFO | Found latest version of tu93: tu93-0768757b (downloaded: 2026-06-08 07:25:18.086006+00:00)
2026-07-31 15:23:31 | INFO | Found latest version of tu93: tu93-0768757b (downloaded: 2026-06-08 07:25:18.086006+00:00)
2026-07-31 15:23:31 | INFO | Found latest version of tu93: tu93-0768757b (downloaded: 2026-06-08 07:25:18.086006+00:00)
2026-07-31 15:23:31 | INFO | Found latest version of tu93: tu93-0768757b (downloaded: 2026-06-08 07:25:18.086006+00:00)
2026-07-31 15:23:31 | INFO | Found latest version of tu93: tu93-0768757b (downloaded: 2026-06-08 07:25:18.086006+00:00)
2026-07-31 15:23:31 | INFO | Found latest version of tu93: tu93-0768757b (downloaded: 2026-06-08 07:25:18.086006+00:00)
2026-07-31 15:23:31 | INFO | Found latest version of tu93: tu93-0768757b (downloaded: 2026-06-08 07:25:18.086006+00:00)
2026-07-31 15:23:31 | INFO | Found latest version of tu93: tu93-0768757b (downloaded: 2026-06-08 07:25:18.086006+00:00)
2026-07-31 15:23:31 | INFO | Found latest version of tu93: tu93-0768757b (downloaded: 2026-06-08 07:25:18.086006+00:00)
2026-07-31 15:23:31 | INFO | Found latest version of tu93: tu93-0768757b (downloaded: 2026-06-08 07:25:18.086006+00:00)
2026-07-31 15:23:31 | INFO | Found latest version of tu93: tu93-0768757b (downloaded: 2026-06-08 07:25:18.086006+00:00)
2026-07-31 15:23:31 | INFO | Found latest version of tu93: tu93-0768757b (downloaded: 2026-06-08 07:25:18.086006+00:00)
2026-07-31 15:23:31 | INFO | Found latest version of tu93: tu93-0768757b (downloaded: 2026-06-08 07:25:18.086006+00:00)
2026-07-31 15:23:31 | INFO | Found latest version of tu93: tu93-0768757b (downloaded: 2026-06-08 07:25:18.086006+00:00)
2026-07-31 15:23:31 | INFO | Found latest version of tu93: tu93-0768757b (downloaded: 2026-06-08 07:25:18.086006+00:00)
2026-07-31 15:23:31 | INFO | Found latest version of tu93: tu93-0768757b (downloaded: 2026-06-08 07:25:18.086006+00:00)
2026-07-31 15:23:31 | INFO | Found latest version of tu93: tu93-0768757b (downloaded: 2026-06-08 07:25:18.086006+00:00)
2026-07-31 15:23:31 | INFO | Found latest version of tu93: tu93-0768757b (downloaded: 2026-06-08 07:25:18.086006+00:00)
2026-07-31 15:23:31 | INFO | Found latest version of tu93: tu93-0768757b (downloaded: 2026-06-08 07:25:18.086006+00:00)
2026-07-31 15:23:31 | INFO | Found latest version of tu93: tu93-0768757b (downloaded: 2026-06-08 07:25:18.086006+00:00)
2026-07-31 15:23:31 | INFO | Found latest version of tu93: tu93-0768757b (downloaded: 2026-06-08 07:25:18.086006+00:00)
2026-07-31 15:23:31 | INFO | Found latest version of tu93: tu93-0768757b (downloaded: 2026-06-08 07:25:18.086006+00:00)
2026-07-31 15:23:31 | INFO | Found latest version of tu93: tu93-0768757b (downloaded: 2026-06-08 07:25:18.086006+00:00)
2026-07-31 15:23:31 | INFO | Found latest version of tu93: tu93-0768757b (downloaded: 2026-06-08 07:25:18.086006+00:00)
2026-07-31 15:23:31 | INFO | Found latest version of tu93: tu93-0768757b (downloaded: 2026-06-08 07:25:18.086006+00:00)
2026-07-31 15:23:31 | INFO | Found latest version of tu93: tu93-0768757b (downloaded: 2026-06-08 07:25:18.086006+00:00)
2026-07-31 15:23:31 | INFO | Found latest version of tu93: tu93-0768757b (downloaded: 2026-06-08 07:25:18.086006+00:00)
2026-07-31 15:23:31 | INFO | Found latest version of tu93: tu93-0768757b (downloaded: 2026-06-08 07:25:18.086006+00:00)
2026-07-31 15:23:31 | INFO | Found latest version of tu93: tu93-0768757b (downloaded: 2026-06-08 07:25:18.086006+00:00)
2026-07-31 15:23:31 | INFO | Found latest version of tu93: tu93-0768757b (downloaded: 2026-06-08 07:25:18.086006+00:00)
2026-07-31 15:23:31 | INFO | Found latest version of tu93: tu93-0768757b (downloaded: 2026-06-08 07:25:18.086006+00:00)
2026-07-31 15:23:31 | INFO | Found latest version of tu93: tu93-0768757b (downloaded: 2026-06-08 07:25:18.086006+00:00)
2026-07-31 15:23:31 | INFO | Found latest version of tu93: tu93-0768757b (downloaded: 2026-06-08 07:25:18.086006+00:00)
2026-07-31 15:23:31 | INFO | Found latest version of tu93: tu93-0768757b (downloaded: 2026-06-08 07:25:18.086006+00:00)
2026-07-31 15:23:31 | INFO | Found latest version of tu93: tu93-0768757b (downloaded: 2026-06-08 07:25:18.086006+00:00)
2026-07-31 15:23:31 | INFO | Found latest version of tu93: tu93-0768757b (downloaded: 2026-06-08 07:25:18.086006+00:00)
2026-07-31 15:23:31 | INFO | Found latest version of tu93: tu93-0768757b (downloaded: 2026-06-08 07:25:18.086006+00:00)
2026-07-31 15:23:31 | INFO | Found latest version of tu93: tu93-0768757b (downloaded: 2026-06-08 07:25:18.086006+00:00)
2026-07-31 15:23:31 | INFO | Found latest version of tu93: tu93-0768757b (downloaded: 2026-06-08 07:25:18.086006+00:00)
2026-07-31 15:23:31 | INFO | Found latest version of tu93: tu93-0768757b (downloaded: 2026-06-08 07:25:18.086006+00:00)
2026-07-31 15:23:31 | INFO | Found latest version of tu93: tu93-0768757b (downloaded: 2026-06-08 07:25:18.086006+00:00)
2026-07-31 15:23:31 | INFO | Found latest version of tu93: tu93-0768757b (downloaded: 2026-06-08 07:25:18.086006+00:00)
2026-07-31 15:23:31 | INFO | Found latest version of tu93: tu93-0768757b (downloaded: 2026-06-08 07:25:18.086006+00:00)
2026-07-31 15:23:31 | INFO | Found latest version of tu93: tu93-0768757b (downloaded: 2026-06-08 07:25:18.086006+00:00)
2026-07-31 15:23:31 | INFO | Found latest version of tu93: tu93-0768757b (downloaded: 2026-06-08 07:25:18.086006+00:00)
2026-07-31 15:23:31 | INFO | Found latest version of tu93: tu93-0768757b (downloaded: 2026-06-08 07:25:18.086006+00:00)
2026-07-31 15:23:31 | INFO | Found latest version of tu93: tu93-0768757b (downloaded: 2026-06-08 07:25:18.086006+00:00)
2026-07-31 15:23:31 | INFO | Found latest version of tu93: tu93-0768757b (downloaded: 2026-06-08 07:25:18.086006+00:00)
2026-07-31 15:23:31 | INFO | Found latest version of tu93: tu93-0768757b (downloaded: 2026-06-08 07:25:18.086006+00:00)
2026-07-31 15:23:31 | INFO | Found latest version of tu93: tu93-0768757b (downloaded: 2026-06-08 07:25:18.086006+00:00)
2026-07-31 15:23:31 | INFO | Found latest version of tu93: tu93-0768757b (downloaded: 2026-06-08 07:25:18.086006+00:00)
2026-07-31 15:23:31 | INFO | Found latest version of tu93: tu93-0768757b (downloaded: 2026-06-08 07:25:18.086006+00:00)
2026-07-31 15:23:31 | INFO | Found latest version of tu93: tu93-0768757b (downloaded: 2026-06-08 07:25:18.086006+00:00)
2026-07-31 15:23:31 | INFO | Found latest version of tu93: tu93-0768757b (downloaded: 2026-06-08 07:25:18.086006+00:00)
2026-07-31 15:23:31 | INFO | Found latest version of tu93: tu93-0768757b (downloaded: 2026-06-08 07:25:18.086006+00:00)
2026-07-31 15:23:31 | INFO | Found latest version of tu93: tu93-0768757b (downloaded: 2026-06-08 07:25:18.086006+00:00)
2026-07-31 15:23:31 | INFO | Found latest version of tu93: tu93-0768757b (downloaded: 2026-06-08 07:25:18.086006+00:00)
2026-07-31 15:23:31 | INFO | Found latest version of tu93: tu93-0768757b (downloaded: 2026-06-08 07:25:18.086006+00:00)
2026-07-31 15:23:32 | INFO | Found latest version of tu93: tu93-0768757b (downloaded: 2026-06-08 07:25:18.086006+00:00)
2026-07-31 15:23:32 | INFO | Found latest version of tu93: tu93-0768757b (downloaded: 2026-06-08 07:25:18.086006+00:00)
2026-07-31 15:23:32 | INFO | Found latest version of tu93: tu93-0768757b (downloaded: 2026-06-08 07:25:18.086006+00:00)
2026-07-31 15:23:32 | INFO | Found latest version of tu93: tu93-0768757b (downloaded: 2026-06-08 07:25:18.086006+00:00)
2026-07-31 15:23:32 | INFO | Found latest version of tu93: tu93-0768757b (downloaded: 2026-06-08 07:25:18.086006+00:00)
2026-07-31 15:23:32 | INFO | Found latest version of tu93: tu93-0768757b (downloaded: 2026-06-08 07:25:18.086006+00:00)
2026-07-31 15:23:32 | INFO | Found latest version of tu93: tu93-0768757b (downloaded: 2026-06-08 07:25:18.086006+00:00)
2026-07-31 15:23:32 | INFO | Found latest version of tu93: tu93-0768757b (downloaded: 2026-06-08 07:25:18.086006+00:00)
2026-07-31 15:23:32 | INFO | Found latest version of tu93: tu93-0768757b (downloaded: 2026-06-08 07:25:18.086006+00:00)
2026-07-31 15:23:32 | INFO | Found latest version of tu93: tu93-0768757b (downloaded: 2026-06-08 07:25:18.086006+00:00)
2026-07-31 15:23:32 | INFO | Found latest version of tu93: tu93-0768757b (downloaded: 2026-06-08 07:25:18.086006+00:00)
2026-07-31 15:23:32 | INFO | Found latest version of tu93: tu93-0768757b (downloaded: 2026-06-08 07:25:18.086006+00:00)
2026-07-31 15:23:32 | INFO | Found latest version of tu93: tu93-0768757b (downloaded: 2026-06-08 07:25:18.086006+00:00)
2026-07-31 15:23:32 | INFO | Found latest version of tu93: tu93-0768757b (downloaded: 2026-06-08 07:25:18.086006+00:00)
2026-07-31 15:23:32 | INFO | Found latest version of tu93: tu93-0768757b (downloaded: 2026-06-08 07:25:18.086006+00:00)
2026-07-31 15:23:32 | INFO | Found latest version of tu93: tu93-0768757b (downloaded: 2026-06-08 07:25:18.086006+00:00)
2026-07-31 15:23:32 | INFO | Found latest version of tu93: tu93-0768757b (downloaded: 2026-06-08 07:25:18.086006+00:00)
2026-07-31 15:23:32 | INFO | Found latest version of tu93: tu93-0768757b (downloaded: 2026-06-08 07:25:18.086006+00:00)
2026-07-31 15:23:32 | INFO | Found latest version of tu93: tu93-0768757b (downloaded: 2026-06-08 07:25:18.086006+00:00)
2026-07-31 15:23:32 | INFO | Found latest version of tu93: tu93-0768757b (downloaded: 2026-06-08 07:25:18.086006+00:00)
2026-07-31 15:23:32 | INFO | Found latest version of tu93: tu93-0768757b (downloaded: 2026-06-08 07:25:18.086006+00:00)
2026-07-31 15:23:32 | INFO | Found latest version of tu93: tu93-0768757b (downloaded: 2026-06-08 07:25:18.086006+00:00)
2026-07-31 15:23:32 | INFO | Found latest version of tu93: tu93-0768757b (downloaded: 2026-06-08 07:25:18.086006+00:00)
2026-07-31 15:23:32 | INFO | Found latest version of tu93: tu93-0768757b (downloaded: 2026-06-08 07:25:18.086006+00:00)
2026-07-31 15:23:32 | INFO | Found latest version of tu93: tu93-0768757b (downloaded: 2026-06-08 07:25:18.086006+00:00)
2026-07-31 15:23:32 | INFO | Found latest version of tu93: tu93-0768757b (downloaded: 2026-06-08 07:25:18.086006+00:00)
2026-07-31 15:23:32 | INFO | Found latest version of tu93: tu93-0768757b (downloaded: 2026-06-08 07:25:18.086006+00:00)
2026-07-31 15:23:32 | INFO | Found latest version of tu93: tu93-0768757b (downloaded: 2026-06-08 07:25:18.086006+00:00)
2026-07-31 15:23:32 | INFO | Found latest version of tu93: tu93-0768757b (downloaded: 2026-06-08 07:25:18.086006+00:00)
2026-07-31 15:23:32 | INFO | Found latest version of tu93: tu93-0768757b (downloaded: 2026-06-08 07:25:18.086006+00:00)
2026-07-31 15:23:32 | INFO | Found latest version of tu93: tu93-0768757b (downloaded: 2026-06-08 07:25:18.086006+00:00)
2026-07-31 15:23:32 | INFO | Found latest version of tu93: tu93-0768757b (downloaded: 2026-06-08 07:25:18.086006+00:00)
2026-07-31 15:23:32 | INFO | Found latest version of tu93: tu93-0768757b (downloaded: 2026-06-08 07:25:18.086006+00:00)
2026-07-31 15:23:32 | INFO | Found latest version of tu93: tu93-0768757b (downloaded: 2026-06-08 07:25:18.086006+00:00)
2026-07-31 15:23:32 | INFO | Found latest version of tu93: tu93-0768757b (downloaded: 2026-06-08 07:25:18.086006+00:00)
2026-07-31 15:23:32 | INFO | Found latest version of tu93: tu93-0768757b (downloaded: 2026-06-08 07:25:18.086006+00:00)
2026-07-31 15:23:32 | INFO | Found latest version of tu93: tu93-0768757b (downloaded: 2026-06-08 07:25:18.086006+00:00)
2026-07-31 15:23:32 | INFO | Found latest version of tu93: tu93-0768757b (downloaded: 2026-06-08 07:25:18.086006+00:00)
2026-07-31 15:23:32 | INFO | Found latest version of tu93: tu93-0768757b (downloaded: 2026-06-08 07:25:18.086006+00:00)
2026-07-31 15:23:32 | INFO | Found latest version of tu93: tu93-0768757b (downloaded: 2026-06-08 07:25:18.086006+00:00)
2026-07-31 15:23:32 | INFO | Found latest version of tu93: tu93-0768757b (downloaded: 2026-06-08 07:25:18.086006+00:00)
2026-07-31 15:23:32 | INFO | Found latest version of tu93: tu93-0768757b (downloaded: 2026-06-08 07:25:18.086006+00:00)
2026-07-31 15:23:32 | INFO | Found latest version of tu93: tu93-0768757b (downloaded: 2026-06-08 07:25:18.086006+00:00)
2026-07-31 15:23:32 | INFO | Found latest version of tu93: tu93-0768757b (downloaded: 2026-06-08 07:25:18.086006+00:00)
2026-07-31 15:23:32 | INFO | Found latest version of tu93: tu93-0768757b (downloaded: 2026-06-08 07:25:18.086006+00:00)
2026-07-31 15:23:32 | INFO | Found latest version of tu93: tu93-0768757b (downloaded: 2026-06-08 07:25:18.086006+00:00)
2026-07-31 15:23:32 | INFO | Found latest version of tu93: tu93-0768757b (downloaded: 2026-06-08 07:25:18.086006+00:00)
2026-07-31 15:23:32 | INFO | Found latest version of tu93: tu93-0768757b (downloaded: 2026-06-08 07:25:18.086006+00:00)
2026-07-31 15:23:32 | INFO | Found latest version of tu93: tu93-0768757b (downloaded: 2026-06-08 07:25:18.086006+00:00)
2026-07-31 15:23:32 | INFO | Found latest version of tu93: tu93-0768757b (downloaded: 2026-06-08 07:25:18.086006+00:00)
2026-07-31 15:23:32 | INFO | Found latest version of tu93: tu93-0768757b (downloaded: 2026-06-08 07:25:18.086006+00:00)
2026-07-31 15:23:32 | INFO | Found latest version of tu93: tu93-0768757b (downloaded: 2026-06-08 07:25:18.086006+00:00)
2026-07-31 15:23:32 | INFO | Found latest version of tu93: tu93-0768757b (downloaded: 2026-06-08 07:25:18.086006+00:00)
2026-07-31 15:23:32 | INFO | Found latest version of tu93: tu93-0768757b (downloaded: 2026-06-08 07:25:18.086006+00:00)
2026-07-31 15:23:32 | INFO | Found latest version of tu93: tu93-0768757b (downloaded: 2026-06-08 07:25:18.086006+00:00)
2026-07-31 15:23:32 | INFO | Found latest version of tu93: tu93-0768757b (downloaded: 2026-06-08 07:25:18.086006+00:00)
2026-07-31 15:23:32 | INFO | Found latest version of tu93: tu93-0768757b (downloaded: 2026-06-08 07:25:18.086006+00:00)
2026-07-31 15:23:32 | INFO | Found latest version of tu93: tu93-0768757b (downloaded: 2026-06-08 07:25:18.086006+00:00)
2026-07-31 15:23:32 | INFO | Found latest version of tu93: tu93-0768757b (downloaded: 2026-06-08 07:25:18.086006+00:00)
2026-07-31 15:23:32 | INFO | Found latest version of tu93: tu93-0768757b (downloaded: 2026-06-08 07:25:18.086006+00:00)
2026-07-31 15:23:32 | INFO | Found latest version of tu93: tu93-0768757b (downloaded: 2026-06-08 07:25:18.086006+00:00)
2026-07-31 15:23:32 | INFO | Found latest version of tu93: tu93-0768757b (downloaded: 2026-06-08 07:25:18.086006+00:00)
2026-07-31 15:23:32 | INFO | Found latest version of tu93: tu93-0768757b (downloaded: 2026-06-08 07:25:18.086006+00:00)
2026-07-31 15:23:32 | INFO | Found latest version of tu93: tu93-0768757b (downloaded: 2026-06-08 07:25:18.086006+00:00)
2026-07-31 15:23:32 | INFO | Found latest version of tu93: tu93-0768757b (downloaded: 2026-06-08 07:25:18.086006+00:00)
2026-07-31 15:23:32 | INFO | Found latest version of tu93: tu93-0768757b (downloaded: 2026-06-08 07:25:18.086006+00:00)
2026-07-31 15:23:32 | INFO | Found latest version of tu93: tu93-0768757b (downloaded: 2026-06-08 07:25:18.086006+00:00)
2026-07-31 15:23:32 | INFO | Found latest version of tu93: tu93-0768757b (downloaded: 2026-06-08 07:25:18.086006+00:00)
2026-07-31 15:23:32 | INFO | Found latest version of tu93: tu93-0768757b (downloaded: 2026-06-08 07:25:18.086006+00:00)
2026-07-31 15:23:33 | INFO | Found latest version of tu93: tu93-0768757b (downloaded: 2026-06-08 07:25:18.086006+00:00)
2026-07-31 15:23:33 | INFO | Found latest version of tu93: tu93-0768757b (downloaded: 2026-06-08 07:25:18.086006+00:00)
2026-07-31 15:23:33 | INFO | Found latest version of tu93: tu93-0768757b (downloaded: 2026-06-08 07:25:18.086006+00:00)
2026-07-31 15:23:33 | INFO | Found latest version of tu93: tu93-0768757b (downloaded: 2026-06-08 07:25:18.086006+00:00)
2026-07-31 15:23:33 | INFO | Found latest version of tu93: tu93-0768757b (downloaded: 2026-06-08 07:25:18.086006+00:00)
2026-07-31 15:23:33 | INFO | Found latest version of tu93: tu93-0768757b (downloaded: 2026-06-08 07:25:18.086006+00:00)
2026-07-31 15:23:33 | INFO | Found latest version of tu93: tu93-0768757b (downloaded: 2026-06-08 07:25:18.086006+00:00)
2026-07-31 15:23:33 | INFO | Found latest version of tu93: tu93-0768757b (downloaded: 2026-06-08 07:25:18.086006+00:00)
2026-07-31 15:23:33 | INFO | Found latest version of tu93: tu93-0768757b (downloaded: 2026-06-08 07:25:18.086006+00:00)
2026-07-31 15:23:33 | INFO | Found latest version of tu93: tu93-0768757b (downloaded: 2026-06-08 07:25:18.086006+00:00)
2026-07-31 15:23:33 | INFO | Found latest version of tu93: tu93-0768757b (downloaded: 2026-06-08 07:25:18.086006+00:00)
2026-07-31 15:23:33 | INFO | Found latest version of tu93: tu93-0768757b (downloaded: 2026-06-08 07:25:18.086006+00:00)
2026-07-31 15:23:33 | INFO | Found latest version of tu93: tu93-0768757b (downloaded: 2026-06-08 07:25:18.086006+00:00)
2026-07-31 15:23:33 | INFO | Found latest version of tu93: tu93-0768757b (downloaded: 2026-06-08 07:25:18.086006+00:00)
2026-07-31 15:23:33 | INFO | Found latest version of tu93: tu93-0768757b (downloaded: 2026-06-08 07:25:18.086006+00:00)
2026-07-31 15:23:33 | INFO | Found latest version of tu93: tu93-0768757b (downloaded: 2026-06-08 07:25:18.086006+00:00)
2026-07-31 15:23:33 | INFO | Found latest version of tu93: tu93-0768757b (downloaded: 2026-06-08 07:25:18.086006+00:00)
2026-07-31 15:23:33 | INFO | Found latest version of tu93: tu93-0768757b (downloaded: 2026-06-08 07:25:18.086006+00:00)
2026-07-31 15:23:33 | INFO | Found latest version of tu93: tu93-0768757b (downloaded: 2026-06-08 07:25:18.086006+00:00)
2026-07-31 15:23:33 | INFO | Found latest version of tu93: tu93-0768757b (downloaded: 2026-06-08 07:25:18.086006+00:00)
2026-07-31 15:23:33 | INFO | Found latest version of tu93: tu93-0768757b (downloaded: 2026-06-08 07:25:18.086006+00:00)
2026-07-31 15:23:33 | INFO | Found latest version of tu93: tu93-0768757b (downloaded: 2026-06-08 07:25:18.086006+00:00)
2026-07-31 15:23:33 | INFO | Found latest version of tu93: tu93-0768757b (downloaded: 2026-06-08 07:25:18.086006+00:00)
2026-07-31 15:23:33 | INFO | Found latest version of tu93: tu93-0768757b (downloaded: 2026-06-08 07:25:18.086006+00:00)
2026-07-31 15:23:33 | INFO | Found latest version of tu93: tu93-0768757b (downloaded: 2026-06-08 07:25:18.086006+00:00)
2026-07-31 15:23:33 | INFO | Found latest version of tu93: tu93-0768757b (downloaded: 2026-06-08 07:25:18.086006+00:00)
2026-07-31 15:23:33 | INFO | Found latest version of tu93: tu93-0768757b (downloaded: 2026-06-08 07:25:18.086006+00:00)
2026-07-31 15:23:33 | INFO | Found latest version of tu93: tu93-0768757b (downloaded: 2026-06-08 07:25:18.086006+00:00)
2026-07-31 15:23:33 | INFO | Found latest version of tu93: tu93-0768757b (downloaded: 2026-06-08 07:25:18.086006+00:00)
2026-07-31 15:23:33 | INFO | Found latest version of tu93: tu93-0768757b (downloaded: 2026-06-08 07:25:18.086006+00:00)
2026-07-31 15:23:33 | INFO | Found latest version of tu93: tu93-0768757b (downloaded: 2026-06-08 07:25:18.086006+00:00)
2026-07-31 15:23:33 | INFO | Found latest version of tu93: tu93-0768757b (downloaded: 2026-06-08 07:25:18.086006+00:00)
2026-07-31 15:23:33 | INFO | Found latest version of tu93: tu93-0768757b (downloaded: 2026-06-08 07:25:18.086006+00:00)
2026-07-31 15:23:33 | INFO | Found latest version of tu93: tu93-0768757b (downloaded: 2026-06-08 07:25:18.086006+00:00)
2026-07-31 15:23:33 | INFO | Found latest version of tu93: tu93-0768757b (downloaded: 2026-06-08 07:25:18.086006+00:00)
2026-07-31 15:23:33 | INFO | Found latest version of tu93: tu93-0768757b (downloaded: 2026-06-08 07:25:18.086006+00:00)
2026-07-31 15:23:33 | INFO | Found latest version of tu93: tu93-0768757b (downloaded: 2026-06-08 07:25:18.086006+00:00)
2026-07-31 15:23:33 | INFO | Found latest version of tu93: tu93-0768757b (downloaded: 2026-06-08 07:25:18.086006+00:00)
2026-07-31 15:23:33 | INFO | Found latest version of tu93: tu93-0768757b (downloaded: 2026-06-08 07:25:18.086006+00:00)
2026-07-31 15:23:33 | INFO | Found latest version of tu93: tu93-0768757b (downloaded: 2026-06-08 07:25:18.086006+00:00)
2026-07-31 15:23:33 | INFO | Found latest version of tu93: tu93-0768757b (downloaded: 2026-06-08 07:25:18.086006+00:00)
2026-07-31 15:23:33 | INFO | Found latest version of tu93: tu93-0768757b (downloaded: 2026-06-08 07:25:18.086006+00:00)
2026-07-31 15:23:33 | INFO | Found latest version of tu93: tu93-0768757b (downloaded: 2026-06-08 07:25:18.086006+00:00)
2026-07-31 15:23:33 | INFO | Found latest version of tu93: tu93-0768757b (downloaded: 2026-06-08 07:25:18.086006+00:00)
2026-07-31 15:23:33 | INFO | Found latest version of tu93: tu93-0768757b (downloaded: 2026-06-08 07:25:18.086006+00:00)
2026-07-31 15:23:33 | INFO | Found latest version of tu93: tu93-0768757b (downloaded: 2026-06-08 07:25:18.086006+00:00)
2026-07-31 15:23:33 | INFO | Found latest version of tu93: tu93-0768757b (downloaded: 2026-06-08 07:25:18.086006+00:00)
2026-07-31 15:23:33 | INFO | Found latest version of tu93: tu93-0768757b (downloaded: 2026-06-08 07:25:18.086006+00:00)
2026-07-31 15:23:33 | INFO | Found latest version of tu93: tu93-0768757b (downloaded: 2026-06-08 07:25:18.086006+00:00)
2026-07-31 15:23:33 | INFO | Found latest version of tu93: tu93-0768757b (downloaded: 2026-06-08 07:25:18.086006+00:00)
2026-07-31 15:23:33 | INFO | Found latest version of tu93: tu93-0768757b (downloaded: 2026-06-08 07:25:18.086006+00:00)
2026-07-31 15:23:34 | INFO | Found latest version of tu93: tu93-0768757b (downloaded: 2026-06-08 07:25:18.086006+00:00)
2026-07-31 15:23:34 | INFO | Found latest version of tu93: tu93-0768757b (downloaded: 2026-06-08 07:25:18.086006+00:00)
2026-07-31 15:23:34 | INFO | Found latest version of tu93: tu93-0768757b (downloaded: 2026-06-08 07:25:18.086006+00:00)
2026-07-31 15:23:34 | INFO | Found latest version of tu93: tu93-0768757b (downloaded: 2026-06-08 07:25:18.086006+00:00)
2026-07-31 15:23:34 | INFO | Found latest version of tu93: tu93-0768757b (downloaded: 2026-06-08 07:25:18.086006+00:00)
2026-07-31 15:23:34 | INFO | Found latest version of tu93: tu93-0768757b (downloaded: 2026-06-08 07:25:18.086006+00:00)
2026-07-31 15:23:34 | INFO | Found latest version of tu93: tu93-0768757b (downloaded: 2026-06-08 07:25:18.086006+00:00)
2026-07-31 15:23:34 | INFO | Found latest version of tu93: tu93-0768757b (downloaded: 2026-06-08 07:25:18.086006+00:00)
2026-07-31 15:23:34 | INFO | Found latest version of tu93: tu93-0768757b (downloaded: 2026-06-08 07:25:18.086006+00:00)
2026-07-31 15:23:34 | INFO | Found latest version of tu93: tu93-0768757b (downloaded: 2026-06-08 07:25:18.086006+00:00)
2026-07-31 15:23:34 | INFO | Found latest version of tu93: tu93-0768757b (downloaded: 2026-06-08 07:25:18.086006+00:00)
2026-07-31 15:23:34 | INFO | Found latest version of tu93: tu93-0768757b (downloaded: 2026-06-08 07:25:18.086006+00:00)
2026-07-31 15:23:34 | INFO | Found latest version of tu93: tu93-0768757b (downloaded: 2026-06-08 07:25:18.086006+00:00)
2026-07-31 15:23:34 | INFO | Found latest version of tu93: tu93-0768757b (downloaded: 2026-06-08 07:25:18.086006+00:00)
2026-07-31 15:23:34 | INFO | Found latest version of tu93: tu93-0768757b (downloaded: 2026-06-08 07:25:18.086006+00:00)
2026-07-31 15:23:34 | INFO | Found latest version of tu93: tu93-0768757b (downloaded: 2026-06-08 07:25:18.086006+00:00)
2026-07-31 15:23:34 | INFO | Found latest version of tu93: tu93-0768757b (downloaded: 2026-06-08 07:25:18.086006+00:00)
2026-07-31 15:23:34 | INFO | Found latest version of tu93: tu93-0768757b (downloaded: 2026-06-08 07:25:18.086006+00:00)
2026-07-31 15:23:34 | INFO | Found latest version of tu93: tu93-0768757b (downloaded: 2026-06-08 07:25:18.086006+00:00)
2026-07-31 15:23:34 | INFO | Found latest version of tu93: tu93-0768757b (downloaded: 2026-06-08 07:25:18.086006+00:00)
2026-07-31 15:23:34 | INFO | Found latest version of tu93: tu93-0768757b (downloaded: 2026-06-08 07:25:18.086006+00:00)
2026-07-31 15:23:34 | INFO | Found latest version of tu93: tu93-0768757b (downloaded: 2026-06-08 07:25:18.086006+00:00)
2026-07-31 15:23:34 | INFO | Found latest version of tu93: tu93-0768757b (downloaded: 2026-06-08 07:25:18.086006+00:00)
2026-07-31 15:23:34 | INFO | Found latest version of tu93: tu93-0768757b (downloaded: 2026-06-08 07:25:18.086006+00:00)
2026-07-31 15:23:34 | INFO | Found latest version of tu93: tu93-0768757b (downloaded: 2026-06-08 07:25:18.086006+00:00)
2026-07-31 15:23:34 | INFO | Found latest version of tu93: tu93-0768757b (downloaded: 2026-06-08 07:25:18.086006+00:00)
2026-07-31 15:23:34 | INFO | Found latest version of tu93: tu93-0768757b (downloaded: 2026-06-08 07:25:18.086006+00:00)
2026-07-31 15:23:34 | INFO | Found latest version of tu93: tu93-0768757b (downloaded: 2026-06-08 07:25:18.086006+00:00)
2026-07-31 15:23:34 | INFO | Found latest version of tu93: tu93-0768757b (downloaded: 2026-06-08 07:25:18.086006+00:00)
2026-07-31 15:23:34 | INFO | Found latest version of tu93: tu93-0768757b (downloaded: 2026-06-08 07:25:18.086006+00:00)
2026-07-31 15:23:34 | INFO | Found latest version of tu93: tu93-0768757b (downloaded: 2026-06-08 07:25:18.086006+00:00)
2026-07-31 15:23:34 | INFO | Found latest version of tu93: tu93-0768757b (downloaded: 2026-06-08 07:25:18.086006+00:00)
2026-07-31 15:23:34 | INFO | Found latest version of tu93: tu93-0768757b (downloaded: 2026-06-08 07:25:18.086006+00:00)
2026-07-31 15:23:34 | INFO | Found latest version of tu93: tu93-0768757b (downloaded: 2026-06-08 07:25:18.086006+00:00)
2026-07-31 15:23:34 | INFO | Found latest version of tu93: tu93-0768757b (downloaded: 2026-06-08 07:25:18.086006+00:00)
2026-07-31 15:23:34 | INFO | Found latest version of tu93: tu93-0768757b (downloaded: 2026-06-08 07:25:18.086006+00:00)
2026-07-31 15:23:34 | INFO | Found latest version of tu93: tu93-0768757b (downloaded: 2026-06-08 07:25:18.086006+00:00)
2026-07-31 15:23:34 | INFO | Found latest version of tu93: tu93-0768757b (downloaded: 2026-06-08 07:25:18.086006+00:00)
2026-07-31 15:23:34 | INFO | Found latest version of tu93: tu93-0768757b (downloaded: 2026-06-08 07:25:18.086006+00:00)
2026-07-31 15:23:34 | INFO | Found latest version of tu93: tu93-0768757b (downloaded: 2026-06-08 07:25:18.086006+00:00)
2026-07-31 15:23:34 | INFO | Found latest version of tu93: tu93-0768757b (downloaded: 2026-06-08 07:25:18.086006+00:00)
2026-07-31 15:23:34 | INFO | Found latest version of tu93: tu93-0768757b (downloaded: 2026-06-08 07:25:18.086006+00:00)
2026-07-31 15:23:34 | INFO | Found latest version of tu93: tu93-0768757b (downloaded: 2026-06-08 07:25:18.086006+00:00)
2026-07-31 15:23:34 | INFO | Found latest version of tu93: tu93-0768757b (downloaded: 2026-06-08 07:25:18.086006+00:00)
2026-07-31 15:23:34 | INFO | Found latest version of tu93: tu93-0768757b (downloaded: 2026-06-08 07:25:18.086006+00:00)
2026-07-31 15:23:34 | INFO | Found latest version of tu93: tu93-0768757b (downloaded: 2026-06-08 07:25:18.086006+00:00)
2026-07-31 15:23:34 | INFO | Found latest version of tu93: tu93-0768757b (downloaded: 2026-06-08 07:25:18.086006+00:00)
2026-07-31 15:23:35 | INFO | Found latest version of tu93: tu93-0768757b (downloaded: 2026-06-08 07:25:18.086006+00:00)
2026-07-31 15:23:35 | INFO | Found latest version of tu93: tu93-0768757b (downloaded: 2026-06-08 07:25:18.086006+00:00)
2026-07-31 15:23:35 | INFO | Found latest version of tu93: tu93-0768757b (downloaded: 2026-06-08 07:25:18.086006+00:00)
2026-07-31 15:23:35 | INFO | Found latest version of tu93: tu93-0768757b (downloaded: 2026-06-08 07:25:18.086006+00:00)
2026-07-31 15:23:35 | INFO | Found latest version of tu93: tu93-0768757b (downloaded: 2026-06-08 07:25:18.086006+00:00)
2026-07-31 15:23:35 | INFO | Found latest version of tu93: tu93-0768757b (downloaded: 2026-06-08 07:25:18.086006+00:00)
2026-07-31 15:23:35 | INFO | Found latest version of tu93: tu93-0768757b (downloaded: 2026-06-08 07:25:18.086006+00:00)
2026-07-31 15:23:35 | INFO | Found latest version of tu93: tu93-0768757b (downloaded: 2026-06-08 07:25:18.086006+00:00)
2026-07-31 15:23:35 | INFO | Found latest version of tu93: tu93-0768757b (downloaded: 2026-06-08 07:25:18.086006+00:00)
2026-07-31 15:23:35 | INFO | Found latest version of tu93: tu93-0768757b (downloaded: 2026-06-08 07:25:18.086006+00:00)
2026-07-31 15:23:35 | INFO | Found latest version of tu93: tu93-0768757b (downloaded: 2026-06-08 07:25:18.086006+00:00)
2026-07-31 15:23:35 | INFO | Found latest version of tu93: tu93-0768757b (downloaded: 2026-06-08 07:25:18.086006+00:00)
2026-07-31 15:23:35 | INFO | Found latest version of tu93: tu93-0768757b (downloaded: 2026-06-08 07:25:18.086006+00:00)
2026-07-31 15:23:35 | INFO | Found latest version of tu93: tu93-0768757b (downloaded: 2026-06-08 07:25:18.086006+00:00)
2026-07-31 15:23:35 | INFO | Found latest version of tu93: tu93-0768757b (downloaded: 2026-06-08 07:25:18.086006+00:00)
2026-07-31 15:23:35 | INFO | Found latest version of tu93: tu93-0768757b (downloaded: 2026-06-08 07:25:18.086006+00:00)
2026-07-31 15:23:35 | INFO | Found latest version of tu93: tu93-0768757b (downloaded: 2026-06-08 07:25:18.086006+00:00)
2026-07-31 15:23:35 | INFO | Found latest version of tu93: tu93-0768757b (downloaded: 2026-06-08 07:25:18.086006+00:00)
2026-07-31 15:23:35 | INFO | Found latest version of tu93: tu93-0768757b (downloaded: 2026-06-08 07:25:18.086006+00:00)
2026-07-31 15:23:35 | INFO | Found latest version of tu93: tu93-0768757b (downloaded: 2026-06-08 07:25:18.086006+00:00)
2026-07-31 15:23:35 | INFO | Found latest version of tu93: tu93-0768757b (downloaded: 2026-06-08 07:25:18.086006+00:00)
2026-07-31 15:23:35 | INFO | Found latest version of tu93: tu93-0768757b (downloaded: 2026-06-08 07:25:18.086006+00:00)
2026-07-31 15:23:35 | INFO | Found latest version of tu93: tu93-0768757b (downloaded: 2026-06-08 07:25:18.086006+00:00)
2026-07-31 15:23:35 | INFO | Found latest version of tu93: tu93-0768757b (downloaded: 2026-06-08 07:25:18.086006+00:00)
2026-07-31 15:23:35 | INFO | Found latest version of tu93: tu93-0768757b (downloaded: 2026-06-08 07:25:18.086006+00:00)
2026-07-31 15:23:35 | INFO | Found latest version of tu93: tu93-0768757b (downloaded: 2026-06-08 07:25:18.086006+00:00)
2026-07-31 15:23:35 | INFO | Found latest version of tu93: tu93-0768757b (downloaded: 2026-06-08 07:25:18.086006+00:00)
2026-07-31 15:23:35 | INFO | Found latest version of tu93: tu93-0768757b (downloaded: 2026-06-08 07:25:18.086006+00:00)
2026-07-31 15:23:35 | INFO | Found latest version of tu93: tu93-0768757b (downloaded: 2026-06-08 07:25:18.086006+00:00)
2026-07-31 15:23:35 | INFO | Found latest version of tu93: tu93-0768757b (downloaded: 2026-06-08 07:25:18.086006+00:00)
2026-07-31 15:23:35 | INFO | Found latest version of tu93: tu93-0768757b (downloaded: 2026-06-08 07:25:18.086006+00:00)
2026-07-31 15:23:35 | INFO | Found latest version of tu93: tu93-0768757b (downloaded: 2026-06-08 07:25:18.086006+00:00)
2026-07-31 15:23:35 | INFO | Found latest version of tu93: tu93-0768757b (downloaded: 2026-06-08 07:25:18.086006+00:00)
2026-07-31 15:23:35 | INFO | Found latest version of tu93: tu93-0768757b (downloaded: 2026-06-08 07:25:18.086006+00:00)
2026-07-31 15:23:35 | INFO | Found latest version of tu93: tu93-0768757b (downloaded: 2026-06-08 07:25:18.086006+00:00)
2026-07-31 15:23:35 | INFO | Found latest version of tu93: tu93-0768757b (downloaded: 2026-06-08 07:25:18.086006+00:00)
2026-07-31 15:23:35 | INFO | Found latest version of tu93: tu93-0768757b (downloaded: 2026-06-08 07:25:18.086006+00:00)
2026-07-31 15:23:35 | INFO | Found latest version of tu93: tu93-0768757b (downloaded: 2026-06-08 07:25:18.086006+00:00)
2026-07-31 15:23:35 | INFO | Found latest version of tu93: tu93-0768757b (downloaded: 2026-06-08 07:25:18.086006+00:00)
2026-07-31 15:23:35 | INFO | Found latest version of tu93: tu93-0768757b (downloaded: 2026-06-08 07:25:18.086006+00:00)
2026-07-31 15:23:35 | INFO | Found latest version of tu93: tu93-0768757b (downloaded: 2026-06-08 07:25:18.086006+00:00)
2026-07-31 15:23:35 | INFO | Found latest version of tu93: tu93-0768757b (downloaded: 2026-06-08 07:25:18.086006+00:00)
2026-07-31 15:23:35 | INFO | Found latest version of tu93: tu93-0768757b (downloaded: 2026-06-08 07:25:18.086006+00:00)
2026-07-31 15:23:35 | INFO | Found latest version of tu93: tu93-0768757b (downloaded: 2026-06-08 07:25:18.086006+00:00)
2026-07-31 15:23:35 | INFO | Found latest version of tu93: tu93-0768757b (downloaded: 2026-06-08 07:25:18.086006+00:00)
2026-07-31 15:23:35 | INFO | Found latest version of tu93: tu93-0768757b (downloaded: 2026-06-08 07:25:18.086006+00:00)
2026-07-31 15:23:35 | INFO | Found latest version of tu93: tu93-0768757b (downloaded: 2026-06-08 07:25:18.086006+00:00)
2026-07-31 15:23:35 | INFO | Found latest version of tu93: tu93-0768757b (downloaded: 2026-06-08 07:25:18.086006+00:00)
2026-07-31 15:23:35 | INFO | Found latest version of tu93: tu93-0768757b (downloaded: 2026-06-08 07:25:18.086006+00:00)
2026-07-31 15:23:35 | INFO | Found latest version of tu93: tu93-0768757b (downloaded: 2026-06-08 07:25:18.086006+00:00)
2026-07-31 15:23:35 | INFO | Found latest version of tu93: tu93-0768757b (downloaded: 2026-06-08 07:25:18.086006+00:00)
2026-07-31 15:23:35 | INFO | Found latest version of tu93: tu93-0768757b (downloaded: 2026-06-08 07:25:18.086006+00:00)
2026-07-31 15:23:35 | INFO | Found latest version of tu93: tu93-0768757b (downloaded: 2026-06-08 07:25:18.086006+00:00)
2026-07-31 15:23:35 | INFO | Found latest version of tu93: tu93-0768757b (downloaded: 2026-06-08 07:25:18.086006+00:00)
2026-07-31 15:23:35 | INFO | Found latest version of tu93: tu93-0768757b (downloaded: 2026-06-08 07:25:18.086006+00:00)
2026-07-31 15:23:35 | INFO | Found latest version of tu93: tu93-0768757b (downloaded: 2026-06-08 07:25:18.086006+00:00)
2026-07-31 15:23:35 | INFO | Found latest version of tu93: tu93-0768757b (downloaded: 2026-06-08 07:25:18.086006+00:00)
2026-07-31 15:23:35 | INFO | Found latest version of tu93: tu93-0768757b (downloaded: 2026-06-08 07:25:18.086006+00:00)
2026-07-31 15:23:35 | INFO | Found latest version of tu93: tu93-0768757b (downloaded: 2026-06-08 07:25:18.086006+00:00)
2026-07-31 15:23:35 | INFO | Found latest version of tu93: tu93-0768757b (downloaded: 2026-06-08 07:25:18.086006+00:00)
2026-07-31 15:23:35 | INFO | Found latest version of tu93: tu93-0768757b (downloaded: 2026-06-08 07:25:18.086006+00:00)
2026-07-31 15:23:35 | INFO | Found latest version of tu93: tu93-0768757b (downloaded: 2026-06-08 07:25:18.086006+00:00)
2026-07-31 15:23:35 | INFO | Found latest version of tu93: tu93-0768757b (downloaded: 2026-06-08 07:25:18.086006+00:00)
2026-07-31 15:23:36 | INFO | Found latest version of tu93: tu93-0768757b (downloaded: 2026-06-08 07:25:18.086006+00:00)
2026-07-31 15:23:36 | INFO | Found latest version of tu93: tu93-0768757b (downloaded: 2026-06-08 07:25:18.086006+00:00)
2026-07-31 15:23:36 | INFO | Found latest version of tu93: tu93-0768757b (downloaded: 2026-06-08 07:25:18.086006+00:00)
2026-07-31 15:23:36 | INFO | Found latest version of tu93: tu93-0768757b (downloaded: 2026-06-08 07:25:18.086006+00:00)
2026-07-31 15:23:36 | INFO | Found latest version of tu93: tu93-0768757b (downloaded: 2026-06-08 07:25:18.086006+00:00)
2026-07-31 15:23:36 | INFO | Found latest version of tu93: tu93-0768757b (downloaded: 2026-06-08 07:25:18.086006+00:00)
2026-07-31 15:23:36 | INFO | Found latest version of tu93: tu93-0768757b (downloaded: 2026-06-08 07:25:18.086006+00:00)
2026-07-31 15:23:36 | INFO | Found latest version of tu93: tu93-0768757b (downloaded: 2026-06-08 07:25:18.086006+00:00)
2026-07-31 15:23:36 | INFO | Found latest version of tu93: tu93-0768757b (downloaded: 2026-06-08 07:25:18.086006+00:00)
2026-07-31 15:23:36 | INFO | Found latest version of tu93: tu93-0768757b (downloaded: 2026-06-08 07:25:18.086006+00:00)
2026-07-31 15:23:36 | INFO | Found latest version of tu93: tu93-0768757b (downloaded: 2026-06-08 07:25:18.086006+00:00)
2026-07-31 15:23:36 | INFO | Found latest version of tu93: tu93-0768757b (downloaded: 2026-06-08 07:25:18.086006+00:00)
2026-07-31 15:23:36 | INFO | Found latest version of tu93: tu93-0768757b (downloaded: 2026-06-08 07:25:18.086006+00:00)
2026-07-31 15:23:36 | INFO | Found latest version of tu93: tu93-0768757b (downloaded: 2026-06-08 07:25:18.086006+00:00)
2026-07-31 15:23:36 | INFO | Found latest version of tu93: tu93-0768757b (downloaded: 2026-06-08 07:25:18.086006+00:00)
2026-07-31 15:23:36 | INFO | Found latest version of tu93: tu93-0768757b (downloaded: 2026-06-08 07:25:18.086006+00:00)
2026-07-31 15:23:36 | INFO | Found latest version of tu93: tu93-0768757b (downloaded: 2026-06-08 07:25:18.086006+00:00)
2026-07-31 15:23:36 | INFO | Found latest version of tu93: tu93-0768757b (downloaded: 2026-06-08 07:25:18.086006+00:00)
2026-07-31 15:23:36 | INFO | Found latest version of tu93: tu93-0768757b (downloaded: 2026-06-08 07:25:18.086006+00:00)
2026-07-31 15:23:36 | INFO | Found latest version of tu93: tu93-0768757b (downloaded: 2026-06-08 07:25:18.086006+00:00)
2026-07-31 15:23:36 | INFO | Found latest version of tu93: tu93-0768757b (downloaded: 2026-06-08 07:25:18.086006+00:00)
2026-07-31 15:23:36 | INFO | Found latest version of tu93: tu93-0768757b (downloaded: 2026-06-08 07:25:18.086006+00:00)
2026-07-31 15:23:36 | INFO | Found latest version of tu93: tu93-0768757b (downloaded: 2026-06-08 07:25:18.086006+00:00)
2026-07-31 15:23:36 | INFO | Found latest version of tu93: tu93-0768757b (downloaded: 2026-06-08 07:25:18.086006+00:00)
2026-07-31 15:23:36 | INFO | Found latest version of tu93: tu93-0768757b (downloaded: 2026-06-08 07:25:18.086006+00:00)
2026-07-31 15:23:36 | INFO | Found latest version of tu93: tu93-0768757b (downloaded: 2026-06-08 07:25:18.086006+00:00)
2026-07-31 15:23:36 | INFO | Found latest version of tu93: tu93-0768757b (downloaded: 2026-06-08 07:25:18.086006+00:00)
2026-07-31 15:23:36 | INFO | Found latest version of tu93: tu93-0768757b (downloaded: 2026-06-08 07:25:18.086006+00:00)
2026-07-31 15:23:36 | INFO | Found latest version of tu93: tu93-0768757b (downloaded: 2026-06-08 07:25:18.086006+00:00)
2026-07-31 15:23:36 | INFO | Found latest version of tu93: tu93-0768757b (downloaded: 2026-06-08 07:25:18.086006+00:00)
2026-07-31 15:23:36 | INFO | Found latest version of tu93: tu93-0768757b (downloaded: 2026-06-08 07:25:18.086006+00:00)
2026-07-31 15:23:36 | INFO | Found latest version of tu93: tu93-0768757b (downloaded: 2026-06-08 07:25:18.086006+00:00)
2026-07-31 15:23:36 | INFO | Found latest version of tu93: tu93-0768757b (downloaded: 2026-06-08 07:25:18.086006+00:00)
2026-07-31 15:23:36 | INFO | Found latest version of tu93: tu93-0768757b (downloaded: 2026-06-08 07:25:18.086006+00:00)
2026-07-31 15:23:36 | INFO | Found latest version of tu93: tu93-0768757b (downloaded: 2026-06-08 07:25:18.086006+00:00)
2026-07-31 15:23:36 | INFO | Found latest version of tu93: tu93-0768757b (downloaded: 2026-06-08 07:25:18.086006+00:00)
2026-07-31 15:23:36 | INFO | Found latest version of tu93: tu93-0768757b (downloaded: 2026-06-08 07:25:18.086006+00:00)
2026-07-31 15:23:36 | INFO | Found latest version of tu93: tu93-0768757b (downloaded: 2026-06-08 07:25:18.086006+00:00)
2026-07-31 15:23:36 | INFO | Found latest version of tu93: tu93-0768757b (downloaded: 2026-06-08 07:25:18.086006+00:00)
2026-07-31 15:23:36 | INFO | Found latest version of tu93: tu93-0768757b (downloaded: 2026-06-08 07:25:18.086006+00:00)
2026-07-31 15:23:36 | INFO | Found latest version of tu93: tu93-0768757b (downloaded: 2026-06-08 07:25:18.086006+00:00)
2026-07-31 15:23:36 | INFO | Found latest version of tu93: tu93-0768757b (downloaded: 2026-06-08 07:25:18.086006+00:00)
2026-07-31 15:23:36 | INFO | Found latest version of tu93: tu93-0768757b (downloaded: 2026-06-08 07:25:18.086006+00:00)
2026-07-31 15:23:36 | INFO | Found latest version of tu93: tu93-0768757b (downloaded: 2026-06-08 07:25:18.086006+00:00)
2026-07-31 15:23:36 | INFO | Found latest version of tu93: tu93-0768757b (downloaded: 2026-06-08 07:25:18.086006+00:00)
2026-07-31 15:23:36 | INFO | Found latest version of tu93: tu93-0768757b (downloaded: 2026-06-08 07:25:18.086006+00:00)
2026-07-31 15:23:36 | INFO | Found latest version of tu93: tu93-0768757b (downloaded: 2026-06-08 07:25:18.086006+00:00)
2026-07-31 15:23:36 | INFO | Found latest version of tu93: tu93-0768757b (downloaded: 2026-06-08 07:25:18.086006+00:00)
2026-07-31 15:23:36 | INFO | Found latest version of tu93: tu93-0768757b (downloaded: 2026-06-08 07:25:18.086006+00:00)
2026-07-31 15:23:36 | INFO | Found latest version of tu93: tu93-0768757b (downloaded: 2026-06-08 07:25:18.086006+00:00)
2026-07-31 15:23:36 | INFO | Found latest version of tu93: tu93-0768757b (downloaded: 2026-06-08 07:25:18.086006+00:00)
2026-07-31 15:23:36 | INFO | Found latest version of tu93: tu93-0768757b (downloaded: 2026-06-08 07:25:18.086006+00:00)
2026-07-31 15:23:36 | INFO | Found latest version of tu93: tu93-0768757b (downloaded: 2026-06-08 07:25:18.086006+00:00)
2026-07-31 15:23:36 | INFO | Found latest version of tu93: tu93-0768757b (downloaded: 2026-06-08 07:25:18.086006+00:00)
2026-07-31 15:23:36 | INFO | Found latest version of tu93: tu93-0768757b (downloaded: 2026-06-08 07:25:18.086006+00:00)
2026-07-31 15:23:36 | INFO | Found latest version of tu93: tu93-0768757b (downloaded: 2026-06-08 07:25:18.086006+00:00)
2026-07-31 15:23:36 | INFO | Found latest version of tu93: tu93-0768757b (downloaded: 2026-06-08 07:25:18.086006+00:00)
2026-07-31 15:23:36 | INFO | Found latest version of tu93: tu93-0768757b (downloaded: 2026-06-08 07:25:18.086006+00:00)
2026-07-31 15:23:36 | INFO | Found latest version of tu93: tu93-0768757b (downloaded: 2026-06-08 07:25:18.086006+00:00)
2026-07-31 15:23:36 | INFO | Found latest version of tu93: tu93-0768757b (downloaded: 2026-06-08 07:25:18.086006+00:00)
2026-07-31 15:23:36 | INFO | Found latest version of tu93: tu93-0768757b (downloaded: 2026-06-08 07:25:18.086006+00:00)
2026-07-31 15:23:36 | INFO | Found latest version of tu93: tu93-0768757b (downloaded: 2026-06-08 07:25:18.086006+00:00)
2026-07-31 15:23:37 | INFO | Found latest version of tu93: tu93-0768757b (downloaded: 2026-06-08 07:25:18.086006+00:00)
2026-07-31 15:23:37 | INFO | Found latest version of tu93: tu93-0768757b (downloaded: 2026-06-08 07:25:18.086006+00:00)
2026-07-31 15:23:37 | INFO | Found latest version of tu93: tu93-0768757b (downloaded: 2026-06-08 07:25:18.086006+00:00)
2026-07-31 15:23:37 | INFO | Found latest version of tu93: tu93-0768757b (downloaded: 2026-06-08 07:25:18.086006+00:00)
2026-07-31 15:23:37 | INFO | Found latest version of tu93: tu93-0768757b (downloaded: 2026-06-08 07:25:18.086006+00:00)
2026-07-31 15:23:37 | INFO | Found latest version of tu93: tu93-0768757b (downloaded: 2026-06-08 07:25:18.086006+00:00)
2026-07-31 15:23:37 | INFO | Found latest version of tu93: tu93-0768757b (downloaded: 2026-06-08 07:25:18.086006+00:00)
2026-07-31 15:23:37 | INFO | Found latest version of tu93: tu93-0768757b (downloaded: 2026-06-08 07:25:18.086006+00:00)
2026-07-31 15:23:37 | INFO | Found latest version of tu93: tu93-0768757b (downloaded: 2026-06-08 07:25:18.086006+00:00)
2026-07-31 15:23:37 | INFO | Found latest version of tu93: tu93-0768757b (downloaded: 2026-06-08 07:25:18.086006+00:00)
2026-07-31 15:23:37 | INFO | Found latest version of tu93: tu93-0768757b (downloaded: 2026-06-08 07:25:18.086006+00:00)
2026-07-31 15:23:37 | INFO | Found latest version of tu93: tu93-0768757b (downloaded: 2026-06-08 07:25:18.086006+00:00)
2026-07-31 15:23:37 | INFO | Found latest version of tu93: tu93-0768757b (downloaded: 2026-06-08 07:25:18.086006+00:00)
2026-07-31 15:23:37 | INFO | Found latest version of tu93: tu93-0768757b (downloaded: 2026-06-08 07:25:18.086006+00:00)
2026-07-31 15:23:37 | INFO | Found latest version of tu93: tu93-0768757b (downloaded: 2026-06-08 07:25:18.086006+00:00)
2026-07-31 15:23:37 | INFO | Found latest version of tu93: tu93-0768757b (downloaded: 2026-06-08 07:25:18.086006+00:00)
2026-07-31 15:23:37 | INFO | Found latest version of tu93: tu93-0768757b (downloaded: 2026-06-08 07:25:18.086006+00:00)
2026-07-31 15:23:37 | INFO | Found latest version of tu93: tu93-0768757b (downloaded: 2026-06-08 07:25:18.086006+00:00)
2026-07-31 15:23:37 | INFO | Found latest version of tu93: tu93-0768757b (downloaded: 2026-06-08 07:25:18.086006+00:00)
2026-07-31 15:23:37 | INFO | Found latest version of tu93: tu93-0768757b (downloaded: 2026-06-08 07:25:18.086006+00:00)
2026-07-31 15:23:37 | INFO | Found latest version of tu93: tu93-0768757b (downloaded: 2026-06-08 07:25:18.086006+00:00)
2026-07-31 15:23:37 | INFO | Found latest version of tu93: tu93-0768757b (downloaded: 2026-06-08 07:25:18.086006+00:00)
2026-07-31 15:23:37 | INFO | Found latest version of tu93: tu93-0768757b (downloaded: 2026-06-08 07:25:18.086006+00:00)
2026-07-31 15:23:37 | INFO | Found latest version of tu93: tu93-0768757b (downloaded: 2026-06-08 07:25:18.086006+00:00)
2026-07-31 15:23:37 | INFO | Found latest version of tu93: tu93-0768757b (downloaded: 2026-06-08 07:25:18.086006+00:00)
2026-07-31 15:23:37 | INFO | Found latest version of tu93: tu93-0768757b (downloaded: 2026-06-08 07:25:18.086006+00:00)
2026-07-31 15:23:37 | INFO | Found latest version of tu93: tu93-0768757b (downloaded: 2026-06-08 07:25:18.086006+00:00)
2026-07-31 15:23:37 | INFO | Found latest version of tu93: tu93-0768757b (downloaded: 2026-06-08 07:25:18.086006+00:00)
2026-07-31 15:23:37 | INFO | Found latest version of tu93: tu93-0768757b (downloaded: 2026-06-08 07:25:18.086006+00:00)
2026-07-31 15:23:37 | INFO | Found latest version of tu93: tu93-0768757b (downloaded: 2026-06-08 07:25:18.086006+00:00)
2026-07-31 15:23:37 | INFO | Found latest version of tu93: tu93-0768757b (downloaded: 2026-06-08 07:25:18.086006+00:00)
2026-07-31 15:23:37 | INFO | Found latest version of tu93: tu93-0768757b (downloaded: 2026-06-08 07:25:18.086006+00:00)
2026-07-31 15:23:37 | INFO | Found latest version of tu93: tu93-0768757b (downloaded: 2026-06-08 07:25:18.086006+00:00)
2026-07-31 15:23:37 | INFO | Found latest version of tu93: tu93-0768757b (downloaded: 2026-06-08 07:25:18.086006+00:00)
2026-07-31 15:23:37 | INFO | Found latest version of tu93: tu93-0768757b (downloaded: 2026-06-08 07:25:18.086006+00:00)
2026-07-31 15:23:37 | INFO | Found latest version of tu93: tu93-0768757b (downloaded: 2026-06-08 07:25:18.086006+00:00)
2026-07-31 15:23:37 | INFO | Found latest version of tu93: tu93-0768757b (downloaded: 2026-06-08 07:25:18.086006+00:00)
2026-07-31 15:23:37 | INFO | Found latest version of tu93: tu93-0768757b (downloaded: 2026-06-08 07:25:18.086006+00:00)
2026-07-31 15:23:37 | INFO | Found latest version of tu93: tu93-0768757b (downloaded: 2026-06-08 07:25:18.086006+00:00)
2026-07-31 15:23:37 | INFO | Found latest version of tu93: tu93-0768757b (downloaded: 2026-06-08 07:25:18.086006+00:00)
2026-07-31 15:23:37 | INFO | Found latest version of tu93: tu93-0768757b (downloaded: 2026-06-08 07:25:18.086006+00:00)
2026-07-31 15:23:37 | INFO | Found latest version of tu93: tu93-0768757b (downloaded: 2026-06-08 07:25:18.086006+00:00)
2026-07-31 15:23:37 | INFO | Found latest version of tu93: tu93-0768757b (downloaded: 2026-06-08 07:25:18.086006+00:00)
2026-07-31 15:23:37 | INFO | Found latest version of tu93: tu93-0768757b (downloaded: 2026-06-08 07:25:18.086006+00:00)
2026-07-31 15:23:37 | INFO | Found latest version of tu93: tu93-0768757b (downloaded: 2026-06-08 07:25:18.086006+00:00)
2026-07-31 15:23:37 | INFO | Found latest version of tu93: tu93-0768757b (downloaded: 2026-06-08 07:25:18.086006+00:00)
2026-07-31 15:23:37 | INFO | Found latest version of tu93: tu93-0768757b (downloaded: 2026-06-08 07:25:18.086006+00:00)
2026-07-31 15:23:37 | INFO | Found latest version of tu93: tu93-0768757b (downloaded: 2026-06-08 07:25:18.086006+00:00)
2026-07-31 15:23:37 | INFO | Found latest version of tu93: tu93-0768757b (downloaded: 2026-06-08 07:25:18.086006+00:00)
2026-07-31 15:23:37 | INFO | Found latest version of tu93: tu93-0768757b (downloaded: 2026-06-08 07:25:18.086006+00:00)
2026-07-31 15:23:37 | INFO | Found latest version of tu93: tu93-0768757b (downloaded: 2026-06-08 07:25:18.086006+00:00)
2026-07-31 15:23:37 | INFO | Found latest version of tu93: tu93-0768757b (downloaded: 2026-06-08 07:25:18.086006+00:00)
2026-07-31 15:23:37 | INFO | Found latest version of tu93: tu93-0768757b (downloaded: 2026-06-08 07:25:18.086006+00:00)
2026-07-31 15:23:37 | INFO | Found latest version of tu93: tu93-0768757b (downloaded: 2026-06-08 07:25:18.086006+00:00)
2026-07-31 15:23:37 | INFO | Found latest version of tu93: tu93-0768757b (downloaded: 2026-06-08 07:25:18.086006+00:00)
2026-07-31 15:23:37 | INFO | Found latest version of tu93: tu93-0768757b (downloaded: 2026-06-08 07:25:18.086006+00:00)
2026-07-31 15:23:37 | INFO | Found latest version of tu93: tu93-0768757b (downloaded: 2026-06-08 07:25:18.086006+00:00)
2026-07-31 15:23:37 | INFO | Found latest version of tu93: tu93-0768757b (downloaded: 2026-06-08 07:25:18.086006+00:00)
2026-07-31 15:23:37 | INFO | Found latest version of tu93: tu93-0768757b (downloaded: 2026-06-08 07:25:18.086006+00:00)
2026-07-31 15:23:37 | INFO | Found latest version of tu93: tu93-0768757b (downloaded: 2026-06-08 07:25:18.086006+00:00)
2026-07-31 15:23:37 | INFO | Found latest version of tu93: tu93-0768757b (downloaded: 2026-06-08 07:25:18.086006+00:00)
2026-07-31 15:23:37 | INFO | Found latest version of tu93: tu93-0768757b (downloaded: 2026-06-08 07:25:18.086006+00:00)
2026-07-31 15:23:37 | INFO | Found latest version of tu93: tu93-0768757b (downloaded: 2026-06-08 07:25:18.086006+00:00)
2026-07-31 15:23:38 | INFO | Found latest version of tu93: tu93-0768757b (downloaded: 2026-06-08 07:25:18.086006+00:00)
2026-07-31 15:23:38 | INFO | Found latest version of tu93: tu93-0768757b (downloaded: 2026-06-08 07:25:18.086006+00:00)
2026-07-31 15:23:38 | INFO | Found latest version of tu93: tu93-0768757b (downloaded: 2026-06-08 07:25:18.086006+00:00)
2026-07-31 15:23:38 | INFO | Found latest version of tu93: tu93-0768757b (downloaded: 2026-06-08 07:25:18.086006+00:00)
2026-07-31 15:23:38 | INFO | Found latest version of tu93: tu93-0768757b (downloaded: 2026-06-08 07:25:18.086006+00:00)
2026-07-31 15:23:38 | INFO | Found latest version of tu93: tu93-0768757b (downloaded: 2026-06-08 07:25:18.086006+00:00)
2026-07-31 15:23:38 | INFO | Found latest version of tu93: tu93-0768757b (downloaded: 2026-06-08 07:25:18.086006+00:00)
2026-07-31 15:23:38 | INFO | Found latest version of tu93: tu93-0768757b (downloaded: 2026-06-08 07:25:18.086006+00:00)
2026-07-31 15:23:38 | INFO | Found latest version of tu93: tu93-0768757b (downloaded: 2026-06-08 07:25:18.086006+00:00)
2026-07-31 15:23:38 | INFO | Found latest version of tu93: tu93-0768757b (downloaded: 2026-06-08 07:25:18.086006+00:00)
2026-07-31 15:23:38 | INFO | Found latest version of tu93: tu93-0768757b (downloaded: 2026-06-08 07:25:18.086006+00:00)
2026-07-31 15:23:38 | INFO | Found latest version of tu93: tu93-0768757b (downloaded: 2026-06-08 07:25:18.086006+00:00)
2026-07-31 15:23:38 | INFO | Found latest version of tu93: tu93-0768757b (downloaded: 2026-06-08 07:25:18.086006+00:00)
2026-07-31 15:23:38 | INFO | Found latest version of tu93: tu93-0768757b (downloaded: 2026-06-08 07:25:18.086006+00:00)
2026-07-31 15:23:38 | INFO | Found latest version of tu93: tu93-0768757b (downloaded: 2026-06-08 07:25:18.086006+00:00)
2026-07-31 15:23:38 | INFO | Found latest version of tu93: tu93-0768757b (downloaded: 2026-06-08 07:25:18.086006+00:00)
2026-07-31 15:23:38 | INFO | Found latest version of tu93: tu93-0768757b (downloaded: 2026-06-08 07:25:18.086006+00:00)
2026-07-31 15:23:38 | INFO | Found latest version of tu93: tu93-0768757b (downloaded: 2026-06-08 07:25:18.086006+00:00)
2026-07-31 15:23:38 | INFO | Found latest version of tu93: tu93-0768757b (downloaded: 2026-06-08 07:25:18.086006+00:00)
2026-07-31 15:23:38 | INFO | Found latest version of tu93: tu93-0768757b (downloaded: 2026-06-08 07:25:18.086006+00:00)
2026-07-31 15:23:38 | INFO | Found latest version of tu93: tu93-0768757b (downloaded: 2026-06-08 07:25:18.086006+00:00)
2026-07-31 15:23:38 | INFO | Found latest version of tu93: tu93-0768757b (downloaded: 2026-06-08 07:25:18.086006+00:00)
2026-07-31 15:23:38 | INFO | Found latest version of tu93: tu93-0768757b (downloaded: 2026-06-08 07:25:18.086006+00:00)
2026-07-31 15:23:38 | INFO | Found latest version of tu93: tu93-0768757b (downloaded: 2026-06-08 07:25:18.086006+00:00)
2026-07-31 15:23:38 | INFO | Found latest version of tu93: tu93-0768757b (downloaded: 2026-06-08 07:25:18.086006+00:00)
2026-07-31 15:23:38 | INFO | Found latest version of tu93: tu93-0768757b (downloaded: 2026-06-08 07:25:18.086006+00:00)
2026-07-31 15:23:38 | INFO | Found latest version of tu93: tu93-0768757b (downloaded: 2026-06-08 07:25:18.086006+00:00)
2026-07-31 15:23:38 | INFO | Found latest version of tu93: tu93-0768757b (downloaded: 2026-06-08 07:25:18.086006+00:00)
2026-07-31 15:23:38 | INFO | Found latest version of tu93: tu93-0768757b (downloaded: 2026-06-08 07:25:18.086006+00:00)
2026-07-31 15:23:38 | INFO | Found latest version of tu93: tu93-0768757b (downloaded: 2026-06-08 07:25:18.086006+00:00)
2026-07-31 15:23:38 | INFO | Found latest version of tu93: tu93-0768757b (downloaded: 2026-06-08 07:25:18.086006+00:00)
2026-07-31 15:23:38 | INFO | Found latest version of tu93: tu93-0768757b (downloaded: 2026-06-08 07:25:18.086006+00:00)
2026-07-31 15:23:38 | INFO | Found latest version of tu93: tu93-0768757b (downloaded: 2026-06-08 07:25:18.086006+00:00)
2026-07-31 15:23:38 | INFO | Found latest version of tu93: tu93-0768757b (downloaded: 2026-06-08 07:25:18.086006+00:00)
2026-07-31 15:23:38 | INFO | Found latest version of tu93: tu93-0768757b (downloaded: 2026-06-08 07:25:18.086006+00:00)
2026-07-31 15:23:38 | INFO | Found latest version of tu93: tu93-0768757b (downloaded: 2026-06-08 07:25:18.086006+00:00)
2026-07-31 15:23:38 | INFO | Found latest version of tu93: tu93-0768757b (downloaded: 2026-06-08 07:25:18.086006+00:00)
2026-07-31 15:23:38 | INFO | Found latest version of tu93: tu93-0768757b (downloaded: 2026-06-08 07:25:18.086006+00:00)
2026-07-31 15:23:38 | INFO | Found latest version of tu93: tu93-0768757b (downloaded: 2026-06-08 07:25:18.086006+00:00)
2026-07-31 15:23:38 | INFO | Found latest version of tu93: tu93-0768757b (downloaded: 2026-06-08 07:25:18.086006+00:00)
2026-07-31 15:23:38 | INFO | Found latest version of tu93: tu93-0768757b (downloaded: 2026-06-08 07:25:18.086006+00:00)
2026-07-31 15:23:38 | INFO | Found latest version of tu93: tu93-0768757b (downloaded: 2026-06-08 07:25:18.086006+00:00)
2026-07-31 15:23:38 | INFO | Found latest version of tu93: tu93-0768757b (downloaded: 2026-06-08 07:25:18.086006+00:00)
2026-07-31 15:23:38 | INFO | Found latest version of tu93: tu93-0768757b (downloaded: 2026-06-08 07:25:18.086006+00:00)
2026-07-31 15:23:38 | INFO | Found latest version of tu93: tu93-0768757b (downloaded: 2026-06-08 07:25:18.086006+00:00)
2026-07-31 15:23:38 | INFO | Found latest version of tu93: tu93-0768757b (downloaded: 2026-06-08 07:25:18.086006+00:00)
2026-07-31 15:23:38 | INFO | Found latest version of tu93: tu93-0768757b (downloaded: 2026-06-08 07:25:18.086006+00:00)
2026-07-31 15:23:38 | INFO | Found latest version of tu93: tu93-0768757b (downloaded: 2026-06-08 07:25:18.086006+00:00)
2026-07-31 15:23:38 | INFO | Found latest version of tu93: tu93-0768757b (downloaded: 2026-06-08 07:25:18.086006+00:00)
2026-07-31 15:23:38 | INFO | Found latest version of tu93: tu93-0768757b (downloaded: 2026-06-08 07:25:18.086006+00:00)
2026-07-31 15:23:38 | INFO | Found latest version of tu93: tu93-0768757b (downloaded: 2026-06-08 07:25:18.086006+00:00)
2026-07-31 15:23:38 | INFO | Found latest version of tu93: tu93-0768757b (downloaded: 2026-06-08 07:25:18.086006+00:00)
2026-07-31 15:23:38 | INFO | Found latest version of tu93: tu93-0768757b (downloaded: 2026-06-08 07:25:18.086006+00:00)
2026-07-31 15:23:38 | INFO | Found latest version of tu93: tu93-0768757b (downloaded: 2026-06-08 07:25:18.086006+00:00)
2026-07-31 15:23:38 | INFO | Found latest version of tu93: tu93-0768757b (downloaded: 2026-06-08 07:25:18.086006+00:00)
2026-07-31 15:23:38 | INFO | Found latest version of tu93: tu93-0768757b (downloaded: 2026-06-08 07:25:18.086006+00:00)
2026-07-31 15:23:38 | INFO | Found latest version of tu93: tu93-0768757b (downloaded: 2026-06-08 07:25:18.086006+00:00)
2026-07-31 15:23:39 | INFO | Found latest version of tu93: tu93-0768757b (downloaded: 2026-06-08 07:25:18.086006+00:00)
2026-07-31 15:23:39 | INFO | Found latest version of tu93: tu93-0768757b (downloaded: 2026-06-08 07:25:18.086006+00:00)
2026-07-31 15:23:39 | INFO | Found latest version of tu93: tu93-0768757b (downloaded: 2026-06-08 07:25:18.086006+00:00)
2026-07-31 15:23:39 | INFO | Found latest version of tu93: tu93-0768757b (downloaded: 2026-06-08 07:25:18.086006+00:00)
2026-07-31 15:23:39 | INFO | Found latest version of tu93: tu93-0768757b (downloaded: 2026-06-08 07:25:18.086006+00:00)
2026-07-31 15:23:39 | INFO | Found latest version of tu93: tu93-0768757b (downloaded: 2026-06-08 07:25:18.086006+00:00)
2026-07-31 15:23:39 | INFO | Found latest version of tu93: tu93-0768757b (downloaded: 2026-06-08 07:25:18.086006+00:00)
2026-07-31 15:23:39 | INFO | Found latest version of tu93: tu93-0768757b (downloaded: 2026-06-08 07:25:18.086006+00:00)
2026-07-31 15:23:39 | INFO | Found latest version of tu93: tu93-0768757b (downloaded: 2026-06-08 07:25:18.086006+00:00)
2026-07-31 15:23:39 | INFO | Found latest version of tu93: tu93-0768757b (downloaded: 2026-06-08 07:25:18.086006+00:00)
2026-07-31 15:23:39 | INFO | Found latest version of tu93: tu93-0768757b (downloaded: 2026-06-08 07:25:18.086006+00:00)
2026-07-31 15:23:40 | INFO | Found latest version of tu93: tu93-0768757b (downloaded: 2026-06-08 07:25:18.086006+00:00)
2026-07-31 15:23:40 | INFO | Found latest version of tu93: tu93-0768757b (downloaded: 2026-06-08 07:25:18.086006+00:00)
2026-07-31 15:23:40 | INFO | Found latest version of tu93: tu93-0768757b (downloaded: 2026-06-08 07:25:18.086006+00:00)
2026-07-31 15:23:40 | INFO | Found latest version of tu93: tu93-0768757b (downloaded: 2026-06-08 07:25:18.086006+00:00)
2026-07-31 15:23:40 | INFO | Found latest version of tu93: tu93-0768757b (downloaded: 2026-06-08 07:25:18.086006+00:00)
2026-07-31 15:23:40 | INFO | Found latest version of tu93: tu93-0768757b (downloaded: 2026-06-08 07:25:18.086006+00:00)
2026-07-31 15:23:40 | INFO | Found latest version of tu93: tu93-0768757b (downloaded: 2026-06-08 07:25:18.086006+00:00)
2026-07-31 15:23:40 | INFO | Found latest version of tu93: tu93-0768757b (downloaded: 2026-06-08 07:25:18.086006+00:00)
2026-07-31 15:23:40 | INFO | Found latest version of tu93: tu93-0768757b (downloaded: 2026-06-08 07:25:18.086006+00:00)
2026-07-31 15:23:40 | INFO | Found latest version of tu93: tu93-0768757b (downloaded: 2026-06-08 07:25:18.086006+00:00)
2026-07-31 15:23:40 | INFO | Found latest version of tu93: tu93-0768757b (downloaded: 2026-06-08 07:25:18.086006+00:00)
2026-07-31 15:23:40 | INFO | Found latest version of tu93: tu93-0768757b (downloaded: 2026-06-08 07:25:18.086006+00:00)
2026-07-31 15:23:40 | INFO | Found latest version of tu93: tu93-0768757b (downloaded: 2026-06-08 07:25:18.086006+00:00)
2026-07-31 15:23:40 | INFO | Found latest version of tu93: tu93-0768757b (downloaded: 2026-06-08 07:25:18.086006+00:00)
2026-07-31 15:23:40 | INFO | Found latest version of tu93: tu93-0768757b (downloaded: 2026-06-08 07:25:18.086006+00:00)
2026-07-31 15:23:40 | INFO | Found latest version of tu93: tu93-0768757b (downloaded: 2026-06-08 07:25:18.086006+00:00)
2026-07-31 15:23:40 | INFO | Found latest version of tu93: tu93-0768757b (downloaded: 2026-06-08 07:25:18.086006+00:00)
2026-07-31 15:23:40 | INFO | Found latest version of tu93: tu93-0768757b (downloaded: 2026-06-08 07:25:18.086006+00:00)
2026-07-31 15:23:40 | INFO | Found latest version of tu93: tu93-0768757b (downloaded: 2026-06-08 07:25:18.086006+00:00)
2026-07-31 15:23:40 | INFO | Found latest version of tu93: tu93-0768757b (downloaded: 2026-06-08 07:25:18.086006+00:00)
2026-07-31 15:23:40 | INFO | Found latest version of tu93: tu93-0768757b (downloaded: 2026-06-08 07:25:18.086006+00:00)
2026-07-31 15:23:40 | INFO | Found latest version of tu93: tu93-0768757b (downloaded: 2026-06-08 07:25:18.086006+00:00)
2026-07-31 15:23:40 | INFO | Found latest version of tu93: tu93-0768757b (downloaded: 2026-06-08 07:25:18.086006+00:00)
2026-07-31 15:23:40 | INFO | Found latest version of tu93: tu93-0768757b (downloaded: 2026-06-08 07:25:18.086006+00:00)
2026-07-31 15:23:40 | INFO | Found latest version of tu93: tu93-0768757b (downloaded: 2026-06-08 07:25:18.086006+00:00)
2026-07-31 15:23:40 | INFO | Found latest version of tu93: tu93-0768757b (downloaded: 2026-06-08 07:25:18.086006+00:00)
2026-07-31 15:23:40 | INFO | Found latest version of tu93: tu93-0768757b (downloaded: 2026-06-08 07:25:18.086006+00:00)
2026-07-31 15:23:40 | INFO | Found latest version of tu93: tu93-0768757b (downloaded: 2026-06-08 07:25:18.086006+00:00)
2026-07-31 15:23:40 | INFO | Found latest version of tu93: tu93-0768757b (downloaded: 2026-06-08 07:25:18.086006+00:00)
2026-07-31 15:23:40 | INFO | Found latest version of tu93: tu93-0768757b (downloaded: 2026-06-08 07:25:18.086006+00:00)
2026-07-31 15:23:40 | INFO | Found latest version of tu93: tu93-0768757b (downloaded: 2026-06-08 07:25:18.086006+00:00)
2026-07-31 15:23:40 | INFO | Found latest version of tu93: tu93-0768757b (downloaded: 2026-06-08 07:25:18.086006+00:00)
2026-07-31 15:23:40 | INFO | Found latest version of tu93: tu93-0768757b (downloaded: 2026-06-08 07:25:18.086006+00:00)
2026-07-31 15:23:40 | INFO | Found latest version of tu93: tu93-0768757b (downloaded: 2026-06-08 07:25:18.086006+00:00)
2026-07-31 15:23:40 | INFO | Found latest version of tu93: tu93-0768757b (downloaded: 2026-06-08 07:25:18.086006+00:00)
2026-07-31 15:23:40 | INFO | Found latest version of tu93: tu93-0768757b (downloaded: 2026-06-08 07:25:18.086006+00:00)
2026-07-31 15:23:40 | INFO | Found latest version of tu93: tu93-0768757b (downloaded: 2026-06-08 07:25:18.086006+00:00)
2026-07-31 15:23:40 | INFO | Found latest version of tu93: tu93-0768757b (downloaded: 2026-06-08 07:25:18.086006+00:00)
2026-07-31 15:23:40 | INFO | Found latest version of tu93: tu93-0768757b (downloaded: 2026-06-08 07:25:18.086006+00:00)
2026-07-31 15:23:40 | INFO | Found latest version of tu93: tu93-0768757b (downloaded: 2026-06-08 07:25:18.086006+00:00)
2026-07-31 15:23:40 | INFO | Found latest version of tu93: tu93-0768757b (downloaded: 2026-06-08 07:25:18.086006+00:00)
2026-07-31 15:23:40 | INFO | Found latest version of tu93: tu93-0768757b (downloaded: 2026-06-08 07:25:18.086006+00:00)
2026-07-31 15:23:40 | INFO | Found latest version of tu93: tu93-0768757b (downloaded: 2026-06-08 07:25:18.086006+00:00)
2026-07-31 15:23:40 | INFO | Found latest version of tu93: tu93-0768757b (downloaded: 2026-06-08 07:25:18.086006+00:00)
2026-07-31 15:23:40 | INFO | Found latest version of tu93: tu93-0768757b (downloaded: 2026-06-08 07:25:18.086006+00:00)
2026-07-31 15:23:40 | INFO | Found latest version of tu93: tu93-0768757b (downloaded: 2026-06-08 07:25:18.086006+00:00)
2026-07-31 15:23:40 | INFO | Found latest version of tu93: tu93-0768757b (downloaded: 2026-06-08 07:25:18.086006+00:00)
2026-07-31 15:23:40 | INFO | Found latest version of tu93: tu93-0768757b (downloaded: 2026-06-08 07:25:18.086006+00:00)
2026-07-31 15:23:40 | INFO | Found latest version of tu93: tu93-0768757b (downloaded: 2026-06-08 07:25:18.086006+00:00)
2026-07-31 15:23:40 | INFO | Found latest version of tu93: tu93-0768757b (downloaded: 2026-06-08 07:25:18.086006+00:00)
2026-07-31 15:23:40 | INFO | Found latest version of tu93: tu93-0768757b (downloaded: 2026-06-08 07:25:18.086006+00:00)
2026-07-31 15:23:40 | INFO | Found latest version of tu93: tu93-0768757b (downloaded: 2026-06-08 07:25:18.086006+00:00)
2026-07-31 15:23:40 | INFO | Found latest version of tu93: tu93-0768757b (downloaded: 2026-06-08 07:25:18.086006+00:00)
2026-07-31 15:23:40 | INFO | Found latest version of tu93: tu93-0768757b (downloaded: 2026-06-08 07:25:18.086006+00:00)
2026-07-31 15:23:40 | INFO | Found latest version of tu93: tu93-0768757b (downloaded: 2026-06-08 07:25:18.086006+00:00)
2026-07-31 15:23:40 | INFO | Found latest version of tu93: tu93-0768757b (downloaded: 2026-06-08 07:25:18.086006+00:00)
2026-07-31 15:23:40 | INFO | Found latest version of tu93: tu93-0768757b (downloaded: 2026-06-08 07:25:18.086006+00:00)
2026-07-31 15:23:41 | INFO | Found latest version of tu93: tu93-0768757b (downloaded: 2026-06-08 07:25:18.086006+00:00)
2026-07-31 15:23:41 | INFO | Found latest version of tu93: tu93-0768757b (downloaded: 2026-06-08 07:25:18.086006+00:00)
2026-07-31 15:23:41 | INFO | Found latest version of tu93: tu93-0768757b (downloaded: 2026-06-08 07:25:18.086006+00:00)
2026-07-31 15:23:41 | INFO | Found latest version of tu93: tu93-0768757b (downloaded: 2026-06-08 07:25:18.086006+00:00)
2026-07-31 15:23:41 | INFO | Found latest version of tu93: tu93-0768757b (downloaded: 2026-06-08 07:25:18.086006+00:00)
2026-07-31 15:23:41 | INFO | Found latest version of tu93: tu93-0768757b (downloaded: 2026-06-08 07:25:18.086006+00:00)
2026-07-31 15:23:41 | INFO | Found latest version of tu93: tu93-0768757b (downloaded: 2026-06-08 07:25:18.086006+00:00)
2026-07-31 15:23:41 | INFO | Found latest version of tu93: tu93-0768757b (downloaded: 2026-06-08 07:25:18.086006+00:00)
2026-07-31 15:23:41 | INFO | Found latest version of tu93: tu93-0768757b (downloaded: 2026-06-08 07:25:18.086006+00:00)
2026-07-31 15:23:41 | INFO | Found latest version of tu93: tu93-0768757b (downloaded: 2026-06-08 07:25:18.086006+00:00)
2026-07-31 15:23:41 | INFO | Found latest version of tu93: tu93-0768757b (downloaded: 2026-06-08 07:25:18.086006+00:00)
2026-07-31 15:23:41 | INFO | Found latest version of tu93: tu93-0768757b (downloaded: 2026-06-08 07:25:18.086006+00:00)
2026-07-31 15:23:41 | INFO | Found latest version of tu93: tu93-0768757b (downloaded: 2026-06-08 07:25:18.086006+00:00)
2026-07-31 15:23:41 | INFO | Found latest version of tu93: tu93-0768757b (downloaded: 2026-06-08 07:25:18.086006+00:00)
2026-07-31 15:23:41 | INFO | Found latest version of tu93: tu93-0768757b (downloaded: 2026-06-08 07:25:18.086006+00:00)
2026-07-31 15:23:41 | INFO | Found latest version of tu93: tu93-0768757b (downloaded: 2026-06-08 07:25:18.086006+00:00)
2026-07-31 15:23:41 | INFO | Found latest version of tu93: tu93-0768757b (downloaded: 2026-06-08 07:25:18.086006+00:00)
2026-07-31 15:23:41 | INFO | Found latest version of tu93: tu93-0768757b (downloaded: 2026-06-08 07:25:18.086006+00:00)
2026-07-31 15:23:41 | INFO | Found latest version of tu93: tu93-0768757b (downloaded: 2026-06-08 07:25:18.086006+00:00)
2026-07-31 15:23:41 | INFO | Found latest version of tu93: tu93-0768757b (downloaded: 2026-06-08 07:25:18.086006+00:00)
2026-07-31 15:23:41 | INFO | Found latest version of tu93: tu93-0768757b (downloaded: 2026-06-08 07:25:18.086006+00:00)
2026-07-31 15:23:41 | INFO | Found latest version of tu93: tu93-0768757b (downloaded: 2026-06-08 07:25:18.086006+00:00)
2026-07-31 15:23:41 | INFO | Found latest version of tu93: tu93-0768757b (downloaded: 2026-06-08 07:25:18.086006+00:00)
2026-07-31 15:23:41 | INFO | Found latest version of tu93: tu93-0768757b (downloaded: 2026-06-08 07:25:18.086006+00:00)
2026-07-31 15:23:41 | INFO | Found latest version of tu93: tu93-0768757b (downloaded: 2026-06-08 07:25:18.086006+00:00)
2026-07-31 15:23:41 | INFO | Found latest version of tu93: tu93-0768757b (downloaded: 2026-06-08 07:25:18.086006+00:00)
2026-07-31 15:23:41 | INFO | Found latest version of tu93: tu93-0768757b (downloaded: 2026-06-08 07:25:18.086006+00:00)
2026-07-31 15:23:41 | INFO | Found latest version of tu93: tu93-0768757b (downloaded: 2026-06-08 07:25:18.086006+00:00)
2026-07-31 15:23:41 | INFO | Found latest version of tu93: tu93-0768757b (downloaded: 2026-06-08 07:25:18.086006+00:00)
2026-07-31 15:23:41 | INFO | Found latest version of tu93: tu93-0768757b (downloaded: 2026-06-08 07:25:18.086006+00:00)
2026-07-31 15:23:41 | INFO | Found latest version of tu93: tu93-0768757b (downloaded: 2026-06-08 07:25:18.086006+00:00)
2026-07-31 15:23:41 | INFO | Found latest version of tu93: tu93-0768757b (downloaded: 2026-06-08 07:25:18.086006+00:00)
2026-07-31 15:23:41 | INFO | Found latest version of tu93: tu93-0768757b (downloaded: 2026-06-08 07:25:18.086006+00:00)
2026-07-31 15:23:41 | INFO | Found latest version of tu93: tu93-0768757b (downloaded: 2026-06-08 07:25:18.086006+00:00)
2026-07-31 15:23:41 | INFO | Found latest version of tu93: tu93-0768757b (downloaded: 2026-06-08 07:25:18.086006+00:00)
2026-07-31 15:23:41 | INFO | Found latest version of tu93: tu93-0768757b (downloaded: 2026-06-08 07:25:18.086006+00:00)
2026-07-31 15:23:41 | INFO | Found latest version of tu93: tu93-0768757b (downloaded: 2026-06-08 07:25:18.086006+00:00)
2026-07-31 15:23:41 | INFO | Found latest version of tu93: tu93-0768757b (downloaded: 2026-06-08 07:25:18.086006+00:00)
2026-07-31 15:23:41 | INFO | Found latest version of tu93: tu93-0768757b (downloaded: 2026-06-08 07:25:18.086006+00:00)
2026-07-31 15:23:41 | INFO | Found latest version of tu93: tu93-0768757b (downloaded: 2026-06-08 07:25:18.086006+00:00)
2026-07-31 15:23:41 | INFO | Found latest version of tu93: tu93-0768757b (downloaded: 2026-06-08 07:25:18.086006+00:00)
2026-07-31 15:23:41 | INFO | Found latest version of tu93: tu93-0768757b (downloaded: 2026-06-08 07:25:18.086006+00:00)
2026-07-31 15:23:41 | INFO | Found latest version of tu93: tu93-0768757b (downloaded: 2026-06-08 07:25:18.086006+00:00)
2026-07-31 15:23:41 | INFO | Found latest version of tu93: tu93-0768757b (downloaded: 2026-06-08 07:25:18.086006+00:00)
2026-07-31 15:23:41 | INFO | Found latest version of tu93: tu93-0768757b (downloaded: 2026-06-08 07:25:18.086006+00:00)
2026-07-31 15:23:41 | INFO | Found latest version of tu93: tu93-0768757b (downloaded: 2026-06-08 07:25:18.086006+00:00)
2026-07-31 15:23:41 | INFO | Found latest version of tu93: tu93-0768757b (downloaded: 2026-06-08 07:25:18.086006+00:00)
2026-07-31 15:23:41 | INFO | Found latest version of tu93: tu93-0768757b (downloaded: 2026-06-08 07:25:18.086006+00:00)
2026-07-31 15:23:41 | INFO | Found latest version of tu93: tu93-0768757b (downloaded: 2026-06-08 07:25:18.086006+00:00)
2026-07-31 15:23:41 | INFO | Found latest version of tu93: tu93-0768757b (downloaded: 2026-06-08 07:25:18.086006+00:00)
2026-07-31 15:23:41 | INFO | Found latest version of tu93: tu93-0768757b (downloaded: 2026-06-08 07:25:18.086006+00:00)
2026-07-31 15:23:41 | INFO | Found latest version of tu93: tu93-0768757b (downloaded: 2026-06-08 07:25:18.086006+00:00)
2026-07-31 15:23:41 | INFO | Found latest version of tu93: tu93-0768757b (downloaded: 2026-06-08 07:25:18.086006+00:00)
2026-07-31 15:23:41 | INFO | Found latest version of tu93: tu93-0768757b (downloaded: 2026-06-08 07:25:18.086006+00:00)
2026-07-31 15:23:41 | INFO | Found latest version of tu93: tu93-0768757b (downloaded: 2026-06-08 07:25:18.086006+00:00)
2026-07-31 15:23:41 | INFO | Found latest version of tu93: tu93-0768757b (downloaded: 2026-06-08 07:25:18.086006+00:00)
2026-07-31 15:23:41 | INFO | Found latest version of tu93: tu93-0768757b (downloaded: 2026-06-08 07:25:18.086006+00:00)
2026-07-31 15:23:41 | INFO | Found latest version of tu93: tu93-0768757b (downloaded: 2026-06-08 07:25:18.086006+00:00)
2026-07-31 15:23:41 | INFO | Found latest version of tu93: tu93-0768757b (downloaded: 2026-06-08 07:25:18.086006+00:00)
2026-07-31 15:23:41 | INFO | Found latest version of tu93: tu93-0768757b (downloaded: 2026-06-08 07:25:18.086006+00:00)
2026-07-31 15:23:41 | INFO | Found latest version of tu93: tu93-0768757b (downloaded: 2026-06-08 07:25:18.086006+00:00)
2026-07-31 15:23:41 | INFO | Found latest version of tu93: tu93-0768757b (downloaded: 2026-06-08 07:25:18.086006+00:00)
2026-07-31 15:23:42 | INFO | Found latest version of tu93: tu93-0768757b (downloaded: 2026-06-08 07:25:18.086006+00:00)
2026-07-31 15:23:42 | INFO | Found latest version of tu93: tu93-0768757b (downloaded: 2026-06-08 07:25:18.086006+00:00)
2026-07-31 15:23:42 | INFO | Found latest version of tu93: tu93-0768757b (downloaded: 2026-06-08 07:25:18.086006+00:00)
2026-07-31 15:23:42 | INFO | Found latest version of tu93: tu93-0768757b (downloaded: 2026-06-08 07:25:18.086006+00:00)
2026-07-31 15:23:42 | INFO | Found latest version of tu93: tu93-0768757b (downloaded: 2026-06-08 07:25:18.086006+00:00)
2026-07-31 15:23:42 | INFO | Found latest version of tu93: tu93-0768757b (downloaded: 2026-06-08 07:25:18.086006+00:00)
2026-07-31 15:23:42 | INFO | Found latest version of tu93: tu93-0768757b (downloaded: 2026-06-08 07:25:18.086006+00:00)
2026-07-31 15:23:42 | INFO | Found latest version of tu93: tu93-0768757b (downloaded: 2026-06-08 07:25:18.086006+00:00)
2026-07-31 15:23:42 | INFO | Found latest version of tu93: tu93-0768757b (downloaded: 2026-06-08 07:25:18.086006+00:00)
2026-07-31 15:23:42 | INFO | Found latest version of tu93: tu93-0768757b (downloaded: 2026-06-08 07:25:18.086006+00:00)
2026-07-31 15:23:42 | INFO | Found latest version of tu93: tu93-0768757b (downloaded: 2026-06-08 07:25:18.086006+00:00)
2026-07-31 15:23:42 | INFO | Found latest version of tu93: tu93-0768757b (downloaded: 2026-06-08 07:25:18.086006+00:00)
2026-07-31 15:23:42 | INFO | Found latest version of tu93: tu93-0768757b (downloaded: 2026-06-08 07:25:18.086006+00:00)
2026-07-31 15:23:42 | INFO | Found latest version of tu93: tu93-0768757b (downloaded: 2026-06-08 07:25:18.086006+00:00)
2026-07-31 15:23:42 | INFO | Found latest version of tu93: tu93-0768757b (downloaded: 2026-06-08 07:25:18.086006+00:00)
2026-07-31 15:23:42 | INFO | Found latest version of tu93: tu93-0768757b (downloaded: 2026-06-08 07:25:18.086006+00:00)
2026-07-31 15:23:42 | INFO | Found latest version of tu93: tu93-0768757b (downloaded: 2026-06-08 07:25:18.086006+00:00)
2026-07-31 15:23:42 | INFO | Found latest version of tu93: tu93-0768757b (downloaded: 2026-06-08 07:25:18.086006+00:00)
2026-07-31 15:23:42 | INFO | Found latest version of tu93: tu93-0768757b (downloaded: 2026-06-08 07:25:18.086006+00:00)
2026-07-31 15:23:42 | INFO | Found latest version of tu93: tu93-0768757b (downloaded: 2026-06-08 07:25:18.086006+00:00)
2026-07-31 15:23:42 | INFO | Found latest version of tu93: tu93-0768757b (downloaded: 2026-06-08 07:25:18.086006+00:00)
2026-07-31 15:23:42 | INFO | Found latest version of tu93: tu93-0768757b (downloaded: 2026-06-08 07:25:18.086006+00:00)
2026-07-31 15:23:42 | INFO | Found latest version of tu93: tu93-0768757b (downloaded: 2026-06-08 07:25:18.086006+00:00)
2026-07-31 15:23:42 | INFO | Found latest version of tu93: tu93-0768757b (downloaded: 2026-06-08 07:25:18.086006+00:00)
2026-07-31 15:23:42 | INFO | Found latest version of tu93: tu93-0768757b (downloaded: 2026-06-08 07:25:18.086006+00:00)
2026-07-31 15:23:42 | INFO | Found latest version of tu93: tu93-0768757b (downloaded: 2026-06-08 07:25:18.086006+00:00)
2026-07-31 15:23:42 | INFO | Found latest version of tu93: tu93-0768757b (downloaded: 2026-06-08 07:25:18.086006+00:00)
2026-07-31 15:23:42 | INFO | Found latest version of tu93: tu93-0768757b (downloaded: 2026-06-08 07:25:18.086006+00:00)
2026-07-31 15:23:42 | INFO | Found latest version of tu93: tu93-0768757b (downloaded: 2026-06-08 07:25:18.086006+00:00)
2026-07-31 15:23:42 | INFO | Found latest version of tu93: tu93-0768757b (downloaded: 2026-06-08 07:25:18.086006+00:00)
2026-07-31 15:23:42 | INFO | Found latest version of tu93: tu93-0768757b (downloaded: 2026-06-08 07:25:18.086006+00:00)
2026-07-31 15:23:42 | INFO | Found latest version of tu93: tu93-0768757b (downloaded: 2026-06-08 07:25:18.086006+00:00)
2026-07-31 15:23:42 | INFO | Found latest version of tu93: tu93-0768757b (downloaded: 2026-06-08 07:25:18.086006+00:00)
2026-07-31 15:23:42 | INFO | Found latest version of tu93: tu93-0768757b (downloaded: 2026-06-08 07:25:18.086006+00:00)
2026-07-31 15:23:42 | INFO | Found latest version of tu93: tu93-0768757b (downloaded: 2026-06-08 07:25:18.086006+00:00)
2026-07-31 15:23:42 | INFO | Found latest version of tu93: tu93-0768757b (downloaded: 2026-06-08 07:25:18.086006+00:00)
2026-07-31 15:23:42 | INFO | Found latest version of tu93: tu93-0768757b (downloaded: 2026-06-08 07:25:18.086006+00:00)
2026-07-31 15:23:43 | INFO | Found latest version of tu93: tu93-0768757b (downloaded: 2026-06-08 07:25:18.086006+00:00)
2026-07-31 15:23:43 | INFO | Found latest version of tu93: tu93-0768757b (downloaded: 2026-06-08 07:25:18.086006+00:00)
2026-07-31 15:23:43 | INFO | Found latest version of tu93: tu93-0768757b (downloaded: 2026-06-08 07:25:18.086006+00:00)
2026-07-31 15:23:43 | INFO | Found latest version of tu93: tu93-0768757b (downloaded: 2026-06-08 07:25:18.086006+00:00)
2026-07-31 15:23:43 | INFO | Found latest version of tu93: tu93-0768757b (downloaded: 2026-06-08 07:25:18.086006+00:00)
2026-07-31 15:23:43 | INFO | Found latest version of tu93: tu93-0768757b (downloaded: 2026-06-08 07:25:18.086006+00:00)
2026-07-31 15:23:43 | INFO | Found latest version of tu93: tu93-0768757b (downloaded: 2026-06-08 07:25:18.086006+00:00)
2026-07-31 15:23:43 | INFO | Found latest version of tu93: tu93-0768757b (downloaded: 2026-06-08 07:25:18.086006+00:00)
2026-07-31 15:23:43 | INFO | Found latest version of tu93: tu93-0768757b (downloaded: 2026-06-08 07:25:18.086006+00:00)
2026-07-31 15:23:43 | INFO | Found latest version of tu93: tu93-0768757b (downloaded: 2026-06-08 07:25:18.086006+00:00)
2026-07-31 15:23:43 | INFO | Found latest version of tu93: tu93-0768757b (downloaded: 2026-06-08 07:25:18.086006+00:00)
2026-07-31 15:23:43 | INFO | Found latest version of tu93: tu93-0768757b (downloaded: 2026-06-08 07:25:18.086006+00:00)
2026-07-31 15:23:43 | INFO | Found latest version of tu93: tu93-0768757b (downloaded: 2026-06-08 07:25:18.086006+00:00)
2026-07-31 15:23:43 | INFO | Found latest version of tu93: tu93-0768757b (downloaded: 2026-06-08 07:25:18.086006+00:00)
2026-07-31 15:23:43 | INFO | Found latest version of tu93: tu93-0768757b (downloaded: 2026-06-08 07:25:18.086006+00:00)
2026-07-31 15:23:43 | INFO | Found latest version of tu93: tu93-0768757b (downloaded: 2026-06-08 07:25:18.086006+00:00)
2026-07-31 15:23:43 | INFO | Found latest version of tu93: tu93-0768757b (downloaded: 2026-06-08 07:25:18.086006+00:00)
2026-07-31 15:23:43 | INFO | Found latest version of tu93: tu93-0768757b (downloaded: 2026-06-08 07:25:18.086006+00:00)
2026-07-31 15:23:43 | INFO | Found latest version of tu93: tu93-0768757b (downloaded: 2026-06-08 07:25:18.086006+00:00)
2026-07-31 15:23:43 | INFO | Found latest version of tu93: tu93-0768757b (downloaded: 2026-06-08 07:25:18.086006+00:00)
2026-07-31 15:23:43 | INFO | Found latest version of tu93: tu93-0768757b (downloaded: 2026-06-08 07:25:18.086006+00:00)
2026-07-31 15:23:43 | INFO | Found latest version of tu93: tu93-0768757b (downloaded: 2026-06-08 07:25:18.086006+00:00)
2026-07-31 15:23:43 | INFO | Found latest version of tu93: tu93-0768757b (downloaded: 2026-06-08 07:25:18.086006+00:00)
2026-07-31 15:23:43 | INFO | Found latest version of tu93: tu93-0768757b (downloaded: 2026-06-08 07:25:18.086006+00:00)
2026-07-31 15:23:43 | INFO | Found latest version of tu93: tu93-0768757b (downloaded: 2026-06-08 07:25:18.086006+00:00)
2026-07-31 15:23:43 | INFO | Found latest version of tu93: tu93-0768757b (downloaded: 2026-06-08 07:25:18.086006+00:00)
2026-07-31 15:23:44 | INFO | Found latest version of tu93: tu93-0768757b (downloaded: 2026-06-08 07:25:18.086006+00:00)
2026-07-31 15:23:44 | INFO | Found latest version of tu93: tu93-0768757b (downloaded: 2026-06-08 07:25:18.086006+00:00)
2026-07-31 15:23:44 | INFO | Found latest version of tu93: tu93-0768757b (downloaded: 2026-06-08 07:25:18.086006+00:00)
2026-07-31 15:23:44 | INFO | Found latest version of tu93: tu93-0768757b (downloaded: 2026-06-08 07:25:18.086006+00:00)
2026-07-31 15:23:44 | INFO | Found latest version of tu93: tu93-0768757b (downloaded: 2026-06-08 07:25:18.086006+00:00)
2026-07-31 15:23:44 | INFO | Found latest version of tu93: tu93-0768757b (downloaded: 2026-06-08 07:25:18.086006+00:00)
2026-07-31 15:23:44 | INFO | Found latest version of tu93: tu93-0768757b (downloaded: 2026-06-08 07:25:18.086006+00:00)
2026-07-31 15:23:44 | INFO | Found latest version of tu93: tu93-0768757b (downloaded: 2026-06-08 07:25:18.086006+00:00)
2026-07-31 15:23:44 | INFO | Found latest version of tu93: tu93-0768757b (downloaded: 2026-06-08 07:25:18.086006+00:00)
2026-07-31 15:23:44 | INFO | Found latest version of tu93: tu93-0768757b (downloaded: 2026-06-08 07:25:18.086006+00:00)
2026-07-31 15:23:44 | INFO | Found latest version of tu93: tu93-0768757b (downloaded: 2026-06-08 07:25:18.086006+00:00)
2026-07-31 15:23:44 | INFO | Found latest version of tu93: tu93-0768757b (downloaded: 2026-06-08 07:25:18.086006+00:00)
2026-07-31 15:23:44 | INFO | Found latest version of tu93: tu93-0768757b (downloaded: 2026-06-08 07:25:18.086006+00:00)
2026-07-31 15:23:44 | INFO | Found latest version of tu93: tu93-0768757b (downloaded: 2026-06-08 07:25:18.086006+00:00)
2026-07-31 15:23:44 | INFO | Found latest version of tu93: tu93-0768757b (downloaded: 2026-06-08 07:25:18.086006+00:00)
2026-07-31 15:23:44 | INFO | Found latest version of tu93: tu93-0768757b (downloaded: 2026-06-08 07:25:18.086006+00:00)
2026-07-31 15:23:44 | INFO | Found latest version of tu93: tu93-0768757b (downloaded: 2026-06-08 07:25:18.086006+00:00)
2026-07-31 15:23:44 | INFO | Found latest version of tu93: tu93-0768757b (downloaded: 2026-06-08 07:25:18.086006+00:00)
2026-07-31 15:23:44 | INFO | Found latest version of tu93: tu93-0768757b (downloaded: 2026-06-08 07:25:18.086006+00:00)
2026-07-31 15:23:44 | INFO | Found latest version of tu93: tu93-0768757b (downloaded: 2026-06-08 07:25:18.086006+00:00)
INFO:arc_agi.scorecard:Initialized ScorecardManager with idle_for=0:15:00 and max_open_for=3 days, 0:00:00
2026-07-31 15:23:44 | INFO | Created new scorecard: 5b5004ad-0087-44d0-968d-d3a874739782
2026-07-31 15:23:44 | INFO | Found latest version of tu93: tu93-0768757b (downloaded: 2026-06-08 07:25:18.086006+00:00)
INFO:arc_agi.scorecard:Initialized ScorecardManager with idle_for=0:15:00 and max_open_for=3 days, 0:00:00
2026-07-31 15:23:44 | INFO | Created new scorecard: d03d1e53-df1e-45d8-84ed-e878f6879e5c
2026-07-31 15:23:44 | INFO | Found latest version of tu93: tu93-0768757b (downloaded: 2026-06-08 07:25:18.086006+00:00)
INFO:arc_agi.scorecard:Initialized ScorecardManager with idle_for=0:15:00 and max_open_for=3 days, 0:00:00
2026-07-31 15:23:44 | INFO | Created new scorecard: d2eced34-6c70-4846-b13d-53b1a0ac3b08
2026-07-31 15:23:44 | INFO | Found latest version of tr87: tr87-cd924810 (downloaded: 2026-06-08 07:25:23.848054+00:00)
2026-07-31 15:23:44 | INFO | Successfully loaded game class Tr87 from /home/ianblenke/github.com/ianblenke/carnot/environment_files/tr87/cd924810/tr87.py
INFO:arc_agi.scorecard:Initialized ScorecardManager with idle_for=0:15:00 and max_open_for=3 days, 0:00:00
2026-07-31 15:23:44 | INFO | Created new scorecard: 3cef38fd-83c6-4013-86e8-6bd50254a499
2026-07-31 15:23:44 | INFO | Found latest version of tr87: tr87-cd924810 (downloaded: 2026-06-08 07:25:23.848054+00:00)
2026-07-31 15:23:44 | INFO | Found latest version of tr87: tr87-cd924810 (downloaded: 2026-06-08 07:25:23.848054+00:00)
2026-07-31 15:23:44 | INFO | Found latest version of tr87: tr87-cd924810 (downloaded: 2026-06-08 07:25:23.848054+00:00)
2026-07-31 15:23:44 | INFO | Found latest version of tr87: tr87-cd924810 (downloaded: 2026-06-08 07:25:23.848054+00:00)
2026-07-31 15:23:44 | INFO | Found latest version of tr87: tr87-cd924810 (downloaded: 2026-06-08 07:25:23.848054+00:00)
2026-07-31 15:23:44 | INFO | Found latest version of tr87: tr87-cd924810 (downloaded: 2026-06-08 07:25:23.848054+00:00)
2026-07-31 15:23:44 | INFO | Found latest version of tr87: tr87-cd924810 (downloaded: 2026-06-08 07:25:23.848054+00:00)
2026-07-31 15:23:44 | INFO | Found latest version of tr87: tr87-cd924810 (downloaded: 2026-06-08 07:25:23.848054+00:00)
2026-07-31 15:23:44 | INFO | Found latest version of tr87: tr87-cd924810 (downloaded: 2026-06-08 07:25:23.848054+00:00)
2026-07-31 15:23:44 | INFO | Found latest version of tr87: tr87-cd924810 (downloaded: 2026-06-08 07:25:23.848054+00:00)
2026-07-31 15:23:44 | INFO | Found latest version of tr87: tr87-cd924810 (downloaded: 2026-06-08 07:25:23.848054+00:00)
2026-07-31 15:23:44 | INFO | Found latest version of tr87: tr87-cd924810 (downloaded: 2026-06-08 07:25:23.848054+00:00)
2026-07-31 15:23:44 | INFO | Found latest version of tr87: tr87-cd924810 (downloaded: 2026-06-08 07:25:23.848054+00:00)
2026-07-31 15:23:44 | INFO | Found latest version of tr87: tr87-cd924810 (downloaded: 2026-06-08 07:25:23.848054+00:00)
2026-07-31 15:23:44 | INFO | Found latest version of tr87: tr87-cd924810 (downloaded: 2026-06-08 07:25:23.848054+00:00)
2026-07-31 15:23:44 | INFO | Found latest version of tr87: tr87-cd924810 (downloaded: 2026-06-08 07:25:23.848054+00:00)
2026-07-31 15:23:44 | INFO | Found latest version of tr87: tr87-cd924810 (downloaded: 2026-06-08 07:25:23.848054+00:00)
2026-07-31 15:23:44 | INFO | Found latest version of tr87: tr87-cd924810 (downloaded: 2026-06-08 07:25:23.848054+00:00)
2026-07-31 15:23:44 | INFO | Found latest version of tr87: tr87-cd924810 (downloaded: 2026-06-08 07:25:23.848054+00:00)
2026-07-31 15:23:44 | INFO | Found latest version of tr87: tr87-cd924810 (downloaded: 2026-06-08 07:25:23.848054+00:00)
2026-07-31 15:23:44 | INFO | Found latest version of tr87: tr87-cd924810 (downloaded: 2026-06-08 07:25:23.848054+00:00)
2026-07-31 15:23:44 | INFO | Found latest version of tr87: tr87-cd924810 (downloaded: 2026-06-08 07:25:23.848054+00:00)
2026-07-31 15:23:44 | INFO | Found latest version of tr87: tr87-cd924810 (downloaded: 2026-06-08 07:25:23.848054+00:00)
2026-07-31 15:23:44 | INFO | Found latest version of tr87: tr87-cd924810 (downloaded: 2026-06-08 07:25:23.848054+00:00)
2026-07-31 15:23:44 | INFO | Found latest version of tr87: tr87-cd924810 (downloaded: 2026-06-08 07:25:23.848054+00:00)
2026-07-31 15:23:44 | INFO | Found latest version of tr87: tr87-cd924810 (downloaded: 2026-06-08 07:25:23.848054+00:00)
2026-07-31 15:23:44 | INFO | Found latest version of tr87: tr87-cd924810 (downloaded: 2026-06-08 07:25:23.848054+00:00)
2026-07-31 15:23:44 | INFO | Found latest version of tr87: tr87-cd924810 (downloaded: 2026-06-08 07:25:23.848054+00:00)
2026-07-31 15:23:44 | INFO | Found latest version of tr87: tr87-cd924810 (downloaded: 2026-06-08 07:25:23.848054+00:00)
2026-07-31 15:23:44 | INFO | Found latest version of tr87: tr87-cd924810 (downloaded: 2026-06-08 07:25:23.848054+00:00)
2026-07-31 15:23:44 | INFO | Found latest version of tr87: tr87-cd924810 (downloaded: 2026-06-08 07:25:23.848054+00:00)
2026-07-31 15:23:44 | INFO | Found latest version of tr87: tr87-cd924810 (downloaded: 2026-06-08 07:25:23.848054+00:00)
2026-07-31 15:23:44 | INFO | Found latest version of tr87: tr87-cd924810 (downloaded: 2026-06-08 07:25:23.848054+00:00)
2026-07-31 15:23:44 | INFO | Found latest version of tr87: tr87-cd924810 (downloaded: 2026-06-08 07:25:23.848054+00:00)
2026-07-31 15:23:44 | INFO | Found latest version of tr87: tr87-cd924810 (downloaded: 2026-06-08 07:25:23.848054+00:00)
2026-07-31 15:23:44 | INFO | Found latest version of tr87: tr87-cd924810 (downloaded: 2026-06-08 07:25:23.848054+00:00)
2026-07-31 15:23:44 | INFO | Found latest version of tr87: tr87-cd924810 (downloaded: 2026-06-08 07:25:23.848054+00:00)
2026-07-31 15:23:44 | INFO | Found latest version of tr87: tr87-cd924810 (downloaded: 2026-06-08 07:25:23.848054+00:00)
2026-07-31 15:23:44 | INFO | Found latest version of tr87: tr87-cd924810 (downloaded: 2026-06-08 07:25:23.848054+00:00)
2026-07-31 15:23:44 | INFO | Found latest version of tr87: tr87-cd924810 (downloaded: 2026-06-08 07:25:23.848054+00:00)
2026-07-31 15:23:44 | INFO | Found latest version of tr87: tr87-cd924810 (downloaded: 2026-06-08 07:25:23.848054+00:00)
2026-07-31 15:23:44 | INFO | Found latest version of tr87: tr87-cd924810 (downloaded: 2026-06-08 07:25:23.848054+00:00)
2026-07-31 15:23:44 | INFO | Found latest version of tr87: tr87-cd924810 (downloaded: 2026-06-08 07:25:23.848054+00:00)
2026-07-31 15:23:44 | INFO | Found latest version of tr87: tr87-cd924810 (downloaded: 2026-06-08 07:25:23.848054+00:00)
2026-07-31 15:23:44 | INFO | Found latest version of tr87: tr87-cd924810 (downloaded: 2026-06-08 07:25:23.848054+00:00)
2026-07-31 15:23:44 | INFO | Found latest version of tr87: tr87-cd924810 (downloaded: 2026-06-08 07:25:23.848054+00:00)
2026-07-31 15:23:44 | INFO | Found latest version of tr87: tr87-cd924810 (downloaded: 2026-06-08 07:25:23.848054+00:00)
2026-07-31 15:23:44 | INFO | Found latest version of tr87: tr87-cd924810 (downloaded: 2026-06-08 07:25:23.848054+00:00)
2026-07-31 15:23:44 | INFO | Found latest version of tr87: tr87-cd924810 (downloaded: 2026-06-08 07:25:23.848054+00:00)
2026-07-31 15:23:44 | INFO | Found latest version of tr87: tr87-cd924810 (downloaded: 2026-06-08 07:25:23.848054+00:00)
2026-07-31 15:23:45 | INFO | Found latest version of tr87: tr87-cd924810 (downloaded: 2026-06-08 07:25:23.848054+00:00)
2026-07-31 15:23:45 | INFO | Found latest version of tr87: tr87-cd924810 (downloaded: 2026-06-08 07:25:23.848054+00:00)
2026-07-31 15:23:45 | INFO | Found latest version of tr87: tr87-cd924810 (downloaded: 2026-06-08 07:25:23.848054+00:00)
2026-07-31 15:23:45 | INFO | Found latest version of tr87: tr87-cd924810 (downloaded: 2026-06-08 07:25:23.848054+00:00)
2026-07-31 15:23:45 | INFO | Found latest version of tr87: tr87-cd924810 (downloaded: 2026-06-08 07:25:23.848054+00:00)
2026-07-31 15:23:45 | INFO | Found latest version of tr87: tr87-cd924810 (downloaded: 2026-06-08 07:25:23.848054+00:00)
2026-07-31 15:23:45 | INFO | Found latest version of tr87: tr87-cd924810 (downloaded: 2026-06-08 07:25:23.848054+00:00)
2026-07-31 15:23:45 | INFO | Found latest version of tr87: tr87-cd924810 (downloaded: 2026-06-08 07:25:23.848054+00:00)
2026-07-31 15:23:45 | INFO | Found latest version of tr87: tr87-cd924810 (downloaded: 2026-06-08 07:25:23.848054+00:00)
2026-07-31 15:23:45 | INFO | Found latest version of tr87: tr87-cd924810 (downloaded: 2026-06-08 07:25:23.848054+00:00)
2026-07-31 15:23:45 | INFO | Found latest version of tr87: tr87-cd924810 (downloaded: 2026-06-08 07:25:23.848054+00:00)
2026-07-31 15:23:45 | INFO | Found latest version of tr87: tr87-cd924810 (downloaded: 2026-06-08 07:25:23.848054+00:00)
2026-07-31 15:23:45 | INFO | Found latest version of tr87: tr87-cd924810 (downloaded: 2026-06-08 07:25:23.848054+00:00)
2026-07-31 15:23:45 | INFO | Found latest version of tr87: tr87-cd924810 (downloaded: 2026-06-08 07:25:23.848054+00:00)
2026-07-31 15:23:45 | INFO | Found latest version of tr87: tr87-cd924810 (downloaded: 2026-06-08 07:25:23.848054+00:00)
2026-07-31 15:23:45 | INFO | Found latest version of tr87: tr87-cd924810 (downloaded: 2026-06-08 07:25:23.848054+00:00)
2026-07-31 15:23:45 | INFO | Found latest version of tr87: tr87-cd924810 (downloaded: 2026-06-08 07:25:23.848054+00:00)
2026-07-31 15:23:45 | INFO | Found latest version of tr87: tr87-cd924810 (downloaded: 2026-06-08 07:25:23.848054+00:00)
2026-07-31 15:23:45 | INFO | Found latest version of tr87: tr87-cd924810 (downloaded: 2026-06-08 07:25:23.848054+00:00)
2026-07-31 15:23:45 | INFO | Found latest version of tr87: tr87-cd924810 (downloaded: 2026-06-08 07:25:23.848054+00:00)
2026-07-31 15:23:45 | INFO | Found latest version of tr87: tr87-cd924810 (downloaded: 2026-06-08 07:25:23.848054+00:00)
2026-07-31 15:23:45 | INFO | Found latest version of tr87: tr87-cd924810 (downloaded: 2026-06-08 07:25:23.848054+00:00)
2026-07-31 15:23:45 | INFO | Found latest version of tr87: tr87-cd924810 (downloaded: 2026-06-08 07:25:23.848054+00:00)
2026-07-31 15:23:45 | INFO | Found latest version of tr87: tr87-cd924810 (downloaded: 2026-06-08 07:25:23.848054+00:00)
2026-07-31 15:23:45 | INFO | Found latest version of tr87: tr87-cd924810 (downloaded: 2026-06-08 07:25:23.848054+00:00)
2026-07-31 15:23:45 | INFO | Found latest version of tr87: tr87-cd924810 (downloaded: 2026-06-08 07:25:23.848054+00:00)
2026-07-31 15:23:45 | INFO | Found latest version of tr87: tr87-cd924810 (downloaded: 2026-06-08 07:25:23.848054+00:00)
2026-07-31 15:23:45 | INFO | Found latest version of tr87: tr87-cd924810 (downloaded: 2026-06-08 07:25:23.848054+00:00)
2026-07-31 15:23:45 | INFO | Found latest version of tr87: tr87-cd924810 (downloaded: 2026-06-08 07:25:23.848054+00:00)
2026-07-31 15:23:45 | INFO | Found latest version of tr87: tr87-cd924810 (downloaded: 2026-06-08 07:25:23.848054+00:00)
2026-07-31 15:23:45 | INFO | Found latest version of tr87: tr87-cd924810 (downloaded: 2026-06-08 07:25:23.848054+00:00)
2026-07-31 15:23:45 | INFO | Found latest version of tr87: tr87-cd924810 (downloaded: 2026-06-08 07:25:23.848054+00:00)
2026-07-31 15:23:45 | INFO | Found latest version of tr87: tr87-cd924810 (downloaded: 2026-06-08 07:25:23.848054+00:00)
2026-07-31 15:23:45 | INFO | Found latest version of tr87: tr87-cd924810 (downloaded: 2026-06-08 07:25:23.848054+00:00)
2026-07-31 15:23:45 | INFO | Found latest version of tr87: tr87-cd924810 (downloaded: 2026-06-08 07:25:23.848054+00:00)
2026-07-31 15:23:45 | INFO | Found latest version of tr87: tr87-cd924810 (downloaded: 2026-06-08 07:25:23.848054+00:00)
2026-07-31 15:23:45 | INFO | Found latest version of tr87: tr87-cd924810 (downloaded: 2026-06-08 07:25:23.848054+00:00)
2026-07-31 15:23:45 | INFO | Found latest version of tr87: tr87-cd924810 (downloaded: 2026-06-08 07:25:23.848054+00:00)
2026-07-31 15:23:45 | INFO | Found latest version of tr87: tr87-cd924810 (downloaded: 2026-06-08 07:25:23.848054+00:00)
2026-07-31 15:23:45 | INFO | Found latest version of tr87: tr87-cd924810 (downloaded: 2026-06-08 07:25:23.848054+00:00)
2026-07-31 15:23:45 | INFO | Found latest version of tr87: tr87-cd924810 (downloaded: 2026-06-08 07:25:23.848054+00:00)
2026-07-31 15:23:45 | INFO | Found latest version of tr87: tr87-cd924810 (downloaded: 2026-06-08 07:25:23.848054+00:00)
2026-07-31 15:23:45 | INFO | Found latest version of tr87: tr87-cd924810 (downloaded: 2026-06-08 07:25:23.848054+00:00)
2026-07-31 15:23:45 | INFO | Found latest version of tr87: tr87-cd924810 (downloaded: 2026-06-08 07:25:23.848054+00:00)
2026-07-31 15:23:45 | INFO | Found latest version of tr87: tr87-cd924810 (downloaded: 2026-06-08 07:25:23.848054+00:00)
2026-07-31 15:23:45 | INFO | Found latest version of tr87: tr87-cd924810 (downloaded: 2026-06-08 07:25:23.848054+00:00)
2026-07-31 15:23:45 | INFO | Found latest version of tr87: tr87-cd924810 (downloaded: 2026-06-08 07:25:23.848054+00:00)
2026-07-31 15:23:45 | INFO | Found latest version of tr87: tr87-cd924810 (downloaded: 2026-06-08 07:25:23.848054+00:00)
2026-07-31 15:23:45 | INFO | Found latest version of tr87: tr87-cd924810 (downloaded: 2026-06-08 07:25:23.848054+00:00)
2026-07-31 15:23:45 | INFO | Found latest version of tr87: tr87-cd924810 (downloaded: 2026-06-08 07:25:23.848054+00:00)
2026-07-31 15:23:45 | INFO | Found latest version of tr87: tr87-cd924810 (downloaded: 2026-06-08 07:25:23.848054+00:00)
2026-07-31 15:23:45 | INFO | Found latest version of tr87: tr87-cd924810 (downloaded: 2026-06-08 07:25:23.848054+00:00)
2026-07-31 15:23:45 | INFO | Found latest version of tr87: tr87-cd924810 (downloaded: 2026-06-08 07:25:23.848054+00:00)
2026-07-31 15:23:45 | INFO | Found latest version of tr87: tr87-cd924810 (downloaded: 2026-06-08 07:25:23.848054+00:00)
2026-07-31 15:23:45 | INFO | Found latest version of tr87: tr87-cd924810 (downloaded: 2026-06-08 07:25:23.848054+00:00)
2026-07-31 15:23:45 | INFO | Found latest version of tr87: tr87-cd924810 (downloaded: 2026-06-08 07:25:23.848054+00:00)
2026-07-31 15:23:45 | INFO | Found latest version of tr87: tr87-cd924810 (downloaded: 2026-06-08 07:25:23.848054+00:00)
2026-07-31 15:23:45 | INFO | Found latest version of tr87: tr87-cd924810 (downloaded: 2026-06-08 07:25:23.848054+00:00)
2026-07-31 15:23:45 | INFO | Found latest version of tr87: tr87-cd924810 (downloaded: 2026-06-08 07:25:23.848054+00:00)
2026-07-31 15:23:45 | INFO | Found latest version of tr87: tr87-cd924810 (downloaded: 2026-06-08 07:25:23.848054+00:00)
2026-07-31 15:23:45 | INFO | Found latest version of tr87: tr87-cd924810 (downloaded: 2026-06-08 07:25:23.848054+00:00)
2026-07-31 15:23:45 | INFO | Found latest version of tr87: tr87-cd924810 (downloaded: 2026-06-08 07:25:23.848054+00:00)
2026-07-31 15:23:45 | INFO | Found latest version of tr87: tr87-cd924810 (downloaded: 2026-06-08 07:25:23.848054+00:00)
2026-07-31 15:23:45 | INFO | Found latest version of tr87: tr87-cd924810 (downloaded: 2026-06-08 07:25:23.848054+00:00)
2026-07-31 15:23:45 | INFO | Found latest version of tr87: tr87-cd924810 (downloaded: 2026-06-08 07:25:23.848054+00:00)
2026-07-31 15:23:45 | INFO | Found latest version of tr87: tr87-cd924810 (downloaded: 2026-06-08 07:25:23.848054+00:00)
2026-07-31 15:23:45 | INFO | Found latest version of tr87: tr87-cd924810 (downloaded: 2026-06-08 07:25:23.848054+00:00)
2026-07-31 15:23:45 | INFO | Found latest version of tr87: tr87-cd924810 (downloaded: 2026-06-08 07:25:23.848054+00:00)
2026-07-31 15:23:45 | INFO | Found latest version of tr87: tr87-cd924810 (downloaded: 2026-06-08 07:25:23.848054+00:00)
2026-07-31 15:23:45 | INFO | Found latest version of tr87: tr87-cd924810 (downloaded: 2026-06-08 07:25:23.848054+00:00)
2026-07-31 15:23:45 | INFO | Found latest version of tr87: tr87-cd924810 (downloaded: 2026-06-08 07:25:23.848054+00:00)
2026-07-31 15:23:45 | INFO | Found latest version of tr87: tr87-cd924810 (downloaded: 2026-06-08 07:25:23.848054+00:00)
2026-07-31 15:23:45 | INFO | Found latest version of tr87: tr87-cd924810 (downloaded: 2026-06-08 07:25:23.848054+00:00)
2026-07-31 15:23:45 | INFO | Found latest version of tr87: tr87-cd924810 (downloaded: 2026-06-08 07:25:23.848054+00:00)
2026-07-31 15:23:45 | INFO | Found latest version of tr87: tr87-cd924810 (downloaded: 2026-06-08 07:25:23.848054+00:00)
2026-07-31 15:23:45 | INFO | Found latest version of tr87: tr87-cd924810 (downloaded: 2026-06-08 07:25:23.848054+00:00)
2026-07-31 15:23:45 | INFO | Found latest version of tr87: tr87-cd924810 (downloaded: 2026-06-08 07:25:23.848054+00:00)
2026-07-31 15:23:45 | INFO | Found latest version of tr87: tr87-cd924810 (downloaded: 2026-06-08 07:25:23.848054+00:00)
2026-07-31 15:23:45 | INFO | Found latest version of tr87: tr87-cd924810 (downloaded: 2026-06-08 07:25:23.848054+00:00)
2026-07-31 15:23:46 | INFO | Found latest version of tr87: tr87-cd924810 (downloaded: 2026-06-08 07:25:23.848054+00:00)
2026-07-31 15:23:46 | INFO | Found latest version of tr87: tr87-cd924810 (downloaded: 2026-06-08 07:25:23.848054+00:00)
2026-07-31 15:23:46 | INFO | Found latest version of tr87: tr87-cd924810 (downloaded: 2026-06-08 07:25:23.848054+00:00)
2026-07-31 15:23:46 | INFO | Found latest version of tr87: tr87-cd924810 (downloaded: 2026-06-08 07:25:23.848054+00:00)
2026-07-31 15:23:46 | INFO | Found latest version of tr87: tr87-cd924810 (downloaded: 2026-06-08 07:25:23.848054+00:00)
2026-07-31 15:23:46 | INFO | Found latest version of tr87: tr87-cd924810 (downloaded: 2026-06-08 07:25:23.848054+00:00)
2026-07-31 15:23:46 | INFO | Found latest version of tr87: tr87-cd924810 (downloaded: 2026-06-08 07:25:23.848054+00:00)
2026-07-31 15:23:46 | INFO | Found latest version of tr87: tr87-cd924810 (downloaded: 2026-06-08 07:25:23.848054+00:00)
2026-07-31 15:23:46 | INFO | Found latest version of tr87: tr87-cd924810 (downloaded: 2026-06-08 07:25:23.848054+00:00)
2026-07-31 15:23:46 | INFO | Found latest version of tr87: tr87-cd924810 (downloaded: 2026-06-08 07:25:23.848054+00:00)
2026-07-31 15:23:46 | INFO | Found latest version of tr87: tr87-cd924810 (downloaded: 2026-06-08 07:25:23.848054+00:00)
2026-07-31 15:23:46 | INFO | Found latest version of tr87: tr87-cd924810 (downloaded: 2026-06-08 07:25:23.848054+00:00)
2026-07-31 15:23:46 | INFO | Found latest version of tr87: tr87-cd924810 (downloaded: 2026-06-08 07:25:23.848054+00:00)
2026-07-31 15:23:46 | INFO | Found latest version of tr87: tr87-cd924810 (downloaded: 2026-06-08 07:25:23.848054+00:00)
2026-07-31 15:23:46 | INFO | Found latest version of tr87: tr87-cd924810 (downloaded: 2026-06-08 07:25:23.848054+00:00)
2026-07-31 15:23:46 | INFO | Found latest version of tr87: tr87-cd924810 (downloaded: 2026-06-08 07:25:23.848054+00:00)
2026-07-31 15:23:46 | INFO | Found latest version of tr87: tr87-cd924810 (downloaded: 2026-06-08 07:25:23.848054+00:00)
2026-07-31 15:23:46 | INFO | Found latest version of tr87: tr87-cd924810 (downloaded: 2026-06-08 07:25:23.848054+00:00)
2026-07-31 15:23:46 | INFO | Found latest version of tr87: tr87-cd924810 (downloaded: 2026-06-08 07:25:23.848054+00:00)
2026-07-31 15:23:46 | INFO | Found latest version of tr87: tr87-cd924810 (downloaded: 2026-06-08 07:25:23.848054+00:00)
2026-07-31 15:23:46 | INFO | Found latest version of tr87: tr87-cd924810 (downloaded: 2026-06-08 07:25:23.848054+00:00)
2026-07-31 15:23:46 | INFO | Found latest version of tr87: tr87-cd924810 (downloaded: 2026-06-08 07:25:23.848054+00:00)
2026-07-31 15:23:46 | INFO | Found latest version of tr87: tr87-cd924810 (downloaded: 2026-06-08 07:25:23.848054+00:00)
2026-07-31 15:23:46 | INFO | Found latest version of tr87: tr87-cd924810 (downloaded: 2026-06-08 07:25:23.848054+00:00)
2026-07-31 15:23:46 | INFO | Found latest version of tr87: tr87-cd924810 (downloaded: 2026-06-08 07:25:23.848054+00:00)
2026-07-31 15:23:46 | INFO | Found latest version of tr87: tr87-cd924810 (downloaded: 2026-06-08 07:25:23.848054+00:00)
2026-07-31 15:23:46 | INFO | Found latest version of tr87: tr87-cd924810 (downloaded: 2026-06-08 07:25:23.848054+00:00)
2026-07-31 15:23:46 | INFO | Found latest version of tr87: tr87-cd924810 (downloaded: 2026-06-08 07:25:23.848054+00:00)
2026-07-31 15:23:46 | INFO | Found latest version of tr87: tr87-cd924810 (downloaded: 2026-06-08 07:25:23.848054+00:00)
2026-07-31 15:23:46 | INFO | Found latest version of tr87: tr87-cd924810 (downloaded: 2026-06-08 07:25:23.848054+00:00)
2026-07-31 15:23:46 | INFO | Found latest version of tr87: tr87-cd924810 (downloaded: 2026-06-08 07:25:23.848054+00:00)
2026-07-31 15:23:46 | INFO | Found latest version of tr87: tr87-cd924810 (downloaded: 2026-06-08 07:25:23.848054+00:00)
2026-07-31 15:23:46 | INFO | Found latest version of tr87: tr87-cd924810 (downloaded: 2026-06-08 07:25:23.848054+00:00)
2026-07-31 15:23:46 | INFO | Found latest version of tr87: tr87-cd924810 (downloaded: 2026-06-08 07:25:23.848054+00:00)
2026-07-31 15:23:46 | INFO | Found latest version of tr87: tr87-cd924810 (downloaded: 2026-06-08 07:25:23.848054+00:00)
2026-07-31 15:23:46 | INFO | Found latest version of tr87: tr87-cd924810 (downloaded: 2026-06-08 07:25:23.848054+00:00)
2026-07-31 15:23:46 | INFO | Found latest version of tr87: tr87-cd924810 (downloaded: 2026-06-08 07:25:23.848054+00:00)
2026-07-31 15:23:46 | INFO | Found latest version of tr87: tr87-cd924810 (downloaded: 2026-06-08 07:25:23.848054+00:00)
2026-07-31 15:23:46 | INFO | Found latest version of tr87: tr87-cd924810 (downloaded: 2026-06-08 07:25:23.848054+00:00)
2026-07-31 15:23:46 | INFO | Found latest version of tr87: tr87-cd924810 (downloaded: 2026-06-08 07:25:23.848054+00:00)
2026-07-31 15:23:46 | INFO | Found latest version of tr87: tr87-cd924810 (downloaded: 2026-06-08 07:25:23.848054+00:00)
2026-07-31 15:23:46 | INFO | Found latest version of tr87: tr87-cd924810 (downloaded: 2026-06-08 07:25:23.848054+00:00)
2026-07-31 15:23:46 | INFO | Found latest version of tr87: tr87-cd924810 (downloaded: 2026-06-08 07:25:23.848054+00:00)
2026-07-31 15:23:46 | INFO | Found latest version of tr87: tr87-cd924810 (downloaded: 2026-06-08 07:25:23.848054+00:00)
2026-07-31 15:23:46 | INFO | Found latest version of tr87: tr87-cd924810 (downloaded: 2026-06-08 07:25:23.848054+00:00)
2026-07-31 15:23:46 | INFO | Found latest version of tr87: tr87-cd924810 (downloaded: 2026-06-08 07:25:23.848054+00:00)
2026-07-31 15:23:46 | INFO | Found latest version of tr87: tr87-cd924810 (downloaded: 2026-06-08 07:25:23.848054+00:00)
2026-07-31 15:23:46 | INFO | Found latest version of tr87: tr87-cd924810 (downloaded: 2026-06-08 07:25:23.848054+00:00)
2026-07-31 15:23:46 | INFO | Found latest version of tr87: tr87-cd924810 (downloaded: 2026-06-08 07:25:23.848054+00:00)
2026-07-31 15:23:46 | INFO | Found latest version of tr87: tr87-cd924810 (downloaded: 2026-06-08 07:25:23.848054+00:00)
2026-07-31 15:23:46 | INFO | Found latest version of tr87: tr87-cd924810 (downloaded: 2026-06-08 07:25:23.848054+00:00)
2026-07-31 15:23:46 | INFO | Found latest version of tr87: tr87-cd924810 (downloaded: 2026-06-08 07:25:23.848054+00:00)
2026-07-31 15:23:46 | INFO | Found latest version of tr87: tr87-cd924810 (downloaded: 2026-06-08 07:25:23.848054+00:00)
2026-07-31 15:23:46 | INFO | Found latest version of tr87: tr87-cd924810 (downloaded: 2026-06-08 07:25:23.848054+00:00)
2026-07-31 15:23:46 | INFO | Found latest version of tr87: tr87-cd924810 (downloaded: 2026-06-08 07:25:23.848054+00:00)
2026-07-31 15:23:46 | INFO | Found latest version of tr87: tr87-cd924810 (downloaded: 2026-06-08 07:25:23.848054+00:00)
2026-07-31 15:23:46 | INFO | Found latest version of tr87: tr87-cd924810 (downloaded: 2026-06-08 07:25:23.848054+00:00)
2026-07-31 15:23:46 | INFO | Found latest version of tr87: tr87-cd924810 (downloaded: 2026-06-08 07:25:23.848054+00:00)
2026-07-31 15:23:46 | INFO | Found latest version of tr87: tr87-cd924810 (downloaded: 2026-06-08 07:25:23.848054+00:00)
2026-07-31 15:23:46 | INFO | Found latest version of tr87: tr87-cd924810 (downloaded: 2026-06-08 07:25:23.848054+00:00)
2026-07-31 15:23:46 | INFO | Found latest version of tr87: tr87-cd924810 (downloaded: 2026-06-08 07:25:23.848054+00:00)
2026-07-31 15:23:46 | INFO | Found latest version of tr87: tr87-cd924810 (downloaded: 2026-06-08 07:25:23.848054+00:00)
2026-07-31 15:23:46 | INFO | Found latest version of tr87: tr87-cd924810 (downloaded: 2026-06-08 07:25:23.848054+00:00)
2026-07-31 15:23:46 | INFO | Found latest version of tr87: tr87-cd924810 (downloaded: 2026-06-08 07:25:23.848054+00:00)
2026-07-31 15:23:46 | INFO | Found latest version of tr87: tr87-cd924810 (downloaded: 2026-06-08 07:25:23.848054+00:00)
2026-07-31 15:23:46 | INFO | Found latest version of tr87: tr87-cd924810 (downloaded: 2026-06-08 07:25:23.848054+00:00)
2026-07-31 15:23:46 | INFO | Found latest version of tr87: tr87-cd924810 (downloaded: 2026-06-08 07:25:23.848054+00:00)
2026-07-31 15:23:46 | INFO | Found latest version of tr87: tr87-cd924810 (downloaded: 2026-06-08 07:25:23.848054+00:00)
2026-07-31 15:23:46 | INFO | Found latest version of tr87: tr87-cd924810 (downloaded: 2026-06-08 07:25:23.848054+00:00)
2026-07-31 15:23:46 | INFO | Found latest version of tr87: tr87-cd924810 (downloaded: 2026-06-08 07:25:23.848054+00:00)
2026-07-31 15:23:46 | INFO | Found latest version of tr87: tr87-cd924810 (downloaded: 2026-06-08 07:25:23.848054+00:00)
2026-07-31 15:23:46 | INFO | Found latest version of tr87: tr87-cd924810 (downloaded: 2026-06-08 07:25:23.848054+00:00)
2026-07-31 15:23:46 | INFO | Found latest version of tr87: tr87-cd924810 (downloaded: 2026-06-08 07:25:23.848054+00:00)
2026-07-31 15:23:46 | INFO | Found latest version of tr87: tr87-cd924810 (downloaded: 2026-06-08 07:25:23.848054+00:00)
2026-07-31 15:23:46 | INFO | Found latest version of tr87: tr87-cd924810 (downloaded: 2026-06-08 07:25:23.848054+00:00)
2026-07-31 15:23:46 | INFO | Found latest version of tr87: tr87-cd924810 (downloaded: 2026-06-08 07:25:23.848054+00:00)
2026-07-31 15:23:46 | INFO | Found latest version of tr87: tr87-cd924810 (downloaded: 2026-06-08 07:25:23.848054+00:00)
2026-07-31 15:23:46 | INFO | Found latest version of tr87: tr87-cd924810 (downloaded: 2026-06-08 07:25:23.848054+00:00)
2026-07-31 15:23:47 | INFO | Found latest version of tr87: tr87-cd924810 (downloaded: 2026-06-08 07:25:23.848054+00:00)
2026-07-31 15:23:47 | INFO | Found latest version of tr87: tr87-cd924810 (downloaded: 2026-06-08 07:25:23.848054+00:00)
2026-07-31 15:23:47 | INFO | Found latest version of tr87: tr87-cd924810 (downloaded: 2026-06-08 07:25:23.848054+00:00)
2026-07-31 15:23:47 | INFO | Found latest version of tr87: tr87-cd924810 (downloaded: 2026-06-08 07:25:23.848054+00:00)
2026-07-31 15:23:47 | INFO | Found latest version of tr87: tr87-cd924810 (downloaded: 2026-06-08 07:25:23.848054+00:00)
2026-07-31 15:23:47 | INFO | Found latest version of tr87: tr87-cd924810 (downloaded: 2026-06-08 07:25:23.848054+00:00)
2026-07-31 15:23:47 | INFO | Found latest version of tr87: tr87-cd924810 (downloaded: 2026-06-08 07:25:23.848054+00:00)
2026-07-31 15:23:47 | INFO | Found latest version of tr87: tr87-cd924810 (downloaded: 2026-06-08 07:25:23.848054+00:00)
2026-07-31 15:23:47 | INFO | Found latest version of tr87: tr87-cd924810 (downloaded: 2026-06-08 07:25:23.848054+00:00)
2026-07-31 15:23:47 | INFO | Found latest version of tr87: tr87-cd924810 (downloaded: 2026-06-08 07:25:23.848054+00:00)
2026-07-31 15:23:47 | INFO | Found latest version of tr87: tr87-cd924810 (downloaded: 2026-06-08 07:25:23.848054+00:00)
2026-07-31 15:23:47 | INFO | Found latest version of tr87: tr87-cd924810 (downloaded: 2026-06-08 07:25:23.848054+00:00)
2026-07-31 15:23:47 | INFO | Found latest version of tr87: tr87-cd924810 (downloaded: 2026-06-08 07:25:23.848054+00:00)
2026-07-31 15:23:47 | INFO | Found latest version of tr87: tr87-cd924810 (downloaded: 2026-06-08 07:25:23.848054+00:00)
2026-07-31 15:23:47 | INFO | Found latest version of tr87: tr87-cd924810 (downloaded: 2026-06-08 07:25:23.848054+00:00)
2026-07-31 15:23:47 | INFO | Found latest version of tr87: tr87-cd924810 (downloaded: 2026-06-08 07:25:23.848054+00:00)
2026-07-31 15:23:47 | INFO | Found latest version of tr87: tr87-cd924810 (downloaded: 2026-06-08 07:25:23.848054+00:00)
2026-07-31 15:23:47 | INFO | Found latest version of tr87: tr87-cd924810 (downloaded: 2026-06-08 07:25:23.848054+00:00)
2026-07-31 15:23:47 | INFO | Found latest version of tr87: tr87-cd924810 (downloaded: 2026-06-08 07:25:23.848054+00:00)
2026-07-31 15:23:47 | INFO | Found latest version of tr87: tr87-cd924810 (downloaded: 2026-06-08 07:25:23.848054+00:00)
2026-07-31 15:23:47 | INFO | Found latest version of tr87: tr87-cd924810 (downloaded: 2026-06-08 07:25:23.848054+00:00)
2026-07-31 15:23:47 | INFO | Found latest version of tr87: tr87-cd924810 (downloaded: 2026-06-08 07:25:23.848054+00:00)
2026-07-31 15:23:47 | INFO | Found latest version of tr87: tr87-cd924810 (downloaded: 2026-06-08 07:25:23.848054+00:00)
2026-07-31 15:23:47 | INFO | Found latest version of tr87: tr87-cd924810 (downloaded: 2026-06-08 07:25:23.848054+00:00)
2026-07-31 15:23:47 | INFO | Found latest version of tr87: tr87-cd924810 (downloaded: 2026-06-08 07:25:23.848054+00:00)
2026-07-31 15:23:47 | INFO | Found latest version of tr87: tr87-cd924810 (downloaded: 2026-06-08 07:25:23.848054+00:00)
2026-07-31 15:23:47 | INFO | Found latest version of tr87: tr87-cd924810 (downloaded: 2026-06-08 07:25:23.848054+00:00)
2026-07-31 15:23:47 | INFO | Found latest version of tr87: tr87-cd924810 (downloaded: 2026-06-08 07:25:23.848054+00:00)
2026-07-31 15:23:47 | INFO | Found latest version of tr87: tr87-cd924810 (downloaded: 2026-06-08 07:25:23.848054+00:00)
2026-07-31 15:23:47 | INFO | Found latest version of tr87: tr87-cd924810 (downloaded: 2026-06-08 07:25:23.848054+00:00)
2026-07-31 15:23:47 | INFO | Found latest version of tr87: tr87-cd924810 (downloaded: 2026-06-08 07:25:23.848054+00:00)
2026-07-31 15:23:47 | INFO | Found latest version of tr87: tr87-cd924810 (downloaded: 2026-06-08 07:25:23.848054+00:00)
2026-07-31 15:23:47 | INFO | Found latest version of tr87: tr87-cd924810 (downloaded: 2026-06-08 07:25:23.848054+00:00)
2026-07-31 15:23:47 | INFO | Found latest version of tr87: tr87-cd924810 (downloaded: 2026-06-08 07:25:23.848054+00:00)
2026-07-31 15:23:47 | INFO | Found latest version of tr87: tr87-cd924810 (downloaded: 2026-06-08 07:25:23.848054+00:00)
2026-07-31 15:23:47 | INFO | Found latest version of tr87: tr87-cd924810 (downloaded: 2026-06-08 07:25:23.848054+00:00)
2026-07-31 15:23:47 | INFO | Found latest version of tr87: tr87-cd924810 (downloaded: 2026-06-08 07:25:23.848054+00:00)
2026-07-31 15:23:47 | INFO | Found latest version of tr87: tr87-cd924810 (downloaded: 2026-06-08 07:25:23.848054+00:00)
2026-07-31 15:23:47 | INFO | Found latest version of tr87: tr87-cd924810 (downloaded: 2026-06-08 07:25:23.848054+00:00)
2026-07-31 15:23:47 | INFO | Found latest version of tr87: tr87-cd924810 (downloaded: 2026-06-08 07:25:23.848054+00:00)
2026-07-31 15:23:47 | INFO | Found latest version of tr87: tr87-cd924810 (downloaded: 2026-06-08 07:25:23.848054+00:00)
2026-07-31 15:23:47 | INFO | Found latest version of tr87: tr87-cd924810 (downloaded: 2026-06-08 07:25:23.848054+00:00)
2026-07-31 15:23:47 | INFO | Found latest version of tr87: tr87-cd924810 (downloaded: 2026-06-08 07:25:23.848054+00:00)
2026-07-31 15:23:47 | INFO | Found latest version of tr87: tr87-cd924810 (downloaded: 2026-06-08 07:25:23.848054+00:00)
2026-07-31 15:23:47 | INFO | Found latest version of tr87: tr87-cd924810 (downloaded: 2026-06-08 07:25:23.848054+00:00)
2026-07-31 15:23:47 | INFO | Found latest version of tr87: tr87-cd924810 (downloaded: 2026-06-08 07:25:23.848054+00:00)
2026-07-31 15:23:47 | INFO | Found latest version of tr87: tr87-cd924810 (downloaded: 2026-06-08 07:25:23.848054+00:00)
2026-07-31 15:23:47 | INFO | Found latest version of tr87: tr87-cd924810 (downloaded: 2026-06-08 07:25:23.848054+00:00)
2026-07-31 15:23:47 | INFO | Found latest version of tr87: tr87-cd924810 (downloaded: 2026-06-08 07:25:23.848054+00:00)
2026-07-31 15:23:47 | INFO | Found latest version of tr87: tr87-cd924810 (downloaded: 2026-06-08 07:25:23.848054+00:00)
2026-07-31 15:23:47 | INFO | Found latest version of tr87: tr87-cd924810 (downloaded: 2026-06-08 07:25:23.848054+00:00)
2026-07-31 15:23:47 | INFO | Found latest version of tr87: tr87-cd924810 (downloaded: 2026-06-08 07:25:23.848054+00:00)
2026-07-31 15:23:47 | INFO | Found latest version of tr87: tr87-cd924810 (downloaded: 2026-06-08 07:25:23.848054+00:00)
2026-07-31 15:23:47 | INFO | Found latest version of tr87: tr87-cd924810 (downloaded: 2026-06-08 07:25:23.848054+00:00)
2026-07-31 15:23:47 | INFO | Found latest version of tr87: tr87-cd924810 (downloaded: 2026-06-08 07:25:23.848054+00:00)
2026-07-31 15:23:47 | INFO | Found latest version of tr87: tr87-cd924810 (downloaded: 2026-06-08 07:25:23.848054+00:00)
2026-07-31 15:23:47 | INFO | Found latest version of tr87: tr87-cd924810 (downloaded: 2026-06-08 07:25:23.848054+00:00)
2026-07-31 15:23:47 | INFO | Found latest version of tr87: tr87-cd924810 (downloaded: 2026-06-08 07:25:23.848054+00:00)
2026-07-31 15:23:47 | INFO | Found latest version of tr87: tr87-cd924810 (downloaded: 2026-06-08 07:25:23.848054+00:00)
2026-07-31 15:23:47 | INFO | Found latest version of tr87: tr87-cd924810 (downloaded: 2026-06-08 07:25:23.848054+00:00)
2026-07-31 15:23:47 | INFO | Found latest version of tr87: tr87-cd924810 (downloaded: 2026-06-08 07:25:23.848054+00:00)
2026-07-31 15:23:47 | INFO | Found latest version of tr87: tr87-cd924810 (downloaded: 2026-06-08 07:25:23.848054+00:00)
2026-07-31 15:23:47 | INFO | Found latest version of tr87: tr87-cd924810 (downloaded: 2026-06-08 07:25:23.848054+00:00)
2026-07-31 15:23:47 | INFO | Found latest version of tr87: tr87-cd924810 (downloaded: 2026-06-08 07:25:23.848054+00:00)
2026-07-31 15:23:47 | INFO | Found latest version of tr87: tr87-cd924810 (downloaded: 2026-06-08 07:25:23.848054+00:00)
2026-07-31 15:23:47 | INFO | Found latest version of tr87: tr87-cd924810 (downloaded: 2026-06-08 07:25:23.848054+00:00)
2026-07-31 15:23:47 | INFO | Found latest version of tr87: tr87-cd924810 (downloaded: 2026-06-08 07:25:23.848054+00:00)
2026-07-31 15:23:47 | INFO | Found latest version of tr87: tr87-cd924810 (downloaded: 2026-06-08 07:25:23.848054+00:00)
2026-07-31 15:23:47 | INFO | Found latest version of tr87: tr87-cd924810 (downloaded: 2026-06-08 07:25:23.848054+00:00)
2026-07-31 15:23:47 | INFO | Found latest version of tr87: tr87-cd924810 (downloaded: 2026-06-08 07:25:23.848054+00:00)
2026-07-31 15:23:47 | INFO | Found latest version of tr87: tr87-cd924810 (downloaded: 2026-06-08 07:25:23.848054+00:00)
2026-07-31 15:23:48 | INFO | Found latest version of tr87: tr87-cd924810 (downloaded: 2026-06-08 07:25:23.848054+00:00)
2026-07-31 15:23:48 | INFO | Found latest version of tr87: tr87-cd924810 (downloaded: 2026-06-08 07:25:23.848054+00:00)
2026-07-31 15:23:48 | INFO | Found latest version of tr87: tr87-cd924810 (downloaded: 2026-06-08 07:25:23.848054+00:00)
2026-07-31 15:23:48 | INFO | Found latest version of tr87: tr87-cd924810 (downloaded: 2026-06-08 07:25:23.848054+00:00)
2026-07-31 15:23:48 | INFO | Found latest version of tr87: tr87-cd924810 (downloaded: 2026-06-08 07:25:23.848054+00:00)
2026-07-31 15:23:48 | INFO | Found latest version of tr87: tr87-cd924810 (downloaded: 2026-06-08 07:25:23.848054+00:00)
2026-07-31 15:23:48 | INFO | Found latest version of tr87: tr87-cd924810 (downloaded: 2026-06-08 07:25:23.848054+00:00)
2026-07-31 15:23:48 | INFO | Found latest version of tr87: tr87-cd924810 (downloaded: 2026-06-08 07:25:23.848054+00:00)
2026-07-31 15:23:48 | INFO | Found latest version of tr87: tr87-cd924810 (downloaded: 2026-06-08 07:25:23.848054+00:00)
2026-07-31 15:23:48 | INFO | Found latest version of tr87: tr87-cd924810 (downloaded: 2026-06-08 07:25:23.848054+00:00)
2026-07-31 15:23:48 | INFO | Found latest version of tr87: tr87-cd924810 (downloaded: 2026-06-08 07:25:23.848054+00:00)
2026-07-31 15:23:48 | INFO | Found latest version of tr87: tr87-cd924810 (downloaded: 2026-06-08 07:25:23.848054+00:00)
2026-07-31 15:23:48 | INFO | Found latest version of tr87: tr87-cd924810 (downloaded: 2026-06-08 07:25:23.848054+00:00)
2026-07-31 15:23:48 | INFO | Found latest version of tr87: tr87-cd924810 (downloaded: 2026-06-08 07:25:23.848054+00:00)
2026-07-31 15:23:48 | INFO | Found latest version of tr87: tr87-cd924810 (downloaded: 2026-06-08 07:25:23.848054+00:00)
2026-07-31 15:23:48 | INFO | Found latest version of tr87: tr87-cd924810 (downloaded: 2026-06-08 07:25:23.848054+00:00)
2026-07-31 15:23:48 | INFO | Found latest version of tr87: tr87-cd924810 (downloaded: 2026-06-08 07:25:23.848054+00:00)
2026-07-31 15:23:48 | INFO | Found latest version of tr87: tr87-cd924810 (downloaded: 2026-06-08 07:25:23.848054+00:00)
2026-07-31 15:23:48 | INFO | Found latest version of tr87: tr87-cd924810 (downloaded: 2026-06-08 07:25:23.848054+00:00)
2026-07-31 15:23:48 | INFO | Found latest version of tr87: tr87-cd924810 (downloaded: 2026-06-08 07:25:23.848054+00:00)
2026-07-31 15:23:48 | INFO | Found latest version of tr87: tr87-cd924810 (downloaded: 2026-06-08 07:25:23.848054+00:00)
2026-07-31 15:23:48 | INFO | Found latest version of tr87: tr87-cd924810 (downloaded: 2026-06-08 07:25:23.848054+00:00)
2026-07-31 15:23:48 | INFO | Found latest version of tr87: tr87-cd924810 (downloaded: 2026-06-08 07:25:23.848054+00:00)
2026-07-31 15:23:48 | INFO | Found latest version of tr87: tr87-cd924810 (downloaded: 2026-06-08 07:25:23.848054+00:00)
2026-07-31 15:23:48 | INFO | Found latest version of tr87: tr87-cd924810 (downloaded: 2026-06-08 07:25:23.848054+00:00)
2026-07-31 15:23:48 | INFO | Found latest version of tr87: tr87-cd924810 (downloaded: 2026-06-08 07:25:23.848054+00:00)
2026-07-31 15:23:48 | INFO | Found latest version of tr87: tr87-cd924810 (downloaded: 2026-06-08 07:25:23.848054+00:00)
2026-07-31 15:23:48 | INFO | Found latest version of tr87: tr87-cd924810 (downloaded: 2026-06-08 07:25:23.848054+00:00)
2026-07-31 15:23:48 | INFO | Found latest version of tr87: tr87-cd924810 (downloaded: 2026-06-08 07:25:23.848054+00:00)
2026-07-31 15:23:48 | INFO | Found latest version of tr87: tr87-cd924810 (downloaded: 2026-06-08 07:25:23.848054+00:00)
2026-07-31 15:23:48 | INFO | Found latest version of tr87: tr87-cd924810 (downloaded: 2026-06-08 07:25:23.848054+00:00)
2026-07-31 15:23:48 | INFO | Found latest version of tr87: tr87-cd924810 (downloaded: 2026-06-08 07:25:23.848054+00:00)
2026-07-31 15:23:48 | INFO | Found latest version of tr87: tr87-cd924810 (downloaded: 2026-06-08 07:25:23.848054+00:00)
2026-07-31 15:23:48 | INFO | Found latest version of tr87: tr87-cd924810 (downloaded: 2026-06-08 07:25:23.848054+00:00)
2026-07-31 15:23:48 | INFO | Found latest version of tr87: tr87-cd924810 (downloaded: 2026-06-08 07:25:23.848054+00:00)
2026-07-31 15:23:48 | INFO | Found latest version of tr87: tr87-cd924810 (downloaded: 2026-06-08 07:25:23.848054+00:00)
2026-07-31 15:23:48 | INFO | Found latest version of tr87: tr87-cd924810 (downloaded: 2026-06-08 07:25:23.848054+00:00)
2026-07-31 15:23:48 | INFO | Found latest version of tr87: tr87-cd924810 (downloaded: 2026-06-08 07:25:23.848054+00:00)
2026-07-31 15:23:48 | INFO | Found latest version of tr87: tr87-cd924810 (downloaded: 2026-06-08 07:25:23.848054+00:00)
2026-07-31 15:23:48 | INFO | Found latest version of tr87: tr87-cd924810 (downloaded: 2026-06-08 07:25:23.848054+00:00)
2026-07-31 15:23:48 | INFO | Found latest version of tr87: tr87-cd924810 (downloaded: 2026-06-08 07:25:23.848054+00:00)
2026-07-31 15:23:48 | INFO | Found latest version of tr87: tr87-cd924810 (downloaded: 2026-06-08 07:25:23.848054+00:00)
2026-07-31 15:23:48 | INFO | Found latest version of tr87: tr87-cd924810 (downloaded: 2026-06-08 07:25:23.848054+00:00)
2026-07-31 15:23:48 | INFO | Found latest version of tr87: tr87-cd924810 (downloaded: 2026-06-08 07:25:23.848054+00:00)
2026-07-31 15:23:48 | INFO | Found latest version of tr87: tr87-cd924810 (downloaded: 2026-06-08 07:25:23.848054+00:00)
2026-07-31 15:23:48 | INFO | Found latest version of tr87: tr87-cd924810 (downloaded: 2026-06-08 07:25:23.848054+00:00)
2026-07-31 15:23:48 | INFO | Found latest version of tr87: tr87-cd924810 (downloaded: 2026-06-08 07:25:23.848054+00:00)
2026-07-31 15:23:48 | INFO | Found latest version of tr87: tr87-cd924810 (downloaded: 2026-06-08 07:25:23.848054+00:00)
2026-07-31 15:23:48 | INFO | Found latest version of tr87: tr87-cd924810 (downloaded: 2026-06-08 07:25:23.848054+00:00)
2026-07-31 15:23:48 | INFO | Found latest version of tr87: tr87-cd924810 (downloaded: 2026-06-08 07:25:23.848054+00:00)
2026-07-31 15:23:48 | INFO | Found latest version of tr87: tr87-cd924810 (downloaded: 2026-06-08 07:25:23.848054+00:00)
2026-07-31 15:23:48 | INFO | Found latest version of tr87: tr87-cd924810 (downloaded: 2026-06-08 07:25:23.848054+00:00)
2026-07-31 15:23:48 | INFO | Found latest version of tr87: tr87-cd924810 (downloaded: 2026-06-08 07:25:23.848054+00:00)
2026-07-31 15:23:48 | INFO | Found latest version of tr87: tr87-cd924810 (downloaded: 2026-06-08 07:25:23.848054+00:00)
2026-07-31 15:23:48 | INFO | Found latest version of tr87: tr87-cd924810 (downloaded: 2026-06-08 07:25:23.848054+00:00)
2026-07-31 15:23:48 | INFO | Found latest version of tr87: tr87-cd924810 (downloaded: 2026-06-08 07:25:23.848054+00:00)
2026-07-31 15:23:48 | INFO | Found latest version of tr87: tr87-cd924810 (downloaded: 2026-06-08 07:25:23.848054+00:00)
2026-07-31 15:23:48 | INFO | Found latest version of tr87: tr87-cd924810 (downloaded: 2026-06-08 07:25:23.848054+00:00)
2026-07-31 15:23:48 | INFO | Found latest version of tr87: tr87-cd924810 (downloaded: 2026-06-08 07:25:23.848054+00:00)
2026-07-31 15:23:48 | INFO | Found latest version of tr87: tr87-cd924810 (downloaded: 2026-06-08 07:25:23.848054+00:00)
2026-07-31 15:23:48 | INFO | Found latest version of tr87: tr87-cd924810 (downloaded: 2026-06-08 07:25:23.848054+00:00)
2026-07-31 15:23:48 | INFO | Found latest version of tr87: tr87-cd924810 (downloaded: 2026-06-08 07:25:23.848054+00:00)
2026-07-31 15:23:48 | INFO | Found latest version of tr87: tr87-cd924810 (downloaded: 2026-06-08 07:25:23.848054+00:00)
2026-07-31 15:23:48 | INFO | Found latest version of tr87: tr87-cd924810 (downloaded: 2026-06-08 07:25:23.848054+00:00)
2026-07-31 15:23:48 | INFO | Found latest version of tr87: tr87-cd924810 (downloaded: 2026-06-08 07:25:23.848054+00:00)
2026-07-31 15:23:49 | INFO | Found latest version of tr87: tr87-cd924810 (downloaded: 2026-06-08 07:25:23.848054+00:00)
2026-07-31 15:23:49 | INFO | Found latest version of tr87: tr87-cd924810 (downloaded: 2026-06-08 07:25:23.848054+00:00)
2026-07-31 15:23:49 | INFO | Found latest version of tr87: tr87-cd924810 (downloaded: 2026-06-08 07:25:23.848054+00:00)
2026-07-31 15:23:49 | INFO | Found latest version of tr87: tr87-cd924810 (downloaded: 2026-06-08 07:25:23.848054+00:00)
2026-07-31 15:23:49 | INFO | Found latest version of tr87: tr87-cd924810 (downloaded: 2026-06-08 07:25:23.848054+00:00)
2026-07-31 15:23:49 | INFO | Found latest version of tr87: tr87-cd924810 (downloaded: 2026-06-08 07:25:23.848054+00:00)
2026-07-31 15:23:49 | INFO | Found latest version of tr87: tr87-cd924810 (downloaded: 2026-06-08 07:25:23.848054+00:00)
2026-07-31 15:23:49 | INFO | Found latest version of tr87: tr87-cd924810 (downloaded: 2026-06-08 07:25:23.848054+00:00)
2026-07-31 15:23:49 | INFO | Found latest version of tr87: tr87-cd924810 (downloaded: 2026-06-08 07:25:23.848054+00:00)
2026-07-31 15:23:49 | INFO | Found latest version of tr87: tr87-cd924810 (downloaded: 2026-06-08 07:25:23.848054+00:00)
2026-07-31 15:23:49 | INFO | Found latest version of tr87: tr87-cd924810 (downloaded: 2026-06-08 07:25:23.848054+00:00)
2026-07-31 15:23:49 | INFO | Found latest version of tr87: tr87-cd924810 (downloaded: 2026-06-08 07:25:23.848054+00:00)
2026-07-31 15:23:49 | INFO | Found latest version of tr87: tr87-cd924810 (downloaded: 2026-06-08 07:25:23.848054+00:00)
2026-07-31 15:23:49 | INFO | Found latest version of tr87: tr87-cd924810 (downloaded: 2026-06-08 07:25:23.848054+00:00)
2026-07-31 15:23:49 | INFO | Found latest version of tr87: tr87-cd924810 (downloaded: 2026-06-08 07:25:23.848054+00:00)
2026-07-31 15:23:49 | INFO | Found latest version of tr87: tr87-cd924810 (downloaded: 2026-06-08 07:25:23.848054+00:00)
2026-07-31 15:23:49 | INFO | Found latest version of tr87: tr87-cd924810 (downloaded: 2026-06-08 07:25:23.848054+00:00)
2026-07-31 15:23:49 | INFO | Found latest version of tr87: tr87-cd924810 (downloaded: 2026-06-08 07:25:23.848054+00:00)
2026-07-31 15:23:49 | INFO | Found latest version of tr87: tr87-cd924810 (downloaded: 2026-06-08 07:25:23.848054+00:00)
2026-07-31 15:23:49 | INFO | Found latest version of tr87: tr87-cd924810 (downloaded: 2026-06-08 07:25:23.848054+00:00)
2026-07-31 15:23:49 | INFO | Found latest version of tr87: tr87-cd924810 (downloaded: 2026-06-08 07:25:23.848054+00:00)
2026-07-31 15:23:49 | INFO | Found latest version of tr87: tr87-cd924810 (downloaded: 2026-06-08 07:25:23.848054+00:00)
2026-07-31 15:23:49 | INFO | Found latest version of tr87: tr87-cd924810 (downloaded: 2026-06-08 07:25:23.848054+00:00)
2026-07-31 15:23:49 | INFO | Found latest version of tr87: tr87-cd924810 (downloaded: 2026-06-08 07:25:23.848054+00:00)
2026-07-31 15:23:49 | INFO | Found latest version of tr87: tr87-cd924810 (downloaded: 2026-06-08 07:25:23.848054+00:00)
2026-07-31 15:23:49 | INFO | Found latest version of tr87: tr87-cd924810 (downloaded: 2026-06-08 07:25:23.848054+00:00)
2026-07-31 15:23:49 | INFO | Found latest version of tr87: tr87-cd924810 (downloaded: 2026-06-08 07:25:23.848054+00:00)
2026-07-31 15:23:49 | INFO | Found latest version of tr87: tr87-cd924810 (downloaded: 2026-06-08 07:25:23.848054+00:00)
2026-07-31 15:23:49 | INFO | Found latest version of tr87: tr87-cd924810 (downloaded: 2026-06-08 07:25:23.848054+00:00)
2026-07-31 15:23:49 | INFO | Found latest version of tr87: tr87-cd924810 (downloaded: 2026-06-08 07:25:23.848054+00:00)
2026-07-31 15:23:49 | INFO | Found latest version of tr87: tr87-cd924810 (downloaded: 2026-06-08 07:25:23.848054+00:00)
2026-07-31 15:23:49 | INFO | Found latest version of tr87: tr87-cd924810 (downloaded: 2026-06-08 07:25:23.848054+00:00)
2026-07-31 15:23:49 | INFO | Found latest version of tr87: tr87-cd924810 (downloaded: 2026-06-08 07:25:23.848054+00:00)
2026-07-31 15:23:49 | INFO | Found latest version of tr87: tr87-cd924810 (downloaded: 2026-06-08 07:25:23.848054+00:00)
2026-07-31 15:23:49 | INFO | Found latest version of tr87: tr87-cd924810 (downloaded: 2026-06-08 07:25:23.848054+00:00)
2026-07-31 15:23:49 | INFO | Found latest version of tr87: tr87-cd924810 (downloaded: 2026-06-08 07:25:23.848054+00:00)
2026-07-31 15:23:49 | INFO | Found latest version of tr87: tr87-cd924810 (downloaded: 2026-06-08 07:25:23.848054+00:00)
2026-07-31 15:23:49 | INFO | Found latest version of tr87: tr87-cd924810 (downloaded: 2026-06-08 07:25:23.848054+00:00)
2026-07-31 15:23:49 | INFO | Found latest version of tr87: tr87-cd924810 (downloaded: 2026-06-08 07:25:23.848054+00:00)
2026-07-31 15:23:49 | INFO | Found latest version of tr87: tr87-cd924810 (downloaded: 2026-06-08 07:25:23.848054+00:00)
2026-07-31 15:23:49 | INFO | Found latest version of tr87: tr87-cd924810 (downloaded: 2026-06-08 07:25:23.848054+00:00)
2026-07-31 15:23:49 | INFO | Found latest version of tr87: tr87-cd924810 (downloaded: 2026-06-08 07:25:23.848054+00:00)
2026-07-31 15:23:49 | INFO | Found latest version of tr87: tr87-cd924810 (downloaded: 2026-06-08 07:25:23.848054+00:00)
2026-07-31 15:23:49 | INFO | Found latest version of tr87: tr87-cd924810 (downloaded: 2026-06-08 07:25:23.848054+00:00)
2026-07-31 15:23:49 | INFO | Found latest version of tr87: tr87-cd924810 (downloaded: 2026-06-08 07:25:23.848054+00:00)
2026-07-31 15:23:49 | INFO | Found latest version of tr87: tr87-cd924810 (downloaded: 2026-06-08 07:25:23.848054+00:00)
2026-07-31 15:23:49 | INFO | Found latest version of tr87: tr87-cd924810 (downloaded: 2026-06-08 07:25:23.848054+00:00)
2026-07-31 15:23:50 | INFO | Found latest version of tr87: tr87-cd924810 (downloaded: 2026-06-08 07:25:23.848054+00:00)
2026-07-31 15:23:50 | INFO | Found latest version of tr87: tr87-cd924810 (downloaded: 2026-06-08 07:25:23.848054+00:00)
2026-07-31 15:23:50 | INFO | Found latest version of tr87: tr87-cd924810 (downloaded: 2026-06-08 07:25:23.848054+00:00)
2026-07-31 15:23:50 | INFO | Found latest version of tr87: tr87-cd924810 (downloaded: 2026-06-08 07:25:23.848054+00:00)
2026-07-31 15:23:50 | INFO | Found latest version of tr87: tr87-cd924810 (downloaded: 2026-06-08 07:25:23.848054+00:00)
2026-07-31 15:23:50 | INFO | Found latest version of tr87: tr87-cd924810 (downloaded: 2026-06-08 07:25:23.848054+00:00)
2026-07-31 15:23:50 | INFO | Found latest version of tr87: tr87-cd924810 (downloaded: 2026-06-08 07:25:23.848054+00:00)
2026-07-31 15:23:50 | INFO | Found latest version of tr87: tr87-cd924810 (downloaded: 2026-06-08 07:25:23.848054+00:00)
2026-07-31 15:23:50 | INFO | Found latest version of tr87: tr87-cd924810 (downloaded: 2026-06-08 07:25:23.848054+00:00)
2026-07-31 15:23:50 | INFO | Found latest version of tr87: tr87-cd924810 (downloaded: 2026-06-08 07:25:23.848054+00:00)
2026-07-31 15:23:50 | INFO | Found latest version of tr87: tr87-cd924810 (downloaded: 2026-06-08 07:25:23.848054+00:00)
2026-07-31 15:23:50 | INFO | Found latest version of tr87: tr87-cd924810 (downloaded: 2026-06-08 07:25:23.848054+00:00)
2026-07-31 15:23:50 | INFO | Found latest version of tr87: tr87-cd924810 (downloaded: 2026-06-08 07:25:23.848054+00:00)
2026-07-31 15:23:50 | INFO | Found latest version of tr87: tr87-cd924810 (downloaded: 2026-06-08 07:25:23.848054+00:00)
2026-07-31 15:23:50 | INFO | Found latest version of tr87: tr87-cd924810 (downloaded: 2026-06-08 07:25:23.848054+00:00)
2026-07-31 15:23:50 | INFO | Found latest version of tr87: tr87-cd924810 (downloaded: 2026-06-08 07:25:23.848054+00:00)
2026-07-31 15:23:50 | INFO | Found latest version of tr87: tr87-cd924810 (downloaded: 2026-06-08 07:25:23.848054+00:00)
2026-07-31 15:23:50 | INFO | Found latest version of tr87: tr87-cd924810 (downloaded: 2026-06-08 07:25:23.848054+00:00)
2026-07-31 15:23:50 | INFO | Found latest version of tr87: tr87-cd924810 (downloaded: 2026-06-08 07:25:23.848054+00:00)
2026-07-31 15:23:50 | INFO | Found latest version of tr87: tr87-cd924810 (downloaded: 2026-06-08 07:25:23.848054+00:00)
2026-07-31 15:23:50 | INFO | Found latest version of tr87: tr87-cd924810 (downloaded: 2026-06-08 07:25:23.848054+00:00)
2026-07-31 15:23:50 | INFO | Found latest version of tr87: tr87-cd924810 (downloaded: 2026-06-08 07:25:23.848054+00:00)
2026-07-31 15:23:50 | INFO | Found latest version of tr87: tr87-cd924810 (downloaded: 2026-06-08 07:25:23.848054+00:00)
2026-07-31 15:23:50 | INFO | Found latest version of tr87: tr87-cd924810 (downloaded: 2026-06-08 07:25:23.848054+00:00)
2026-07-31 15:23:50 | INFO | Found latest version of tr87: tr87-cd924810 (downloaded: 2026-06-08 07:25:23.848054+00:00)
2026-07-31 15:23:50 | INFO | Found latest version of tr87: tr87-cd924810 (downloaded: 2026-06-08 07:25:23.848054+00:00)
2026-07-31 15:23:50 | INFO | Found latest version of tr87: tr87-cd924810 (downloaded: 2026-06-08 07:25:23.848054+00:00)
2026-07-31 15:23:50 | INFO | Found latest version of tr87: tr87-cd924810 (downloaded: 2026-06-08 07:25:23.848054+00:00)
2026-07-31 15:23:50 | INFO | Found latest version of tr87: tr87-cd924810 (downloaded: 2026-06-08 07:25:23.848054+00:00)
2026-07-31 15:23:50 | INFO | Found latest version of tr87: tr87-cd924810 (downloaded: 2026-06-08 07:25:23.848054+00:00)
2026-07-31 15:23:50 | INFO | Found latest version of tr87: tr87-cd924810 (downloaded: 2026-06-08 07:25:23.848054+00:00)
2026-07-31 15:23:50 | INFO | Found latest version of tr87: tr87-cd924810 (downloaded: 2026-06-08 07:25:23.848054+00:00)
2026-07-31 15:23:50 | INFO | Found latest version of tr87: tr87-cd924810 (downloaded: 2026-06-08 07:25:23.848054+00:00)
2026-07-31 15:23:50 | INFO | Found latest version of tr87: tr87-cd924810 (downloaded: 2026-06-08 07:25:23.848054+00:00)
2026-07-31 15:23:50 | INFO | Found latest version of tr87: tr87-cd924810 (downloaded: 2026-06-08 07:25:23.848054+00:00)
2026-07-31 15:23:50 | INFO | Found latest version of tr87: tr87-cd924810 (downloaded: 2026-06-08 07:25:23.848054+00:00)
2026-07-31 15:23:50 | INFO | Found latest version of tr87: tr87-cd924810 (downloaded: 2026-06-08 07:25:23.848054+00:00)
2026-07-31 15:23:50 | INFO | Found latest version of tr87: tr87-cd924810 (downloaded: 2026-06-08 07:25:23.848054+00:00)
2026-07-31 15:23:50 | INFO | Found latest version of tr87: tr87-cd924810 (downloaded: 2026-06-08 07:25:23.848054+00:00)
2026-07-31 15:23:50 | INFO | Found latest version of tr87: tr87-cd924810 (downloaded: 2026-06-08 07:25:23.848054+00:00)
2026-07-31 15:23:50 | INFO | Found latest version of tr87: tr87-cd924810 (downloaded: 2026-06-08 07:25:23.848054+00:00)
2026-07-31 15:23:50 | INFO | Found latest version of tr87: tr87-cd924810 (downloaded: 2026-06-08 07:25:23.848054+00:00)
2026-07-31 15:23:50 | INFO | Found latest version of tr87: tr87-cd924810 (downloaded: 2026-06-08 07:25:23.848054+00:00)
2026-07-31 15:23:50 | INFO | Found latest version of tr87: tr87-cd924810 (downloaded: 2026-06-08 07:25:23.848054+00:00)
2026-07-31 15:23:50 | INFO | Found latest version of tr87: tr87-cd924810 (downloaded: 2026-06-08 07:25:23.848054+00:00)
2026-07-31 15:23:50 | INFO | Found latest version of tr87: tr87-cd924810 (downloaded: 2026-06-08 07:25:23.848054+00:00)
2026-07-31 15:23:50 | INFO | Found latest version of tr87: tr87-cd924810 (downloaded: 2026-06-08 07:25:23.848054+00:00)
2026-07-31 15:23:50 | INFO | Found latest version of tr87: tr87-cd924810 (downloaded: 2026-06-08 07:25:23.848054+00:00)
2026-07-31 15:23:50 | INFO | Found latest version of tr87: tr87-cd924810 (downloaded: 2026-06-08 07:25:23.848054+00:00)
2026-07-31 15:23:50 | INFO | Found latest version of tr87: tr87-cd924810 (downloaded: 2026-06-08 07:25:23.848054+00:00)
2026-07-31 15:23:50 | INFO | Found latest version of tr87: tr87-cd924810 (downloaded: 2026-06-08 07:25:23.848054+00:00)
2026-07-31 15:23:50 | INFO | Found latest version of tr87: tr87-cd924810 (downloaded: 2026-06-08 07:25:23.848054+00:00)
2026-07-31 15:23:50 | INFO | Found latest version of tr87: tr87-cd924810 (downloaded: 2026-06-08 07:25:23.848054+00:00)
2026-07-31 15:23:50 | INFO | Found latest version of tr87: tr87-cd924810 (downloaded: 2026-06-08 07:25:23.848054+00:00)
2026-07-31 15:23:51 | INFO | Found latest version of tr87: tr87-cd924810 (downloaded: 2026-06-08 07:25:23.848054+00:00)
2026-07-31 15:23:51 | INFO | Found latest version of tr87: tr87-cd924810 (downloaded: 2026-06-08 07:25:23.848054+00:00)
2026-07-31 15:23:51 | INFO | Found latest version of tr87: tr87-cd924810 (downloaded: 2026-06-08 07:25:23.848054+00:00)
2026-07-31 15:23:51 | INFO | Found latest version of tr87: tr87-cd924810 (downloaded: 2026-06-08 07:25:23.848054+00:00)
2026-07-31 15:23:51 | INFO | Found latest version of tr87: tr87-cd924810 (downloaded: 2026-06-08 07:25:23.848054+00:00)
2026-07-31 15:23:51 | INFO | Found latest version of tr87: tr87-cd924810 (downloaded: 2026-06-08 07:25:23.848054+00:00)
2026-07-31 15:23:51 | INFO | Found latest version of tr87: tr87-cd924810 (downloaded: 2026-06-08 07:25:23.848054+00:00)
2026-07-31 15:23:51 | INFO | Found latest version of tr87: tr87-cd924810 (downloaded: 2026-06-08 07:25:23.848054+00:00)
2026-07-31 15:23:51 | INFO | Found latest version of tr87: tr87-cd924810 (downloaded: 2026-06-08 07:25:23.848054+00:00)
2026-07-31 15:23:51 | INFO | Found latest version of tr87: tr87-cd924810 (downloaded: 2026-06-08 07:25:23.848054+00:00)
2026-07-31 15:23:51 | INFO | Found latest version of tr87: tr87-cd924810 (downloaded: 2026-06-08 07:25:23.848054+00:00)
2026-07-31 15:23:51 | INFO | Found latest version of tr87: tr87-cd924810 (downloaded: 2026-06-08 07:25:23.848054+00:00)
2026-07-31 15:23:51 | INFO | Found latest version of tr87: tr87-cd924810 (downloaded: 2026-06-08 07:25:23.848054+00:00)
2026-07-31 15:23:51 | INFO | Found latest version of tr87: tr87-cd924810 (downloaded: 2026-06-08 07:25:23.848054+00:00)
2026-07-31 15:23:51 | INFO | Found latest version of tr87: tr87-cd924810 (downloaded: 2026-06-08 07:25:23.848054+00:00)
2026-07-31 15:23:51 | INFO | Found latest version of tr87: tr87-cd924810 (downloaded: 2026-06-08 07:25:23.848054+00:00)
2026-07-31 15:23:51 | INFO | Found latest version of tr87: tr87-cd924810 (downloaded: 2026-06-08 07:25:23.848054+00:00)
2026-07-31 15:23:51 | INFO | Found latest version of tr87: tr87-cd924810 (downloaded: 2026-06-08 07:25:23.848054+00:00)
2026-07-31 15:23:51 | INFO | Found latest version of tr87: tr87-cd924810 (downloaded: 2026-06-08 07:25:23.848054+00:00)
2026-07-31 15:23:51 | INFO | Found latest version of tr87: tr87-cd924810 (downloaded: 2026-06-08 07:25:23.848054+00:00)
2026-07-31 15:23:51 | INFO | Found latest version of tr87: tr87-cd924810 (downloaded: 2026-06-08 07:25:23.848054+00:00)
2026-07-31 15:23:51 | INFO | Found latest version of tr87: tr87-cd924810 (downloaded: 2026-06-08 07:25:23.848054+00:00)
2026-07-31 15:23:51 | INFO | Found latest version of tr87: tr87-cd924810 (downloaded: 2026-06-08 07:25:23.848054+00:00)
2026-07-31 15:23:51 | INFO | Found latest version of tr87: tr87-cd924810 (downloaded: 2026-06-08 07:25:23.848054+00:00)
2026-07-31 15:23:51 | INFO | Found latest version of tr87: tr87-cd924810 (downloaded: 2026-06-08 07:25:23.848054+00:00)
2026-07-31 15:23:51 | INFO | Found latest version of tr87: tr87-cd924810 (downloaded: 2026-06-08 07:25:23.848054+00:00)
2026-07-31 15:23:51 | INFO | Found latest version of tr87: tr87-cd924810 (downloaded: 2026-06-08 07:25:23.848054+00:00)
2026-07-31 15:23:51 | INFO | Found latest version of tr87: tr87-cd924810 (downloaded: 2026-06-08 07:25:23.848054+00:00)
2026-07-31 15:23:51 | INFO | Found latest version of tr87: tr87-cd924810 (downloaded: 2026-06-08 07:25:23.848054+00:00)
2026-07-31 15:23:51 | INFO | Found latest version of tr87: tr87-cd924810 (downloaded: 2026-06-08 07:25:23.848054+00:00)
2026-07-31 15:23:51 | INFO | Found latest version of tr87: tr87-cd924810 (downloaded: 2026-06-08 07:25:23.848054+00:00)
2026-07-31 15:23:51 | INFO | Found latest version of tr87: tr87-cd924810 (downloaded: 2026-06-08 07:25:23.848054+00:00)
2026-07-31 15:23:51 | INFO | Found latest version of tr87: tr87-cd924810 (downloaded: 2026-06-08 07:25:23.848054+00:00)
2026-07-31 15:23:51 | INFO | Found latest version of tr87: tr87-cd924810 (downloaded: 2026-06-08 07:25:23.848054+00:00)
2026-07-31 15:23:51 | INFO | Found latest version of tr87: tr87-cd924810 (downloaded: 2026-06-08 07:25:23.848054+00:00)
2026-07-31 15:23:51 | INFO | Found latest version of tr87: tr87-cd924810 (downloaded: 2026-06-08 07:25:23.848054+00:00)
2026-07-31 15:23:51 | INFO | Found latest version of tr87: tr87-cd924810 (downloaded: 2026-06-08 07:25:23.848054+00:00)
2026-07-31 15:23:51 | INFO | Found latest version of tr87: tr87-cd924810 (downloaded: 2026-06-08 07:25:23.848054+00:00)
2026-07-31 15:23:51 | INFO | Found latest version of tr87: tr87-cd924810 (downloaded: 2026-06-08 07:25:23.848054+00:00)
2026-07-31 15:23:51 | INFO | Found latest version of tr87: tr87-cd924810 (downloaded: 2026-06-08 07:25:23.848054+00:00)
2026-07-31 15:23:51 | INFO | Found latest version of tr87: tr87-cd924810 (downloaded: 2026-06-08 07:25:23.848054+00:00)
2026-07-31 15:23:51 | INFO | Found latest version of tr87: tr87-cd924810 (downloaded: 2026-06-08 07:25:23.848054+00:00)
2026-07-31 15:23:51 | INFO | Found latest version of tr87: tr87-cd924810 (downloaded: 2026-06-08 07:25:23.848054+00:00)
2026-07-31 15:23:51 | INFO | Found latest version of tr87: tr87-cd924810 (downloaded: 2026-06-08 07:25:23.848054+00:00)
2026-07-31 15:23:51 | INFO | Found latest version of tr87: tr87-cd924810 (downloaded: 2026-06-08 07:25:23.848054+00:00)
2026-07-31 15:23:51 | INFO | Found latest version of tr87: tr87-cd924810 (downloaded: 2026-06-08 07:25:23.848054+00:00)
2026-07-31 15:23:51 | INFO | Found latest version of tr87: tr87-cd924810 (downloaded: 2026-06-08 07:25:23.848054+00:00)
2026-07-31 15:23:51 | INFO | Found latest version of tr87: tr87-cd924810 (downloaded: 2026-06-08 07:25:23.848054+00:00)
2026-07-31 15:23:51 | INFO | Found latest version of tr87: tr87-cd924810 (downloaded: 2026-06-08 07:25:23.848054+00:00)
2026-07-31 15:23:51 | INFO | Found latest version of tr87: tr87-cd924810 (downloaded: 2026-06-08 07:25:23.848054+00:00)
2026-07-31 15:23:51 | INFO | Found latest version of tr87: tr87-cd924810 (downloaded: 2026-06-08 07:25:23.848054+00:00)
2026-07-31 15:23:51 | INFO | Found latest version of tr87: tr87-cd924810 (downloaded: 2026-06-08 07:25:23.848054+00:00)
2026-07-31 15:23:51 | INFO | Found latest version of tr87: tr87-cd924810 (downloaded: 2026-06-08 07:25:23.848054+00:00)
2026-07-31 15:23:51 | INFO | Found latest version of tr87: tr87-cd924810 (downloaded: 2026-06-08 07:25:23.848054+00:00)
2026-07-31 15:23:51 | INFO | Found latest version of tr87: tr87-cd924810 (downloaded: 2026-06-08 07:25:23.848054+00:00)
2026-07-31 15:23:51 | INFO | Found latest version of tr87: tr87-cd924810 (downloaded: 2026-06-08 07:25:23.848054+00:00)
2026-07-31 15:23:51 | INFO | Found latest version of tr87: tr87-cd924810 (downloaded: 2026-06-08 07:25:23.848054+00:00)
2026-07-31 15:23:51 | INFO | Found latest version of tr87: tr87-cd924810 (downloaded: 2026-06-08 07:25:23.848054+00:00)
2026-07-31 15:23:51 | INFO | Found latest version of tr87: tr87-cd924810 (downloaded: 2026-06-08 07:25:23.848054+00:00)
2026-07-31 15:23:52 | INFO | Found latest version of tr87: tr87-cd924810 (downloaded: 2026-06-08 07:25:23.848054+00:00)
2026-07-31 15:23:52 | INFO | Found latest version of tr87: tr87-cd924810 (downloaded: 2026-06-08 07:25:23.848054+00:00)
2026-07-31 15:23:52 | INFO | Found latest version of tr87: tr87-cd924810 (downloaded: 2026-06-08 07:25:23.848054+00:00)
2026-07-31 15:23:52 | INFO | Found latest version of tr87: tr87-cd924810 (downloaded: 2026-06-08 07:25:23.848054+00:00)
2026-07-31 15:23:52 | INFO | Found latest version of tr87: tr87-cd924810 (downloaded: 2026-06-08 07:25:23.848054+00:00)
2026-07-31 15:23:52 | INFO | Found latest version of tr87: tr87-cd924810 (downloaded: 2026-06-08 07:25:23.848054+00:00)
2026-07-31 15:23:52 | INFO | Found latest version of tr87: tr87-cd924810 (downloaded: 2026-06-08 07:25:23.848054+00:00)
2026-07-31 15:23:52 | INFO | Found latest version of tr87: tr87-cd924810 (downloaded: 2026-06-08 07:25:23.848054+00:00)
2026-07-31 15:23:52 | INFO | Found latest version of tr87: tr87-cd924810 (downloaded: 2026-06-08 07:25:23.848054+00:00)
2026-07-31 15:23:52 | INFO | Found latest version of tr87: tr87-cd924810 (downloaded: 2026-06-08 07:25:23.848054+00:00)
2026-07-31 15:23:52 | INFO | Found latest version of tr87: tr87-cd924810 (downloaded: 2026-06-08 07:25:23.848054+00:00)
2026-07-31 15:23:52 | INFO | Found latest version of tr87: tr87-cd924810 (downloaded: 2026-06-08 07:25:23.848054+00:00)
2026-07-31 15:23:52 | INFO | Found latest version of tr87: tr87-cd924810 (downloaded: 2026-06-08 07:25:23.848054+00:00)
2026-07-31 15:23:52 | INFO | Found latest version of tr87: tr87-cd924810 (downloaded: 2026-06-08 07:25:23.848054+00:00)
2026-07-31 15:23:52 | INFO | Found latest version of tr87: tr87-cd924810 (downloaded: 2026-06-08 07:25:23.848054+00:00)
2026-07-31 15:23:52 | INFO | Found latest version of tr87: tr87-cd924810 (downloaded: 2026-06-08 07:25:23.848054+00:00)
2026-07-31 15:23:52 | INFO | Found latest version of tr87: tr87-cd924810 (downloaded: 2026-06-08 07:25:23.848054+00:00)
2026-07-31 15:23:52 | INFO | Found latest version of tr87: tr87-cd924810 (downloaded: 2026-06-08 07:25:23.848054+00:00)
2026-07-31 15:23:52 | INFO | Found latest version of tr87: tr87-cd924810 (downloaded: 2026-06-08 07:25:23.848054+00:00)
2026-07-31 15:23:52 | INFO | Found latest version of tr87: tr87-cd924810 (downloaded: 2026-06-08 07:25:23.848054+00:00)
2026-07-31 15:23:52 | INFO | Found latest version of tr87: tr87-cd924810 (downloaded: 2026-06-08 07:25:23.848054+00:00)
2026-07-31 15:23:52 | INFO | Found latest version of tr87: tr87-cd924810 (downloaded: 2026-06-08 07:25:23.848054+00:00)
2026-07-31 15:23:52 | INFO | Found latest version of tr87: tr87-cd924810 (downloaded: 2026-06-08 07:25:23.848054+00:00)
2026-07-31 15:23:52 | INFO | Found latest version of tr87: tr87-cd924810 (downloaded: 2026-06-08 07:25:23.848054+00:00)
2026-07-31 15:23:52 | INFO | Found latest version of tr87: tr87-cd924810 (downloaded: 2026-06-08 07:25:23.848054+00:00)
2026-07-31 15:23:52 | INFO | Found latest version of tr87: tr87-cd924810 (downloaded: 2026-06-08 07:25:23.848054+00:00)
2026-07-31 15:23:52 | INFO | Found latest version of tr87: tr87-cd924810 (downloaded: 2026-06-08 07:25:23.848054+00:00)
2026-07-31 15:23:52 | INFO | Found latest version of tr87: tr87-cd924810 (downloaded: 2026-06-08 07:25:23.848054+00:00)
2026-07-31 15:23:52 | INFO | Found latest version of tr87: tr87-cd924810 (downloaded: 2026-06-08 07:25:23.848054+00:00)
2026-07-31 15:23:52 | INFO | Found latest version of tr87: tr87-cd924810 (downloaded: 2026-06-08 07:25:23.848054+00:00)
2026-07-31 15:23:52 | INFO | Found latest version of tr87: tr87-cd924810 (downloaded: 2026-06-08 07:25:23.848054+00:00)
2026-07-31 15:23:52 | INFO | Found latest version of tr87: tr87-cd924810 (downloaded: 2026-06-08 07:25:23.848054+00:00)
2026-07-31 15:23:52 | INFO | Found latest version of tr87: tr87-cd924810 (downloaded: 2026-06-08 07:25:23.848054+00:00)
2026-07-31 15:23:52 | INFO | Found latest version of tr87: tr87-cd924810 (downloaded: 2026-06-08 07:25:23.848054+00:00)
2026-07-31 15:23:52 | INFO | Found latest version of tr87: tr87-cd924810 (downloaded: 2026-06-08 07:25:23.848054+00:00)
2026-07-31 15:23:52 | INFO | Found latest version of tr87: tr87-cd924810 (downloaded: 2026-06-08 07:25:23.848054+00:00)
2026-07-31 15:23:52 | INFO | Found latest version of tr87: tr87-cd924810 (downloaded: 2026-06-08 07:25:23.848054+00:00)
2026-07-31 15:23:52 | INFO | Found latest version of tr87: tr87-cd924810 (downloaded: 2026-06-08 07:25:23.848054+00:00)
2026-07-31 15:23:52 | INFO | Found latest version of tr87: tr87-cd924810 (downloaded: 2026-06-08 07:25:23.848054+00:00)
2026-07-31 15:23:52 | INFO | Found latest version of tr87: tr87-cd924810 (downloaded: 2026-06-08 07:25:23.848054+00:00)
2026-07-31 15:23:52 | INFO | Found latest version of tr87: tr87-cd924810 (downloaded: 2026-06-08 07:25:23.848054+00:00)
2026-07-31 15:23:52 | INFO | Found latest version of tr87: tr87-cd924810 (downloaded: 2026-06-08 07:25:23.848054+00:00)
2026-07-31 15:23:52 | INFO | Found latest version of tr87: tr87-cd924810 (downloaded: 2026-06-08 07:25:23.848054+00:00)
2026-07-31 15:23:52 | INFO | Found latest version of tr87: tr87-cd924810 (downloaded: 2026-06-08 07:25:23.848054+00:00)
2026-07-31 15:23:52 | INFO | Found latest version of tr87: tr87-cd924810 (downloaded: 2026-06-08 07:25:23.848054+00:00)
2026-07-31 15:23:52 | INFO | Found latest version of tr87: tr87-cd924810 (downloaded: 2026-06-08 07:25:23.848054+00:00)
2026-07-31 15:23:52 | INFO | Found latest version of tr87: tr87-cd924810 (downloaded: 2026-06-08 07:25:23.848054+00:00)
2026-07-31 15:23:52 | INFO | Found latest version of tr87: tr87-cd924810 (downloaded: 2026-06-08 07:25:23.848054+00:00)
2026-07-31 15:23:52 | INFO | Found latest version of tr87: tr87-cd924810 (downloaded: 2026-06-08 07:25:23.848054+00:00)
2026-07-31 15:23:52 | INFO | Found latest version of tr87: tr87-cd924810 (downloaded: 2026-06-08 07:25:23.848054+00:00)
2026-07-31 15:23:52 | INFO | Found latest version of tr87: tr87-cd924810 (downloaded: 2026-06-08 07:25:23.848054+00:00)
2026-07-31 15:23:52 | INFO | Found latest version of tr87: tr87-cd924810 (downloaded: 2026-06-08 07:25:23.848054+00:00)
2026-07-31 15:23:52 | INFO | Found latest version of tr87: tr87-cd924810 (downloaded: 2026-06-08 07:25:23.848054+00:00)
2026-07-31 15:23:52 | INFO | Found latest version of tr87: tr87-cd924810 (downloaded: 2026-06-08 07:25:23.848054+00:00)
2026-07-31 15:23:52 | INFO | Found latest version of tr87: tr87-cd924810 (downloaded: 2026-06-08 07:25:23.848054+00:00)
2026-07-31 15:23:52 | INFO | Found latest version of tr87: tr87-cd924810 (downloaded: 2026-06-08 07:25:23.848054+00:00)
2026-07-31 15:23:52 | INFO | Found latest version of tr87: tr87-cd924810 (downloaded: 2026-06-08 07:25:23.848054+00:00)
2026-07-31 15:23:52 | INFO | Found latest version of tr87: tr87-cd924810 (downloaded: 2026-06-08 07:25:23.848054+00:00)
2026-07-31 15:23:52 | INFO | Found latest version of tr87: tr87-cd924810 (downloaded: 2026-06-08 07:25:23.848054+00:00)
2026-07-31 15:23:52 | INFO | Found latest version of tr87: tr87-cd924810 (downloaded: 2026-06-08 07:25:23.848054+00:00)
2026-07-31 15:23:52 | INFO | Found latest version of tr87: tr87-cd924810 (downloaded: 2026-06-08 07:25:23.848054+00:00)
2026-07-31 15:23:53 | INFO | Found latest version of tr87: tr87-cd924810 (downloaded: 2026-06-08 07:25:23.848054+00:00)
2026-07-31 15:23:53 | INFO | Found latest version of tr87: tr87-cd924810 (downloaded: 2026-06-08 07:25:23.848054+00:00)
2026-07-31 15:23:53 | INFO | Found latest version of tr87: tr87-cd924810 (downloaded: 2026-06-08 07:25:23.848054+00:00)
2026-07-31 15:23:53 | INFO | Found latest version of tr87: tr87-cd924810 (downloaded: 2026-06-08 07:25:23.848054+00:00)
2026-07-31 15:23:53 | INFO | Found latest version of tr87: tr87-cd924810 (downloaded: 2026-06-08 07:25:23.848054+00:00)
2026-07-31 15:23:53 | INFO | Found latest version of tr87: tr87-cd924810 (downloaded: 2026-06-08 07:25:23.848054+00:00)
2026-07-31 15:23:53 | INFO | Found latest version of tr87: tr87-cd924810 (downloaded: 2026-06-08 07:25:23.848054+00:00)
2026-07-31 15:23:53 | INFO | Found latest version of tr87: tr87-cd924810 (downloaded: 2026-06-08 07:25:23.848054+00:00)
2026-07-31 15:23:53 | INFO | Found latest version of tr87: tr87-cd924810 (downloaded: 2026-06-08 07:25:23.848054+00:00)
2026-07-31 15:23:53 | INFO | Found latest version of tr87: tr87-cd924810 (downloaded: 2026-06-08 07:25:23.848054+00:00)
2026-07-31 15:23:53 | INFO | Found latest version of tr87: tr87-cd924810 (downloaded: 2026-06-08 07:25:23.848054+00:00)
2026-07-31 15:23:53 | INFO | Found latest version of tr87: tr87-cd924810 (downloaded: 2026-06-08 07:25:23.848054+00:00)
2026-07-31 15:23:53 | INFO | Found latest version of tr87: tr87-cd924810 (downloaded: 2026-06-08 07:25:23.848054+00:00)
2026-07-31 15:23:53 | INFO | Found latest version of tr87: tr87-cd924810 (downloaded: 2026-06-08 07:25:23.848054+00:00)
2026-07-31 15:23:53 | INFO | Found latest version of tr87: tr87-cd924810 (downloaded: 2026-06-08 07:25:23.848054+00:00)
2026-07-31 15:23:53 | INFO | Found latest version of tr87: tr87-cd924810 (downloaded: 2026-06-08 07:25:23.848054+00:00)
2026-07-31 15:23:53 | INFO | Found latest version of tr87: tr87-cd924810 (downloaded: 2026-06-08 07:25:23.848054+00:00)
2026-07-31 15:23:53 | INFO | Found latest version of tr87: tr87-cd924810 (downloaded: 2026-06-08 07:25:23.848054+00:00)
2026-07-31 15:23:53 | INFO | Found latest version of tr87: tr87-cd924810 (downloaded: 2026-06-08 07:25:23.848054+00:00)
2026-07-31 15:23:53 | INFO | Found latest version of tr87: tr87-cd924810 (downloaded: 2026-06-08 07:25:23.848054+00:00)
2026-07-31 15:23:53 | INFO | Found latest version of tr87: tr87-cd924810 (downloaded: 2026-06-08 07:25:23.848054+00:00)
2026-07-31 15:23:53 | INFO | Found latest version of tr87: tr87-cd924810 (downloaded: 2026-06-08 07:25:23.848054+00:00)
2026-07-31 15:23:53 | INFO | Found latest version of tr87: tr87-cd924810 (downloaded: 2026-06-08 07:25:23.848054+00:00)
2026-07-31 15:23:53 | INFO | Found latest version of tr87: tr87-cd924810 (downloaded: 2026-06-08 07:25:23.848054+00:00)
2026-07-31 15:23:53 | INFO | Found latest version of tr87: tr87-cd924810 (downloaded: 2026-06-08 07:25:23.848054+00:00)
2026-07-31 15:23:53 | INFO | Found latest version of tr87: tr87-cd924810 (downloaded: 2026-06-08 07:25:23.848054+00:00)
2026-07-31 15:23:53 | INFO | Found latest version of tr87: tr87-cd924810 (downloaded: 2026-06-08 07:25:23.848054+00:00)
2026-07-31 15:23:53 | INFO | Found latest version of tr87: tr87-cd924810 (downloaded: 2026-06-08 07:25:23.848054+00:00)
2026-07-31 15:23:53 | INFO | Found latest version of tr87: tr87-cd924810 (downloaded: 2026-06-08 07:25:23.848054+00:00)
2026-07-31 15:23:53 | INFO | Found latest version of tr87: tr87-cd924810 (downloaded: 2026-06-08 07:25:23.848054+00:00)
2026-07-31 15:23:53 | INFO | Found latest version of tr87: tr87-cd924810 (downloaded: 2026-06-08 07:25:23.848054+00:00)
2026-07-31 15:23:53 | INFO | Found latest version of tr87: tr87-cd924810 (downloaded: 2026-06-08 07:25:23.848054+00:00)
2026-07-31 15:23:53 | INFO | Found latest version of tr87: tr87-cd924810 (downloaded: 2026-06-08 07:25:23.848054+00:00)
2026-07-31 15:23:53 | INFO | Found latest version of tr87: tr87-cd924810 (downloaded: 2026-06-08 07:25:23.848054+00:00)
2026-07-31 15:23:53 | INFO | Found latest version of tr87: tr87-cd924810 (downloaded: 2026-06-08 07:25:23.848054+00:00)
2026-07-31 15:23:53 | INFO | Found latest version of tr87: tr87-cd924810 (downloaded: 2026-06-08 07:25:23.848054+00:00)
2026-07-31 15:23:53 | INFO | Found latest version of tr87: tr87-cd924810 (downloaded: 2026-06-08 07:25:23.848054+00:00)
2026-07-31 15:23:53 | INFO | Found latest version of tr87: tr87-cd924810 (downloaded: 2026-06-08 07:25:23.848054+00:00)
2026-07-31 15:23:53 | INFO | Found latest version of tr87: tr87-cd924810 (downloaded: 2026-06-08 07:25:23.848054+00:00)
2026-07-31 15:23:53 | INFO | Found latest version of tr87: tr87-cd924810 (downloaded: 2026-06-08 07:25:23.848054+00:00)
2026-07-31 15:23:53 | INFO | Found latest version of tr87: tr87-cd924810 (downloaded: 2026-06-08 07:25:23.848054+00:00)
2026-07-31 15:23:53 | INFO | Found latest version of tr87: tr87-cd924810 (downloaded: 2026-06-08 07:25:23.848054+00:00)
2026-07-31 15:23:53 | INFO | Found latest version of tr87: tr87-cd924810 (downloaded: 2026-06-08 07:25:23.848054+00:00)
2026-07-31 15:23:53 | INFO | Found latest version of tr87: tr87-cd924810 (downloaded: 2026-06-08 07:25:23.848054+00:00)
2026-07-31 15:23:53 | INFO | Found latest version of tr87: tr87-cd924810 (downloaded: 2026-06-08 07:25:23.848054+00:00)
2026-07-31 15:23:53 | INFO | Found latest version of tr87: tr87-cd924810 (downloaded: 2026-06-08 07:25:23.848054+00:00)
2026-07-31 15:23:53 | INFO | Found latest version of tr87: tr87-cd924810 (downloaded: 2026-06-08 07:25:23.848054+00:00)
2026-07-31 15:23:53 | INFO | Found latest version of tr87: tr87-cd924810 (downloaded: 2026-06-08 07:25:23.848054+00:00)
2026-07-31 15:23:53 | INFO | Found latest version of tr87: tr87-cd924810 (downloaded: 2026-06-08 07:25:23.848054+00:00)
2026-07-31 15:23:53 | INFO | Found latest version of tr87: tr87-cd924810 (downloaded: 2026-06-08 07:25:23.848054+00:00)
2026-07-31 15:23:53 | INFO | Found latest version of tr87: tr87-cd924810 (downloaded: 2026-06-08 07:25:23.848054+00:00)
2026-07-31 15:23:53 | INFO | Found latest version of tr87: tr87-cd924810 (downloaded: 2026-06-08 07:25:23.848054+00:00)
2026-07-31 15:23:53 | INFO | Found latest version of tr87: tr87-cd924810 (downloaded: 2026-06-08 07:25:23.848054+00:00)
2026-07-31 15:23:53 | INFO | Found latest version of tr87: tr87-cd924810 (downloaded: 2026-06-08 07:25:23.848054+00:00)
2026-07-31 15:23:53 | INFO | Found latest version of tr87: tr87-cd924810 (downloaded: 2026-06-08 07:25:23.848054+00:00)
2026-07-31 15:23:53 | INFO | Found latest version of tr87: tr87-cd924810 (downloaded: 2026-06-08 07:25:23.848054+00:00)
2026-07-31 15:23:53 | INFO | Found latest version of tr87: tr87-cd924810 (downloaded: 2026-06-08 07:25:23.848054+00:00)
2026-07-31 15:23:53 | INFO | Found latest version of tr87: tr87-cd924810 (downloaded: 2026-06-08 07:25:23.848054+00:00)
2026-07-31 15:23:53 | INFO | Found latest version of tr87: tr87-cd924810 (downloaded: 2026-06-08 07:25:23.848054+00:00)
2026-07-31 15:23:53 | INFO | Found latest version of tr87: tr87-cd924810 (downloaded: 2026-06-08 07:25:23.848054+00:00)
2026-07-31 15:23:53 | INFO | Found latest version of tr87: tr87-cd924810 (downloaded: 2026-06-08 07:25:23.848054+00:00)
2026-07-31 15:23:53 | INFO | Found latest version of tr87: tr87-cd924810 (downloaded: 2026-06-08 07:25:23.848054+00:00)
2026-07-31 15:23:54 | INFO | Found latest version of tr87: tr87-cd924810 (downloaded: 2026-06-08 07:25:23.848054+00:00)
2026-07-31 15:23:54 | INFO | Found latest version of tr87: tr87-cd924810 (downloaded: 2026-06-08 07:25:23.848054+00:00)
2026-07-31 15:23:54 | INFO | Found latest version of tr87: tr87-cd924810 (downloaded: 2026-06-08 07:25:23.848054+00:00)
2026-07-31 15:23:54 | INFO | Found latest version of tr87: tr87-cd924810 (downloaded: 2026-06-08 07:25:23.848054+00:00)
2026-07-31 15:23:54 | INFO | Found latest version of tr87: tr87-cd924810 (downloaded: 2026-06-08 07:25:23.848054+00:00)
2026-07-31 15:23:54 | INFO | Found latest version of tr87: tr87-cd924810 (downloaded: 2026-06-08 07:25:23.848054+00:00)
2026-07-31 15:23:54 | INFO | Found latest version of tr87: tr87-cd924810 (downloaded: 2026-06-08 07:25:23.848054+00:00)
2026-07-31 15:23:54 | INFO | Found latest version of tr87: tr87-cd924810 (downloaded: 2026-06-08 07:25:23.848054+00:00)
2026-07-31 15:23:54 | INFO | Found latest version of tr87: tr87-cd924810 (downloaded: 2026-06-08 07:25:23.848054+00:00)
2026-07-31 15:23:54 | INFO | Found latest version of tr87: tr87-cd924810 (downloaded: 2026-06-08 07:25:23.848054+00:00)
2026-07-31 15:23:54 | INFO | Found latest version of tr87: tr87-cd924810 (downloaded: 2026-06-08 07:25:23.848054+00:00)
2026-07-31 15:23:54 | INFO | Found latest version of tr87: tr87-cd924810 (downloaded: 2026-06-08 07:25:23.848054+00:00)
2026-07-31 15:23:54 | INFO | Found latest version of tr87: tr87-cd924810 (downloaded: 2026-06-08 07:25:23.848054+00:00)
2026-07-31 15:23:54 | INFO | Found latest version of tr87: tr87-cd924810 (downloaded: 2026-06-08 07:25:23.848054+00:00)
2026-07-31 15:23:54 | INFO | Found latest version of tr87: tr87-cd924810 (downloaded: 2026-06-08 07:25:23.848054+00:00)
2026-07-31 15:23:54 | INFO | Found latest version of tr87: tr87-cd924810 (downloaded: 2026-06-08 07:25:23.848054+00:00)
2026-07-31 15:23:54 | INFO | Found latest version of tr87: tr87-cd924810 (downloaded: 2026-06-08 07:25:23.848054+00:00)
2026-07-31 15:23:54 | INFO | Found latest version of tr87: tr87-cd924810 (downloaded: 2026-06-08 07:25:23.848054+00:00)
2026-07-31 15:23:54 | INFO | Found latest version of tr87: tr87-cd924810 (downloaded: 2026-06-08 07:25:23.848054+00:00)
2026-07-31 15:23:54 | INFO | Found latest version of tr87: tr87-cd924810 (downloaded: 2026-06-08 07:25:23.848054+00:00)
2026-07-31 15:23:54 | INFO | Found latest version of tr87: tr87-cd924810 (downloaded: 2026-06-08 07:25:23.848054+00:00)
2026-07-31 15:23:54 | INFO | Found latest version of tr87: tr87-cd924810 (downloaded: 2026-06-08 07:25:23.848054+00:00)
2026-07-31 15:23:54 | INFO | Found latest version of tr87: tr87-cd924810 (downloaded: 2026-06-08 07:25:23.848054+00:00)
2026-07-31 15:23:54 | INFO | Found latest version of tr87: tr87-cd924810 (downloaded: 2026-06-08 07:25:23.848054+00:00)
2026-07-31 15:23:54 | INFO | Found latest version of tr87: tr87-cd924810 (downloaded: 2026-06-08 07:25:23.848054+00:00)
2026-07-31 15:23:54 | INFO | Found latest version of tr87: tr87-cd924810 (downloaded: 2026-06-08 07:25:23.848054+00:00)
2026-07-31 15:23:54 | INFO | Found latest version of tr87: tr87-cd924810 (downloaded: 2026-06-08 07:25:23.848054+00:00)
2026-07-31 15:23:54 | INFO | Found latest version of tr87: tr87-cd924810 (downloaded: 2026-06-08 07:25:23.848054+00:00)
2026-07-31 15:23:54 | INFO | Found latest version of tr87: tr87-cd924810 (downloaded: 2026-06-08 07:25:23.848054+00:00)
2026-07-31 15:23:54 | INFO | Found latest version of tr87: tr87-cd924810 (downloaded: 2026-06-08 07:25:23.848054+00:00)
2026-07-31 15:23:54 | INFO | Found latest version of tr87: tr87-cd924810 (downloaded: 2026-06-08 07:25:23.848054+00:00)
2026-07-31 15:23:54 | INFO | Found latest version of tr87: tr87-cd924810 (downloaded: 2026-06-08 07:25:23.848054+00:00)
2026-07-31 15:23:54 | INFO | Found latest version of tr87: tr87-cd924810 (downloaded: 2026-06-08 07:25:23.848054+00:00)
2026-07-31 15:23:54 | INFO | Found latest version of tr87: tr87-cd924810 (downloaded: 2026-06-08 07:25:23.848054+00:00)
2026-07-31 15:23:54 | INFO | Found latest version of tr87: tr87-cd924810 (downloaded: 2026-06-08 07:25:23.848054+00:00)
2026-07-31 15:23:54 | INFO | Found latest version of tr87: tr87-cd924810 (downloaded: 2026-06-08 07:25:23.848054+00:00)
2026-07-31 15:23:55 | INFO | Found latest version of tr87: tr87-cd924810 (downloaded: 2026-06-08 07:25:23.848054+00:00)
2026-07-31 15:23:55 | INFO | Found latest version of tr87: tr87-cd924810 (downloaded: 2026-06-08 07:25:23.848054+00:00)
2026-07-31 15:23:55 | INFO | Found latest version of tr87: tr87-cd924810 (downloaded: 2026-06-08 07:25:23.848054+00:00)
2026-07-31 15:23:55 | INFO | Found latest version of tr87: tr87-cd924810 (downloaded: 2026-06-08 07:25:23.848054+00:00)
2026-07-31 15:23:55 | INFO | Found latest version of tr87: tr87-cd924810 (downloaded: 2026-06-08 07:25:23.848054+00:00)
2026-07-31 15:23:55 | INFO | Found latest version of tr87: tr87-cd924810 (downloaded: 2026-06-08 07:25:23.848054+00:00)
2026-07-31 15:23:55 | INFO | Found latest version of tr87: tr87-cd924810 (downloaded: 2026-06-08 07:25:23.848054+00:00)
2026-07-31 15:23:55 | INFO | Found latest version of tr87: tr87-cd924810 (downloaded: 2026-06-08 07:25:23.848054+00:00)
2026-07-31 15:23:55 | INFO | Found latest version of tr87: tr87-cd924810 (downloaded: 2026-06-08 07:25:23.848054+00:00)
2026-07-31 15:23:55 | INFO | Found latest version of tr87: tr87-cd924810 (downloaded: 2026-06-08 07:25:23.848054+00:00)
2026-07-31 15:23:55 | INFO | Found latest version of tr87: tr87-cd924810 (downloaded: 2026-06-08 07:25:23.848054+00:00)
2026-07-31 15:23:55 | INFO | Found latest version of tr87: tr87-cd924810 (downloaded: 2026-06-08 07:25:23.848054+00:00)
2026-07-31 15:23:55 | INFO | Found latest version of tr87: tr87-cd924810 (downloaded: 2026-06-08 07:25:23.848054+00:00)
2026-07-31 15:23:55 | INFO | Found latest version of tr87: tr87-cd924810 (downloaded: 2026-06-08 07:25:23.848054+00:00)
2026-07-31 15:23:55 | INFO | Found latest version of tr87: tr87-cd924810 (downloaded: 2026-06-08 07:25:23.848054+00:00)
2026-07-31 15:23:55 | INFO | Found latest version of tr87: tr87-cd924810 (downloaded: 2026-06-08 07:25:23.848054+00:00)
2026-07-31 15:23:55 | INFO | Found latest version of tr87: tr87-cd924810 (downloaded: 2026-06-08 07:25:23.848054+00:00)
2026-07-31 15:23:55 | INFO | Found latest version of tr87: tr87-cd924810 (downloaded: 2026-06-08 07:25:23.848054+00:00)
2026-07-31 15:23:55 | INFO | Found latest version of tr87: tr87-cd924810 (downloaded: 2026-06-08 07:25:23.848054+00:00)
2026-07-31 15:23:55 | INFO | Found latest version of tr87: tr87-cd924810 (downloaded: 2026-06-08 07:25:23.848054+00:00)
2026-07-31 15:23:55 | INFO | Found latest version of tr87: tr87-cd924810 (downloaded: 2026-06-08 07:25:23.848054+00:00)
2026-07-31 15:23:55 | INFO | Found latest version of tr87: tr87-cd924810 (downloaded: 2026-06-08 07:25:23.848054+00:00)
2026-07-31 15:23:55 | INFO | Found latest version of tr87: tr87-cd924810 (downloaded: 2026-06-08 07:25:23.848054+00:00)
2026-07-31 15:23:55 | INFO | Found latest version of tr87: tr87-cd924810 (downloaded: 2026-06-08 07:25:23.848054+00:00)
2026-07-31 15:23:55 | INFO | Found latest version of tr87: tr87-cd924810 (downloaded: 2026-06-08 07:25:23.848054+00:00)
2026-07-31 15:23:55 | INFO | Found latest version of tr87: tr87-cd924810 (downloaded: 2026-06-08 07:25:23.848054+00:00)
2026-07-31 15:23:55 | INFO | Found latest version of tr87: tr87-cd924810 (downloaded: 2026-06-08 07:25:23.848054+00:00)
2026-07-31 15:23:55 | INFO | Found latest version of tr87: tr87-cd924810 (downloaded: 2026-06-08 07:25:23.848054+00:00)
2026-07-31 15:23:55 | INFO | Found latest version of tr87: tr87-cd924810 (downloaded: 2026-06-08 07:25:23.848054+00:00)
2026-07-31 15:23:55 | INFO | Found latest version of tr87: tr87-cd924810 (downloaded: 2026-06-08 07:25:23.848054+00:00)
2026-07-31 15:23:55 | INFO | Found latest version of tr87: tr87-cd924810 (downloaded: 2026-06-08 07:25:23.848054+00:00)
2026-07-31 15:23:55 | INFO | Found latest version of tr87: tr87-cd924810 (downloaded: 2026-06-08 07:25:23.848054+00:00)
2026-07-31 15:23:55 | INFO | Found latest version of tr87: tr87-cd924810 (downloaded: 2026-06-08 07:25:23.848054+00:00)
2026-07-31 15:23:55 | INFO | Found latest version of tr87: tr87-cd924810 (downloaded: 2026-06-08 07:25:23.848054+00:00)
2026-07-31 15:23:55 | INFO | Found latest version of tr87: tr87-cd924810 (downloaded: 2026-06-08 07:25:23.848054+00:00)
2026-07-31 15:23:55 | INFO | Found latest version of tr87: tr87-cd924810 (downloaded: 2026-06-08 07:25:23.848054+00:00)
2026-07-31 15:23:55 | INFO | Found latest version of tr87: tr87-cd924810 (downloaded: 2026-06-08 07:25:23.848054+00:00)
2026-07-31 15:23:55 | INFO | Found latest version of tr87: tr87-cd924810 (downloaded: 2026-06-08 07:25:23.848054+00:00)
2026-07-31 15:23:55 | INFO | Found latest version of tr87: tr87-cd924810 (downloaded: 2026-06-08 07:25:23.848054+00:00)
2026-07-31 15:23:55 | INFO | Found latest version of tr87: tr87-cd924810 (downloaded: 2026-06-08 07:25:23.848054+00:00)
2026-07-31 15:23:55 | INFO | Found latest version of tr87: tr87-cd924810 (downloaded: 2026-06-08 07:25:23.848054+00:00)
2026-07-31 15:23:55 | INFO | Found latest version of tr87: tr87-cd924810 (downloaded: 2026-06-08 07:25:23.848054+00:00)
2026-07-31 15:23:55 | INFO | Found latest version of tr87: tr87-cd924810 (downloaded: 2026-06-08 07:25:23.848054+00:00)
2026-07-31 15:23:56 | INFO | Found latest version of tr87: tr87-cd924810 (downloaded: 2026-06-08 07:25:23.848054+00:00)
2026-07-31 15:23:56 | INFO | Found latest version of tr87: tr87-cd924810 (downloaded: 2026-06-08 07:25:23.848054+00:00)
2026-07-31 15:23:56 | INFO | Found latest version of tr87: tr87-cd924810 (downloaded: 2026-06-08 07:25:23.848054+00:00)
2026-07-31 15:23:56 | INFO | Found latest version of tr87: tr87-cd924810 (downloaded: 2026-06-08 07:25:23.848054+00:00)
2026-07-31 15:23:56 | INFO | Found latest version of tr87: tr87-cd924810 (downloaded: 2026-06-08 07:25:23.848054+00:00)
2026-07-31 15:23:56 | INFO | Found latest version of tr87: tr87-cd924810 (downloaded: 2026-06-08 07:25:23.848054+00:00)
2026-07-31 15:23:56 | INFO | Found latest version of tr87: tr87-cd924810 (downloaded: 2026-06-08 07:25:23.848054+00:00)
2026-07-31 15:23:56 | INFO | Found latest version of tr87: tr87-cd924810 (downloaded: 2026-06-08 07:25:23.848054+00:00)
2026-07-31 15:23:56 | INFO | Found latest version of tr87: tr87-cd924810 (downloaded: 2026-06-08 07:25:23.848054+00:00)
2026-07-31 15:23:56 | INFO | Found latest version of tr87: tr87-cd924810 (downloaded: 2026-06-08 07:25:23.848054+00:00)
2026-07-31 15:23:56 | INFO | Found latest version of tr87: tr87-cd924810 (downloaded: 2026-06-08 07:25:23.848054+00:00)
2026-07-31 15:23:56 | INFO | Found latest version of tr87: tr87-cd924810 (downloaded: 2026-06-08 07:25:23.848054+00:00)
2026-07-31 15:23:56 | INFO | Found latest version of tr87: tr87-cd924810 (downloaded: 2026-06-08 07:25:23.848054+00:00)
2026-07-31 15:23:56 | INFO | Found latest version of tr87: tr87-cd924810 (downloaded: 2026-06-08 07:25:23.848054+00:00)
2026-07-31 15:23:56 | INFO | Found latest version of tr87: tr87-cd924810 (downloaded: 2026-06-08 07:25:23.848054+00:00)
2026-07-31 15:23:56 | INFO | Found latest version of tr87: tr87-cd924810 (downloaded: 2026-06-08 07:25:23.848054+00:00)
2026-07-31 15:23:56 | INFO | Found latest version of tr87: tr87-cd924810 (downloaded: 2026-06-08 07:25:23.848054+00:00)
2026-07-31 15:23:56 | INFO | Found latest version of tr87: tr87-cd924810 (downloaded: 2026-06-08 07:25:23.848054+00:00)
2026-07-31 15:23:56 | INFO | Found latest version of tr87: tr87-cd924810 (downloaded: 2026-06-08 07:25:23.848054+00:00)
2026-07-31 15:23:56 | INFO | Found latest version of tr87: tr87-cd924810 (downloaded: 2026-06-08 07:25:23.848054+00:00)
2026-07-31 15:23:56 | INFO | Found latest version of tr87: tr87-cd924810 (downloaded: 2026-06-08 07:25:23.848054+00:00)
2026-07-31 15:23:56 | INFO | Found latest version of tr87: tr87-cd924810 (downloaded: 2026-06-08 07:25:23.848054+00:00)
2026-07-31 15:23:56 | INFO | Found latest version of tr87: tr87-cd924810 (downloaded: 2026-06-08 07:25:23.848054+00:00)
2026-07-31 15:23:56 | INFO | Found latest version of tr87: tr87-cd924810 (downloaded: 2026-06-08 07:25:23.848054+00:00)
2026-07-31 15:23:56 | INFO | Found latest version of tr87: tr87-cd924810 (downloaded: 2026-06-08 07:25:23.848054+00:00)
2026-07-31 15:23:56 | INFO | Found latest version of tr87: tr87-cd924810 (downloaded: 2026-06-08 07:25:23.848054+00:00)
2026-07-31 15:23:56 | INFO | Found latest version of tr87: tr87-cd924810 (downloaded: 2026-06-08 07:25:23.848054+00:00)
2026-07-31 15:23:56 | INFO | Found latest version of tr87: tr87-cd924810 (downloaded: 2026-06-08 07:25:23.848054+00:00)
2026-07-31 15:23:56 | INFO | Found latest version of tr87: tr87-cd924810 (downloaded: 2026-06-08 07:25:23.848054+00:00)
2026-07-31 15:23:56 | INFO | Found latest version of tr87: tr87-cd924810 (downloaded: 2026-06-08 07:25:23.848054+00:00)
2026-07-31 15:23:56 | INFO | Found latest version of tr87: tr87-cd924810 (downloaded: 2026-06-08 07:25:23.848054+00:00)
2026-07-31 15:23:56 | INFO | Found latest version of tr87: tr87-cd924810 (downloaded: 2026-06-08 07:25:23.848054+00:00)
2026-07-31 15:23:56 | INFO | Found latest version of tr87: tr87-cd924810 (downloaded: 2026-06-08 07:25:23.848054+00:00)
2026-07-31 15:23:56 | INFO | Found latest version of tr87: tr87-cd924810 (downloaded: 2026-06-08 07:25:23.848054+00:00)
2026-07-31 15:23:56 | INFO | Found latest version of tr87: tr87-cd924810 (downloaded: 2026-06-08 07:25:23.848054+00:00)
2026-07-31 15:23:56 | INFO | Found latest version of tr87: tr87-cd924810 (downloaded: 2026-06-08 07:25:23.848054+00:00)
2026-07-31 15:23:56 | INFO | Found latest version of tr87: tr87-cd924810 (downloaded: 2026-06-08 07:25:23.848054+00:00)
2026-07-31 15:23:56 | INFO | Found latest version of tr87: tr87-cd924810 (downloaded: 2026-06-08 07:25:23.848054+00:00)
2026-07-31 15:23:56 | INFO | Found latest version of tr87: tr87-cd924810 (downloaded: 2026-06-08 07:25:23.848054+00:00)
2026-07-31 15:23:56 | INFO | Found latest version of tr87: tr87-cd924810 (downloaded: 2026-06-08 07:25:23.848054+00:00)
2026-07-31 15:23:56 | INFO | Found latest version of tr87: tr87-cd924810 (downloaded: 2026-06-08 07:25:23.848054+00:00)
2026-07-31 15:23:56 | INFO | Found latest version of tr87: tr87-cd924810 (downloaded: 2026-06-08 07:25:23.848054+00:00)
2026-07-31 15:23:56 | INFO | Found latest version of tr87: tr87-cd924810 (downloaded: 2026-06-08 07:25:23.848054+00:00)
2026-07-31 15:23:56 | INFO | Found latest version of tr87: tr87-cd924810 (downloaded: 2026-06-08 07:25:23.848054+00:00)
2026-07-31 15:23:56 | INFO | Found latest version of tr87: tr87-cd924810 (downloaded: 2026-06-08 07:25:23.848054+00:00)
2026-07-31 15:23:56 | INFO | Found latest version of tr87: tr87-cd924810 (downloaded: 2026-06-08 07:25:23.848054+00:00)
2026-07-31 15:23:57 | INFO | Found latest version of tr87: tr87-cd924810 (downloaded: 2026-06-08 07:25:23.848054+00:00)
2026-07-31 15:23:57 | INFO | Found latest version of tr87: tr87-cd924810 (downloaded: 2026-06-08 07:25:23.848054+00:00)
2026-07-31 15:23:57 | INFO | Found latest version of tr87: tr87-cd924810 (downloaded: 2026-06-08 07:25:23.848054+00:00)
2026-07-31 15:23:57 | INFO | Found latest version of tr87: tr87-cd924810 (downloaded: 2026-06-08 07:25:23.848054+00:00)
2026-07-31 15:23:57 | INFO | Found latest version of tr87: tr87-cd924810 (downloaded: 2026-06-08 07:25:23.848054+00:00)
2026-07-31 15:23:57 | INFO | Found latest version of tr87: tr87-cd924810 (downloaded: 2026-06-08 07:25:23.848054+00:00)
2026-07-31 15:23:57 | INFO | Found latest version of tr87: tr87-cd924810 (downloaded: 2026-06-08 07:25:23.848054+00:00)
2026-07-31 15:23:57 | INFO | Found latest version of tr87: tr87-cd924810 (downloaded: 2026-06-08 07:25:23.848054+00:00)
2026-07-31 15:23:57 | INFO | Found latest version of tr87: tr87-cd924810 (downloaded: 2026-06-08 07:25:23.848054+00:00)
2026-07-31 15:23:57 | INFO | Found latest version of tr87: tr87-cd924810 (downloaded: 2026-06-08 07:25:23.848054+00:00)
2026-07-31 15:23:57 | INFO | Found latest version of tr87: tr87-cd924810 (downloaded: 2026-06-08 07:25:23.848054+00:00)
2026-07-31 15:23:57 | INFO | Found latest version of tr87: tr87-cd924810 (downloaded: 2026-06-08 07:25:23.848054+00:00)
2026-07-31 15:23:57 | INFO | Found latest version of tr87: tr87-cd924810 (downloaded: 2026-06-08 07:25:23.848054+00:00)
2026-07-31 15:23:57 | INFO | Found latest version of tr87: tr87-cd924810 (downloaded: 2026-06-08 07:25:23.848054+00:00)
2026-07-31 15:23:57 | INFO | Found latest version of tr87: tr87-cd924810 (downloaded: 2026-06-08 07:25:23.848054+00:00)
2026-07-31 15:23:57 | INFO | Found latest version of tr87: tr87-cd924810 (downloaded: 2026-06-08 07:25:23.848054+00:00)
2026-07-31 15:23:57 | INFO | Found latest version of tr87: tr87-cd924810 (downloaded: 2026-06-08 07:25:23.848054+00:00)
2026-07-31 15:23:57 | INFO | Found latest version of tr87: tr87-cd924810 (downloaded: 2026-06-08 07:25:23.848054+00:00)
2026-07-31 15:23:57 | INFO | Found latest version of tr87: tr87-cd924810 (downloaded: 2026-06-08 07:25:23.848054+00:00)
2026-07-31 15:23:57 | INFO | Found latest version of tr87: tr87-cd924810 (downloaded: 2026-06-08 07:25:23.848054+00:00)
2026-07-31 15:23:57 | INFO | Found latest version of tr87: tr87-cd924810 (downloaded: 2026-06-08 07:25:23.848054+00:00)
2026-07-31 15:23:57 | INFO | Found latest version of tr87: tr87-cd924810 (downloaded: 2026-06-08 07:25:23.848054+00:00)
2026-07-31 15:23:57 | INFO | Found latest version of tr87: tr87-cd924810 (downloaded: 2026-06-08 07:25:23.848054+00:00)
2026-07-31 15:23:57 | INFO | Found latest version of tr87: tr87-cd924810 (downloaded: 2026-06-08 07:25:23.848054+00:00)
2026-07-31 15:23:57 | INFO | Found latest version of tr87: tr87-cd924810 (downloaded: 2026-06-08 07:25:23.848054+00:00)
2026-07-31 15:23:57 | INFO | Found latest version of tr87: tr87-cd924810 (downloaded: 2026-06-08 07:25:23.848054+00:00)
2026-07-31 15:23:57 | INFO | Found latest version of tr87: tr87-cd924810 (downloaded: 2026-06-08 07:25:23.848054+00:00)
2026-07-31 15:23:57 | INFO | Found latest version of tr87: tr87-cd924810 (downloaded: 2026-06-08 07:25:23.848054+00:00)
2026-07-31 15:23:57 | INFO | Found latest version of tr87: tr87-cd924810 (downloaded: 2026-06-08 07:25:23.848054+00:00)
2026-07-31 15:23:57 | INFO | Found latest version of tr87: tr87-cd924810 (downloaded: 2026-06-08 07:25:23.848054+00:00)
2026-07-31 15:23:57 | INFO | Found latest version of tr87: tr87-cd924810 (downloaded: 2026-06-08 07:25:23.848054+00:00)
2026-07-31 15:23:57 | INFO | Found latest version of tr87: tr87-cd924810 (downloaded: 2026-06-08 07:25:23.848054+00:00)
2026-07-31 15:23:57 | INFO | Found latest version of tr87: tr87-cd924810 (downloaded: 2026-06-08 07:25:23.848054+00:00)
2026-07-31 15:23:57 | INFO | Found latest version of tr87: tr87-cd924810 (downloaded: 2026-06-08 07:25:23.848054+00:00)
2026-07-31 15:23:57 | INFO | Found latest version of tr87: tr87-cd924810 (downloaded: 2026-06-08 07:25:23.848054+00:00)
2026-07-31 15:23:57 | INFO | Found latest version of tr87: tr87-cd924810 (downloaded: 2026-06-08 07:25:23.848054+00:00)
2026-07-31 15:23:57 | INFO | Found latest version of tr87: tr87-cd924810 (downloaded: 2026-06-08 07:25:23.848054+00:00)
2026-07-31 15:23:57 | INFO | Found latest version of tr87: tr87-cd924810 (downloaded: 2026-06-08 07:25:23.848054+00:00)
2026-07-31 15:23:57 | INFO | Found latest version of tr87: tr87-cd924810 (downloaded: 2026-06-08 07:25:23.848054+00:00)
2026-07-31 15:23:57 | INFO | Found latest version of tr87: tr87-cd924810 (downloaded: 2026-06-08 07:25:23.848054+00:00)
2026-07-31 15:23:57 | INFO | Found latest version of tr87: tr87-cd924810 (downloaded: 2026-06-08 07:25:23.848054+00:00)
2026-07-31 15:23:57 | INFO | Found latest version of tr87: tr87-cd924810 (downloaded: 2026-06-08 07:25:23.848054+00:00)
2026-07-31 15:23:57 | INFO | Found latest version of tr87: tr87-cd924810 (downloaded: 2026-06-08 07:25:23.848054+00:00)
2026-07-31 15:23:57 | INFO | Found latest version of tr87: tr87-cd924810 (downloaded: 2026-06-08 07:25:23.848054+00:00)
2026-07-31 15:23:57 | INFO | Found latest version of tr87: tr87-cd924810 (downloaded: 2026-06-08 07:25:23.848054+00:00)
2026-07-31 15:23:57 | INFO | Found latest version of tr87: tr87-cd924810 (downloaded: 2026-06-08 07:25:23.848054+00:00)
2026-07-31 15:23:57 | INFO | Found latest version of tr87: tr87-cd924810 (downloaded: 2026-06-08 07:25:23.848054+00:00)
2026-07-31 15:23:57 | INFO | Found latest version of tr87: tr87-cd924810 (downloaded: 2026-06-08 07:25:23.848054+00:00)
2026-07-31 15:23:57 | INFO | Found latest version of tr87: tr87-cd924810 (downloaded: 2026-06-08 07:25:23.848054+00:00)
2026-07-31 15:23:57 | INFO | Found latest version of tr87: tr87-cd924810 (downloaded: 2026-06-08 07:25:23.848054+00:00)
2026-07-31 15:23:57 | INFO | Found latest version of tr87: tr87-cd924810 (downloaded: 2026-06-08 07:25:23.848054+00:00)
2026-07-31 15:23:57 | INFO | Found latest version of tr87: tr87-cd924810 (downloaded: 2026-06-08 07:25:23.848054+00:00)
2026-07-31 15:23:57 | INFO | Found latest version of tr87: tr87-cd924810 (downloaded: 2026-06-08 07:25:23.848054+00:00)
2026-07-31 15:23:57 | INFO | Found latest version of tr87: tr87-cd924810 (downloaded: 2026-06-08 07:25:23.848054+00:00)
2026-07-31 15:23:57 | INFO | Found latest version of tr87: tr87-cd924810 (downloaded: 2026-06-08 07:25:23.848054+00:00)
2026-07-31 15:23:57 | INFO | Found latest version of tr87: tr87-cd924810 (downloaded: 2026-06-08 07:25:23.848054+00:00)
2026-07-31 15:23:57 | INFO | Found latest version of tr87: tr87-cd924810 (downloaded: 2026-06-08 07:25:23.848054+00:00)
2026-07-31 15:23:57 | INFO | Found latest version of tr87: tr87-cd924810 (downloaded: 2026-06-08 07:25:23.848054+00:00)
2026-07-31 15:23:57 | INFO | Found latest version of tr87: tr87-cd924810 (downloaded: 2026-06-08 07:25:23.848054+00:00)
2026-07-31 15:23:57 | INFO | Found latest version of tr87: tr87-cd924810 (downloaded: 2026-06-08 07:25:23.848054+00:00)
2026-07-31 15:23:58 | INFO | Found latest version of tr87: tr87-cd924810 (downloaded: 2026-06-08 07:25:23.848054+00:00)
2026-07-31 15:23:58 | INFO | Found latest version of tr87: tr87-cd924810 (downloaded: 2026-06-08 07:25:23.848054+00:00)
2026-07-31 15:23:58 | INFO | Found latest version of tr87: tr87-cd924810 (downloaded: 2026-06-08 07:25:23.848054+00:00)
2026-07-31 15:23:58 | INFO | Found latest version of tr87: tr87-cd924810 (downloaded: 2026-06-08 07:25:23.848054+00:00)
2026-07-31 15:23:58 | INFO | Found latest version of tr87: tr87-cd924810 (downloaded: 2026-06-08 07:25:23.848054+00:00)
2026-07-31 15:23:58 | INFO | Found latest version of tr87: tr87-cd924810 (downloaded: 2026-06-08 07:25:23.848054+00:00)
2026-07-31 15:23:58 | INFO | Found latest version of tr87: tr87-cd924810 (downloaded: 2026-06-08 07:25:23.848054+00:00)
2026-07-31 15:23:58 | INFO | Found latest version of tr87: tr87-cd924810 (downloaded: 2026-06-08 07:25:23.848054+00:00)
2026-07-31 15:23:58 | INFO | Found latest version of tr87: tr87-cd924810 (downloaded: 2026-06-08 07:25:23.848054+00:00)
2026-07-31 15:23:58 | INFO | Found latest version of tr87: tr87-cd924810 (downloaded: 2026-06-08 07:25:23.848054+00:00)
2026-07-31 15:23:58 | INFO | Found latest version of tr87: tr87-cd924810 (downloaded: 2026-06-08 07:25:23.848054+00:00)
2026-07-31 15:23:58 | INFO | Found latest version of tr87: tr87-cd924810 (downloaded: 2026-06-08 07:25:23.848054+00:00)
2026-07-31 15:23:58 | INFO | Found latest version of tr87: tr87-cd924810 (downloaded: 2026-06-08 07:25:23.848054+00:00)
2026-07-31 15:23:58 | INFO | Found latest version of tr87: tr87-cd924810 (downloaded: 2026-06-08 07:25:23.848054+00:00)
2026-07-31 15:23:58 | INFO | Found latest version of tr87: tr87-cd924810 (downloaded: 2026-06-08 07:25:23.848054+00:00)
2026-07-31 15:23:58 | INFO | Found latest version of tr87: tr87-cd924810 (downloaded: 2026-06-08 07:25:23.848054+00:00)
2026-07-31 15:23:58 | INFO | Found latest version of tr87: tr87-cd924810 (downloaded: 2026-06-08 07:25:23.848054+00:00)
2026-07-31 15:23:58 | INFO | Found latest version of tr87: tr87-cd924810 (downloaded: 2026-06-08 07:25:23.848054+00:00)
2026-07-31 15:23:58 | INFO | Found latest version of tr87: tr87-cd924810 (downloaded: 2026-06-08 07:25:23.848054+00:00)
2026-07-31 15:23:58 | INFO | Found latest version of tr87: tr87-cd924810 (downloaded: 2026-06-08 07:25:23.848054+00:00)
2026-07-31 15:23:58 | INFO | Found latest version of tr87: tr87-cd924810 (downloaded: 2026-06-08 07:25:23.848054+00:00)
2026-07-31 15:23:58 | INFO | Found latest version of tr87: tr87-cd924810 (downloaded: 2026-06-08 07:25:23.848054+00:00)
2026-07-31 15:23:58 | INFO | Found latest version of tr87: tr87-cd924810 (downloaded: 2026-06-08 07:25:23.848054+00:00)
2026-07-31 15:23:58 | INFO | Found latest version of tr87: tr87-cd924810 (downloaded: 2026-06-08 07:25:23.848054+00:00)
2026-07-31 15:23:58 | INFO | Found latest version of tr87: tr87-cd924810 (downloaded: 2026-06-08 07:25:23.848054+00:00)
2026-07-31 15:23:58 | INFO | Found latest version of tr87: tr87-cd924810 (downloaded: 2026-06-08 07:25:23.848054+00:00)
2026-07-31 15:23:58 | INFO | Found latest version of tr87: tr87-cd924810 (downloaded: 2026-06-08 07:25:23.848054+00:00)
2026-07-31 15:23:58 | INFO | Found latest version of tr87: tr87-cd924810 (downloaded: 2026-06-08 07:25:23.848054+00:00)
2026-07-31 15:23:58 | INFO | Found latest version of tr87: tr87-cd924810 (downloaded: 2026-06-08 07:25:23.848054+00:00)
2026-07-31 15:23:58 | INFO | Found latest version of tr87: tr87-cd924810 (downloaded: 2026-06-08 07:25:23.848054+00:00)
2026-07-31 15:23:58 | INFO | Found latest version of tr87: tr87-cd924810 (downloaded: 2026-06-08 07:25:23.848054+00:00)
2026-07-31 15:23:58 | INFO | Found latest version of tr87: tr87-cd924810 (downloaded: 2026-06-08 07:25:23.848054+00:00)
2026-07-31 15:23:59 | INFO | Found latest version of tr87: tr87-cd924810 (downloaded: 2026-06-08 07:25:23.848054+00:00)
2026-07-31 15:23:59 | INFO | Found latest version of tr87: tr87-cd924810 (downloaded: 2026-06-08 07:25:23.848054+00:00)
2026-07-31 15:23:59 | INFO | Found latest version of tr87: tr87-cd924810 (downloaded: 2026-06-08 07:25:23.848054+00:00)
2026-07-31 15:23:59 | INFO | Found latest version of tr87: tr87-cd924810 (downloaded: 2026-06-08 07:25:23.848054+00:00)
2026-07-31 15:23:59 | INFO | Found latest version of tr87: tr87-cd924810 (downloaded: 2026-06-08 07:25:23.848054+00:00)
2026-07-31 15:23:59 | INFO | Found latest version of tr87: tr87-cd924810 (downloaded: 2026-06-08 07:25:23.848054+00:00)
2026-07-31 15:23:59 | INFO | Found latest version of tr87: tr87-cd924810 (downloaded: 2026-06-08 07:25:23.848054+00:00)
2026-07-31 15:23:59 | INFO | Found latest version of tr87: tr87-cd924810 (downloaded: 2026-06-08 07:25:23.848054+00:00)
2026-07-31 15:23:59 | INFO | Found latest version of tr87: tr87-cd924810 (downloaded: 2026-06-08 07:25:23.848054+00:00)
2026-07-31 15:23:59 | INFO | Found latest version of tr87: tr87-cd924810 (downloaded: 2026-06-08 07:25:23.848054+00:00)
2026-07-31 15:23:59 | INFO | Found latest version of tr87: tr87-cd924810 (downloaded: 2026-06-08 07:25:23.848054+00:00)
2026-07-31 15:23:59 | INFO | Found latest version of tr87: tr87-cd924810 (downloaded: 2026-06-08 07:25:23.848054+00:00)
2026-07-31 15:23:59 | INFO | Found latest version of tr87: tr87-cd924810 (downloaded: 2026-06-08 07:25:23.848054+00:00)
2026-07-31 15:23:59 | INFO | Found latest version of tr87: tr87-cd924810 (downloaded: 2026-06-08 07:25:23.848054+00:00)
2026-07-31 15:23:59 | INFO | Found latest version of tr87: tr87-cd924810 (downloaded: 2026-06-08 07:25:23.848054+00:00)
2026-07-31 15:23:59 | INFO | Found latest version of tr87: tr87-cd924810 (downloaded: 2026-06-08 07:25:23.848054+00:00)
2026-07-31 15:23:59 | INFO | Found latest version of tr87: tr87-cd924810 (downloaded: 2026-06-08 07:25:23.848054+00:00)
2026-07-31 15:23:59 | INFO | Found latest version of tr87: tr87-cd924810 (downloaded: 2026-06-08 07:25:23.848054+00:00)
2026-07-31 15:23:59 | INFO | Found latest version of tr87: tr87-cd924810 (downloaded: 2026-06-08 07:25:23.848054+00:00)
2026-07-31 15:23:59 | INFO | Found latest version of tr87: tr87-cd924810 (downloaded: 2026-06-08 07:25:23.848054+00:00)
2026-07-31 15:23:59 | INFO | Found latest version of tr87: tr87-cd924810 (downloaded: 2026-06-08 07:25:23.848054+00:00)
2026-07-31 15:23:59 | INFO | Found latest version of tr87: tr87-cd924810 (downloaded: 2026-06-08 07:25:23.848054+00:00)
2026-07-31 15:23:59 | INFO | Found latest version of tr87: tr87-cd924810 (downloaded: 2026-06-08 07:25:23.848054+00:00)
2026-07-31 15:23:59 | INFO | Found latest version of tr87: tr87-cd924810 (downloaded: 2026-06-08 07:25:23.848054+00:00)
2026-07-31 15:23:59 | INFO | Found latest version of tr87: tr87-cd924810 (downloaded: 2026-06-08 07:25:23.848054+00:00)
2026-07-31 15:23:59 | INFO | Found latest version of tr87: tr87-cd924810 (downloaded: 2026-06-08 07:25:23.848054+00:00)
2026-07-31 15:23:59 | INFO | Found latest version of tr87: tr87-cd924810 (downloaded: 2026-06-08 07:25:23.848054+00:00)
2026-07-31 15:23:59 | INFO | Found latest version of tr87: tr87-cd924810 (downloaded: 2026-06-08 07:25:23.848054+00:00)
2026-07-31 15:23:59 | INFO | Found latest version of tr87: tr87-cd924810 (downloaded: 2026-06-08 07:25:23.848054+00:00)
2026-07-31 15:23:59 | INFO | Found latest version of tr87: tr87-cd924810 (downloaded: 2026-06-08 07:25:23.848054+00:00)
2026-07-31 15:23:59 | INFO | Found latest version of tr87: tr87-cd924810 (downloaded: 2026-06-08 07:25:23.848054+00:00)
2026-07-31 15:23:59 | INFO | Found latest version of tr87: tr87-cd924810 (downloaded: 2026-06-08 07:25:23.848054+00:00)
2026-07-31 15:23:59 | INFO | Found latest version of tr87: tr87-cd924810 (downloaded: 2026-06-08 07:25:23.848054+00:00)
2026-07-31 15:24:00 | INFO | Found latest version of tr87: tr87-cd924810 (downloaded: 2026-06-08 07:25:23.848054+00:00)
2026-07-31 15:24:00 | INFO | Found latest version of tr87: tr87-cd924810 (downloaded: 2026-06-08 07:25:23.848054+00:00)
2026-07-31 15:24:00 | INFO | Found latest version of tr87: tr87-cd924810 (downloaded: 2026-06-08 07:25:23.848054+00:00)
2026-07-31 15:24:00 | INFO | Found latest version of tr87: tr87-cd924810 (downloaded: 2026-06-08 07:25:23.848054+00:00)
2026-07-31 15:24:00 | INFO | Found latest version of tr87: tr87-cd924810 (downloaded: 2026-06-08 07:25:23.848054+00:00)
2026-07-31 15:24:00 | INFO | Found latest version of tr87: tr87-cd924810 (downloaded: 2026-06-08 07:25:23.848054+00:00)
2026-07-31 15:24:00 | INFO | Found latest version of tr87: tr87-cd924810 (downloaded: 2026-06-08 07:25:23.848054+00:00)
2026-07-31 15:24:00 | INFO | Found latest version of tr87: tr87-cd924810 (downloaded: 2026-06-08 07:25:23.848054+00:00)
2026-07-31 15:24:00 | INFO | Found latest version of tr87: tr87-cd924810 (downloaded: 2026-06-08 07:25:23.848054+00:00)
2026-07-31 15:24:00 | INFO | Found latest version of tr87: tr87-cd924810 (downloaded: 2026-06-08 07:25:23.848054+00:00)
2026-07-31 15:24:00 | INFO | Found latest version of tr87: tr87-cd924810 (downloaded: 2026-06-08 07:25:23.848054+00:00)
2026-07-31 15:24:00 | INFO | Found latest version of tr87: tr87-cd924810 (downloaded: 2026-06-08 07:25:23.848054+00:00)
2026-07-31 15:24:00 | INFO | Found latest version of tr87: tr87-cd924810 (downloaded: 2026-06-08 07:25:23.848054+00:00)
2026-07-31 15:24:00 | INFO | Found latest version of tr87: tr87-cd924810 (downloaded: 2026-06-08 07:25:23.848054+00:00)
2026-07-31 15:24:00 | INFO | Found latest version of tr87: tr87-cd924810 (downloaded: 2026-06-08 07:25:23.848054+00:00)
2026-07-31 15:24:00 | INFO | Found latest version of tr87: tr87-cd924810 (downloaded: 2026-06-08 07:25:23.848054+00:00)
2026-07-31 15:24:00 | INFO | Found latest version of tr87: tr87-cd924810 (downloaded: 2026-06-08 07:25:23.848054+00:00)
2026-07-31 15:24:00 | INFO | Found latest version of tr87: tr87-cd924810 (downloaded: 2026-06-08 07:25:23.848054+00:00)
2026-07-31 15:24:00 | INFO | Found latest version of tr87: tr87-cd924810 (downloaded: 2026-06-08 07:25:23.848054+00:00)
2026-07-31 15:24:00 | INFO | Found latest version of tr87: tr87-cd924810 (downloaded: 2026-06-08 07:25:23.848054+00:00)
2026-07-31 15:24:00 | INFO | Found latest version of tr87: tr87-cd924810 (downloaded: 2026-06-08 07:25:23.848054+00:00)
2026-07-31 15:24:00 | INFO | Found latest version of tr87: tr87-cd924810 (downloaded: 2026-06-08 07:25:23.848054+00:00)
2026-07-31 15:24:00 | INFO | Found latest version of tr87: tr87-cd924810 (downloaded: 2026-06-08 07:25:23.848054+00:00)
2026-07-31 15:24:00 | INFO | Found latest version of tr87: tr87-cd924810 (downloaded: 2026-06-08 07:25:23.848054+00:00)
2026-07-31 15:24:00 | INFO | Found latest version of tr87: tr87-cd924810 (downloaded: 2026-06-08 07:25:23.848054+00:00)
2026-07-31 15:24:00 | INFO | Found latest version of tr87: tr87-cd924810 (downloaded: 2026-06-08 07:25:23.848054+00:00)
2026-07-31 15:24:00 | INFO | Found latest version of tr87: tr87-cd924810 (downloaded: 2026-06-08 07:25:23.848054+00:00)
2026-07-31 15:24:00 | INFO | Found latest version of tr87: tr87-cd924810 (downloaded: 2026-06-08 07:25:23.848054+00:00)
2026-07-31 15:24:00 | INFO | Found latest version of tr87: tr87-cd924810 (downloaded: 2026-06-08 07:25:23.848054+00:00)
2026-07-31 15:24:00 | INFO | Found latest version of tr87: tr87-cd924810 (downloaded: 2026-06-08 07:25:23.848054+00:00)
2026-07-31 15:24:00 | INFO | Found latest version of tr87: tr87-cd924810 (downloaded: 2026-06-08 07:25:23.848054+00:00)
2026-07-31 15:24:00 | INFO | Found latest version of tr87: tr87-cd924810 (downloaded: 2026-06-08 07:25:23.848054+00:00)
2026-07-31 15:24:00 | INFO | Found latest version of tr87: tr87-cd924810 (downloaded: 2026-06-08 07:25:23.848054+00:00)
2026-07-31 15:24:00 | INFO | Found latest version of tr87: tr87-cd924810 (downloaded: 2026-06-08 07:25:23.848054+00:00)
2026-07-31 15:24:00 | INFO | Found latest version of tr87: tr87-cd924810 (downloaded: 2026-06-08 07:25:23.848054+00:00)
2026-07-31 15:24:00 | INFO | Found latest version of tr87: tr87-cd924810 (downloaded: 2026-06-08 07:25:23.848054+00:00)
2026-07-31 15:24:00 | INFO | Found latest version of tr87: tr87-cd924810 (downloaded: 2026-06-08 07:25:23.848054+00:00)
2026-07-31 15:24:00 | INFO | Found latest version of tr87: tr87-cd924810 (downloaded: 2026-06-08 07:25:23.848054+00:00)
2026-07-31 15:24:00 | INFO | Found latest version of tr87: tr87-cd924810 (downloaded: 2026-06-08 07:25:23.848054+00:00)
2026-07-31 15:24:00 | INFO | Found latest version of tr87: tr87-cd924810 (downloaded: 2026-06-08 07:25:23.848054+00:00)
2026-07-31 15:24:00 | INFO | Found latest version of tr87: tr87-cd924810 (downloaded: 2026-06-08 07:25:23.848054+00:00)
2026-07-31 15:24:00 | INFO | Found latest version of tr87: tr87-cd924810 (downloaded: 2026-06-08 07:25:23.848054+00:00)
2026-07-31 15:24:00 | INFO | Found latest version of tr87: tr87-cd924810 (downloaded: 2026-06-08 07:25:23.848054+00:00)
2026-07-31 15:24:00 | INFO | Found latest version of tr87: tr87-cd924810 (downloaded: 2026-06-08 07:25:23.848054+00:00)
2026-07-31 15:24:00 | INFO | Found latest version of tr87: tr87-cd924810 (downloaded: 2026-06-08 07:25:23.848054+00:00)
2026-07-31 15:24:00 | INFO | Found latest version of tr87: tr87-cd924810 (downloaded: 2026-06-08 07:25:23.848054+00:00)
2026-07-31 15:24:00 | INFO | Found latest version of tr87: tr87-cd924810 (downloaded: 2026-06-08 07:25:23.848054+00:00)
2026-07-31 15:24:00 | INFO | Found latest version of tr87: tr87-cd924810 (downloaded: 2026-06-08 07:25:23.848054+00:00)
2026-07-31 15:24:00 | INFO | Found latest version of tr87: tr87-cd924810 (downloaded: 2026-06-08 07:25:23.848054+00:00)
2026-07-31 15:24:00 | INFO | Found latest version of tr87: tr87-cd924810 (downloaded: 2026-06-08 07:25:23.848054+00:00)
2026-07-31 15:24:00 | INFO | Found latest version of tr87: tr87-cd924810 (downloaded: 2026-06-08 07:25:23.848054+00:00)
2026-07-31 15:24:00 | INFO | Found latest version of tr87: tr87-cd924810 (downloaded: 2026-06-08 07:25:23.848054+00:00)
2026-07-31 15:24:00 | INFO | Found latest version of tr87: tr87-cd924810 (downloaded: 2026-06-08 07:25:23.848054+00:00)
2026-07-31 15:24:00 | INFO | Found latest version of tr87: tr87-cd924810 (downloaded: 2026-06-08 07:25:23.848054+00:00)
2026-07-31 15:24:00 | INFO | Found latest version of tr87: tr87-cd924810 (downloaded: 2026-06-08 07:25:23.848054+00:00)
2026-07-31 15:24:00 | INFO | Found latest version of tr87: tr87-cd924810 (downloaded: 2026-06-08 07:25:23.848054+00:00)
2026-07-31 15:24:00 | INFO | Found latest version of tr87: tr87-cd924810 (downloaded: 2026-06-08 07:25:23.848054+00:00)
2026-07-31 15:24:00 | INFO | Found latest version of tr87: tr87-cd924810 (downloaded: 2026-06-08 07:25:23.848054+00:00)
2026-07-31 15:24:00 | INFO | Found latest version of tr87: tr87-cd924810 (downloaded: 2026-06-08 07:25:23.848054+00:00)
2026-07-31 15:24:00 | INFO | Found latest version of tr87: tr87-cd924810 (downloaded: 2026-06-08 07:25:23.848054+00:00)
2026-07-31 15:24:00 | INFO | Found latest version of tr87: tr87-cd924810 (downloaded: 2026-06-08 07:25:23.848054+00:00)
2026-07-31 15:24:00 | INFO | Found latest version of tr87: tr87-cd924810 (downloaded: 2026-06-08 07:25:23.848054+00:00)
2026-07-31 15:24:00 | INFO | Found latest version of tr87: tr87-cd924810 (downloaded: 2026-06-08 07:25:23.848054+00:00)
2026-07-31 15:24:01 | INFO | Found latest version of tr87: tr87-cd924810 (downloaded: 2026-06-08 07:25:23.848054+00:00)
2026-07-31 15:24:01 | INFO | Found latest version of tr87: tr87-cd924810 (downloaded: 2026-06-08 07:25:23.848054+00:00)
2026-07-31 15:24:01 | INFO | Found latest version of tr87: tr87-cd924810 (downloaded: 2026-06-08 07:25:23.848054+00:00)
2026-07-31 15:24:01 | INFO | Found latest version of tr87: tr87-cd924810 (downloaded: 2026-06-08 07:25:23.848054+00:00)
2026-07-31 15:24:01 | INFO | Found latest version of tr87: tr87-cd924810 (downloaded: 2026-06-08 07:25:23.848054+00:00)
2026-07-31 15:24:01 | INFO | Found latest version of tr87: tr87-cd924810 (downloaded: 2026-06-08 07:25:23.848054+00:00)
2026-07-31 15:24:01 | INFO | Found latest version of tr87: tr87-cd924810 (downloaded: 2026-06-08 07:25:23.848054+00:00)
2026-07-31 15:24:01 | INFO | Found latest version of tr87: tr87-cd924810 (downloaded: 2026-06-08 07:25:23.848054+00:00)
2026-07-31 15:24:01 | INFO | Found latest version of tr87: tr87-cd924810 (downloaded: 2026-06-08 07:25:23.848054+00:00)
2026-07-31 15:24:01 | INFO | Found latest version of tr87: tr87-cd924810 (downloaded: 2026-06-08 07:25:23.848054+00:00)
2026-07-31 15:24:01 | INFO | Found latest version of tr87: tr87-cd924810 (downloaded: 2026-06-08 07:25:23.848054+00:00)
2026-07-31 15:24:01 | INFO | Found latest version of tr87: tr87-cd924810 (downloaded: 2026-06-08 07:25:23.848054+00:00)
2026-07-31 15:24:01 | INFO | Found latest version of tr87: tr87-cd924810 (downloaded: 2026-06-08 07:25:23.848054+00:00)
2026-07-31 15:24:01 | INFO | Found latest version of tr87: tr87-cd924810 (downloaded: 2026-06-08 07:25:23.848054+00:00)
2026-07-31 15:24:01 | INFO | Found latest version of tr87: tr87-cd924810 (downloaded: 2026-06-08 07:25:23.848054+00:00)
2026-07-31 15:24:01 | INFO | Found latest version of tr87: tr87-cd924810 (downloaded: 2026-06-08 07:25:23.848054+00:00)
2026-07-31 15:24:01 | INFO | Found latest version of tr87: tr87-cd924810 (downloaded: 2026-06-08 07:25:23.848054+00:00)
2026-07-31 15:24:01 | INFO | Found latest version of tr87: tr87-cd924810 (downloaded: 2026-06-08 07:25:23.848054+00:00)
2026-07-31 15:24:01 | INFO | Found latest version of tr87: tr87-cd924810 (downloaded: 2026-06-08 07:25:23.848054+00:00)
2026-07-31 15:24:01 | INFO | Found latest version of tr87: tr87-cd924810 (downloaded: 2026-06-08 07:25:23.848054+00:00)
2026-07-31 15:24:01 | INFO | Found latest version of tr87: tr87-cd924810 (downloaded: 2026-06-08 07:25:23.848054+00:00)
2026-07-31 15:24:01 | INFO | Found latest version of tr87: tr87-cd924810 (downloaded: 2026-06-08 07:25:23.848054+00:00)
2026-07-31 15:24:02 | INFO | Found latest version of tr87: tr87-cd924810 (downloaded: 2026-06-08 07:25:23.848054+00:00)
2026-07-31 15:24:02 | INFO | Found latest version of tr87: tr87-cd924810 (downloaded: 2026-06-08 07:25:23.848054+00:00)
2026-07-31 15:24:02 | INFO | Found latest version of tr87: tr87-cd924810 (downloaded: 2026-06-08 07:25:23.848054+00:00)
2026-07-31 15:24:02 | INFO | Found latest version of tr87: tr87-cd924810 (downloaded: 2026-06-08 07:25:23.848054+00:00)
2026-07-31 15:24:02 | INFO | Found latest version of tr87: tr87-cd924810 (downloaded: 2026-06-08 07:25:23.848054+00:00)
2026-07-31 15:24:02 | INFO | Found latest version of tr87: tr87-cd924810 (downloaded: 2026-06-08 07:25:23.848054+00:00)
2026-07-31 15:24:02 | INFO | Found latest version of tr87: tr87-cd924810 (downloaded: 2026-06-08 07:25:23.848054+00:00)
2026-07-31 15:24:02 | INFO | Found latest version of tr87: tr87-cd924810 (downloaded: 2026-06-08 07:25:23.848054+00:00)
2026-07-31 15:24:02 | INFO | Found latest version of tr87: tr87-cd924810 (downloaded: 2026-06-08 07:25:23.848054+00:00)
2026-07-31 15:24:02 | INFO | Found latest version of tr87: tr87-cd924810 (downloaded: 2026-06-08 07:25:23.848054+00:00)
2026-07-31 15:24:02 | INFO | Found latest version of tr87: tr87-cd924810 (downloaded: 2026-06-08 07:25:23.848054+00:00)
2026-07-31 15:24:02 | INFO | Found latest version of tr87: tr87-cd924810 (downloaded: 2026-06-08 07:25:23.848054+00:00)
2026-07-31 15:24:02 | INFO | Found latest version of tr87: tr87-cd924810 (downloaded: 2026-06-08 07:25:23.848054+00:00)
2026-07-31 15:24:02 | INFO | Found latest version of tr87: tr87-cd924810 (downloaded: 2026-06-08 07:25:23.848054+00:00)
2026-07-31 15:24:02 | INFO | Found latest version of tr87: tr87-cd924810 (downloaded: 2026-06-08 07:25:23.848054+00:00)
2026-07-31 15:24:02 | INFO | Found latest version of tr87: tr87-cd924810 (downloaded: 2026-06-08 07:25:23.848054+00:00)
2026-07-31 15:24:02 | INFO | Found latest version of tr87: tr87-cd924810 (downloaded: 2026-06-08 07:25:23.848054+00:00)
2026-07-31 15:24:02 | INFO | Found latest version of tr87: tr87-cd924810 (downloaded: 2026-06-08 07:25:23.848054+00:00)
2026-07-31 15:24:02 | INFO | Found latest version of tr87: tr87-cd924810 (downloaded: 2026-06-08 07:25:23.848054+00:00)
2026-07-31 15:24:02 | INFO | Found latest version of tr87: tr87-cd924810 (downloaded: 2026-06-08 07:25:23.848054+00:00)
2026-07-31 15:24:02 | INFO | Found latest version of tr87: tr87-cd924810 (downloaded: 2026-06-08 07:25:23.848054+00:00)
2026-07-31 15:24:02 | INFO | Found latest version of tr87: tr87-cd924810 (downloaded: 2026-06-08 07:25:23.848054+00:00)
2026-07-31 15:24:02 | INFO | Found latest version of tr87: tr87-cd924810 (downloaded: 2026-06-08 07:25:23.848054+00:00)
2026-07-31 15:24:02 | INFO | Found latest version of tr87: tr87-cd924810 (downloaded: 2026-06-08 07:25:23.848054+00:00)
2026-07-31 15:24:02 | INFO | Found latest version of tr87: tr87-cd924810 (downloaded: 2026-06-08 07:25:23.848054+00:00)
2026-07-31 15:24:02 | INFO | Found latest version of tr87: tr87-cd924810 (downloaded: 2026-06-08 07:25:23.848054+00:00)
2026-07-31 15:24:02 | INFO | Found latest version of tr87: tr87-cd924810 (downloaded: 2026-06-08 07:25:23.848054+00:00)
2026-07-31 15:24:02 | INFO | Found latest version of tr87: tr87-cd924810 (downloaded: 2026-06-08 07:25:23.848054+00:00)
2026-07-31 15:24:02 | INFO | Found latest version of tr87: tr87-cd924810 (downloaded: 2026-06-08 07:25:23.848054+00:00)
2026-07-31 15:24:02 | INFO | Found latest version of tr87: tr87-cd924810 (downloaded: 2026-06-08 07:25:23.848054+00:00)
2026-07-31 15:24:02 | INFO | Found latest version of tr87: tr87-cd924810 (downloaded: 2026-06-08 07:25:23.848054+00:00)
2026-07-31 15:24:02 | INFO | Found latest version of tr87: tr87-cd924810 (downloaded: 2026-06-08 07:25:23.848054+00:00)
2026-07-31 15:24:02 | INFO | Found latest version of tr87: tr87-cd924810 (downloaded: 2026-06-08 07:25:23.848054+00:00)
2026-07-31 15:24:02 | INFO | Found latest version of tr87: tr87-cd924810 (downloaded: 2026-06-08 07:25:23.848054+00:00)
2026-07-31 15:24:02 | INFO | Found latest version of tr87: tr87-cd924810 (downloaded: 2026-06-08 07:25:23.848054+00:00)
2026-07-31 15:24:02 | INFO | Found latest version of tr87: tr87-cd924810 (downloaded: 2026-06-08 07:25:23.848054+00:00)
2026-07-31 15:24:02 | INFO | Found latest version of tr87: tr87-cd924810 (downloaded: 2026-06-08 07:25:23.848054+00:00)
2026-07-31 15:24:02 | INFO | Found latest version of tr87: tr87-cd924810 (downloaded: 2026-06-08 07:25:23.848054+00:00)
2026-07-31 15:24:02 | INFO | Found latest version of tr87: tr87-cd924810 (downloaded: 2026-06-08 07:25:23.848054+00:00)
2026-07-31 15:24:02 | INFO | Found latest version of tr87: tr87-cd924810 (downloaded: 2026-06-08 07:25:23.848054+00:00)
2026-07-31 15:24:03 | INFO | Found latest version of tr87: tr87-cd924810 (downloaded: 2026-06-08 07:25:23.848054+00:00)
2026-07-31 15:24:03 | INFO | Found latest version of tr87: tr87-cd924810 (downloaded: 2026-06-08 07:25:23.848054+00:00)
2026-07-31 15:24:03 | INFO | Found latest version of tr87: tr87-cd924810 (downloaded: 2026-06-08 07:25:23.848054+00:00)
2026-07-31 15:24:03 | INFO | Found latest version of tr87: tr87-cd924810 (downloaded: 2026-06-08 07:25:23.848054+00:00)
2026-07-31 15:24:03 | INFO | Found latest version of tr87: tr87-cd924810 (downloaded: 2026-06-08 07:25:23.848054+00:00)
2026-07-31 15:24:03 | INFO | Found latest version of tr87: tr87-cd924810 (downloaded: 2026-06-08 07:25:23.848054+00:00)
2026-07-31 15:24:03 | INFO | Found latest version of tr87: tr87-cd924810 (downloaded: 2026-06-08 07:25:23.848054+00:00)
2026-07-31 15:24:03 | INFO | Found latest version of tr87: tr87-cd924810 (downloaded: 2026-06-08 07:25:23.848054+00:00)
2026-07-31 15:24:03 | INFO | Found latest version of tr87: tr87-cd924810 (downloaded: 2026-06-08 07:25:23.848054+00:00)
2026-07-31 15:24:03 | INFO | Found latest version of tr87: tr87-cd924810 (downloaded: 2026-06-08 07:25:23.848054+00:00)
2026-07-31 15:24:03 | INFO | Found latest version of tr87: tr87-cd924810 (downloaded: 2026-06-08 07:25:23.848054+00:00)
2026-07-31 15:24:03 | INFO | Found latest version of tr87: tr87-cd924810 (downloaded: 2026-06-08 07:25:23.848054+00:00)
2026-07-31 15:24:03 | INFO | Found latest version of tr87: tr87-cd924810 (downloaded: 2026-06-08 07:25:23.848054+00:00)
2026-07-31 15:24:03 | INFO | Found latest version of tr87: tr87-cd924810 (downloaded: 2026-06-08 07:25:23.848054+00:00)
2026-07-31 15:24:03 | INFO | Found latest version of tr87: tr87-cd924810 (downloaded: 2026-06-08 07:25:23.848054+00:00)
2026-07-31 15:24:03 | INFO | Found latest version of tr87: tr87-cd924810 (downloaded: 2026-06-08 07:25:23.848054+00:00)
2026-07-31 15:24:03 | INFO | Found latest version of tr87: tr87-cd924810 (downloaded: 2026-06-08 07:25:23.848054+00:00)
2026-07-31 15:24:03 | INFO | Found latest version of tr87: tr87-cd924810 (downloaded: 2026-06-08 07:25:23.848054+00:00)
2026-07-31 15:24:03 | INFO | Found latest version of tr87: tr87-cd924810 (downloaded: 2026-06-08 07:25:23.848054+00:00)
2026-07-31 15:24:03 | INFO | Found latest version of tr87: tr87-cd924810 (downloaded: 2026-06-08 07:25:23.848054+00:00)
2026-07-31 15:24:03 | INFO | Found latest version of tr87: tr87-cd924810 (downloaded: 2026-06-08 07:25:23.848054+00:00)
2026-07-31 15:24:03 | INFO | Found latest version of tr87: tr87-cd924810 (downloaded: 2026-06-08 07:25:23.848054+00:00)
2026-07-31 15:24:03 | INFO | Found latest version of tr87: tr87-cd924810 (downloaded: 2026-06-08 07:25:23.848054+00:00)
2026-07-31 15:24:03 | INFO | Found latest version of tr87: tr87-cd924810 (downloaded: 2026-06-08 07:25:23.848054+00:00)
2026-07-31 15:24:03 | INFO | Found latest version of tr87: tr87-cd924810 (downloaded: 2026-06-08 07:25:23.848054+00:00)
2026-07-31 15:24:03 | INFO | Found latest version of tr87: tr87-cd924810 (downloaded: 2026-06-08 07:25:23.848054+00:00)
2026-07-31 15:24:03 | INFO | Found latest version of tr87: tr87-cd924810 (downloaded: 2026-06-08 07:25:23.848054+00:00)
2026-07-31 15:24:03 | INFO | Found latest version of tr87: tr87-cd924810 (downloaded: 2026-06-08 07:25:23.848054+00:00)
2026-07-31 15:24:03 | INFO | Found latest version of tr87: tr87-cd924810 (downloaded: 2026-06-08 07:25:23.848054+00:00)
2026-07-31 15:24:03 | INFO | Found latest version of tr87: tr87-cd924810 (downloaded: 2026-06-08 07:25:23.848054+00:00)
2026-07-31 15:24:03 | INFO | Found latest version of tr87: tr87-cd924810 (downloaded: 2026-06-08 07:25:23.848054+00:00)
2026-07-31 15:24:03 | INFO | Found latest version of tr87: tr87-cd924810 (downloaded: 2026-06-08 07:25:23.848054+00:00)
2026-07-31 15:24:03 | INFO | Found latest version of tr87: tr87-cd924810 (downloaded: 2026-06-08 07:25:23.848054+00:00)
2026-07-31 15:24:03 | INFO | Found latest version of tr87: tr87-cd924810 (downloaded: 2026-06-08 07:25:23.848054+00:00)
2026-07-31 15:24:03 | INFO | Found latest version of tr87: tr87-cd924810 (downloaded: 2026-06-08 07:25:23.848054+00:00)
2026-07-31 15:24:03 | INFO | Found latest version of tr87: tr87-cd924810 (downloaded: 2026-06-08 07:25:23.848054+00:00)
2026-07-31 15:24:03 | INFO | Found latest version of tr87: tr87-cd924810 (downloaded: 2026-06-08 07:25:23.848054+00:00)
2026-07-31 15:24:03 | INFO | Found latest version of tr87: tr87-cd924810 (downloaded: 2026-06-08 07:25:23.848054+00:00)
2026-07-31 15:24:03 | INFO | Found latest version of tr87: tr87-cd924810 (downloaded: 2026-06-08 07:25:23.848054+00:00)
2026-07-31 15:24:03 | INFO | Found latest version of tr87: tr87-cd924810 (downloaded: 2026-06-08 07:25:23.848054+00:00)
2026-07-31 15:24:03 | INFO | Found latest version of tr87: tr87-cd924810 (downloaded: 2026-06-08 07:25:23.848054+00:00)
2026-07-31 15:24:03 | INFO | Found latest version of tr87: tr87-cd924810 (downloaded: 2026-06-08 07:25:23.848054+00:00)
2026-07-31 15:24:03 | INFO | Found latest version of tr87: tr87-cd924810 (downloaded: 2026-06-08 07:25:23.848054+00:00)
2026-07-31 15:24:03 | INFO | Found latest version of tr87: tr87-cd924810 (downloaded: 2026-06-08 07:25:23.848054+00:00)
2026-07-31 15:24:03 | INFO | Found latest version of tr87: tr87-cd924810 (downloaded: 2026-06-08 07:25:23.848054+00:00)
2026-07-31 15:24:03 | INFO | Found latest version of tr87: tr87-cd924810 (downloaded: 2026-06-08 07:25:23.848054+00:00)
2026-07-31 15:24:03 | INFO | Found latest version of tr87: tr87-cd924810 (downloaded: 2026-06-08 07:25:23.848054+00:00)
2026-07-31 15:24:03 | INFO | Found latest version of tr87: tr87-cd924810 (downloaded: 2026-06-08 07:25:23.848054+00:00)
2026-07-31 15:24:03 | INFO | Found latest version of tr87: tr87-cd924810 (downloaded: 2026-06-08 07:25:23.848054+00:00)
2026-07-31 15:24:03 | INFO | Found latest version of tr87: tr87-cd924810 (downloaded: 2026-06-08 07:25:23.848054+00:00)
2026-07-31 15:24:03 | INFO | Found latest version of tr87: tr87-cd924810 (downloaded: 2026-06-08 07:25:23.848054+00:00)
2026-07-31 15:24:03 | INFO | Found latest version of tr87: tr87-cd924810 (downloaded: 2026-06-08 07:25:23.848054+00:00)
2026-07-31 15:24:03 | INFO | Found latest version of tr87: tr87-cd924810 (downloaded: 2026-06-08 07:25:23.848054+00:00)
2026-07-31 15:24:03 | INFO | Found latest version of tr87: tr87-cd924810 (downloaded: 2026-06-08 07:25:23.848054+00:00)
2026-07-31 15:24:03 | INFO | Found latest version of tr87: tr87-cd924810 (downloaded: 2026-06-08 07:25:23.848054+00:00)
2026-07-31 15:24:03 | INFO | Found latest version of tr87: tr87-cd924810 (downloaded: 2026-06-08 07:25:23.848054+00:00)
2026-07-31 15:24:03 | INFO | Found latest version of tr87: tr87-cd924810 (downloaded: 2026-06-08 07:25:23.848054+00:00)
2026-07-31 15:24:04 | INFO | Found latest version of tr87: tr87-cd924810 (downloaded: 2026-06-08 07:25:23.848054+00:00)
2026-07-31 15:24:04 | INFO | Found latest version of tr87: tr87-cd924810 (downloaded: 2026-06-08 07:25:23.848054+00:00)
2026-07-31 15:24:04 | INFO | Found latest version of tr87: tr87-cd924810 (downloaded: 2026-06-08 07:25:23.848054+00:00)
2026-07-31 15:24:04 | INFO | Found latest version of tr87: tr87-cd924810 (downloaded: 2026-06-08 07:25:23.848054+00:00)
2026-07-31 15:24:04 | INFO | Found latest version of tr87: tr87-cd924810 (downloaded: 2026-06-08 07:25:23.848054+00:00)
2026-07-31 15:24:04 | INFO | Found latest version of tr87: tr87-cd924810 (downloaded: 2026-06-08 07:25:23.848054+00:00)
2026-07-31 15:24:04 | INFO | Found latest version of tr87: tr87-cd924810 (downloaded: 2026-06-08 07:25:23.848054+00:00)
2026-07-31 15:24:04 | INFO | Found latest version of tr87: tr87-cd924810 (downloaded: 2026-06-08 07:25:23.848054+00:00)
2026-07-31 15:24:04 | INFO | Found latest version of tr87: tr87-cd924810 (downloaded: 2026-06-08 07:25:23.848054+00:00)
2026-07-31 15:24:04 | INFO | Found latest version of tr87: tr87-cd924810 (downloaded: 2026-06-08 07:25:23.848054+00:00)
2026-07-31 15:24:04 | INFO | Found latest version of tr87: tr87-cd924810 (downloaded: 2026-06-08 07:25:23.848054+00:00)
2026-07-31 15:24:04 | INFO | Found latest version of tr87: tr87-cd924810 (downloaded: 2026-06-08 07:25:23.848054+00:00)
2026-07-31 15:24:05 | INFO | Found latest version of tr87: tr87-cd924810 (downloaded: 2026-06-08 07:25:23.848054+00:00)
2026-07-31 15:24:05 | INFO | Found latest version of tr87: tr87-cd924810 (downloaded: 2026-06-08 07:25:23.848054+00:00)
2026-07-31 15:24:05 | INFO | Found latest version of tr87: tr87-cd924810 (downloaded: 2026-06-08 07:25:23.848054+00:00)
2026-07-31 15:24:05 | INFO | Found latest version of tr87: tr87-cd924810 (downloaded: 2026-06-08 07:25:23.848054+00:00)
2026-07-31 15:24:05 | INFO | Found latest version of tr87: tr87-cd924810 (downloaded: 2026-06-08 07:25:23.848054+00:00)
2026-07-31 15:24:05 | INFO | Found latest version of tr87: tr87-cd924810 (downloaded: 2026-06-08 07:25:23.848054+00:00)
2026-07-31 15:24:05 | INFO | Found latest version of tr87: tr87-cd924810 (downloaded: 2026-06-08 07:25:23.848054+00:00)
2026-07-31 15:24:05 | INFO | Found latest version of tr87: tr87-cd924810 (downloaded: 2026-06-08 07:25:23.848054+00:00)
2026-07-31 15:24:05 | INFO | Found latest version of tr87: tr87-cd924810 (downloaded: 2026-06-08 07:25:23.848054+00:00)
2026-07-31 15:24:05 | INFO | Found latest version of tr87: tr87-cd924810 (downloaded: 2026-06-08 07:25:23.848054+00:00)
2026-07-31 15:24:05 | INFO | Found latest version of tr87: tr87-cd924810 (downloaded: 2026-06-08 07:25:23.848054+00:00)
2026-07-31 15:24:05 | INFO | Found latest version of tr87: tr87-cd924810 (downloaded: 2026-06-08 07:25:23.848054+00:00)
2026-07-31 15:24:05 | INFO | Found latest version of tr87: tr87-cd924810 (downloaded: 2026-06-08 07:25:23.848054+00:00)
2026-07-31 15:24:05 | INFO | Found latest version of tr87: tr87-cd924810 (downloaded: 2026-06-08 07:25:23.848054+00:00)
2026-07-31 15:24:05 | INFO | Found latest version of tr87: tr87-cd924810 (downloaded: 2026-06-08 07:25:23.848054+00:00)
2026-07-31 15:24:05 | INFO | Found latest version of tr87: tr87-cd924810 (downloaded: 2026-06-08 07:25:23.848054+00:00)
2026-07-31 15:24:05 | INFO | Found latest version of tr87: tr87-cd924810 (downloaded: 2026-06-08 07:25:23.848054+00:00)
2026-07-31 15:24:05 | INFO | Found latest version of tr87: tr87-cd924810 (downloaded: 2026-06-08 07:25:23.848054+00:00)
2026-07-31 15:24:05 | INFO | Found latest version of tr87: tr87-cd924810 (downloaded: 2026-06-08 07:25:23.848054+00:00)
2026-07-31 15:24:05 | INFO | Found latest version of tr87: tr87-cd924810 (downloaded: 2026-06-08 07:25:23.848054+00:00)
2026-07-31 15:24:05 | INFO | Found latest version of tr87: tr87-cd924810 (downloaded: 2026-06-08 07:25:23.848054+00:00)
2026-07-31 15:24:05 | INFO | Found latest version of tr87: tr87-cd924810 (downloaded: 2026-06-08 07:25:23.848054+00:00)
2026-07-31 15:24:05 | INFO | Found latest version of tr87: tr87-cd924810 (downloaded: 2026-06-08 07:25:23.848054+00:00)
2026-07-31 15:24:05 | INFO | Found latest version of tr87: tr87-cd924810 (downloaded: 2026-06-08 07:25:23.848054+00:00)
2026-07-31 15:24:05 | INFO | Found latest version of tr87: tr87-cd924810 (downloaded: 2026-06-08 07:25:23.848054+00:00)
2026-07-31 15:24:05 | INFO | Found latest version of tr87: tr87-cd924810 (downloaded: 2026-06-08 07:25:23.848054+00:00)
2026-07-31 15:24:05 | INFO | Found latest version of tr87: tr87-cd924810 (downloaded: 2026-06-08 07:25:23.848054+00:00)
2026-07-31 15:24:05 | INFO | Found latest version of tr87: tr87-cd924810 (downloaded: 2026-06-08 07:25:23.848054+00:00)
2026-07-31 15:24:05 | INFO | Found latest version of tr87: tr87-cd924810 (downloaded: 2026-06-08 07:25:23.848054+00:00)
2026-07-31 15:24:05 | INFO | Found latest version of tr87: tr87-cd924810 (downloaded: 2026-06-08 07:25:23.848054+00:00)
2026-07-31 15:24:05 | INFO | Found latest version of tr87: tr87-cd924810 (downloaded: 2026-06-08 07:25:23.848054+00:00)
2026-07-31 15:24:05 | INFO | Found latest version of tr87: tr87-cd924810 (downloaded: 2026-06-08 07:25:23.848054+00:00)
2026-07-31 15:24:05 | INFO | Found latest version of tr87: tr87-cd924810 (downloaded: 2026-06-08 07:25:23.848054+00:00)
2026-07-31 15:24:05 | INFO | Found latest version of tr87: tr87-cd924810 (downloaded: 2026-06-08 07:25:23.848054+00:00)
2026-07-31 15:24:05 | INFO | Found latest version of tr87: tr87-cd924810 (downloaded: 2026-06-08 07:25:23.848054+00:00)
2026-07-31 15:24:05 | INFO | Found latest version of tr87: tr87-cd924810 (downloaded: 2026-06-08 07:25:23.848054+00:00)
2026-07-31 15:24:05 | INFO | Found latest version of tr87: tr87-cd924810 (downloaded: 2026-06-08 07:25:23.848054+00:00)
2026-07-31 15:24:05 | INFO | Found latest version of tr87: tr87-cd924810 (downloaded: 2026-06-08 07:25:23.848054+00:00)
2026-07-31 15:24:05 | INFO | Found latest version of tr87: tr87-cd924810 (downloaded: 2026-06-08 07:25:23.848054+00:00)
2026-07-31 15:24:05 | INFO | Found latest version of tr87: tr87-cd924810 (downloaded: 2026-06-08 07:25:23.848054+00:00)
2026-07-31 15:24:05 | INFO | Found latest version of tr87: tr87-cd924810 (downloaded: 2026-06-08 07:25:23.848054+00:00)
2026-07-31 15:24:05 | INFO | Found latest version of tr87: tr87-cd924810 (downloaded: 2026-06-08 07:25:23.848054+00:00)
2026-07-31 15:24:05 | INFO | Found latest version of tr87: tr87-cd924810 (downloaded: 2026-06-08 07:25:23.848054+00:00)
2026-07-31 15:24:05 | INFO | Found latest version of tr87: tr87-cd924810 (downloaded: 2026-06-08 07:25:23.848054+00:00)
2026-07-31 15:24:05 | INFO | Found latest version of tr87: tr87-cd924810 (downloaded: 2026-06-08 07:25:23.848054+00:00)
2026-07-31 15:24:05 | INFO | Found latest version of tr87: tr87-cd924810 (downloaded: 2026-06-08 07:25:23.848054+00:00)
2026-07-31 15:24:05 | INFO | Found latest version of tr87: tr87-cd924810 (downloaded: 2026-06-08 07:25:23.848054+00:00)
2026-07-31 15:24:05 | INFO | Found latest version of tr87: tr87-cd924810 (downloaded: 2026-06-08 07:25:23.848054+00:00)
2026-07-31 15:24:05 | INFO | Found latest version of tr87: tr87-cd924810 (downloaded: 2026-06-08 07:25:23.848054+00:00)
2026-07-31 15:24:05 | INFO | Found latest version of tr87: tr87-cd924810 (downloaded: 2026-06-08 07:25:23.848054+00:00)
2026-07-31 15:24:05 | INFO | Found latest version of tr87: tr87-cd924810 (downloaded: 2026-06-08 07:25:23.848054+00:00)
2026-07-31 15:24:05 | INFO | Found latest version of tr87: tr87-cd924810 (downloaded: 2026-06-08 07:25:23.848054+00:00)
2026-07-31 15:24:05 | INFO | Found latest version of tr87: tr87-cd924810 (downloaded: 2026-06-08 07:25:23.848054+00:00)
2026-07-31 15:24:05 | INFO | Found latest version of tr87: tr87-cd924810 (downloaded: 2026-06-08 07:25:23.848054+00:00)
2026-07-31 15:24:05 | INFO | Found latest version of tr87: tr87-cd924810 (downloaded: 2026-06-08 07:25:23.848054+00:00)
2026-07-31 15:24:05 | INFO | Found latest version of tr87: tr87-cd924810 (downloaded: 2026-06-08 07:25:23.848054+00:00)
2026-07-31 15:24:06 | INFO | Found latest version of tr87: tr87-cd924810 (downloaded: 2026-06-08 07:25:23.848054+00:00)
2026-07-31 15:24:06 | INFO | Found latest version of tr87: tr87-cd924810 (downloaded: 2026-06-08 07:25:23.848054+00:00)
2026-07-31 15:24:06 | INFO | Found latest version of tr87: tr87-cd924810 (downloaded: 2026-06-08 07:25:23.848054+00:00)
2026-07-31 15:24:06 | INFO | Found latest version of tr87: tr87-cd924810 (downloaded: 2026-06-08 07:25:23.848054+00:00)
2026-07-31 15:24:06 | INFO | Found latest version of tr87: tr87-cd924810 (downloaded: 2026-06-08 07:25:23.848054+00:00)
2026-07-31 15:24:06 | INFO | Found latest version of tr87: tr87-cd924810 (downloaded: 2026-06-08 07:25:23.848054+00:00)
2026-07-31 15:24:06 | INFO | Found latest version of tr87: tr87-cd924810 (downloaded: 2026-06-08 07:25:23.848054+00:00)
2026-07-31 15:24:06 | INFO | Found latest version of tr87: tr87-cd924810 (downloaded: 2026-06-08 07:25:23.848054+00:00)
2026-07-31 15:24:06 | INFO | Found latest version of tr87: tr87-cd924810 (downloaded: 2026-06-08 07:25:23.848054+00:00)
2026-07-31 15:24:06 | INFO | Found latest version of tr87: tr87-cd924810 (downloaded: 2026-06-08 07:25:23.848054+00:00)
2026-07-31 15:24:06 | INFO | Found latest version of tr87: tr87-cd924810 (downloaded: 2026-06-08 07:25:23.848054+00:00)
2026-07-31 15:24:06 | INFO | Found latest version of tr87: tr87-cd924810 (downloaded: 2026-06-08 07:25:23.848054+00:00)
2026-07-31 15:24:06 | INFO | Found latest version of tr87: tr87-cd924810 (downloaded: 2026-06-08 07:25:23.848054+00:00)
2026-07-31 15:24:06 | INFO | Found latest version of tr87: tr87-cd924810 (downloaded: 2026-06-08 07:25:23.848054+00:00)
2026-07-31 15:24:06 | INFO | Found latest version of tr87: tr87-cd924810 (downloaded: 2026-06-08 07:25:23.848054+00:00)
2026-07-31 15:24:06 | INFO | Found latest version of tr87: tr87-cd924810 (downloaded: 2026-06-08 07:25:23.848054+00:00)
2026-07-31 15:24:06 | INFO | Found latest version of tr87: tr87-cd924810 (downloaded: 2026-06-08 07:25:23.848054+00:00)
2026-07-31 15:24:06 | INFO | Found latest version of tr87: tr87-cd924810 (downloaded: 2026-06-08 07:25:23.848054+00:00)
2026-07-31 15:24:06 | INFO | Found latest version of tr87: tr87-cd924810 (downloaded: 2026-06-08 07:25:23.848054+00:00)
2026-07-31 15:24:06 | INFO | Found latest version of tr87: tr87-cd924810 (downloaded: 2026-06-08 07:25:23.848054+00:00)
2026-07-31 15:24:06 | INFO | Found latest version of tr87: tr87-cd924810 (downloaded: 2026-06-08 07:25:23.848054+00:00)
2026-07-31 15:24:06 | INFO | Found latest version of tr87: tr87-cd924810 (downloaded: 2026-06-08 07:25:23.848054+00:00)
2026-07-31 15:24:06 | INFO | Found latest version of tr87: tr87-cd924810 (downloaded: 2026-06-08 07:25:23.848054+00:00)
2026-07-31 15:24:06 | INFO | Found latest version of tr87: tr87-cd924810 (downloaded: 2026-06-08 07:25:23.848054+00:00)
2026-07-31 15:24:06 | INFO | Found latest version of tr87: tr87-cd924810 (downloaded: 2026-06-08 07:25:23.848054+00:00)
2026-07-31 15:24:06 | INFO | Found latest version of tr87: tr87-cd924810 (downloaded: 2026-06-08 07:25:23.848054+00:00)
2026-07-31 15:24:07 | INFO | Found latest version of tr87: tr87-cd924810 (downloaded: 2026-06-08 07:25:23.848054+00:00)
2026-07-31 15:24:07 | INFO | Found latest version of tr87: tr87-cd924810 (downloaded: 2026-06-08 07:25:23.848054+00:00)
2026-07-31 15:24:07 | INFO | Found latest version of tr87: tr87-cd924810 (downloaded: 2026-06-08 07:25:23.848054+00:00)
2026-07-31 15:24:07 | INFO | Found latest version of tr87: tr87-cd924810 (downloaded: 2026-06-08 07:25:23.848054+00:00)
2026-07-31 15:24:07 | INFO | Found latest version of tr87: tr87-cd924810 (downloaded: 2026-06-08 07:25:23.848054+00:00)
2026-07-31 15:24:07 | INFO | Found latest version of tr87: tr87-cd924810 (downloaded: 2026-06-08 07:25:23.848054+00:00)
2026-07-31 15:24:07 | INFO | Found latest version of tr87: tr87-cd924810 (downloaded: 2026-06-08 07:25:23.848054+00:00)
2026-07-31 15:24:07 | INFO | Found latest version of tr87: tr87-cd924810 (downloaded: 2026-06-08 07:25:23.848054+00:00)
2026-07-31 15:24:07 | INFO | Found latest version of tr87: tr87-cd924810 (downloaded: 2026-06-08 07:25:23.848054+00:00)
2026-07-31 15:24:07 | INFO | Found latest version of tr87: tr87-cd924810 (downloaded: 2026-06-08 07:25:23.848054+00:00)
2026-07-31 15:24:07 | INFO | Found latest version of tr87: tr87-cd924810 (downloaded: 2026-06-08 07:25:23.848054+00:00)
2026-07-31 15:24:07 | INFO | Found latest version of tr87: tr87-cd924810 (downloaded: 2026-06-08 07:25:23.848054+00:00)
2026-07-31 15:24:07 | INFO | Found latest version of tr87: tr87-cd924810 (downloaded: 2026-06-08 07:25:23.848054+00:00)
2026-07-31 15:24:07 | INFO | Found latest version of tr87: tr87-cd924810 (downloaded: 2026-06-08 07:25:23.848054+00:00)
2026-07-31 15:24:07 | INFO | Found latest version of tr87: tr87-cd924810 (downloaded: 2026-06-08 07:25:23.848054+00:00)
2026-07-31 15:24:07 | INFO | Found latest version of tr87: tr87-cd924810 (downloaded: 2026-06-08 07:25:23.848054+00:00)
2026-07-31 15:24:07 | INFO | Found latest version of tr87: tr87-cd924810 (downloaded: 2026-06-08 07:25:23.848054+00:00)
2026-07-31 15:24:07 | INFO | Found latest version of tr87: tr87-cd924810 (downloaded: 2026-06-08 07:25:23.848054+00:00)
2026-07-31 15:24:07 | INFO | Found latest version of tr87: tr87-cd924810 (downloaded: 2026-06-08 07:25:23.848054+00:00)
2026-07-31 15:24:07 | INFO | Found latest version of tr87: tr87-cd924810 (downloaded: 2026-06-08 07:25:23.848054+00:00)
2026-07-31 15:24:07 | INFO | Found latest version of tr87: tr87-cd924810 (downloaded: 2026-06-08 07:25:23.848054+00:00)
2026-07-31 15:24:07 | INFO | Found latest version of tr87: tr87-cd924810 (downloaded: 2026-06-08 07:25:23.848054+00:00)
2026-07-31 15:24:07 | INFO | Found latest version of tr87: tr87-cd924810 (downloaded: 2026-06-08 07:25:23.848054+00:00)
2026-07-31 15:24:07 | INFO | Found latest version of tr87: tr87-cd924810 (downloaded: 2026-06-08 07:25:23.848054+00:00)
2026-07-31 15:24:07 | INFO | Found latest version of tr87: tr87-cd924810 (downloaded: 2026-06-08 07:25:23.848054+00:00)
2026-07-31 15:24:07 | INFO | Found latest version of tr87: tr87-cd924810 (downloaded: 2026-06-08 07:25:23.848054+00:00)
2026-07-31 15:24:07 | INFO | Found latest version of tr87: tr87-cd924810 (downloaded: 2026-06-08 07:25:23.848054+00:00)
2026-07-31 15:24:07 | INFO | Found latest version of tr87: tr87-cd924810 (downloaded: 2026-06-08 07:25:23.848054+00:00)
2026-07-31 15:24:07 | INFO | Found latest version of tr87: tr87-cd924810 (downloaded: 2026-06-08 07:25:23.848054+00:00)
2026-07-31 15:24:07 | INFO | Found latest version of tr87: tr87-cd924810 (downloaded: 2026-06-08 07:25:23.848054+00:00)
2026-07-31 15:24:07 | INFO | Found latest version of tr87: tr87-cd924810 (downloaded: 2026-06-08 07:25:23.848054+00:00)
2026-07-31 15:24:07 | INFO | Found latest version of tr87: tr87-cd924810 (downloaded: 2026-06-08 07:25:23.848054+00:00)
2026-07-31 15:24:07 | INFO | Found latest version of tr87: tr87-cd924810 (downloaded: 2026-06-08 07:25:23.848054+00:00)
2026-07-31 15:24:07 | INFO | Found latest version of tr87: tr87-cd924810 (downloaded: 2026-06-08 07:25:23.848054+00:00)
2026-07-31 15:24:07 | INFO | Found latest version of tr87: tr87-cd924810 (downloaded: 2026-06-08 07:25:23.848054+00:00)
2026-07-31 15:24:07 | INFO | Found latest version of tr87: tr87-cd924810 (downloaded: 2026-06-08 07:25:23.848054+00:00)
2026-07-31 15:24:07 | INFO | Found latest version of tr87: tr87-cd924810 (downloaded: 2026-06-08 07:25:23.848054+00:00)
2026-07-31 15:24:08 | INFO | Found latest version of tr87: tr87-cd924810 (downloaded: 2026-06-08 07:25:23.848054+00:00)
2026-07-31 15:24:08 | INFO | Found latest version of tr87: tr87-cd924810 (downloaded: 2026-06-08 07:25:23.848054+00:00)
2026-07-31 15:24:08 | INFO | Found latest version of tr87: tr87-cd924810 (downloaded: 2026-06-08 07:25:23.848054+00:00)
2026-07-31 15:24:08 | INFO | Found latest version of tr87: tr87-cd924810 (downloaded: 2026-06-08 07:25:23.848054+00:00)
2026-07-31 15:24:08 | INFO | Found latest version of tr87: tr87-cd924810 (downloaded: 2026-06-08 07:25:23.848054+00:00)
2026-07-31 15:24:08 | INFO | Found latest version of tr87: tr87-cd924810 (downloaded: 2026-06-08 07:25:23.848054+00:00)
2026-07-31 15:24:08 | INFO | Found latest version of tr87: tr87-cd924810 (downloaded: 2026-06-08 07:25:23.848054+00:00)
2026-07-31 15:24:08 | INFO | Found latest version of tr87: tr87-cd924810 (downloaded: 2026-06-08 07:25:23.848054+00:00)
2026-07-31 15:24:08 | INFO | Found latest version of tr87: tr87-cd924810 (downloaded: 2026-06-08 07:25:23.848054+00:00)
2026-07-31 15:24:08 | INFO | Found latest version of tr87: tr87-cd924810 (downloaded: 2026-06-08 07:25:23.848054+00:00)
2026-07-31 15:24:08 | INFO | Found latest version of tr87: tr87-cd924810 (downloaded: 2026-06-08 07:25:23.848054+00:00)
2026-07-31 15:24:08 | INFO | Found latest version of tr87: tr87-cd924810 (downloaded: 2026-06-08 07:25:23.848054+00:00)
2026-07-31 15:24:08 | INFO | Found latest version of tr87: tr87-cd924810 (downloaded: 2026-06-08 07:25:23.848054+00:00)
2026-07-31 15:24:08 | INFO | Found latest version of tr87: tr87-cd924810 (downloaded: 2026-06-08 07:25:23.848054+00:00)
2026-07-31 15:24:08 | INFO | Found latest version of tr87: tr87-cd924810 (downloaded: 2026-06-08 07:25:23.848054+00:00)
2026-07-31 15:24:08 | INFO | Found latest version of tr87: tr87-cd924810 (downloaded: 2026-06-08 07:25:23.848054+00:00)
2026-07-31 15:24:08 | INFO | Found latest version of tr87: tr87-cd924810 (downloaded: 2026-06-08 07:25:23.848054+00:00)
2026-07-31 15:24:08 | INFO | Found latest version of tr87: tr87-cd924810 (downloaded: 2026-06-08 07:25:23.848054+00:00)
2026-07-31 15:24:08 | INFO | Found latest version of tr87: tr87-cd924810 (downloaded: 2026-06-08 07:25:23.848054+00:00)
2026-07-31 15:24:08 | INFO | Found latest version of tr87: tr87-cd924810 (downloaded: 2026-06-08 07:25:23.848054+00:00)
2026-07-31 15:24:08 | INFO | Found latest version of tr87: tr87-cd924810 (downloaded: 2026-06-08 07:25:23.848054+00:00)
2026-07-31 15:24:08 | INFO | Found latest version of tr87: tr87-cd924810 (downloaded: 2026-06-08 07:25:23.848054+00:00)
2026-07-31 15:24:08 | INFO | Found latest version of tr87: tr87-cd924810 (downloaded: 2026-06-08 07:25:23.848054+00:00)
2026-07-31 15:24:08 | INFO | Found latest version of tr87: tr87-cd924810 (downloaded: 2026-06-08 07:25:23.848054+00:00)
2026-07-31 15:24:08 | INFO | Found latest version of tr87: tr87-cd924810 (downloaded: 2026-06-08 07:25:23.848054+00:00)
2026-07-31 15:24:08 | INFO | Found latest version of tr87: tr87-cd924810 (downloaded: 2026-06-08 07:25:23.848054+00:00)
2026-07-31 15:24:08 | INFO | Found latest version of tr87: tr87-cd924810 (downloaded: 2026-06-08 07:25:23.848054+00:00)
2026-07-31 15:24:08 | INFO | Found latest version of tr87: tr87-cd924810 (downloaded: 2026-06-08 07:25:23.848054+00:00)
2026-07-31 15:24:08 | INFO | Found latest version of tr87: tr87-cd924810 (downloaded: 2026-06-08 07:25:23.848054+00:00)
2026-07-31 15:24:08 | INFO | Found latest version of tr87: tr87-cd924810 (downloaded: 2026-06-08 07:25:23.848054+00:00)
2026-07-31 15:24:08 | INFO | Found latest version of tr87: tr87-cd924810 (downloaded: 2026-06-08 07:25:23.848054+00:00)
2026-07-31 15:24:08 | INFO | Found latest version of tr87: tr87-cd924810 (downloaded: 2026-06-08 07:25:23.848054+00:00)
2026-07-31 15:24:08 | INFO | Found latest version of tr87: tr87-cd924810 (downloaded: 2026-06-08 07:25:23.848054+00:00)
2026-07-31 15:24:08 | INFO | Found latest version of tr87: tr87-cd924810 (downloaded: 2026-06-08 07:25:23.848054+00:00)
2026-07-31 15:24:08 | INFO | Found latest version of tr87: tr87-cd924810 (downloaded: 2026-06-08 07:25:23.848054+00:00)
2026-07-31 15:24:08 | INFO | Found latest version of tr87: tr87-cd924810 (downloaded: 2026-06-08 07:25:23.848054+00:00)
2026-07-31 15:24:08 | INFO | Found latest version of tr87: tr87-cd924810 (downloaded: 2026-06-08 07:25:23.848054+00:00)
2026-07-31 15:24:08 | INFO | Found latest version of tr87: tr87-cd924810 (downloaded: 2026-06-08 07:25:23.848054+00:00)
2026-07-31 15:24:08 | INFO | Found latest version of tr87: tr87-cd924810 (downloaded: 2026-06-08 07:25:23.848054+00:00)
2026-07-31 15:24:08 | INFO | Found latest version of tr87: tr87-cd924810 (downloaded: 2026-06-08 07:25:23.848054+00:00)
2026-07-31 15:24:08 | INFO | Found latest version of tr87: tr87-cd924810 (downloaded: 2026-06-08 07:25:23.848054+00:00)
2026-07-31 15:24:08 | INFO | Found latest version of tr87: tr87-cd924810 (downloaded: 2026-06-08 07:25:23.848054+00:00)
2026-07-31 15:24:08 | INFO | Found latest version of tr87: tr87-cd924810 (downloaded: 2026-06-08 07:25:23.848054+00:00)
2026-07-31 15:24:08 | INFO | Found latest version of tr87: tr87-cd924810 (downloaded: 2026-06-08 07:25:23.848054+00:00)
2026-07-31 15:24:08 | INFO | Found latest version of tr87: tr87-cd924810 (downloaded: 2026-06-08 07:25:23.848054+00:00)
2026-07-31 15:24:08 | INFO | Found latest version of tr87: tr87-cd924810 (downloaded: 2026-06-08 07:25:23.848054+00:00)
2026-07-31 15:24:09 | INFO | Found latest version of tr87: tr87-cd924810 (downloaded: 2026-06-08 07:25:23.848054+00:00)
2026-07-31 15:24:09 | INFO | Found latest version of tr87: tr87-cd924810 (downloaded: 2026-06-08 07:25:23.848054+00:00)
2026-07-31 15:24:09 | INFO | Found latest version of tr87: tr87-cd924810 (downloaded: 2026-06-08 07:25:23.848054+00:00)
2026-07-31 15:24:09 | INFO | Found latest version of tr87: tr87-cd924810 (downloaded: 2026-06-08 07:25:23.848054+00:00)
2026-07-31 15:24:09 | INFO | Found latest version of tr87: tr87-cd924810 (downloaded: 2026-06-08 07:25:23.848054+00:00)
2026-07-31 15:24:09 | INFO | Found latest version of tr87: tr87-cd924810 (downloaded: 2026-06-08 07:25:23.848054+00:00)
2026-07-31 15:24:09 | INFO | Found latest version of tr87: tr87-cd924810 (downloaded: 2026-06-08 07:25:23.848054+00:00)
2026-07-31 15:24:09 | INFO | Found latest version of tr87: tr87-cd924810 (downloaded: 2026-06-08 07:25:23.848054+00:00)
2026-07-31 15:24:09 | INFO | Found latest version of tr87: tr87-cd924810 (downloaded: 2026-06-08 07:25:23.848054+00:00)
2026-07-31 15:24:09 | INFO | Found latest version of tr87: tr87-cd924810 (downloaded: 2026-06-08 07:25:23.848054+00:00)
2026-07-31 15:24:09 | INFO | Found latest version of tr87: tr87-cd924810 (downloaded: 2026-06-08 07:25:23.848054+00:00)
2026-07-31 15:24:09 | INFO | Found latest version of tr87: tr87-cd924810 (downloaded: 2026-06-08 07:25:23.848054+00:00)
2026-07-31 15:24:09 | INFO | Found latest version of tr87: tr87-cd924810 (downloaded: 2026-06-08 07:25:23.848054+00:00)
2026-07-31 15:24:09 | INFO | Found latest version of tr87: tr87-cd924810 (downloaded: 2026-06-08 07:25:23.848054+00:00)
2026-07-31 15:24:09 | INFO | Found latest version of tr87: tr87-cd924810 (downloaded: 2026-06-08 07:25:23.848054+00:00)
2026-07-31 15:24:09 | INFO | Found latest version of tr87: tr87-cd924810 (downloaded: 2026-06-08 07:25:23.848054+00:00)
2026-07-31 15:24:10 | INFO | Found latest version of tr87: tr87-cd924810 (downloaded: 2026-06-08 07:25:23.848054+00:00)
2026-07-31 15:24:10 | INFO | Found latest version of tr87: tr87-cd924810 (downloaded: 2026-06-08 07:25:23.848054+00:00)
2026-07-31 15:24:10 | INFO | Found latest version of tr87: tr87-cd924810 (downloaded: 2026-06-08 07:25:23.848054+00:00)
2026-07-31 15:24:10 | INFO | Found latest version of tr87: tr87-cd924810 (downloaded: 2026-06-08 07:25:23.848054+00:00)
2026-07-31 15:24:10 | INFO | Found latest version of tr87: tr87-cd924810 (downloaded: 2026-06-08 07:25:23.848054+00:00)
2026-07-31 15:24:10 | INFO | Found latest version of tr87: tr87-cd924810 (downloaded: 2026-06-08 07:25:23.848054+00:00)
2026-07-31 15:24:10 | INFO | Found latest version of tr87: tr87-cd924810 (downloaded: 2026-06-08 07:25:23.848054+00:00)
2026-07-31 15:24:10 | INFO | Found latest version of tr87: tr87-cd924810 (downloaded: 2026-06-08 07:25:23.848054+00:00)
2026-07-31 15:24:10 | INFO | Found latest version of tr87: tr87-cd924810 (downloaded: 2026-06-08 07:25:23.848054+00:00)
2026-07-31 15:24:10 | INFO | Found latest version of tr87: tr87-cd924810 (downloaded: 2026-06-08 07:25:23.848054+00:00)
2026-07-31 15:24:10 | INFO | Found latest version of tr87: tr87-cd924810 (downloaded: 2026-06-08 07:25:23.848054+00:00)
2026-07-31 15:24:10 | INFO | Found latest version of tr87: tr87-cd924810 (downloaded: 2026-06-08 07:25:23.848054+00:00)
2026-07-31 15:24:10 | INFO | Found latest version of tr87: tr87-cd924810 (downloaded: 2026-06-08 07:25:23.848054+00:00)
2026-07-31 15:24:10 | INFO | Found latest version of tr87: tr87-cd924810 (downloaded: 2026-06-08 07:25:23.848054+00:00)
2026-07-31 15:24:10 | INFO | Found latest version of tr87: tr87-cd924810 (downloaded: 2026-06-08 07:25:23.848054+00:00)
2026-07-31 15:24:10 | INFO | Found latest version of tr87: tr87-cd924810 (downloaded: 2026-06-08 07:25:23.848054+00:00)
2026-07-31 15:24:10 | INFO | Found latest version of tr87: tr87-cd924810 (downloaded: 2026-06-08 07:25:23.848054+00:00)
2026-07-31 15:24:10 | INFO | Found latest version of tr87: tr87-cd924810 (downloaded: 2026-06-08 07:25:23.848054+00:00)
2026-07-31 15:24:10 | INFO | Found latest version of tr87: tr87-cd924810 (downloaded: 2026-06-08 07:25:23.848054+00:00)
2026-07-31 15:24:10 | INFO | Found latest version of tr87: tr87-cd924810 (downloaded: 2026-06-08 07:25:23.848054+00:00)
2026-07-31 15:24:10 | INFO | Found latest version of tr87: tr87-cd924810 (downloaded: 2026-06-08 07:25:23.848054+00:00)
2026-07-31 15:24:10 | INFO | Found latest version of tr87: tr87-cd924810 (downloaded: 2026-06-08 07:25:23.848054+00:00)
2026-07-31 15:24:10 | INFO | Found latest version of tr87: tr87-cd924810 (downloaded: 2026-06-08 07:25:23.848054+00:00)
2026-07-31 15:24:10 | INFO | Found latest version of tr87: tr87-cd924810 (downloaded: 2026-06-08 07:25:23.848054+00:00)
2026-07-31 15:24:10 | INFO | Found latest version of tr87: tr87-cd924810 (downloaded: 2026-06-08 07:25:23.848054+00:00)
2026-07-31 15:24:10 | INFO | Found latest version of tr87: tr87-cd924810 (downloaded: 2026-06-08 07:25:23.848054+00:00)
2026-07-31 15:24:10 | INFO | Found latest version of tr87: tr87-cd924810 (downloaded: 2026-06-08 07:25:23.848054+00:00)
2026-07-31 15:24:10 | INFO | Found latest version of tr87: tr87-cd924810 (downloaded: 2026-06-08 07:25:23.848054+00:00)
2026-07-31 15:24:10 | INFO | Found latest version of tr87: tr87-cd924810 (downloaded: 2026-06-08 07:25:23.848054+00:00)
2026-07-31 15:24:10 | INFO | Found latest version of tr87: tr87-cd924810 (downloaded: 2026-06-08 07:25:23.848054+00:00)
2026-07-31 15:24:10 | INFO | Found latest version of tr87: tr87-cd924810 (downloaded: 2026-06-08 07:25:23.848054+00:00)
2026-07-31 15:24:10 | INFO | Found latest version of tr87: tr87-cd924810 (downloaded: 2026-06-08 07:25:23.848054+00:00)
2026-07-31 15:24:10 | INFO | Found latest version of tr87: tr87-cd924810 (downloaded: 2026-06-08 07:25:23.848054+00:00)
2026-07-31 15:24:10 | INFO | Found latest version of tr87: tr87-cd924810 (downloaded: 2026-06-08 07:25:23.848054+00:00)
2026-07-31 15:24:10 | INFO | Found latest version of tr87: tr87-cd924810 (downloaded: 2026-06-08 07:25:23.848054+00:00)
2026-07-31 15:24:10 | INFO | Found latest version of tr87: tr87-cd924810 (downloaded: 2026-06-08 07:25:23.848054+00:00)
2026-07-31 15:24:10 | INFO | Found latest version of tr87: tr87-cd924810 (downloaded: 2026-06-08 07:25:23.848054+00:00)
2026-07-31 15:24:10 | INFO | Found latest version of tr87: tr87-cd924810 (downloaded: 2026-06-08 07:25:23.848054+00:00)
2026-07-31 15:24:10 | INFO | Found latest version of tr87: tr87-cd924810 (downloaded: 2026-06-08 07:25:23.848054+00:00)
2026-07-31 15:24:10 | INFO | Found latest version of tr87: tr87-cd924810 (downloaded: 2026-06-08 07:25:23.848054+00:00)
2026-07-31 15:24:10 | INFO | Found latest version of tr87: tr87-cd924810 (downloaded: 2026-06-08 07:25:23.848054+00:00)
2026-07-31 15:24:10 | INFO | Found latest version of tr87: tr87-cd924810 (downloaded: 2026-06-08 07:25:23.848054+00:00)
2026-07-31 15:24:10 | INFO | Found latest version of tr87: tr87-cd924810 (downloaded: 2026-06-08 07:25:23.848054+00:00)
2026-07-31 15:24:10 | INFO | Found latest version of tr87: tr87-cd924810 (downloaded: 2026-06-08 07:25:23.848054+00:00)
2026-07-31 15:24:10 | INFO | Found latest version of tr87: tr87-cd924810 (downloaded: 2026-06-08 07:25:23.848054+00:00)
2026-07-31 15:24:10 | INFO | Found latest version of tr87: tr87-cd924810 (downloaded: 2026-06-08 07:25:23.848054+00:00)
2026-07-31 15:24:10 | INFO | Found latest version of tr87: tr87-cd924810 (downloaded: 2026-06-08 07:25:23.848054+00:00)
2026-07-31 15:24:10 | INFO | Found latest version of tr87: tr87-cd924810 (downloaded: 2026-06-08 07:25:23.848054+00:00)
2026-07-31 15:24:10 | INFO | Found latest version of tr87: tr87-cd924810 (downloaded: 2026-06-08 07:25:23.848054+00:00)
2026-07-31 15:24:10 | INFO | Found latest version of tr87: tr87-cd924810 (downloaded: 2026-06-08 07:25:23.848054+00:00)
2026-07-31 15:24:10 | INFO | Found latest version of tr87: tr87-cd924810 (downloaded: 2026-06-08 07:25:23.848054+00:00)
2026-07-31 15:24:10 | INFO | Found latest version of tr87: tr87-cd924810 (downloaded: 2026-06-08 07:25:23.848054+00:00)
2026-07-31 15:24:10 | INFO | Found latest version of tr87: tr87-cd924810 (downloaded: 2026-06-08 07:25:23.848054+00:00)
2026-07-31 15:24:10 | INFO | Found latest version of tr87: tr87-cd924810 (downloaded: 2026-06-08 07:25:23.848054+00:00)
2026-07-31 15:24:10 | INFO | Found latest version of tr87: tr87-cd924810 (downloaded: 2026-06-08 07:25:23.848054+00:00)
2026-07-31 15:24:10 | INFO | Found latest version of tr87: tr87-cd924810 (downloaded: 2026-06-08 07:25:23.848054+00:00)
2026-07-31 15:24:10 | INFO | Found latest version of tr87: tr87-cd924810 (downloaded: 2026-06-08 07:25:23.848054+00:00)
2026-07-31 15:24:11 | INFO | Found latest version of tr87: tr87-cd924810 (downloaded: 2026-06-08 07:25:23.848054+00:00)
2026-07-31 15:24:11 | INFO | Found latest version of tr87: tr87-cd924810 (downloaded: 2026-06-08 07:25:23.848054+00:00)
2026-07-31 15:24:11 | INFO | Found latest version of tr87: tr87-cd924810 (downloaded: 2026-06-08 07:25:23.848054+00:00)
2026-07-31 15:24:11 | INFO | Found latest version of tr87: tr87-cd924810 (downloaded: 2026-06-08 07:25:23.848054+00:00)
2026-07-31 15:24:11 | INFO | Found latest version of tr87: tr87-cd924810 (downloaded: 2026-06-08 07:25:23.848054+00:00)
2026-07-31 15:24:11 | INFO | Found latest version of tr87: tr87-cd924810 (downloaded: 2026-06-08 07:25:23.848054+00:00)
2026-07-31 15:24:12 | INFO | Found latest version of tr87: tr87-cd924810 (downloaded: 2026-06-08 07:25:23.848054+00:00)
2026-07-31 15:24:12 | INFO | Found latest version of tr87: tr87-cd924810 (downloaded: 2026-06-08 07:25:23.848054+00:00)
2026-07-31 15:24:12 | INFO | Found latest version of tr87: tr87-cd924810 (downloaded: 2026-06-08 07:25:23.848054+00:00)
2026-07-31 15:24:12 | INFO | Found latest version of tr87: tr87-cd924810 (downloaded: 2026-06-08 07:25:23.848054+00:00)
2026-07-31 15:24:12 | INFO | Found latest version of tr87: tr87-cd924810 (downloaded: 2026-06-08 07:25:23.848054+00:00)
2026-07-31 15:24:12 | INFO | Found latest version of tr87: tr87-cd924810 (downloaded: 2026-06-08 07:25:23.848054+00:00)
2026-07-31 15:24:12 | INFO | Found latest version of tr87: tr87-cd924810 (downloaded: 2026-06-08 07:25:23.848054+00:00)
2026-07-31 15:24:12 | INFO | Found latest version of tr87: tr87-cd924810 (downloaded: 2026-06-08 07:25:23.848054+00:00)
2026-07-31 15:24:12 | INFO | Found latest version of tr87: tr87-cd924810 (downloaded: 2026-06-08 07:25:23.848054+00:00)
2026-07-31 15:24:12 | INFO | Found latest version of tr87: tr87-cd924810 (downloaded: 2026-06-08 07:25:23.848054+00:00)
2026-07-31 15:24:12 | INFO | Found latest version of tr87: tr87-cd924810 (downloaded: 2026-06-08 07:25:23.848054+00:00)
2026-07-31 15:24:12 | INFO | Found latest version of tr87: tr87-cd924810 (downloaded: 2026-06-08 07:25:23.848054+00:00)
2026-07-31 15:24:12 | INFO | Found latest version of tr87: tr87-cd924810 (downloaded: 2026-06-08 07:25:23.848054+00:00)
2026-07-31 15:24:12 | INFO | Found latest version of tr87: tr87-cd924810 (downloaded: 2026-06-08 07:25:23.848054+00:00)
2026-07-31 15:24:12 | INFO | Found latest version of tr87: tr87-cd924810 (downloaded: 2026-06-08 07:25:23.848054+00:00)
2026-07-31 15:24:12 | INFO | Found latest version of tr87: tr87-cd924810 (downloaded: 2026-06-08 07:25:23.848054+00:00)
2026-07-31 15:24:12 | INFO | Found latest version of tr87: tr87-cd924810 (downloaded: 2026-06-08 07:25:23.848054+00:00)
2026-07-31 15:24:12 | INFO | Found latest version of tr87: tr87-cd924810 (downloaded: 2026-06-08 07:25:23.848054+00:00)
2026-07-31 15:24:12 | INFO | Found latest version of tr87: tr87-cd924810 (downloaded: 2026-06-08 07:25:23.848054+00:00)
2026-07-31 15:24:12 | INFO | Found latest version of tr87: tr87-cd924810 (downloaded: 2026-06-08 07:25:23.848054+00:00)
2026-07-31 15:24:12 | INFO | Found latest version of tr87: tr87-cd924810 (downloaded: 2026-06-08 07:25:23.848054+00:00)
2026-07-31 15:24:12 | INFO | Found latest version of tr87: tr87-cd924810 (downloaded: 2026-06-08 07:25:23.848054+00:00)
2026-07-31 15:24:12 | INFO | Found latest version of tr87: tr87-cd924810 (downloaded: 2026-06-08 07:25:23.848054+00:00)
2026-07-31 15:24:12 | INFO | Found latest version of tr87: tr87-cd924810 (downloaded: 2026-06-08 07:25:23.848054+00:00)
2026-07-31 15:24:12 | INFO | Found latest version of tr87: tr87-cd924810 (downloaded: 2026-06-08 07:25:23.848054+00:00)
2026-07-31 15:24:12 | INFO | Found latest version of tr87: tr87-cd924810 (downloaded: 2026-06-08 07:25:23.848054+00:00)
2026-07-31 15:24:12 | INFO | Found latest version of tr87: tr87-cd924810 (downloaded: 2026-06-08 07:25:23.848054+00:00)
2026-07-31 15:24:12 | INFO | Found latest version of tr87: tr87-cd924810 (downloaded: 2026-06-08 07:25:23.848054+00:00)
2026-07-31 15:24:12 | INFO | Found latest version of tr87: tr87-cd924810 (downloaded: 2026-06-08 07:25:23.848054+00:00)
2026-07-31 15:24:12 | INFO | Found latest version of tr87: tr87-cd924810 (downloaded: 2026-06-08 07:25:23.848054+00:00)
2026-07-31 15:24:12 | INFO | Found latest version of tr87: tr87-cd924810 (downloaded: 2026-06-08 07:25:23.848054+00:00)
2026-07-31 15:24:12 | INFO | Found latest version of tr87: tr87-cd924810 (downloaded: 2026-06-08 07:25:23.848054+00:00)
2026-07-31 15:24:12 | INFO | Found latest version of tr87: tr87-cd924810 (downloaded: 2026-06-08 07:25:23.848054+00:00)
2026-07-31 15:24:12 | INFO | Found latest version of tr87: tr87-cd924810 (downloaded: 2026-06-08 07:25:23.848054+00:00)
2026-07-31 15:24:12 | INFO | Found latest version of tr87: tr87-cd924810 (downloaded: 2026-06-08 07:25:23.848054+00:00)
2026-07-31 15:24:12 | INFO | Found latest version of tr87: tr87-cd924810 (downloaded: 2026-06-08 07:25:23.848054+00:00)
2026-07-31 15:24:12 | INFO | Found latest version of tr87: tr87-cd924810 (downloaded: 2026-06-08 07:25:23.848054+00:00)
2026-07-31 15:24:12 | INFO | Found latest version of tr87: tr87-cd924810 (downloaded: 2026-06-08 07:25:23.848054+00:00)
2026-07-31 15:24:12 | INFO | Found latest version of tr87: tr87-cd924810 (downloaded: 2026-06-08 07:25:23.848054+00:00)
2026-07-31 15:24:12 | INFO | Found latest version of tr87: tr87-cd924810 (downloaded: 2026-06-08 07:25:23.848054+00:00)
2026-07-31 15:24:12 | INFO | Found latest version of tr87: tr87-cd924810 (downloaded: 2026-06-08 07:25:23.848054+00:00)
2026-07-31 15:24:12 | INFO | Found latest version of tr87: tr87-cd924810 (downloaded: 2026-06-08 07:25:23.848054+00:00)
2026-07-31 15:24:12 | INFO | Found latest version of tr87: tr87-cd924810 (downloaded: 2026-06-08 07:25:23.848054+00:00)
2026-07-31 15:24:12 | INFO | Found latest version of tr87: tr87-cd924810 (downloaded: 2026-06-08 07:25:23.848054+00:00)
2026-07-31 15:24:12 | INFO | Found latest version of tr87: tr87-cd924810 (downloaded: 2026-06-08 07:25:23.848054+00:00)
2026-07-31 15:24:12 | INFO | Found latest version of tr87: tr87-cd924810 (downloaded: 2026-06-08 07:25:23.848054+00:00)
2026-07-31 15:24:12 | INFO | Found latest version of tr87: tr87-cd924810 (downloaded: 2026-06-08 07:25:23.848054+00:00)
2026-07-31 15:24:12 | INFO | Found latest version of tr87: tr87-cd924810 (downloaded: 2026-06-08 07:25:23.848054+00:00)
2026-07-31 15:24:12 | INFO | Found latest version of tr87: tr87-cd924810 (downloaded: 2026-06-08 07:25:23.848054+00:00)
2026-07-31 15:24:12 | INFO | Found latest version of tr87: tr87-cd924810 (downloaded: 2026-06-08 07:25:23.848054+00:00)
2026-07-31 15:24:12 | INFO | Found latest version of tr87: tr87-cd924810 (downloaded: 2026-06-08 07:25:23.848054+00:00)
2026-07-31 15:24:12 | INFO | Found latest version of tr87: tr87-cd924810 (downloaded: 2026-06-08 07:25:23.848054+00:00)
2026-07-31 15:24:12 | INFO | Found latest version of tr87: tr87-cd924810 (downloaded: 2026-06-08 07:25:23.848054+00:00)
2026-07-31 15:24:12 | INFO | Found latest version of tr87: tr87-cd924810 (downloaded: 2026-06-08 07:25:23.848054+00:00)
2026-07-31 15:24:12 | INFO | Found latest version of tr87: tr87-cd924810 (downloaded: 2026-06-08 07:25:23.848054+00:00)
2026-07-31 15:24:12 | INFO | Found latest version of tr87: tr87-cd924810 (downloaded: 2026-06-08 07:25:23.848054+00:00)
2026-07-31 15:24:12 | INFO | Found latest version of tr87: tr87-cd924810 (downloaded: 2026-06-08 07:25:23.848054+00:00)
2026-07-31 15:24:12 | INFO | Found latest version of tr87: tr87-cd924810 (downloaded: 2026-06-08 07:25:23.848054+00:00)
2026-07-31 15:24:12 | INFO | Found latest version of tr87: tr87-cd924810 (downloaded: 2026-06-08 07:25:23.848054+00:00)
2026-07-31 15:24:13 | INFO | Found latest version of tr87: tr87-cd924810 (downloaded: 2026-06-08 07:25:23.848054+00:00)
2026-07-31 15:24:13 | INFO | Found latest version of tr87: tr87-cd924810 (downloaded: 2026-06-08 07:25:23.848054+00:00)
2026-07-31 15:24:13 | INFO | Found latest version of tr87: tr87-cd924810 (downloaded: 2026-06-08 07:25:23.848054+00:00)
2026-07-31 15:24:14 | INFO | Found latest version of tr87: tr87-cd924810 (downloaded: 2026-06-08 07:25:23.848054+00:00)
2026-07-31 15:24:14 | INFO | Found latest version of tr87: tr87-cd924810 (downloaded: 2026-06-08 07:25:23.848054+00:00)
2026-07-31 15:24:14 | INFO | Found latest version of tr87: tr87-cd924810 (downloaded: 2026-06-08 07:25:23.848054+00:00)
2026-07-31 15:24:14 | INFO | Found latest version of tr87: tr87-cd924810 (downloaded: 2026-06-08 07:25:23.848054+00:00)
2026-07-31 15:24:14 | INFO | Found latest version of tr87: tr87-cd924810 (downloaded: 2026-06-08 07:25:23.848054+00:00)
2026-07-31 15:24:14 | INFO | Found latest version of tr87: tr87-cd924810 (downloaded: 2026-06-08 07:25:23.848054+00:00)
2026-07-31 15:24:14 | INFO | Found latest version of tr87: tr87-cd924810 (downloaded: 2026-06-08 07:25:23.848054+00:00)
2026-07-31 15:24:14 | INFO | Found latest version of tr87: tr87-cd924810 (downloaded: 2026-06-08 07:25:23.848054+00:00)
2026-07-31 15:24:14 | INFO | Found latest version of tr87: tr87-cd924810 (downloaded: 2026-06-08 07:25:23.848054+00:00)
2026-07-31 15:24:14 | INFO | Found latest version of tr87: tr87-cd924810 (downloaded: 2026-06-08 07:25:23.848054+00:00)
2026-07-31 15:24:14 | INFO | Found latest version of tr87: tr87-cd924810 (downloaded: 2026-06-08 07:25:23.848054+00:00)
2026-07-31 15:24:14 | INFO | Found latest version of tr87: tr87-cd924810 (downloaded: 2026-06-08 07:25:23.848054+00:00)
2026-07-31 15:24:14 | INFO | Found latest version of tr87: tr87-cd924810 (downloaded: 2026-06-08 07:25:23.848054+00:00)
2026-07-31 15:24:14 | INFO | Found latest version of tr87: tr87-cd924810 (downloaded: 2026-06-08 07:25:23.848054+00:00)
2026-07-31 15:24:14 | INFO | Found latest version of tr87: tr87-cd924810 (downloaded: 2026-06-08 07:25:23.848054+00:00)
2026-07-31 15:24:14 | INFO | Found latest version of tr87: tr87-cd924810 (downloaded: 2026-06-08 07:25:23.848054+00:00)
2026-07-31 15:24:14 | INFO | Found latest version of tr87: tr87-cd924810 (downloaded: 2026-06-08 07:25:23.848054+00:00)
2026-07-31 15:24:14 | INFO | Found latest version of tr87: tr87-cd924810 (downloaded: 2026-06-08 07:25:23.848054+00:00)
2026-07-31 15:24:14 | INFO | Found latest version of tr87: tr87-cd924810 (downloaded: 2026-06-08 07:25:23.848054+00:00)
2026-07-31 15:24:14 | INFO | Found latest version of tr87: tr87-cd924810 (downloaded: 2026-06-08 07:25:23.848054+00:00)
2026-07-31 15:24:14 | INFO | Found latest version of tr87: tr87-cd924810 (downloaded: 2026-06-08 07:25:23.848054+00:00)
2026-07-31 15:24:14 | INFO | Found latest version of tr87: tr87-cd924810 (downloaded: 2026-06-08 07:25:23.848054+00:00)
2026-07-31 15:24:14 | INFO | Found latest version of tr87: tr87-cd924810 (downloaded: 2026-06-08 07:25:23.848054+00:00)
2026-07-31 15:24:14 | INFO | Found latest version of tr87: tr87-cd924810 (downloaded: 2026-06-08 07:25:23.848054+00:00)
2026-07-31 15:24:14 | INFO | Found latest version of tr87: tr87-cd924810 (downloaded: 2026-06-08 07:25:23.848054+00:00)
2026-07-31 15:24:14 | INFO | Found latest version of tr87: tr87-cd924810 (downloaded: 2026-06-08 07:25:23.848054+00:00)
2026-07-31 15:24:14 | INFO | Found latest version of tr87: tr87-cd924810 (downloaded: 2026-06-08 07:25:23.848054+00:00)
2026-07-31 15:24:14 | INFO | Found latest version of tr87: tr87-cd924810 (downloaded: 2026-06-08 07:25:23.848054+00:00)
2026-07-31 15:24:14 | INFO | Found latest version of tr87: tr87-cd924810 (downloaded: 2026-06-08 07:25:23.848054+00:00)
2026-07-31 15:24:14 | INFO | Found latest version of tr87: tr87-cd924810 (downloaded: 2026-06-08 07:25:23.848054+00:00)
2026-07-31 15:24:14 | INFO | Found latest version of tr87: tr87-cd924810 (downloaded: 2026-06-08 07:25:23.848054+00:00)
2026-07-31 15:24:14 | INFO | Found latest version of tr87: tr87-cd924810 (downloaded: 2026-06-08 07:25:23.848054+00:00)
2026-07-31 15:24:14 | INFO | Found latest version of tr87: tr87-cd924810 (downloaded: 2026-06-08 07:25:23.848054+00:00)
2026-07-31 15:24:14 | INFO | Found latest version of tr87: tr87-cd924810 (downloaded: 2026-06-08 07:25:23.848054+00:00)
2026-07-31 15:24:14 | INFO | Found latest version of tr87: tr87-cd924810 (downloaded: 2026-06-08 07:25:23.848054+00:00)
2026-07-31 15:24:14 | INFO | Found latest version of tr87: tr87-cd924810 (downloaded: 2026-06-08 07:25:23.848054+00:00)
2026-07-31 15:24:14 | INFO | Found latest version of tr87: tr87-cd924810 (downloaded: 2026-06-08 07:25:23.848054+00:00)
2026-07-31 15:24:14 | INFO | Found latest version of tr87: tr87-cd924810 (downloaded: 2026-06-08 07:25:23.848054+00:00)
2026-07-31 15:24:14 | INFO | Found latest version of tr87: tr87-cd924810 (downloaded: 2026-06-08 07:25:23.848054+00:00)
2026-07-31 15:24:14 | INFO | Found latest version of tr87: tr87-cd924810 (downloaded: 2026-06-08 07:25:23.848054+00:00)
2026-07-31 15:24:14 | INFO | Found latest version of tr87: tr87-cd924810 (downloaded: 2026-06-08 07:25:23.848054+00:00)
2026-07-31 15:24:14 | INFO | Found latest version of tr87: tr87-cd924810 (downloaded: 2026-06-08 07:25:23.848054+00:00)
2026-07-31 15:24:14 | INFO | Found latest version of tr87: tr87-cd924810 (downloaded: 2026-06-08 07:25:23.848054+00:00)
2026-07-31 15:24:14 | INFO | Found latest version of tr87: tr87-cd924810 (downloaded: 2026-06-08 07:25:23.848054+00:00)
2026-07-31 15:24:14 | INFO | Found latest version of tr87: tr87-cd924810 (downloaded: 2026-06-08 07:25:23.848054+00:00)
2026-07-31 15:24:14 | INFO | Found latest version of tr87: tr87-cd924810 (downloaded: 2026-06-08 07:25:23.848054+00:00)
2026-07-31 15:24:14 | INFO | Found latest version of tr87: tr87-cd924810 (downloaded: 2026-06-08 07:25:23.848054+00:00)
2026-07-31 15:24:14 | INFO | Found latest version of tr87: tr87-cd924810 (downloaded: 2026-06-08 07:25:23.848054+00:00)
2026-07-31 15:24:14 | INFO | Found latest version of tr87: tr87-cd924810 (downloaded: 2026-06-08 07:25:23.848054+00:00)
2026-07-31 15:24:14 | INFO | Found latest version of tr87: tr87-cd924810 (downloaded: 2026-06-08 07:25:23.848054+00:00)
2026-07-31 15:24:14 | INFO | Found latest version of tr87: tr87-cd924810 (downloaded: 2026-06-08 07:25:23.848054+00:00)
2026-07-31 15:24:14 | INFO | Found latest version of tr87: tr87-cd924810 (downloaded: 2026-06-08 07:25:23.848054+00:00)
2026-07-31 15:24:14 | INFO | Found latest version of tr87: tr87-cd924810 (downloaded: 2026-06-08 07:25:23.848054+00:00)
2026-07-31 15:24:14 | INFO | Found latest version of tr87: tr87-cd924810 (downloaded: 2026-06-08 07:25:23.848054+00:00)
2026-07-31 15:24:14 | INFO | Found latest version of tr87: tr87-cd924810 (downloaded: 2026-06-08 07:25:23.848054+00:00)
2026-07-31 15:24:14 | INFO | Found latest version of tr87: tr87-cd924810 (downloaded: 2026-06-08 07:25:23.848054+00:00)
2026-07-31 15:24:14 | INFO | Found latest version of tr87: tr87-cd924810 (downloaded: 2026-06-08 07:25:23.848054+00:00)
2026-07-31 15:24:14 | INFO | Found latest version of tr87: tr87-cd924810 (downloaded: 2026-06-08 07:25:23.848054+00:00)
2026-07-31 15:24:14 | INFO | Found latest version of tr87: tr87-cd924810 (downloaded: 2026-06-08 07:25:23.848054+00:00)
2026-07-31 15:24:14 | INFO | Found latest version of tr87: tr87-cd924810 (downloaded: 2026-06-08 07:25:23.848054+00:00)
2026-07-31 15:24:14 | INFO | Found latest version of tr87: tr87-cd924810 (downloaded: 2026-06-08 07:25:23.848054+00:00)
2026-07-31 15:24:14 | INFO | Found latest version of tr87: tr87-cd924810 (downloaded: 2026-06-08 07:25:23.848054+00:00)
2026-07-31 15:24:14 | INFO | Found latest version of tr87: tr87-cd924810 (downloaded: 2026-06-08 07:25:23.848054+00:00)
2026-07-31 15:24:16 | INFO | Found latest version of tr87: tr87-cd924810 (downloaded: 2026-06-08 07:25:23.848054+00:00)
2026-07-31 15:24:16 | INFO | Found latest version of tr87: tr87-cd924810 (downloaded: 2026-06-08 07:25:23.848054+00:00)
2026-07-31 15:24:16 | INFO | Found latest version of tr87: tr87-cd924810 (downloaded: 2026-06-08 07:25:23.848054+00:00)
2026-07-31 15:24:16 | INFO | Found latest version of tr87: tr87-cd924810 (downloaded: 2026-06-08 07:25:23.848054+00:00)
2026-07-31 15:24:16 | INFO | Found latest version of tr87: tr87-cd924810 (downloaded: 2026-06-08 07:25:23.848054+00:00)
2026-07-31 15:24:16 | INFO | Found latest version of tr87: tr87-cd924810 (downloaded: 2026-06-08 07:25:23.848054+00:00)
2026-07-31 15:24:16 | INFO | Found latest version of tr87: tr87-cd924810 (downloaded: 2026-06-08 07:25:23.848054+00:00)
2026-07-31 15:24:16 | INFO | Found latest version of tr87: tr87-cd924810 (downloaded: 2026-06-08 07:25:23.848054+00:00)
2026-07-31 15:24:16 | INFO | Found latest version of tr87: tr87-cd924810 (downloaded: 2026-06-08 07:25:23.848054+00:00)
2026-07-31 15:24:16 | INFO | Found latest version of tr87: tr87-cd924810 (downloaded: 2026-06-08 07:25:23.848054+00:00)
2026-07-31 15:24:16 | INFO | Found latest version of tr87: tr87-cd924810 (downloaded: 2026-06-08 07:25:23.848054+00:00)
2026-07-31 15:24:16 | INFO | Found latest version of tr87: tr87-cd924810 (downloaded: 2026-06-08 07:25:23.848054+00:00)
2026-07-31 15:24:16 | INFO | Found latest version of tr87: tr87-cd924810 (downloaded: 2026-06-08 07:25:23.848054+00:00)
2026-07-31 15:24:16 | INFO | Found latest version of tr87: tr87-cd924810 (downloaded: 2026-06-08 07:25:23.848054+00:00)
2026-07-31 15:24:16 | INFO | Found latest version of tr87: tr87-cd924810 (downloaded: 2026-06-08 07:25:23.848054+00:00)
2026-07-31 15:24:16 | INFO | Found latest version of tr87: tr87-cd924810 (downloaded: 2026-06-08 07:25:23.848054+00:00)
2026-07-31 15:24:16 | INFO | Found latest version of tr87: tr87-cd924810 (downloaded: 2026-06-08 07:25:23.848054+00:00)
2026-07-31 15:24:16 | INFO | Found latest version of tr87: tr87-cd924810 (downloaded: 2026-06-08 07:25:23.848054+00:00)
2026-07-31 15:24:16 | INFO | Found latest version of tr87: tr87-cd924810 (downloaded: 2026-06-08 07:25:23.848054+00:00)
2026-07-31 15:24:16 | INFO | Found latest version of tr87: tr87-cd924810 (downloaded: 2026-06-08 07:25:23.848054+00:00)
2026-07-31 15:24:16 | INFO | Found latest version of tr87: tr87-cd924810 (downloaded: 2026-06-08 07:25:23.848054+00:00)
2026-07-31 15:24:16 | INFO | Found latest version of tr87: tr87-cd924810 (downloaded: 2026-06-08 07:25:23.848054+00:00)
2026-07-31 15:24:16 | INFO | Found latest version of tr87: tr87-cd924810 (downloaded: 2026-06-08 07:25:23.848054+00:00)
2026-07-31 15:24:16 | INFO | Found latest version of tr87: tr87-cd924810 (downloaded: 2026-06-08 07:25:23.848054+00:00)
2026-07-31 15:24:16 | INFO | Found latest version of tr87: tr87-cd924810 (downloaded: 2026-06-08 07:25:23.848054+00:00)
2026-07-31 15:24:16 | INFO | Found latest version of tr87: tr87-cd924810 (downloaded: 2026-06-08 07:25:23.848054+00:00)
2026-07-31 15:24:16 | INFO | Found latest version of tr87: tr87-cd924810 (downloaded: 2026-06-08 07:25:23.848054+00:00)
2026-07-31 15:24:16 | INFO | Found latest version of tr87: tr87-cd924810 (downloaded: 2026-06-08 07:25:23.848054+00:00)
2026-07-31 15:24:16 | INFO | Found latest version of tr87: tr87-cd924810 (downloaded: 2026-06-08 07:25:23.848054+00:00)
2026-07-31 15:24:16 | INFO | Found latest version of tr87: tr87-cd924810 (downloaded: 2026-06-08 07:25:23.848054+00:00)
2026-07-31 15:24:16 | INFO | Found latest version of tr87: tr87-cd924810 (downloaded: 2026-06-08 07:25:23.848054+00:00)
2026-07-31 15:24:16 | INFO | Found latest version of tr87: tr87-cd924810 (downloaded: 2026-06-08 07:25:23.848054+00:00)
2026-07-31 15:24:16 | INFO | Found latest version of tr87: tr87-cd924810 (downloaded: 2026-06-08 07:25:23.848054+00:00)
2026-07-31 15:24:16 | INFO | Found latest version of tr87: tr87-cd924810 (downloaded: 2026-06-08 07:25:23.848054+00:00)
2026-07-31 15:24:16 | INFO | Found latest version of tr87: tr87-cd924810 (downloaded: 2026-06-08 07:25:23.848054+00:00)
2026-07-31 15:24:16 | INFO | Found latest version of tr87: tr87-cd924810 (downloaded: 2026-06-08 07:25:23.848054+00:00)
2026-07-31 15:24:16 | INFO | Found latest version of tr87: tr87-cd924810 (downloaded: 2026-06-08 07:25:23.848054+00:00)
2026-07-31 15:24:16 | INFO | Found latest version of tr87: tr87-cd924810 (downloaded: 2026-06-08 07:25:23.848054+00:00)
2026-07-31 15:24:16 | INFO | Found latest version of tr87: tr87-cd924810 (downloaded: 2026-06-08 07:25:23.848054+00:00)
2026-07-31 15:24:16 | INFO | Found latest version of tr87: tr87-cd924810 (downloaded: 2026-06-08 07:25:23.848054+00:00)
2026-07-31 15:24:16 | INFO | Found latest version of tr87: tr87-cd924810 (downloaded: 2026-06-08 07:25:23.848054+00:00)
2026-07-31 15:24:16 | INFO | Found latest version of tr87: tr87-cd924810 (downloaded: 2026-06-08 07:25:23.848054+00:00)
2026-07-31 15:24:16 | INFO | Found latest version of tr87: tr87-cd924810 (downloaded: 2026-06-08 07:25:23.848054+00:00)
2026-07-31 15:24:16 | INFO | Found latest version of tr87: tr87-cd924810 (downloaded: 2026-06-08 07:25:23.848054+00:00)
2026-07-31 15:24:16 | INFO | Found latest version of tr87: tr87-cd924810 (downloaded: 2026-06-08 07:25:23.848054+00:00)
2026-07-31 15:24:16 | INFO | Found latest version of tr87: tr87-cd924810 (downloaded: 2026-06-08 07:25:23.848054+00:00)
2026-07-31 15:24:16 | INFO | Found latest version of tr87: tr87-cd924810 (downloaded: 2026-06-08 07:25:23.848054+00:00)
2026-07-31 15:24:16 | INFO | Found latest version of tr87: tr87-cd924810 (downloaded: 2026-06-08 07:25:23.848054+00:00)
2026-07-31 15:24:16 | INFO | Found latest version of tr87: tr87-cd924810 (downloaded: 2026-06-08 07:25:23.848054+00:00)
2026-07-31 15:24:16 | INFO | Found latest version of tr87: tr87-cd924810 (downloaded: 2026-06-08 07:25:23.848054+00:00)
2026-07-31 15:24:16 | INFO | Found latest version of tr87: tr87-cd924810 (downloaded: 2026-06-08 07:25:23.848054+00:00)
2026-07-31 15:24:16 | INFO | Found latest version of tr87: tr87-cd924810 (downloaded: 2026-06-08 07:25:23.848054+00:00)
2026-07-31 15:24:16 | INFO | Found latest version of tr87: tr87-cd924810 (downloaded: 2026-06-08 07:25:23.848054+00:00)
2026-07-31 15:24:16 | INFO | Found latest version of tr87: tr87-cd924810 (downloaded: 2026-06-08 07:25:23.848054+00:00)
2026-07-31 15:24:16 | INFO | Found latest version of tr87: tr87-cd924810 (downloaded: 2026-06-08 07:25:23.848054+00:00)
2026-07-31 15:24:16 | INFO | Found latest version of tr87: tr87-cd924810 (downloaded: 2026-06-08 07:25:23.848054+00:00)
2026-07-31 15:24:16 | INFO | Found latest version of tr87: tr87-cd924810 (downloaded: 2026-06-08 07:25:23.848054+00:00)
2026-07-31 15:24:16 | INFO | Found latest version of tr87: tr87-cd924810 (downloaded: 2026-06-08 07:25:23.848054+00:00)
2026-07-31 15:24:16 | INFO | Found latest version of tr87: tr87-cd924810 (downloaded: 2026-06-08 07:25:23.848054+00:00)
2026-07-31 15:24:16 | INFO | Found latest version of tr87: tr87-cd924810 (downloaded: 2026-06-08 07:25:23.848054+00:00)
2026-07-31 15:24:16 | INFO | Found latest version of tr87: tr87-cd924810 (downloaded: 2026-06-08 07:25:23.848054+00:00)
2026-07-31 15:24:16 | INFO | Found latest version of tr87: tr87-cd924810 (downloaded: 2026-06-08 07:25:23.848054+00:00)
2026-07-31 15:24:18 | INFO | Found latest version of tr87: tr87-cd924810 (downloaded: 2026-06-08 07:25:23.848054+00:00)
2026-07-31 15:24:18 | INFO | Found latest version of tr87: tr87-cd924810 (downloaded: 2026-06-08 07:25:23.848054+00:00)
2026-07-31 15:24:18 | INFO | Found latest version of tr87: tr87-cd924810 (downloaded: 2026-06-08 07:25:23.848054+00:00)
2026-07-31 15:24:18 | INFO | Found latest version of tr87: tr87-cd924810 (downloaded: 2026-06-08 07:25:23.848054+00:00)
2026-07-31 15:24:18 | INFO | Found latest version of tr87: tr87-cd924810 (downloaded: 2026-06-08 07:25:23.848054+00:00)
2026-07-31 15:24:18 | INFO | Found latest version of tr87: tr87-cd924810 (downloaded: 2026-06-08 07:25:23.848054+00:00)
2026-07-31 15:24:18 | INFO | Found latest version of tr87: tr87-cd924810 (downloaded: 2026-06-08 07:25:23.848054+00:00)
2026-07-31 15:24:18 | INFO | Found latest version of tr87: tr87-cd924810 (downloaded: 2026-06-08 07:25:23.848054+00:00)
2026-07-31 15:24:18 | INFO | Found latest version of tr87: tr87-cd924810 (downloaded: 2026-06-08 07:25:23.848054+00:00)
2026-07-31 15:24:18 | INFO | Found latest version of tr87: tr87-cd924810 (downloaded: 2026-06-08 07:25:23.848054+00:00)
2026-07-31 15:24:18 | INFO | Found latest version of tr87: tr87-cd924810 (downloaded: 2026-06-08 07:25:23.848054+00:00)
2026-07-31 15:24:18 | INFO | Found latest version of tr87: tr87-cd924810 (downloaded: 2026-06-08 07:25:23.848054+00:00)
2026-07-31 15:24:18 | INFO | Found latest version of tr87: tr87-cd924810 (downloaded: 2026-06-08 07:25:23.848054+00:00)
2026-07-31 15:24:18 | INFO | Found latest version of tr87: tr87-cd924810 (downloaded: 2026-06-08 07:25:23.848054+00:00)
2026-07-31 15:24:18 | INFO | Found latest version of tr87: tr87-cd924810 (downloaded: 2026-06-08 07:25:23.848054+00:00)
2026-07-31 15:24:18 | INFO | Found latest version of tr87: tr87-cd924810 (downloaded: 2026-06-08 07:25:23.848054+00:00)
2026-07-31 15:24:18 | INFO | Found latest version of tr87: tr87-cd924810 (downloaded: 2026-06-08 07:25:23.848054+00:00)
2026-07-31 15:24:18 | INFO | Found latest version of tr87: tr87-cd924810 (downloaded: 2026-06-08 07:25:23.848054+00:00)
2026-07-31 15:24:18 | INFO | Found latest version of tr87: tr87-cd924810 (downloaded: 2026-06-08 07:25:23.848054+00:00)
2026-07-31 15:24:18 | INFO | Found latest version of tr87: tr87-cd924810 (downloaded: 2026-06-08 07:25:23.848054+00:00)
2026-07-31 15:24:18 | INFO | Found latest version of tr87: tr87-cd924810 (downloaded: 2026-06-08 07:25:23.848054+00:00)
2026-07-31 15:24:18 | INFO | Found latest version of tr87: tr87-cd924810 (downloaded: 2026-06-08 07:25:23.848054+00:00)
2026-07-31 15:24:18 | INFO | Found latest version of tr87: tr87-cd924810 (downloaded: 2026-06-08 07:25:23.848054+00:00)
2026-07-31 15:24:18 | INFO | Found latest version of tr87: tr87-cd924810 (downloaded: 2026-06-08 07:25:23.848054+00:00)
2026-07-31 15:24:18 | INFO | Found latest version of tr87: tr87-cd924810 (downloaded: 2026-06-08 07:25:23.848054+00:00)
2026-07-31 15:24:18 | INFO | Found latest version of tr87: tr87-cd924810 (downloaded: 2026-06-08 07:25:23.848054+00:00)
2026-07-31 15:24:18 | INFO | Found latest version of tr87: tr87-cd924810 (downloaded: 2026-06-08 07:25:23.848054+00:00)
2026-07-31 15:24:18 | INFO | Found latest version of tr87: tr87-cd924810 (downloaded: 2026-06-08 07:25:23.848054+00:00)
2026-07-31 15:24:18 | INFO | Found latest version of tr87: tr87-cd924810 (downloaded: 2026-06-08 07:25:23.848054+00:00)
2026-07-31 15:24:18 | INFO | Found latest version of tr87: tr87-cd924810 (downloaded: 2026-06-08 07:25:23.848054+00:00)
2026-07-31 15:24:18 | INFO | Found latest version of tr87: tr87-cd924810 (downloaded: 2026-06-08 07:25:23.848054+00:00)
2026-07-31 15:24:18 | INFO | Found latest version of tr87: tr87-cd924810 (downloaded: 2026-06-08 07:25:23.848054+00:00)
2026-07-31 15:24:18 | INFO | Found latest version of tr87: tr87-cd924810 (downloaded: 2026-06-08 07:25:23.848054+00:00)
2026-07-31 15:24:18 | INFO | Found latest version of tr87: tr87-cd924810 (downloaded: 2026-06-08 07:25:23.848054+00:00)
2026-07-31 15:24:18 | INFO | Found latest version of tr87: tr87-cd924810 (downloaded: 2026-06-08 07:25:23.848054+00:00)
2026-07-31 15:24:18 | INFO | Found latest version of tr87: tr87-cd924810 (downloaded: 2026-06-08 07:25:23.848054+00:00)
2026-07-31 15:24:18 | INFO | Found latest version of tr87: tr87-cd924810 (downloaded: 2026-06-08 07:25:23.848054+00:00)
2026-07-31 15:24:18 | INFO | Found latest version of tr87: tr87-cd924810 (downloaded: 2026-06-08 07:25:23.848054+00:00)
2026-07-31 15:24:18 | INFO | Found latest version of tr87: tr87-cd924810 (downloaded: 2026-06-08 07:25:23.848054+00:00)
2026-07-31 15:24:18 | INFO | Found latest version of tr87: tr87-cd924810 (downloaded: 2026-06-08 07:25:23.848054+00:00)
2026-07-31 15:24:18 | INFO | Found latest version of tr87: tr87-cd924810 (downloaded: 2026-06-08 07:25:23.848054+00:00)
2026-07-31 15:24:18 | INFO | Found latest version of tr87: tr87-cd924810 (downloaded: 2026-06-08 07:25:23.848054+00:00)
2026-07-31 15:24:18 | INFO | Found latest version of tr87: tr87-cd924810 (downloaded: 2026-06-08 07:25:23.848054+00:00)
2026-07-31 15:24:18 | INFO | Found latest version of tr87: tr87-cd924810 (downloaded: 2026-06-08 07:25:23.848054+00:00)
2026-07-31 15:24:18 | INFO | Found latest version of tr87: tr87-cd924810 (downloaded: 2026-06-08 07:25:23.848054+00:00)
2026-07-31 15:24:18 | INFO | Found latest version of tr87: tr87-cd924810 (downloaded: 2026-06-08 07:25:23.848054+00:00)
2026-07-31 15:24:18 | INFO | Found latest version of tr87: tr87-cd924810 (downloaded: 2026-06-08 07:25:23.848054+00:00)
2026-07-31 15:24:18 | INFO | Found latest version of tr87: tr87-cd924810 (downloaded: 2026-06-08 07:25:23.848054+00:00)
2026-07-31 15:24:18 | INFO | Found latest version of tr87: tr87-cd924810 (downloaded: 2026-06-08 07:25:23.848054+00:00)
2026-07-31 15:24:18 | INFO | Found latest version of tr87: tr87-cd924810 (downloaded: 2026-06-08 07:25:23.848054+00:00)
2026-07-31 15:24:18 | INFO | Found latest version of tr87: tr87-cd924810 (downloaded: 2026-06-08 07:25:23.848054+00:00)
2026-07-31 15:24:18 | INFO | Found latest version of tr87: tr87-cd924810 (downloaded: 2026-06-08 07:25:23.848054+00:00)
2026-07-31 15:24:18 | INFO | Found latest version of tr87: tr87-cd924810 (downloaded: 2026-06-08 07:25:23.848054+00:00)
2026-07-31 15:24:18 | INFO | Found latest version of tr87: tr87-cd924810 (downloaded: 2026-06-08 07:25:23.848054+00:00)
2026-07-31 15:24:18 | INFO | Found latest version of tr87: tr87-cd924810 (downloaded: 2026-06-08 07:25:23.848054+00:00)
2026-07-31 15:24:18 | INFO | Found latest version of tr87: tr87-cd924810 (downloaded: 2026-06-08 07:25:23.848054+00:00)
2026-07-31 15:24:18 | INFO | Found latest version of tr87: tr87-cd924810 (downloaded: 2026-06-08 07:25:23.848054+00:00)
2026-07-31 15:24:18 | INFO | Found latest version of tr87: tr87-cd924810 (downloaded: 2026-06-08 07:25:23.848054+00:00)
2026-07-31 15:24:18 | INFO | Found latest version of tr87: tr87-cd924810 (downloaded: 2026-06-08 07:25:23.848054+00:00)
2026-07-31 15:24:18 | INFO | Found latest version of tr87: tr87-cd924810 (downloaded: 2026-06-08 07:25:23.848054+00:00)
2026-07-31 15:24:18 | INFO | Found latest version of tr87: tr87-cd924810 (downloaded: 2026-06-08 07:25:23.848054+00:00)
2026-07-31 15:24:18 | INFO | Found latest version of tr87: tr87-cd924810 (downloaded: 2026-06-08 07:25:23.848054+00:00)
2026-07-31 15:24:18 | INFO | Found latest version of tr87: tr87-cd924810 (downloaded: 2026-06-08 07:25:23.848054+00:00)
2026-07-31 15:24:20 | INFO | Found latest version of tr87: tr87-cd924810 (downloaded: 2026-06-08 07:25:23.848054+00:00)
2026-07-31 15:24:20 | INFO | Found latest version of tr87: tr87-cd924810 (downloaded: 2026-06-08 07:25:23.848054+00:00)
2026-07-31 15:24:20 | INFO | Found latest version of tr87: tr87-cd924810 (downloaded: 2026-06-08 07:25:23.848054+00:00)
2026-07-31 15:24:20 | INFO | Found latest version of tr87: tr87-cd924810 (downloaded: 2026-06-08 07:25:23.848054+00:00)
2026-07-31 15:24:20 | INFO | Found latest version of tr87: tr87-cd924810 (downloaded: 2026-06-08 07:25:23.848054+00:00)
2026-07-31 15:24:20 | INFO | Found latest version of tr87: tr87-cd924810 (downloaded: 2026-06-08 07:25:23.848054+00:00)
2026-07-31 15:24:20 | INFO | Found latest version of tr87: tr87-cd924810 (downloaded: 2026-06-08 07:25:23.848054+00:00)
2026-07-31 15:24:20 | INFO | Found latest version of tr87: tr87-cd924810 (downloaded: 2026-06-08 07:25:23.848054+00:00)
2026-07-31 15:24:20 | INFO | Found latest version of tr87: tr87-cd924810 (downloaded: 2026-06-08 07:25:23.848054+00:00)
2026-07-31 15:24:20 | INFO | Found latest version of tr87: tr87-cd924810 (downloaded: 2026-06-08 07:25:23.848054+00:00)
2026-07-31 15:24:20 | INFO | Found latest version of tr87: tr87-cd924810 (downloaded: 2026-06-08 07:25:23.848054+00:00)
2026-07-31 15:24:20 | INFO | Found latest version of tr87: tr87-cd924810 (downloaded: 2026-06-08 07:25:23.848054+00:00)
2026-07-31 15:24:20 | INFO | Found latest version of tr87: tr87-cd924810 (downloaded: 2026-06-08 07:25:23.848054+00:00)
2026-07-31 15:24:20 | INFO | Found latest version of tr87: tr87-cd924810 (downloaded: 2026-06-08 07:25:23.848054+00:00)
2026-07-31 15:24:20 | INFO | Found latest version of tr87: tr87-cd924810 (downloaded: 2026-06-08 07:25:23.848054+00:00)
2026-07-31 15:24:20 | INFO | Found latest version of tr87: tr87-cd924810 (downloaded: 2026-06-08 07:25:23.848054+00:00)
2026-07-31 15:24:20 | INFO | Found latest version of tr87: tr87-cd924810 (downloaded: 2026-06-08 07:25:23.848054+00:00)
2026-07-31 15:24:20 | INFO | Found latest version of tr87: tr87-cd924810 (downloaded: 2026-06-08 07:25:23.848054+00:00)
2026-07-31 15:24:20 | INFO | Found latest version of tr87: tr87-cd924810 (downloaded: 2026-06-08 07:25:23.848054+00:00)
2026-07-31 15:24:20 | INFO | Found latest version of tr87: tr87-cd924810 (downloaded: 2026-06-08 07:25:23.848054+00:00)
2026-07-31 15:24:20 | INFO | Found latest version of tr87: tr87-cd924810 (downloaded: 2026-06-08 07:25:23.848054+00:00)
2026-07-31 15:24:20 | INFO | Found latest version of tr87: tr87-cd924810 (downloaded: 2026-06-08 07:25:23.848054+00:00)
2026-07-31 15:24:20 | INFO | Found latest version of tr87: tr87-cd924810 (downloaded: 2026-06-08 07:25:23.848054+00:00)
2026-07-31 15:24:20 | INFO | Found latest version of tr87: tr87-cd924810 (downloaded: 2026-06-08 07:25:23.848054+00:00)
2026-07-31 15:24:20 | INFO | Found latest version of tr87: tr87-cd924810 (downloaded: 2026-06-08 07:25:23.848054+00:00)
2026-07-31 15:24:20 | INFO | Found latest version of tr87: tr87-cd924810 (downloaded: 2026-06-08 07:25:23.848054+00:00)
2026-07-31 15:24:20 | INFO | Found latest version of tr87: tr87-cd924810 (downloaded: 2026-06-08 07:25:23.848054+00:00)
2026-07-31 15:24:20 | INFO | Found latest version of tr87: tr87-cd924810 (downloaded: 2026-06-08 07:25:23.848054+00:00)
2026-07-31 15:24:20 | INFO | Found latest version of tr87: tr87-cd924810 (downloaded: 2026-06-08 07:25:23.848054+00:00)
2026-07-31 15:24:20 | INFO | Found latest version of tr87: tr87-cd924810 (downloaded: 2026-06-08 07:25:23.848054+00:00)
2026-07-31 15:24:20 | INFO | Found latest version of tr87: tr87-cd924810 (downloaded: 2026-06-08 07:25:23.848054+00:00)
2026-07-31 15:24:20 | INFO | Found latest version of tr87: tr87-cd924810 (downloaded: 2026-06-08 07:25:23.848054+00:00)
2026-07-31 15:24:20 | INFO | Found latest version of tr87: tr87-cd924810 (downloaded: 2026-06-08 07:25:23.848054+00:00)
2026-07-31 15:24:20 | INFO | Found latest version of tr87: tr87-cd924810 (downloaded: 2026-06-08 07:25:23.848054+00:00)
2026-07-31 15:24:20 | INFO | Found latest version of tr87: tr87-cd924810 (downloaded: 2026-06-08 07:25:23.848054+00:00)
2026-07-31 15:24:20 | INFO | Found latest version of tr87: tr87-cd924810 (downloaded: 2026-06-08 07:25:23.848054+00:00)
2026-07-31 15:24:20 | INFO | Found latest version of tr87: tr87-cd924810 (downloaded: 2026-06-08 07:25:23.848054+00:00)
2026-07-31 15:24:20 | INFO | Found latest version of tr87: tr87-cd924810 (downloaded: 2026-06-08 07:25:23.848054+00:00)
2026-07-31 15:24:20 | INFO | Found latest version of tr87: tr87-cd924810 (downloaded: 2026-06-08 07:25:23.848054+00:00)
2026-07-31 15:24:20 | INFO | Found latest version of tr87: tr87-cd924810 (downloaded: 2026-06-08 07:25:23.848054+00:00)
2026-07-31 15:24:20 | INFO | Found latest version of tr87: tr87-cd924810 (downloaded: 2026-06-08 07:25:23.848054+00:00)
2026-07-31 15:24:20 | INFO | Found latest version of tr87: tr87-cd924810 (downloaded: 2026-06-08 07:25:23.848054+00:00)
2026-07-31 15:24:20 | INFO | Found latest version of tr87: tr87-cd924810 (downloaded: 2026-06-08 07:25:23.848054+00:00)
2026-07-31 15:24:20 | INFO | Found latest version of tr87: tr87-cd924810 (downloaded: 2026-06-08 07:25:23.848054+00:00)
2026-07-31 15:24:20 | INFO | Found latest version of tr87: tr87-cd924810 (downloaded: 2026-06-08 07:25:23.848054+00:00)
2026-07-31 15:24:20 | INFO | Found latest version of tr87: tr87-cd924810 (downloaded: 2026-06-08 07:25:23.848054+00:00)
2026-07-31 15:24:20 | INFO | Found latest version of tr87: tr87-cd924810 (downloaded: 2026-06-08 07:25:23.848054+00:00)
2026-07-31 15:24:20 | INFO | Found latest version of tr87: tr87-cd924810 (downloaded: 2026-06-08 07:25:23.848054+00:00)
2026-07-31 15:24:20 | INFO | Found latest version of tr87: tr87-cd924810 (downloaded: 2026-06-08 07:25:23.848054+00:00)
2026-07-31 15:24:20 | INFO | Found latest version of tr87: tr87-cd924810 (downloaded: 2026-06-08 07:25:23.848054+00:00)
2026-07-31 15:24:20 | INFO | Found latest version of tr87: tr87-cd924810 (downloaded: 2026-06-08 07:25:23.848054+00:00)
2026-07-31 15:24:20 | INFO | Found latest version of tr87: tr87-cd924810 (downloaded: 2026-06-08 07:25:23.848054+00:00)
2026-07-31 15:24:20 | INFO | Found latest version of tr87: tr87-cd924810 (downloaded: 2026-06-08 07:25:23.848054+00:00)
2026-07-31 15:24:20 | INFO | Found latest version of tr87: tr87-cd924810 (downloaded: 2026-06-08 07:25:23.848054+00:00)
2026-07-31 15:24:20 | INFO | Found latest version of tr87: tr87-cd924810 (downloaded: 2026-06-08 07:25:23.848054+00:00)
2026-07-31 15:24:20 | INFO | Found latest version of tr87: tr87-cd924810 (downloaded: 2026-06-08 07:25:23.848054+00:00)
2026-07-31 15:24:20 | INFO | Found latest version of tr87: tr87-cd924810 (downloaded: 2026-06-08 07:25:23.848054+00:00)
2026-07-31 15:24:20 | INFO | Found latest version of tr87: tr87-cd924810 (downloaded: 2026-06-08 07:25:23.848054+00:00)
2026-07-31 15:24:21 | INFO | Found latest version of tr87: tr87-cd924810 (downloaded: 2026-06-08 07:25:23.848054+00:00)
2026-07-31 15:24:21 | INFO | Found latest version of tr87: tr87-cd924810 (downloaded: 2026-06-08 07:25:23.848054+00:00)
2026-07-31 15:24:21 | INFO | Found latest version of tr87: tr87-cd924810 (downloaded: 2026-06-08 07:25:23.848054+00:00)
2026-07-31 15:24:21 | INFO | Found latest version of tr87: tr87-cd924810 (downloaded: 2026-06-08 07:25:23.848054+00:00)
2026-07-31 15:24:22 | INFO | Found latest version of tr87: tr87-cd924810 (downloaded: 2026-06-08 07:25:23.848054+00:00)
2026-07-31 15:24:22 | INFO | Found latest version of tr87: tr87-cd924810 (downloaded: 2026-06-08 07:25:23.848054+00:00)
2026-07-31 15:24:22 | INFO | Found latest version of tr87: tr87-cd924810 (downloaded: 2026-06-08 07:25:23.848054+00:00)
2026-07-31 15:24:22 | INFO | Found latest version of tr87: tr87-cd924810 (downloaded: 2026-06-08 07:25:23.848054+00:00)
2026-07-31 15:24:22 | INFO | Found latest version of tr87: tr87-cd924810 (downloaded: 2026-06-08 07:25:23.848054+00:00)
2026-07-31 15:24:22 | INFO | Found latest version of tr87: tr87-cd924810 (downloaded: 2026-06-08 07:25:23.848054+00:00)
2026-07-31 15:24:22 | INFO | Found latest version of tr87: tr87-cd924810 (downloaded: 2026-06-08 07:25:23.848054+00:00)
2026-07-31 15:24:22 | INFO | Found latest version of tr87: tr87-cd924810 (downloaded: 2026-06-08 07:25:23.848054+00:00)
2026-07-31 15:24:22 | INFO | Found latest version of tr87: tr87-cd924810 (downloaded: 2026-06-08 07:25:23.848054+00:00)
2026-07-31 15:24:22 | INFO | Found latest version of tr87: tr87-cd924810 (downloaded: 2026-06-08 07:25:23.848054+00:00)
2026-07-31 15:24:22 | INFO | Found latest version of tr87: tr87-cd924810 (downloaded: 2026-06-08 07:25:23.848054+00:00)
2026-07-31 15:24:22 | INFO | Found latest version of tr87: tr87-cd924810 (downloaded: 2026-06-08 07:25:23.848054+00:00)
2026-07-31 15:24:22 | INFO | Found latest version of tr87: tr87-cd924810 (downloaded: 2026-06-08 07:25:23.848054+00:00)
2026-07-31 15:24:22 | INFO | Found latest version of tr87: tr87-cd924810 (downloaded: 2026-06-08 07:25:23.848054+00:00)
2026-07-31 15:24:22 | INFO | Found latest version of tr87: tr87-cd924810 (downloaded: 2026-06-08 07:25:23.848054+00:00)
2026-07-31 15:24:22 | INFO | Found latest version of tr87: tr87-cd924810 (downloaded: 2026-06-08 07:25:23.848054+00:00)
2026-07-31 15:24:22 | INFO | Found latest version of tr87: tr87-cd924810 (downloaded: 2026-06-08 07:25:23.848054+00:00)
2026-07-31 15:24:22 | INFO | Found latest version of tr87: tr87-cd924810 (downloaded: 2026-06-08 07:25:23.848054+00:00)
2026-07-31 15:24:22 | INFO | Found latest version of tr87: tr87-cd924810 (downloaded: 2026-06-08 07:25:23.848054+00:00)
2026-07-31 15:24:22 | INFO | Found latest version of tr87: tr87-cd924810 (downloaded: 2026-06-08 07:25:23.848054+00:00)
2026-07-31 15:24:22 | INFO | Found latest version of tr87: tr87-cd924810 (downloaded: 2026-06-08 07:25:23.848054+00:00)
2026-07-31 15:24:22 | INFO | Found latest version of tr87: tr87-cd924810 (downloaded: 2026-06-08 07:25:23.848054+00:00)
2026-07-31 15:24:22 | INFO | Found latest version of tr87: tr87-cd924810 (downloaded: 2026-06-08 07:25:23.848054+00:00)
2026-07-31 15:24:22 | INFO | Found latest version of tr87: tr87-cd924810 (downloaded: 2026-06-08 07:25:23.848054+00:00)
2026-07-31 15:24:22 | INFO | Found latest version of tr87: tr87-cd924810 (downloaded: 2026-06-08 07:25:23.848054+00:00)
2026-07-31 15:24:22 | INFO | Found latest version of tr87: tr87-cd924810 (downloaded: 2026-06-08 07:25:23.848054+00:00)
2026-07-31 15:24:22 | INFO | Found latest version of tr87: tr87-cd924810 (downloaded: 2026-06-08 07:25:23.848054+00:00)
2026-07-31 15:24:22 | INFO | Found latest version of tr87: tr87-cd924810 (downloaded: 2026-06-08 07:25:23.848054+00:00)
2026-07-31 15:24:22 | INFO | Found latest version of tr87: tr87-cd924810 (downloaded: 2026-06-08 07:25:23.848054+00:00)
2026-07-31 15:24:22 | INFO | Found latest version of tr87: tr87-cd924810 (downloaded: 2026-06-08 07:25:23.848054+00:00)
2026-07-31 15:24:22 | INFO | Found latest version of tr87: tr87-cd924810 (downloaded: 2026-06-08 07:25:23.848054+00:00)
2026-07-31 15:24:22 | INFO | Found latest version of tr87: tr87-cd924810 (downloaded: 2026-06-08 07:25:23.848054+00:00)
2026-07-31 15:24:22 | INFO | Found latest version of tr87: tr87-cd924810 (downloaded: 2026-06-08 07:25:23.848054+00:00)
2026-07-31 15:24:22 | INFO | Found latest version of tr87: tr87-cd924810 (downloaded: 2026-06-08 07:25:23.848054+00:00)
2026-07-31 15:24:22 | INFO | Found latest version of tr87: tr87-cd924810 (downloaded: 2026-06-08 07:25:23.848054+00:00)
2026-07-31 15:24:22 | INFO | Found latest version of tr87: tr87-cd924810 (downloaded: 2026-06-08 07:25:23.848054+00:00)
2026-07-31 15:24:22 | INFO | Found latest version of tr87: tr87-cd924810 (downloaded: 2026-06-08 07:25:23.848054+00:00)
2026-07-31 15:24:22 | INFO | Found latest version of tr87: tr87-cd924810 (downloaded: 2026-06-08 07:25:23.848054+00:00)
2026-07-31 15:24:23 | INFO | Found latest version of tr87: tr87-cd924810 (downloaded: 2026-06-08 07:25:23.848054+00:00)
2026-07-31 15:24:23 | INFO | Found latest version of tr87: tr87-cd924810 (downloaded: 2026-06-08 07:25:23.848054+00:00)
2026-07-31 15:24:23 | INFO | Found latest version of tr87: tr87-cd924810 (downloaded: 2026-06-08 07:25:23.848054+00:00)
2026-07-31 15:24:23 | INFO | Found latest version of tr87: tr87-cd924810 (downloaded: 2026-06-08 07:25:23.848054+00:00)
2026-07-31 15:24:23 | INFO | Found latest version of tr87: tr87-cd924810 (downloaded: 2026-06-08 07:25:23.848054+00:00)
2026-07-31 15:24:23 | INFO | Found latest version of tr87: tr87-cd924810 (downloaded: 2026-06-08 07:25:23.848054+00:00)
2026-07-31 15:24:23 | INFO | Found latest version of tr87: tr87-cd924810 (downloaded: 2026-06-08 07:25:23.848054+00:00)
2026-07-31 15:24:23 | INFO | Found latest version of tr87: tr87-cd924810 (downloaded: 2026-06-08 07:25:23.848054+00:00)
2026-07-31 15:24:23 | INFO | Found latest version of tr87: tr87-cd924810 (downloaded: 2026-06-08 07:25:23.848054+00:00)
2026-07-31 15:24:23 | INFO | Found latest version of tr87: tr87-cd924810 (downloaded: 2026-06-08 07:25:23.848054+00:00)
2026-07-31 15:24:23 | INFO | Found latest version of tr87: tr87-cd924810 (downloaded: 2026-06-08 07:25:23.848054+00:00)
2026-07-31 15:24:23 | INFO | Found latest version of tr87: tr87-cd924810 (downloaded: 2026-06-08 07:25:23.848054+00:00)
2026-07-31 15:24:23 | INFO | Found latest version of tr87: tr87-cd924810 (downloaded: 2026-06-08 07:25:23.848054+00:00)
2026-07-31 15:24:23 | INFO | Found latest version of tr87: tr87-cd924810 (downloaded: 2026-06-08 07:25:23.848054+00:00)
2026-07-31 15:24:23 | INFO | Found latest version of tr87: tr87-cd924810 (downloaded: 2026-06-08 07:25:23.848054+00:00)
2026-07-31 15:24:23 | INFO | Found latest version of tr87: tr87-cd924810 (downloaded: 2026-06-08 07:25:23.848054+00:00)
2026-07-31 15:24:23 | INFO | Found latest version of tr87: tr87-cd924810 (downloaded: 2026-06-08 07:25:23.848054+00:00)
2026-07-31 15:24:23 | INFO | Found latest version of tr87: tr87-cd924810 (downloaded: 2026-06-08 07:25:23.848054+00:00)
2026-07-31 15:24:23 | INFO | Found latest version of tr87: tr87-cd924810 (downloaded: 2026-06-08 07:25:23.848054+00:00)
2026-07-31 15:24:23 | INFO | Found latest version of tr87: tr87-cd924810 (downloaded: 2026-06-08 07:25:23.848054+00:00)
2026-07-31 15:24:23 | INFO | Found latest version of tr87: tr87-cd924810 (downloaded: 2026-06-08 07:25:23.848054+00:00)
2026-07-31 15:24:23 | INFO | Found latest version of tr87: tr87-cd924810 (downloaded: 2026-06-08 07:25:23.848054+00:00)
2026-07-31 15:24:23 | INFO | Found latest version of tr87: tr87-cd924810 (downloaded: 2026-06-08 07:25:23.848054+00:00)
2026-07-31 15:24:23 | INFO | Found latest version of tr87: tr87-cd924810 (downloaded: 2026-06-08 07:25:23.848054+00:00)
2026-07-31 15:24:23 | INFO | Found latest version of tr87: tr87-cd924810 (downloaded: 2026-06-08 07:25:23.848054+00:00)
2026-07-31 15:24:24 | INFO | Found latest version of tr87: tr87-cd924810 (downloaded: 2026-06-08 07:25:23.848054+00:00)
2026-07-31 15:24:24 | INFO | Found latest version of tr87: tr87-cd924810 (downloaded: 2026-06-08 07:25:23.848054+00:00)
2026-07-31 15:24:24 | INFO | Found latest version of tr87: tr87-cd924810 (downloaded: 2026-06-08 07:25:23.848054+00:00)
2026-07-31 15:24:24 | INFO | Found latest version of tr87: tr87-cd924810 (downloaded: 2026-06-08 07:25:23.848054+00:00)
2026-07-31 15:24:24 | INFO | Found latest version of tr87: tr87-cd924810 (downloaded: 2026-06-08 07:25:23.848054+00:00)
2026-07-31 15:24:24 | INFO | Found latest version of tr87: tr87-cd924810 (downloaded: 2026-06-08 07:25:23.848054+00:00)
2026-07-31 15:24:24 | INFO | Found latest version of tr87: tr87-cd924810 (downloaded: 2026-06-08 07:25:23.848054+00:00)
2026-07-31 15:24:24 | INFO | Found latest version of tr87: tr87-cd924810 (downloaded: 2026-06-08 07:25:23.848054+00:00)
2026-07-31 15:24:24 | INFO | Found latest version of tr87: tr87-cd924810 (downloaded: 2026-06-08 07:25:23.848054+00:00)
2026-07-31 15:24:24 | INFO | Found latest version of tr87: tr87-cd924810 (downloaded: 2026-06-08 07:25:23.848054+00:00)
2026-07-31 15:24:24 | INFO | Found latest version of tr87: tr87-cd924810 (downloaded: 2026-06-08 07:25:23.848054+00:00)
2026-07-31 15:24:24 | INFO | Found latest version of tr87: tr87-cd924810 (downloaded: 2026-06-08 07:25:23.848054+00:00)
2026-07-31 15:24:24 | INFO | Found latest version of tr87: tr87-cd924810 (downloaded: 2026-06-08 07:25:23.848054+00:00)
2026-07-31 15:24:24 | INFO | Found latest version of tr87: tr87-cd924810 (downloaded: 2026-06-08 07:25:23.848054+00:00)
2026-07-31 15:24:24 | INFO | Found latest version of tr87: tr87-cd924810 (downloaded: 2026-06-08 07:25:23.848054+00:00)
2026-07-31 15:24:24 | INFO | Found latest version of tr87: tr87-cd924810 (downloaded: 2026-06-08 07:25:23.848054+00:00)
2026-07-31 15:24:24 | INFO | Found latest version of tr87: tr87-cd924810 (downloaded: 2026-06-08 07:25:23.848054+00:00)
2026-07-31 15:24:24 | INFO | Found latest version of tr87: tr87-cd924810 (downloaded: 2026-06-08 07:25:23.848054+00:00)
2026-07-31 15:24:24 | INFO | Found latest version of tr87: tr87-cd924810 (downloaded: 2026-06-08 07:25:23.848054+00:00)
2026-07-31 15:24:24 | INFO | Found latest version of tr87: tr87-cd924810 (downloaded: 2026-06-08 07:25:23.848054+00:00)
2026-07-31 15:24:24 | INFO | Found latest version of tr87: tr87-cd924810 (downloaded: 2026-06-08 07:25:23.848054+00:00)
2026-07-31 15:24:24 | INFO | Found latest version of tr87: tr87-cd924810 (downloaded: 2026-06-08 07:25:23.848054+00:00)
2026-07-31 15:24:24 | INFO | Found latest version of tr87: tr87-cd924810 (downloaded: 2026-06-08 07:25:23.848054+00:00)
2026-07-31 15:24:24 | INFO | Found latest version of tr87: tr87-cd924810 (downloaded: 2026-06-08 07:25:23.848054+00:00)
2026-07-31 15:24:24 | INFO | Found latest version of tr87: tr87-cd924810 (downloaded: 2026-06-08 07:25:23.848054+00:00)
2026-07-31 15:24:25 | INFO | Found latest version of tr87: tr87-cd924810 (downloaded: 2026-06-08 07:25:23.848054+00:00)
2026-07-31 15:24:25 | INFO | Found latest version of tr87: tr87-cd924810 (downloaded: 2026-06-08 07:25:23.848054+00:00)
2026-07-31 15:24:25 | INFO | Found latest version of tr87: tr87-cd924810 (downloaded: 2026-06-08 07:25:23.848054+00:00)
2026-07-31 15:24:25 | INFO | Found latest version of tr87: tr87-cd924810 (downloaded: 2026-06-08 07:25:23.848054+00:00)
2026-07-31 15:24:25 | INFO | Found latest version of tr87: tr87-cd924810 (downloaded: 2026-06-08 07:25:23.848054+00:00)
2026-07-31 15:24:25 | INFO | Found latest version of tr87: tr87-cd924810 (downloaded: 2026-06-08 07:25:23.848054+00:00)
2026-07-31 15:24:25 | INFO | Found latest version of tr87: tr87-cd924810 (downloaded: 2026-06-08 07:25:23.848054+00:00)
2026-07-31 15:24:25 | INFO | Found latest version of tr87: tr87-cd924810 (downloaded: 2026-06-08 07:25:23.848054+00:00)
2026-07-31 15:24:25 | INFO | Found latest version of tr87: tr87-cd924810 (downloaded: 2026-06-08 07:25:23.848054+00:00)
2026-07-31 15:24:25 | INFO | Found latest version of tr87: tr87-cd924810 (downloaded: 2026-06-08 07:25:23.848054+00:00)
2026-07-31 15:24:25 | INFO | Found latest version of tr87: tr87-cd924810 (downloaded: 2026-06-08 07:25:23.848054+00:00)
2026-07-31 15:24:25 | INFO | Found latest version of tr87: tr87-cd924810 (downloaded: 2026-06-08 07:25:23.848054+00:00)
2026-07-31 15:24:25 | INFO | Found latest version of tr87: tr87-cd924810 (downloaded: 2026-06-08 07:25:23.848054+00:00)
2026-07-31 15:24:25 | INFO | Found latest version of tr87: tr87-cd924810 (downloaded: 2026-06-08 07:25:23.848054+00:00)
2026-07-31 15:24:25 | INFO | Found latest version of tr87: tr87-cd924810 (downloaded: 2026-06-08 07:25:23.848054+00:00)
2026-07-31 15:24:25 | INFO | Found latest version of tr87: tr87-cd924810 (downloaded: 2026-06-08 07:25:23.848054+00:00)
2026-07-31 15:24:25 | INFO | Found latest version of tr87: tr87-cd924810 (downloaded: 2026-06-08 07:25:23.848054+00:00)
2026-07-31 15:24:25 | INFO | Found latest version of tr87: tr87-cd924810 (downloaded: 2026-06-08 07:25:23.848054+00:00)
2026-07-31 15:24:25 | INFO | Found latest version of tr87: tr87-cd924810 (downloaded: 2026-06-08 07:25:23.848054+00:00)
2026-07-31 15:24:25 | INFO | Found latest version of tr87: tr87-cd924810 (downloaded: 2026-06-08 07:25:23.848054+00:00)
2026-07-31 15:24:25 | INFO | Found latest version of tr87: tr87-cd924810 (downloaded: 2026-06-08 07:25:23.848054+00:00)
2026-07-31 15:24:25 | INFO | Found latest version of tr87: tr87-cd924810 (downloaded: 2026-06-08 07:25:23.848054+00:00)
2026-07-31 15:24:25 | INFO | Found latest version of tr87: tr87-cd924810 (downloaded: 2026-06-08 07:25:23.848054+00:00)
2026-07-31 15:24:25 | INFO | Found latest version of tr87: tr87-cd924810 (downloaded: 2026-06-08 07:25:23.848054+00:00)
2026-07-31 15:24:25 | INFO | Found latest version of tr87: tr87-cd924810 (downloaded: 2026-06-08 07:25:23.848054+00:00)
2026-07-31 15:24:25 | INFO | Found latest version of tr87: tr87-cd924810 (downloaded: 2026-06-08 07:25:23.848054+00:00)
2026-07-31 15:24:25 | INFO | Found latest version of tr87: tr87-cd924810 (downloaded: 2026-06-08 07:25:23.848054+00:00)
2026-07-31 15:24:25 | INFO | Found latest version of tr87: tr87-cd924810 (downloaded: 2026-06-08 07:25:23.848054+00:00)
2026-07-31 15:24:25 | INFO | Found latest version of tr87: tr87-cd924810 (downloaded: 2026-06-08 07:25:23.848054+00:00)
2026-07-31 15:24:25 | INFO | Found latest version of tr87: tr87-cd924810 (downloaded: 2026-06-08 07:25:23.848054+00:00)
2026-07-31 15:24:25 | INFO | Found latest version of tr87: tr87-cd924810 (downloaded: 2026-06-08 07:25:23.848054+00:00)
2026-07-31 15:24:25 | INFO | Found latest version of tr87: tr87-cd924810 (downloaded: 2026-06-08 07:25:23.848054+00:00)
2026-07-31 15:24:25 | INFO | Found latest version of tr87: tr87-cd924810 (downloaded: 2026-06-08 07:25:23.848054+00:00)
2026-07-31 15:24:25 | INFO | Found latest version of tr87: tr87-cd924810 (downloaded: 2026-06-08 07:25:23.848054+00:00)
2026-07-31 15:24:25 | INFO | Found latest version of tr87: tr87-cd924810 (downloaded: 2026-06-08 07:25:23.848054+00:00)
2026-07-31 15:24:25 | INFO | Found latest version of tr87: tr87-cd924810 (downloaded: 2026-06-08 07:25:23.848054+00:00)
2026-07-31 15:24:25 | INFO | Found latest version of tr87: tr87-cd924810 (downloaded: 2026-06-08 07:25:23.848054+00:00)
2026-07-31 15:24:27 | INFO | Found latest version of tr87: tr87-cd924810 (downloaded: 2026-06-08 07:25:23.848054+00:00)
2026-07-31 15:24:27 | INFO | Found latest version of tr87: tr87-cd924810 (downloaded: 2026-06-08 07:25:23.848054+00:00)
2026-07-31 15:24:27 | INFO | Found latest version of tr87: tr87-cd924810 (downloaded: 2026-06-08 07:25:23.848054+00:00)
2026-07-31 15:24:27 | INFO | Found latest version of tr87: tr87-cd924810 (downloaded: 2026-06-08 07:25:23.848054+00:00)
2026-07-31 15:24:27 | INFO | Found latest version of tr87: tr87-cd924810 (downloaded: 2026-06-08 07:25:23.848054+00:00)
2026-07-31 15:24:27 | INFO | Found latest version of tr87: tr87-cd924810 (downloaded: 2026-06-08 07:25:23.848054+00:00)
2026-07-31 15:24:27 | INFO | Found latest version of tr87: tr87-cd924810 (downloaded: 2026-06-08 07:25:23.848054+00:00)
2026-07-31 15:24:27 | INFO | Found latest version of tr87: tr87-cd924810 (downloaded: 2026-06-08 07:25:23.848054+00:00)
2026-07-31 15:24:27 | INFO | Found latest version of tr87: tr87-cd924810 (downloaded: 2026-06-08 07:25:23.848054+00:00)
2026-07-31 15:24:27 | INFO | Found latest version of tr87: tr87-cd924810 (downloaded: 2026-06-08 07:25:23.848054+00:00)
2026-07-31 15:24:27 | INFO | Found latest version of tr87: tr87-cd924810 (downloaded: 2026-06-08 07:25:23.848054+00:00)
2026-07-31 15:24:27 | INFO | Found latest version of tr87: tr87-cd924810 (downloaded: 2026-06-08 07:25:23.848054+00:00)
2026-07-31 15:24:27 | INFO | Found latest version of tr87: tr87-cd924810 (downloaded: 2026-06-08 07:25:23.848054+00:00)
2026-07-31 15:24:27 | INFO | Found latest version of tr87: tr87-cd924810 (downloaded: 2026-06-08 07:25:23.848054+00:00)
2026-07-31 15:24:27 | INFO | Found latest version of tr87: tr87-cd924810 (downloaded: 2026-06-08 07:25:23.848054+00:00)
2026-07-31 15:24:27 | INFO | Found latest version of tr87: tr87-cd924810 (downloaded: 2026-06-08 07:25:23.848054+00:00)
2026-07-31 15:24:27 | INFO | Found latest version of tr87: tr87-cd924810 (downloaded: 2026-06-08 07:25:23.848054+00:00)
2026-07-31 15:24:27 | INFO | Found latest version of tr87: tr87-cd924810 (downloaded: 2026-06-08 07:25:23.848054+00:00)
2026-07-31 15:24:27 | INFO | Found latest version of tr87: tr87-cd924810 (downloaded: 2026-06-08 07:25:23.848054+00:00)
2026-07-31 15:24:27 | INFO | Found latest version of tr87: tr87-cd924810 (downloaded: 2026-06-08 07:25:23.848054+00:00)
2026-07-31 15:24:27 | INFO | Found latest version of tr87: tr87-cd924810 (downloaded: 2026-06-08 07:25:23.848054+00:00)
2026-07-31 15:24:27 | INFO | Found latest version of tr87: tr87-cd924810 (downloaded: 2026-06-08 07:25:23.848054+00:00)
2026-07-31 15:24:27 | INFO | Found latest version of tr87: tr87-cd924810 (downloaded: 2026-06-08 07:25:23.848054+00:00)
2026-07-31 15:24:27 | INFO | Found latest version of tr87: tr87-cd924810 (downloaded: 2026-06-08 07:25:23.848054+00:00)
2026-07-31 15:24:27 | INFO | Found latest version of tr87: tr87-cd924810 (downloaded: 2026-06-08 07:25:23.848054+00:00)
2026-07-31 15:24:27 | INFO | Found latest version of tr87: tr87-cd924810 (downloaded: 2026-06-08 07:25:23.848054+00:00)
2026-07-31 15:24:27 | INFO | Found latest version of tr87: tr87-cd924810 (downloaded: 2026-06-08 07:25:23.848054+00:00)
2026-07-31 15:24:27 | INFO | Found latest version of tr87: tr87-cd924810 (downloaded: 2026-06-08 07:25:23.848054+00:00)
2026-07-31 15:24:27 | INFO | Found latest version of tr87: tr87-cd924810 (downloaded: 2026-06-08 07:25:23.848054+00:00)
2026-07-31 15:24:27 | INFO | Found latest version of tr87: tr87-cd924810 (downloaded: 2026-06-08 07:25:23.848054+00:00)
2026-07-31 15:24:27 | INFO | Found latest version of tr87: tr87-cd924810 (downloaded: 2026-06-08 07:25:23.848054+00:00)
2026-07-31 15:24:27 | INFO | Found latest version of tr87: tr87-cd924810 (downloaded: 2026-06-08 07:25:23.848054+00:00)
2026-07-31 15:24:27 | INFO | Found latest version of tr87: tr87-cd924810 (downloaded: 2026-06-08 07:25:23.848054+00:00)
2026-07-31 15:24:27 | INFO | Found latest version of tr87: tr87-cd924810 (downloaded: 2026-06-08 07:25:23.848054+00:00)
2026-07-31 15:24:27 | INFO | Found latest version of tr87: tr87-cd924810 (downloaded: 2026-06-08 07:25:23.848054+00:00)
2026-07-31 15:24:27 | INFO | Found latest version of tr87: tr87-cd924810 (downloaded: 2026-06-08 07:25:23.848054+00:00)
2026-07-31 15:24:27 | INFO | Found latest version of tr87: tr87-cd924810 (downloaded: 2026-06-08 07:25:23.848054+00:00)
2026-07-31 15:24:27 | INFO | Found latest version of tr87: tr87-cd924810 (downloaded: 2026-06-08 07:25:23.848054+00:00)
2026-07-31 15:24:27 | INFO | Found latest version of tr87: tr87-cd924810 (downloaded: 2026-06-08 07:25:23.848054+00:00)
2026-07-31 15:24:27 | INFO | Found latest version of tr87: tr87-cd924810 (downloaded: 2026-06-08 07:25:23.848054+00:00)
2026-07-31 15:24:27 | INFO | Found latest version of tr87: tr87-cd924810 (downloaded: 2026-06-08 07:25:23.848054+00:00)
2026-07-31 15:24:27 | INFO | Found latest version of tr87: tr87-cd924810 (downloaded: 2026-06-08 07:25:23.848054+00:00)
2026-07-31 15:24:27 | INFO | Found latest version of tr87: tr87-cd924810 (downloaded: 2026-06-08 07:25:23.848054+00:00)
2026-07-31 15:24:27 | INFO | Found latest version of tr87: tr87-cd924810 (downloaded: 2026-06-08 07:25:23.848054+00:00)
2026-07-31 15:24:27 | INFO | Found latest version of tr87: tr87-cd924810 (downloaded: 2026-06-08 07:25:23.848054+00:00)
2026-07-31 15:24:27 | INFO | Found latest version of tr87: tr87-cd924810 (downloaded: 2026-06-08 07:25:23.848054+00:00)
2026-07-31 15:24:27 | INFO | Found latest version of tr87: tr87-cd924810 (downloaded: 2026-06-08 07:25:23.848054+00:00)
2026-07-31 15:24:27 | INFO | Found latest version of tr87: tr87-cd924810 (downloaded: 2026-06-08 07:25:23.848054+00:00)
2026-07-31 15:24:27 | INFO | Found latest version of tr87: tr87-cd924810 (downloaded: 2026-06-08 07:25:23.848054+00:00)
2026-07-31 15:24:27 | INFO | Found latest version of tr87: tr87-cd924810 (downloaded: 2026-06-08 07:25:23.848054+00:00)
2026-07-31 15:24:27 | INFO | Found latest version of tr87: tr87-cd924810 (downloaded: 2026-06-08 07:25:23.848054+00:00)
2026-07-31 15:24:27 | INFO | Found latest version of tr87: tr87-cd924810 (downloaded: 2026-06-08 07:25:23.848054+00:00)
2026-07-31 15:24:27 | INFO | Found latest version of tr87: tr87-cd924810 (downloaded: 2026-06-08 07:25:23.848054+00:00)
2026-07-31 15:24:27 | INFO | Found latest version of tr87: tr87-cd924810 (downloaded: 2026-06-08 07:25:23.848054+00:00)
2026-07-31 15:24:27 | INFO | Found latest version of tr87: tr87-cd924810 (downloaded: 2026-06-08 07:25:23.848054+00:00)
2026-07-31 15:24:27 | INFO | Found latest version of tr87: tr87-cd924810 (downloaded: 2026-06-08 07:25:23.848054+00:00)
2026-07-31 15:24:27 | INFO | Found latest version of tr87: tr87-cd924810 (downloaded: 2026-06-08 07:25:23.848054+00:00)
2026-07-31 15:24:27 | INFO | Found latest version of tr87: tr87-cd924810 (downloaded: 2026-06-08 07:25:23.848054+00:00)
2026-07-31 15:24:27 | INFO | Found latest version of tr87: tr87-cd924810 (downloaded: 2026-06-08 07:25:23.848054+00:00)
2026-07-31 15:24:27 | INFO | Found latest version of tr87: tr87-cd924810 (downloaded: 2026-06-08 07:25:23.848054+00:00)
2026-07-31 15:24:27 | INFO | Found latest version of tr87: tr87-cd924810 (downloaded: 2026-06-08 07:25:23.848054+00:00)
2026-07-31 15:24:27 | INFO | Found latest version of tr87: tr87-cd924810 (downloaded: 2026-06-08 07:25:23.848054+00:00)
2026-07-31 15:24:27 | INFO | Found latest version of tr87: tr87-cd924810 (downloaded: 2026-06-08 07:25:23.848054+00:00)
2026-07-31 15:24:29 | INFO | Found latest version of tr87: tr87-cd924810 (downloaded: 2026-06-08 07:25:23.848054+00:00)
2026-07-31 15:24:29 | INFO | Found latest version of tr87: tr87-cd924810 (downloaded: 2026-06-08 07:25:23.848054+00:00)
2026-07-31 15:24:29 | INFO | Found latest version of tr87: tr87-cd924810 (downloaded: 2026-06-08 07:25:23.848054+00:00)
2026-07-31 15:24:29 | INFO | Found latest version of tr87: tr87-cd924810 (downloaded: 2026-06-08 07:25:23.848054+00:00)
2026-07-31 15:24:29 | INFO | Found latest version of tr87: tr87-cd924810 (downloaded: 2026-06-08 07:25:23.848054+00:00)
2026-07-31 15:24:29 | INFO | Found latest version of tr87: tr87-cd924810 (downloaded: 2026-06-08 07:25:23.848054+00:00)
2026-07-31 15:24:29 | INFO | Found latest version of tr87: tr87-cd924810 (downloaded: 2026-06-08 07:25:23.848054+00:00)
2026-07-31 15:24:29 | INFO | Found latest version of tr87: tr87-cd924810 (downloaded: 2026-06-08 07:25:23.848054+00:00)
2026-07-31 15:24:29 | INFO | Found latest version of tr87: tr87-cd924810 (downloaded: 2026-06-08 07:25:23.848054+00:00)
2026-07-31 15:24:29 | INFO | Found latest version of tr87: tr87-cd924810 (downloaded: 2026-06-08 07:25:23.848054+00:00)
2026-07-31 15:24:29 | INFO | Found latest version of tr87: tr87-cd924810 (downloaded: 2026-06-08 07:25:23.848054+00:00)
2026-07-31 15:24:29 | INFO | Found latest version of tr87: tr87-cd924810 (downloaded: 2026-06-08 07:25:23.848054+00:00)
2026-07-31 15:24:29 | INFO | Found latest version of tr87: tr87-cd924810 (downloaded: 2026-06-08 07:25:23.848054+00:00)
2026-07-31 15:24:29 | INFO | Found latest version of tr87: tr87-cd924810 (downloaded: 2026-06-08 07:25:23.848054+00:00)
2026-07-31 15:24:29 | INFO | Found latest version of tr87: tr87-cd924810 (downloaded: 2026-06-08 07:25:23.848054+00:00)
2026-07-31 15:24:29 | INFO | Found latest version of tr87: tr87-cd924810 (downloaded: 2026-06-08 07:25:23.848054+00:00)
2026-07-31 15:24:29 | INFO | Found latest version of tr87: tr87-cd924810 (downloaded: 2026-06-08 07:25:23.848054+00:00)
2026-07-31 15:24:29 | INFO | Found latest version of tr87: tr87-cd924810 (downloaded: 2026-06-08 07:25:23.848054+00:00)
2026-07-31 15:24:29 | INFO | Found latest version of tr87: tr87-cd924810 (downloaded: 2026-06-08 07:25:23.848054+00:00)
2026-07-31 15:24:29 | INFO | Found latest version of tr87: tr87-cd924810 (downloaded: 2026-06-08 07:25:23.848054+00:00)
2026-07-31 15:24:29 | INFO | Found latest version of tr87: tr87-cd924810 (downloaded: 2026-06-08 07:25:23.848054+00:00)
2026-07-31 15:24:29 | INFO | Found latest version of tr87: tr87-cd924810 (downloaded: 2026-06-08 07:25:23.848054+00:00)
2026-07-31 15:24:29 | INFO | Found latest version of tr87: tr87-cd924810 (downloaded: 2026-06-08 07:25:23.848054+00:00)
2026-07-31 15:24:29 | INFO | Found latest version of tr87: tr87-cd924810 (downloaded: 2026-06-08 07:25:23.848054+00:00)
2026-07-31 15:24:29 | INFO | Found latest version of tr87: tr87-cd924810 (downloaded: 2026-06-08 07:25:23.848054+00:00)
2026-07-31 15:24:29 | INFO | Found latest version of tr87: tr87-cd924810 (downloaded: 2026-06-08 07:25:23.848054+00:00)
2026-07-31 15:24:29 | INFO | Found latest version of tr87: tr87-cd924810 (downloaded: 2026-06-08 07:25:23.848054+00:00)
2026-07-31 15:24:29 | INFO | Found latest version of tr87: tr87-cd924810 (downloaded: 2026-06-08 07:25:23.848054+00:00)
2026-07-31 15:24:29 | INFO | Found latest version of tr87: tr87-cd924810 (downloaded: 2026-06-08 07:25:23.848054+00:00)
2026-07-31 15:24:29 | INFO | Found latest version of tr87: tr87-cd924810 (downloaded: 2026-06-08 07:25:23.848054+00:00)
2026-07-31 15:24:29 | INFO | Found latest version of tr87: tr87-cd924810 (downloaded: 2026-06-08 07:25:23.848054+00:00)
2026-07-31 15:24:29 | INFO | Found latest version of tr87: tr87-cd924810 (downloaded: 2026-06-08 07:25:23.848054+00:00)
2026-07-31 15:24:29 | INFO | Found latest version of tr87: tr87-cd924810 (downloaded: 2026-06-08 07:25:23.848054+00:00)
2026-07-31 15:24:29 | INFO | Found latest version of tr87: tr87-cd924810 (downloaded: 2026-06-08 07:25:23.848054+00:00)
2026-07-31 15:24:29 | INFO | Found latest version of tr87: tr87-cd924810 (downloaded: 2026-06-08 07:25:23.848054+00:00)
2026-07-31 15:24:29 | INFO | Found latest version of tr87: tr87-cd924810 (downloaded: 2026-06-08 07:25:23.848054+00:00)
2026-07-31 15:24:29 | INFO | Found latest version of tr87: tr87-cd924810 (downloaded: 2026-06-08 07:25:23.848054+00:00)
2026-07-31 15:24:29 | INFO | Found latest version of tr87: tr87-cd924810 (downloaded: 2026-06-08 07:25:23.848054+00:00)
2026-07-31 15:24:29 | INFO | Found latest version of tr87: tr87-cd924810 (downloaded: 2026-06-08 07:25:23.848054+00:00)
2026-07-31 15:24:29 | INFO | Found latest version of tr87: tr87-cd924810 (downloaded: 2026-06-08 07:25:23.848054+00:00)
2026-07-31 15:24:29 | INFO | Found latest version of tr87: tr87-cd924810 (downloaded: 2026-06-08 07:25:23.848054+00:00)
2026-07-31 15:24:29 | INFO | Found latest version of tr87: tr87-cd924810 (downloaded: 2026-06-08 07:25:23.848054+00:00)
2026-07-31 15:24:29 | INFO | Found latest version of tr87: tr87-cd924810 (downloaded: 2026-06-08 07:25:23.848054+00:00)
2026-07-31 15:24:29 | INFO | Found latest version of tr87: tr87-cd924810 (downloaded: 2026-06-08 07:25:23.848054+00:00)
2026-07-31 15:24:29 | INFO | Found latest version of tr87: tr87-cd924810 (downloaded: 2026-06-08 07:25:23.848054+00:00)
2026-07-31 15:24:29 | INFO | Found latest version of tr87: tr87-cd924810 (downloaded: 2026-06-08 07:25:23.848054+00:00)
2026-07-31 15:24:29 | INFO | Found latest version of tr87: tr87-cd924810 (downloaded: 2026-06-08 07:25:23.848054+00:00)
2026-07-31 15:24:29 | INFO | Found latest version of tr87: tr87-cd924810 (downloaded: 2026-06-08 07:25:23.848054+00:00)
2026-07-31 15:24:29 | INFO | Found latest version of tr87: tr87-cd924810 (downloaded: 2026-06-08 07:25:23.848054+00:00)
2026-07-31 15:24:29 | INFO | Found latest version of tr87: tr87-cd924810 (downloaded: 2026-06-08 07:25:23.848054+00:00)
2026-07-31 15:24:30 | INFO | Found latest version of tr87: tr87-cd924810 (downloaded: 2026-06-08 07:25:23.848054+00:00)
2026-07-31 15:24:30 | INFO | Found latest version of tr87: tr87-cd924810 (downloaded: 2026-06-08 07:25:23.848054+00:00)
2026-07-31 15:24:30 | INFO | Found latest version of tr87: tr87-cd924810 (downloaded: 2026-06-08 07:25:23.848054+00:00)
2026-07-31 15:24:30 | INFO | Found latest version of tr87: tr87-cd924810 (downloaded: 2026-06-08 07:25:23.848054+00:00)
2026-07-31 15:24:30 | INFO | Found latest version of tr87: tr87-cd924810 (downloaded: 2026-06-08 07:25:23.848054+00:00)
2026-07-31 15:24:30 | INFO | Found latest version of tr87: tr87-cd924810 (downloaded: 2026-06-08 07:25:23.848054+00:00)
2026-07-31 15:24:30 | INFO | Found latest version of tr87: tr87-cd924810 (downloaded: 2026-06-08 07:25:23.848054+00:00)
2026-07-31 15:24:30 | INFO | Found latest version of tr87: tr87-cd924810 (downloaded: 2026-06-08 07:25:23.848054+00:00)
2026-07-31 15:24:30 | INFO | Found latest version of tr87: tr87-cd924810 (downloaded: 2026-06-08 07:25:23.848054+00:00)
2026-07-31 15:24:30 | INFO | Found latest version of tr87: tr87-cd924810 (downloaded: 2026-06-08 07:25:23.848054+00:00)
2026-07-31 15:24:30 | INFO | Found latest version of tr87: tr87-cd924810 (downloaded: 2026-06-08 07:25:23.848054+00:00)
2026-07-31 15:24:30 | INFO | Found latest version of tr87: tr87-cd924810 (downloaded: 2026-06-08 07:25:23.848054+00:00)
2026-07-31 15:24:31 | INFO | Found latest version of tr87: tr87-cd924810 (downloaded: 2026-06-08 07:25:23.848054+00:00)
2026-07-31 15:24:31 | INFO | Found latest version of tr87: tr87-cd924810 (downloaded: 2026-06-08 07:25:23.848054+00:00)
2026-07-31 15:24:31 | INFO | Found latest version of tr87: tr87-cd924810 (downloaded: 2026-06-08 07:25:23.848054+00:00)
2026-07-31 15:24:31 | INFO | Found latest version of tr87: tr87-cd924810 (downloaded: 2026-06-08 07:25:23.848054+00:00)
2026-07-31 15:24:31 | INFO | Found latest version of tr87: tr87-cd924810 (downloaded: 2026-06-08 07:25:23.848054+00:00)
2026-07-31 15:24:31 | INFO | Found latest version of tr87: tr87-cd924810 (downloaded: 2026-06-08 07:25:23.848054+00:00)
2026-07-31 15:24:31 | INFO | Found latest version of tr87: tr87-cd924810 (downloaded: 2026-06-08 07:25:23.848054+00:00)
2026-07-31 15:24:31 | INFO | Found latest version of tr87: tr87-cd924810 (downloaded: 2026-06-08 07:25:23.848054+00:00)
2026-07-31 15:24:31 | INFO | Found latest version of tr87: tr87-cd924810 (downloaded: 2026-06-08 07:25:23.848054+00:00)
2026-07-31 15:24:31 | INFO | Found latest version of tr87: tr87-cd924810 (downloaded: 2026-06-08 07:25:23.848054+00:00)
2026-07-31 15:24:31 | INFO | Found latest version of tr87: tr87-cd924810 (downloaded: 2026-06-08 07:25:23.848054+00:00)
2026-07-31 15:24:31 | INFO | Found latest version of tr87: tr87-cd924810 (downloaded: 2026-06-08 07:25:23.848054+00:00)
2026-07-31 15:24:31 | INFO | Found latest version of tr87: tr87-cd924810 (downloaded: 2026-06-08 07:25:23.848054+00:00)
2026-07-31 15:24:31 | INFO | Found latest version of tr87: tr87-cd924810 (downloaded: 2026-06-08 07:25:23.848054+00:00)
2026-07-31 15:24:31 | INFO | Found latest version of tr87: tr87-cd924810 (downloaded: 2026-06-08 07:25:23.848054+00:00)
2026-07-31 15:24:31 | INFO | Found latest version of tr87: tr87-cd924810 (downloaded: 2026-06-08 07:25:23.848054+00:00)
2026-07-31 15:24:31 | INFO | Found latest version of tr87: tr87-cd924810 (downloaded: 2026-06-08 07:25:23.848054+00:00)
2026-07-31 15:24:32 | INFO | Found latest version of tr87: tr87-cd924810 (downloaded: 2026-06-08 07:25:23.848054+00:00)
2026-07-31 15:24:32 | INFO | Found latest version of tr87: tr87-cd924810 (downloaded: 2026-06-08 07:25:23.848054+00:00)
2026-07-31 15:24:32 | INFO | Found latest version of tr87: tr87-cd924810 (downloaded: 2026-06-08 07:25:23.848054+00:00)
2026-07-31 15:24:32 | INFO | Found latest version of tr87: tr87-cd924810 (downloaded: 2026-06-08 07:25:23.848054+00:00)
2026-07-31 15:24:32 | INFO | Found latest version of tr87: tr87-cd924810 (downloaded: 2026-06-08 07:25:23.848054+00:00)
2026-07-31 15:24:32 | INFO | Found latest version of tr87: tr87-cd924810 (downloaded: 2026-06-08 07:25:23.848054+00:00)
2026-07-31 15:24:32 | INFO | Found latest version of tr87: tr87-cd924810 (downloaded: 2026-06-08 07:25:23.848054+00:00)
2026-07-31 15:24:32 | INFO | Found latest version of tr87: tr87-cd924810 (downloaded: 2026-06-08 07:25:23.848054+00:00)
2026-07-31 15:24:32 | INFO | Found latest version of tr87: tr87-cd924810 (downloaded: 2026-06-08 07:25:23.848054+00:00)
2026-07-31 15:24:32 | INFO | Found latest version of tr87: tr87-cd924810 (downloaded: 2026-06-08 07:25:23.848054+00:00)
2026-07-31 15:24:32 | INFO | Found latest version of tr87: tr87-cd924810 (downloaded: 2026-06-08 07:25:23.848054+00:00)
2026-07-31 15:24:32 | INFO | Found latest version of tr87: tr87-cd924810 (downloaded: 2026-06-08 07:25:23.848054+00:00)
2026-07-31 15:24:32 | INFO | Found latest version of tr87: tr87-cd924810 (downloaded: 2026-06-08 07:25:23.848054+00:00)
2026-07-31 15:24:32 | INFO | Found latest version of tr87: tr87-cd924810 (downloaded: 2026-06-08 07:25:23.848054+00:00)
2026-07-31 15:24:32 | INFO | Found latest version of tr87: tr87-cd924810 (downloaded: 2026-06-08 07:25:23.848054+00:00)
2026-07-31 15:24:32 | INFO | Found latest version of tr87: tr87-cd924810 (downloaded: 2026-06-08 07:25:23.848054+00:00)
2026-07-31 15:24:32 | INFO | Found latest version of tr87: tr87-cd924810 (downloaded: 2026-06-08 07:25:23.848054+00:00)
2026-07-31 15:24:32 | INFO | Found latest version of tr87: tr87-cd924810 (downloaded: 2026-06-08 07:25:23.848054+00:00)
2026-07-31 15:24:32 | INFO | Found latest version of tr87: tr87-cd924810 (downloaded: 2026-06-08 07:25:23.848054+00:00)
2026-07-31 15:24:32 | INFO | Found latest version of tr87: tr87-cd924810 (downloaded: 2026-06-08 07:25:23.848054+00:00)
2026-07-31 15:24:32 | INFO | Found latest version of tr87: tr87-cd924810 (downloaded: 2026-06-08 07:25:23.848054+00:00)
2026-07-31 15:24:32 | INFO | Found latest version of tr87: tr87-cd924810 (downloaded: 2026-06-08 07:25:23.848054+00:00)
2026-07-31 15:24:32 | INFO | Found latest version of tr87: tr87-cd924810 (downloaded: 2026-06-08 07:25:23.848054+00:00)
2026-07-31 15:24:32 | INFO | Found latest version of tr87: tr87-cd924810 (downloaded: 2026-06-08 07:25:23.848054+00:00)
2026-07-31 15:24:32 | INFO | Found latest version of tr87: tr87-cd924810 (downloaded: 2026-06-08 07:25:23.848054+00:00)
2026-07-31 15:24:32 | INFO | Found latest version of tr87: tr87-cd924810 (downloaded: 2026-06-08 07:25:23.848054+00:00)
2026-07-31 15:24:32 | INFO | Found latest version of tr87: tr87-cd924810 (downloaded: 2026-06-08 07:25:23.848054+00:00)
2026-07-31 15:24:32 | INFO | Found latest version of tr87: tr87-cd924810 (downloaded: 2026-06-08 07:25:23.848054+00:00)
2026-07-31 15:24:32 | INFO | Found latest version of tr87: tr87-cd924810 (downloaded: 2026-06-08 07:25:23.848054+00:00)
2026-07-31 15:24:32 | INFO | Found latest version of tr87: tr87-cd924810 (downloaded: 2026-06-08 07:25:23.848054+00:00)
2026-07-31 15:24:32 | INFO | Found latest version of tr87: tr87-cd924810 (downloaded: 2026-06-08 07:25:23.848054+00:00)
2026-07-31 15:24:32 | INFO | Found latest version of tr87: tr87-cd924810 (downloaded: 2026-06-08 07:25:23.848054+00:00)
2026-07-31 15:24:32 | INFO | Found latest version of tr87: tr87-cd924810 (downloaded: 2026-06-08 07:25:23.848054+00:00)
2026-07-31 15:24:32 | INFO | Found latest version of tr87: tr87-cd924810 (downloaded: 2026-06-08 07:25:23.848054+00:00)
2026-07-31 15:24:32 | INFO | Found latest version of tr87: tr87-cd924810 (downloaded: 2026-06-08 07:25:23.848054+00:00)
2026-07-31 15:24:32 | INFO | Found latest version of tr87: tr87-cd924810 (downloaded: 2026-06-08 07:25:23.848054+00:00)
2026-07-31 15:24:32 | INFO | Found latest version of tr87: tr87-cd924810 (downloaded: 2026-06-08 07:25:23.848054+00:00)
2026-07-31 15:24:32 | INFO | Found latest version of tr87: tr87-cd924810 (downloaded: 2026-06-08 07:25:23.848054+00:00)
2026-07-31 15:24:32 | INFO | Found latest version of tr87: tr87-cd924810 (downloaded: 2026-06-08 07:25:23.848054+00:00)
2026-07-31 15:24:32 | INFO | Found latest version of tr87: tr87-cd924810 (downloaded: 2026-06-08 07:25:23.848054+00:00)
2026-07-31 15:24:32 | INFO | Found latest version of tr87: tr87-cd924810 (downloaded: 2026-06-08 07:25:23.848054+00:00)
2026-07-31 15:24:32 | INFO | Found latest version of tr87: tr87-cd924810 (downloaded: 2026-06-08 07:25:23.848054+00:00)
2026-07-31 15:24:32 | INFO | Found latest version of tr87: tr87-cd924810 (downloaded: 2026-06-08 07:25:23.848054+00:00)
2026-07-31 15:24:32 | INFO | Found latest version of tr87: tr87-cd924810 (downloaded: 2026-06-08 07:25:23.848054+00:00)
2026-07-31 15:24:32 | INFO | Found latest version of tr87: tr87-cd924810 (downloaded: 2026-06-08 07:25:23.848054+00:00)
2026-07-31 15:24:32 | INFO | Found latest version of tr87: tr87-cd924810 (downloaded: 2026-06-08 07:25:23.848054+00:00)
2026-07-31 15:24:34 | INFO | Found latest version of tr87: tr87-cd924810 (downloaded: 2026-06-08 07:25:23.848054+00:00)
2026-07-31 15:24:34 | INFO | Found latest version of tr87: tr87-cd924810 (downloaded: 2026-06-08 07:25:23.848054+00:00)
2026-07-31 15:24:34 | INFO | Found latest version of tr87: tr87-cd924810 (downloaded: 2026-06-08 07:25:23.848054+00:00)
2026-07-31 15:24:34 | INFO | Found latest version of tr87: tr87-cd924810 (downloaded: 2026-06-08 07:25:23.848054+00:00)
2026-07-31 15:24:34 | INFO | Found latest version of tr87: tr87-cd924810 (downloaded: 2026-06-08 07:25:23.848054+00:00)
2026-07-31 15:24:34 | INFO | Found latest version of tr87: tr87-cd924810 (downloaded: 2026-06-08 07:25:23.848054+00:00)
2026-07-31 15:24:34 | INFO | Found latest version of tr87: tr87-cd924810 (downloaded: 2026-06-08 07:25:23.848054+00:00)
2026-07-31 15:24:34 | INFO | Found latest version of tr87: tr87-cd924810 (downloaded: 2026-06-08 07:25:23.848054+00:00)
2026-07-31 15:24:34 | INFO | Found latest version of tr87: tr87-cd924810 (downloaded: 2026-06-08 07:25:23.848054+00:00)
2026-07-31 15:24:34 | INFO | Found latest version of tr87: tr87-cd924810 (downloaded: 2026-06-08 07:25:23.848054+00:00)
2026-07-31 15:24:34 | INFO | Found latest version of tr87: tr87-cd924810 (downloaded: 2026-06-08 07:25:23.848054+00:00)
2026-07-31 15:24:34 | INFO | Found latest version of tr87: tr87-cd924810 (downloaded: 2026-06-08 07:25:23.848054+00:00)
2026-07-31 15:24:34 | INFO | Found latest version of tr87: tr87-cd924810 (downloaded: 2026-06-08 07:25:23.848054+00:00)
2026-07-31 15:24:34 | INFO | Found latest version of tr87: tr87-cd924810 (downloaded: 2026-06-08 07:25:23.848054+00:00)
2026-07-31 15:24:34 | INFO | Found latest version of tr87: tr87-cd924810 (downloaded: 2026-06-08 07:25:23.848054+00:00)
2026-07-31 15:24:34 | INFO | Found latest version of tr87: tr87-cd924810 (downloaded: 2026-06-08 07:25:23.848054+00:00)
2026-07-31 15:24:34 | INFO | Found latest version of tr87: tr87-cd924810 (downloaded: 2026-06-08 07:25:23.848054+00:00)
2026-07-31 15:24:34 | INFO | Found latest version of tr87: tr87-cd924810 (downloaded: 2026-06-08 07:25:23.848054+00:00)
2026-07-31 15:24:34 | INFO | Found latest version of tr87: tr87-cd924810 (downloaded: 2026-06-08 07:25:23.848054+00:00)
2026-07-31 15:24:34 | INFO | Found latest version of tr87: tr87-cd924810 (downloaded: 2026-06-08 07:25:23.848054+00:00)
2026-07-31 15:24:34 | INFO | Found latest version of tr87: tr87-cd924810 (downloaded: 2026-06-08 07:25:23.848054+00:00)
2026-07-31 15:24:34 | INFO | Found latest version of tr87: tr87-cd924810 (downloaded: 2026-06-08 07:25:23.848054+00:00)
2026-07-31 15:24:34 | INFO | Found latest version of tr87: tr87-cd924810 (downloaded: 2026-06-08 07:25:23.848054+00:00)
2026-07-31 15:24:34 | INFO | Found latest version of tr87: tr87-cd924810 (downloaded: 2026-06-08 07:25:23.848054+00:00)
2026-07-31 15:24:34 | INFO | Found latest version of tr87: tr87-cd924810 (downloaded: 2026-06-08 07:25:23.848054+00:00)
2026-07-31 15:24:34 | INFO | Found latest version of tr87: tr87-cd924810 (downloaded: 2026-06-08 07:25:23.848054+00:00)
2026-07-31 15:24:34 | INFO | Found latest version of tr87: tr87-cd924810 (downloaded: 2026-06-08 07:25:23.848054+00:00)
2026-07-31 15:24:34 | INFO | Found latest version of tr87: tr87-cd924810 (downloaded: 2026-06-08 07:25:23.848054+00:00)
2026-07-31 15:24:34 | INFO | Found latest version of tr87: tr87-cd924810 (downloaded: 2026-06-08 07:25:23.848054+00:00)
2026-07-31 15:24:34 | INFO | Found latest version of tr87: tr87-cd924810 (downloaded: 2026-06-08 07:25:23.848054+00:00)
2026-07-31 15:24:34 | INFO | Found latest version of tr87: tr87-cd924810 (downloaded: 2026-06-08 07:25:23.848054+00:00)
2026-07-31 15:24:34 | INFO | Found latest version of tr87: tr87-cd924810 (downloaded: 2026-06-08 07:25:23.848054+00:00)
2026-07-31 15:24:34 | INFO | Found latest version of tr87: tr87-cd924810 (downloaded: 2026-06-08 07:25:23.848054+00:00)
2026-07-31 15:24:34 | INFO | Found latest version of tr87: tr87-cd924810 (downloaded: 2026-06-08 07:25:23.848054+00:00)
2026-07-31 15:24:34 | INFO | Found latest version of tr87: tr87-cd924810 (downloaded: 2026-06-08 07:25:23.848054+00:00)
2026-07-31 15:24:34 | INFO | Found latest version of tr87: tr87-cd924810 (downloaded: 2026-06-08 07:25:23.848054+00:00)
2026-07-31 15:24:34 | INFO | Found latest version of tr87: tr87-cd924810 (downloaded: 2026-06-08 07:25:23.848054+00:00)
2026-07-31 15:24:34 | INFO | Found latest version of tr87: tr87-cd924810 (downloaded: 2026-06-08 07:25:23.848054+00:00)
2026-07-31 15:24:34 | INFO | Found latest version of tr87: tr87-cd924810 (downloaded: 2026-06-08 07:25:23.848054+00:00)
2026-07-31 15:24:34 | INFO | Found latest version of tr87: tr87-cd924810 (downloaded: 2026-06-08 07:25:23.848054+00:00)
2026-07-31 15:24:34 | INFO | Found latest version of tr87: tr87-cd924810 (downloaded: 2026-06-08 07:25:23.848054+00:00)
2026-07-31 15:24:34 | INFO | Found latest version of tr87: tr87-cd924810 (downloaded: 2026-06-08 07:25:23.848054+00:00)
2026-07-31 15:24:34 | INFO | Found latest version of tr87: tr87-cd924810 (downloaded: 2026-06-08 07:25:23.848054+00:00)
2026-07-31 15:24:34 | INFO | Found latest version of tr87: tr87-cd924810 (downloaded: 2026-06-08 07:25:23.848054+00:00)
2026-07-31 15:24:34 | INFO | Found latest version of tr87: tr87-cd924810 (downloaded: 2026-06-08 07:25:23.848054+00:00)
2026-07-31 15:24:34 | INFO | Found latest version of tr87: tr87-cd924810 (downloaded: 2026-06-08 07:25:23.848054+00:00)
2026-07-31 15:24:34 | INFO | Found latest version of tr87: tr87-cd924810 (downloaded: 2026-06-08 07:25:23.848054+00:00)
2026-07-31 15:24:34 | INFO | Found latest version of tr87: tr87-cd924810 (downloaded: 2026-06-08 07:25:23.848054+00:00)
2026-07-31 15:24:34 | INFO | Found latest version of tr87: tr87-cd924810 (downloaded: 2026-06-08 07:25:23.848054+00:00)
2026-07-31 15:24:34 | INFO | Found latest version of tr87: tr87-cd924810 (downloaded: 2026-06-08 07:25:23.848054+00:00)
2026-07-31 15:24:34 | INFO | Found latest version of tr87: tr87-cd924810 (downloaded: 2026-06-08 07:25:23.848054+00:00)
2026-07-31 15:24:34 | INFO | Found latest version of tr87: tr87-cd924810 (downloaded: 2026-06-08 07:25:23.848054+00:00)
2026-07-31 15:24:34 | INFO | Found latest version of tr87: tr87-cd924810 (downloaded: 2026-06-08 07:25:23.848054+00:00)
2026-07-31 15:24:34 | INFO | Found latest version of tr87: tr87-cd924810 (downloaded: 2026-06-08 07:25:23.848054+00:00)
2026-07-31 15:24:34 | INFO | Found latest version of tr87: tr87-cd924810 (downloaded: 2026-06-08 07:25:23.848054+00:00)
2026-07-31 15:24:34 | INFO | Found latest version of tr87: tr87-cd924810 (downloaded: 2026-06-08 07:25:23.848054+00:00)
2026-07-31 15:24:34 | INFO | Found latest version of tr87: tr87-cd924810 (downloaded: 2026-06-08 07:25:23.848054+00:00)
2026-07-31 15:24:34 | INFO | Found latest version of tr87: tr87-cd924810 (downloaded: 2026-06-08 07:25:23.848054+00:00)
2026-07-31 15:24:34 | INFO | Found latest version of tr87: tr87-cd924810 (downloaded: 2026-06-08 07:25:23.848054+00:00)
2026-07-31 15:24:34 | INFO | Found latest version of tr87: tr87-cd924810 (downloaded: 2026-06-08 07:25:23.848054+00:00)
2026-07-31 15:24:34 | INFO | Found latest version of tr87: tr87-cd924810 (downloaded: 2026-06-08 07:25:23.848054+00:00)
2026-07-31 15:24:34 | INFO | Found latest version of tr87: tr87-cd924810 (downloaded: 2026-06-08 07:25:23.848054+00:00)
2026-07-31 15:24:36 | INFO | Found latest version of tr87: tr87-cd924810 (downloaded: 2026-06-08 07:25:23.848054+00:00)
2026-07-31 15:24:36 | INFO | Found latest version of tr87: tr87-cd924810 (downloaded: 2026-06-08 07:25:23.848054+00:00)
2026-07-31 15:24:36 | INFO | Found latest version of tr87: tr87-cd924810 (downloaded: 2026-06-08 07:25:23.848054+00:00)
2026-07-31 15:24:36 | INFO | Found latest version of tr87: tr87-cd924810 (downloaded: 2026-06-08 07:25:23.848054+00:00)
2026-07-31 15:24:36 | INFO | Found latest version of tr87: tr87-cd924810 (downloaded: 2026-06-08 07:25:23.848054+00:00)
2026-07-31 15:24:36 | INFO | Found latest version of tr87: tr87-cd924810 (downloaded: 2026-06-08 07:25:23.848054+00:00)
2026-07-31 15:24:36 | INFO | Found latest version of tr87: tr87-cd924810 (downloaded: 2026-06-08 07:25:23.848054+00:00)
2026-07-31 15:24:36 | INFO | Found latest version of tr87: tr87-cd924810 (downloaded: 2026-06-08 07:25:23.848054+00:00)
2026-07-31 15:24:36 | INFO | Found latest version of tr87: tr87-cd924810 (downloaded: 2026-06-08 07:25:23.848054+00:00)
2026-07-31 15:24:36 | INFO | Found latest version of tr87: tr87-cd924810 (downloaded: 2026-06-08 07:25:23.848054+00:00)
2026-07-31 15:24:36 | INFO | Found latest version of tr87: tr87-cd924810 (downloaded: 2026-06-08 07:25:23.848054+00:00)
2026-07-31 15:24:36 | INFO | Found latest version of tr87: tr87-cd924810 (downloaded: 2026-06-08 07:25:23.848054+00:00)
2026-07-31 15:24:36 | INFO | Found latest version of tr87: tr87-cd924810 (downloaded: 2026-06-08 07:25:23.848054+00:00)
2026-07-31 15:24:36 | INFO | Found latest version of tr87: tr87-cd924810 (downloaded: 2026-06-08 07:25:23.848054+00:00)
2026-07-31 15:24:36 | INFO | Found latest version of tr87: tr87-cd924810 (downloaded: 2026-06-08 07:25:23.848054+00:00)
2026-07-31 15:24:36 | INFO | Found latest version of tr87: tr87-cd924810 (downloaded: 2026-06-08 07:25:23.848054+00:00)
2026-07-31 15:24:36 | INFO | Found latest version of tr87: tr87-cd924810 (downloaded: 2026-06-08 07:25:23.848054+00:00)
2026-07-31 15:24:36 | INFO | Found latest version of tr87: tr87-cd924810 (downloaded: 2026-06-08 07:25:23.848054+00:00)
2026-07-31 15:24:36 | INFO | Found latest version of tr87: tr87-cd924810 (downloaded: 2026-06-08 07:25:23.848054+00:00)
2026-07-31 15:24:36 | INFO | Found latest version of tr87: tr87-cd924810 (downloaded: 2026-06-08 07:25:23.848054+00:00)
2026-07-31 15:24:36 | INFO | Found latest version of tr87: tr87-cd924810 (downloaded: 2026-06-08 07:25:23.848054+00:00)
2026-07-31 15:24:36 | INFO | Found latest version of tr87: tr87-cd924810 (downloaded: 2026-06-08 07:25:23.848054+00:00)
2026-07-31 15:24:36 | INFO | Found latest version of tr87: tr87-cd924810 (downloaded: 2026-06-08 07:25:23.848054+00:00)
2026-07-31 15:24:36 | INFO | Found latest version of tr87: tr87-cd924810 (downloaded: 2026-06-08 07:25:23.848054+00:00)
2026-07-31 15:24:36 | INFO | Found latest version of tr87: tr87-cd924810 (downloaded: 2026-06-08 07:25:23.848054+00:00)
2026-07-31 15:24:36 | INFO | Found latest version of tr87: tr87-cd924810 (downloaded: 2026-06-08 07:25:23.848054+00:00)
2026-07-31 15:24:36 | INFO | Found latest version of tr87: tr87-cd924810 (downloaded: 2026-06-08 07:25:23.848054+00:00)
2026-07-31 15:24:36 | INFO | Found latest version of tr87: tr87-cd924810 (downloaded: 2026-06-08 07:25:23.848054+00:00)
2026-07-31 15:24:36 | INFO | Found latest version of tr87: tr87-cd924810 (downloaded: 2026-06-08 07:25:23.848054+00:00)
2026-07-31 15:24:36 | INFO | Found latest version of tr87: tr87-cd924810 (downloaded: 2026-06-08 07:25:23.848054+00:00)
2026-07-31 15:24:37 | INFO | Found latest version of tr87: tr87-cd924810 (downloaded: 2026-06-08 07:25:23.848054+00:00)
2026-07-31 15:24:37 | INFO | Found latest version of tr87: tr87-cd924810 (downloaded: 2026-06-08 07:25:23.848054+00:00)
2026-07-31 15:24:37 | INFO | Found latest version of tr87: tr87-cd924810 (downloaded: 2026-06-08 07:25:23.848054+00:00)
2026-07-31 15:24:37 | INFO | Found latest version of tr87: tr87-cd924810 (downloaded: 2026-06-08 07:25:23.848054+00:00)
2026-07-31 15:24:37 | INFO | Found latest version of tr87: tr87-cd924810 (downloaded: 2026-06-08 07:25:23.848054+00:00)
2026-07-31 15:24:37 | INFO | Found latest version of tr87: tr87-cd924810 (downloaded: 2026-06-08 07:25:23.848054+00:00)
2026-07-31 15:24:37 | INFO | Found latest version of tr87: tr87-cd924810 (downloaded: 2026-06-08 07:25:23.848054+00:00)
2026-07-31 15:24:37 | INFO | Found latest version of tr87: tr87-cd924810 (downloaded: 2026-06-08 07:25:23.848054+00:00)
2026-07-31 15:24:37 | INFO | Found latest version of tr87: tr87-cd924810 (downloaded: 2026-06-08 07:25:23.848054+00:00)
2026-07-31 15:24:37 | INFO | Found latest version of tr87: tr87-cd924810 (downloaded: 2026-06-08 07:25:23.848054+00:00)
2026-07-31 15:24:37 | INFO | Found latest version of tr87: tr87-cd924810 (downloaded: 2026-06-08 07:25:23.848054+00:00)
2026-07-31 15:24:37 | INFO | Found latest version of tr87: tr87-cd924810 (downloaded: 2026-06-08 07:25:23.848054+00:00)
2026-07-31 15:24:37 | INFO | Found latest version of tr87: tr87-cd924810 (downloaded: 2026-06-08 07:25:23.848054+00:00)
2026-07-31 15:24:37 | INFO | Found latest version of tr87: tr87-cd924810 (downloaded: 2026-06-08 07:25:23.848054+00:00)
2026-07-31 15:24:37 | INFO | Found latest version of tr87: tr87-cd924810 (downloaded: 2026-06-08 07:25:23.848054+00:00)
2026-07-31 15:24:37 | INFO | Found latest version of tr87: tr87-cd924810 (downloaded: 2026-06-08 07:25:23.848054+00:00)
2026-07-31 15:24:37 | INFO | Found latest version of tr87: tr87-cd924810 (downloaded: 2026-06-08 07:25:23.848054+00:00)
2026-07-31 15:24:37 | INFO | Found latest version of tr87: tr87-cd924810 (downloaded: 2026-06-08 07:25:23.848054+00:00)
2026-07-31 15:24:37 | INFO | Found latest version of tr87: tr87-cd924810 (downloaded: 2026-06-08 07:25:23.848054+00:00)
2026-07-31 15:24:37 | INFO | Found latest version of tr87: tr87-cd924810 (downloaded: 2026-06-08 07:25:23.848054+00:00)
2026-07-31 15:24:37 | INFO | Found latest version of tr87: tr87-cd924810 (downloaded: 2026-06-08 07:25:23.848054+00:00)
2026-07-31 15:24:37 | INFO | Found latest version of tr87: tr87-cd924810 (downloaded: 2026-06-08 07:25:23.848054+00:00)
2026-07-31 15:24:37 | INFO | Found latest version of tr87: tr87-cd924810 (downloaded: 2026-06-08 07:25:23.848054+00:00)
2026-07-31 15:24:37 | INFO | Found latest version of tr87: tr87-cd924810 (downloaded: 2026-06-08 07:25:23.848054+00:00)
2026-07-31 15:24:37 | INFO | Found latest version of tr87: tr87-cd924810 (downloaded: 2026-06-08 07:25:23.848054+00:00)
2026-07-31 15:24:37 | INFO | Found latest version of tr87: tr87-cd924810 (downloaded: 2026-06-08 07:25:23.848054+00:00)
2026-07-31 15:24:37 | INFO | Found latest version of tr87: tr87-cd924810 (downloaded: 2026-06-08 07:25:23.848054+00:00)
2026-07-31 15:24:37 | INFO | Found latest version of tr87: tr87-cd924810 (downloaded: 2026-06-08 07:25:23.848054+00:00)
2026-07-31 15:24:37 | INFO | Found latest version of tr87: tr87-cd924810 (downloaded: 2026-06-08 07:25:23.848054+00:00)
2026-07-31 15:24:37 | INFO | Found latest version of tr87: tr87-cd924810 (downloaded: 2026-06-08 07:25:23.848054+00:00)
2026-07-31 15:24:37 | INFO | Found latest version of tr87: tr87-cd924810 (downloaded: 2026-06-08 07:25:23.848054+00:00)
2026-07-31 15:24:37 | INFO | Found latest version of tr87: tr87-cd924810 (downloaded: 2026-06-08 07:25:23.848054+00:00)
2026-07-31 15:24:37 | INFO | Found latest version of tr87: tr87-cd924810 (downloaded: 2026-06-08 07:25:23.848054+00:00)
2026-07-31 15:24:39 | INFO | Found latest version of tr87: tr87-cd924810 (downloaded: 2026-06-08 07:25:23.848054+00:00)
2026-07-31 15:24:39 | INFO | Found latest version of tr87: tr87-cd924810 (downloaded: 2026-06-08 07:25:23.848054+00:00)
2026-07-31 15:24:39 | INFO | Found latest version of tr87: tr87-cd924810 (downloaded: 2026-06-08 07:25:23.848054+00:00)
2026-07-31 15:24:39 | INFO | Found latest version of tr87: tr87-cd924810 (downloaded: 2026-06-08 07:25:23.848054+00:00)
2026-07-31 15:24:39 | INFO | Found latest version of tr87: tr87-cd924810 (downloaded: 2026-06-08 07:25:23.848054+00:00)
2026-07-31 15:24:39 | INFO | Found latest version of tr87: tr87-cd924810 (downloaded: 2026-06-08 07:25:23.848054+00:00)
2026-07-31 15:24:39 | INFO | Found latest version of tr87: tr87-cd924810 (downloaded: 2026-06-08 07:25:23.848054+00:00)
2026-07-31 15:24:39 | INFO | Found latest version of tr87: tr87-cd924810 (downloaded: 2026-06-08 07:25:23.848054+00:00)
2026-07-31 15:24:39 | INFO | Found latest version of tr87: tr87-cd924810 (downloaded: 2026-06-08 07:25:23.848054+00:00)
2026-07-31 15:24:39 | INFO | Found latest version of tr87: tr87-cd924810 (downloaded: 2026-06-08 07:25:23.848054+00:00)
2026-07-31 15:24:39 | INFO | Found latest version of tr87: tr87-cd924810 (downloaded: 2026-06-08 07:25:23.848054+00:00)
2026-07-31 15:24:39 | INFO | Found latest version of tr87: tr87-cd924810 (downloaded: 2026-06-08 07:25:23.848054+00:00)
2026-07-31 15:24:39 | INFO | Found latest version of tr87: tr87-cd924810 (downloaded: 2026-06-08 07:25:23.848054+00:00)
2026-07-31 15:24:39 | INFO | Found latest version of tr87: tr87-cd924810 (downloaded: 2026-06-08 07:25:23.848054+00:00)
2026-07-31 15:24:39 | INFO | Found latest version of tr87: tr87-cd924810 (downloaded: 2026-06-08 07:25:23.848054+00:00)
2026-07-31 15:24:39 | INFO | Found latest version of tr87: tr87-cd924810 (downloaded: 2026-06-08 07:25:23.848054+00:00)
2026-07-31 15:24:39 | INFO | Found latest version of tr87: tr87-cd924810 (downloaded: 2026-06-08 07:25:23.848054+00:00)
2026-07-31 15:24:39 | INFO | Found latest version of tr87: tr87-cd924810 (downloaded: 2026-06-08 07:25:23.848054+00:00)
2026-07-31 15:24:39 | INFO | Found latest version of tr87: tr87-cd924810 (downloaded: 2026-06-08 07:25:23.848054+00:00)
2026-07-31 15:24:39 | INFO | Found latest version of tr87: tr87-cd924810 (downloaded: 2026-06-08 07:25:23.848054+00:00)
2026-07-31 15:24:39 | INFO | Found latest version of tr87: tr87-cd924810 (downloaded: 2026-06-08 07:25:23.848054+00:00)
2026-07-31 15:24:39 | INFO | Found latest version of tr87: tr87-cd924810 (downloaded: 2026-06-08 07:25:23.848054+00:00)
2026-07-31 15:24:39 | INFO | Found latest version of tr87: tr87-cd924810 (downloaded: 2026-06-08 07:25:23.848054+00:00)
2026-07-31 15:24:39 | INFO | Found latest version of tr87: tr87-cd924810 (downloaded: 2026-06-08 07:25:23.848054+00:00)
2026-07-31 15:24:39 | INFO | Found latest version of tr87: tr87-cd924810 (downloaded: 2026-06-08 07:25:23.848054+00:00)
2026-07-31 15:24:39 | INFO | Found latest version of tr87: tr87-cd924810 (downloaded: 2026-06-08 07:25:23.848054+00:00)
2026-07-31 15:24:39 | INFO | Found latest version of tr87: tr87-cd924810 (downloaded: 2026-06-08 07:25:23.848054+00:00)
2026-07-31 15:24:39 | INFO | Found latest version of tr87: tr87-cd924810 (downloaded: 2026-06-08 07:25:23.848054+00:00)
2026-07-31 15:24:39 | INFO | Found latest version of tr87: tr87-cd924810 (downloaded: 2026-06-08 07:25:23.848054+00:00)
2026-07-31 15:24:39 | INFO | Found latest version of tr87: tr87-cd924810 (downloaded: 2026-06-08 07:25:23.848054+00:00)
2026-07-31 15:24:39 | INFO | Found latest version of tr87: tr87-cd924810 (downloaded: 2026-06-08 07:25:23.848054+00:00)
2026-07-31 15:24:39 | INFO | Found latest version of tr87: tr87-cd924810 (downloaded: 2026-06-08 07:25:23.848054+00:00)
2026-07-31 15:24:39 | INFO | Found latest version of tr87: tr87-cd924810 (downloaded: 2026-06-08 07:25:23.848054+00:00)
2026-07-31 15:24:39 | INFO | Found latest version of tr87: tr87-cd924810 (downloaded: 2026-06-08 07:25:23.848054+00:00)
2026-07-31 15:24:39 | INFO | Found latest version of tr87: tr87-cd924810 (downloaded: 2026-06-08 07:25:23.848054+00:00)
2026-07-31 15:24:39 | INFO | Found latest version of tr87: tr87-cd924810 (downloaded: 2026-06-08 07:25:23.848054+00:00)
2026-07-31 15:24:39 | INFO | Found latest version of tr87: tr87-cd924810 (downloaded: 2026-06-08 07:25:23.848054+00:00)
2026-07-31 15:24:39 | INFO | Found latest version of tr87: tr87-cd924810 (downloaded: 2026-06-08 07:25:23.848054+00:00)
2026-07-31 15:24:39 | INFO | Found latest version of tr87: tr87-cd924810 (downloaded: 2026-06-08 07:25:23.848054+00:00)
2026-07-31 15:24:39 | INFO | Found latest version of tr87: tr87-cd924810 (downloaded: 2026-06-08 07:25:23.848054+00:00)
2026-07-31 15:24:39 | INFO | Found latest version of tr87: tr87-cd924810 (downloaded: 2026-06-08 07:25:23.848054+00:00)
2026-07-31 15:24:39 | INFO | Found latest version of tr87: tr87-cd924810 (downloaded: 2026-06-08 07:25:23.848054+00:00)
2026-07-31 15:24:39 | INFO | Found latest version of tr87: tr87-cd924810 (downloaded: 2026-06-08 07:25:23.848054+00:00)
2026-07-31 15:24:39 | INFO | Found latest version of tr87: tr87-cd924810 (downloaded: 2026-06-08 07:25:23.848054+00:00)
2026-07-31 15:24:39 | INFO | Found latest version of tr87: tr87-cd924810 (downloaded: 2026-06-08 07:25:23.848054+00:00)
2026-07-31 15:24:39 | INFO | Found latest version of tr87: tr87-cd924810 (downloaded: 2026-06-08 07:25:23.848054+00:00)
2026-07-31 15:24:39 | INFO | Found latest version of tr87: tr87-cd924810 (downloaded: 2026-06-08 07:25:23.848054+00:00)
2026-07-31 15:24:39 | INFO | Found latest version of tr87: tr87-cd924810 (downloaded: 2026-06-08 07:25:23.848054+00:00)
2026-07-31 15:24:39 | INFO | Found latest version of tr87: tr87-cd924810 (downloaded: 2026-06-08 07:25:23.848054+00:00)
2026-07-31 15:24:39 | INFO | Found latest version of tr87: tr87-cd924810 (downloaded: 2026-06-08 07:25:23.848054+00:00)
2026-07-31 15:24:39 | INFO | Found latest version of tr87: tr87-cd924810 (downloaded: 2026-06-08 07:25:23.848054+00:00)
2026-07-31 15:24:39 | INFO | Found latest version of tr87: tr87-cd924810 (downloaded: 2026-06-08 07:25:23.848054+00:00)
2026-07-31 15:24:39 | INFO | Found latest version of tr87: tr87-cd924810 (downloaded: 2026-06-08 07:25:23.848054+00:00)
2026-07-31 15:24:39 | INFO | Found latest version of tr87: tr87-cd924810 (downloaded: 2026-06-08 07:25:23.848054+00:00)
2026-07-31 15:24:39 | INFO | Found latest version of tr87: tr87-cd924810 (downloaded: 2026-06-08 07:25:23.848054+00:00)
2026-07-31 15:24:39 | INFO | Found latest version of tr87: tr87-cd924810 (downloaded: 2026-06-08 07:25:23.848054+00:00)
2026-07-31 15:24:39 | INFO | Found latest version of tr87: tr87-cd924810 (downloaded: 2026-06-08 07:25:23.848054+00:00)
2026-07-31 15:24:39 | INFO | Found latest version of tr87: tr87-cd924810 (downloaded: 2026-06-08 07:25:23.848054+00:00)
2026-07-31 15:24:39 | INFO | Found latest version of tr87: tr87-cd924810 (downloaded: 2026-06-08 07:25:23.848054+00:00)
2026-07-31 15:24:39 | INFO | Found latest version of tr87: tr87-cd924810 (downloaded: 2026-06-08 07:25:23.848054+00:00)
2026-07-31 15:24:39 | INFO | Found latest version of tr87: tr87-cd924810 (downloaded: 2026-06-08 07:25:23.848054+00:00)
2026-07-31 15:24:39 | INFO | Found latest version of tr87: tr87-cd924810 (downloaded: 2026-06-08 07:25:23.848054+00:00)
2026-07-31 15:24:41 | INFO | Found latest version of tr87: tr87-cd924810 (downloaded: 2026-06-08 07:25:23.848054+00:00)
2026-07-31 15:24:41 | INFO | Found latest version of tr87: tr87-cd924810 (downloaded: 2026-06-08 07:25:23.848054+00:00)
2026-07-31 15:24:41 | INFO | Found latest version of tr87: tr87-cd924810 (downloaded: 2026-06-08 07:25:23.848054+00:00)
2026-07-31 15:24:41 | INFO | Found latest version of tr87: tr87-cd924810 (downloaded: 2026-06-08 07:25:23.848054+00:00)
2026-07-31 15:24:41 | INFO | Found latest version of tr87: tr87-cd924810 (downloaded: 2026-06-08 07:25:23.848054+00:00)
2026-07-31 15:24:41 | INFO | Found latest version of tr87: tr87-cd924810 (downloaded: 2026-06-08 07:25:23.848054+00:00)
2026-07-31 15:24:41 | INFO | Found latest version of tr87: tr87-cd924810 (downloaded: 2026-06-08 07:25:23.848054+00:00)
2026-07-31 15:24:41 | INFO | Found latest version of tr87: tr87-cd924810 (downloaded: 2026-06-08 07:25:23.848054+00:00)
2026-07-31 15:24:41 | INFO | Found latest version of tr87: tr87-cd924810 (downloaded: 2026-06-08 07:25:23.848054+00:00)
2026-07-31 15:24:41 | INFO | Found latest version of tr87: tr87-cd924810 (downloaded: 2026-06-08 07:25:23.848054+00:00)
2026-07-31 15:24:41 | INFO | Found latest version of tr87: tr87-cd924810 (downloaded: 2026-06-08 07:25:23.848054+00:00)
2026-07-31 15:24:41 | INFO | Found latest version of tr87: tr87-cd924810 (downloaded: 2026-06-08 07:25:23.848054+00:00)
2026-07-31 15:24:41 | INFO | Found latest version of tr87: tr87-cd924810 (downloaded: 2026-06-08 07:25:23.848054+00:00)
2026-07-31 15:24:41 | INFO | Found latest version of tr87: tr87-cd924810 (downloaded: 2026-06-08 07:25:23.848054+00:00)
2026-07-31 15:24:41 | INFO | Found latest version of tr87: tr87-cd924810 (downloaded: 2026-06-08 07:25:23.848054+00:00)
2026-07-31 15:24:41 | INFO | Found latest version of tr87: tr87-cd924810 (downloaded: 2026-06-08 07:25:23.848054+00:00)
2026-07-31 15:24:41 | INFO | Found latest version of tr87: tr87-cd924810 (downloaded: 2026-06-08 07:25:23.848054+00:00)
2026-07-31 15:24:41 | INFO | Found latest version of tr87: tr87-cd924810 (downloaded: 2026-06-08 07:25:23.848054+00:00)
2026-07-31 15:24:41 | INFO | Found latest version of tr87: tr87-cd924810 (downloaded: 2026-06-08 07:25:23.848054+00:00)
2026-07-31 15:24:41 | INFO | Found latest version of tr87: tr87-cd924810 (downloaded: 2026-06-08 07:25:23.848054+00:00)
2026-07-31 15:24:41 | INFO | Found latest version of tr87: tr87-cd924810 (downloaded: 2026-06-08 07:25:23.848054+00:00)
2026-07-31 15:24:41 | INFO | Found latest version of tr87: tr87-cd924810 (downloaded: 2026-06-08 07:25:23.848054+00:00)
2026-07-31 15:24:41 | INFO | Found latest version of tr87: tr87-cd924810 (downloaded: 2026-06-08 07:25:23.848054+00:00)
2026-07-31 15:24:41 | INFO | Found latest version of tr87: tr87-cd924810 (downloaded: 2026-06-08 07:25:23.848054+00:00)
2026-07-31 15:24:41 | INFO | Found latest version of tr87: tr87-cd924810 (downloaded: 2026-06-08 07:25:23.848054+00:00)
2026-07-31 15:24:41 | INFO | Found latest version of tr87: tr87-cd924810 (downloaded: 2026-06-08 07:25:23.848054+00:00)
2026-07-31 15:24:41 | INFO | Found latest version of tr87: tr87-cd924810 (downloaded: 2026-06-08 07:25:23.848054+00:00)
2026-07-31 15:24:41 | INFO | Found latest version of tr87: tr87-cd924810 (downloaded: 2026-06-08 07:25:23.848054+00:00)
2026-07-31 15:24:41 | INFO | Found latest version of tr87: tr87-cd924810 (downloaded: 2026-06-08 07:25:23.848054+00:00)
2026-07-31 15:24:41 | INFO | Found latest version of tr87: tr87-cd924810 (downloaded: 2026-06-08 07:25:23.848054+00:00)
2026-07-31 15:24:41 | INFO | Found latest version of tr87: tr87-cd924810 (downloaded: 2026-06-08 07:25:23.848054+00:00)
2026-07-31 15:24:41 | INFO | Found latest version of tr87: tr87-cd924810 (downloaded: 2026-06-08 07:25:23.848054+00:00)
2026-07-31 15:24:42 | INFO | Found latest version of tr87: tr87-cd924810 (downloaded: 2026-06-08 07:25:23.848054+00:00)
2026-07-31 15:24:42 | INFO | Found latest version of tr87: tr87-cd924810 (downloaded: 2026-06-08 07:25:23.848054+00:00)
2026-07-31 15:24:42 | INFO | Found latest version of tr87: tr87-cd924810 (downloaded: 2026-06-08 07:25:23.848054+00:00)
2026-07-31 15:24:42 | INFO | Found latest version of tr87: tr87-cd924810 (downloaded: 2026-06-08 07:25:23.848054+00:00)
2026-07-31 15:24:42 | INFO | Found latest version of tr87: tr87-cd924810 (downloaded: 2026-06-08 07:25:23.848054+00:00)
2026-07-31 15:24:42 | INFO | Found latest version of tr87: tr87-cd924810 (downloaded: 2026-06-08 07:25:23.848054+00:00)
2026-07-31 15:24:42 | INFO | Found latest version of tr87: tr87-cd924810 (downloaded: 2026-06-08 07:25:23.848054+00:00)
2026-07-31 15:24:42 | INFO | Found latest version of tr87: tr87-cd924810 (downloaded: 2026-06-08 07:25:23.848054+00:00)
2026-07-31 15:24:42 | INFO | Found latest version of tr87: tr87-cd924810 (downloaded: 2026-06-08 07:25:23.848054+00:00)
2026-07-31 15:24:42 | INFO | Found latest version of tr87: tr87-cd924810 (downloaded: 2026-06-08 07:25:23.848054+00:00)
2026-07-31 15:24:42 | INFO | Found latest version of tr87: tr87-cd924810 (downloaded: 2026-06-08 07:25:23.848054+00:00)
2026-07-31 15:24:42 | INFO | Found latest version of tr87: tr87-cd924810 (downloaded: 2026-06-08 07:25:23.848054+00:00)
2026-07-31 15:24:42 | INFO | Found latest version of tr87: tr87-cd924810 (downloaded: 2026-06-08 07:25:23.848054+00:00)
2026-07-31 15:24:42 | INFO | Found latest version of tr87: tr87-cd924810 (downloaded: 2026-06-08 07:25:23.848054+00:00)
2026-07-31 15:24:42 | INFO | Found latest version of tr87: tr87-cd924810 (downloaded: 2026-06-08 07:25:23.848054+00:00)
2026-07-31 15:24:42 | INFO | Found latest version of tr87: tr87-cd924810 (downloaded: 2026-06-08 07:25:23.848054+00:00)
2026-07-31 15:24:42 | INFO | Found latest version of tr87: tr87-cd924810 (downloaded: 2026-06-08 07:25:23.848054+00:00)
2026-07-31 15:24:42 | INFO | Found latest version of tr87: tr87-cd924810 (downloaded: 2026-06-08 07:25:23.848054+00:00)
2026-07-31 15:24:42 | INFO | Found latest version of tr87: tr87-cd924810 (downloaded: 2026-06-08 07:25:23.848054+00:00)
2026-07-31 15:24:42 | INFO | Found latest version of tr87: tr87-cd924810 (downloaded: 2026-06-08 07:25:23.848054+00:00)
2026-07-31 15:24:42 | INFO | Found latest version of tr87: tr87-cd924810 (downloaded: 2026-06-08 07:25:23.848054+00:00)
2026-07-31 15:24:42 | INFO | Found latest version of tr87: tr87-cd924810 (downloaded: 2026-06-08 07:25:23.848054+00:00)
2026-07-31 15:24:42 | INFO | Found latest version of tr87: tr87-cd924810 (downloaded: 2026-06-08 07:25:23.848054+00:00)
2026-07-31 15:24:42 | INFO | Found latest version of tr87: tr87-cd924810 (downloaded: 2026-06-08 07:25:23.848054+00:00)
2026-07-31 15:24:42 | INFO | Found latest version of tr87: tr87-cd924810 (downloaded: 2026-06-08 07:25:23.848054+00:00)
2026-07-31 15:24:42 | INFO | Found latest version of tr87: tr87-cd924810 (downloaded: 2026-06-08 07:25:23.848054+00:00)
2026-07-31 15:24:42 | INFO | Found latest version of tr87: tr87-cd924810 (downloaded: 2026-06-08 07:25:23.848054+00:00)
2026-07-31 15:24:42 | INFO | Found latest version of tr87: tr87-cd924810 (downloaded: 2026-06-08 07:25:23.848054+00:00)
2026-07-31 15:24:42 | INFO | Found latest version of tr87: tr87-cd924810 (downloaded: 2026-06-08 07:25:23.848054+00:00)
2026-07-31 15:24:42 | INFO | Found latest version of tr87: tr87-cd924810 (downloaded: 2026-06-08 07:25:23.848054+00:00)
2026-07-31 15:24:42 | INFO | Found latest version of tr87: tr87-cd924810 (downloaded: 2026-06-08 07:25:23.848054+00:00)
2026-07-31 15:24:44 | INFO | Found latest version of tr87: tr87-cd924810 (downloaded: 2026-06-08 07:25:23.848054+00:00)
2026-07-31 15:24:44 | INFO | Found latest version of tr87: tr87-cd924810 (downloaded: 2026-06-08 07:25:23.848054+00:00)
2026-07-31 15:24:44 | INFO | Found latest version of tr87: tr87-cd924810 (downloaded: 2026-06-08 07:25:23.848054+00:00)
2026-07-31 15:24:44 | INFO | Found latest version of tr87: tr87-cd924810 (downloaded: 2026-06-08 07:25:23.848054+00:00)
2026-07-31 15:24:44 | INFO | Found latest version of tr87: tr87-cd924810 (downloaded: 2026-06-08 07:25:23.848054+00:00)
2026-07-31 15:24:44 | INFO | Found latest version of tr87: tr87-cd924810 (downloaded: 2026-06-08 07:25:23.848054+00:00)
2026-07-31 15:24:44 | INFO | Found latest version of tr87: tr87-cd924810 (downloaded: 2026-06-08 07:25:23.848054+00:00)
2026-07-31 15:24:44 | INFO | Found latest version of tr87: tr87-cd924810 (downloaded: 2026-06-08 07:25:23.848054+00:00)
2026-07-31 15:24:44 | INFO | Found latest version of tr87: tr87-cd924810 (downloaded: 2026-06-08 07:25:23.848054+00:00)
2026-07-31 15:24:44 | INFO | Found latest version of tr87: tr87-cd924810 (downloaded: 2026-06-08 07:25:23.848054+00:00)
2026-07-31 15:24:44 | INFO | Found latest version of tr87: tr87-cd924810 (downloaded: 2026-06-08 07:25:23.848054+00:00)
2026-07-31 15:24:44 | INFO | Found latest version of tr87: tr87-cd924810 (downloaded: 2026-06-08 07:25:23.848054+00:00)
2026-07-31 15:24:44 | INFO | Found latest version of tr87: tr87-cd924810 (downloaded: 2026-06-08 07:25:23.848054+00:00)
2026-07-31 15:24:44 | INFO | Found latest version of tr87: tr87-cd924810 (downloaded: 2026-06-08 07:25:23.848054+00:00)
2026-07-31 15:24:44 | INFO | Found latest version of tr87: tr87-cd924810 (downloaded: 2026-06-08 07:25:23.848054+00:00)
2026-07-31 15:24:44 | INFO | Found latest version of tr87: tr87-cd924810 (downloaded: 2026-06-08 07:25:23.848054+00:00)
2026-07-31 15:24:44 | INFO | Found latest version of tr87: tr87-cd924810 (downloaded: 2026-06-08 07:25:23.848054+00:00)
2026-07-31 15:24:44 | INFO | Found latest version of tr87: tr87-cd924810 (downloaded: 2026-06-08 07:25:23.848054+00:00)
2026-07-31 15:24:44 | INFO | Found latest version of tr87: tr87-cd924810 (downloaded: 2026-06-08 07:25:23.848054+00:00)
2026-07-31 15:24:44 | INFO | Found latest version of tr87: tr87-cd924810 (downloaded: 2026-06-08 07:25:23.848054+00:00)
2026-07-31 15:24:44 | INFO | Found latest version of tr87: tr87-cd924810 (downloaded: 2026-06-08 07:25:23.848054+00:00)
2026-07-31 15:24:44 | INFO | Found latest version of tr87: tr87-cd924810 (downloaded: 2026-06-08 07:25:23.848054+00:00)
2026-07-31 15:24:44 | INFO | Found latest version of tr87: tr87-cd924810 (downloaded: 2026-06-08 07:25:23.848054+00:00)
2026-07-31 15:24:44 | INFO | Found latest version of tr87: tr87-cd924810 (downloaded: 2026-06-08 07:25:23.848054+00:00)
2026-07-31 15:24:44 | INFO | Found latest version of tr87: tr87-cd924810 (downloaded: 2026-06-08 07:25:23.848054+00:00)
2026-07-31 15:24:44 | INFO | Found latest version of tr87: tr87-cd924810 (downloaded: 2026-06-08 07:25:23.848054+00:00)
2026-07-31 15:24:44 | INFO | Found latest version of tr87: tr87-cd924810 (downloaded: 2026-06-08 07:25:23.848054+00:00)
2026-07-31 15:24:44 | INFO | Found latest version of tr87: tr87-cd924810 (downloaded: 2026-06-08 07:25:23.848054+00:00)
2026-07-31 15:24:44 | INFO | Found latest version of tr87: tr87-cd924810 (downloaded: 2026-06-08 07:25:23.848054+00:00)
2026-07-31 15:24:44 | INFO | Found latest version of tr87: tr87-cd924810 (downloaded: 2026-06-08 07:25:23.848054+00:00)
2026-07-31 15:24:44 | INFO | Found latest version of tr87: tr87-cd924810 (downloaded: 2026-06-08 07:25:23.848054+00:00)
2026-07-31 15:24:44 | INFO | Found latest version of tr87: tr87-cd924810 (downloaded: 2026-06-08 07:25:23.848054+00:00)
2026-07-31 15:24:44 | INFO | Found latest version of tr87: tr87-cd924810 (downloaded: 2026-06-08 07:25:23.848054+00:00)
2026-07-31 15:24:44 | INFO | Found latest version of tr87: tr87-cd924810 (downloaded: 2026-06-08 07:25:23.848054+00:00)
2026-07-31 15:24:44 | INFO | Found latest version of tr87: tr87-cd924810 (downloaded: 2026-06-08 07:25:23.848054+00:00)
2026-07-31 15:24:44 | INFO | Found latest version of tr87: tr87-cd924810 (downloaded: 2026-06-08 07:25:23.848054+00:00)
2026-07-31 15:24:44 | INFO | Found latest version of tr87: tr87-cd924810 (downloaded: 2026-06-08 07:25:23.848054+00:00)
2026-07-31 15:24:44 | INFO | Found latest version of tr87: tr87-cd924810 (downloaded: 2026-06-08 07:25:23.848054+00:00)
2026-07-31 15:24:44 | INFO | Found latest version of tr87: tr87-cd924810 (downloaded: 2026-06-08 07:25:23.848054+00:00)
2026-07-31 15:24:44 | INFO | Found latest version of tr87: tr87-cd924810 (downloaded: 2026-06-08 07:25:23.848054+00:00)
2026-07-31 15:24:44 | INFO | Found latest version of tr87: tr87-cd924810 (downloaded: 2026-06-08 07:25:23.848054+00:00)
2026-07-31 15:24:44 | INFO | Found latest version of tr87: tr87-cd924810 (downloaded: 2026-06-08 07:25:23.848054+00:00)
2026-07-31 15:24:44 | INFO | Found latest version of tr87: tr87-cd924810 (downloaded: 2026-06-08 07:25:23.848054+00:00)
2026-07-31 15:24:44 | INFO | Found latest version of tr87: tr87-cd924810 (downloaded: 2026-06-08 07:25:23.848054+00:00)
2026-07-31 15:24:44 | INFO | Found latest version of tr87: tr87-cd924810 (downloaded: 2026-06-08 07:25:23.848054+00:00)
2026-07-31 15:24:44 | INFO | Found latest version of tr87: tr87-cd924810 (downloaded: 2026-06-08 07:25:23.848054+00:00)
2026-07-31 15:24:44 | INFO | Found latest version of tr87: tr87-cd924810 (downloaded: 2026-06-08 07:25:23.848054+00:00)
2026-07-31 15:24:44 | INFO | Found latest version of tr87: tr87-cd924810 (downloaded: 2026-06-08 07:25:23.848054+00:00)
2026-07-31 15:24:44 | INFO | Found latest version of tr87: tr87-cd924810 (downloaded: 2026-06-08 07:25:23.848054+00:00)
2026-07-31 15:24:44 | INFO | Found latest version of tr87: tr87-cd924810 (downloaded: 2026-06-08 07:25:23.848054+00:00)
2026-07-31 15:24:44 | INFO | Found latest version of tr87: tr87-cd924810 (downloaded: 2026-06-08 07:25:23.848054+00:00)
2026-07-31 15:24:44 | INFO | Found latest version of tr87: tr87-cd924810 (downloaded: 2026-06-08 07:25:23.848054+00:00)
2026-07-31 15:24:45 | INFO | Found latest version of tr87: tr87-cd924810 (downloaded: 2026-06-08 07:25:23.848054+00:00)
2026-07-31 15:24:45 | INFO | Found latest version of tr87: tr87-cd924810 (downloaded: 2026-06-08 07:25:23.848054+00:00)
2026-07-31 15:24:45 | INFO | Found latest version of tr87: tr87-cd924810 (downloaded: 2026-06-08 07:25:23.848054+00:00)
2026-07-31 15:24:45 | INFO | Found latest version of tr87: tr87-cd924810 (downloaded: 2026-06-08 07:25:23.848054+00:00)
2026-07-31 15:24:45 | INFO | Found latest version of tr87: tr87-cd924810 (downloaded: 2026-06-08 07:25:23.848054+00:00)
2026-07-31 15:24:45 | INFO | Found latest version of tr87: tr87-cd924810 (downloaded: 2026-06-08 07:25:23.848054+00:00)
2026-07-31 15:24:45 | INFO | Found latest version of tr87: tr87-cd924810 (downloaded: 2026-06-08 07:25:23.848054+00:00)
2026-07-31 15:24:45 | INFO | Found latest version of tr87: tr87-cd924810 (downloaded: 2026-06-08 07:25:23.848054+00:00)
2026-07-31 15:24:45 | INFO | Found latest version of tr87: tr87-cd924810 (downloaded: 2026-06-08 07:25:23.848054+00:00)
2026-07-31 15:24:45 | INFO | Found latest version of tr87: tr87-cd924810 (downloaded: 2026-06-08 07:25:23.848054+00:00)
2026-07-31 15:24:46 | INFO | Found latest version of tr87: tr87-cd924810 (downloaded: 2026-06-08 07:25:23.848054+00:00)
2026-07-31 15:24:46 | INFO | Found latest version of tr87: tr87-cd924810 (downloaded: 2026-06-08 07:25:23.848054+00:00)
2026-07-31 15:24:46 | INFO | Found latest version of tr87: tr87-cd924810 (downloaded: 2026-06-08 07:25:23.848054+00:00)
2026-07-31 15:24:46 | INFO | Found latest version of tr87: tr87-cd924810 (downloaded: 2026-06-08 07:25:23.848054+00:00)
2026-07-31 15:24:46 | INFO | Found latest version of tr87: tr87-cd924810 (downloaded: 2026-06-08 07:25:23.848054+00:00)
2026-07-31 15:24:46 | INFO | Found latest version of tr87: tr87-cd924810 (downloaded: 2026-06-08 07:25:23.848054+00:00)
2026-07-31 15:24:46 | INFO | Found latest version of tr87: tr87-cd924810 (downloaded: 2026-06-08 07:25:23.848054+00:00)
2026-07-31 15:24:47 | INFO | Found latest version of tr87: tr87-cd924810 (downloaded: 2026-06-08 07:25:23.848054+00:00)
2026-07-31 15:24:47 | INFO | Found latest version of tr87: tr87-cd924810 (downloaded: 2026-06-08 07:25:23.848054+00:00)
2026-07-31 15:24:47 | INFO | Found latest version of tr87: tr87-cd924810 (downloaded: 2026-06-08 07:25:23.848054+00:00)
2026-07-31 15:24:47 | INFO | Found latest version of tr87: tr87-cd924810 (downloaded: 2026-06-08 07:25:23.848054+00:00)
2026-07-31 15:24:47 | INFO | Found latest version of tr87: tr87-cd924810 (downloaded: 2026-06-08 07:25:23.848054+00:00)
2026-07-31 15:24:47 | INFO | Found latest version of tr87: tr87-cd924810 (downloaded: 2026-06-08 07:25:23.848054+00:00)
2026-07-31 15:24:47 | INFO | Found latest version of tr87: tr87-cd924810 (downloaded: 2026-06-08 07:25:23.848054+00:00)
2026-07-31 15:24:47 | INFO | Found latest version of tr87: tr87-cd924810 (downloaded: 2026-06-08 07:25:23.848054+00:00)
2026-07-31 15:24:47 | INFO | Found latest version of tr87: tr87-cd924810 (downloaded: 2026-06-08 07:25:23.848054+00:00)
2026-07-31 15:24:47 | INFO | Found latest version of tr87: tr87-cd924810 (downloaded: 2026-06-08 07:25:23.848054+00:00)
2026-07-31 15:24:47 | INFO | Found latest version of tr87: tr87-cd924810 (downloaded: 2026-06-08 07:25:23.848054+00:00)
2026-07-31 15:24:47 | INFO | Found latest version of tr87: tr87-cd924810 (downloaded: 2026-06-08 07:25:23.848054+00:00)
2026-07-31 15:24:47 | INFO | Found latest version of tr87: tr87-cd924810 (downloaded: 2026-06-08 07:25:23.848054+00:00)
2026-07-31 15:24:47 | INFO | Found latest version of tr87: tr87-cd924810 (downloaded: 2026-06-08 07:25:23.848054+00:00)
2026-07-31 15:24:47 | INFO | Found latest version of tr87: tr87-cd924810 (downloaded: 2026-06-08 07:25:23.848054+00:00)
2026-07-31 15:24:47 | INFO | Found latest version of tr87: tr87-cd924810 (downloaded: 2026-06-08 07:25:23.848054+00:00)
2026-07-31 15:24:47 | INFO | Found latest version of tr87: tr87-cd924810 (downloaded: 2026-06-08 07:25:23.848054+00:00)
2026-07-31 15:24:47 | INFO | Found latest version of tr87: tr87-cd924810 (downloaded: 2026-06-08 07:25:23.848054+00:00)
2026-07-31 15:24:47 | INFO | Found latest version of tr87: tr87-cd924810 (downloaded: 2026-06-08 07:25:23.848054+00:00)
2026-07-31 15:24:47 | INFO | Found latest version of tr87: tr87-cd924810 (downloaded: 2026-06-08 07:25:23.848054+00:00)
2026-07-31 15:24:47 | INFO | Found latest version of tr87: tr87-cd924810 (downloaded: 2026-06-08 07:25:23.848054+00:00)
2026-07-31 15:24:47 | INFO | Found latest version of tr87: tr87-cd924810 (downloaded: 2026-06-08 07:25:23.848054+00:00)
2026-07-31 15:24:47 | INFO | Found latest version of tr87: tr87-cd924810 (downloaded: 2026-06-08 07:25:23.848054+00:00)
2026-07-31 15:24:47 | INFO | Found latest version of tr87: tr87-cd924810 (downloaded: 2026-06-08 07:25:23.848054+00:00)
2026-07-31 15:24:47 | INFO | Found latest version of tr87: tr87-cd924810 (downloaded: 2026-06-08 07:25:23.848054+00:00)
2026-07-31 15:24:47 | INFO | Found latest version of tr87: tr87-cd924810 (downloaded: 2026-06-08 07:25:23.848054+00:00)
2026-07-31 15:24:47 | INFO | Found latest version of tr87: tr87-cd924810 (downloaded: 2026-06-08 07:25:23.848054+00:00)
2026-07-31 15:24:47 | INFO | Found latest version of tr87: tr87-cd924810 (downloaded: 2026-06-08 07:25:23.848054+00:00)
2026-07-31 15:24:47 | INFO | Found latest version of tr87: tr87-cd924810 (downloaded: 2026-06-08 07:25:23.848054+00:00)
2026-07-31 15:24:47 | INFO | Found latest version of tr87: tr87-cd924810 (downloaded: 2026-06-08 07:25:23.848054+00:00)
2026-07-31 15:24:47 | INFO | Found latest version of tr87: tr87-cd924810 (downloaded: 2026-06-08 07:25:23.848054+00:00)
2026-07-31 15:24:47 | INFO | Found latest version of tr87: tr87-cd924810 (downloaded: 2026-06-08 07:25:23.848054+00:00)
2026-07-31 15:24:47 | INFO | Found latest version of tr87: tr87-cd924810 (downloaded: 2026-06-08 07:25:23.848054+00:00)
2026-07-31 15:24:47 | INFO | Found latest version of tr87: tr87-cd924810 (downloaded: 2026-06-08 07:25:23.848054+00:00)
2026-07-31 15:24:47 | INFO | Found latest version of tr87: tr87-cd924810 (downloaded: 2026-06-08 07:25:23.848054+00:00)
2026-07-31 15:24:47 | INFO | Found latest version of tr87: tr87-cd924810 (downloaded: 2026-06-08 07:25:23.848054+00:00)
2026-07-31 15:24:47 | INFO | Found latest version of tr87: tr87-cd924810 (downloaded: 2026-06-08 07:25:23.848054+00:00)
2026-07-31 15:24:47 | INFO | Found latest version of tr87: tr87-cd924810 (downloaded: 2026-06-08 07:25:23.848054+00:00)
2026-07-31 15:24:47 | INFO | Found latest version of tr87: tr87-cd924810 (downloaded: 2026-06-08 07:25:23.848054+00:00)
2026-07-31 15:24:47 | INFO | Found latest version of tr87: tr87-cd924810 (downloaded: 2026-06-08 07:25:23.848054+00:00)
2026-07-31 15:24:47 | INFO | Found latest version of tr87: tr87-cd924810 (downloaded: 2026-06-08 07:25:23.848054+00:00)
2026-07-31 15:24:47 | INFO | Found latest version of tr87: tr87-cd924810 (downloaded: 2026-06-08 07:25:23.848054+00:00)
2026-07-31 15:24:47 | INFO | Found latest version of tr87: tr87-cd924810 (downloaded: 2026-06-08 07:25:23.848054+00:00)
2026-07-31 15:24:47 | INFO | Found latest version of tr87: tr87-cd924810 (downloaded: 2026-06-08 07:25:23.848054+00:00)
2026-07-31 15:24:47 | INFO | Found latest version of tr87: tr87-cd924810 (downloaded: 2026-06-08 07:25:23.848054+00:00)
2026-07-31 15:24:47 | INFO | Found latest version of tr87: tr87-cd924810 (downloaded: 2026-06-08 07:25:23.848054+00:00)
2026-07-31 15:24:47 | INFO | Found latest version of tr87: tr87-cd924810 (downloaded: 2026-06-08 07:25:23.848054+00:00)
2026-07-31 15:24:47 | INFO | Found latest version of tr87: tr87-cd924810 (downloaded: 2026-06-08 07:25:23.848054+00:00)
2026-07-31 15:24:47 | INFO | Found latest version of tr87: tr87-cd924810 (downloaded: 2026-06-08 07:25:23.848054+00:00)
2026-07-31 15:24:47 | INFO | Found latest version of tr87: tr87-cd924810 (downloaded: 2026-06-08 07:25:23.848054+00:00)
2026-07-31 15:24:47 | INFO | Found latest version of tr87: tr87-cd924810 (downloaded: 2026-06-08 07:25:23.848054+00:00)
2026-07-31 15:24:47 | INFO | Found latest version of tr87: tr87-cd924810 (downloaded: 2026-06-08 07:25:23.848054+00:00)
2026-07-31 15:24:47 | INFO | Found latest version of tr87: tr87-cd924810 (downloaded: 2026-06-08 07:25:23.848054+00:00)
2026-07-31 15:24:47 | INFO | Found latest version of tr87: tr87-cd924810 (downloaded: 2026-06-08 07:25:23.848054+00:00)
2026-07-31 15:24:47 | INFO | Found latest version of tr87: tr87-cd924810 (downloaded: 2026-06-08 07:25:23.848054+00:00)
2026-07-31 15:24:47 | INFO | Found latest version of tr87: tr87-cd924810 (downloaded: 2026-06-08 07:25:23.848054+00:00)
2026-07-31 15:24:49 | INFO | Found latest version of tr87: tr87-cd924810 (downloaded: 2026-06-08 07:25:23.848054+00:00)
2026-07-31 15:24:49 | INFO | Found latest version of tr87: tr87-cd924810 (downloaded: 2026-06-08 07:25:23.848054+00:00)
2026-07-31 15:24:49 | INFO | Found latest version of tr87: tr87-cd924810 (downloaded: 2026-06-08 07:25:23.848054+00:00)
2026-07-31 15:24:49 | INFO | Found latest version of tr87: tr87-cd924810 (downloaded: 2026-06-08 07:25:23.848054+00:00)
2026-07-31 15:24:49 | INFO | Found latest version of tr87: tr87-cd924810 (downloaded: 2026-06-08 07:25:23.848054+00:00)
2026-07-31 15:24:49 | INFO | Found latest version of tr87: tr87-cd924810 (downloaded: 2026-06-08 07:25:23.848054+00:00)
2026-07-31 15:24:49 | INFO | Found latest version of tr87: tr87-cd924810 (downloaded: 2026-06-08 07:25:23.848054+00:00)
2026-07-31 15:24:49 | INFO | Found latest version of tr87: tr87-cd924810 (downloaded: 2026-06-08 07:25:23.848054+00:00)
2026-07-31 15:24:49 | INFO | Found latest version of tr87: tr87-cd924810 (downloaded: 2026-06-08 07:25:23.848054+00:00)
2026-07-31 15:24:49 | INFO | Found latest version of tr87: tr87-cd924810 (downloaded: 2026-06-08 07:25:23.848054+00:00)
2026-07-31 15:24:49 | INFO | Found latest version of tr87: tr87-cd924810 (downloaded: 2026-06-08 07:25:23.848054+00:00)
2026-07-31 15:24:49 | INFO | Found latest version of tr87: tr87-cd924810 (downloaded: 2026-06-08 07:25:23.848054+00:00)
2026-07-31 15:24:49 | INFO | Found latest version of tr87: tr87-cd924810 (downloaded: 2026-06-08 07:25:23.848054+00:00)
2026-07-31 15:24:49 | INFO | Found latest version of tr87: tr87-cd924810 (downloaded: 2026-06-08 07:25:23.848054+00:00)
2026-07-31 15:24:49 | INFO | Found latest version of tr87: tr87-cd924810 (downloaded: 2026-06-08 07:25:23.848054+00:00)
2026-07-31 15:24:49 | INFO | Found latest version of tr87: tr87-cd924810 (downloaded: 2026-06-08 07:25:23.848054+00:00)
2026-07-31 15:24:49 | INFO | Found latest version of tr87: tr87-cd924810 (downloaded: 2026-06-08 07:25:23.848054+00:00)
2026-07-31 15:24:49 | INFO | Found latest version of tr87: tr87-cd924810 (downloaded: 2026-06-08 07:25:23.848054+00:00)
2026-07-31 15:24:49 | INFO | Found latest version of tr87: tr87-cd924810 (downloaded: 2026-06-08 07:25:23.848054+00:00)
2026-07-31 15:24:49 | INFO | Found latest version of tr87: tr87-cd924810 (downloaded: 2026-06-08 07:25:23.848054+00:00)
2026-07-31 15:24:49 | INFO | Found latest version of tr87: tr87-cd924810 (downloaded: 2026-06-08 07:25:23.848054+00:00)
2026-07-31 15:24:49 | INFO | Found latest version of tr87: tr87-cd924810 (downloaded: 2026-06-08 07:25:23.848054+00:00)
2026-07-31 15:24:49 | INFO | Found latest version of tr87: tr87-cd924810 (downloaded: 2026-06-08 07:25:23.848054+00:00)
2026-07-31 15:24:49 | INFO | Found latest version of tr87: tr87-cd924810 (downloaded: 2026-06-08 07:25:23.848054+00:00)
2026-07-31 15:24:49 | INFO | Found latest version of tr87: tr87-cd924810 (downloaded: 2026-06-08 07:25:23.848054+00:00)
2026-07-31 15:24:49 | INFO | Found latest version of tr87: tr87-cd924810 (downloaded: 2026-06-08 07:25:23.848054+00:00)
2026-07-31 15:24:49 | INFO | Found latest version of tr87: tr87-cd924810 (downloaded: 2026-06-08 07:25:23.848054+00:00)
2026-07-31 15:24:49 | INFO | Found latest version of tr87: tr87-cd924810 (downloaded: 2026-06-08 07:25:23.848054+00:00)
2026-07-31 15:24:49 | INFO | Found latest version of tr87: tr87-cd924810 (downloaded: 2026-06-08 07:25:23.848054+00:00)
2026-07-31 15:24:49 | INFO | Found latest version of tr87: tr87-cd924810 (downloaded: 2026-06-08 07:25:23.848054+00:00)
2026-07-31 15:24:49 | INFO | Found latest version of tr87: tr87-cd924810 (downloaded: 2026-06-08 07:25:23.848054+00:00)
2026-07-31 15:24:49 | INFO | Found latest version of tr87: tr87-cd924810 (downloaded: 2026-06-08 07:25:23.848054+00:00)
2026-07-31 15:24:49 | INFO | Found latest version of tr87: tr87-cd924810 (downloaded: 2026-06-08 07:25:23.848054+00:00)
2026-07-31 15:24:49 | INFO | Found latest version of tr87: tr87-cd924810 (downloaded: 2026-06-08 07:25:23.848054+00:00)
2026-07-31 15:24:49 | INFO | Found latest version of tr87: tr87-cd924810 (downloaded: 2026-06-08 07:25:23.848054+00:00)
2026-07-31 15:24:49 | INFO | Found latest version of tr87: tr87-cd924810 (downloaded: 2026-06-08 07:25:23.848054+00:00)
2026-07-31 15:24:49 | INFO | Found latest version of tr87: tr87-cd924810 (downloaded: 2026-06-08 07:25:23.848054+00:00)
2026-07-31 15:24:49 | INFO | Found latest version of tr87: tr87-cd924810 (downloaded: 2026-06-08 07:25:23.848054+00:00)
2026-07-31 15:24:49 | INFO | Found latest version of tr87: tr87-cd924810 (downloaded: 2026-06-08 07:25:23.848054+00:00)
2026-07-31 15:24:49 | INFO | Found latest version of tr87: tr87-cd924810 (downloaded: 2026-06-08 07:25:23.848054+00:00)
2026-07-31 15:24:49 | INFO | Found latest version of tr87: tr87-cd924810 (downloaded: 2026-06-08 07:25:23.848054+00:00)
2026-07-31 15:24:50 | INFO | Found latest version of tr87: tr87-cd924810 (downloaded: 2026-06-08 07:25:23.848054+00:00)
2026-07-31 15:24:50 | INFO | Found latest version of tr87: tr87-cd924810 (downloaded: 2026-06-08 07:25:23.848054+00:00)
2026-07-31 15:24:50 | INFO | Found latest version of tr87: tr87-cd924810 (downloaded: 2026-06-08 07:25:23.848054+00:00)
2026-07-31 15:24:50 | INFO | Found latest version of tr87: tr87-cd924810 (downloaded: 2026-06-08 07:25:23.848054+00:00)
2026-07-31 15:24:50 | INFO | Found latest version of tr87: tr87-cd924810 (downloaded: 2026-06-08 07:25:23.848054+00:00)
2026-07-31 15:24:50 | INFO | Found latest version of tr87: tr87-cd924810 (downloaded: 2026-06-08 07:25:23.848054+00:00)
2026-07-31 15:24:50 | INFO | Found latest version of tr87: tr87-cd924810 (downloaded: 2026-06-08 07:25:23.848054+00:00)
2026-07-31 15:24:50 | INFO | Found latest version of tr87: tr87-cd924810 (downloaded: 2026-06-08 07:25:23.848054+00:00)
2026-07-31 15:24:50 | INFO | Found latest version of tr87: tr87-cd924810 (downloaded: 2026-06-08 07:25:23.848054+00:00)
2026-07-31 15:24:50 | INFO | Found latest version of tr87: tr87-cd924810 (downloaded: 2026-06-08 07:25:23.848054+00:00)
2026-07-31 15:24:50 | INFO | Found latest version of tr87: tr87-cd924810 (downloaded: 2026-06-08 07:25:23.848054+00:00)
2026-07-31 15:24:50 | INFO | Found latest version of tr87: tr87-cd924810 (downloaded: 2026-06-08 07:25:23.848054+00:00)
2026-07-31 15:24:50 | INFO | Found latest version of tr87: tr87-cd924810 (downloaded: 2026-06-08 07:25:23.848054+00:00)
2026-07-31 15:24:50 | INFO | Found latest version of tr87: tr87-cd924810 (downloaded: 2026-06-08 07:25:23.848054+00:00)
2026-07-31 15:24:50 | INFO | Found latest version of tr87: tr87-cd924810 (downloaded: 2026-06-08 07:25:23.848054+00:00)
2026-07-31 15:24:50 | INFO | Found latest version of tr87: tr87-cd924810 (downloaded: 2026-06-08 07:25:23.848054+00:00)
2026-07-31 15:24:50 | INFO | Found latest version of tr87: tr87-cd924810 (downloaded: 2026-06-08 07:25:23.848054+00:00)
2026-07-31 15:24:50 | INFO | Found latest version of tr87: tr87-cd924810 (downloaded: 2026-06-08 07:25:23.848054+00:00)
2026-07-31 15:24:50 | INFO | Found latest version of tr87: tr87-cd924810 (downloaded: 2026-06-08 07:25:23.848054+00:00)
2026-07-31 15:24:50 | INFO | Found latest version of tr87: tr87-cd924810 (downloaded: 2026-06-08 07:25:23.848054+00:00)
2026-07-31 15:24:50 | INFO | Found latest version of tr87: tr87-cd924810 (downloaded: 2026-06-08 07:25:23.848054+00:00)
2026-07-31 15:24:52 | INFO | Found latest version of tr87: tr87-cd924810 (downloaded: 2026-06-08 07:25:23.848054+00:00)
2026-07-31 15:24:52 | INFO | Found latest version of tr87: tr87-cd924810 (downloaded: 2026-06-08 07:25:23.848054+00:00)
2026-07-31 15:24:52 | INFO | Found latest version of tr87: tr87-cd924810 (downloaded: 2026-06-08 07:25:23.848054+00:00)
2026-07-31 15:24:52 | INFO | Found latest version of tr87: tr87-cd924810 (downloaded: 2026-06-08 07:25:23.848054+00:00)
2026-07-31 15:24:52 | INFO | Found latest version of tr87: tr87-cd924810 (downloaded: 2026-06-08 07:25:23.848054+00:00)
2026-07-31 15:24:52 | INFO | Found latest version of tr87: tr87-cd924810 (downloaded: 2026-06-08 07:25:23.848054+00:00)
2026-07-31 15:24:52 | INFO | Found latest version of tr87: tr87-cd924810 (downloaded: 2026-06-08 07:25:23.848054+00:00)
2026-07-31 15:24:52 | INFO | Found latest version of tr87: tr87-cd924810 (downloaded: 2026-06-08 07:25:23.848054+00:00)
2026-07-31 15:24:52 | INFO | Found latest version of tr87: tr87-cd924810 (downloaded: 2026-06-08 07:25:23.848054+00:00)
2026-07-31 15:24:52 | INFO | Found latest version of tr87: tr87-cd924810 (downloaded: 2026-06-08 07:25:23.848054+00:00)
2026-07-31 15:24:52 | INFO | Found latest version of tr87: tr87-cd924810 (downloaded: 2026-06-08 07:25:23.848054+00:00)
2026-07-31 15:24:52 | INFO | Found latest version of tr87: tr87-cd924810 (downloaded: 2026-06-08 07:25:23.848054+00:00)
2026-07-31 15:24:52 | INFO | Found latest version of tr87: tr87-cd924810 (downloaded: 2026-06-08 07:25:23.848054+00:00)
2026-07-31 15:24:52 | INFO | Found latest version of tr87: tr87-cd924810 (downloaded: 2026-06-08 07:25:23.848054+00:00)
2026-07-31 15:24:52 | INFO | Found latest version of tr87: tr87-cd924810 (downloaded: 2026-06-08 07:25:23.848054+00:00)
2026-07-31 15:24:52 | INFO | Found latest version of tr87: tr87-cd924810 (downloaded: 2026-06-08 07:25:23.848054+00:00)
2026-07-31 15:24:52 | INFO | Found latest version of tr87: tr87-cd924810 (downloaded: 2026-06-08 07:25:23.848054+00:00)
2026-07-31 15:24:52 | INFO | Found latest version of tr87: tr87-cd924810 (downloaded: 2026-06-08 07:25:23.848054+00:00)
2026-07-31 15:24:52 | INFO | Found latest version of tr87: tr87-cd924810 (downloaded: 2026-06-08 07:25:23.848054+00:00)
2026-07-31 15:24:52 | INFO | Found latest version of tr87: tr87-cd924810 (downloaded: 2026-06-08 07:25:23.848054+00:00)
2026-07-31 15:24:52 | INFO | Found latest version of tr87: tr87-cd924810 (downloaded: 2026-06-08 07:25:23.848054+00:00)
2026-07-31 15:24:52 | INFO | Found latest version of tr87: tr87-cd924810 (downloaded: 2026-06-08 07:25:23.848054+00:00)
2026-07-31 15:24:52 | INFO | Found latest version of tr87: tr87-cd924810 (downloaded: 2026-06-08 07:25:23.848054+00:00)
2026-07-31 15:24:52 | INFO | Found latest version of tr87: tr87-cd924810 (downloaded: 2026-06-08 07:25:23.848054+00:00)
2026-07-31 15:24:52 | INFO | Found latest version of tr87: tr87-cd924810 (downloaded: 2026-06-08 07:25:23.848054+00:00)
2026-07-31 15:24:52 | INFO | Found latest version of tr87: tr87-cd924810 (downloaded: 2026-06-08 07:25:23.848054+00:00)
2026-07-31 15:24:52 | INFO | Found latest version of tr87: tr87-cd924810 (downloaded: 2026-06-08 07:25:23.848054+00:00)
2026-07-31 15:24:52 | INFO | Found latest version of tr87: tr87-cd924810 (downloaded: 2026-06-08 07:25:23.848054+00:00)
2026-07-31 15:24:52 | INFO | Found latest version of tr87: tr87-cd924810 (downloaded: 2026-06-08 07:25:23.848054+00:00)
2026-07-31 15:24:52 | INFO | Found latest version of tr87: tr87-cd924810 (downloaded: 2026-06-08 07:25:23.848054+00:00)
2026-07-31 15:24:52 | INFO | Found latest version of tr87: tr87-cd924810 (downloaded: 2026-06-08 07:25:23.848054+00:00)
2026-07-31 15:24:52 | INFO | Found latest version of tr87: tr87-cd924810 (downloaded: 2026-06-08 07:25:23.848054+00:00)
2026-07-31 15:24:52 | INFO | Found latest version of tr87: tr87-cd924810 (downloaded: 2026-06-08 07:25:23.848054+00:00)
2026-07-31 15:24:52 | INFO | Found latest version of tr87: tr87-cd924810 (downloaded: 2026-06-08 07:25:23.848054+00:00)
2026-07-31 15:24:52 | INFO | Found latest version of tr87: tr87-cd924810 (downloaded: 2026-06-08 07:25:23.848054+00:00)
2026-07-31 15:24:52 | INFO | Found latest version of tr87: tr87-cd924810 (downloaded: 2026-06-08 07:25:23.848054+00:00)
2026-07-31 15:24:52 | INFO | Found latest version of tr87: tr87-cd924810 (downloaded: 2026-06-08 07:25:23.848054+00:00)
2026-07-31 15:24:52 | INFO | Found latest version of tr87: tr87-cd924810 (downloaded: 2026-06-08 07:25:23.848054+00:00)
2026-07-31 15:24:52 | INFO | Found latest version of tr87: tr87-cd924810 (downloaded: 2026-06-08 07:25:23.848054+00:00)
2026-07-31 15:24:52 | INFO | Found latest version of tr87: tr87-cd924810 (downloaded: 2026-06-08 07:25:23.848054+00:00)
2026-07-31 15:24:52 | INFO | Found latest version of tr87: tr87-cd924810 (downloaded: 2026-06-08 07:25:23.848054+00:00)
2026-07-31 15:24:52 | INFO | Found latest version of tr87: tr87-cd924810 (downloaded: 2026-06-08 07:25:23.848054+00:00)
2026-07-31 15:24:52 | INFO | Found latest version of tr87: tr87-cd924810 (downloaded: 2026-06-08 07:25:23.848054+00:00)
2026-07-31 15:24:52 | INFO | Found latest version of tr87: tr87-cd924810 (downloaded: 2026-06-08 07:25:23.848054+00:00)
2026-07-31 15:24:52 | INFO | Found latest version of tr87: tr87-cd924810 (downloaded: 2026-06-08 07:25:23.848054+00:00)
2026-07-31 15:24:52 | INFO | Found latest version of tr87: tr87-cd924810 (downloaded: 2026-06-08 07:25:23.848054+00:00)
2026-07-31 15:24:52 | INFO | Found latest version of tr87: tr87-cd924810 (downloaded: 2026-06-08 07:25:23.848054+00:00)
2026-07-31 15:24:52 | INFO | Found latest version of tr87: tr87-cd924810 (downloaded: 2026-06-08 07:25:23.848054+00:00)
2026-07-31 15:24:52 | INFO | Found latest version of tr87: tr87-cd924810 (downloaded: 2026-06-08 07:25:23.848054+00:00)
2026-07-31 15:24:52 | INFO | Found latest version of tr87: tr87-cd924810 (downloaded: 2026-06-08 07:25:23.848054+00:00)
2026-07-31 15:24:52 | INFO | Found latest version of tr87: tr87-cd924810 (downloaded: 2026-06-08 07:25:23.848054+00:00)
2026-07-31 15:24:52 | INFO | Found latest version of tr87: tr87-cd924810 (downloaded: 2026-06-08 07:25:23.848054+00:00)
2026-07-31 15:24:52 | INFO | Found latest version of tr87: tr87-cd924810 (downloaded: 2026-06-08 07:25:23.848054+00:00)
2026-07-31 15:24:52 | INFO | Found latest version of tr87: tr87-cd924810 (downloaded: 2026-06-08 07:25:23.848054+00:00)
2026-07-31 15:24:52 | INFO | Found latest version of tr87: tr87-cd924810 (downloaded: 2026-06-08 07:25:23.848054+00:00)
2026-07-31 15:24:52 | INFO | Found latest version of tr87: tr87-cd924810 (downloaded: 2026-06-08 07:25:23.848054+00:00)
2026-07-31 15:24:52 | INFO | Found latest version of tr87: tr87-cd924810 (downloaded: 2026-06-08 07:25:23.848054+00:00)
2026-07-31 15:24:52 | INFO | Found latest version of tr87: tr87-cd924810 (downloaded: 2026-06-08 07:25:23.848054+00:00)
2026-07-31 15:24:52 | INFO | Found latest version of tr87: tr87-cd924810 (downloaded: 2026-06-08 07:25:23.848054+00:00)
2026-07-31 15:24:52 | INFO | Found latest version of tr87: tr87-cd924810 (downloaded: 2026-06-08 07:25:23.848054+00:00)
2026-07-31 15:24:52 | INFO | Found latest version of tr87: tr87-cd924810 (downloaded: 2026-06-08 07:25:23.848054+00:00)
2026-07-31 15:24:52 | INFO | Found latest version of tr87: tr87-cd924810 (downloaded: 2026-06-08 07:25:23.848054+00:00)
2026-07-31 15:24:52 | INFO | Found latest version of tr87: tr87-cd924810 (downloaded: 2026-06-08 07:25:23.848054+00:00)
2026-07-31 15:24:55 | INFO | Found latest version of tr87: tr87-cd924810 (downloaded: 2026-06-08 07:25:23.848054+00:00)
2026-07-31 15:24:55 | INFO | Found latest version of tr87: tr87-cd924810 (downloaded: 2026-06-08 07:25:23.848054+00:00)
2026-07-31 15:24:55 | INFO | Found latest version of tr87: tr87-cd924810 (downloaded: 2026-06-08 07:25:23.848054+00:00)
2026-07-31 15:24:55 | INFO | Found latest version of tr87: tr87-cd924810 (downloaded: 2026-06-08 07:25:23.848054+00:00)
2026-07-31 15:24:55 | INFO | Found latest version of tr87: tr87-cd924810 (downloaded: 2026-06-08 07:25:23.848054+00:00)
2026-07-31 15:24:55 | INFO | Found latest version of tr87: tr87-cd924810 (downloaded: 2026-06-08 07:25:23.848054+00:00)
2026-07-31 15:24:55 | INFO | Found latest version of tr87: tr87-cd924810 (downloaded: 2026-06-08 07:25:23.848054+00:00)
2026-07-31 15:24:55 | INFO | Found latest version of tr87: tr87-cd924810 (downloaded: 2026-06-08 07:25:23.848054+00:00)
2026-07-31 15:24:55 | INFO | Found latest version of tr87: tr87-cd924810 (downloaded: 2026-06-08 07:25:23.848054+00:00)
2026-07-31 15:24:55 | INFO | Found latest version of tr87: tr87-cd924810 (downloaded: 2026-06-08 07:25:23.848054+00:00)
2026-07-31 15:24:55 | INFO | Found latest version of tr87: tr87-cd924810 (downloaded: 2026-06-08 07:25:23.848054+00:00)
2026-07-31 15:24:55 | INFO | Found latest version of tr87: tr87-cd924810 (downloaded: 2026-06-08 07:25:23.848054+00:00)
2026-07-31 15:24:55 | INFO | Found latest version of tr87: tr87-cd924810 (downloaded: 2026-06-08 07:25:23.848054+00:00)
2026-07-31 15:24:55 | INFO | Found latest version of tr87: tr87-cd924810 (downloaded: 2026-06-08 07:25:23.848054+00:00)
2026-07-31 15:24:55 | INFO | Found latest version of tr87: tr87-cd924810 (downloaded: 2026-06-08 07:25:23.848054+00:00)
2026-07-31 15:24:55 | INFO | Found latest version of tr87: tr87-cd924810 (downloaded: 2026-06-08 07:25:23.848054+00:00)
2026-07-31 15:24:55 | INFO | Found latest version of tr87: tr87-cd924810 (downloaded: 2026-06-08 07:25:23.848054+00:00)
2026-07-31 15:24:55 | INFO | Found latest version of tr87: tr87-cd924810 (downloaded: 2026-06-08 07:25:23.848054+00:00)
2026-07-31 15:24:55 | INFO | Found latest version of tr87: tr87-cd924810 (downloaded: 2026-06-08 07:25:23.848054+00:00)
2026-07-31 15:24:55 | INFO | Found latest version of tr87: tr87-cd924810 (downloaded: 2026-06-08 07:25:23.848054+00:00)
2026-07-31 15:24:55 | INFO | Found latest version of tr87: tr87-cd924810 (downloaded: 2026-06-08 07:25:23.848054+00:00)
2026-07-31 15:24:55 | INFO | Found latest version of tr87: tr87-cd924810 (downloaded: 2026-06-08 07:25:23.848054+00:00)
2026-07-31 15:24:55 | INFO | Found latest version of tr87: tr87-cd924810 (downloaded: 2026-06-08 07:25:23.848054+00:00)
2026-07-31 15:24:55 | INFO | Found latest version of tr87: tr87-cd924810 (downloaded: 2026-06-08 07:25:23.848054+00:00)
2026-07-31 15:24:55 | INFO | Found latest version of tr87: tr87-cd924810 (downloaded: 2026-06-08 07:25:23.848054+00:00)
2026-07-31 15:24:55 | INFO | Found latest version of tr87: tr87-cd924810 (downloaded: 2026-06-08 07:25:23.848054+00:00)
2026-07-31 15:24:55 | INFO | Found latest version of tr87: tr87-cd924810 (downloaded: 2026-06-08 07:25:23.848054+00:00)
2026-07-31 15:24:55 | INFO | Found latest version of tr87: tr87-cd924810 (downloaded: 2026-06-08 07:25:23.848054+00:00)
2026-07-31 15:24:55 | INFO | Found latest version of tr87: tr87-cd924810 (downloaded: 2026-06-08 07:25:23.848054+00:00)
2026-07-31 15:24:55 | INFO | Found latest version of tr87: tr87-cd924810 (downloaded: 2026-06-08 07:25:23.848054+00:00)
2026-07-31 15:24:55 | INFO | Found latest version of tr87: tr87-cd924810 (downloaded: 2026-06-08 07:25:23.848054+00:00)
2026-07-31 15:24:55 | INFO | Found latest version of tr87: tr87-cd924810 (downloaded: 2026-06-08 07:25:23.848054+00:00)
2026-07-31 15:24:55 | INFO | Found latest version of tr87: tr87-cd924810 (downloaded: 2026-06-08 07:25:23.848054+00:00)
2026-07-31 15:24:55 | INFO | Found latest version of tr87: tr87-cd924810 (downloaded: 2026-06-08 07:25:23.848054+00:00)
2026-07-31 15:24:55 | INFO | Found latest version of tr87: tr87-cd924810 (downloaded: 2026-06-08 07:25:23.848054+00:00)
2026-07-31 15:24:55 | INFO | Found latest version of tr87: tr87-cd924810 (downloaded: 2026-06-08 07:25:23.848054+00:00)
2026-07-31 15:24:55 | INFO | Found latest version of tr87: tr87-cd924810 (downloaded: 2026-06-08 07:25:23.848054+00:00)
2026-07-31 15:24:55 | INFO | Found latest version of tr87: tr87-cd924810 (downloaded: 2026-06-08 07:25:23.848054+00:00)
2026-07-31 15:24:55 | INFO | Found latest version of tr87: tr87-cd924810 (downloaded: 2026-06-08 07:25:23.848054+00:00)
2026-07-31 15:24:55 | INFO | Found latest version of tr87: tr87-cd924810 (downloaded: 2026-06-08 07:25:23.848054+00:00)
2026-07-31 15:24:55 | INFO | Found latest version of tr87: tr87-cd924810 (downloaded: 2026-06-08 07:25:23.848054+00:00)
2026-07-31 15:24:55 | INFO | Found latest version of tr87: tr87-cd924810 (downloaded: 2026-06-08 07:25:23.848054+00:00)
2026-07-31 15:24:55 | INFO | Found latest version of tr87: tr87-cd924810 (downloaded: 2026-06-08 07:25:23.848054+00:00)
2026-07-31 15:24:55 | INFO | Found latest version of tr87: tr87-cd924810 (downloaded: 2026-06-08 07:25:23.848054+00:00)
2026-07-31 15:24:55 | INFO | Found latest version of tr87: tr87-cd924810 (downloaded: 2026-06-08 07:25:23.848054+00:00)
2026-07-31 15:24:55 | INFO | Found latest version of tr87: tr87-cd924810 (downloaded: 2026-06-08 07:25:23.848054+00:00)
2026-07-31 15:24:55 | INFO | Found latest version of tr87: tr87-cd924810 (downloaded: 2026-06-08 07:25:23.848054+00:00)
2026-07-31 15:24:55 | INFO | Found latest version of tr87: tr87-cd924810 (downloaded: 2026-06-08 07:25:23.848054+00:00)
2026-07-31 15:24:55 | INFO | Found latest version of tr87: tr87-cd924810 (downloaded: 2026-06-08 07:25:23.848054+00:00)
2026-07-31 15:24:55 | INFO | Found latest version of tr87: tr87-cd924810 (downloaded: 2026-06-08 07:25:23.848054+00:00)
2026-07-31 15:24:55 | INFO | Found latest version of tr87: tr87-cd924810 (downloaded: 2026-06-08 07:25:23.848054+00:00)
2026-07-31 15:24:55 | INFO | Found latest version of tr87: tr87-cd924810 (downloaded: 2026-06-08 07:25:23.848054+00:00)
2026-07-31 15:24:55 | INFO | Found latest version of tr87: tr87-cd924810 (downloaded: 2026-06-08 07:25:23.848054+00:00)
2026-07-31 15:24:55 | INFO | Found latest version of tr87: tr87-cd924810 (downloaded: 2026-06-08 07:25:23.848054+00:00)
2026-07-31 15:24:55 | INFO | Found latest version of tr87: tr87-cd924810 (downloaded: 2026-06-08 07:25:23.848054+00:00)
2026-07-31 15:24:55 | INFO | Found latest version of tr87: tr87-cd924810 (downloaded: 2026-06-08 07:25:23.848054+00:00)
2026-07-31 15:24:55 | INFO | Found latest version of tr87: tr87-cd924810 (downloaded: 2026-06-08 07:25:23.848054+00:00)
2026-07-31 15:24:55 | INFO | Found latest version of tr87: tr87-cd924810 (downloaded: 2026-06-08 07:25:23.848054+00:00)
2026-07-31 15:24:55 | INFO | Found latest version of tr87: tr87-cd924810 (downloaded: 2026-06-08 07:25:23.848054+00:00)
2026-07-31 15:24:56 | INFO | Found latest version of tr87: tr87-cd924810 (downloaded: 2026-06-08 07:25:23.848054+00:00)
2026-07-31 15:24:56 | INFO | Found latest version of tr87: tr87-cd924810 (downloaded: 2026-06-08 07:25:23.848054+00:00)
2026-07-31 15:24:56 | INFO | Found latest version of tr87: tr87-cd924810 (downloaded: 2026-06-08 07:25:23.848054+00:00)
2026-07-31 15:24:58 | INFO | Found latest version of tr87: tr87-cd924810 (downloaded: 2026-06-08 07:25:23.848054+00:00)
2026-07-31 15:24:58 | INFO | Found latest version of tr87: tr87-cd924810 (downloaded: 2026-06-08 07:25:23.848054+00:00)
2026-07-31 15:24:58 | INFO | Found latest version of tr87: tr87-cd924810 (downloaded: 2026-06-08 07:25:23.848054+00:00)
2026-07-31 15:24:58 | INFO | Found latest version of tr87: tr87-cd924810 (downloaded: 2026-06-08 07:25:23.848054+00:00)
2026-07-31 15:24:58 | INFO | Found latest version of tr87: tr87-cd924810 (downloaded: 2026-06-08 07:25:23.848054+00:00)
2026-07-31 15:24:58 | INFO | Found latest version of tr87: tr87-cd924810 (downloaded: 2026-06-08 07:25:23.848054+00:00)
2026-07-31 15:24:58 | INFO | Found latest version of tr87: tr87-cd924810 (downloaded: 2026-06-08 07:25:23.848054+00:00)
2026-07-31 15:24:58 | INFO | Found latest version of tr87: tr87-cd924810 (downloaded: 2026-06-08 07:25:23.848054+00:00)
2026-07-31 15:24:58 | INFO | Found latest version of tr87: tr87-cd924810 (downloaded: 2026-06-08 07:25:23.848054+00:00)
2026-07-31 15:24:58 | INFO | Found latest version of tr87: tr87-cd924810 (downloaded: 2026-06-08 07:25:23.848054+00:00)
2026-07-31 15:24:58 | INFO | Found latest version of tr87: tr87-cd924810 (downloaded: 2026-06-08 07:25:23.848054+00:00)
2026-07-31 15:24:58 | INFO | Found latest version of tr87: tr87-cd924810 (downloaded: 2026-06-08 07:25:23.848054+00:00)
2026-07-31 15:24:58 | INFO | Found latest version of tr87: tr87-cd924810 (downloaded: 2026-06-08 07:25:23.848054+00:00)
2026-07-31 15:24:58 | INFO | Found latest version of tr87: tr87-cd924810 (downloaded: 2026-06-08 07:25:23.848054+00:00)
2026-07-31 15:24:58 | INFO | Found latest version of tr87: tr87-cd924810 (downloaded: 2026-06-08 07:25:23.848054+00:00)
2026-07-31 15:24:58 | INFO | Found latest version of tr87: tr87-cd924810 (downloaded: 2026-06-08 07:25:23.848054+00:00)
2026-07-31 15:24:58 | INFO | Found latest version of tr87: tr87-cd924810 (downloaded: 2026-06-08 07:25:23.848054+00:00)
2026-07-31 15:24:58 | INFO | Found latest version of tr87: tr87-cd924810 (downloaded: 2026-06-08 07:25:23.848054+00:00)
2026-07-31 15:24:58 | INFO | Found latest version of tr87: tr87-cd924810 (downloaded: 2026-06-08 07:25:23.848054+00:00)
2026-07-31 15:24:58 | INFO | Found latest version of tr87: tr87-cd924810 (downloaded: 2026-06-08 07:25:23.848054+00:00)
2026-07-31 15:24:58 | INFO | Found latest version of tr87: tr87-cd924810 (downloaded: 2026-06-08 07:25:23.848054+00:00)
2026-07-31 15:24:58 | INFO | Found latest version of tr87: tr87-cd924810 (downloaded: 2026-06-08 07:25:23.848054+00:00)
2026-07-31 15:24:58 | INFO | Found latest version of tr87: tr87-cd924810 (downloaded: 2026-06-08 07:25:23.848054+00:00)
2026-07-31 15:24:58 | INFO | Found latest version of tr87: tr87-cd924810 (downloaded: 2026-06-08 07:25:23.848054+00:00)
2026-07-31 15:24:58 | INFO | Found latest version of tr87: tr87-cd924810 (downloaded: 2026-06-08 07:25:23.848054+00:00)
2026-07-31 15:24:58 | INFO | Found latest version of tr87: tr87-cd924810 (downloaded: 2026-06-08 07:25:23.848054+00:00)
2026-07-31 15:24:58 | INFO | Found latest version of tr87: tr87-cd924810 (downloaded: 2026-06-08 07:25:23.848054+00:00)
2026-07-31 15:24:58 | INFO | Found latest version of tr87: tr87-cd924810 (downloaded: 2026-06-08 07:25:23.848054+00:00)
2026-07-31 15:24:58 | INFO | Found latest version of tr87: tr87-cd924810 (downloaded: 2026-06-08 07:25:23.848054+00:00)
2026-07-31 15:24:58 | INFO | Found latest version of tr87: tr87-cd924810 (downloaded: 2026-06-08 07:25:23.848054+00:00)
2026-07-31 15:24:58 | INFO | Found latest version of tr87: tr87-cd924810 (downloaded: 2026-06-08 07:25:23.848054+00:00)
2026-07-31 15:24:58 | INFO | Found latest version of tr87: tr87-cd924810 (downloaded: 2026-06-08 07:25:23.848054+00:00)
2026-07-31 15:24:58 | INFO | Found latest version of tr87: tr87-cd924810 (downloaded: 2026-06-08 07:25:23.848054+00:00)
2026-07-31 15:24:58 | INFO | Found latest version of tr87: tr87-cd924810 (downloaded: 2026-06-08 07:25:23.848054+00:00)
2026-07-31 15:24:58 | INFO | Found latest version of tr87: tr87-cd924810 (downloaded: 2026-06-08 07:25:23.848054+00:00)
2026-07-31 15:24:58 | INFO | Found latest version of tr87: tr87-cd924810 (downloaded: 2026-06-08 07:25:23.848054+00:00)
2026-07-31 15:24:58 | INFO | Found latest version of tr87: tr87-cd924810 (downloaded: 2026-06-08 07:25:23.848054+00:00)
2026-07-31 15:24:58 | INFO | Found latest version of tr87: tr87-cd924810 (downloaded: 2026-06-08 07:25:23.848054+00:00)
2026-07-31 15:24:58 | INFO | Found latest version of tr87: tr87-cd924810 (downloaded: 2026-06-08 07:25:23.848054+00:00)
2026-07-31 15:24:58 | INFO | Found latest version of tr87: tr87-cd924810 (downloaded: 2026-06-08 07:25:23.848054+00:00)
2026-07-31 15:24:58 | INFO | Found latest version of tr87: tr87-cd924810 (downloaded: 2026-06-08 07:25:23.848054+00:00)
2026-07-31 15:24:58 | INFO | Found latest version of tr87: tr87-cd924810 (downloaded: 2026-06-08 07:25:23.848054+00:00)
2026-07-31 15:24:58 | INFO | Found latest version of tr87: tr87-cd924810 (downloaded: 2026-06-08 07:25:23.848054+00:00)
2026-07-31 15:24:58 | INFO | Found latest version of tr87: tr87-cd924810 (downloaded: 2026-06-08 07:25:23.848054+00:00)
2026-07-31 15:24:58 | INFO | Found latest version of tr87: tr87-cd924810 (downloaded: 2026-06-08 07:25:23.848054+00:00)
2026-07-31 15:24:58 | INFO | Found latest version of tr87: tr87-cd924810 (downloaded: 2026-06-08 07:25:23.848054+00:00)
2026-07-31 15:24:58 | INFO | Found latest version of tr87: tr87-cd924810 (downloaded: 2026-06-08 07:25:23.848054+00:00)
2026-07-31 15:24:58 | INFO | Found latest version of tr87: tr87-cd924810 (downloaded: 2026-06-08 07:25:23.848054+00:00)
2026-07-31 15:24:58 | INFO | Found latest version of tr87: tr87-cd924810 (downloaded: 2026-06-08 07:25:23.848054+00:00)
2026-07-31 15:24:58 | INFO | Found latest version of tr87: tr87-cd924810 (downloaded: 2026-06-08 07:25:23.848054+00:00)
2026-07-31 15:24:58 | INFO | Found latest version of tr87: tr87-cd924810 (downloaded: 2026-06-08 07:25:23.848054+00:00)
2026-07-31 15:24:58 | INFO | Found latest version of tr87: tr87-cd924810 (downloaded: 2026-06-08 07:25:23.848054+00:00)
2026-07-31 15:24:58 | INFO | Found latest version of tr87: tr87-cd924810 (downloaded: 2026-06-08 07:25:23.848054+00:00)
2026-07-31 15:24:58 | INFO | Found latest version of tr87: tr87-cd924810 (downloaded: 2026-06-08 07:25:23.848054+00:00)
2026-07-31 15:24:58 | INFO | Found latest version of tr87: tr87-cd924810 (downloaded: 2026-06-08 07:25:23.848054+00:00)
2026-07-31 15:24:58 | INFO | Found latest version of tr87: tr87-cd924810 (downloaded: 2026-06-08 07:25:23.848054+00:00)
2026-07-31 15:24:58 | INFO | Found latest version of tr87: tr87-cd924810 (downloaded: 2026-06-08 07:25:23.848054+00:00)
2026-07-31 15:24:58 | INFO | Found latest version of tr87: tr87-cd924810 (downloaded: 2026-06-08 07:25:23.848054+00:00)
2026-07-31 15:24:58 | INFO | Found latest version of tr87: tr87-cd924810 (downloaded: 2026-06-08 07:25:23.848054+00:00)
2026-07-31 15:24:58 | INFO | Found latest version of tr87: tr87-cd924810 (downloaded: 2026-06-08 07:25:23.848054+00:00)
2026-07-31 15:24:58 | INFO | Found latest version of tr87: tr87-cd924810 (downloaded: 2026-06-08 07:25:23.848054+00:00)
2026-07-31 15:24:58 | INFO | Found latest version of tr87: tr87-cd924810 (downloaded: 2026-06-08 07:25:23.848054+00:00)
2026-07-31 15:24:58 | INFO | Found latest version of tr87: tr87-cd924810 (downloaded: 2026-06-08 07:25:23.848054+00:00)
2026-07-31 15:25:01 | INFO | Found latest version of tr87: tr87-cd924810 (downloaded: 2026-06-08 07:25:23.848054+00:00)
2026-07-31 15:25:01 | INFO | Found latest version of tr87: tr87-cd924810 (downloaded: 2026-06-08 07:25:23.848054+00:00)
2026-07-31 15:25:01 | INFO | Found latest version of tr87: tr87-cd924810 (downloaded: 2026-06-08 07:25:23.848054+00:00)
2026-07-31 15:25:01 | INFO | Found latest version of tr87: tr87-cd924810 (downloaded: 2026-06-08 07:25:23.848054+00:00)
2026-07-31 15:25:01 | INFO | Found latest version of tr87: tr87-cd924810 (downloaded: 2026-06-08 07:25:23.848054+00:00)
2026-07-31 15:25:01 | INFO | Found latest version of tr87: tr87-cd924810 (downloaded: 2026-06-08 07:25:23.848054+00:00)
2026-07-31 15:25:01 | INFO | Found latest version of tr87: tr87-cd924810 (downloaded: 2026-06-08 07:25:23.848054+00:00)
2026-07-31 15:25:01 | INFO | Found latest version of tr87: tr87-cd924810 (downloaded: 2026-06-08 07:25:23.848054+00:00)
2026-07-31 15:25:01 | INFO | Found latest version of tr87: tr87-cd924810 (downloaded: 2026-06-08 07:25:23.848054+00:00)
2026-07-31 15:25:01 | INFO | Found latest version of tr87: tr87-cd924810 (downloaded: 2026-06-08 07:25:23.848054+00:00)
2026-07-31 15:25:01 | INFO | Found latest version of tr87: tr87-cd924810 (downloaded: 2026-06-08 07:25:23.848054+00:00)
2026-07-31 15:25:01 | INFO | Found latest version of tr87: tr87-cd924810 (downloaded: 2026-06-08 07:25:23.848054+00:00)
2026-07-31 15:25:01 | INFO | Found latest version of tr87: tr87-cd924810 (downloaded: 2026-06-08 07:25:23.848054+00:00)
2026-07-31 15:25:01 | INFO | Found latest version of tr87: tr87-cd924810 (downloaded: 2026-06-08 07:25:23.848054+00:00)
2026-07-31 15:25:01 | INFO | Found latest version of tr87: tr87-cd924810 (downloaded: 2026-06-08 07:25:23.848054+00:00)
2026-07-31 15:25:01 | INFO | Found latest version of tr87: tr87-cd924810 (downloaded: 2026-06-08 07:25:23.848054+00:00)
2026-07-31 15:25:01 | INFO | Found latest version of tr87: tr87-cd924810 (downloaded: 2026-06-08 07:25:23.848054+00:00)
2026-07-31 15:25:01 | INFO | Found latest version of tr87: tr87-cd924810 (downloaded: 2026-06-08 07:25:23.848054+00:00)
2026-07-31 15:25:01 | INFO | Found latest version of tr87: tr87-cd924810 (downloaded: 2026-06-08 07:25:23.848054+00:00)
2026-07-31 15:25:01 | INFO | Found latest version of tr87: tr87-cd924810 (downloaded: 2026-06-08 07:25:23.848054+00:00)
2026-07-31 15:25:01 | INFO | Found latest version of tr87: tr87-cd924810 (downloaded: 2026-06-08 07:25:23.848054+00:00)
2026-07-31 15:25:01 | INFO | Found latest version of tr87: tr87-cd924810 (downloaded: 2026-06-08 07:25:23.848054+00:00)
2026-07-31 15:25:01 | INFO | Found latest version of tr87: tr87-cd924810 (downloaded: 2026-06-08 07:25:23.848054+00:00)
2026-07-31 15:25:01 | INFO | Found latest version of tr87: tr87-cd924810 (downloaded: 2026-06-08 07:25:23.848054+00:00)
2026-07-31 15:25:01 | INFO | Found latest version of tr87: tr87-cd924810 (downloaded: 2026-06-08 07:25:23.848054+00:00)
2026-07-31 15:25:01 | INFO | Found latest version of tr87: tr87-cd924810 (downloaded: 2026-06-08 07:25:23.848054+00:00)
2026-07-31 15:25:01 | INFO | Found latest version of tr87: tr87-cd924810 (downloaded: 2026-06-08 07:25:23.848054+00:00)
2026-07-31 15:25:01 | INFO | Found latest version of tr87: tr87-cd924810 (downloaded: 2026-06-08 07:25:23.848054+00:00)
2026-07-31 15:25:01 | INFO | Found latest version of tr87: tr87-cd924810 (downloaded: 2026-06-08 07:25:23.848054+00:00)
2026-07-31 15:25:01 | INFO | Found latest version of tr87: tr87-cd924810 (downloaded: 2026-06-08 07:25:23.848054+00:00)
2026-07-31 15:25:01 | INFO | Found latest version of tr87: tr87-cd924810 (downloaded: 2026-06-08 07:25:23.848054+00:00)
2026-07-31 15:25:01 | INFO | Found latest version of tr87: tr87-cd924810 (downloaded: 2026-06-08 07:25:23.848054+00:00)
2026-07-31 15:25:01 | INFO | Found latest version of tr87: tr87-cd924810 (downloaded: 2026-06-08 07:25:23.848054+00:00)
2026-07-31 15:25:01 | INFO | Found latest version of tr87: tr87-cd924810 (downloaded: 2026-06-08 07:25:23.848054+00:00)
2026-07-31 15:25:01 | INFO | Found latest version of tr87: tr87-cd924810 (downloaded: 2026-06-08 07:25:23.848054+00:00)
2026-07-31 15:25:01 | INFO | Found latest version of tr87: tr87-cd924810 (downloaded: 2026-06-08 07:25:23.848054+00:00)
2026-07-31 15:25:01 | INFO | Found latest version of tr87: tr87-cd924810 (downloaded: 2026-06-08 07:25:23.848054+00:00)
2026-07-31 15:25:01 | INFO | Found latest version of tr87: tr87-cd924810 (downloaded: 2026-06-08 07:25:23.848054+00:00)
2026-07-31 15:25:01 | INFO | Found latest version of tr87: tr87-cd924810 (downloaded: 2026-06-08 07:25:23.848054+00:00)
2026-07-31 15:25:01 | INFO | Found latest version of tr87: tr87-cd924810 (downloaded: 2026-06-08 07:25:23.848054+00:00)
2026-07-31 15:25:01 | INFO | Found latest version of tr87: tr87-cd924810 (downloaded: 2026-06-08 07:25:23.848054+00:00)
2026-07-31 15:25:01 | INFO | Found latest version of tr87: tr87-cd924810 (downloaded: 2026-06-08 07:25:23.848054+00:00)
2026-07-31 15:25:01 | INFO | Found latest version of tr87: tr87-cd924810 (downloaded: 2026-06-08 07:25:23.848054+00:00)
2026-07-31 15:25:01 | INFO | Found latest version of tr87: tr87-cd924810 (downloaded: 2026-06-08 07:25:23.848054+00:00)
2026-07-31 15:25:01 | INFO | Found latest version of tr87: tr87-cd924810 (downloaded: 2026-06-08 07:25:23.848054+00:00)
2026-07-31 15:25:01 | INFO | Found latest version of tr87: tr87-cd924810 (downloaded: 2026-06-08 07:25:23.848054+00:00)
2026-07-31 15:25:01 | INFO | Found latest version of tr87: tr87-cd924810 (downloaded: 2026-06-08 07:25:23.848054+00:00)
2026-07-31 15:25:01 | INFO | Found latest version of tr87: tr87-cd924810 (downloaded: 2026-06-08 07:25:23.848054+00:00)
2026-07-31 15:25:01 | INFO | Found latest version of tr87: tr87-cd924810 (downloaded: 2026-06-08 07:25:23.848054+00:00)
2026-07-31 15:25:01 | INFO | Found latest version of tr87: tr87-cd924810 (downloaded: 2026-06-08 07:25:23.848054+00:00)
2026-07-31 15:25:01 | INFO | Found latest version of tr87: tr87-cd924810 (downloaded: 2026-06-08 07:25:23.848054+00:00)
2026-07-31 15:25:01 | INFO | Found latest version of tr87: tr87-cd924810 (downloaded: 2026-06-08 07:25:23.848054+00:00)
2026-07-31 15:25:01 | INFO | Found latest version of tr87: tr87-cd924810 (downloaded: 2026-06-08 07:25:23.848054+00:00)
2026-07-31 15:25:01 | INFO | Found latest version of tr87: tr87-cd924810 (downloaded: 2026-06-08 07:25:23.848054+00:00)
2026-07-31 15:25:01 | INFO | Found latest version of tr87: tr87-cd924810 (downloaded: 2026-06-08 07:25:23.848054+00:00)
2026-07-31 15:25:01 | INFO | Found latest version of tr87: tr87-cd924810 (downloaded: 2026-06-08 07:25:23.848054+00:00)
2026-07-31 15:25:01 | INFO | Found latest version of tr87: tr87-cd924810 (downloaded: 2026-06-08 07:25:23.848054+00:00)
2026-07-31 15:25:01 | INFO | Found latest version of tr87: tr87-cd924810 (downloaded: 2026-06-08 07:25:23.848054+00:00)
2026-07-31 15:25:01 | INFO | Found latest version of tr87: tr87-cd924810 (downloaded: 2026-06-08 07:25:23.848054+00:00)
2026-07-31 15:25:01 | INFO | Found latest version of tr87: tr87-cd924810 (downloaded: 2026-06-08 07:25:23.848054+00:00)
2026-07-31 15:25:01 | INFO | Found latest version of tr87: tr87-cd924810 (downloaded: 2026-06-08 07:25:23.848054+00:00)
2026-07-31 15:25:01 | INFO | Found latest version of tr87: tr87-cd924810 (downloaded: 2026-06-08 07:25:23.848054+00:00)
2026-07-31 15:25:04 | INFO | Found latest version of tr87: tr87-cd924810 (downloaded: 2026-06-08 07:25:23.848054+00:00)
2026-07-31 15:25:04 | INFO | Found latest version of tr87: tr87-cd924810 (downloaded: 2026-06-08 07:25:23.848054+00:00)
2026-07-31 15:25:04 | INFO | Found latest version of tr87: tr87-cd924810 (downloaded: 2026-06-08 07:25:23.848054+00:00)
2026-07-31 15:25:04 | INFO | Found latest version of tr87: tr87-cd924810 (downloaded: 2026-06-08 07:25:23.848054+00:00)
2026-07-31 15:25:04 | INFO | Found latest version of tr87: tr87-cd924810 (downloaded: 2026-06-08 07:25:23.848054+00:00)
2026-07-31 15:25:04 | INFO | Found latest version of tr87: tr87-cd924810 (downloaded: 2026-06-08 07:25:23.848054+00:00)
2026-07-31 15:25:04 | INFO | Found latest version of tr87: tr87-cd924810 (downloaded: 2026-06-08 07:25:23.848054+00:00)
2026-07-31 15:25:04 | INFO | Found latest version of tr87: tr87-cd924810 (downloaded: 2026-06-08 07:25:23.848054+00:00)
2026-07-31 15:25:04 | INFO | Found latest version of tr87: tr87-cd924810 (downloaded: 2026-06-08 07:25:23.848054+00:00)
2026-07-31 15:25:04 | INFO | Found latest version of tr87: tr87-cd924810 (downloaded: 2026-06-08 07:25:23.848054+00:00)
2026-07-31 15:25:04 | INFO | Found latest version of tr87: tr87-cd924810 (downloaded: 2026-06-08 07:25:23.848054+00:00)
2026-07-31 15:25:04 | INFO | Found latest version of tr87: tr87-cd924810 (downloaded: 2026-06-08 07:25:23.848054+00:00)
2026-07-31 15:25:04 | INFO | Found latest version of tr87: tr87-cd924810 (downloaded: 2026-06-08 07:25:23.848054+00:00)
2026-07-31 15:25:04 | INFO | Found latest version of tr87: tr87-cd924810 (downloaded: 2026-06-08 07:25:23.848054+00:00)
2026-07-31 15:25:04 | INFO | Found latest version of tr87: tr87-cd924810 (downloaded: 2026-06-08 07:25:23.848054+00:00)
2026-07-31 15:25:04 | INFO | Found latest version of tr87: tr87-cd924810 (downloaded: 2026-06-08 07:25:23.848054+00:00)
2026-07-31 15:25:04 | INFO | Found latest version of tr87: tr87-cd924810 (downloaded: 2026-06-08 07:25:23.848054+00:00)
2026-07-31 15:25:04 | INFO | Found latest version of tr87: tr87-cd924810 (downloaded: 2026-06-08 07:25:23.848054+00:00)
2026-07-31 15:25:04 | INFO | Found latest version of tr87: tr87-cd924810 (downloaded: 2026-06-08 07:25:23.848054+00:00)
2026-07-31 15:25:04 | INFO | Found latest version of tr87: tr87-cd924810 (downloaded: 2026-06-08 07:25:23.848054+00:00)
2026-07-31 15:25:04 | INFO | Found latest version of tr87: tr87-cd924810 (downloaded: 2026-06-08 07:25:23.848054+00:00)
2026-07-31 15:25:04 | INFO | Found latest version of tr87: tr87-cd924810 (downloaded: 2026-06-08 07:25:23.848054+00:00)
2026-07-31 15:25:04 | INFO | Found latest version of tr87: tr87-cd924810 (downloaded: 2026-06-08 07:25:23.848054+00:00)
2026-07-31 15:25:04 | INFO | Found latest version of tr87: tr87-cd924810 (downloaded: 2026-06-08 07:25:23.848054+00:00)
2026-07-31 15:25:04 | INFO | Found latest version of tr87: tr87-cd924810 (downloaded: 2026-06-08 07:25:23.848054+00:00)
2026-07-31 15:25:04 | INFO | Found latest version of tr87: tr87-cd924810 (downloaded: 2026-06-08 07:25:23.848054+00:00)
2026-07-31 15:25:04 | INFO | Found latest version of tr87: tr87-cd924810 (downloaded: 2026-06-08 07:25:23.848054+00:00)
2026-07-31 15:25:04 | INFO | Found latest version of tr87: tr87-cd924810 (downloaded: 2026-06-08 07:25:23.848054+00:00)
2026-07-31 15:25:04 | INFO | Found latest version of tr87: tr87-cd924810 (downloaded: 2026-06-08 07:25:23.848054+00:00)
2026-07-31 15:25:04 | INFO | Found latest version of tr87: tr87-cd924810 (downloaded: 2026-06-08 07:25:23.848054+00:00)
2026-07-31 15:25:04 | INFO | Found latest version of tr87: tr87-cd924810 (downloaded: 2026-06-08 07:25:23.848054+00:00)
2026-07-31 15:25:04 | INFO | Found latest version of tr87: tr87-cd924810 (downloaded: 2026-06-08 07:25:23.848054+00:00)
2026-07-31 15:25:04 | INFO | Found latest version of tr87: tr87-cd924810 (downloaded: 2026-06-08 07:25:23.848054+00:00)
2026-07-31 15:25:04 | INFO | Found latest version of tr87: tr87-cd924810 (downloaded: 2026-06-08 07:25:23.848054+00:00)
2026-07-31 15:25:04 | INFO | Found latest version of tr87: tr87-cd924810 (downloaded: 2026-06-08 07:25:23.848054+00:00)
2026-07-31 15:25:04 | INFO | Found latest version of tr87: tr87-cd924810 (downloaded: 2026-06-08 07:25:23.848054+00:00)
2026-07-31 15:25:04 | INFO | Found latest version of tr87: tr87-cd924810 (downloaded: 2026-06-08 07:25:23.848054+00:00)
2026-07-31 15:25:04 | INFO | Found latest version of tr87: tr87-cd924810 (downloaded: 2026-06-08 07:25:23.848054+00:00)
2026-07-31 15:25:04 | INFO | Found latest version of tr87: tr87-cd924810 (downloaded: 2026-06-08 07:25:23.848054+00:00)
2026-07-31 15:25:04 | INFO | Found latest version of tr87: tr87-cd924810 (downloaded: 2026-06-08 07:25:23.848054+00:00)
2026-07-31 15:25:04 | INFO | Found latest version of tr87: tr87-cd924810 (downloaded: 2026-06-08 07:25:23.848054+00:00)
2026-07-31 15:25:04 | INFO | Found latest version of tr87: tr87-cd924810 (downloaded: 2026-06-08 07:25:23.848054+00:00)
2026-07-31 15:25:04 | INFO | Found latest version of tr87: tr87-cd924810 (downloaded: 2026-06-08 07:25:23.848054+00:00)
2026-07-31 15:25:04 | INFO | Found latest version of tr87: tr87-cd924810 (downloaded: 2026-06-08 07:25:23.848054+00:00)
2026-07-31 15:25:04 | INFO | Found latest version of tr87: tr87-cd924810 (downloaded: 2026-06-08 07:25:23.848054+00:00)
2026-07-31 15:25:04 | INFO | Found latest version of tr87: tr87-cd924810 (downloaded: 2026-06-08 07:25:23.848054+00:00)
2026-07-31 15:25:04 | INFO | Found latest version of tr87: tr87-cd924810 (downloaded: 2026-06-08 07:25:23.848054+00:00)
2026-07-31 15:25:04 | INFO | Found latest version of tr87: tr87-cd924810 (downloaded: 2026-06-08 07:25:23.848054+00:00)
2026-07-31 15:25:04 | INFO | Found latest version of tr87: tr87-cd924810 (downloaded: 2026-06-08 07:25:23.848054+00:00)
2026-07-31 15:25:04 | INFO | Found latest version of tr87: tr87-cd924810 (downloaded: 2026-06-08 07:25:23.848054+00:00)
2026-07-31 15:25:04 | INFO | Found latest version of tr87: tr87-cd924810 (downloaded: 2026-06-08 07:25:23.848054+00:00)
2026-07-31 15:25:04 | INFO | Found latest version of tr87: tr87-cd924810 (downloaded: 2026-06-08 07:25:23.848054+00:00)
2026-07-31 15:25:04 | INFO | Found latest version of tr87: tr87-cd924810 (downloaded: 2026-06-08 07:25:23.848054+00:00)
2026-07-31 15:25:04 | INFO | Found latest version of tr87: tr87-cd924810 (downloaded: 2026-06-08 07:25:23.848054+00:00)
2026-07-31 15:25:04 | INFO | Found latest version of tr87: tr87-cd924810 (downloaded: 2026-06-08 07:25:23.848054+00:00)
2026-07-31 15:25:04 | INFO | Found latest version of tr87: tr87-cd924810 (downloaded: 2026-06-08 07:25:23.848054+00:00)
2026-07-31 15:25:04 | INFO | Found latest version of tr87: tr87-cd924810 (downloaded: 2026-06-08 07:25:23.848054+00:00)
2026-07-31 15:25:04 | INFO | Found latest version of tr87: tr87-cd924810 (downloaded: 2026-06-08 07:25:23.848054+00:00)
2026-07-31 15:25:04 | INFO | Found latest version of tr87: tr87-cd924810 (downloaded: 2026-06-08 07:25:23.848054+00:00)
2026-07-31 15:25:04 | INFO | Found latest version of tr87: tr87-cd924810 (downloaded: 2026-06-08 07:25:23.848054+00:00)
2026-07-31 15:25:04 | INFO | Found latest version of tr87: tr87-cd924810 (downloaded: 2026-06-08 07:25:23.848054+00:00)
2026-07-31 15:25:04 | INFO | Found latest version of tr87: tr87-cd924810 (downloaded: 2026-06-08 07:25:23.848054+00:00)
2026-07-31 15:25:04 | INFO | Found latest version of tr87: tr87-cd924810 (downloaded: 2026-06-08 07:25:23.848054+00:00)
2026-07-31 15:25:07 | INFO | Found latest version of tr87: tr87-cd924810 (downloaded: 2026-06-08 07:25:23.848054+00:00)
2026-07-31 15:25:07 | INFO | Found latest version of tr87: tr87-cd924810 (downloaded: 2026-06-08 07:25:23.848054+00:00)
2026-07-31 15:25:07 | INFO | Found latest version of tr87: tr87-cd924810 (downloaded: 2026-06-08 07:25:23.848054+00:00)
2026-07-31 15:25:07 | INFO | Found latest version of tr87: tr87-cd924810 (downloaded: 2026-06-08 07:25:23.848054+00:00)
2026-07-31 15:25:07 | INFO | Found latest version of tr87: tr87-cd924810 (downloaded: 2026-06-08 07:25:23.848054+00:00)
2026-07-31 15:25:07 | INFO | Found latest version of tr87: tr87-cd924810 (downloaded: 2026-06-08 07:25:23.848054+00:00)
2026-07-31 15:25:07 | INFO | Found latest version of tr87: tr87-cd924810 (downloaded: 2026-06-08 07:25:23.848054+00:00)
2026-07-31 15:25:07 | INFO | Found latest version of tr87: tr87-cd924810 (downloaded: 2026-06-08 07:25:23.848054+00:00)
2026-07-31 15:25:07 | INFO | Found latest version of tr87: tr87-cd924810 (downloaded: 2026-06-08 07:25:23.848054+00:00)
2026-07-31 15:25:07 | INFO | Found latest version of tr87: tr87-cd924810 (downloaded: 2026-06-08 07:25:23.848054+00:00)
2026-07-31 15:25:07 | INFO | Found latest version of tr87: tr87-cd924810 (downloaded: 2026-06-08 07:25:23.848054+00:00)
2026-07-31 15:25:07 | INFO | Found latest version of tr87: tr87-cd924810 (downloaded: 2026-06-08 07:25:23.848054+00:00)
2026-07-31 15:25:07 | INFO | Found latest version of tr87: tr87-cd924810 (downloaded: 2026-06-08 07:25:23.848054+00:00)
2026-07-31 15:25:07 | INFO | Found latest version of tr87: tr87-cd924810 (downloaded: 2026-06-08 07:25:23.848054+00:00)
2026-07-31 15:25:07 | INFO | Found latest version of tr87: tr87-cd924810 (downloaded: 2026-06-08 07:25:23.848054+00:00)
2026-07-31 15:25:07 | INFO | Found latest version of tr87: tr87-cd924810 (downloaded: 2026-06-08 07:25:23.848054+00:00)
2026-07-31 15:25:07 | INFO | Found latest version of tr87: tr87-cd924810 (downloaded: 2026-06-08 07:25:23.848054+00:00)
2026-07-31 15:25:07 | INFO | Found latest version of tr87: tr87-cd924810 (downloaded: 2026-06-08 07:25:23.848054+00:00)
2026-07-31 15:25:07 | INFO | Found latest version of tr87: tr87-cd924810 (downloaded: 2026-06-08 07:25:23.848054+00:00)
2026-07-31 15:25:07 | INFO | Found latest version of tr87: tr87-cd924810 (downloaded: 2026-06-08 07:25:23.848054+00:00)
2026-07-31 15:25:07 | INFO | Found latest version of tr87: tr87-cd924810 (downloaded: 2026-06-08 07:25:23.848054+00:00)
2026-07-31 15:25:07 | INFO | Found latest version of tr87: tr87-cd924810 (downloaded: 2026-06-08 07:25:23.848054+00:00)
2026-07-31 15:25:07 | INFO | Found latest version of tr87: tr87-cd924810 (downloaded: 2026-06-08 07:25:23.848054+00:00)
2026-07-31 15:25:07 | INFO | Found latest version of tr87: tr87-cd924810 (downloaded: 2026-06-08 07:25:23.848054+00:00)
2026-07-31 15:25:07 | INFO | Found latest version of tr87: tr87-cd924810 (downloaded: 2026-06-08 07:25:23.848054+00:00)
2026-07-31 15:25:07 | INFO | Found latest version of tr87: tr87-cd924810 (downloaded: 2026-06-08 07:25:23.848054+00:00)
2026-07-31 15:25:07 | INFO | Found latest version of tr87: tr87-cd924810 (downloaded: 2026-06-08 07:25:23.848054+00:00)
2026-07-31 15:25:07 | INFO | Found latest version of tr87: tr87-cd924810 (downloaded: 2026-06-08 07:25:23.848054+00:00)
2026-07-31 15:25:07 | INFO | Found latest version of tr87: tr87-cd924810 (downloaded: 2026-06-08 07:25:23.848054+00:00)
2026-07-31 15:25:07 | INFO | Found latest version of tr87: tr87-cd924810 (downloaded: 2026-06-08 07:25:23.848054+00:00)
2026-07-31 15:25:07 | INFO | Found latest version of tr87: tr87-cd924810 (downloaded: 2026-06-08 07:25:23.848054+00:00)
2026-07-31 15:25:07 | INFO | Found latest version of tr87: tr87-cd924810 (downloaded: 2026-06-08 07:25:23.848054+00:00)
2026-07-31 15:25:07 | INFO | Found latest version of tr87: tr87-cd924810 (downloaded: 2026-06-08 07:25:23.848054+00:00)
2026-07-31 15:25:07 | INFO | Found latest version of tr87: tr87-cd924810 (downloaded: 2026-06-08 07:25:23.848054+00:00)
2026-07-31 15:25:07 | INFO | Found latest version of tr87: tr87-cd924810 (downloaded: 2026-06-08 07:25:23.848054+00:00)
2026-07-31 15:25:07 | INFO | Found latest version of tr87: tr87-cd924810 (downloaded: 2026-06-08 07:25:23.848054+00:00)
2026-07-31 15:25:07 | INFO | Found latest version of tr87: tr87-cd924810 (downloaded: 2026-06-08 07:25:23.848054+00:00)
2026-07-31 15:25:07 | INFO | Found latest version of tr87: tr87-cd924810 (downloaded: 2026-06-08 07:25:23.848054+00:00)
2026-07-31 15:25:07 | INFO | Found latest version of tr87: tr87-cd924810 (downloaded: 2026-06-08 07:25:23.848054+00:00)
2026-07-31 15:25:07 | INFO | Found latest version of tr87: tr87-cd924810 (downloaded: 2026-06-08 07:25:23.848054+00:00)
2026-07-31 15:25:07 | INFO | Found latest version of tr87: tr87-cd924810 (downloaded: 2026-06-08 07:25:23.848054+00:00)
2026-07-31 15:25:07 | INFO | Found latest version of tr87: tr87-cd924810 (downloaded: 2026-06-08 07:25:23.848054+00:00)
2026-07-31 15:25:07 | INFO | Found latest version of tr87: tr87-cd924810 (downloaded: 2026-06-08 07:25:23.848054+00:00)
2026-07-31 15:25:07 | INFO | Found latest version of tr87: tr87-cd924810 (downloaded: 2026-06-08 07:25:23.848054+00:00)
2026-07-31 15:25:07 | INFO | Found latest version of tr87: tr87-cd924810 (downloaded: 2026-06-08 07:25:23.848054+00:00)
2026-07-31 15:25:07 | INFO | Found latest version of tr87: tr87-cd924810 (downloaded: 2026-06-08 07:25:23.848054+00:00)
2026-07-31 15:25:07 | INFO | Found latest version of tr87: tr87-cd924810 (downloaded: 2026-06-08 07:25:23.848054+00:00)
2026-07-31 15:25:07 | INFO | Found latest version of tr87: tr87-cd924810 (downloaded: 2026-06-08 07:25:23.848054+00:00)
2026-07-31 15:25:07 | INFO | Found latest version of tr87: tr87-cd924810 (downloaded: 2026-06-08 07:25:23.848054+00:00)
2026-07-31 15:25:07 | INFO | Found latest version of tr87: tr87-cd924810 (downloaded: 2026-06-08 07:25:23.848054+00:00)
2026-07-31 15:25:07 | INFO | Found latest version of tr87: tr87-cd924810 (downloaded: 2026-06-08 07:25:23.848054+00:00)
2026-07-31 15:25:07 | INFO | Found latest version of tr87: tr87-cd924810 (downloaded: 2026-06-08 07:25:23.848054+00:00)
2026-07-31 15:25:07 | INFO | Found latest version of tr87: tr87-cd924810 (downloaded: 2026-06-08 07:25:23.848054+00:00)
2026-07-31 15:25:07 | INFO | Found latest version of tr87: tr87-cd924810 (downloaded: 2026-06-08 07:25:23.848054+00:00)
2026-07-31 15:25:07 | INFO | Found latest version of tr87: tr87-cd924810 (downloaded: 2026-06-08 07:25:23.848054+00:00)
2026-07-31 15:25:07 | INFO | Found latest version of tr87: tr87-cd924810 (downloaded: 2026-06-08 07:25:23.848054+00:00)
2026-07-31 15:25:07 | INFO | Found latest version of tr87: tr87-cd924810 (downloaded: 2026-06-08 07:25:23.848054+00:00)
2026-07-31 15:25:07 | INFO | Found latest version of tr87: tr87-cd924810 (downloaded: 2026-06-08 07:25:23.848054+00:00)
2026-07-31 15:25:07 | INFO | Found latest version of tr87: tr87-cd924810 (downloaded: 2026-06-08 07:25:23.848054+00:00)
2026-07-31 15:25:07 | INFO | Found latest version of tr87: tr87-cd924810 (downloaded: 2026-06-08 07:25:23.848054+00:00)
2026-07-31 15:25:07 | INFO | Found latest version of tr87: tr87-cd924810 (downloaded: 2026-06-08 07:25:23.848054+00:00)
2026-07-31 15:25:07 | INFO | Found latest version of tr87: tr87-cd924810 (downloaded: 2026-06-08 07:25:23.848054+00:00)
2026-07-31 15:25:10 | INFO | Found latest version of tr87: tr87-cd924810 (downloaded: 2026-06-08 07:25:23.848054+00:00)
2026-07-31 15:25:10 | INFO | Found latest version of tr87: tr87-cd924810 (downloaded: 2026-06-08 07:25:23.848054+00:00)
2026-07-31 15:25:10 | INFO | Found latest version of tr87: tr87-cd924810 (downloaded: 2026-06-08 07:25:23.848054+00:00)
2026-07-31 15:25:10 | INFO | Found latest version of tr87: tr87-cd924810 (downloaded: 2026-06-08 07:25:23.848054+00:00)
2026-07-31 15:25:10 | INFO | Found latest version of tr87: tr87-cd924810 (downloaded: 2026-06-08 07:25:23.848054+00:00)
2026-07-31 15:25:10 | INFO | Found latest version of tr87: tr87-cd924810 (downloaded: 2026-06-08 07:25:23.848054+00:00)
2026-07-31 15:25:10 | INFO | Found latest version of tr87: tr87-cd924810 (downloaded: 2026-06-08 07:25:23.848054+00:00)
2026-07-31 15:25:10 | INFO | Found latest version of tr87: tr87-cd924810 (downloaded: 2026-06-08 07:25:23.848054+00:00)
2026-07-31 15:25:10 | INFO | Found latest version of tr87: tr87-cd924810 (downloaded: 2026-06-08 07:25:23.848054+00:00)
2026-07-31 15:25:10 | INFO | Found latest version of tr87: tr87-cd924810 (downloaded: 2026-06-08 07:25:23.848054+00:00)
2026-07-31 15:25:10 | INFO | Found latest version of tr87: tr87-cd924810 (downloaded: 2026-06-08 07:25:23.848054+00:00)
2026-07-31 15:25:10 | INFO | Found latest version of tr87: tr87-cd924810 (downloaded: 2026-06-08 07:25:23.848054+00:00)
2026-07-31 15:25:10 | INFO | Found latest version of tr87: tr87-cd924810 (downloaded: 2026-06-08 07:25:23.848054+00:00)
2026-07-31 15:25:10 | INFO | Found latest version of tr87: tr87-cd924810 (downloaded: 2026-06-08 07:25:23.848054+00:00)
2026-07-31 15:25:10 | INFO | Found latest version of tr87: tr87-cd924810 (downloaded: 2026-06-08 07:25:23.848054+00:00)
2026-07-31 15:25:10 | INFO | Found latest version of tr87: tr87-cd924810 (downloaded: 2026-06-08 07:25:23.848054+00:00)
2026-07-31 15:25:10 | INFO | Found latest version of tr87: tr87-cd924810 (downloaded: 2026-06-08 07:25:23.848054+00:00)
2026-07-31 15:25:10 | INFO | Found latest version of tr87: tr87-cd924810 (downloaded: 2026-06-08 07:25:23.848054+00:00)
2026-07-31 15:25:10 | INFO | Found latest version of tr87: tr87-cd924810 (downloaded: 2026-06-08 07:25:23.848054+00:00)
2026-07-31 15:25:10 | INFO | Found latest version of tr87: tr87-cd924810 (downloaded: 2026-06-08 07:25:23.848054+00:00)
2026-07-31 15:25:10 | INFO | Found latest version of tr87: tr87-cd924810 (downloaded: 2026-06-08 07:25:23.848054+00:00)
2026-07-31 15:25:10 | INFO | Found latest version of tr87: tr87-cd924810 (downloaded: 2026-06-08 07:25:23.848054+00:00)
2026-07-31 15:25:10 | INFO | Found latest version of tr87: tr87-cd924810 (downloaded: 2026-06-08 07:25:23.848054+00:00)
2026-07-31 15:25:10 | INFO | Found latest version of tr87: tr87-cd924810 (downloaded: 2026-06-08 07:25:23.848054+00:00)
2026-07-31 15:25:10 | INFO | Found latest version of tr87: tr87-cd924810 (downloaded: 2026-06-08 07:25:23.848054+00:00)
2026-07-31 15:25:10 | INFO | Found latest version of tr87: tr87-cd924810 (downloaded: 2026-06-08 07:25:23.848054+00:00)
2026-07-31 15:25:10 | INFO | Found latest version of tr87: tr87-cd924810 (downloaded: 2026-06-08 07:25:23.848054+00:00)
2026-07-31 15:25:10 | INFO | Found latest version of tr87: tr87-cd924810 (downloaded: 2026-06-08 07:25:23.848054+00:00)
2026-07-31 15:25:10 | INFO | Found latest version of tr87: tr87-cd924810 (downloaded: 2026-06-08 07:25:23.848054+00:00)
2026-07-31 15:25:10 | INFO | Found latest version of tr87: tr87-cd924810 (downloaded: 2026-06-08 07:25:23.848054+00:00)
2026-07-31 15:25:10 | INFO | Found latest version of tr87: tr87-cd924810 (downloaded: 2026-06-08 07:25:23.848054+00:00)
2026-07-31 15:25:10 | INFO | Found latest version of tr87: tr87-cd924810 (downloaded: 2026-06-08 07:25:23.848054+00:00)
2026-07-31 15:25:10 | INFO | Found latest version of tr87: tr87-cd924810 (downloaded: 2026-06-08 07:25:23.848054+00:00)
2026-07-31 15:25:10 | INFO | Found latest version of tr87: tr87-cd924810 (downloaded: 2026-06-08 07:25:23.848054+00:00)
2026-07-31 15:25:10 | INFO | Found latest version of tr87: tr87-cd924810 (downloaded: 2026-06-08 07:25:23.848054+00:00)
2026-07-31 15:25:10 | INFO | Found latest version of tr87: tr87-cd924810 (downloaded: 2026-06-08 07:25:23.848054+00:00)
2026-07-31 15:25:10 | INFO | Found latest version of tr87: tr87-cd924810 (downloaded: 2026-06-08 07:25:23.848054+00:00)
2026-07-31 15:25:10 | INFO | Found latest version of tr87: tr87-cd924810 (downloaded: 2026-06-08 07:25:23.848054+00:00)
2026-07-31 15:25:10 | INFO | Found latest version of tr87: tr87-cd924810 (downloaded: 2026-06-08 07:25:23.848054+00:00)
2026-07-31 15:25:10 | INFO | Found latest version of tr87: tr87-cd924810 (downloaded: 2026-06-08 07:25:23.848054+00:00)
2026-07-31 15:25:10 | INFO | Found latest version of tr87: tr87-cd924810 (downloaded: 2026-06-08 07:25:23.848054+00:00)
2026-07-31 15:25:10 | INFO | Found latest version of tr87: tr87-cd924810 (downloaded: 2026-06-08 07:25:23.848054+00:00)
2026-07-31 15:25:10 | INFO | Found latest version of tr87: tr87-cd924810 (downloaded: 2026-06-08 07:25:23.848054+00:00)
2026-07-31 15:25:10 | INFO | Found latest version of tr87: tr87-cd924810 (downloaded: 2026-06-08 07:25:23.848054+00:00)
2026-07-31 15:25:10 | INFO | Found latest version of tr87: tr87-cd924810 (downloaded: 2026-06-08 07:25:23.848054+00:00)
2026-07-31 15:25:10 | INFO | Found latest version of tr87: tr87-cd924810 (downloaded: 2026-06-08 07:25:23.848054+00:00)
2026-07-31 15:25:10 | INFO | Found latest version of tr87: tr87-cd924810 (downloaded: 2026-06-08 07:25:23.848054+00:00)
2026-07-31 15:25:10 | INFO | Found latest version of tr87: tr87-cd924810 (downloaded: 2026-06-08 07:25:23.848054+00:00)
2026-07-31 15:25:10 | INFO | Found latest version of tr87: tr87-cd924810 (downloaded: 2026-06-08 07:25:23.848054+00:00)
2026-07-31 15:25:10 | INFO | Found latest version of tr87: tr87-cd924810 (downloaded: 2026-06-08 07:25:23.848054+00:00)
2026-07-31 15:25:10 | INFO | Found latest version of tr87: tr87-cd924810 (downloaded: 2026-06-08 07:25:23.848054+00:00)
2026-07-31 15:25:10 | INFO | Found latest version of tr87: tr87-cd924810 (downloaded: 2026-06-08 07:25:23.848054+00:00)
2026-07-31 15:25:10 | INFO | Found latest version of tr87: tr87-cd924810 (downloaded: 2026-06-08 07:25:23.848054+00:00)
2026-07-31 15:25:10 | INFO | Found latest version of tr87: tr87-cd924810 (downloaded: 2026-06-08 07:25:23.848054+00:00)
2026-07-31 15:25:10 | INFO | Found latest version of tr87: tr87-cd924810 (downloaded: 2026-06-08 07:25:23.848054+00:00)
2026-07-31 15:25:10 | INFO | Found latest version of tr87: tr87-cd924810 (downloaded: 2026-06-08 07:25:23.848054+00:00)
2026-07-31 15:25:10 | INFO | Found latest version of tr87: tr87-cd924810 (downloaded: 2026-06-08 07:25:23.848054+00:00)
2026-07-31 15:25:10 | INFO | Found latest version of tr87: tr87-cd924810 (downloaded: 2026-06-08 07:25:23.848054+00:00)
2026-07-31 15:25:10 | INFO | Found latest version of tr87: tr87-cd924810 (downloaded: 2026-06-08 07:25:23.848054+00:00)
2026-07-31 15:25:10 | INFO | Found latest version of tr87: tr87-cd924810 (downloaded: 2026-06-08 07:25:23.848054+00:00)
2026-07-31 15:25:10 | INFO | Found latest version of tr87: tr87-cd924810 (downloaded: 2026-06-08 07:25:23.848054+00:00)
2026-07-31 15:25:10 | INFO | Found latest version of tr87: tr87-cd924810 (downloaded: 2026-06-08 07:25:23.848054+00:00)
2026-07-31 15:25:10 | INFO | Found latest version of tr87: tr87-cd924810 (downloaded: 2026-06-08 07:25:23.848054+00:00)
2026-07-31 15:25:13 | INFO | Found latest version of tr87: tr87-cd924810 (downloaded: 2026-06-08 07:25:23.848054+00:00)
2026-07-31 15:25:13 | INFO | Found latest version of tr87: tr87-cd924810 (downloaded: 2026-06-08 07:25:23.848054+00:00)
2026-07-31 15:25:13 | INFO | Found latest version of tr87: tr87-cd924810 (downloaded: 2026-06-08 07:25:23.848054+00:00)
2026-07-31 15:25:13 | INFO | Found latest version of tr87: tr87-cd924810 (downloaded: 2026-06-08 07:25:23.848054+00:00)
2026-07-31 15:25:13 | INFO | Found latest version of tr87: tr87-cd924810 (downloaded: 2026-06-08 07:25:23.848054+00:00)
2026-07-31 15:25:13 | INFO | Found latest version of tr87: tr87-cd924810 (downloaded: 2026-06-08 07:25:23.848054+00:00)
2026-07-31 15:25:13 | INFO | Found latest version of tr87: tr87-cd924810 (downloaded: 2026-06-08 07:25:23.848054+00:00)
2026-07-31 15:25:13 | INFO | Found latest version of tr87: tr87-cd924810 (downloaded: 2026-06-08 07:25:23.848054+00:00)
2026-07-31 15:25:13 | INFO | Found latest version of tr87: tr87-cd924810 (downloaded: 2026-06-08 07:25:23.848054+00:00)
2026-07-31 15:25:13 | INFO | Found latest version of tr87: tr87-cd924810 (downloaded: 2026-06-08 07:25:23.848054+00:00)
2026-07-31 15:25:13 | INFO | Found latest version of tr87: tr87-cd924810 (downloaded: 2026-06-08 07:25:23.848054+00:00)
2026-07-31 15:25:13 | INFO | Found latest version of tr87: tr87-cd924810 (downloaded: 2026-06-08 07:25:23.848054+00:00)
2026-07-31 15:25:13 | INFO | Found latest version of tr87: tr87-cd924810 (downloaded: 2026-06-08 07:25:23.848054+00:00)
2026-07-31 15:25:13 | INFO | Found latest version of tr87: tr87-cd924810 (downloaded: 2026-06-08 07:25:23.848054+00:00)
2026-07-31 15:25:13 | INFO | Found latest version of tr87: tr87-cd924810 (downloaded: 2026-06-08 07:25:23.848054+00:00)
2026-07-31 15:25:13 | INFO | Found latest version of tr87: tr87-cd924810 (downloaded: 2026-06-08 07:25:23.848054+00:00)
2026-07-31 15:25:13 | INFO | Found latest version of tr87: tr87-cd924810 (downloaded: 2026-06-08 07:25:23.848054+00:00)
2026-07-31 15:25:13 | INFO | Found latest version of tr87: tr87-cd924810 (downloaded: 2026-06-08 07:25:23.848054+00:00)
2026-07-31 15:25:13 | INFO | Found latest version of tr87: tr87-cd924810 (downloaded: 2026-06-08 07:25:23.848054+00:00)
2026-07-31 15:25:13 | INFO | Found latest version of tr87: tr87-cd924810 (downloaded: 2026-06-08 07:25:23.848054+00:00)
2026-07-31 15:25:13 | INFO | Found latest version of tr87: tr87-cd924810 (downloaded: 2026-06-08 07:25:23.848054+00:00)
2026-07-31 15:25:13 | INFO | Found latest version of tr87: tr87-cd924810 (downloaded: 2026-06-08 07:25:23.848054+00:00)
2026-07-31 15:25:13 | INFO | Found latest version of tr87: tr87-cd924810 (downloaded: 2026-06-08 07:25:23.848054+00:00)
2026-07-31 15:25:13 | INFO | Found latest version of tr87: tr87-cd924810 (downloaded: 2026-06-08 07:25:23.848054+00:00)
2026-07-31 15:25:13 | INFO | Found latest version of tr87: tr87-cd924810 (downloaded: 2026-06-08 07:25:23.848054+00:00)
2026-07-31 15:25:13 | INFO | Found latest version of tr87: tr87-cd924810 (downloaded: 2026-06-08 07:25:23.848054+00:00)
2026-07-31 15:25:13 | INFO | Found latest version of tr87: tr87-cd924810 (downloaded: 2026-06-08 07:25:23.848054+00:00)
2026-07-31 15:25:13 | INFO | Found latest version of tr87: tr87-cd924810 (downloaded: 2026-06-08 07:25:23.848054+00:00)
2026-07-31 15:25:13 | INFO | Found latest version of tr87: tr87-cd924810 (downloaded: 2026-06-08 07:25:23.848054+00:00)
2026-07-31 15:25:13 | INFO | Found latest version of tr87: tr87-cd924810 (downloaded: 2026-06-08 07:25:23.848054+00:00)
2026-07-31 15:25:13 | INFO | Found latest version of tr87: tr87-cd924810 (downloaded: 2026-06-08 07:25:23.848054+00:00)
2026-07-31 15:25:13 | INFO | Found latest version of tr87: tr87-cd924810 (downloaded: 2026-06-08 07:25:23.848054+00:00)
2026-07-31 15:25:13 | INFO | Found latest version of tr87: tr87-cd924810 (downloaded: 2026-06-08 07:25:23.848054+00:00)
2026-07-31 15:25:13 | INFO | Found latest version of tr87: tr87-cd924810 (downloaded: 2026-06-08 07:25:23.848054+00:00)
2026-07-31 15:25:13 | INFO | Found latest version of tr87: tr87-cd924810 (downloaded: 2026-06-08 07:25:23.848054+00:00)
2026-07-31 15:25:13 | INFO | Found latest version of tr87: tr87-cd924810 (downloaded: 2026-06-08 07:25:23.848054+00:00)
2026-07-31 15:25:13 | INFO | Found latest version of tr87: tr87-cd924810 (downloaded: 2026-06-08 07:25:23.848054+00:00)
2026-07-31 15:25:13 | INFO | Found latest version of tr87: tr87-cd924810 (downloaded: 2026-06-08 07:25:23.848054+00:00)
2026-07-31 15:25:13 | INFO | Found latest version of tr87: tr87-cd924810 (downloaded: 2026-06-08 07:25:23.848054+00:00)
2026-07-31 15:25:13 | INFO | Found latest version of tr87: tr87-cd924810 (downloaded: 2026-06-08 07:25:23.848054+00:00)
2026-07-31 15:25:13 | INFO | Found latest version of tr87: tr87-cd924810 (downloaded: 2026-06-08 07:25:23.848054+00:00)
2026-07-31 15:25:13 | INFO | Found latest version of tr87: tr87-cd924810 (downloaded: 2026-06-08 07:25:23.848054+00:00)
2026-07-31 15:25:13 | INFO | Found latest version of tr87: tr87-cd924810 (downloaded: 2026-06-08 07:25:23.848054+00:00)
2026-07-31 15:25:13 | INFO | Found latest version of tr87: tr87-cd924810 (downloaded: 2026-06-08 07:25:23.848054+00:00)
2026-07-31 15:25:13 | INFO | Found latest version of tr87: tr87-cd924810 (downloaded: 2026-06-08 07:25:23.848054+00:00)
2026-07-31 15:25:13 | INFO | Found latest version of tr87: tr87-cd924810 (downloaded: 2026-06-08 07:25:23.848054+00:00)
2026-07-31 15:25:13 | INFO | Found latest version of tr87: tr87-cd924810 (downloaded: 2026-06-08 07:25:23.848054+00:00)
2026-07-31 15:25:13 | INFO | Found latest version of tr87: tr87-cd924810 (downloaded: 2026-06-08 07:25:23.848054+00:00)
2026-07-31 15:25:13 | INFO | Found latest version of tr87: tr87-cd924810 (downloaded: 2026-06-08 07:25:23.848054+00:00)
2026-07-31 15:25:13 | INFO | Found latest version of tr87: tr87-cd924810 (downloaded: 2026-06-08 07:25:23.848054+00:00)
2026-07-31 15:25:14 | INFO | Found latest version of tr87: tr87-cd924810 (downloaded: 2026-06-08 07:25:23.848054+00:00)
2026-07-31 15:25:14 | INFO | Found latest version of tr87: tr87-cd924810 (downloaded: 2026-06-08 07:25:23.848054+00:00)
2026-07-31 15:25:14 | INFO | Found latest version of tr87: tr87-cd924810 (downloaded: 2026-06-08 07:25:23.848054+00:00)
2026-07-31 15:25:14 | INFO | Found latest version of tr87: tr87-cd924810 (downloaded: 2026-06-08 07:25:23.848054+00:00)
2026-07-31 15:25:14 | INFO | Found latest version of tr87: tr87-cd924810 (downloaded: 2026-06-08 07:25:23.848054+00:00)
2026-07-31 15:25:14 | INFO | Found latest version of tr87: tr87-cd924810 (downloaded: 2026-06-08 07:25:23.848054+00:00)
2026-07-31 15:25:14 | INFO | Found latest version of tr87: tr87-cd924810 (downloaded: 2026-06-08 07:25:23.848054+00:00)
2026-07-31 15:25:14 | INFO | Found latest version of tr87: tr87-cd924810 (downloaded: 2026-06-08 07:25:23.848054+00:00)
2026-07-31 15:25:14 | INFO | Found latest version of tr87: tr87-cd924810 (downloaded: 2026-06-08 07:25:23.848054+00:00)
2026-07-31 15:25:14 | INFO | Found latest version of tr87: tr87-cd924810 (downloaded: 2026-06-08 07:25:23.848054+00:00)
2026-07-31 15:25:14 | INFO | Found latest version of tr87: tr87-cd924810 (downloaded: 2026-06-08 07:25:23.848054+00:00)
2026-07-31 15:25:14 | INFO | Found latest version of tr87: tr87-cd924810 (downloaded: 2026-06-08 07:25:23.848054+00:00)
2026-07-31 15:25:16 | INFO | Found latest version of tr87: tr87-cd924810 (downloaded: 2026-06-08 07:25:23.848054+00:00)
2026-07-31 15:25:16 | INFO | Found latest version of tr87: tr87-cd924810 (downloaded: 2026-06-08 07:25:23.848054+00:00)
2026-07-31 15:25:16 | INFO | Found latest version of tr87: tr87-cd924810 (downloaded: 2026-06-08 07:25:23.848054+00:00)
2026-07-31 15:25:16 | INFO | Found latest version of tr87: tr87-cd924810 (downloaded: 2026-06-08 07:25:23.848054+00:00)
2026-07-31 15:25:16 | INFO | Found latest version of tr87: tr87-cd924810 (downloaded: 2026-06-08 07:25:23.848054+00:00)
2026-07-31 15:25:16 | INFO | Found latest version of tr87: tr87-cd924810 (downloaded: 2026-06-08 07:25:23.848054+00:00)
2026-07-31 15:25:16 | INFO | Found latest version of tr87: tr87-cd924810 (downloaded: 2026-06-08 07:25:23.848054+00:00)
2026-07-31 15:25:16 | INFO | Found latest version of tr87: tr87-cd924810 (downloaded: 2026-06-08 07:25:23.848054+00:00)
2026-07-31 15:25:16 | INFO | Found latest version of tr87: tr87-cd924810 (downloaded: 2026-06-08 07:25:23.848054+00:00)
2026-07-31 15:25:16 | INFO | Found latest version of tr87: tr87-cd924810 (downloaded: 2026-06-08 07:25:23.848054+00:00)
2026-07-31 15:25:16 | INFO | Found latest version of tr87: tr87-cd924810 (downloaded: 2026-06-08 07:25:23.848054+00:00)
2026-07-31 15:25:16 | INFO | Found latest version of tr87: tr87-cd924810 (downloaded: 2026-06-08 07:25:23.848054+00:00)
2026-07-31 15:25:16 | INFO | Found latest version of tr87: tr87-cd924810 (downloaded: 2026-06-08 07:25:23.848054+00:00)
2026-07-31 15:25:16 | INFO | Found latest version of tr87: tr87-cd924810 (downloaded: 2026-06-08 07:25:23.848054+00:00)
2026-07-31 15:25:16 | INFO | Found latest version of tr87: tr87-cd924810 (downloaded: 2026-06-08 07:25:23.848054+00:00)
2026-07-31 15:25:16 | INFO | Found latest version of tr87: tr87-cd924810 (downloaded: 2026-06-08 07:25:23.848054+00:00)
2026-07-31 15:25:16 | INFO | Found latest version of tr87: tr87-cd924810 (downloaded: 2026-06-08 07:25:23.848054+00:00)
2026-07-31 15:25:16 | INFO | Found latest version of tr87: tr87-cd924810 (downloaded: 2026-06-08 07:25:23.848054+00:00)
2026-07-31 15:25:16 | INFO | Found latest version of tr87: tr87-cd924810 (downloaded: 2026-06-08 07:25:23.848054+00:00)
2026-07-31 15:25:16 | INFO | Found latest version of tr87: tr87-cd924810 (downloaded: 2026-06-08 07:25:23.848054+00:00)
2026-07-31 15:25:16 | INFO | Found latest version of tr87: tr87-cd924810 (downloaded: 2026-06-08 07:25:23.848054+00:00)
2026-07-31 15:25:16 | INFO | Found latest version of tr87: tr87-cd924810 (downloaded: 2026-06-08 07:25:23.848054+00:00)
2026-07-31 15:25:16 | INFO | Found latest version of tr87: tr87-cd924810 (downloaded: 2026-06-08 07:25:23.848054+00:00)
2026-07-31 15:25:16 | INFO | Found latest version of tr87: tr87-cd924810 (downloaded: 2026-06-08 07:25:23.848054+00:00)
2026-07-31 15:25:16 | INFO | Found latest version of tr87: tr87-cd924810 (downloaded: 2026-06-08 07:25:23.848054+00:00)
2026-07-31 15:25:16 | INFO | Found latest version of tr87: tr87-cd924810 (downloaded: 2026-06-08 07:25:23.848054+00:00)
2026-07-31 15:25:16 | INFO | Found latest version of tr87: tr87-cd924810 (downloaded: 2026-06-08 07:25:23.848054+00:00)
2026-07-31 15:25:16 | INFO | Found latest version of tr87: tr87-cd924810 (downloaded: 2026-06-08 07:25:23.848054+00:00)
2026-07-31 15:25:16 | INFO | Found latest version of tr87: tr87-cd924810 (downloaded: 2026-06-08 07:25:23.848054+00:00)
2026-07-31 15:25:16 | INFO | Found latest version of tr87: tr87-cd924810 (downloaded: 2026-06-08 07:25:23.848054+00:00)
2026-07-31 15:25:16 | INFO | Found latest version of tr87: tr87-cd924810 (downloaded: 2026-06-08 07:25:23.848054+00:00)
2026-07-31 15:25:17 | INFO | Found latest version of tr87: tr87-cd924810 (downloaded: 2026-06-08 07:25:23.848054+00:00)
2026-07-31 15:25:17 | INFO | Found latest version of tr87: tr87-cd924810 (downloaded: 2026-06-08 07:25:23.848054+00:00)
2026-07-31 15:25:17 | INFO | Found latest version of tr87: tr87-cd924810 (downloaded: 2026-06-08 07:25:23.848054+00:00)
2026-07-31 15:25:17 | INFO | Found latest version of tr87: tr87-cd924810 (downloaded: 2026-06-08 07:25:23.848054+00:00)
2026-07-31 15:25:17 | INFO | Found latest version of tr87: tr87-cd924810 (downloaded: 2026-06-08 07:25:23.848054+00:00)
2026-07-31 15:25:17 | INFO | Found latest version of tr87: tr87-cd924810 (downloaded: 2026-06-08 07:25:23.848054+00:00)
2026-07-31 15:25:17 | INFO | Found latest version of tr87: tr87-cd924810 (downloaded: 2026-06-08 07:25:23.848054+00:00)
2026-07-31 15:25:17 | INFO | Found latest version of tr87: tr87-cd924810 (downloaded: 2026-06-08 07:25:23.848054+00:00)
2026-07-31 15:25:17 | INFO | Found latest version of tr87: tr87-cd924810 (downloaded: 2026-06-08 07:25:23.848054+00:00)
2026-07-31 15:25:17 | INFO | Found latest version of tr87: tr87-cd924810 (downloaded: 2026-06-08 07:25:23.848054+00:00)
2026-07-31 15:25:17 | INFO | Found latest version of tr87: tr87-cd924810 (downloaded: 2026-06-08 07:25:23.848054+00:00)
2026-07-31 15:25:17 | INFO | Found latest version of tr87: tr87-cd924810 (downloaded: 2026-06-08 07:25:23.848054+00:00)
2026-07-31 15:25:17 | INFO | Found latest version of tr87: tr87-cd924810 (downloaded: 2026-06-08 07:25:23.848054+00:00)
2026-07-31 15:25:17 | INFO | Found latest version of tr87: tr87-cd924810 (downloaded: 2026-06-08 07:25:23.848054+00:00)
2026-07-31 15:25:17 | INFO | Found latest version of tr87: tr87-cd924810 (downloaded: 2026-06-08 07:25:23.848054+00:00)
2026-07-31 15:25:17 | INFO | Found latest version of tr87: tr87-cd924810 (downloaded: 2026-06-08 07:25:23.848054+00:00)
2026-07-31 15:25:17 | INFO | Found latest version of tr87: tr87-cd924810 (downloaded: 2026-06-08 07:25:23.848054+00:00)
2026-07-31 15:25:17 | INFO | Found latest version of tr87: tr87-cd924810 (downloaded: 2026-06-08 07:25:23.848054+00:00)
2026-07-31 15:25:17 | INFO | Found latest version of tr87: tr87-cd924810 (downloaded: 2026-06-08 07:25:23.848054+00:00)
2026-07-31 15:25:17 | INFO | Found latest version of tr87: tr87-cd924810 (downloaded: 2026-06-08 07:25:23.848054+00:00)
2026-07-31 15:25:17 | INFO | Found latest version of tr87: tr87-cd924810 (downloaded: 2026-06-08 07:25:23.848054+00:00)
2026-07-31 15:25:17 | INFO | Found latest version of tr87: tr87-cd924810 (downloaded: 2026-06-08 07:25:23.848054+00:00)
2026-07-31 15:25:17 | INFO | Found latest version of tr87: tr87-cd924810 (downloaded: 2026-06-08 07:25:23.848054+00:00)
2026-07-31 15:25:17 | INFO | Found latest version of tr87: tr87-cd924810 (downloaded: 2026-06-08 07:25:23.848054+00:00)
2026-07-31 15:25:17 | INFO | Found latest version of tr87: tr87-cd924810 (downloaded: 2026-06-08 07:25:23.848054+00:00)
2026-07-31 15:25:17 | INFO | Found latest version of tr87: tr87-cd924810 (downloaded: 2026-06-08 07:25:23.848054+00:00)
2026-07-31 15:25:17 | INFO | Found latest version of tr87: tr87-cd924810 (downloaded: 2026-06-08 07:25:23.848054+00:00)
2026-07-31 15:25:17 | INFO | Found latest version of tr87: tr87-cd924810 (downloaded: 2026-06-08 07:25:23.848054+00:00)
2026-07-31 15:25:17 | INFO | Found latest version of tr87: tr87-cd924810 (downloaded: 2026-06-08 07:25:23.848054+00:00)
2026-07-31 15:25:17 | INFO | Found latest version of tr87: tr87-cd924810 (downloaded: 2026-06-08 07:25:23.848054+00:00)
2026-07-31 15:25:17 | INFO | Found latest version of tr87: tr87-cd924810 (downloaded: 2026-06-08 07:25:23.848054+00:00)
2026-07-31 15:25:17 | INFO | Found latest version of tr87: tr87-cd924810 (downloaded: 2026-06-08 07:25:23.848054+00:00)
2026-07-31 15:25:19 | INFO | Found latest version of tr87: tr87-cd924810 (downloaded: 2026-06-08 07:25:23.848054+00:00)
2026-07-31 15:25:19 | INFO | Found latest version of tr87: tr87-cd924810 (downloaded: 2026-06-08 07:25:23.848054+00:00)
2026-07-31 15:25:19 | INFO | Found latest version of tr87: tr87-cd924810 (downloaded: 2026-06-08 07:25:23.848054+00:00)
2026-07-31 15:25:19 | INFO | Found latest version of tr87: tr87-cd924810 (downloaded: 2026-06-08 07:25:23.848054+00:00)
2026-07-31 15:25:19 | INFO | Found latest version of tr87: tr87-cd924810 (downloaded: 2026-06-08 07:25:23.848054+00:00)
2026-07-31 15:25:19 | INFO | Found latest version of tr87: tr87-cd924810 (downloaded: 2026-06-08 07:25:23.848054+00:00)
2026-07-31 15:25:19 | INFO | Found latest version of tr87: tr87-cd924810 (downloaded: 2026-06-08 07:25:23.848054+00:00)
2026-07-31 15:25:19 | INFO | Found latest version of tr87: tr87-cd924810 (downloaded: 2026-06-08 07:25:23.848054+00:00)
2026-07-31 15:25:19 | INFO | Found latest version of tr87: tr87-cd924810 (downloaded: 2026-06-08 07:25:23.848054+00:00)
2026-07-31 15:25:19 | INFO | Found latest version of tr87: tr87-cd924810 (downloaded: 2026-06-08 07:25:23.848054+00:00)
2026-07-31 15:25:19 | INFO | Found latest version of tr87: tr87-cd924810 (downloaded: 2026-06-08 07:25:23.848054+00:00)
2026-07-31 15:25:19 | INFO | Found latest version of tr87: tr87-cd924810 (downloaded: 2026-06-08 07:25:23.848054+00:00)
2026-07-31 15:25:19 | INFO | Found latest version of tr87: tr87-cd924810 (downloaded: 2026-06-08 07:25:23.848054+00:00)
2026-07-31 15:25:19 | INFO | Found latest version of tr87: tr87-cd924810 (downloaded: 2026-06-08 07:25:23.848054+00:00)
2026-07-31 15:25:19 | INFO | Found latest version of tr87: tr87-cd924810 (downloaded: 2026-06-08 07:25:23.848054+00:00)
2026-07-31 15:25:20 | INFO | Found latest version of tr87: tr87-cd924810 (downloaded: 2026-06-08 07:25:23.848054+00:00)
2026-07-31 15:25:20 | INFO | Found latest version of tr87: tr87-cd924810 (downloaded: 2026-06-08 07:25:23.848054+00:00)
2026-07-31 15:25:20 | INFO | Found latest version of tr87: tr87-cd924810 (downloaded: 2026-06-08 07:25:23.848054+00:00)
2026-07-31 15:25:20 | INFO | Found latest version of tr87: tr87-cd924810 (downloaded: 2026-06-08 07:25:23.848054+00:00)
2026-07-31 15:25:20 | INFO | Found latest version of tr87: tr87-cd924810 (downloaded: 2026-06-08 07:25:23.848054+00:00)
2026-07-31 15:25:20 | INFO | Found latest version of tr87: tr87-cd924810 (downloaded: 2026-06-08 07:25:23.848054+00:00)
2026-07-31 15:25:20 | INFO | Found latest version of tr87: tr87-cd924810 (downloaded: 2026-06-08 07:25:23.848054+00:00)
2026-07-31 15:25:20 | INFO | Found latest version of tr87: tr87-cd924810 (downloaded: 2026-06-08 07:25:23.848054+00:00)
2026-07-31 15:25:20 | INFO | Found latest version of tr87: tr87-cd924810 (downloaded: 2026-06-08 07:25:23.848054+00:00)
2026-07-31 15:25:20 | INFO | Found latest version of tr87: tr87-cd924810 (downloaded: 2026-06-08 07:25:23.848054+00:00)
2026-07-31 15:25:20 | INFO | Found latest version of tr87: tr87-cd924810 (downloaded: 2026-06-08 07:25:23.848054+00:00)
2026-07-31 15:25:20 | INFO | Found latest version of tr87: tr87-cd924810 (downloaded: 2026-06-08 07:25:23.848054+00:00)
2026-07-31 15:25:20 | INFO | Found latest version of tr87: tr87-cd924810 (downloaded: 2026-06-08 07:25:23.848054+00:00)
2026-07-31 15:25:20 | INFO | Found latest version of tr87: tr87-cd924810 (downloaded: 2026-06-08 07:25:23.848054+00:00)
2026-07-31 15:25:20 | INFO | Found latest version of tr87: tr87-cd924810 (downloaded: 2026-06-08 07:25:23.848054+00:00)
2026-07-31 15:25:20 | INFO | Found latest version of tr87: tr87-cd924810 (downloaded: 2026-06-08 07:25:23.848054+00:00)
2026-07-31 15:25:20 | INFO | Found latest version of tr87: tr87-cd924810 (downloaded: 2026-06-08 07:25:23.848054+00:00)
2026-07-31 15:25:20 | INFO | Found latest version of tr87: tr87-cd924810 (downloaded: 2026-06-08 07:25:23.848054+00:00)
2026-07-31 15:25:20 | INFO | Found latest version of tr87: tr87-cd924810 (downloaded: 2026-06-08 07:25:23.848054+00:00)
2026-07-31 15:25:20 | INFO | Found latest version of tr87: tr87-cd924810 (downloaded: 2026-06-08 07:25:23.848054+00:00)
2026-07-31 15:25:20 | INFO | Found latest version of tr87: tr87-cd924810 (downloaded: 2026-06-08 07:25:23.848054+00:00)
2026-07-31 15:25:20 | INFO | Found latest version of tr87: tr87-cd924810 (downloaded: 2026-06-08 07:25:23.848054+00:00)
2026-07-31 15:25:20 | INFO | Found latest version of tr87: tr87-cd924810 (downloaded: 2026-06-08 07:25:23.848054+00:00)
2026-07-31 15:25:20 | INFO | Found latest version of tr87: tr87-cd924810 (downloaded: 2026-06-08 07:25:23.848054+00:00)
2026-07-31 15:25:20 | INFO | Found latest version of tr87: tr87-cd924810 (downloaded: 2026-06-08 07:25:23.848054+00:00)
2026-07-31 15:25:20 | INFO | Found latest version of tr87: tr87-cd924810 (downloaded: 2026-06-08 07:25:23.848054+00:00)
2026-07-31 15:25:20 | INFO | Found latest version of tr87: tr87-cd924810 (downloaded: 2026-06-08 07:25:23.848054+00:00)
2026-07-31 15:25:20 | INFO | Found latest version of tr87: tr87-cd924810 (downloaded: 2026-06-08 07:25:23.848054+00:00)
2026-07-31 15:25:20 | INFO | Found latest version of tr87: tr87-cd924810 (downloaded: 2026-06-08 07:25:23.848054+00:00)
2026-07-31 15:25:20 | INFO | Found latest version of tr87: tr87-cd924810 (downloaded: 2026-06-08 07:25:23.848054+00:00)
2026-07-31 15:25:20 | INFO | Found latest version of tr87: tr87-cd924810 (downloaded: 2026-06-08 07:25:23.848054+00:00)
2026-07-31 15:25:20 | INFO | Found latest version of tr87: tr87-cd924810 (downloaded: 2026-06-08 07:25:23.848054+00:00)
2026-07-31 15:25:20 | INFO | Found latest version of tr87: tr87-cd924810 (downloaded: 2026-06-08 07:25:23.848054+00:00)
2026-07-31 15:25:20 | INFO | Found latest version of tr87: tr87-cd924810 (downloaded: 2026-06-08 07:25:23.848054+00:00)
2026-07-31 15:25:20 | INFO | Found latest version of tr87: tr87-cd924810 (downloaded: 2026-06-08 07:25:23.848054+00:00)
2026-07-31 15:25:20 | INFO | Found latest version of tr87: tr87-cd924810 (downloaded: 2026-06-08 07:25:23.848054+00:00)
2026-07-31 15:25:20 | INFO | Found latest version of tr87: tr87-cd924810 (downloaded: 2026-06-08 07:25:23.848054+00:00)
2026-07-31 15:25:20 | INFO | Found latest version of tr87: tr87-cd924810 (downloaded: 2026-06-08 07:25:23.848054+00:00)
2026-07-31 15:25:20 | INFO | Found latest version of tr87: tr87-cd924810 (downloaded: 2026-06-08 07:25:23.848054+00:00)
2026-07-31 15:25:20 | INFO | Found latest version of tr87: tr87-cd924810 (downloaded: 2026-06-08 07:25:23.848054+00:00)
2026-07-31 15:25:20 | INFO | Found latest version of tr87: tr87-cd924810 (downloaded: 2026-06-08 07:25:23.848054+00:00)
2026-07-31 15:25:20 | INFO | Found latest version of tr87: tr87-cd924810 (downloaded: 2026-06-08 07:25:23.848054+00:00)
2026-07-31 15:25:20 | INFO | Found latest version of tr87: tr87-cd924810 (downloaded: 2026-06-08 07:25:23.848054+00:00)
2026-07-31 15:25:20 | INFO | Found latest version of tr87: tr87-cd924810 (downloaded: 2026-06-08 07:25:23.848054+00:00)
2026-07-31 15:25:20 | INFO | Found latest version of tr87: tr87-cd924810 (downloaded: 2026-06-08 07:25:23.848054+00:00)
2026-07-31 15:25:20 | INFO | Found latest version of tr87: tr87-cd924810 (downloaded: 2026-06-08 07:25:23.848054+00:00)
2026-07-31 15:25:20 | INFO | Found latest version of tr87: tr87-cd924810 (downloaded: 2026-06-08 07:25:23.848054+00:00)
2026-07-31 15:25:23 | INFO | Found latest version of tr87: tr87-cd924810 (downloaded: 2026-06-08 07:25:23.848054+00:00)
2026-07-31 15:25:23 | INFO | Found latest version of tr87: tr87-cd924810 (downloaded: 2026-06-08 07:25:23.848054+00:00)
2026-07-31 15:25:23 | INFO | Found latest version of tr87: tr87-cd924810 (downloaded: 2026-06-08 07:25:23.848054+00:00)
2026-07-31 15:25:23 | INFO | Found latest version of tr87: tr87-cd924810 (downloaded: 2026-06-08 07:25:23.848054+00:00)
2026-07-31 15:25:23 | INFO | Found latest version of tr87: tr87-cd924810 (downloaded: 2026-06-08 07:25:23.848054+00:00)
2026-07-31 15:25:23 | INFO | Found latest version of tr87: tr87-cd924810 (downloaded: 2026-06-08 07:25:23.848054+00:00)
2026-07-31 15:25:23 | INFO | Found latest version of tr87: tr87-cd924810 (downloaded: 2026-06-08 07:25:23.848054+00:00)
2026-07-31 15:25:23 | INFO | Found latest version of tr87: tr87-cd924810 (downloaded: 2026-06-08 07:25:23.848054+00:00)
2026-07-31 15:25:23 | INFO | Found latest version of tr87: tr87-cd924810 (downloaded: 2026-06-08 07:25:23.848054+00:00)
2026-07-31 15:25:23 | INFO | Found latest version of tr87: tr87-cd924810 (downloaded: 2026-06-08 07:25:23.848054+00:00)
2026-07-31 15:25:23 | INFO | Found latest version of tr87: tr87-cd924810 (downloaded: 2026-06-08 07:25:23.848054+00:00)
2026-07-31 15:25:23 | INFO | Found latest version of tr87: tr87-cd924810 (downloaded: 2026-06-08 07:25:23.848054+00:00)
2026-07-31 15:25:23 | INFO | Found latest version of tr87: tr87-cd924810 (downloaded: 2026-06-08 07:25:23.848054+00:00)
2026-07-31 15:25:23 | INFO | Found latest version of tr87: tr87-cd924810 (downloaded: 2026-06-08 07:25:23.848054+00:00)
2026-07-31 15:25:23 | INFO | Found latest version of tr87: tr87-cd924810 (downloaded: 2026-06-08 07:25:23.848054+00:00)
2026-07-31 15:25:23 | INFO | Found latest version of tr87: tr87-cd924810 (downloaded: 2026-06-08 07:25:23.848054+00:00)
2026-07-31 15:25:23 | INFO | Found latest version of tr87: tr87-cd924810 (downloaded: 2026-06-08 07:25:23.848054+00:00)
2026-07-31 15:25:23 | INFO | Found latest version of tr87: tr87-cd924810 (downloaded: 2026-06-08 07:25:23.848054+00:00)
2026-07-31 15:25:23 | INFO | Found latest version of tr87: tr87-cd924810 (downloaded: 2026-06-08 07:25:23.848054+00:00)
2026-07-31 15:25:23 | INFO | Found latest version of tr87: tr87-cd924810 (downloaded: 2026-06-08 07:25:23.848054+00:00)
2026-07-31 15:25:23 | INFO | Found latest version of tr87: tr87-cd924810 (downloaded: 2026-06-08 07:25:23.848054+00:00)
2026-07-31 15:25:23 | INFO | Found latest version of tr87: tr87-cd924810 (downloaded: 2026-06-08 07:25:23.848054+00:00)
2026-07-31 15:25:23 | INFO | Found latest version of tr87: tr87-cd924810 (downloaded: 2026-06-08 07:25:23.848054+00:00)
2026-07-31 15:25:23 | INFO | Found latest version of tr87: tr87-cd924810 (downloaded: 2026-06-08 07:25:23.848054+00:00)
2026-07-31 15:25:23 | INFO | Found latest version of tr87: tr87-cd924810 (downloaded: 2026-06-08 07:25:23.848054+00:00)
2026-07-31 15:25:23 | INFO | Found latest version of tr87: tr87-cd924810 (downloaded: 2026-06-08 07:25:23.848054+00:00)
2026-07-31 15:25:23 | INFO | Found latest version of tr87: tr87-cd924810 (downloaded: 2026-06-08 07:25:23.848054+00:00)
2026-07-31 15:25:23 | INFO | Found latest version of tr87: tr87-cd924810 (downloaded: 2026-06-08 07:25:23.848054+00:00)
2026-07-31 15:25:23 | INFO | Found latest version of tr87: tr87-cd924810 (downloaded: 2026-06-08 07:25:23.848054+00:00)
2026-07-31 15:25:23 | INFO | Found latest version of tr87: tr87-cd924810 (downloaded: 2026-06-08 07:25:23.848054+00:00)
2026-07-31 15:25:23 | INFO | Found latest version of tr87: tr87-cd924810 (downloaded: 2026-06-08 07:25:23.848054+00:00)
2026-07-31 15:25:23 | INFO | Found latest version of tr87: tr87-cd924810 (downloaded: 2026-06-08 07:25:23.848054+00:00)
2026-07-31 15:25:23 | INFO | Found latest version of tr87: tr87-cd924810 (downloaded: 2026-06-08 07:25:23.848054+00:00)
2026-07-31 15:25:23 | INFO | Found latest version of tr87: tr87-cd924810 (downloaded: 2026-06-08 07:25:23.848054+00:00)
2026-07-31 15:25:23 | INFO | Found latest version of tr87: tr87-cd924810 (downloaded: 2026-06-08 07:25:23.848054+00:00)
2026-07-31 15:25:23 | INFO | Found latest version of tr87: tr87-cd924810 (downloaded: 2026-06-08 07:25:23.848054+00:00)
2026-07-31 15:25:23 | INFO | Found latest version of tr87: tr87-cd924810 (downloaded: 2026-06-08 07:25:23.848054+00:00)
2026-07-31 15:25:23 | INFO | Found latest version of tr87: tr87-cd924810 (downloaded: 2026-06-08 07:25:23.848054+00:00)
2026-07-31 15:25:23 | INFO | Found latest version of tr87: tr87-cd924810 (downloaded: 2026-06-08 07:25:23.848054+00:00)
2026-07-31 15:25:23 | INFO | Found latest version of tr87: tr87-cd924810 (downloaded: 2026-06-08 07:25:23.848054+00:00)
2026-07-31 15:25:23 | INFO | Found latest version of tr87: tr87-cd924810 (downloaded: 2026-06-08 07:25:23.848054+00:00)
2026-07-31 15:25:23 | INFO | Found latest version of tr87: tr87-cd924810 (downloaded: 2026-06-08 07:25:23.848054+00:00)
2026-07-31 15:25:23 | INFO | Found latest version of tr87: tr87-cd924810 (downloaded: 2026-06-08 07:25:23.848054+00:00)
2026-07-31 15:25:23 | INFO | Found latest version of tr87: tr87-cd924810 (downloaded: 2026-06-08 07:25:23.848054+00:00)
2026-07-31 15:25:23 | INFO | Found latest version of tr87: tr87-cd924810 (downloaded: 2026-06-08 07:25:23.848054+00:00)
2026-07-31 15:25:23 | INFO | Found latest version of tr87: tr87-cd924810 (downloaded: 2026-06-08 07:25:23.848054+00:00)
2026-07-31 15:25:23 | INFO | Found latest version of tr87: tr87-cd924810 (downloaded: 2026-06-08 07:25:23.848054+00:00)
2026-07-31 15:25:23 | INFO | Found latest version of tr87: tr87-cd924810 (downloaded: 2026-06-08 07:25:23.848054+00:00)
2026-07-31 15:25:23 | INFO | Found latest version of tr87: tr87-cd924810 (downloaded: 2026-06-08 07:25:23.848054+00:00)
2026-07-31 15:25:23 | INFO | Found latest version of tr87: tr87-cd924810 (downloaded: 2026-06-08 07:25:23.848054+00:00)
2026-07-31 15:25:23 | INFO | Found latest version of tr87: tr87-cd924810 (downloaded: 2026-06-08 07:25:23.848054+00:00)
2026-07-31 15:25:23 | INFO | Found latest version of tr87: tr87-cd924810 (downloaded: 2026-06-08 07:25:23.848054+00:00)
2026-07-31 15:25:23 | INFO | Found latest version of tr87: tr87-cd924810 (downloaded: 2026-06-08 07:25:23.848054+00:00)
2026-07-31 15:25:23 | INFO | Found latest version of tr87: tr87-cd924810 (downloaded: 2026-06-08 07:25:23.848054+00:00)
2026-07-31 15:25:23 | INFO | Found latest version of tr87: tr87-cd924810 (downloaded: 2026-06-08 07:25:23.848054+00:00)
2026-07-31 15:25:23 | INFO | Found latest version of tr87: tr87-cd924810 (downloaded: 2026-06-08 07:25:23.848054+00:00)
2026-07-31 15:25:24 | INFO | Found latest version of tr87: tr87-cd924810 (downloaded: 2026-06-08 07:25:23.848054+00:00)
2026-07-31 15:25:24 | INFO | Found latest version of tr87: tr87-cd924810 (downloaded: 2026-06-08 07:25:23.848054+00:00)
2026-07-31 15:25:24 | INFO | Found latest version of tr87: tr87-cd924810 (downloaded: 2026-06-08 07:25:23.848054+00:00)
2026-07-31 15:25:24 | INFO | Found latest version of tr87: tr87-cd924810 (downloaded: 2026-06-08 07:25:23.848054+00:00)
2026-07-31 15:25:24 | INFO | Found latest version of tr87: tr87-cd924810 (downloaded: 2026-06-08 07:25:23.848054+00:00)
2026-07-31 15:25:24 | INFO | Found latest version of tr87: tr87-cd924810 (downloaded: 2026-06-08 07:25:23.848054+00:00)
2026-07-31 15:25:24 | INFO | Found latest version of tr87: tr87-cd924810 (downloaded: 2026-06-08 07:25:23.848054+00:00)
2026-07-31 15:25:26 | INFO | Found latest version of tr87: tr87-cd924810 (downloaded: 2026-06-08 07:25:23.848054+00:00)
2026-07-31 15:25:26 | INFO | Found latest version of tr87: tr87-cd924810 (downloaded: 2026-06-08 07:25:23.848054+00:00)
2026-07-31 15:25:26 | INFO | Found latest version of tr87: tr87-cd924810 (downloaded: 2026-06-08 07:25:23.848054+00:00)
2026-07-31 15:25:26 | INFO | Found latest version of tr87: tr87-cd924810 (downloaded: 2026-06-08 07:25:23.848054+00:00)
2026-07-31 15:25:26 | INFO | Found latest version of tr87: tr87-cd924810 (downloaded: 2026-06-08 07:25:23.848054+00:00)
2026-07-31 15:25:26 | INFO | Found latest version of tr87: tr87-cd924810 (downloaded: 2026-06-08 07:25:23.848054+00:00)
2026-07-31 15:25:26 | INFO | Found latest version of tr87: tr87-cd924810 (downloaded: 2026-06-08 07:25:23.848054+00:00)
2026-07-31 15:25:26 | INFO | Found latest version of tr87: tr87-cd924810 (downloaded: 2026-06-08 07:25:23.848054+00:00)
2026-07-31 15:25:26 | INFO | Found latest version of tr87: tr87-cd924810 (downloaded: 2026-06-08 07:25:23.848054+00:00)
2026-07-31 15:25:26 | INFO | Found latest version of tr87: tr87-cd924810 (downloaded: 2026-06-08 07:25:23.848054+00:00)
2026-07-31 15:25:26 | INFO | Found latest version of tr87: tr87-cd924810 (downloaded: 2026-06-08 07:25:23.848054+00:00)
2026-07-31 15:25:26 | INFO | Found latest version of tr87: tr87-cd924810 (downloaded: 2026-06-08 07:25:23.848054+00:00)
2026-07-31 15:25:26 | INFO | Found latest version of tr87: tr87-cd924810 (downloaded: 2026-06-08 07:25:23.848054+00:00)
2026-07-31 15:25:26 | INFO | Found latest version of tr87: tr87-cd924810 (downloaded: 2026-06-08 07:25:23.848054+00:00)
2026-07-31 15:25:26 | INFO | Found latest version of tr87: tr87-cd924810 (downloaded: 2026-06-08 07:25:23.848054+00:00)
2026-07-31 15:25:26 | INFO | Found latest version of tr87: tr87-cd924810 (downloaded: 2026-06-08 07:25:23.848054+00:00)
2026-07-31 15:25:26 | INFO | Found latest version of tr87: tr87-cd924810 (downloaded: 2026-06-08 07:25:23.848054+00:00)
2026-07-31 15:25:26 | INFO | Found latest version of tr87: tr87-cd924810 (downloaded: 2026-06-08 07:25:23.848054+00:00)
2026-07-31 15:25:26 | INFO | Found latest version of tr87: tr87-cd924810 (downloaded: 2026-06-08 07:25:23.848054+00:00)
2026-07-31 15:25:26 | INFO | Found latest version of tr87: tr87-cd924810 (downloaded: 2026-06-08 07:25:23.848054+00:00)
2026-07-31 15:25:26 | INFO | Found latest version of tr87: tr87-cd924810 (downloaded: 2026-06-08 07:25:23.848054+00:00)
2026-07-31 15:25:26 | INFO | Found latest version of tr87: tr87-cd924810 (downloaded: 2026-06-08 07:25:23.848054+00:00)
2026-07-31 15:25:26 | INFO | Found latest version of tr87: tr87-cd924810 (downloaded: 2026-06-08 07:25:23.848054+00:00)
2026-07-31 15:25:26 | INFO | Found latest version of tr87: tr87-cd924810 (downloaded: 2026-06-08 07:25:23.848054+00:00)
2026-07-31 15:25:26 | INFO | Found latest version of tr87: tr87-cd924810 (downloaded: 2026-06-08 07:25:23.848054+00:00)
2026-07-31 15:25:26 | INFO | Found latest version of tr87: tr87-cd924810 (downloaded: 2026-06-08 07:25:23.848054+00:00)
2026-07-31 15:25:26 | INFO | Found latest version of tr87: tr87-cd924810 (downloaded: 2026-06-08 07:25:23.848054+00:00)
2026-07-31 15:25:26 | INFO | Found latest version of tr87: tr87-cd924810 (downloaded: 2026-06-08 07:25:23.848054+00:00)
2026-07-31 15:25:26 | INFO | Found latest version of tr87: tr87-cd924810 (downloaded: 2026-06-08 07:25:23.848054+00:00)
2026-07-31 15:25:26 | INFO | Found latest version of tr87: tr87-cd924810 (downloaded: 2026-06-08 07:25:23.848054+00:00)
2026-07-31 15:25:26 | INFO | Found latest version of tr87: tr87-cd924810 (downloaded: 2026-06-08 07:25:23.848054+00:00)
2026-07-31 15:25:27 | INFO | Found latest version of tr87: tr87-cd924810 (downloaded: 2026-06-08 07:25:23.848054+00:00)
2026-07-31 15:25:27 | INFO | Found latest version of tr87: tr87-cd924810 (downloaded: 2026-06-08 07:25:23.848054+00:00)
2026-07-31 15:25:27 | INFO | Found latest version of tr87: tr87-cd924810 (downloaded: 2026-06-08 07:25:23.848054+00:00)
2026-07-31 15:25:27 | INFO | Found latest version of tr87: tr87-cd924810 (downloaded: 2026-06-08 07:25:23.848054+00:00)
2026-07-31 15:25:27 | INFO | Found latest version of tr87: tr87-cd924810 (downloaded: 2026-06-08 07:25:23.848054+00:00)
2026-07-31 15:25:27 | INFO | Found latest version of tr87: tr87-cd924810 (downloaded: 2026-06-08 07:25:23.848054+00:00)
2026-07-31 15:25:27 | INFO | Found latest version of tr87: tr87-cd924810 (downloaded: 2026-06-08 07:25:23.848054+00:00)
2026-07-31 15:25:27 | INFO | Found latest version of tr87: tr87-cd924810 (downloaded: 2026-06-08 07:25:23.848054+00:00)
2026-07-31 15:25:27 | INFO | Found latest version of tr87: tr87-cd924810 (downloaded: 2026-06-08 07:25:23.848054+00:00)
2026-07-31 15:25:27 | INFO | Found latest version of tr87: tr87-cd924810 (downloaded: 2026-06-08 07:25:23.848054+00:00)
2026-07-31 15:25:27 | INFO | Found latest version of tr87: tr87-cd924810 (downloaded: 2026-06-08 07:25:23.848054+00:00)
2026-07-31 15:25:27 | INFO | Found latest version of tr87: tr87-cd924810 (downloaded: 2026-06-08 07:25:23.848054+00:00)
2026-07-31 15:25:27 | INFO | Found latest version of tr87: tr87-cd924810 (downloaded: 2026-06-08 07:25:23.848054+00:00)
2026-07-31 15:25:27 | INFO | Found latest version of tr87: tr87-cd924810 (downloaded: 2026-06-08 07:25:23.848054+00:00)
2026-07-31 15:25:27 | INFO | Found latest version of tr87: tr87-cd924810 (downloaded: 2026-06-08 07:25:23.848054+00:00)
2026-07-31 15:25:27 | INFO | Found latest version of tr87: tr87-cd924810 (downloaded: 2026-06-08 07:25:23.848054+00:00)
2026-07-31 15:25:27 | INFO | Found latest version of tr87: tr87-cd924810 (downloaded: 2026-06-08 07:25:23.848054+00:00)
2026-07-31 15:25:27 | INFO | Found latest version of tr87: tr87-cd924810 (downloaded: 2026-06-08 07:25:23.848054+00:00)
2026-07-31 15:25:27 | INFO | Found latest version of tr87: tr87-cd924810 (downloaded: 2026-06-08 07:25:23.848054+00:00)
2026-07-31 15:25:27 | INFO | Found latest version of tr87: tr87-cd924810 (downloaded: 2026-06-08 07:25:23.848054+00:00)
2026-07-31 15:25:27 | INFO | Found latest version of tr87: tr87-cd924810 (downloaded: 2026-06-08 07:25:23.848054+00:00)
2026-07-31 15:25:27 | INFO | Found latest version of tr87: tr87-cd924810 (downloaded: 2026-06-08 07:25:23.848054+00:00)
2026-07-31 15:25:27 | INFO | Found latest version of tr87: tr87-cd924810 (downloaded: 2026-06-08 07:25:23.848054+00:00)
2026-07-31 15:25:27 | INFO | Found latest version of tr87: tr87-cd924810 (downloaded: 2026-06-08 07:25:23.848054+00:00)
2026-07-31 15:25:27 | INFO | Found latest version of tr87: tr87-cd924810 (downloaded: 2026-06-08 07:25:23.848054+00:00)
2026-07-31 15:25:27 | INFO | Found latest version of tr87: tr87-cd924810 (downloaded: 2026-06-08 07:25:23.848054+00:00)
2026-07-31 15:25:27 | INFO | Found latest version of tr87: tr87-cd924810 (downloaded: 2026-06-08 07:25:23.848054+00:00)
2026-07-31 15:25:27 | INFO | Found latest version of tr87: tr87-cd924810 (downloaded: 2026-06-08 07:25:23.848054+00:00)
2026-07-31 15:25:27 | INFO | Found latest version of tr87: tr87-cd924810 (downloaded: 2026-06-08 07:25:23.848054+00:00)
2026-07-31 15:25:27 | INFO | Found latest version of tr87: tr87-cd924810 (downloaded: 2026-06-08 07:25:23.848054+00:00)
2026-07-31 15:25:27 | INFO | Found latest version of tr87: tr87-cd924810 (downloaded: 2026-06-08 07:25:23.848054+00:00)
2026-07-31 15:25:30 | INFO | Found latest version of tr87: tr87-cd924810 (downloaded: 2026-06-08 07:25:23.848054+00:00)
2026-07-31 15:25:30 | INFO | Found latest version of tr87: tr87-cd924810 (downloaded: 2026-06-08 07:25:23.848054+00:00)
2026-07-31 15:25:30 | INFO | Found latest version of tr87: tr87-cd924810 (downloaded: 2026-06-08 07:25:23.848054+00:00)
2026-07-31 15:25:30 | INFO | Found latest version of tr87: tr87-cd924810 (downloaded: 2026-06-08 07:25:23.848054+00:00)
2026-07-31 15:25:30 | INFO | Found latest version of tr87: tr87-cd924810 (downloaded: 2026-06-08 07:25:23.848054+00:00)
2026-07-31 15:25:30 | INFO | Found latest version of tr87: tr87-cd924810 (downloaded: 2026-06-08 07:25:23.848054+00:00)
2026-07-31 15:25:30 | INFO | Found latest version of tr87: tr87-cd924810 (downloaded: 2026-06-08 07:25:23.848054+00:00)
2026-07-31 15:25:30 | INFO | Found latest version of tr87: tr87-cd924810 (downloaded: 2026-06-08 07:25:23.848054+00:00)
2026-07-31 15:25:30 | INFO | Found latest version of tr87: tr87-cd924810 (downloaded: 2026-06-08 07:25:23.848054+00:00)
2026-07-31 15:25:30 | INFO | Found latest version of tr87: tr87-cd924810 (downloaded: 2026-06-08 07:25:23.848054+00:00)
2026-07-31 15:25:30 | INFO | Found latest version of tr87: tr87-cd924810 (downloaded: 2026-06-08 07:25:23.848054+00:00)
2026-07-31 15:25:30 | INFO | Found latest version of tr87: tr87-cd924810 (downloaded: 2026-06-08 07:25:23.848054+00:00)
2026-07-31 15:25:30 | INFO | Found latest version of tr87: tr87-cd924810 (downloaded: 2026-06-08 07:25:23.848054+00:00)
2026-07-31 15:25:30 | INFO | Found latest version of tr87: tr87-cd924810 (downloaded: 2026-06-08 07:25:23.848054+00:00)
2026-07-31 15:25:30 | INFO | Found latest version of tr87: tr87-cd924810 (downloaded: 2026-06-08 07:25:23.848054+00:00)
2026-07-31 15:25:30 | INFO | Found latest version of tr87: tr87-cd924810 (downloaded: 2026-06-08 07:25:23.848054+00:00)
2026-07-31 15:25:30 | INFO | Found latest version of tr87: tr87-cd924810 (downloaded: 2026-06-08 07:25:23.848054+00:00)
2026-07-31 15:25:30 | INFO | Found latest version of tr87: tr87-cd924810 (downloaded: 2026-06-08 07:25:23.848054+00:00)
2026-07-31 15:25:30 | INFO | Found latest version of tr87: tr87-cd924810 (downloaded: 2026-06-08 07:25:23.848054+00:00)
2026-07-31 15:25:30 | INFO | Found latest version of tr87: tr87-cd924810 (downloaded: 2026-06-08 07:25:23.848054+00:00)
2026-07-31 15:25:30 | INFO | Found latest version of tr87: tr87-cd924810 (downloaded: 2026-06-08 07:25:23.848054+00:00)
2026-07-31 15:25:30 | INFO | Found latest version of tr87: tr87-cd924810 (downloaded: 2026-06-08 07:25:23.848054+00:00)
2026-07-31 15:25:30 | INFO | Found latest version of tr87: tr87-cd924810 (downloaded: 2026-06-08 07:25:23.848054+00:00)
2026-07-31 15:25:30 | INFO | Found latest version of tr87: tr87-cd924810 (downloaded: 2026-06-08 07:25:23.848054+00:00)
2026-07-31 15:25:30 | INFO | Found latest version of tr87: tr87-cd924810 (downloaded: 2026-06-08 07:25:23.848054+00:00)
2026-07-31 15:25:30 | INFO | Found latest version of tr87: tr87-cd924810 (downloaded: 2026-06-08 07:25:23.848054+00:00)
2026-07-31 15:25:30 | INFO | Found latest version of tr87: tr87-cd924810 (downloaded: 2026-06-08 07:25:23.848054+00:00)
2026-07-31 15:25:30 | INFO | Found latest version of tr87: tr87-cd924810 (downloaded: 2026-06-08 07:25:23.848054+00:00)
2026-07-31 15:25:30 | INFO | Found latest version of tr87: tr87-cd924810 (downloaded: 2026-06-08 07:25:23.848054+00:00)
2026-07-31 15:25:30 | INFO | Found latest version of tr87: tr87-cd924810 (downloaded: 2026-06-08 07:25:23.848054+00:00)
2026-07-31 15:25:30 | INFO | Found latest version of tr87: tr87-cd924810 (downloaded: 2026-06-08 07:25:23.848054+00:00)
2026-07-31 15:25:30 | INFO | Found latest version of tr87: tr87-cd924810 (downloaded: 2026-06-08 07:25:23.848054+00:00)
2026-07-31 15:25:30 | INFO | Found latest version of tr87: tr87-cd924810 (downloaded: 2026-06-08 07:25:23.848054+00:00)
2026-07-31 15:25:30 | INFO | Found latest version of tr87: tr87-cd924810 (downloaded: 2026-06-08 07:25:23.848054+00:00)
2026-07-31 15:25:30 | INFO | Found latest version of tr87: tr87-cd924810 (downloaded: 2026-06-08 07:25:23.848054+00:00)
2026-07-31 15:25:30 | INFO | Found latest version of tr87: tr87-cd924810 (downloaded: 2026-06-08 07:25:23.848054+00:00)
2026-07-31 15:25:30 | INFO | Found latest version of tr87: tr87-cd924810 (downloaded: 2026-06-08 07:25:23.848054+00:00)
2026-07-31 15:25:30 | INFO | Found latest version of tr87: tr87-cd924810 (downloaded: 2026-06-08 07:25:23.848054+00:00)
2026-07-31 15:25:30 | INFO | Found latest version of tr87: tr87-cd924810 (downloaded: 2026-06-08 07:25:23.848054+00:00)
2026-07-31 15:25:30 | INFO | Found latest version of tr87: tr87-cd924810 (downloaded: 2026-06-08 07:25:23.848054+00:00)
2026-07-31 15:25:30 | INFO | Found latest version of tr87: tr87-cd924810 (downloaded: 2026-06-08 07:25:23.848054+00:00)
2026-07-31 15:25:30 | INFO | Found latest version of tr87: tr87-cd924810 (downloaded: 2026-06-08 07:25:23.848054+00:00)
2026-07-31 15:25:30 | INFO | Found latest version of tr87: tr87-cd924810 (downloaded: 2026-06-08 07:25:23.848054+00:00)
2026-07-31 15:25:30 | INFO | Found latest version of tr87: tr87-cd924810 (downloaded: 2026-06-08 07:25:23.848054+00:00)
2026-07-31 15:25:30 | INFO | Found latest version of tr87: tr87-cd924810 (downloaded: 2026-06-08 07:25:23.848054+00:00)
2026-07-31 15:25:30 | INFO | Found latest version of tr87: tr87-cd924810 (downloaded: 2026-06-08 07:25:23.848054+00:00)
2026-07-31 15:25:30 | INFO | Found latest version of tr87: tr87-cd924810 (downloaded: 2026-06-08 07:25:23.848054+00:00)
2026-07-31 15:25:30 | INFO | Found latest version of tr87: tr87-cd924810 (downloaded: 2026-06-08 07:25:23.848054+00:00)
2026-07-31 15:25:30 | INFO | Found latest version of tr87: tr87-cd924810 (downloaded: 2026-06-08 07:25:23.848054+00:00)
2026-07-31 15:25:30 | INFO | Found latest version of tr87: tr87-cd924810 (downloaded: 2026-06-08 07:25:23.848054+00:00)
2026-07-31 15:25:30 | INFO | Found latest version of tr87: tr87-cd924810 (downloaded: 2026-06-08 07:25:23.848054+00:00)
2026-07-31 15:25:30 | INFO | Found latest version of tr87: tr87-cd924810 (downloaded: 2026-06-08 07:25:23.848054+00:00)
2026-07-31 15:25:30 | INFO | Found latest version of tr87: tr87-cd924810 (downloaded: 2026-06-08 07:25:23.848054+00:00)
2026-07-31 15:25:30 | INFO | Found latest version of tr87: tr87-cd924810 (downloaded: 2026-06-08 07:25:23.848054+00:00)
2026-07-31 15:25:30 | INFO | Found latest version of tr87: tr87-cd924810 (downloaded: 2026-06-08 07:25:23.848054+00:00)
2026-07-31 15:25:30 | INFO | Found latest version of tr87: tr87-cd924810 (downloaded: 2026-06-08 07:25:23.848054+00:00)
2026-07-31 15:25:30 | INFO | Found latest version of tr87: tr87-cd924810 (downloaded: 2026-06-08 07:25:23.848054+00:00)
2026-07-31 15:25:30 | INFO | Found latest version of tr87: tr87-cd924810 (downloaded: 2026-06-08 07:25:23.848054+00:00)
2026-07-31 15:25:30 | INFO | Found latest version of tr87: tr87-cd924810 (downloaded: 2026-06-08 07:25:23.848054+00:00)
2026-07-31 15:25:30 | INFO | Found latest version of tr87: tr87-cd924810 (downloaded: 2026-06-08 07:25:23.848054+00:00)
2026-07-31 15:25:30 | INFO | Found latest version of tr87: tr87-cd924810 (downloaded: 2026-06-08 07:25:23.848054+00:00)
2026-07-31 15:25:30 | INFO | Found latest version of tr87: tr87-cd924810 (downloaded: 2026-06-08 07:25:23.848054+00:00)
2026-07-31 15:25:30 | INFO | Found latest version of tr87: tr87-cd924810 (downloaded: 2026-06-08 07:25:23.848054+00:00)
2026-07-31 15:25:33 | INFO | Found latest version of tr87: tr87-cd924810 (downloaded: 2026-06-08 07:25:23.848054+00:00)
2026-07-31 15:25:33 | INFO | Found latest version of tr87: tr87-cd924810 (downloaded: 2026-06-08 07:25:23.848054+00:00)
2026-07-31 15:25:33 | INFO | Found latest version of tr87: tr87-cd924810 (downloaded: 2026-06-08 07:25:23.848054+00:00)
2026-07-31 15:25:33 | INFO | Found latest version of tr87: tr87-cd924810 (downloaded: 2026-06-08 07:25:23.848054+00:00)
2026-07-31 15:25:33 | INFO | Found latest version of tr87: tr87-cd924810 (downloaded: 2026-06-08 07:25:23.848054+00:00)
2026-07-31 15:25:33 | INFO | Found latest version of tr87: tr87-cd924810 (downloaded: 2026-06-08 07:25:23.848054+00:00)
2026-07-31 15:25:33 | INFO | Found latest version of tr87: tr87-cd924810 (downloaded: 2026-06-08 07:25:23.848054+00:00)
2026-07-31 15:25:33 | INFO | Found latest version of tr87: tr87-cd924810 (downloaded: 2026-06-08 07:25:23.848054+00:00)
2026-07-31 15:25:33 | INFO | Found latest version of tr87: tr87-cd924810 (downloaded: 2026-06-08 07:25:23.848054+00:00)
2026-07-31 15:25:33 | INFO | Found latest version of tr87: tr87-cd924810 (downloaded: 2026-06-08 07:25:23.848054+00:00)
2026-07-31 15:25:33 | INFO | Found latest version of tr87: tr87-cd924810 (downloaded: 2026-06-08 07:25:23.848054+00:00)
2026-07-31 15:25:33 | INFO | Found latest version of tr87: tr87-cd924810 (downloaded: 2026-06-08 07:25:23.848054+00:00)
2026-07-31 15:25:33 | INFO | Found latest version of tr87: tr87-cd924810 (downloaded: 2026-06-08 07:25:23.848054+00:00)
2026-07-31 15:25:33 | INFO | Found latest version of tr87: tr87-cd924810 (downloaded: 2026-06-08 07:25:23.848054+00:00)
2026-07-31 15:25:33 | INFO | Found latest version of tr87: tr87-cd924810 (downloaded: 2026-06-08 07:25:23.848054+00:00)
2026-07-31 15:25:33 | INFO | Found latest version of tr87: tr87-cd924810 (downloaded: 2026-06-08 07:25:23.848054+00:00)
2026-07-31 15:25:33 | INFO | Found latest version of tr87: tr87-cd924810 (downloaded: 2026-06-08 07:25:23.848054+00:00)
2026-07-31 15:25:33 | INFO | Found latest version of tr87: tr87-cd924810 (downloaded: 2026-06-08 07:25:23.848054+00:00)
2026-07-31 15:25:33 | INFO | Found latest version of tr87: tr87-cd924810 (downloaded: 2026-06-08 07:25:23.848054+00:00)
2026-07-31 15:25:33 | INFO | Found latest version of tr87: tr87-cd924810 (downloaded: 2026-06-08 07:25:23.848054+00:00)
2026-07-31 15:25:33 | INFO | Found latest version of tr87: tr87-cd924810 (downloaded: 2026-06-08 07:25:23.848054+00:00)
2026-07-31 15:25:33 | INFO | Found latest version of tr87: tr87-cd924810 (downloaded: 2026-06-08 07:25:23.848054+00:00)
2026-07-31 15:25:33 | INFO | Found latest version of tr87: tr87-cd924810 (downloaded: 2026-06-08 07:25:23.848054+00:00)
2026-07-31 15:25:33 | INFO | Found latest version of tr87: tr87-cd924810 (downloaded: 2026-06-08 07:25:23.848054+00:00)
2026-07-31 15:25:33 | INFO | Found latest version of tr87: tr87-cd924810 (downloaded: 2026-06-08 07:25:23.848054+00:00)
2026-07-31 15:25:33 | INFO | Found latest version of tr87: tr87-cd924810 (downloaded: 2026-06-08 07:25:23.848054+00:00)
2026-07-31 15:25:33 | INFO | Found latest version of tr87: tr87-cd924810 (downloaded: 2026-06-08 07:25:23.848054+00:00)
2026-07-31 15:25:33 | INFO | Found latest version of tr87: tr87-cd924810 (downloaded: 2026-06-08 07:25:23.848054+00:00)
2026-07-31 15:25:33 | INFO | Found latest version of tr87: tr87-cd924810 (downloaded: 2026-06-08 07:25:23.848054+00:00)
2026-07-31 15:25:33 | INFO | Found latest version of tr87: tr87-cd924810 (downloaded: 2026-06-08 07:25:23.848054+00:00)
2026-07-31 15:25:33 | INFO | Found latest version of tr87: tr87-cd924810 (downloaded: 2026-06-08 07:25:23.848054+00:00)
2026-07-31 15:25:33 | INFO | Found latest version of tr87: tr87-cd924810 (downloaded: 2026-06-08 07:25:23.848054+00:00)
2026-07-31 15:25:33 | INFO | Found latest version of tr87: tr87-cd924810 (downloaded: 2026-06-08 07:25:23.848054+00:00)
2026-07-31 15:25:33 | INFO | Found latest version of tr87: tr87-cd924810 (downloaded: 2026-06-08 07:25:23.848054+00:00)
2026-07-31 15:25:33 | INFO | Found latest version of tr87: tr87-cd924810 (downloaded: 2026-06-08 07:25:23.848054+00:00)
2026-07-31 15:25:33 | INFO | Found latest version of tr87: tr87-cd924810 (downloaded: 2026-06-08 07:25:23.848054+00:00)
2026-07-31 15:25:33 | INFO | Found latest version of tr87: tr87-cd924810 (downloaded: 2026-06-08 07:25:23.848054+00:00)
2026-07-31 15:25:33 | INFO | Found latest version of tr87: tr87-cd924810 (downloaded: 2026-06-08 07:25:23.848054+00:00)
2026-07-31 15:25:33 | INFO | Found latest version of tr87: tr87-cd924810 (downloaded: 2026-06-08 07:25:23.848054+00:00)
2026-07-31 15:25:33 | INFO | Found latest version of tr87: tr87-cd924810 (downloaded: 2026-06-08 07:25:23.848054+00:00)
2026-07-31 15:25:33 | INFO | Found latest version of tr87: tr87-cd924810 (downloaded: 2026-06-08 07:25:23.848054+00:00)
2026-07-31 15:25:33 | INFO | Found latest version of tr87: tr87-cd924810 (downloaded: 2026-06-08 07:25:23.848054+00:00)
2026-07-31 15:25:33 | INFO | Found latest version of tr87: tr87-cd924810 (downloaded: 2026-06-08 07:25:23.848054+00:00)
2026-07-31 15:25:33 | INFO | Found latest version of tr87: tr87-cd924810 (downloaded: 2026-06-08 07:25:23.848054+00:00)
2026-07-31 15:25:34 | INFO | Found latest version of tr87: tr87-cd924810 (downloaded: 2026-06-08 07:25:23.848054+00:00)
2026-07-31 15:25:34 | INFO | Found latest version of tr87: tr87-cd924810 (downloaded: 2026-06-08 07:25:23.848054+00:00)
2026-07-31 15:25:34 | INFO | Found latest version of tr87: tr87-cd924810 (downloaded: 2026-06-08 07:25:23.848054+00:00)
2026-07-31 15:25:34 | INFO | Found latest version of tr87: tr87-cd924810 (downloaded: 2026-06-08 07:25:23.848054+00:00)
2026-07-31 15:25:34 | INFO | Found latest version of tr87: tr87-cd924810 (downloaded: 2026-06-08 07:25:23.848054+00:00)
2026-07-31 15:25:34 | INFO | Found latest version of tr87: tr87-cd924810 (downloaded: 2026-06-08 07:25:23.848054+00:00)
2026-07-31 15:25:34 | INFO | Found latest version of tr87: tr87-cd924810 (downloaded: 2026-06-08 07:25:23.848054+00:00)
2026-07-31 15:25:34 | INFO | Found latest version of tr87: tr87-cd924810 (downloaded: 2026-06-08 07:25:23.848054+00:00)
2026-07-31 15:25:34 | INFO | Found latest version of tr87: tr87-cd924810 (downloaded: 2026-06-08 07:25:23.848054+00:00)
2026-07-31 15:25:34 | INFO | Found latest version of tr87: tr87-cd924810 (downloaded: 2026-06-08 07:25:23.848054+00:00)
2026-07-31 15:25:34 | INFO | Found latest version of tr87: tr87-cd924810 (downloaded: 2026-06-08 07:25:23.848054+00:00)
2026-07-31 15:25:34 | INFO | Found latest version of tr87: tr87-cd924810 (downloaded: 2026-06-08 07:25:23.848054+00:00)
2026-07-31 15:25:34 | INFO | Found latest version of tr87: tr87-cd924810 (downloaded: 2026-06-08 07:25:23.848054+00:00)
2026-07-31 15:25:34 | INFO | Found latest version of tr87: tr87-cd924810 (downloaded: 2026-06-08 07:25:23.848054+00:00)
2026-07-31 15:25:34 | INFO | Found latest version of tr87: tr87-cd924810 (downloaded: 2026-06-08 07:25:23.848054+00:00)
2026-07-31 15:25:34 | INFO | Found latest version of tr87: tr87-cd924810 (downloaded: 2026-06-08 07:25:23.848054+00:00)
2026-07-31 15:25:34 | INFO | Found latest version of tr87: tr87-cd924810 (downloaded: 2026-06-08 07:25:23.848054+00:00)
2026-07-31 15:25:34 | INFO | Found latest version of tr87: tr87-cd924810 (downloaded: 2026-06-08 07:25:23.848054+00:00)
2026-07-31 15:25:37 | INFO | Found latest version of tr87: tr87-cd924810 (downloaded: 2026-06-08 07:25:23.848054+00:00)
2026-07-31 15:25:37 | INFO | Found latest version of tr87: tr87-cd924810 (downloaded: 2026-06-08 07:25:23.848054+00:00)
2026-07-31 15:25:37 | INFO | Found latest version of tr87: tr87-cd924810 (downloaded: 2026-06-08 07:25:23.848054+00:00)
2026-07-31 15:25:37 | INFO | Found latest version of tr87: tr87-cd924810 (downloaded: 2026-06-08 07:25:23.848054+00:00)
2026-07-31 15:25:37 | INFO | Found latest version of tr87: tr87-cd924810 (downloaded: 2026-06-08 07:25:23.848054+00:00)
2026-07-31 15:25:37 | INFO | Found latest version of tr87: tr87-cd924810 (downloaded: 2026-06-08 07:25:23.848054+00:00)
2026-07-31 15:25:37 | INFO | Found latest version of tr87: tr87-cd924810 (downloaded: 2026-06-08 07:25:23.848054+00:00)
2026-07-31 15:25:37 | INFO | Found latest version of tr87: tr87-cd924810 (downloaded: 2026-06-08 07:25:23.848054+00:00)
2026-07-31 15:25:37 | INFO | Found latest version of tr87: tr87-cd924810 (downloaded: 2026-06-08 07:25:23.848054+00:00)
2026-07-31 15:25:37 | INFO | Found latest version of tr87: tr87-cd924810 (downloaded: 2026-06-08 07:25:23.848054+00:00)
2026-07-31 15:25:37 | INFO | Found latest version of tr87: tr87-cd924810 (downloaded: 2026-06-08 07:25:23.848054+00:00)
2026-07-31 15:25:37 | INFO | Found latest version of tr87: tr87-cd924810 (downloaded: 2026-06-08 07:25:23.848054+00:00)
2026-07-31 15:25:37 | INFO | Found latest version of tr87: tr87-cd924810 (downloaded: 2026-06-08 07:25:23.848054+00:00)
2026-07-31 15:25:37 | INFO | Found latest version of tr87: tr87-cd924810 (downloaded: 2026-06-08 07:25:23.848054+00:00)
2026-07-31 15:25:37 | INFO | Found latest version of tr87: tr87-cd924810 (downloaded: 2026-06-08 07:25:23.848054+00:00)
2026-07-31 15:25:37 | INFO | Found latest version of tr87: tr87-cd924810 (downloaded: 2026-06-08 07:25:23.848054+00:00)
2026-07-31 15:25:37 | INFO | Found latest version of tr87: tr87-cd924810 (downloaded: 2026-06-08 07:25:23.848054+00:00)
2026-07-31 15:25:37 | INFO | Found latest version of tr87: tr87-cd924810 (downloaded: 2026-06-08 07:25:23.848054+00:00)
2026-07-31 15:25:37 | INFO | Found latest version of tr87: tr87-cd924810 (downloaded: 2026-06-08 07:25:23.848054+00:00)
2026-07-31 15:25:37 | INFO | Found latest version of tr87: tr87-cd924810 (downloaded: 2026-06-08 07:25:23.848054+00:00)
2026-07-31 15:25:37 | INFO | Found latest version of tr87: tr87-cd924810 (downloaded: 2026-06-08 07:25:23.848054+00:00)
2026-07-31 15:25:37 | INFO | Found latest version of tr87: tr87-cd924810 (downloaded: 2026-06-08 07:25:23.848054+00:00)
2026-07-31 15:25:37 | INFO | Found latest version of tr87: tr87-cd924810 (downloaded: 2026-06-08 07:25:23.848054+00:00)
2026-07-31 15:25:37 | INFO | Found latest version of tr87: tr87-cd924810 (downloaded: 2026-06-08 07:25:23.848054+00:00)
2026-07-31 15:25:37 | INFO | Found latest version of tr87: tr87-cd924810 (downloaded: 2026-06-08 07:25:23.848054+00:00)
2026-07-31 15:25:37 | INFO | Found latest version of tr87: tr87-cd924810 (downloaded: 2026-06-08 07:25:23.848054+00:00)
2026-07-31 15:25:37 | INFO | Found latest version of tr87: tr87-cd924810 (downloaded: 2026-06-08 07:25:23.848054+00:00)
2026-07-31 15:25:37 | INFO | Found latest version of tr87: tr87-cd924810 (downloaded: 2026-06-08 07:25:23.848054+00:00)
2026-07-31 15:25:37 | INFO | Found latest version of tr87: tr87-cd924810 (downloaded: 2026-06-08 07:25:23.848054+00:00)
2026-07-31 15:25:37 | INFO | Found latest version of tr87: tr87-cd924810 (downloaded: 2026-06-08 07:25:23.848054+00:00)
2026-07-31 15:25:37 | INFO | Found latest version of tr87: tr87-cd924810 (downloaded: 2026-06-08 07:25:23.848054+00:00)
2026-07-31 15:25:37 | INFO | Found latest version of tr87: tr87-cd924810 (downloaded: 2026-06-08 07:25:23.848054+00:00)
2026-07-31 15:25:37 | INFO | Found latest version of tr87: tr87-cd924810 (downloaded: 2026-06-08 07:25:23.848054+00:00)
2026-07-31 15:25:37 | INFO | Found latest version of tr87: tr87-cd924810 (downloaded: 2026-06-08 07:25:23.848054+00:00)
2026-07-31 15:25:37 | INFO | Found latest version of tr87: tr87-cd924810 (downloaded: 2026-06-08 07:25:23.848054+00:00)
2026-07-31 15:25:37 | INFO | Found latest version of tr87: tr87-cd924810 (downloaded: 2026-06-08 07:25:23.848054+00:00)
2026-07-31 15:25:37 | INFO | Found latest version of tr87: tr87-cd924810 (downloaded: 2026-06-08 07:25:23.848054+00:00)
2026-07-31 15:25:37 | INFO | Found latest version of tr87: tr87-cd924810 (downloaded: 2026-06-08 07:25:23.848054+00:00)
2026-07-31 15:25:37 | INFO | Found latest version of tr87: tr87-cd924810 (downloaded: 2026-06-08 07:25:23.848054+00:00)
2026-07-31 15:25:37 | INFO | Found latest version of tr87: tr87-cd924810 (downloaded: 2026-06-08 07:25:23.848054+00:00)
2026-07-31 15:25:37 | INFO | Found latest version of tr87: tr87-cd924810 (downloaded: 2026-06-08 07:25:23.848054+00:00)
2026-07-31 15:25:37 | INFO | Found latest version of tr87: tr87-cd924810 (downloaded: 2026-06-08 07:25:23.848054+00:00)
2026-07-31 15:25:37 | INFO | Found latest version of tr87: tr87-cd924810 (downloaded: 2026-06-08 07:25:23.848054+00:00)
2026-07-31 15:25:37 | INFO | Found latest version of tr87: tr87-cd924810 (downloaded: 2026-06-08 07:25:23.848054+00:00)
2026-07-31 15:25:37 | INFO | Found latest version of tr87: tr87-cd924810 (downloaded: 2026-06-08 07:25:23.848054+00:00)
2026-07-31 15:25:37 | INFO | Found latest version of tr87: tr87-cd924810 (downloaded: 2026-06-08 07:25:23.848054+00:00)
2026-07-31 15:25:37 | INFO | Found latest version of tr87: tr87-cd924810 (downloaded: 2026-06-08 07:25:23.848054+00:00)
2026-07-31 15:25:37 | INFO | Found latest version of tr87: tr87-cd924810 (downloaded: 2026-06-08 07:25:23.848054+00:00)
2026-07-31 15:25:37 | INFO | Found latest version of tr87: tr87-cd924810 (downloaded: 2026-06-08 07:25:23.848054+00:00)
2026-07-31 15:25:37 | INFO | Found latest version of tr87: tr87-cd924810 (downloaded: 2026-06-08 07:25:23.848054+00:00)
2026-07-31 15:25:37 | INFO | Found latest version of tr87: tr87-cd924810 (downloaded: 2026-06-08 07:25:23.848054+00:00)
2026-07-31 15:25:37 | INFO | Found latest version of tr87: tr87-cd924810 (downloaded: 2026-06-08 07:25:23.848054+00:00)
2026-07-31 15:25:37 | INFO | Found latest version of tr87: tr87-cd924810 (downloaded: 2026-06-08 07:25:23.848054+00:00)
2026-07-31 15:25:37 | INFO | Found latest version of tr87: tr87-cd924810 (downloaded: 2026-06-08 07:25:23.848054+00:00)
2026-07-31 15:25:37 | INFO | Found latest version of tr87: tr87-cd924810 (downloaded: 2026-06-08 07:25:23.848054+00:00)
2026-07-31 15:25:37 | INFO | Found latest version of tr87: tr87-cd924810 (downloaded: 2026-06-08 07:25:23.848054+00:00)
2026-07-31 15:25:37 | INFO | Found latest version of tr87: tr87-cd924810 (downloaded: 2026-06-08 07:25:23.848054+00:00)
2026-07-31 15:25:37 | INFO | Found latest version of tr87: tr87-cd924810 (downloaded: 2026-06-08 07:25:23.848054+00:00)
2026-07-31 15:25:37 | INFO | Found latest version of tr87: tr87-cd924810 (downloaded: 2026-06-08 07:25:23.848054+00:00)
2026-07-31 15:25:37 | INFO | Found latest version of tr87: tr87-cd924810 (downloaded: 2026-06-08 07:25:23.848054+00:00)
2026-07-31 15:25:37 | INFO | Found latest version of tr87: tr87-cd924810 (downloaded: 2026-06-08 07:25:23.848054+00:00)
2026-07-31 15:25:37 | INFO | Found latest version of tr87: tr87-cd924810 (downloaded: 2026-06-08 07:25:23.848054+00:00)
2026-07-31 15:25:37 | INFO | Found latest version of tr87: tr87-cd924810 (downloaded: 2026-06-08 07:25:23.848054+00:00)
2026-07-31 15:25:40 | INFO | Found latest version of tr87: tr87-cd924810 (downloaded: 2026-06-08 07:25:23.848054+00:00)
2026-07-31 15:25:40 | INFO | Found latest version of tr87: tr87-cd924810 (downloaded: 2026-06-08 07:25:23.848054+00:00)
2026-07-31 15:25:40 | INFO | Found latest version of tr87: tr87-cd924810 (downloaded: 2026-06-08 07:25:23.848054+00:00)
2026-07-31 15:25:40 | INFO | Found latest version of tr87: tr87-cd924810 (downloaded: 2026-06-08 07:25:23.848054+00:00)
2026-07-31 15:25:40 | INFO | Found latest version of tr87: tr87-cd924810 (downloaded: 2026-06-08 07:25:23.848054+00:00)
2026-07-31 15:25:40 | INFO | Found latest version of tr87: tr87-cd924810 (downloaded: 2026-06-08 07:25:23.848054+00:00)
2026-07-31 15:25:40 | INFO | Found latest version of tr87: tr87-cd924810 (downloaded: 2026-06-08 07:25:23.848054+00:00)
2026-07-31 15:25:40 | INFO | Found latest version of tr87: tr87-cd924810 (downloaded: 2026-06-08 07:25:23.848054+00:00)
2026-07-31 15:25:40 | INFO | Found latest version of tr87: tr87-cd924810 (downloaded: 2026-06-08 07:25:23.848054+00:00)
2026-07-31 15:25:40 | INFO | Found latest version of tr87: tr87-cd924810 (downloaded: 2026-06-08 07:25:23.848054+00:00)
2026-07-31 15:25:40 | INFO | Found latest version of tr87: tr87-cd924810 (downloaded: 2026-06-08 07:25:23.848054+00:00)
2026-07-31 15:25:40 | INFO | Found latest version of tr87: tr87-cd924810 (downloaded: 2026-06-08 07:25:23.848054+00:00)
2026-07-31 15:25:40 | INFO | Found latest version of tr87: tr87-cd924810 (downloaded: 2026-06-08 07:25:23.848054+00:00)
2026-07-31 15:25:40 | INFO | Found latest version of tr87: tr87-cd924810 (downloaded: 2026-06-08 07:25:23.848054+00:00)
2026-07-31 15:25:40 | INFO | Found latest version of tr87: tr87-cd924810 (downloaded: 2026-06-08 07:25:23.848054+00:00)
2026-07-31 15:25:40 | INFO | Found latest version of tr87: tr87-cd924810 (downloaded: 2026-06-08 07:25:23.848054+00:00)
2026-07-31 15:25:40 | INFO | Found latest version of tr87: tr87-cd924810 (downloaded: 2026-06-08 07:25:23.848054+00:00)
2026-07-31 15:25:40 | INFO | Found latest version of tr87: tr87-cd924810 (downloaded: 2026-06-08 07:25:23.848054+00:00)
2026-07-31 15:25:40 | INFO | Found latest version of tr87: tr87-cd924810 (downloaded: 2026-06-08 07:25:23.848054+00:00)
2026-07-31 15:25:40 | INFO | Found latest version of tr87: tr87-cd924810 (downloaded: 2026-06-08 07:25:23.848054+00:00)
2026-07-31 15:25:40 | INFO | Found latest version of tr87: tr87-cd924810 (downloaded: 2026-06-08 07:25:23.848054+00:00)
2026-07-31 15:25:40 | INFO | Found latest version of tr87: tr87-cd924810 (downloaded: 2026-06-08 07:25:23.848054+00:00)
2026-07-31 15:25:40 | INFO | Found latest version of tr87: tr87-cd924810 (downloaded: 2026-06-08 07:25:23.848054+00:00)
2026-07-31 15:25:40 | INFO | Found latest version of tr87: tr87-cd924810 (downloaded: 2026-06-08 07:25:23.848054+00:00)
2026-07-31 15:25:40 | INFO | Found latest version of tr87: tr87-cd924810 (downloaded: 2026-06-08 07:25:23.848054+00:00)
2026-07-31 15:25:41 | INFO | Found latest version of tr87: tr87-cd924810 (downloaded: 2026-06-08 07:25:23.848054+00:00)
2026-07-31 15:25:41 | INFO | Found latest version of tr87: tr87-cd924810 (downloaded: 2026-06-08 07:25:23.848054+00:00)
2026-07-31 15:25:41 | INFO | Found latest version of tr87: tr87-cd924810 (downloaded: 2026-06-08 07:25:23.848054+00:00)
2026-07-31 15:25:41 | INFO | Found latest version of tr87: tr87-cd924810 (downloaded: 2026-06-08 07:25:23.848054+00:00)
2026-07-31 15:25:41 | INFO | Found latest version of tr87: tr87-cd924810 (downloaded: 2026-06-08 07:25:23.848054+00:00)
2026-07-31 15:25:41 | INFO | Found latest version of tr87: tr87-cd924810 (downloaded: 2026-06-08 07:25:23.848054+00:00)
2026-07-31 15:25:41 | INFO | Found latest version of tr87: tr87-cd924810 (downloaded: 2026-06-08 07:25:23.848054+00:00)
2026-07-31 15:25:41 | INFO | Found latest version of tr87: tr87-cd924810 (downloaded: 2026-06-08 07:25:23.848054+00:00)
2026-07-31 15:25:41 | INFO | Found latest version of tr87: tr87-cd924810 (downloaded: 2026-06-08 07:25:23.848054+00:00)
2026-07-31 15:25:41 | INFO | Found latest version of tr87: tr87-cd924810 (downloaded: 2026-06-08 07:25:23.848054+00:00)
2026-07-31 15:25:41 | INFO | Found latest version of tr87: tr87-cd924810 (downloaded: 2026-06-08 07:25:23.848054+00:00)
2026-07-31 15:25:41 | INFO | Found latest version of tr87: tr87-cd924810 (downloaded: 2026-06-08 07:25:23.848054+00:00)
2026-07-31 15:25:41 | INFO | Found latest version of tr87: tr87-cd924810 (downloaded: 2026-06-08 07:25:23.848054+00:00)
2026-07-31 15:25:41 | INFO | Found latest version of tr87: tr87-cd924810 (downloaded: 2026-06-08 07:25:23.848054+00:00)
2026-07-31 15:25:41 | INFO | Found latest version of tr87: tr87-cd924810 (downloaded: 2026-06-08 07:25:23.848054+00:00)
2026-07-31 15:25:41 | INFO | Found latest version of tr87: tr87-cd924810 (downloaded: 2026-06-08 07:25:23.848054+00:00)
2026-07-31 15:25:41 | INFO | Found latest version of tr87: tr87-cd924810 (downloaded: 2026-06-08 07:25:23.848054+00:00)
2026-07-31 15:25:41 | INFO | Found latest version of tr87: tr87-cd924810 (downloaded: 2026-06-08 07:25:23.848054+00:00)
2026-07-31 15:25:41 | INFO | Found latest version of tr87: tr87-cd924810 (downloaded: 2026-06-08 07:25:23.848054+00:00)
2026-07-31 15:25:41 | INFO | Found latest version of tr87: tr87-cd924810 (downloaded: 2026-06-08 07:25:23.848054+00:00)
2026-07-31 15:25:41 | INFO | Found latest version of tr87: tr87-cd924810 (downloaded: 2026-06-08 07:25:23.848054+00:00)
2026-07-31 15:25:41 | INFO | Found latest version of tr87: tr87-cd924810 (downloaded: 2026-06-08 07:25:23.848054+00:00)
2026-07-31 15:25:41 | INFO | Found latest version of tr87: tr87-cd924810 (downloaded: 2026-06-08 07:25:23.848054+00:00)
2026-07-31 15:25:41 | INFO | Found latest version of tr87: tr87-cd924810 (downloaded: 2026-06-08 07:25:23.848054+00:00)
2026-07-31 15:25:41 | INFO | Found latest version of tr87: tr87-cd924810 (downloaded: 2026-06-08 07:25:23.848054+00:00)
2026-07-31 15:25:41 | INFO | Found latest version of tr87: tr87-cd924810 (downloaded: 2026-06-08 07:25:23.848054+00:00)
2026-07-31 15:25:41 | INFO | Found latest version of tr87: tr87-cd924810 (downloaded: 2026-06-08 07:25:23.848054+00:00)
2026-07-31 15:25:41 | INFO | Found latest version of tr87: tr87-cd924810 (downloaded: 2026-06-08 07:25:23.848054+00:00)
2026-07-31 15:25:41 | INFO | Found latest version of tr87: tr87-cd924810 (downloaded: 2026-06-08 07:25:23.848054+00:00)
2026-07-31 15:25:41 | INFO | Found latest version of tr87: tr87-cd924810 (downloaded: 2026-06-08 07:25:23.848054+00:00)
2026-07-31 15:25:41 | INFO | Found latest version of tr87: tr87-cd924810 (downloaded: 2026-06-08 07:25:23.848054+00:00)
2026-07-31 15:25:41 | INFO | Found latest version of tr87: tr87-cd924810 (downloaded: 2026-06-08 07:25:23.848054+00:00)
2026-07-31 15:25:41 | INFO | Found latest version of tr87: tr87-cd924810 (downloaded: 2026-06-08 07:25:23.848054+00:00)
2026-07-31 15:25:41 | INFO | Found latest version of tr87: tr87-cd924810 (downloaded: 2026-06-08 07:25:23.848054+00:00)
2026-07-31 15:25:41 | INFO | Found latest version of tr87: tr87-cd924810 (downloaded: 2026-06-08 07:25:23.848054+00:00)
2026-07-31 15:25:41 | INFO | Found latest version of tr87: tr87-cd924810 (downloaded: 2026-06-08 07:25:23.848054+00:00)
2026-07-31 15:25:41 | INFO | Found latest version of tr87: tr87-cd924810 (downloaded: 2026-06-08 07:25:23.848054+00:00)
2026-07-31 15:25:44 | INFO | Found latest version of tr87: tr87-cd924810 (downloaded: 2026-06-08 07:25:23.848054+00:00)
2026-07-31 15:25:44 | INFO | Found latest version of tr87: tr87-cd924810 (downloaded: 2026-06-08 07:25:23.848054+00:00)
2026-07-31 15:25:44 | INFO | Found latest version of tr87: tr87-cd924810 (downloaded: 2026-06-08 07:25:23.848054+00:00)
2026-07-31 15:25:44 | INFO | Found latest version of tr87: tr87-cd924810 (downloaded: 2026-06-08 07:25:23.848054+00:00)
2026-07-31 15:25:44 | INFO | Found latest version of tr87: tr87-cd924810 (downloaded: 2026-06-08 07:25:23.848054+00:00)
2026-07-31 15:25:44 | INFO | Found latest version of tr87: tr87-cd924810 (downloaded: 2026-06-08 07:25:23.848054+00:00)
2026-07-31 15:25:44 | INFO | Found latest version of tr87: tr87-cd924810 (downloaded: 2026-06-08 07:25:23.848054+00:00)
2026-07-31 15:25:44 | INFO | Found latest version of tr87: tr87-cd924810 (downloaded: 2026-06-08 07:25:23.848054+00:00)
2026-07-31 15:25:44 | INFO | Found latest version of tr87: tr87-cd924810 (downloaded: 2026-06-08 07:25:23.848054+00:00)
2026-07-31 15:25:44 | INFO | Found latest version of tr87: tr87-cd924810 (downloaded: 2026-06-08 07:25:23.848054+00:00)
2026-07-31 15:25:44 | INFO | Found latest version of tr87: tr87-cd924810 (downloaded: 2026-06-08 07:25:23.848054+00:00)
2026-07-31 15:25:44 | INFO | Found latest version of tr87: tr87-cd924810 (downloaded: 2026-06-08 07:25:23.848054+00:00)
2026-07-31 15:25:44 | INFO | Found latest version of tr87: tr87-cd924810 (downloaded: 2026-06-08 07:25:23.848054+00:00)
2026-07-31 15:25:44 | INFO | Found latest version of tr87: tr87-cd924810 (downloaded: 2026-06-08 07:25:23.848054+00:00)
2026-07-31 15:25:44 | INFO | Found latest version of tr87: tr87-cd924810 (downloaded: 2026-06-08 07:25:23.848054+00:00)
2026-07-31 15:25:44 | INFO | Found latest version of tr87: tr87-cd924810 (downloaded: 2026-06-08 07:25:23.848054+00:00)
2026-07-31 15:25:44 | INFO | Found latest version of tr87: tr87-cd924810 (downloaded: 2026-06-08 07:25:23.848054+00:00)
2026-07-31 15:25:44 | INFO | Found latest version of tr87: tr87-cd924810 (downloaded: 2026-06-08 07:25:23.848054+00:00)
2026-07-31 15:25:44 | INFO | Found latest version of tr87: tr87-cd924810 (downloaded: 2026-06-08 07:25:23.848054+00:00)
2026-07-31 15:25:44 | INFO | Found latest version of tr87: tr87-cd924810 (downloaded: 2026-06-08 07:25:23.848054+00:00)
2026-07-31 15:25:44 | INFO | Found latest version of tr87: tr87-cd924810 (downloaded: 2026-06-08 07:25:23.848054+00:00)
2026-07-31 15:25:44 | INFO | Found latest version of tr87: tr87-cd924810 (downloaded: 2026-06-08 07:25:23.848054+00:00)
2026-07-31 15:25:44 | INFO | Found latest version of tr87: tr87-cd924810 (downloaded: 2026-06-08 07:25:23.848054+00:00)
2026-07-31 15:25:44 | INFO | Found latest version of tr87: tr87-cd924810 (downloaded: 2026-06-08 07:25:23.848054+00:00)
2026-07-31 15:25:44 | INFO | Found latest version of tr87: tr87-cd924810 (downloaded: 2026-06-08 07:25:23.848054+00:00)
2026-07-31 15:25:44 | INFO | Found latest version of tr87: tr87-cd924810 (downloaded: 2026-06-08 07:25:23.848054+00:00)
2026-07-31 15:25:44 | INFO | Found latest version of tr87: tr87-cd924810 (downloaded: 2026-06-08 07:25:23.848054+00:00)
2026-07-31 15:25:44 | INFO | Found latest version of tr87: tr87-cd924810 (downloaded: 2026-06-08 07:25:23.848054+00:00)
2026-07-31 15:25:44 | INFO | Found latest version of tr87: tr87-cd924810 (downloaded: 2026-06-08 07:25:23.848054+00:00)
2026-07-31 15:25:44 | INFO | Found latest version of tr87: tr87-cd924810 (downloaded: 2026-06-08 07:25:23.848054+00:00)
2026-07-31 15:25:44 | INFO | Found latest version of tr87: tr87-cd924810 (downloaded: 2026-06-08 07:25:23.848054+00:00)
2026-07-31 15:25:44 | INFO | Found latest version of tr87: tr87-cd924810 (downloaded: 2026-06-08 07:25:23.848054+00:00)
2026-07-31 15:25:44 | INFO | Found latest version of tr87: tr87-cd924810 (downloaded: 2026-06-08 07:25:23.848054+00:00)
2026-07-31 15:25:44 | INFO | Found latest version of tr87: tr87-cd924810 (downloaded: 2026-06-08 07:25:23.848054+00:00)
2026-07-31 15:25:44 | INFO | Found latest version of tr87: tr87-cd924810 (downloaded: 2026-06-08 07:25:23.848054+00:00)
2026-07-31 15:25:44 | INFO | Found latest version of tr87: tr87-cd924810 (downloaded: 2026-06-08 07:25:23.848054+00:00)
2026-07-31 15:25:44 | INFO | Found latest version of tr87: tr87-cd924810 (downloaded: 2026-06-08 07:25:23.848054+00:00)
2026-07-31 15:25:44 | INFO | Found latest version of tr87: tr87-cd924810 (downloaded: 2026-06-08 07:25:23.848054+00:00)
2026-07-31 15:25:44 | INFO | Found latest version of tr87: tr87-cd924810 (downloaded: 2026-06-08 07:25:23.848054+00:00)
2026-07-31 15:25:44 | INFO | Found latest version of tr87: tr87-cd924810 (downloaded: 2026-06-08 07:25:23.848054+00:00)
2026-07-31 15:25:44 | INFO | Found latest version of tr87: tr87-cd924810 (downloaded: 2026-06-08 07:25:23.848054+00:00)
2026-07-31 15:25:44 | INFO | Found latest version of tr87: tr87-cd924810 (downloaded: 2026-06-08 07:25:23.848054+00:00)
2026-07-31 15:25:44 | INFO | Found latest version of tr87: tr87-cd924810 (downloaded: 2026-06-08 07:25:23.848054+00:00)
2026-07-31 15:25:44 | INFO | Found latest version of tr87: tr87-cd924810 (downloaded: 2026-06-08 07:25:23.848054+00:00)
2026-07-31 15:25:44 | INFO | Found latest version of tr87: tr87-cd924810 (downloaded: 2026-06-08 07:25:23.848054+00:00)
2026-07-31 15:25:45 | INFO | Found latest version of tr87: tr87-cd924810 (downloaded: 2026-06-08 07:25:23.848054+00:00)
2026-07-31 15:25:45 | INFO | Found latest version of tr87: tr87-cd924810 (downloaded: 2026-06-08 07:25:23.848054+00:00)
2026-07-31 15:25:45 | INFO | Found latest version of tr87: tr87-cd924810 (downloaded: 2026-06-08 07:25:23.848054+00:00)
2026-07-31 15:25:45 | INFO | Found latest version of tr87: tr87-cd924810 (downloaded: 2026-06-08 07:25:23.848054+00:00)
2026-07-31 15:25:45 | INFO | Found latest version of tr87: tr87-cd924810 (downloaded: 2026-06-08 07:25:23.848054+00:00)
2026-07-31 15:25:45 | INFO | Found latest version of tr87: tr87-cd924810 (downloaded: 2026-06-08 07:25:23.848054+00:00)
2026-07-31 15:25:45 | INFO | Found latest version of tr87: tr87-cd924810 (downloaded: 2026-06-08 07:25:23.848054+00:00)
2026-07-31 15:25:45 | INFO | Found latest version of tr87: tr87-cd924810 (downloaded: 2026-06-08 07:25:23.848054+00:00)
2026-07-31 15:25:45 | INFO | Found latest version of tr87: tr87-cd924810 (downloaded: 2026-06-08 07:25:23.848054+00:00)
2026-07-31 15:25:45 | INFO | Found latest version of tr87: tr87-cd924810 (downloaded: 2026-06-08 07:25:23.848054+00:00)
2026-07-31 15:25:45 | INFO | Found latest version of tr87: tr87-cd924810 (downloaded: 2026-06-08 07:25:23.848054+00:00)
2026-07-31 15:25:45 | INFO | Found latest version of tr87: tr87-cd924810 (downloaded: 2026-06-08 07:25:23.848054+00:00)
2026-07-31 15:25:45 | INFO | Found latest version of tr87: tr87-cd924810 (downloaded: 2026-06-08 07:25:23.848054+00:00)
2026-07-31 15:25:45 | INFO | Found latest version of tr87: tr87-cd924810 (downloaded: 2026-06-08 07:25:23.848054+00:00)
2026-07-31 15:25:45 | INFO | Found latest version of tr87: tr87-cd924810 (downloaded: 2026-06-08 07:25:23.848054+00:00)
2026-07-31 15:25:45 | INFO | Found latest version of tr87: tr87-cd924810 (downloaded: 2026-06-08 07:25:23.848054+00:00)
2026-07-31 15:25:45 | INFO | Found latest version of tr87: tr87-cd924810 (downloaded: 2026-06-08 07:25:23.848054+00:00)
2026-07-31 15:25:45 | INFO | Found latest version of tr87: tr87-cd924810 (downloaded: 2026-06-08 07:25:23.848054+00:00)
2026-07-31 15:25:48 | INFO | Found latest version of tr87: tr87-cd924810 (downloaded: 2026-06-08 07:25:23.848054+00:00)
2026-07-31 15:25:48 | INFO | Found latest version of tr87: tr87-cd924810 (downloaded: 2026-06-08 07:25:23.848054+00:00)
2026-07-31 15:25:48 | INFO | Found latest version of tr87: tr87-cd924810 (downloaded: 2026-06-08 07:25:23.848054+00:00)
2026-07-31 15:25:48 | INFO | Found latest version of tr87: tr87-cd924810 (downloaded: 2026-06-08 07:25:23.848054+00:00)
2026-07-31 15:25:48 | INFO | Found latest version of tr87: tr87-cd924810 (downloaded: 2026-06-08 07:25:23.848054+00:00)
2026-07-31 15:25:48 | INFO | Found latest version of tr87: tr87-cd924810 (downloaded: 2026-06-08 07:25:23.848054+00:00)
2026-07-31 15:25:48 | INFO | Found latest version of tr87: tr87-cd924810 (downloaded: 2026-06-08 07:25:23.848054+00:00)
2026-07-31 15:25:48 | INFO | Found latest version of tr87: tr87-cd924810 (downloaded: 2026-06-08 07:25:23.848054+00:00)
2026-07-31 15:25:48 | INFO | Found latest version of tr87: tr87-cd924810 (downloaded: 2026-06-08 07:25:23.848054+00:00)
2026-07-31 15:25:48 | INFO | Found latest version of tr87: tr87-cd924810 (downloaded: 2026-06-08 07:25:23.848054+00:00)
2026-07-31 15:25:48 | INFO | Found latest version of tr87: tr87-cd924810 (downloaded: 2026-06-08 07:25:23.848054+00:00)
2026-07-31 15:25:48 | INFO | Found latest version of tr87: tr87-cd924810 (downloaded: 2026-06-08 07:25:23.848054+00:00)
2026-07-31 15:25:48 | INFO | Found latest version of tr87: tr87-cd924810 (downloaded: 2026-06-08 07:25:23.848054+00:00)
2026-07-31 15:25:48 | INFO | Found latest version of tr87: tr87-cd924810 (downloaded: 2026-06-08 07:25:23.848054+00:00)
2026-07-31 15:25:48 | INFO | Found latest version of tr87: tr87-cd924810 (downloaded: 2026-06-08 07:25:23.848054+00:00)
2026-07-31 15:25:48 | INFO | Found latest version of tr87: tr87-cd924810 (downloaded: 2026-06-08 07:25:23.848054+00:00)
2026-07-31 15:25:48 | INFO | Found latest version of tr87: tr87-cd924810 (downloaded: 2026-06-08 07:25:23.848054+00:00)
2026-07-31 15:25:48 | INFO | Found latest version of tr87: tr87-cd924810 (downloaded: 2026-06-08 07:25:23.848054+00:00)
2026-07-31 15:25:48 | INFO | Found latest version of tr87: tr87-cd924810 (downloaded: 2026-06-08 07:25:23.848054+00:00)
2026-07-31 15:25:48 | INFO | Found latest version of tr87: tr87-cd924810 (downloaded: 2026-06-08 07:25:23.848054+00:00)
2026-07-31 15:25:48 | INFO | Found latest version of tr87: tr87-cd924810 (downloaded: 2026-06-08 07:25:23.848054+00:00)
2026-07-31 15:25:48 | INFO | Found latest version of tr87: tr87-cd924810 (downloaded: 2026-06-08 07:25:23.848054+00:00)
2026-07-31 15:25:48 | INFO | Found latest version of tr87: tr87-cd924810 (downloaded: 2026-06-08 07:25:23.848054+00:00)
2026-07-31 15:25:48 | INFO | Found latest version of tr87: tr87-cd924810 (downloaded: 2026-06-08 07:25:23.848054+00:00)
2026-07-31 15:25:48 | INFO | Found latest version of tr87: tr87-cd924810 (downloaded: 2026-06-08 07:25:23.848054+00:00)
2026-07-31 15:25:48 | INFO | Found latest version of tr87: tr87-cd924810 (downloaded: 2026-06-08 07:25:23.848054+00:00)
2026-07-31 15:25:48 | INFO | Found latest version of tr87: tr87-cd924810 (downloaded: 2026-06-08 07:25:23.848054+00:00)
2026-07-31 15:25:48 | INFO | Found latest version of tr87: tr87-cd924810 (downloaded: 2026-06-08 07:25:23.848054+00:00)
2026-07-31 15:25:48 | INFO | Found latest version of tr87: tr87-cd924810 (downloaded: 2026-06-08 07:25:23.848054+00:00)
2026-07-31 15:25:48 | INFO | Found latest version of tr87: tr87-cd924810 (downloaded: 2026-06-08 07:25:23.848054+00:00)
2026-07-31 15:25:48 | INFO | Found latest version of tr87: tr87-cd924810 (downloaded: 2026-06-08 07:25:23.848054+00:00)
2026-07-31 15:25:48 | INFO | Found latest version of tr87: tr87-cd924810 (downloaded: 2026-06-08 07:25:23.848054+00:00)
2026-07-31 15:25:48 | INFO | Found latest version of tr87: tr87-cd924810 (downloaded: 2026-06-08 07:25:23.848054+00:00)
2026-07-31 15:25:48 | INFO | Found latest version of tr87: tr87-cd924810 (downloaded: 2026-06-08 07:25:23.848054+00:00)
2026-07-31 15:25:48 | INFO | Found latest version of tr87: tr87-cd924810 (downloaded: 2026-06-08 07:25:23.848054+00:00)
2026-07-31 15:25:48 | INFO | Found latest version of tr87: tr87-cd924810 (downloaded: 2026-06-08 07:25:23.848054+00:00)
2026-07-31 15:25:48 | INFO | Found latest version of tr87: tr87-cd924810 (downloaded: 2026-06-08 07:25:23.848054+00:00)
2026-07-31 15:25:48 | INFO | Found latest version of tr87: tr87-cd924810 (downloaded: 2026-06-08 07:25:23.848054+00:00)
2026-07-31 15:25:48 | INFO | Found latest version of tr87: tr87-cd924810 (downloaded: 2026-06-08 07:25:23.848054+00:00)
2026-07-31 15:25:48 | INFO | Found latest version of tr87: tr87-cd924810 (downloaded: 2026-06-08 07:25:23.848054+00:00)
2026-07-31 15:25:48 | INFO | Found latest version of tr87: tr87-cd924810 (downloaded: 2026-06-08 07:25:23.848054+00:00)
2026-07-31 15:25:48 | INFO | Found latest version of tr87: tr87-cd924810 (downloaded: 2026-06-08 07:25:23.848054+00:00)
2026-07-31 15:25:48 | INFO | Found latest version of tr87: tr87-cd924810 (downloaded: 2026-06-08 07:25:23.848054+00:00)
2026-07-31 15:25:48 | INFO | Found latest version of tr87: tr87-cd924810 (downloaded: 2026-06-08 07:25:23.848054+00:00)
2026-07-31 15:25:48 | INFO | Found latest version of tr87: tr87-cd924810 (downloaded: 2026-06-08 07:25:23.848054+00:00)
2026-07-31 15:25:48 | INFO | Found latest version of tr87: tr87-cd924810 (downloaded: 2026-06-08 07:25:23.848054+00:00)
2026-07-31 15:25:48 | INFO | Found latest version of tr87: tr87-cd924810 (downloaded: 2026-06-08 07:25:23.848054+00:00)
2026-07-31 15:25:48 | INFO | Found latest version of tr87: tr87-cd924810 (downloaded: 2026-06-08 07:25:23.848054+00:00)
2026-07-31 15:25:48 | INFO | Found latest version of tr87: tr87-cd924810 (downloaded: 2026-06-08 07:25:23.848054+00:00)
2026-07-31 15:25:48 | INFO | Found latest version of tr87: tr87-cd924810 (downloaded: 2026-06-08 07:25:23.848054+00:00)
2026-07-31 15:25:48 | INFO | Found latest version of tr87: tr87-cd924810 (downloaded: 2026-06-08 07:25:23.848054+00:00)
2026-07-31 15:25:48 | INFO | Found latest version of tr87: tr87-cd924810 (downloaded: 2026-06-08 07:25:23.848054+00:00)
2026-07-31 15:25:48 | INFO | Found latest version of tr87: tr87-cd924810 (downloaded: 2026-06-08 07:25:23.848054+00:00)
2026-07-31 15:25:48 | INFO | Found latest version of tr87: tr87-cd924810 (downloaded: 2026-06-08 07:25:23.848054+00:00)
2026-07-31 15:25:48 | INFO | Found latest version of tr87: tr87-cd924810 (downloaded: 2026-06-08 07:25:23.848054+00:00)
2026-07-31 15:25:48 | INFO | Found latest version of tr87: tr87-cd924810 (downloaded: 2026-06-08 07:25:23.848054+00:00)
2026-07-31 15:25:48 | INFO | Found latest version of tr87: tr87-cd924810 (downloaded: 2026-06-08 07:25:23.848054+00:00)
2026-07-31 15:25:48 | INFO | Found latest version of tr87: tr87-cd924810 (downloaded: 2026-06-08 07:25:23.848054+00:00)
2026-07-31 15:25:48 | INFO | Found latest version of tr87: tr87-cd924810 (downloaded: 2026-06-08 07:25:23.848054+00:00)
2026-07-31 15:25:48 | INFO | Found latest version of tr87: tr87-cd924810 (downloaded: 2026-06-08 07:25:23.848054+00:00)
2026-07-31 15:25:48 | INFO | Found latest version of tr87: tr87-cd924810 (downloaded: 2026-06-08 07:25:23.848054+00:00)
2026-07-31 15:25:48 | INFO | Found latest version of tr87: tr87-cd924810 (downloaded: 2026-06-08 07:25:23.848054+00:00)
2026-07-31 15:25:51 | INFO | Found latest version of tr87: tr87-cd924810 (downloaded: 2026-06-08 07:25:23.848054+00:00)
2026-07-31 15:25:51 | INFO | Found latest version of tr87: tr87-cd924810 (downloaded: 2026-06-08 07:25:23.848054+00:00)
2026-07-31 15:25:51 | INFO | Found latest version of tr87: tr87-cd924810 (downloaded: 2026-06-08 07:25:23.848054+00:00)
2026-07-31 15:25:51 | INFO | Found latest version of tr87: tr87-cd924810 (downloaded: 2026-06-08 07:25:23.848054+00:00)
2026-07-31 15:25:51 | INFO | Found latest version of tr87: tr87-cd924810 (downloaded: 2026-06-08 07:25:23.848054+00:00)
2026-07-31 15:25:51 | INFO | Found latest version of tr87: tr87-cd924810 (downloaded: 2026-06-08 07:25:23.848054+00:00)
2026-07-31 15:25:51 | INFO | Found latest version of tr87: tr87-cd924810 (downloaded: 2026-06-08 07:25:23.848054+00:00)
2026-07-31 15:25:51 | INFO | Found latest version of tr87: tr87-cd924810 (downloaded: 2026-06-08 07:25:23.848054+00:00)
2026-07-31 15:25:51 | INFO | Found latest version of tr87: tr87-cd924810 (downloaded: 2026-06-08 07:25:23.848054+00:00)
2026-07-31 15:25:51 | INFO | Found latest version of tr87: tr87-cd924810 (downloaded: 2026-06-08 07:25:23.848054+00:00)
2026-07-31 15:25:51 | INFO | Found latest version of tr87: tr87-cd924810 (downloaded: 2026-06-08 07:25:23.848054+00:00)
2026-07-31 15:25:51 | INFO | Found latest version of tr87: tr87-cd924810 (downloaded: 2026-06-08 07:25:23.848054+00:00)
2026-07-31 15:25:51 | INFO | Found latest version of tr87: tr87-cd924810 (downloaded: 2026-06-08 07:25:23.848054+00:00)
2026-07-31 15:25:51 | INFO | Found latest version of tr87: tr87-cd924810 (downloaded: 2026-06-08 07:25:23.848054+00:00)
2026-07-31 15:25:51 | INFO | Found latest version of tr87: tr87-cd924810 (downloaded: 2026-06-08 07:25:23.848054+00:00)
2026-07-31 15:25:51 | INFO | Found latest version of tr87: tr87-cd924810 (downloaded: 2026-06-08 07:25:23.848054+00:00)
2026-07-31 15:25:51 | INFO | Found latest version of tr87: tr87-cd924810 (downloaded: 2026-06-08 07:25:23.848054+00:00)
2026-07-31 15:25:51 | INFO | Found latest version of tr87: tr87-cd924810 (downloaded: 2026-06-08 07:25:23.848054+00:00)
2026-07-31 15:25:51 | INFO | Found latest version of tr87: tr87-cd924810 (downloaded: 2026-06-08 07:25:23.848054+00:00)
2026-07-31 15:25:51 | INFO | Found latest version of tr87: tr87-cd924810 (downloaded: 2026-06-08 07:25:23.848054+00:00)
2026-07-31 15:25:51 | INFO | Found latest version of tr87: tr87-cd924810 (downloaded: 2026-06-08 07:25:23.848054+00:00)
2026-07-31 15:25:51 | INFO | Found latest version of tr87: tr87-cd924810 (downloaded: 2026-06-08 07:25:23.848054+00:00)
2026-07-31 15:25:51 | INFO | Found latest version of tr87: tr87-cd924810 (downloaded: 2026-06-08 07:25:23.848054+00:00)
2026-07-31 15:25:52 | INFO | Found latest version of tr87: tr87-cd924810 (downloaded: 2026-06-08 07:25:23.848054+00:00)
2026-07-31 15:25:52 | INFO | Found latest version of tr87: tr87-cd924810 (downloaded: 2026-06-08 07:25:23.848054+00:00)
2026-07-31 15:25:52 | INFO | Found latest version of tr87: tr87-cd924810 (downloaded: 2026-06-08 07:25:23.848054+00:00)
2026-07-31 15:25:52 | INFO | Found latest version of tr87: tr87-cd924810 (downloaded: 2026-06-08 07:25:23.848054+00:00)
2026-07-31 15:25:52 | INFO | Found latest version of tr87: tr87-cd924810 (downloaded: 2026-06-08 07:25:23.848054+00:00)
2026-07-31 15:25:52 | INFO | Found latest version of tr87: tr87-cd924810 (downloaded: 2026-06-08 07:25:23.848054+00:00)
2026-07-31 15:25:52 | INFO | Found latest version of tr87: tr87-cd924810 (downloaded: 2026-06-08 07:25:23.848054+00:00)
2026-07-31 15:25:52 | INFO | Found latest version of tr87: tr87-cd924810 (downloaded: 2026-06-08 07:25:23.848054+00:00)
2026-07-31 15:25:52 | INFO | Found latest version of tr87: tr87-cd924810 (downloaded: 2026-06-08 07:25:23.848054+00:00)
2026-07-31 15:25:52 | INFO | Found latest version of tr87: tr87-cd924810 (downloaded: 2026-06-08 07:25:23.848054+00:00)
2026-07-31 15:25:52 | INFO | Found latest version of tr87: tr87-cd924810 (downloaded: 2026-06-08 07:25:23.848054+00:00)
2026-07-31 15:25:52 | INFO | Found latest version of tr87: tr87-cd924810 (downloaded: 2026-06-08 07:25:23.848054+00:00)
2026-07-31 15:25:52 | INFO | Found latest version of tr87: tr87-cd924810 (downloaded: 2026-06-08 07:25:23.848054+00:00)
2026-07-31 15:25:52 | INFO | Found latest version of tr87: tr87-cd924810 (downloaded: 2026-06-08 07:25:23.848054+00:00)
2026-07-31 15:25:52 | INFO | Found latest version of tr87: tr87-cd924810 (downloaded: 2026-06-08 07:25:23.848054+00:00)
2026-07-31 15:25:52 | INFO | Found latest version of tr87: tr87-cd924810 (downloaded: 2026-06-08 07:25:23.848054+00:00)
2026-07-31 15:25:52 | INFO | Found latest version of tr87: tr87-cd924810 (downloaded: 2026-06-08 07:25:23.848054+00:00)
2026-07-31 15:25:52 | INFO | Found latest version of tr87: tr87-cd924810 (downloaded: 2026-06-08 07:25:23.848054+00:00)
2026-07-31 15:25:52 | INFO | Found latest version of tr87: tr87-cd924810 (downloaded: 2026-06-08 07:25:23.848054+00:00)
2026-07-31 15:25:52 | INFO | Found latest version of tr87: tr87-cd924810 (downloaded: 2026-06-08 07:25:23.848054+00:00)
2026-07-31 15:25:52 | INFO | Found latest version of tr87: tr87-cd924810 (downloaded: 2026-06-08 07:25:23.848054+00:00)
2026-07-31 15:25:52 | INFO | Found latest version of tr87: tr87-cd924810 (downloaded: 2026-06-08 07:25:23.848054+00:00)
2026-07-31 15:25:52 | INFO | Found latest version of tr87: tr87-cd924810 (downloaded: 2026-06-08 07:25:23.848054+00:00)
2026-07-31 15:25:52 | INFO | Found latest version of tr87: tr87-cd924810 (downloaded: 2026-06-08 07:25:23.848054+00:00)
2026-07-31 15:25:52 | INFO | Found latest version of tr87: tr87-cd924810 (downloaded: 2026-06-08 07:25:23.848054+00:00)
2026-07-31 15:25:52 | INFO | Found latest version of tr87: tr87-cd924810 (downloaded: 2026-06-08 07:25:23.848054+00:00)
2026-07-31 15:25:52 | INFO | Found latest version of tr87: tr87-cd924810 (downloaded: 2026-06-08 07:25:23.848054+00:00)
2026-07-31 15:25:52 | INFO | Found latest version of tr87: tr87-cd924810 (downloaded: 2026-06-08 07:25:23.848054+00:00)
2026-07-31 15:25:52 | INFO | Found latest version of tr87: tr87-cd924810 (downloaded: 2026-06-08 07:25:23.848054+00:00)
2026-07-31 15:25:52 | INFO | Found latest version of tr87: tr87-cd924810 (downloaded: 2026-06-08 07:25:23.848054+00:00)
2026-07-31 15:25:52 | INFO | Found latest version of tr87: tr87-cd924810 (downloaded: 2026-06-08 07:25:23.848054+00:00)
2026-07-31 15:25:52 | INFO | Found latest version of tr87: tr87-cd924810 (downloaded: 2026-06-08 07:25:23.848054+00:00)
2026-07-31 15:25:52 | INFO | Found latest version of tr87: tr87-cd924810 (downloaded: 2026-06-08 07:25:23.848054+00:00)
2026-07-31 15:25:52 | INFO | Found latest version of tr87: tr87-cd924810 (downloaded: 2026-06-08 07:25:23.848054+00:00)
2026-07-31 15:25:52 | INFO | Found latest version of tr87: tr87-cd924810 (downloaded: 2026-06-08 07:25:23.848054+00:00)
2026-07-31 15:25:52 | INFO | Found latest version of tr87: tr87-cd924810 (downloaded: 2026-06-08 07:25:23.848054+00:00)
2026-07-31 15:25:52 | INFO | Found latest version of tr87: tr87-cd924810 (downloaded: 2026-06-08 07:25:23.848054+00:00)
2026-07-31 15:25:52 | INFO | Found latest version of tr87: tr87-cd924810 (downloaded: 2026-06-08 07:25:23.848054+00:00)
2026-07-31 15:25:52 | INFO | Found latest version of tr87: tr87-cd924810 (downloaded: 2026-06-08 07:25:23.848054+00:00)
2026-07-31 15:25:52 | INFO | Found latest version of tr87: tr87-cd924810 (downloaded: 2026-06-08 07:25:23.848054+00:00)
2026-07-31 15:25:55 | INFO | Found latest version of tr87: tr87-cd924810 (downloaded: 2026-06-08 07:25:23.848054+00:00)
2026-07-31 15:25:55 | INFO | Found latest version of tr87: tr87-cd924810 (downloaded: 2026-06-08 07:25:23.848054+00:00)
2026-07-31 15:25:55 | INFO | Found latest version of tr87: tr87-cd924810 (downloaded: 2026-06-08 07:25:23.848054+00:00)
2026-07-31 15:25:55 | INFO | Found latest version of tr87: tr87-cd924810 (downloaded: 2026-06-08 07:25:23.848054+00:00)
2026-07-31 15:25:55 | INFO | Found latest version of tr87: tr87-cd924810 (downloaded: 2026-06-08 07:25:23.848054+00:00)
2026-07-31 15:25:55 | INFO | Found latest version of tr87: tr87-cd924810 (downloaded: 2026-06-08 07:25:23.848054+00:00)
2026-07-31 15:25:55 | INFO | Found latest version of tr87: tr87-cd924810 (downloaded: 2026-06-08 07:25:23.848054+00:00)
2026-07-31 15:25:55 | INFO | Found latest version of tr87: tr87-cd924810 (downloaded: 2026-06-08 07:25:23.848054+00:00)
2026-07-31 15:25:55 | INFO | Found latest version of tr87: tr87-cd924810 (downloaded: 2026-06-08 07:25:23.848054+00:00)
2026-07-31 15:25:55 | INFO | Found latest version of tr87: tr87-cd924810 (downloaded: 2026-06-08 07:25:23.848054+00:00)
2026-07-31 15:25:55 | INFO | Found latest version of tr87: tr87-cd924810 (downloaded: 2026-06-08 07:25:23.848054+00:00)
2026-07-31 15:25:55 | INFO | Found latest version of tr87: tr87-cd924810 (downloaded: 2026-06-08 07:25:23.848054+00:00)
2026-07-31 15:25:55 | INFO | Found latest version of tr87: tr87-cd924810 (downloaded: 2026-06-08 07:25:23.848054+00:00)
2026-07-31 15:25:55 | INFO | Found latest version of tr87: tr87-cd924810 (downloaded: 2026-06-08 07:25:23.848054+00:00)
2026-07-31 15:25:55 | INFO | Found latest version of tr87: tr87-cd924810 (downloaded: 2026-06-08 07:25:23.848054+00:00)
2026-07-31 15:25:55 | INFO | Found latest version of tr87: tr87-cd924810 (downloaded: 2026-06-08 07:25:23.848054+00:00)
2026-07-31 15:25:56 | INFO | Found latest version of tr87: tr87-cd924810 (downloaded: 2026-06-08 07:25:23.848054+00:00)
2026-07-31 15:25:56 | INFO | Found latest version of tr87: tr87-cd924810 (downloaded: 2026-06-08 07:25:23.848054+00:00)
2026-07-31 15:25:56 | INFO | Found latest version of tr87: tr87-cd924810 (downloaded: 2026-06-08 07:25:23.848054+00:00)
2026-07-31 15:25:56 | INFO | Found latest version of tr87: tr87-cd924810 (downloaded: 2026-06-08 07:25:23.848054+00:00)
2026-07-31 15:25:56 | INFO | Found latest version of tr87: tr87-cd924810 (downloaded: 2026-06-08 07:25:23.848054+00:00)
2026-07-31 15:25:56 | INFO | Found latest version of tr87: tr87-cd924810 (downloaded: 2026-06-08 07:25:23.848054+00:00)
2026-07-31 15:25:56 | INFO | Found latest version of tr87: tr87-cd924810 (downloaded: 2026-06-08 07:25:23.848054+00:00)
2026-07-31 15:25:56 | INFO | Found latest version of tr87: tr87-cd924810 (downloaded: 2026-06-08 07:25:23.848054+00:00)
2026-07-31 15:25:56 | INFO | Found latest version of tr87: tr87-cd924810 (downloaded: 2026-06-08 07:25:23.848054+00:00)
2026-07-31 15:25:56 | INFO | Found latest version of tr87: tr87-cd924810 (downloaded: 2026-06-08 07:25:23.848054+00:00)
2026-07-31 15:25:56 | INFO | Found latest version of tr87: tr87-cd924810 (downloaded: 2026-06-08 07:25:23.848054+00:00)
2026-07-31 15:25:56 | INFO | Found latest version of tr87: tr87-cd924810 (downloaded: 2026-06-08 07:25:23.848054+00:00)
2026-07-31 15:25:56 | INFO | Found latest version of tr87: tr87-cd924810 (downloaded: 2026-06-08 07:25:23.848054+00:00)
2026-07-31 15:25:56 | INFO | Found latest version of tr87: tr87-cd924810 (downloaded: 2026-06-08 07:25:23.848054+00:00)
2026-07-31 15:25:56 | INFO | Found latest version of tr87: tr87-cd924810 (downloaded: 2026-06-08 07:25:23.848054+00:00)
2026-07-31 15:25:56 | INFO | Found latest version of tr87: tr87-cd924810 (downloaded: 2026-06-08 07:25:23.848054+00:00)
2026-07-31 15:25:56 | INFO | Found latest version of tr87: tr87-cd924810 (downloaded: 2026-06-08 07:25:23.848054+00:00)
2026-07-31 15:25:56 | INFO | Found latest version of tr87: tr87-cd924810 (downloaded: 2026-06-08 07:25:23.848054+00:00)
2026-07-31 15:25:56 | INFO | Found latest version of tr87: tr87-cd924810 (downloaded: 2026-06-08 07:25:23.848054+00:00)
2026-07-31 15:25:56 | INFO | Found latest version of tr87: tr87-cd924810 (downloaded: 2026-06-08 07:25:23.848054+00:00)
2026-07-31 15:25:56 | INFO | Found latest version of tr87: tr87-cd924810 (downloaded: 2026-06-08 07:25:23.848054+00:00)
2026-07-31 15:25:56 | INFO | Found latest version of tr87: tr87-cd924810 (downloaded: 2026-06-08 07:25:23.848054+00:00)
2026-07-31 15:25:56 | INFO | Found latest version of tr87: tr87-cd924810 (downloaded: 2026-06-08 07:25:23.848054+00:00)
2026-07-31 15:25:56 | INFO | Found latest version of tr87: tr87-cd924810 (downloaded: 2026-06-08 07:25:23.848054+00:00)
2026-07-31 15:25:56 | INFO | Found latest version of tr87: tr87-cd924810 (downloaded: 2026-06-08 07:25:23.848054+00:00)
2026-07-31 15:25:56 | INFO | Found latest version of tr87: tr87-cd924810 (downloaded: 2026-06-08 07:25:23.848054+00:00)
2026-07-31 15:25:56 | INFO | Found latest version of tr87: tr87-cd924810 (downloaded: 2026-06-08 07:25:23.848054+00:00)
2026-07-31 15:25:56 | INFO | Found latest version of tr87: tr87-cd924810 (downloaded: 2026-06-08 07:25:23.848054+00:00)
2026-07-31 15:25:56 | INFO | Found latest version of tr87: tr87-cd924810 (downloaded: 2026-06-08 07:25:23.848054+00:00)
2026-07-31 15:25:56 | INFO | Found latest version of tr87: tr87-cd924810 (downloaded: 2026-06-08 07:25:23.848054+00:00)
2026-07-31 15:25:56 | INFO | Found latest version of tr87: tr87-cd924810 (downloaded: 2026-06-08 07:25:23.848054+00:00)
2026-07-31 15:25:56 | INFO | Found latest version of tr87: tr87-cd924810 (downloaded: 2026-06-08 07:25:23.848054+00:00)
2026-07-31 15:25:56 | INFO | Found latest version of tr87: tr87-cd924810 (downloaded: 2026-06-08 07:25:23.848054+00:00)
2026-07-31 15:25:56 | INFO | Found latest version of tr87: tr87-cd924810 (downloaded: 2026-06-08 07:25:23.848054+00:00)
2026-07-31 15:25:56 | INFO | Found latest version of tr87: tr87-cd924810 (downloaded: 2026-06-08 07:25:23.848054+00:00)
2026-07-31 15:25:56 | INFO | Found latest version of tr87: tr87-cd924810 (downloaded: 2026-06-08 07:25:23.848054+00:00)
2026-07-31 15:25:56 | INFO | Found latest version of tr87: tr87-cd924810 (downloaded: 2026-06-08 07:25:23.848054+00:00)
2026-07-31 15:25:56 | INFO | Found latest version of tr87: tr87-cd924810 (downloaded: 2026-06-08 07:25:23.848054+00:00)
2026-07-31 15:25:56 | INFO | Found latest version of tr87: tr87-cd924810 (downloaded: 2026-06-08 07:25:23.848054+00:00)
2026-07-31 15:25:56 | INFO | Found latest version of tr87: tr87-cd924810 (downloaded: 2026-06-08 07:25:23.848054+00:00)
2026-07-31 15:25:56 | INFO | Found latest version of tr87: tr87-cd924810 (downloaded: 2026-06-08 07:25:23.848054+00:00)
2026-07-31 15:25:56 | INFO | Found latest version of tr87: tr87-cd924810 (downloaded: 2026-06-08 07:25:23.848054+00:00)
2026-07-31 15:25:56 | INFO | Found latest version of tr87: tr87-cd924810 (downloaded: 2026-06-08 07:25:23.848054+00:00)
2026-07-31 15:25:56 | INFO | Found latest version of tr87: tr87-cd924810 (downloaded: 2026-06-08 07:25:23.848054+00:00)
2026-07-31 15:25:56 | INFO | Found latest version of tr87: tr87-cd924810 (downloaded: 2026-06-08 07:25:23.848054+00:00)
2026-07-31 15:25:56 | INFO | Found latest version of tr87: tr87-cd924810 (downloaded: 2026-06-08 07:25:23.848054+00:00)
2026-07-31 15:25:59 | INFO | Found latest version of tr87: tr87-cd924810 (downloaded: 2026-06-08 07:25:23.848054+00:00)
2026-07-31 15:25:59 | INFO | Found latest version of tr87: tr87-cd924810 (downloaded: 2026-06-08 07:25:23.848054+00:00)
2026-07-31 15:25:59 | INFO | Found latest version of tr87: tr87-cd924810 (downloaded: 2026-06-08 07:25:23.848054+00:00)
2026-07-31 15:25:59 | INFO | Found latest version of tr87: tr87-cd924810 (downloaded: 2026-06-08 07:25:23.848054+00:00)
2026-07-31 15:25:59 | INFO | Found latest version of tr87: tr87-cd924810 (downloaded: 2026-06-08 07:25:23.848054+00:00)
2026-07-31 15:25:59 | INFO | Found latest version of tr87: tr87-cd924810 (downloaded: 2026-06-08 07:25:23.848054+00:00)
2026-07-31 15:25:59 | INFO | Found latest version of tr87: tr87-cd924810 (downloaded: 2026-06-08 07:25:23.848054+00:00)
2026-07-31 15:25:59 | INFO | Found latest version of tr87: tr87-cd924810 (downloaded: 2026-06-08 07:25:23.848054+00:00)
2026-07-31 15:25:59 | INFO | Found latest version of tr87: tr87-cd924810 (downloaded: 2026-06-08 07:25:23.848054+00:00)
2026-07-31 15:25:59 | INFO | Found latest version of tr87: tr87-cd924810 (downloaded: 2026-06-08 07:25:23.848054+00:00)
2026-07-31 15:25:59 | INFO | Found latest version of tr87: tr87-cd924810 (downloaded: 2026-06-08 07:25:23.848054+00:00)
2026-07-31 15:25:59 | INFO | Found latest version of tr87: tr87-cd924810 (downloaded: 2026-06-08 07:25:23.848054+00:00)
2026-07-31 15:25:59 | INFO | Found latest version of tr87: tr87-cd924810 (downloaded: 2026-06-08 07:25:23.848054+00:00)
2026-07-31 15:25:59 | INFO | Found latest version of tr87: tr87-cd924810 (downloaded: 2026-06-08 07:25:23.848054+00:00)
2026-07-31 15:25:59 | INFO | Found latest version of tr87: tr87-cd924810 (downloaded: 2026-06-08 07:25:23.848054+00:00)
2026-07-31 15:25:59 | INFO | Found latest version of tr87: tr87-cd924810 (downloaded: 2026-06-08 07:25:23.848054+00:00)
2026-07-31 15:25:59 | INFO | Found latest version of tr87: tr87-cd924810 (downloaded: 2026-06-08 07:25:23.848054+00:00)
2026-07-31 15:25:59 | INFO | Found latest version of tr87: tr87-cd924810 (downloaded: 2026-06-08 07:25:23.848054+00:00)
2026-07-31 15:25:59 | INFO | Found latest version of tr87: tr87-cd924810 (downloaded: 2026-06-08 07:25:23.848054+00:00)
2026-07-31 15:25:59 | INFO | Found latest version of tr87: tr87-cd924810 (downloaded: 2026-06-08 07:25:23.848054+00:00)
2026-07-31 15:25:59 | INFO | Found latest version of tr87: tr87-cd924810 (downloaded: 2026-06-08 07:25:23.848054+00:00)
2026-07-31 15:25:59 | INFO | Found latest version of tr87: tr87-cd924810 (downloaded: 2026-06-08 07:25:23.848054+00:00)
2026-07-31 15:25:59 | INFO | Found latest version of tr87: tr87-cd924810 (downloaded: 2026-06-08 07:25:23.848054+00:00)
2026-07-31 15:25:59 | INFO | Found latest version of tr87: tr87-cd924810 (downloaded: 2026-06-08 07:25:23.848054+00:00)
2026-07-31 15:25:59 | INFO | Found latest version of tr87: tr87-cd924810 (downloaded: 2026-06-08 07:25:23.848054+00:00)
2026-07-31 15:25:59 | INFO | Found latest version of tr87: tr87-cd924810 (downloaded: 2026-06-08 07:25:23.848054+00:00)
2026-07-31 15:25:59 | INFO | Found latest version of tr87: tr87-cd924810 (downloaded: 2026-06-08 07:25:23.848054+00:00)
2026-07-31 15:25:59 | INFO | Found latest version of tr87: tr87-cd924810 (downloaded: 2026-06-08 07:25:23.848054+00:00)
2026-07-31 15:25:59 | INFO | Found latest version of tr87: tr87-cd924810 (downloaded: 2026-06-08 07:25:23.848054+00:00)
2026-07-31 15:25:59 | INFO | Found latest version of tr87: tr87-cd924810 (downloaded: 2026-06-08 07:25:23.848054+00:00)
2026-07-31 15:26:00 | INFO | Found latest version of tr87: tr87-cd924810 (downloaded: 2026-06-08 07:25:23.848054+00:00)
2026-07-31 15:26:00 | INFO | Found latest version of tr87: tr87-cd924810 (downloaded: 2026-06-08 07:25:23.848054+00:00)
2026-07-31 15:26:00 | INFO | Found latest version of tr87: tr87-cd924810 (downloaded: 2026-06-08 07:25:23.848054+00:00)
2026-07-31 15:26:00 | INFO | Found latest version of tr87: tr87-cd924810 (downloaded: 2026-06-08 07:25:23.848054+00:00)
2026-07-31 15:26:00 | INFO | Found latest version of tr87: tr87-cd924810 (downloaded: 2026-06-08 07:25:23.848054+00:00)
2026-07-31 15:26:00 | INFO | Found latest version of tr87: tr87-cd924810 (downloaded: 2026-06-08 07:25:23.848054+00:00)
2026-07-31 15:26:00 | INFO | Found latest version of tr87: tr87-cd924810 (downloaded: 2026-06-08 07:25:23.848054+00:00)
2026-07-31 15:26:00 | INFO | Found latest version of tr87: tr87-cd924810 (downloaded: 2026-06-08 07:25:23.848054+00:00)
2026-07-31 15:26:00 | INFO | Found latest version of tr87: tr87-cd924810 (downloaded: 2026-06-08 07:25:23.848054+00:00)
2026-07-31 15:26:00 | INFO | Found latest version of tr87: tr87-cd924810 (downloaded: 2026-06-08 07:25:23.848054+00:00)
2026-07-31 15:26:00 | INFO | Found latest version of tr87: tr87-cd924810 (downloaded: 2026-06-08 07:25:23.848054+00:00)
2026-07-31 15:26:00 | INFO | Found latest version of tr87: tr87-cd924810 (downloaded: 2026-06-08 07:25:23.848054+00:00)
2026-07-31 15:26:00 | INFO | Found latest version of tr87: tr87-cd924810 (downloaded: 2026-06-08 07:25:23.848054+00:00)
2026-07-31 15:26:00 | INFO | Found latest version of tr87: tr87-cd924810 (downloaded: 2026-06-08 07:25:23.848054+00:00)
2026-07-31 15:26:00 | INFO | Found latest version of tr87: tr87-cd924810 (downloaded: 2026-06-08 07:25:23.848054+00:00)
2026-07-31 15:26:00 | INFO | Found latest version of tr87: tr87-cd924810 (downloaded: 2026-06-08 07:25:23.848054+00:00)
2026-07-31 15:26:00 | INFO | Found latest version of tr87: tr87-cd924810 (downloaded: 2026-06-08 07:25:23.848054+00:00)
2026-07-31 15:26:00 | INFO | Found latest version of tr87: tr87-cd924810 (downloaded: 2026-06-08 07:25:23.848054+00:00)
2026-07-31 15:26:00 | INFO | Found latest version of tr87: tr87-cd924810 (downloaded: 2026-06-08 07:25:23.848054+00:00)
2026-07-31 15:26:00 | INFO | Found latest version of tr87: tr87-cd924810 (downloaded: 2026-06-08 07:25:23.848054+00:00)
2026-07-31 15:26:00 | INFO | Found latest version of tr87: tr87-cd924810 (downloaded: 2026-06-08 07:25:23.848054+00:00)
2026-07-31 15:26:00 | INFO | Found latest version of tr87: tr87-cd924810 (downloaded: 2026-06-08 07:25:23.848054+00:00)
2026-07-31 15:26:00 | INFO | Found latest version of tr87: tr87-cd924810 (downloaded: 2026-06-08 07:25:23.848054+00:00)
2026-07-31 15:26:00 | INFO | Found latest version of tr87: tr87-cd924810 (downloaded: 2026-06-08 07:25:23.848054+00:00)
2026-07-31 15:26:00 | INFO | Found latest version of tr87: tr87-cd924810 (downloaded: 2026-06-08 07:25:23.848054+00:00)
2026-07-31 15:26:00 | INFO | Found latest version of tr87: tr87-cd924810 (downloaded: 2026-06-08 07:25:23.848054+00:00)
2026-07-31 15:26:00 | INFO | Found latest version of tr87: tr87-cd924810 (downloaded: 2026-06-08 07:25:23.848054+00:00)
2026-07-31 15:26:00 | INFO | Found latest version of tr87: tr87-cd924810 (downloaded: 2026-06-08 07:25:23.848054+00:00)
2026-07-31 15:26:00 | INFO | Found latest version of tr87: tr87-cd924810 (downloaded: 2026-06-08 07:25:23.848054+00:00)
2026-07-31 15:26:00 | INFO | Found latest version of tr87: tr87-cd924810 (downloaded: 2026-06-08 07:25:23.848054+00:00)
2026-07-31 15:26:00 | INFO | Found latest version of tr87: tr87-cd924810 (downloaded: 2026-06-08 07:25:23.848054+00:00)
2026-07-31 15:26:00 | INFO | Found latest version of tr87: tr87-cd924810 (downloaded: 2026-06-08 07:25:23.848054+00:00)
2026-07-31 15:26:00 | INFO | Found latest version of tr87: tr87-cd924810 (downloaded: 2026-06-08 07:25:23.848054+00:00)
2026-07-31 15:26:03 | INFO | Found latest version of tr87: tr87-cd924810 (downloaded: 2026-06-08 07:25:23.848054+00:00)
2026-07-31 15:26:03 | INFO | Found latest version of tr87: tr87-cd924810 (downloaded: 2026-06-08 07:25:23.848054+00:00)
2026-07-31 15:26:03 | INFO | Found latest version of tr87: tr87-cd924810 (downloaded: 2026-06-08 07:25:23.848054+00:00)
2026-07-31 15:26:03 | INFO | Found latest version of tr87: tr87-cd924810 (downloaded: 2026-06-08 07:25:23.848054+00:00)
2026-07-31 15:26:03 | INFO | Found latest version of tr87: tr87-cd924810 (downloaded: 2026-06-08 07:25:23.848054+00:00)
2026-07-31 15:26:03 | INFO | Found latest version of tr87: tr87-cd924810 (downloaded: 2026-06-08 07:25:23.848054+00:00)
2026-07-31 15:26:03 | INFO | Found latest version of tr87: tr87-cd924810 (downloaded: 2026-06-08 07:25:23.848054+00:00)
2026-07-31 15:26:03 | INFO | Found latest version of tr87: tr87-cd924810 (downloaded: 2026-06-08 07:25:23.848054+00:00)
2026-07-31 15:26:03 | INFO | Found latest version of tr87: tr87-cd924810 (downloaded: 2026-06-08 07:25:23.848054+00:00)
2026-07-31 15:26:03 | INFO | Found latest version of tr87: tr87-cd924810 (downloaded: 2026-06-08 07:25:23.848054+00:00)
2026-07-31 15:26:03 | INFO | Found latest version of tr87: tr87-cd924810 (downloaded: 2026-06-08 07:25:23.848054+00:00)
2026-07-31 15:26:03 | INFO | Found latest version of tr87: tr87-cd924810 (downloaded: 2026-06-08 07:25:23.848054+00:00)
2026-07-31 15:26:03 | INFO | Found latest version of tr87: tr87-cd924810 (downloaded: 2026-06-08 07:25:23.848054+00:00)
2026-07-31 15:26:03 | INFO | Found latest version of tr87: tr87-cd924810 (downloaded: 2026-06-08 07:25:23.848054+00:00)
2026-07-31 15:26:03 | INFO | Found latest version of tr87: tr87-cd924810 (downloaded: 2026-06-08 07:25:23.848054+00:00)
2026-07-31 15:26:03 | INFO | Found latest version of tr87: tr87-cd924810 (downloaded: 2026-06-08 07:25:23.848054+00:00)
2026-07-31 15:26:03 | INFO | Found latest version of tr87: tr87-cd924810 (downloaded: 2026-06-08 07:25:23.848054+00:00)
2026-07-31 15:26:03 | INFO | Found latest version of tr87: tr87-cd924810 (downloaded: 2026-06-08 07:25:23.848054+00:00)
2026-07-31 15:26:03 | INFO | Found latest version of tr87: tr87-cd924810 (downloaded: 2026-06-08 07:25:23.848054+00:00)
2026-07-31 15:26:03 | INFO | Found latest version of tr87: tr87-cd924810 (downloaded: 2026-06-08 07:25:23.848054+00:00)
2026-07-31 15:26:03 | INFO | Found latest version of tr87: tr87-cd924810 (downloaded: 2026-06-08 07:25:23.848054+00:00)
2026-07-31 15:26:03 | INFO | Found latest version of tr87: tr87-cd924810 (downloaded: 2026-06-08 07:25:23.848054+00:00)
2026-07-31 15:26:03 | INFO | Found latest version of tr87: tr87-cd924810 (downloaded: 2026-06-08 07:25:23.848054+00:00)
2026-07-31 15:26:03 | INFO | Found latest version of tr87: tr87-cd924810 (downloaded: 2026-06-08 07:25:23.848054+00:00)
2026-07-31 15:26:03 | INFO | Found latest version of tr87: tr87-cd924810 (downloaded: 2026-06-08 07:25:23.848054+00:00)
2026-07-31 15:26:03 | INFO | Found latest version of tr87: tr87-cd924810 (downloaded: 2026-06-08 07:25:23.848054+00:00)
2026-07-31 15:26:04 | INFO | Found latest version of tr87: tr87-cd924810 (downloaded: 2026-06-08 07:25:23.848054+00:00)
2026-07-31 15:26:04 | INFO | Found latest version of tr87: tr87-cd924810 (downloaded: 2026-06-08 07:25:23.848054+00:00)
2026-07-31 15:26:04 | INFO | Found latest version of tr87: tr87-cd924810 (downloaded: 2026-06-08 07:25:23.848054+00:00)
2026-07-31 15:26:04 | INFO | Found latest version of tr87: tr87-cd924810 (downloaded: 2026-06-08 07:25:23.848054+00:00)
2026-07-31 15:26:04 | INFO | Found latest version of tr87: tr87-cd924810 (downloaded: 2026-06-08 07:25:23.848054+00:00)
2026-07-31 15:26:04 | INFO | Found latest version of tr87: tr87-cd924810 (downloaded: 2026-06-08 07:25:23.848054+00:00)
2026-07-31 15:26:04 | INFO | Found latest version of tr87: tr87-cd924810 (downloaded: 2026-06-08 07:25:23.848054+00:00)
2026-07-31 15:26:04 | INFO | Found latest version of tr87: tr87-cd924810 (downloaded: 2026-06-08 07:25:23.848054+00:00)
2026-07-31 15:26:04 | INFO | Found latest version of tr87: tr87-cd924810 (downloaded: 2026-06-08 07:25:23.848054+00:00)
2026-07-31 15:26:04 | INFO | Found latest version of tr87: tr87-cd924810 (downloaded: 2026-06-08 07:25:23.848054+00:00)
2026-07-31 15:26:04 | INFO | Found latest version of tr87: tr87-cd924810 (downloaded: 2026-06-08 07:25:23.848054+00:00)
2026-07-31 15:26:04 | INFO | Found latest version of tr87: tr87-cd924810 (downloaded: 2026-06-08 07:25:23.848054+00:00)
2026-07-31 15:26:04 | INFO | Found latest version of tr87: tr87-cd924810 (downloaded: 2026-06-08 07:25:23.848054+00:00)
2026-07-31 15:26:04 | INFO | Found latest version of tr87: tr87-cd924810 (downloaded: 2026-06-08 07:25:23.848054+00:00)
2026-07-31 15:26:04 | INFO | Found latest version of tr87: tr87-cd924810 (downloaded: 2026-06-08 07:25:23.848054+00:00)
2026-07-31 15:26:04 | INFO | Found latest version of tr87: tr87-cd924810 (downloaded: 2026-06-08 07:25:23.848054+00:00)
2026-07-31 15:26:04 | INFO | Found latest version of tr87: tr87-cd924810 (downloaded: 2026-06-08 07:25:23.848054+00:00)
2026-07-31 15:26:04 | INFO | Found latest version of tr87: tr87-cd924810 (downloaded: 2026-06-08 07:25:23.848054+00:00)
2026-07-31 15:26:04 | INFO | Found latest version of tr87: tr87-cd924810 (downloaded: 2026-06-08 07:25:23.848054+00:00)
2026-07-31 15:26:04 | INFO | Found latest version of tr87: tr87-cd924810 (downloaded: 2026-06-08 07:25:23.848054+00:00)
2026-07-31 15:26:04 | INFO | Found latest version of tr87: tr87-cd924810 (downloaded: 2026-06-08 07:25:23.848054+00:00)
2026-07-31 15:26:04 | INFO | Found latest version of tr87: tr87-cd924810 (downloaded: 2026-06-08 07:25:23.848054+00:00)
2026-07-31 15:26:04 | INFO | Found latest version of tr87: tr87-cd924810 (downloaded: 2026-06-08 07:25:23.848054+00:00)
2026-07-31 15:26:04 | INFO | Found latest version of tr87: tr87-cd924810 (downloaded: 2026-06-08 07:25:23.848054+00:00)
2026-07-31 15:26:04 | INFO | Found latest version of tr87: tr87-cd924810 (downloaded: 2026-06-08 07:25:23.848054+00:00)
2026-07-31 15:26:04 | INFO | Found latest version of tr87: tr87-cd924810 (downloaded: 2026-06-08 07:25:23.848054+00:00)
2026-07-31 15:26:04 | INFO | Found latest version of tr87: tr87-cd924810 (downloaded: 2026-06-08 07:25:23.848054+00:00)
2026-07-31 15:26:04 | INFO | Found latest version of tr87: tr87-cd924810 (downloaded: 2026-06-08 07:25:23.848054+00:00)
2026-07-31 15:26:04 | INFO | Found latest version of tr87: tr87-cd924810 (downloaded: 2026-06-08 07:25:23.848054+00:00)
2026-07-31 15:26:04 | INFO | Found latest version of tr87: tr87-cd924810 (downloaded: 2026-06-08 07:25:23.848054+00:00)
2026-07-31 15:26:04 | INFO | Found latest version of tr87: tr87-cd924810 (downloaded: 2026-06-08 07:25:23.848054+00:00)
2026-07-31 15:26:04 | INFO | Found latest version of tr87: tr87-cd924810 (downloaded: 2026-06-08 07:25:23.848054+00:00)
2026-07-31 15:26:04 | INFO | Found latest version of tr87: tr87-cd924810 (downloaded: 2026-06-08 07:25:23.848054+00:00)
2026-07-31 15:26:04 | INFO | Found latest version of tr87: tr87-cd924810 (downloaded: 2026-06-08 07:25:23.848054+00:00)
2026-07-31 15:26:04 | INFO | Found latest version of tr87: tr87-cd924810 (downloaded: 2026-06-08 07:25:23.848054+00:00)
2026-07-31 15:26:04 | INFO | Found latest version of tr87: tr87-cd924810 (downloaded: 2026-06-08 07:25:23.848054+00:00)
2026-07-31 15:26:07 | INFO | Found latest version of tr87: tr87-cd924810 (downloaded: 2026-06-08 07:25:23.848054+00:00)
2026-07-31 15:26:07 | INFO | Found latest version of tr87: tr87-cd924810 (downloaded: 2026-06-08 07:25:23.848054+00:00)
2026-07-31 15:26:07 | INFO | Found latest version of tr87: tr87-cd924810 (downloaded: 2026-06-08 07:25:23.848054+00:00)
2026-07-31 15:26:07 | INFO | Found latest version of tr87: tr87-cd924810 (downloaded: 2026-06-08 07:25:23.848054+00:00)
2026-07-31 15:26:07 | INFO | Found latest version of tr87: tr87-cd924810 (downloaded: 2026-06-08 07:25:23.848054+00:00)
2026-07-31 15:26:07 | INFO | Found latest version of tr87: tr87-cd924810 (downloaded: 2026-06-08 07:25:23.848054+00:00)
2026-07-31 15:26:07 | INFO | Found latest version of tr87: tr87-cd924810 (downloaded: 2026-06-08 07:25:23.848054+00:00)
2026-07-31 15:26:07 | INFO | Found latest version of tr87: tr87-cd924810 (downloaded: 2026-06-08 07:25:23.848054+00:00)
2026-07-31 15:26:07 | INFO | Found latest version of tr87: tr87-cd924810 (downloaded: 2026-06-08 07:25:23.848054+00:00)
2026-07-31 15:26:07 | INFO | Found latest version of tr87: tr87-cd924810 (downloaded: 2026-06-08 07:25:23.848054+00:00)
2026-07-31 15:26:07 | INFO | Found latest version of tr87: tr87-cd924810 (downloaded: 2026-06-08 07:25:23.848054+00:00)
2026-07-31 15:26:07 | INFO | Found latest version of tr87: tr87-cd924810 (downloaded: 2026-06-08 07:25:23.848054+00:00)
2026-07-31 15:26:07 | INFO | Found latest version of tr87: tr87-cd924810 (downloaded: 2026-06-08 07:25:23.848054+00:00)
2026-07-31 15:26:07 | INFO | Found latest version of tr87: tr87-cd924810 (downloaded: 2026-06-08 07:25:23.848054+00:00)
2026-07-31 15:26:07 | INFO | Found latest version of tr87: tr87-cd924810 (downloaded: 2026-06-08 07:25:23.848054+00:00)
2026-07-31 15:26:08 | INFO | Found latest version of tr87: tr87-cd924810 (downloaded: 2026-06-08 07:25:23.848054+00:00)
2026-07-31 15:26:08 | INFO | Found latest version of tr87: tr87-cd924810 (downloaded: 2026-06-08 07:25:23.848054+00:00)
2026-07-31 15:26:08 | INFO | Found latest version of tr87: tr87-cd924810 (downloaded: 2026-06-08 07:25:23.848054+00:00)
2026-07-31 15:26:08 | INFO | Found latest version of tr87: tr87-cd924810 (downloaded: 2026-06-08 07:25:23.848054+00:00)
2026-07-31 15:26:08 | INFO | Found latest version of tr87: tr87-cd924810 (downloaded: 2026-06-08 07:25:23.848054+00:00)
2026-07-31 15:26:08 | INFO | Found latest version of tr87: tr87-cd924810 (downloaded: 2026-06-08 07:25:23.848054+00:00)
2026-07-31 15:26:08 | INFO | Found latest version of tr87: tr87-cd924810 (downloaded: 2026-06-08 07:25:23.848054+00:00)
2026-07-31 15:26:08 | INFO | Found latest version of tr87: tr87-cd924810 (downloaded: 2026-06-08 07:25:23.848054+00:00)
2026-07-31 15:26:08 | INFO | Found latest version of tr87: tr87-cd924810 (downloaded: 2026-06-08 07:25:23.848054+00:00)
2026-07-31 15:26:08 | INFO | Found latest version of tr87: tr87-cd924810 (downloaded: 2026-06-08 07:25:23.848054+00:00)
2026-07-31 15:26:08 | INFO | Found latest version of tr87: tr87-cd924810 (downloaded: 2026-06-08 07:25:23.848054+00:00)
2026-07-31 15:26:08 | INFO | Found latest version of tr87: tr87-cd924810 (downloaded: 2026-06-08 07:25:23.848054+00:00)
2026-07-31 15:26:08 | INFO | Found latest version of tr87: tr87-cd924810 (downloaded: 2026-06-08 07:25:23.848054+00:00)
2026-07-31 15:26:08 | INFO | Found latest version of tr87: tr87-cd924810 (downloaded: 2026-06-08 07:25:23.848054+00:00)
2026-07-31 15:26:08 | INFO | Found latest version of tr87: tr87-cd924810 (downloaded: 2026-06-08 07:25:23.848054+00:00)
2026-07-31 15:26:08 | INFO | Found latest version of tr87: tr87-cd924810 (downloaded: 2026-06-08 07:25:23.848054+00:00)
2026-07-31 15:26:08 | INFO | Found latest version of tr87: tr87-cd924810 (downloaded: 2026-06-08 07:25:23.848054+00:00)
2026-07-31 15:26:08 | INFO | Found latest version of tr87: tr87-cd924810 (downloaded: 2026-06-08 07:25:23.848054+00:00)
2026-07-31 15:26:08 | INFO | Found latest version of tr87: tr87-cd924810 (downloaded: 2026-06-08 07:25:23.848054+00:00)
2026-07-31 15:26:08 | INFO | Found latest version of tr87: tr87-cd924810 (downloaded: 2026-06-08 07:25:23.848054+00:00)
2026-07-31 15:26:08 | INFO | Found latest version of tr87: tr87-cd924810 (downloaded: 2026-06-08 07:25:23.848054+00:00)
2026-07-31 15:26:08 | INFO | Found latest version of tr87: tr87-cd924810 (downloaded: 2026-06-08 07:25:23.848054+00:00)
2026-07-31 15:26:08 | INFO | Found latest version of tr87: tr87-cd924810 (downloaded: 2026-06-08 07:25:23.848054+00:00)
2026-07-31 15:26:08 | INFO | Found latest version of tr87: tr87-cd924810 (downloaded: 2026-06-08 07:25:23.848054+00:00)
2026-07-31 15:26:08 | INFO | Found latest version of tr87: tr87-cd924810 (downloaded: 2026-06-08 07:25:23.848054+00:00)
2026-07-31 15:26:08 | INFO | Found latest version of tr87: tr87-cd924810 (downloaded: 2026-06-08 07:25:23.848054+00:00)
2026-07-31 15:26:08 | INFO | Found latest version of tr87: tr87-cd924810 (downloaded: 2026-06-08 07:25:23.848054+00:00)
2026-07-31 15:26:08 | INFO | Found latest version of tr87: tr87-cd924810 (downloaded: 2026-06-08 07:25:23.848054+00:00)
2026-07-31 15:26:08 | INFO | Found latest version of tr87: tr87-cd924810 (downloaded: 2026-06-08 07:25:23.848054+00:00)
2026-07-31 15:26:08 | INFO | Found latest version of tr87: tr87-cd924810 (downloaded: 2026-06-08 07:25:23.848054+00:00)
2026-07-31 15:26:08 | INFO | Found latest version of tr87: tr87-cd924810 (downloaded: 2026-06-08 07:25:23.848054+00:00)
2026-07-31 15:26:08 | INFO | Found latest version of tr87: tr87-cd924810 (downloaded: 2026-06-08 07:25:23.848054+00:00)
2026-07-31 15:26:08 | INFO | Found latest version of tr87: tr87-cd924810 (downloaded: 2026-06-08 07:25:23.848054+00:00)
2026-07-31 15:26:08 | INFO | Found latest version of tr87: tr87-cd924810 (downloaded: 2026-06-08 07:25:23.848054+00:00)
2026-07-31 15:26:08 | INFO | Found latest version of tr87: tr87-cd924810 (downloaded: 2026-06-08 07:25:23.848054+00:00)
2026-07-31 15:26:08 | INFO | Found latest version of tr87: tr87-cd924810 (downloaded: 2026-06-08 07:25:23.848054+00:00)
2026-07-31 15:26:08 | INFO | Found latest version of tr87: tr87-cd924810 (downloaded: 2026-06-08 07:25:23.848054+00:00)
2026-07-31 15:26:08 | INFO | Found latest version of tr87: tr87-cd924810 (downloaded: 2026-06-08 07:25:23.848054+00:00)
2026-07-31 15:26:08 | INFO | Found latest version of tr87: tr87-cd924810 (downloaded: 2026-06-08 07:25:23.848054+00:00)
2026-07-31 15:26:08 | INFO | Found latest version of tr87: tr87-cd924810 (downloaded: 2026-06-08 07:25:23.848054+00:00)
2026-07-31 15:26:08 | INFO | Found latest version of tr87: tr87-cd924810 (downloaded: 2026-06-08 07:25:23.848054+00:00)
2026-07-31 15:26:08 | INFO | Found latest version of tr87: tr87-cd924810 (downloaded: 2026-06-08 07:25:23.848054+00:00)
2026-07-31 15:26:08 | INFO | Found latest version of tr87: tr87-cd924810 (downloaded: 2026-06-08 07:25:23.848054+00:00)
2026-07-31 15:26:08 | INFO | Found latest version of tr87: tr87-cd924810 (downloaded: 2026-06-08 07:25:23.848054+00:00)
2026-07-31 15:26:08 | INFO | Found latest version of tr87: tr87-cd924810 (downloaded: 2026-06-08 07:25:23.848054+00:00)
2026-07-31 15:26:08 | INFO | Found latest version of tr87: tr87-cd924810 (downloaded: 2026-06-08 07:25:23.848054+00:00)
2026-07-31 15:26:08 | INFO | Found latest version of tr87: tr87-cd924810 (downloaded: 2026-06-08 07:25:23.848054+00:00)
2026-07-31 15:26:08 | INFO | Found latest version of tr87: tr87-cd924810 (downloaded: 2026-06-08 07:25:23.848054+00:00)
2026-07-31 15:26:11 | INFO | Found latest version of tr87: tr87-cd924810 (downloaded: 2026-06-08 07:25:23.848054+00:00)
2026-07-31 15:26:11 | INFO | Found latest version of tr87: tr87-cd924810 (downloaded: 2026-06-08 07:25:23.848054+00:00)
2026-07-31 15:26:11 | INFO | Found latest version of tr87: tr87-cd924810 (downloaded: 2026-06-08 07:25:23.848054+00:00)
2026-07-31 15:26:11 | INFO | Found latest version of tr87: tr87-cd924810 (downloaded: 2026-06-08 07:25:23.848054+00:00)
2026-07-31 15:26:11 | INFO | Found latest version of tr87: tr87-cd924810 (downloaded: 2026-06-08 07:25:23.848054+00:00)
2026-07-31 15:26:11 | INFO | Found latest version of tr87: tr87-cd924810 (downloaded: 2026-06-08 07:25:23.848054+00:00)
2026-07-31 15:26:11 | INFO | Found latest version of tr87: tr87-cd924810 (downloaded: 2026-06-08 07:25:23.848054+00:00)
2026-07-31 15:26:11 | INFO | Found latest version of tr87: tr87-cd924810 (downloaded: 2026-06-08 07:25:23.848054+00:00)
2026-07-31 15:26:11 | INFO | Found latest version of tr87: tr87-cd924810 (downloaded: 2026-06-08 07:25:23.848054+00:00)
2026-07-31 15:26:11 | INFO | Found latest version of tr87: tr87-cd924810 (downloaded: 2026-06-08 07:25:23.848054+00:00)
2026-07-31 15:26:11 | INFO | Found latest version of tr87: tr87-cd924810 (downloaded: 2026-06-08 07:25:23.848054+00:00)
2026-07-31 15:26:11 | INFO | Found latest version of tr87: tr87-cd924810 (downloaded: 2026-06-08 07:25:23.848054+00:00)
2026-07-31 15:26:11 | INFO | Found latest version of tr87: tr87-cd924810 (downloaded: 2026-06-08 07:25:23.848054+00:00)
2026-07-31 15:26:12 | INFO | Found latest version of tr87: tr87-cd924810 (downloaded: 2026-06-08 07:25:23.848054+00:00)
2026-07-31 15:26:12 | INFO | Found latest version of tr87: tr87-cd924810 (downloaded: 2026-06-08 07:25:23.848054+00:00)
2026-07-31 15:26:12 | INFO | Found latest version of tr87: tr87-cd924810 (downloaded: 2026-06-08 07:25:23.848054+00:00)
2026-07-31 15:26:12 | INFO | Found latest version of tr87: tr87-cd924810 (downloaded: 2026-06-08 07:25:23.848054+00:00)
2026-07-31 15:26:12 | INFO | Found latest version of tr87: tr87-cd924810 (downloaded: 2026-06-08 07:25:23.848054+00:00)
2026-07-31 15:26:12 | INFO | Found latest version of tr87: tr87-cd924810 (downloaded: 2026-06-08 07:25:23.848054+00:00)
2026-07-31 15:26:12 | INFO | Found latest version of tr87: tr87-cd924810 (downloaded: 2026-06-08 07:25:23.848054+00:00)
2026-07-31 15:26:12 | INFO | Found latest version of tr87: tr87-cd924810 (downloaded: 2026-06-08 07:25:23.848054+00:00)
2026-07-31 15:26:12 | INFO | Found latest version of tr87: tr87-cd924810 (downloaded: 2026-06-08 07:25:23.848054+00:00)
2026-07-31 15:26:12 | INFO | Found latest version of tr87: tr87-cd924810 (downloaded: 2026-06-08 07:25:23.848054+00:00)
2026-07-31 15:26:12 | INFO | Found latest version of tr87: tr87-cd924810 (downloaded: 2026-06-08 07:25:23.848054+00:00)
2026-07-31 15:26:12 | INFO | Found latest version of tr87: tr87-cd924810 (downloaded: 2026-06-08 07:25:23.848054+00:00)
2026-07-31 15:26:12 | INFO | Found latest version of tr87: tr87-cd924810 (downloaded: 2026-06-08 07:25:23.848054+00:00)
2026-07-31 15:26:12 | INFO | Found latest version of tr87: tr87-cd924810 (downloaded: 2026-06-08 07:25:23.848054+00:00)
2026-07-31 15:26:12 | INFO | Found latest version of tr87: tr87-cd924810 (downloaded: 2026-06-08 07:25:23.848054+00:00)
2026-07-31 15:26:12 | INFO | Found latest version of tr87: tr87-cd924810 (downloaded: 2026-06-08 07:25:23.848054+00:00)
2026-07-31 15:26:12 | INFO | Found latest version of tr87: tr87-cd924810 (downloaded: 2026-06-08 07:25:23.848054+00:00)
2026-07-31 15:26:12 | INFO | Found latest version of tr87: tr87-cd924810 (downloaded: 2026-06-08 07:25:23.848054+00:00)
2026-07-31 15:26:12 | INFO | Found latest version of tr87: tr87-cd924810 (downloaded: 2026-06-08 07:25:23.848054+00:00)
2026-07-31 15:26:12 | INFO | Found latest version of tr87: tr87-cd924810 (downloaded: 2026-06-08 07:25:23.848054+00:00)
2026-07-31 15:26:12 | INFO | Found latest version of tr87: tr87-cd924810 (downloaded: 2026-06-08 07:25:23.848054+00:00)
2026-07-31 15:26:12 | INFO | Found latest version of tr87: tr87-cd924810 (downloaded: 2026-06-08 07:25:23.848054+00:00)
2026-07-31 15:26:12 | INFO | Found latest version of tr87: tr87-cd924810 (downloaded: 2026-06-08 07:25:23.848054+00:00)
2026-07-31 15:26:12 | INFO | Found latest version of tr87: tr87-cd924810 (downloaded: 2026-06-08 07:25:23.848054+00:00)
2026-07-31 15:26:12 | INFO | Found latest version of tr87: tr87-cd924810 (downloaded: 2026-06-08 07:25:23.848054+00:00)
2026-07-31 15:26:12 | INFO | Found latest version of tr87: tr87-cd924810 (downloaded: 2026-06-08 07:25:23.848054+00:00)
2026-07-31 15:26:12 | INFO | Found latest version of tr87: tr87-cd924810 (downloaded: 2026-06-08 07:25:23.848054+00:00)
2026-07-31 15:26:12 | INFO | Found latest version of tr87: tr87-cd924810 (downloaded: 2026-06-08 07:25:23.848054+00:00)
2026-07-31 15:26:12 | INFO | Found latest version of tr87: tr87-cd924810 (downloaded: 2026-06-08 07:25:23.848054+00:00)
2026-07-31 15:26:12 | INFO | Found latest version of tr87: tr87-cd924810 (downloaded: 2026-06-08 07:25:23.848054+00:00)
2026-07-31 15:26:12 | INFO | Found latest version of tr87: tr87-cd924810 (downloaded: 2026-06-08 07:25:23.848054+00:00)
2026-07-31 15:26:12 | INFO | Found latest version of tr87: tr87-cd924810 (downloaded: 2026-06-08 07:25:23.848054+00:00)
2026-07-31 15:26:12 | INFO | Found latest version of tr87: tr87-cd924810 (downloaded: 2026-06-08 07:25:23.848054+00:00)
2026-07-31 15:26:12 | INFO | Found latest version of tr87: tr87-cd924810 (downloaded: 2026-06-08 07:25:23.848054+00:00)
2026-07-31 15:26:12 | INFO | Found latest version of tr87: tr87-cd924810 (downloaded: 2026-06-08 07:25:23.848054+00:00)
2026-07-31 15:26:12 | INFO | Found latest version of tr87: tr87-cd924810 (downloaded: 2026-06-08 07:25:23.848054+00:00)
2026-07-31 15:26:12 | INFO | Found latest version of tr87: tr87-cd924810 (downloaded: 2026-06-08 07:25:23.848054+00:00)
2026-07-31 15:26:12 | INFO | Found latest version of tr87: tr87-cd924810 (downloaded: 2026-06-08 07:25:23.848054+00:00)
2026-07-31 15:26:12 | INFO | Found latest version of tr87: tr87-cd924810 (downloaded: 2026-06-08 07:25:23.848054+00:00)
2026-07-31 15:26:12 | INFO | Found latest version of tr87: tr87-cd924810 (downloaded: 2026-06-08 07:25:23.848054+00:00)
2026-07-31 15:26:12 | INFO | Found latest version of tr87: tr87-cd924810 (downloaded: 2026-06-08 07:25:23.848054+00:00)
2026-07-31 15:26:12 | INFO | Found latest version of tr87: tr87-cd924810 (downloaded: 2026-06-08 07:25:23.848054+00:00)
2026-07-31 15:26:12 | INFO | Found latest version of tr87: tr87-cd924810 (downloaded: 2026-06-08 07:25:23.848054+00:00)
2026-07-31 15:26:12 | INFO | Found latest version of tr87: tr87-cd924810 (downloaded: 2026-06-08 07:25:23.848054+00:00)
2026-07-31 15:26:12 | INFO | Found latest version of tr87: tr87-cd924810 (downloaded: 2026-06-08 07:25:23.848054+00:00)
2026-07-31 15:26:12 | INFO | Found latest version of tr87: tr87-cd924810 (downloaded: 2026-06-08 07:25:23.848054+00:00)
2026-07-31 15:26:12 | INFO | Found latest version of tr87: tr87-cd924810 (downloaded: 2026-06-08 07:25:23.848054+00:00)
2026-07-31 15:26:12 | INFO | Found latest version of tr87: tr87-cd924810 (downloaded: 2026-06-08 07:25:23.848054+00:00)
2026-07-31 15:26:12 | INFO | Found latest version of tr87: tr87-cd924810 (downloaded: 2026-06-08 07:25:23.848054+00:00)
2026-07-31 15:26:15 | INFO | Found latest version of tr87: tr87-cd924810 (downloaded: 2026-06-08 07:25:23.848054+00:00)
2026-07-31 15:26:15 | INFO | Found latest version of tr87: tr87-cd924810 (downloaded: 2026-06-08 07:25:23.848054+00:00)
2026-07-31 15:26:15 | INFO | Found latest version of tr87: tr87-cd924810 (downloaded: 2026-06-08 07:25:23.848054+00:00)
2026-07-31 15:26:15 | INFO | Found latest version of tr87: tr87-cd924810 (downloaded: 2026-06-08 07:25:23.848054+00:00)
2026-07-31 15:26:15 | INFO | Found latest version of tr87: tr87-cd924810 (downloaded: 2026-06-08 07:25:23.848054+00:00)
2026-07-31 15:26:15 | INFO | Found latest version of tr87: tr87-cd924810 (downloaded: 2026-06-08 07:25:23.848054+00:00)
2026-07-31 15:26:16 | INFO | Found latest version of tr87: tr87-cd924810 (downloaded: 2026-06-08 07:25:23.848054+00:00)
2026-07-31 15:26:16 | INFO | Found latest version of tr87: tr87-cd924810 (downloaded: 2026-06-08 07:25:23.848054+00:00)
2026-07-31 15:26:16 | INFO | Found latest version of tr87: tr87-cd924810 (downloaded: 2026-06-08 07:25:23.848054+00:00)
2026-07-31 15:26:16 | INFO | Found latest version of tr87: tr87-cd924810 (downloaded: 2026-06-08 07:25:23.848054+00:00)
2026-07-31 15:26:16 | INFO | Found latest version of tr87: tr87-cd924810 (downloaded: 2026-06-08 07:25:23.848054+00:00)
2026-07-31 15:26:16 | INFO | Found latest version of tr87: tr87-cd924810 (downloaded: 2026-06-08 07:25:23.848054+00:00)
2026-07-31 15:26:16 | INFO | Found latest version of tr87: tr87-cd924810 (downloaded: 2026-06-08 07:25:23.848054+00:00)
2026-07-31 15:26:16 | INFO | Found latest version of tr87: tr87-cd924810 (downloaded: 2026-06-08 07:25:23.848054+00:00)
2026-07-31 15:26:16 | INFO | Found latest version of tr87: tr87-cd924810 (downloaded: 2026-06-08 07:25:23.848054+00:00)
2026-07-31 15:26:16 | INFO | Found latest version of tr87: tr87-cd924810 (downloaded: 2026-06-08 07:25:23.848054+00:00)
2026-07-31 15:26:16 | INFO | Found latest version of tr87: tr87-cd924810 (downloaded: 2026-06-08 07:25:23.848054+00:00)
2026-07-31 15:26:16 | INFO | Found latest version of tr87: tr87-cd924810 (downloaded: 2026-06-08 07:25:23.848054+00:00)
2026-07-31 15:26:16 | INFO | Found latest version of tr87: tr87-cd924810 (downloaded: 2026-06-08 07:25:23.848054+00:00)
2026-07-31 15:26:16 | INFO | Found latest version of tr87: tr87-cd924810 (downloaded: 2026-06-08 07:25:23.848054+00:00)
2026-07-31 15:26:16 | INFO | Found latest version of tr87: tr87-cd924810 (downloaded: 2026-06-08 07:25:23.848054+00:00)
2026-07-31 15:26:16 | INFO | Found latest version of tr87: tr87-cd924810 (downloaded: 2026-06-08 07:25:23.848054+00:00)
2026-07-31 15:26:16 | INFO | Found latest version of tr87: tr87-cd924810 (downloaded: 2026-06-08 07:25:23.848054+00:00)
2026-07-31 15:26:16 | INFO | Found latest version of tr87: tr87-cd924810 (downloaded: 2026-06-08 07:25:23.848054+00:00)
2026-07-31 15:26:16 | INFO | Found latest version of tr87: tr87-cd924810 (downloaded: 2026-06-08 07:25:23.848054+00:00)
2026-07-31 15:26:16 | INFO | Found latest version of tr87: tr87-cd924810 (downloaded: 2026-06-08 07:25:23.848054+00:00)
2026-07-31 15:26:16 | INFO | Found latest version of tr87: tr87-cd924810 (downloaded: 2026-06-08 07:25:23.848054+00:00)
2026-07-31 15:26:16 | INFO | Found latest version of tr87: tr87-cd924810 (downloaded: 2026-06-08 07:25:23.848054+00:00)
2026-07-31 15:26:16 | INFO | Found latest version of tr87: tr87-cd924810 (downloaded: 2026-06-08 07:25:23.848054+00:00)
2026-07-31 15:26:16 | INFO | Found latest version of tr87: tr87-cd924810 (downloaded: 2026-06-08 07:25:23.848054+00:00)
2026-07-31 15:26:16 | INFO | Found latest version of tr87: tr87-cd924810 (downloaded: 2026-06-08 07:25:23.848054+00:00)
2026-07-31 15:26:16 | INFO | Found latest version of tr87: tr87-cd924810 (downloaded: 2026-06-08 07:25:23.848054+00:00)
2026-07-31 15:26:16 | INFO | Found latest version of tr87: tr87-cd924810 (downloaded: 2026-06-08 07:25:23.848054+00:00)
2026-07-31 15:26:16 | INFO | Found latest version of tr87: tr87-cd924810 (downloaded: 2026-06-08 07:25:23.848054+00:00)
2026-07-31 15:26:16 | INFO | Found latest version of tr87: tr87-cd924810 (downloaded: 2026-06-08 07:25:23.848054+00:00)
2026-07-31 15:26:16 | INFO | Found latest version of tr87: tr87-cd924810 (downloaded: 2026-06-08 07:25:23.848054+00:00)
2026-07-31 15:26:16 | INFO | Found latest version of tr87: tr87-cd924810 (downloaded: 2026-06-08 07:25:23.848054+00:00)
2026-07-31 15:26:16 | INFO | Found latest version of tr87: tr87-cd924810 (downloaded: 2026-06-08 07:25:23.848054+00:00)
2026-07-31 15:26:16 | INFO | Found latest version of tr87: tr87-cd924810 (downloaded: 2026-06-08 07:25:23.848054+00:00)
2026-07-31 15:26:16 | INFO | Found latest version of tr87: tr87-cd924810 (downloaded: 2026-06-08 07:25:23.848054+00:00)
2026-07-31 15:26:16 | INFO | Found latest version of tr87: tr87-cd924810 (downloaded: 2026-06-08 07:25:23.848054+00:00)
2026-07-31 15:26:16 | INFO | Found latest version of tr87: tr87-cd924810 (downloaded: 2026-06-08 07:25:23.848054+00:00)
2026-07-31 15:26:16 | INFO | Found latest version of tr87: tr87-cd924810 (downloaded: 2026-06-08 07:25:23.848054+00:00)
2026-07-31 15:26:16 | INFO | Found latest version of tr87: tr87-cd924810 (downloaded: 2026-06-08 07:25:23.848054+00:00)
2026-07-31 15:26:16 | INFO | Found latest version of tr87: tr87-cd924810 (downloaded: 2026-06-08 07:25:23.848054+00:00)
2026-07-31 15:26:16 | INFO | Found latest version of tr87: tr87-cd924810 (downloaded: 2026-06-08 07:25:23.848054+00:00)
2026-07-31 15:26:16 | INFO | Found latest version of tr87: tr87-cd924810 (downloaded: 2026-06-08 07:25:23.848054+00:00)
2026-07-31 15:26:16 | INFO | Found latest version of tr87: tr87-cd924810 (downloaded: 2026-06-08 07:25:23.848054+00:00)
2026-07-31 15:26:16 | INFO | Found latest version of tr87: tr87-cd924810 (downloaded: 2026-06-08 07:25:23.848054+00:00)
2026-07-31 15:26:16 | INFO | Found latest version of tr87: tr87-cd924810 (downloaded: 2026-06-08 07:25:23.848054+00:00)
2026-07-31 15:26:16 | INFO | Found latest version of tr87: tr87-cd924810 (downloaded: 2026-06-08 07:25:23.848054+00:00)
2026-07-31 15:26:16 | INFO | Found latest version of tr87: tr87-cd924810 (downloaded: 2026-06-08 07:25:23.848054+00:00)
2026-07-31 15:26:16 | INFO | Found latest version of tr87: tr87-cd924810 (downloaded: 2026-06-08 07:25:23.848054+00:00)
2026-07-31 15:26:16 | INFO | Found latest version of tr87: tr87-cd924810 (downloaded: 2026-06-08 07:25:23.848054+00:00)
2026-07-31 15:26:16 | INFO | Found latest version of tr87: tr87-cd924810 (downloaded: 2026-06-08 07:25:23.848054+00:00)
2026-07-31 15:26:16 | INFO | Found latest version of tr87: tr87-cd924810 (downloaded: 2026-06-08 07:25:23.848054+00:00)
2026-07-31 15:26:16 | INFO | Found latest version of tr87: tr87-cd924810 (downloaded: 2026-06-08 07:25:23.848054+00:00)
2026-07-31 15:26:16 | INFO | Found latest version of tr87: tr87-cd924810 (downloaded: 2026-06-08 07:25:23.848054+00:00)
2026-07-31 15:26:16 | INFO | Found latest version of tr87: tr87-cd924810 (downloaded: 2026-06-08 07:25:23.848054+00:00)
2026-07-31 15:26:16 | INFO | Found latest version of tr87: tr87-cd924810 (downloaded: 2026-06-08 07:25:23.848054+00:00)
2026-07-31 15:26:16 | INFO | Found latest version of tr87: tr87-cd924810 (downloaded: 2026-06-08 07:25:23.848054+00:00)
2026-07-31 15:26:16 | INFO | Found latest version of tr87: tr87-cd924810 (downloaded: 2026-06-08 07:25:23.848054+00:00)
2026-07-31 15:26:16 | INFO | Found latest version of tr87: tr87-cd924810 (downloaded: 2026-06-08 07:25:23.848054+00:00)
2026-07-31 15:26:19 | INFO | Found latest version of tr87: tr87-cd924810 (downloaded: 2026-06-08 07:25:23.848054+00:00)
2026-07-31 15:26:19 | INFO | Found latest version of tr87: tr87-cd924810 (downloaded: 2026-06-08 07:25:23.848054+00:00)
2026-07-31 15:26:19 | INFO | Found latest version of tr87: tr87-cd924810 (downloaded: 2026-06-08 07:25:23.848054+00:00)
2026-07-31 15:26:19 | INFO | Found latest version of tr87: tr87-cd924810 (downloaded: 2026-06-08 07:25:23.848054+00:00)
2026-07-31 15:26:19 | INFO | Found latest version of tr87: tr87-cd924810 (downloaded: 2026-06-08 07:25:23.848054+00:00)
2026-07-31 15:26:20 | INFO | Found latest version of tr87: tr87-cd924810 (downloaded: 2026-06-08 07:25:23.848054+00:00)
2026-07-31 15:26:20 | INFO | Found latest version of tr87: tr87-cd924810 (downloaded: 2026-06-08 07:25:23.848054+00:00)
2026-07-31 15:26:20 | INFO | Found latest version of tr87: tr87-cd924810 (downloaded: 2026-06-08 07:25:23.848054+00:00)
2026-07-31 15:26:20 | INFO | Found latest version of tr87: tr87-cd924810 (downloaded: 2026-06-08 07:25:23.848054+00:00)
2026-07-31 15:26:20 | INFO | Found latest version of tr87: tr87-cd924810 (downloaded: 2026-06-08 07:25:23.848054+00:00)
2026-07-31 15:26:20 | INFO | Found latest version of tr87: tr87-cd924810 (downloaded: 2026-06-08 07:25:23.848054+00:00)
2026-07-31 15:26:20 | INFO | Found latest version of tr87: tr87-cd924810 (downloaded: 2026-06-08 07:25:23.848054+00:00)
2026-07-31 15:26:20 | INFO | Found latest version of tr87: tr87-cd924810 (downloaded: 2026-06-08 07:25:23.848054+00:00)
2026-07-31 15:26:20 | INFO | Found latest version of tr87: tr87-cd924810 (downloaded: 2026-06-08 07:25:23.848054+00:00)
2026-07-31 15:26:20 | INFO | Found latest version of tr87: tr87-cd924810 (downloaded: 2026-06-08 07:25:23.848054+00:00)
2026-07-31 15:26:20 | INFO | Found latest version of tr87: tr87-cd924810 (downloaded: 2026-06-08 07:25:23.848054+00:00)
2026-07-31 15:26:20 | INFO | Found latest version of tr87: tr87-cd924810 (downloaded: 2026-06-08 07:25:23.848054+00:00)
2026-07-31 15:26:20 | INFO | Found latest version of tr87: tr87-cd924810 (downloaded: 2026-06-08 07:25:23.848054+00:00)
2026-07-31 15:26:20 | INFO | Found latest version of tr87: tr87-cd924810 (downloaded: 2026-06-08 07:25:23.848054+00:00)
2026-07-31 15:26:20 | INFO | Found latest version of tr87: tr87-cd924810 (downloaded: 2026-06-08 07:25:23.848054+00:00)
2026-07-31 15:26:20 | INFO | Found latest version of tr87: tr87-cd924810 (downloaded: 2026-06-08 07:25:23.848054+00:00)
2026-07-31 15:26:20 | INFO | Found latest version of tr87: tr87-cd924810 (downloaded: 2026-06-08 07:25:23.848054+00:00)
2026-07-31 15:26:20 | INFO | Found latest version of tr87: tr87-cd924810 (downloaded: 2026-06-08 07:25:23.848054+00:00)
2026-07-31 15:26:20 | INFO | Found latest version of tr87: tr87-cd924810 (downloaded: 2026-06-08 07:25:23.848054+00:00)
2026-07-31 15:26:20 | INFO | Found latest version of tr87: tr87-cd924810 (downloaded: 2026-06-08 07:25:23.848054+00:00)
2026-07-31 15:26:20 | INFO | Found latest version of tr87: tr87-cd924810 (downloaded: 2026-06-08 07:25:23.848054+00:00)
2026-07-31 15:26:20 | INFO | Found latest version of tr87: tr87-cd924810 (downloaded: 2026-06-08 07:25:23.848054+00:00)
2026-07-31 15:26:20 | INFO | Found latest version of tr87: tr87-cd924810 (downloaded: 2026-06-08 07:25:23.848054+00:00)
2026-07-31 15:26:20 | INFO | Found latest version of tr87: tr87-cd924810 (downloaded: 2026-06-08 07:25:23.848054+00:00)
2026-07-31 15:26:20 | INFO | Found latest version of tr87: tr87-cd924810 (downloaded: 2026-06-08 07:25:23.848054+00:00)
2026-07-31 15:26:20 | INFO | Found latest version of tr87: tr87-cd924810 (downloaded: 2026-06-08 07:25:23.848054+00:00)
2026-07-31 15:26:20 | INFO | Found latest version of tr87: tr87-cd924810 (downloaded: 2026-06-08 07:25:23.848054+00:00)
2026-07-31 15:26:20 | INFO | Found latest version of tr87: tr87-cd924810 (downloaded: 2026-06-08 07:25:23.848054+00:00)
2026-07-31 15:26:20 | INFO | Found latest version of tr87: tr87-cd924810 (downloaded: 2026-06-08 07:25:23.848054+00:00)
2026-07-31 15:26:20 | INFO | Found latest version of tr87: tr87-cd924810 (downloaded: 2026-06-08 07:25:23.848054+00:00)
2026-07-31 15:26:20 | INFO | Found latest version of tr87: tr87-cd924810 (downloaded: 2026-06-08 07:25:23.848054+00:00)
2026-07-31 15:26:20 | INFO | Found latest version of tr87: tr87-cd924810 (downloaded: 2026-06-08 07:25:23.848054+00:00)
2026-07-31 15:26:20 | INFO | Found latest version of tr87: tr87-cd924810 (downloaded: 2026-06-08 07:25:23.848054+00:00)
2026-07-31 15:26:20 | INFO | Found latest version of tr87: tr87-cd924810 (downloaded: 2026-06-08 07:25:23.848054+00:00)
2026-07-31 15:26:20 | INFO | Found latest version of tr87: tr87-cd924810 (downloaded: 2026-06-08 07:25:23.848054+00:00)
2026-07-31 15:26:20 | INFO | Found latest version of tr87: tr87-cd924810 (downloaded: 2026-06-08 07:25:23.848054+00:00)
2026-07-31 15:26:20 | INFO | Found latest version of tr87: tr87-cd924810 (downloaded: 2026-06-08 07:25:23.848054+00:00)
2026-07-31 15:26:20 | INFO | Found latest version of tr87: tr87-cd924810 (downloaded: 2026-06-08 07:25:23.848054+00:00)
2026-07-31 15:26:20 | INFO | Found latest version of tr87: tr87-cd924810 (downloaded: 2026-06-08 07:25:23.848054+00:00)
2026-07-31 15:26:20 | INFO | Found latest version of tr87: tr87-cd924810 (downloaded: 2026-06-08 07:25:23.848054+00:00)
2026-07-31 15:26:20 | INFO | Found latest version of tr87: tr87-cd924810 (downloaded: 2026-06-08 07:25:23.848054+00:00)
2026-07-31 15:26:20 | INFO | Found latest version of tr87: tr87-cd924810 (downloaded: 2026-06-08 07:25:23.848054+00:00)
2026-07-31 15:26:20 | INFO | Found latest version of tr87: tr87-cd924810 (downloaded: 2026-06-08 07:25:23.848054+00:00)
2026-07-31 15:26:20 | INFO | Found latest version of tr87: tr87-cd924810 (downloaded: 2026-06-08 07:25:23.848054+00:00)
2026-07-31 15:26:20 | INFO | Found latest version of tr87: tr87-cd924810 (downloaded: 2026-06-08 07:25:23.848054+00:00)
2026-07-31 15:26:20 | INFO | Found latest version of tr87: tr87-cd924810 (downloaded: 2026-06-08 07:25:23.848054+00:00)
2026-07-31 15:26:20 | INFO | Found latest version of tr87: tr87-cd924810 (downloaded: 2026-06-08 07:25:23.848054+00:00)
2026-07-31 15:26:20 | INFO | Found latest version of tr87: tr87-cd924810 (downloaded: 2026-06-08 07:25:23.848054+00:00)
2026-07-31 15:26:20 | INFO | Found latest version of tr87: tr87-cd924810 (downloaded: 2026-06-08 07:25:23.848054+00:00)
2026-07-31 15:26:20 | INFO | Found latest version of tr87: tr87-cd924810 (downloaded: 2026-06-08 07:25:23.848054+00:00)
2026-07-31 15:26:20 | INFO | Found latest version of tr87: tr87-cd924810 (downloaded: 2026-06-08 07:25:23.848054+00:00)
2026-07-31 15:26:20 | INFO | Found latest version of tr87: tr87-cd924810 (downloaded: 2026-06-08 07:25:23.848054+00:00)
2026-07-31 15:26:20 | INFO | Found latest version of tr87: tr87-cd924810 (downloaded: 2026-06-08 07:25:23.848054+00:00)
2026-07-31 15:26:20 | INFO | Found latest version of tr87: tr87-cd924810 (downloaded: 2026-06-08 07:25:23.848054+00:00)
2026-07-31 15:26:20 | INFO | Found latest version of tr87: tr87-cd924810 (downloaded: 2026-06-08 07:25:23.848054+00:00)
2026-07-31 15:26:20 | INFO | Found latest version of tr87: tr87-cd924810 (downloaded: 2026-06-08 07:25:23.848054+00:00)
2026-07-31 15:26:20 | INFO | Found latest version of tr87: tr87-cd924810 (downloaded: 2026-06-08 07:25:23.848054+00:00)
2026-07-31 15:26:24 | INFO | Found latest version of tr87: tr87-cd924810 (downloaded: 2026-06-08 07:25:23.848054+00:00)
2026-07-31 15:26:24 | INFO | Found latest version of tr87: tr87-cd924810 (downloaded: 2026-06-08 07:25:23.848054+00:00)
2026-07-31 15:26:24 | INFO | Found latest version of tr87: tr87-cd924810 (downloaded: 2026-06-08 07:25:23.848054+00:00)
2026-07-31 15:26:24 | INFO | Found latest version of tr87: tr87-cd924810 (downloaded: 2026-06-08 07:25:23.848054+00:00)
2026-07-31 15:26:24 | INFO | Found latest version of tr87: tr87-cd924810 (downloaded: 2026-06-08 07:25:23.848054+00:00)
2026-07-31 15:26:24 | INFO | Found latest version of tr87: tr87-cd924810 (downloaded: 2026-06-08 07:25:23.848054+00:00)
2026-07-31 15:26:24 | INFO | Found latest version of tr87: tr87-cd924810 (downloaded: 2026-06-08 07:25:23.848054+00:00)
2026-07-31 15:26:24 | INFO | Found latest version of tr87: tr87-cd924810 (downloaded: 2026-06-08 07:25:23.848054+00:00)
2026-07-31 15:26:24 | INFO | Found latest version of tr87: tr87-cd924810 (downloaded: 2026-06-08 07:25:23.848054+00:00)
2026-07-31 15:26:24 | INFO | Found latest version of tr87: tr87-cd924810 (downloaded: 2026-06-08 07:25:23.848054+00:00)
2026-07-31 15:26:24 | INFO | Found latest version of tr87: tr87-cd924810 (downloaded: 2026-06-08 07:25:23.848054+00:00)
2026-07-31 15:26:24 | INFO | Found latest version of tr87: tr87-cd924810 (downloaded: 2026-06-08 07:25:23.848054+00:00)
2026-07-31 15:26:24 | INFO | Found latest version of tr87: tr87-cd924810 (downloaded: 2026-06-08 07:25:23.848054+00:00)
2026-07-31 15:26:24 | INFO | Found latest version of tr87: tr87-cd924810 (downloaded: 2026-06-08 07:25:23.848054+00:00)
2026-07-31 15:26:24 | INFO | Found latest version of tr87: tr87-cd924810 (downloaded: 2026-06-08 07:25:23.848054+00:00)
2026-07-31 15:26:24 | INFO | Found latest version of tr87: tr87-cd924810 (downloaded: 2026-06-08 07:25:23.848054+00:00)
2026-07-31 15:26:24 | INFO | Found latest version of tr87: tr87-cd924810 (downloaded: 2026-06-08 07:25:23.848054+00:00)
2026-07-31 15:26:24 | INFO | Found latest version of tr87: tr87-cd924810 (downloaded: 2026-06-08 07:25:23.848054+00:00)
2026-07-31 15:26:24 | INFO | Found latest version of tr87: tr87-cd924810 (downloaded: 2026-06-08 07:25:23.848054+00:00)
2026-07-31 15:26:24 | INFO | Found latest version of tr87: tr87-cd924810 (downloaded: 2026-06-08 07:25:23.848054+00:00)
2026-07-31 15:26:24 | INFO | Found latest version of tr87: tr87-cd924810 (downloaded: 2026-06-08 07:25:23.848054+00:00)
2026-07-31 15:26:24 | INFO | Found latest version of tr87: tr87-cd924810 (downloaded: 2026-06-08 07:25:23.848054+00:00)
2026-07-31 15:26:24 | INFO | Found latest version of tr87: tr87-cd924810 (downloaded: 2026-06-08 07:25:23.848054+00:00)
2026-07-31 15:26:24 | INFO | Found latest version of tr87: tr87-cd924810 (downloaded: 2026-06-08 07:25:23.848054+00:00)
2026-07-31 15:26:24 | INFO | Found latest version of tr87: tr87-cd924810 (downloaded: 2026-06-08 07:25:23.848054+00:00)
2026-07-31 15:26:24 | INFO | Found latest version of tr87: tr87-cd924810 (downloaded: 2026-06-08 07:25:23.848054+00:00)
2026-07-31 15:26:24 | INFO | Found latest version of tr87: tr87-cd924810 (downloaded: 2026-06-08 07:25:23.848054+00:00)
2026-07-31 15:26:24 | INFO | Found latest version of tr87: tr87-cd924810 (downloaded: 2026-06-08 07:25:23.848054+00:00)
2026-07-31 15:26:24 | INFO | Found latest version of tr87: tr87-cd924810 (downloaded: 2026-06-08 07:25:23.848054+00:00)
2026-07-31 15:26:24 | INFO | Found latest version of tr87: tr87-cd924810 (downloaded: 2026-06-08 07:25:23.848054+00:00)
2026-07-31 15:26:24 | INFO | Found latest version of tr87: tr87-cd924810 (downloaded: 2026-06-08 07:25:23.848054+00:00)
2026-07-31 15:26:24 | INFO | Found latest version of tr87: tr87-cd924810 (downloaded: 2026-06-08 07:25:23.848054+00:00)
2026-07-31 15:26:24 | INFO | Found latest version of tr87: tr87-cd924810 (downloaded: 2026-06-08 07:25:23.848054+00:00)
2026-07-31 15:26:24 | INFO | Found latest version of tr87: tr87-cd924810 (downloaded: 2026-06-08 07:25:23.848054+00:00)
2026-07-31 15:26:24 | INFO | Found latest version of tr87: tr87-cd924810 (downloaded: 2026-06-08 07:25:23.848054+00:00)
2026-07-31 15:26:24 | INFO | Found latest version of tr87: tr87-cd924810 (downloaded: 2026-06-08 07:25:23.848054+00:00)
2026-07-31 15:26:24 | INFO | Found latest version of tr87: tr87-cd924810 (downloaded: 2026-06-08 07:25:23.848054+00:00)
2026-07-31 15:26:24 | INFO | Found latest version of tr87: tr87-cd924810 (downloaded: 2026-06-08 07:25:23.848054+00:00)
2026-07-31 15:26:24 | INFO | Found latest version of tr87: tr87-cd924810 (downloaded: 2026-06-08 07:25:23.848054+00:00)
2026-07-31 15:26:24 | INFO | Found latest version of tr87: tr87-cd924810 (downloaded: 2026-06-08 07:25:23.848054+00:00)
2026-07-31 15:26:24 | INFO | Found latest version of tr87: tr87-cd924810 (downloaded: 2026-06-08 07:25:23.848054+00:00)
2026-07-31 15:26:24 | INFO | Found latest version of tr87: tr87-cd924810 (downloaded: 2026-06-08 07:25:23.848054+00:00)
2026-07-31 15:26:24 | INFO | Found latest version of tr87: tr87-cd924810 (downloaded: 2026-06-08 07:25:23.848054+00:00)
2026-07-31 15:26:24 | INFO | Found latest version of tr87: tr87-cd924810 (downloaded: 2026-06-08 07:25:23.848054+00:00)
2026-07-31 15:26:24 | INFO | Found latest version of tr87: tr87-cd924810 (downloaded: 2026-06-08 07:25:23.848054+00:00)
2026-07-31 15:26:24 | INFO | Found latest version of tr87: tr87-cd924810 (downloaded: 2026-06-08 07:25:23.848054+00:00)
2026-07-31 15:26:24 | INFO | Found latest version of tr87: tr87-cd924810 (downloaded: 2026-06-08 07:25:23.848054+00:00)
2026-07-31 15:26:24 | INFO | Found latest version of tr87: tr87-cd924810 (downloaded: 2026-06-08 07:25:23.848054+00:00)
2026-07-31 15:26:24 | INFO | Found latest version of tr87: tr87-cd924810 (downloaded: 2026-06-08 07:25:23.848054+00:00)
2026-07-31 15:26:24 | INFO | Found latest version of tr87: tr87-cd924810 (downloaded: 2026-06-08 07:25:23.848054+00:00)
2026-07-31 15:26:24 | INFO | Found latest version of tr87: tr87-cd924810 (downloaded: 2026-06-08 07:25:23.848054+00:00)
2026-07-31 15:26:24 | INFO | Found latest version of tr87: tr87-cd924810 (downloaded: 2026-06-08 07:25:23.848054+00:00)
2026-07-31 15:26:24 | INFO | Found latest version of tr87: tr87-cd924810 (downloaded: 2026-06-08 07:25:23.848054+00:00)
2026-07-31 15:26:24 | INFO | Found latest version of tr87: tr87-cd924810 (downloaded: 2026-06-08 07:25:23.848054+00:00)
2026-07-31 15:26:24 | INFO | Found latest version of tr87: tr87-cd924810 (downloaded: 2026-06-08 07:25:23.848054+00:00)
2026-07-31 15:26:25 | INFO | Found latest version of tr87: tr87-cd924810 (downloaded: 2026-06-08 07:25:23.848054+00:00)
2026-07-31 15:26:25 | INFO | Found latest version of tr87: tr87-cd924810 (downloaded: 2026-06-08 07:25:23.848054+00:00)
2026-07-31 15:26:25 | INFO | Found latest version of tr87: tr87-cd924810 (downloaded: 2026-06-08 07:25:23.848054+00:00)
2026-07-31 15:26:25 | INFO | Found latest version of tr87: tr87-cd924810 (downloaded: 2026-06-08 07:25:23.848054+00:00)
2026-07-31 15:26:25 | INFO | Found latest version of tr87: tr87-cd924810 (downloaded: 2026-06-08 07:25:23.848054+00:00)
2026-07-31 15:26:25 | INFO | Found latest version of tr87: tr87-cd924810 (downloaded: 2026-06-08 07:25:23.848054+00:00)
2026-07-31 15:26:25 | INFO | Found latest version of tr87: tr87-cd924810 (downloaded: 2026-06-08 07:25:23.848054+00:00)
2026-07-31 15:26:25 | INFO | Found latest version of tr87: tr87-cd924810 (downloaded: 2026-06-08 07:25:23.848054+00:00)
2026-07-31 15:26:28 | INFO | Found latest version of tr87: tr87-cd924810 (downloaded: 2026-06-08 07:25:23.848054+00:00)
2026-07-31 15:26:28 | INFO | Found latest version of tr87: tr87-cd924810 (downloaded: 2026-06-08 07:25:23.848054+00:00)
2026-07-31 15:26:28 | INFO | Found latest version of tr87: tr87-cd924810 (downloaded: 2026-06-08 07:25:23.848054+00:00)
2026-07-31 15:26:28 | INFO | Found latest version of tr87: tr87-cd924810 (downloaded: 2026-06-08 07:25:23.848054+00:00)
2026-07-31 15:26:28 | INFO | Found latest version of tr87: tr87-cd924810 (downloaded: 2026-06-08 07:25:23.848054+00:00)
2026-07-31 15:26:28 | INFO | Found latest version of tr87: tr87-cd924810 (downloaded: 2026-06-08 07:25:23.848054+00:00)
2026-07-31 15:26:28 | INFO | Found latest version of tr87: tr87-cd924810 (downloaded: 2026-06-08 07:25:23.848054+00:00)
2026-07-31 15:26:28 | INFO | Found latest version of tr87: tr87-cd924810 (downloaded: 2026-06-08 07:25:23.848054+00:00)
2026-07-31 15:26:28 | INFO | Found latest version of tr87: tr87-cd924810 (downloaded: 2026-06-08 07:25:23.848054+00:00)
2026-07-31 15:26:28 | INFO | Found latest version of tr87: tr87-cd924810 (downloaded: 2026-06-08 07:25:23.848054+00:00)
2026-07-31 15:26:28 | INFO | Found latest version of tr87: tr87-cd924810 (downloaded: 2026-06-08 07:25:23.848054+00:00)
2026-07-31 15:26:28 | INFO | Found latest version of tr87: tr87-cd924810 (downloaded: 2026-06-08 07:25:23.848054+00:00)
2026-07-31 15:26:28 | INFO | Found latest version of tr87: tr87-cd924810 (downloaded: 2026-06-08 07:25:23.848054+00:00)
2026-07-31 15:26:28 | INFO | Found latest version of tr87: tr87-cd924810 (downloaded: 2026-06-08 07:25:23.848054+00:00)
2026-07-31 15:26:28 | INFO | Found latest version of tr87: tr87-cd924810 (downloaded: 2026-06-08 07:25:23.848054+00:00)
2026-07-31 15:26:28 | INFO | Found latest version of tr87: tr87-cd924810 (downloaded: 2026-06-08 07:25:23.848054+00:00)
2026-07-31 15:26:28 | INFO | Found latest version of tr87: tr87-cd924810 (downloaded: 2026-06-08 07:25:23.848054+00:00)
2026-07-31 15:26:28 | INFO | Found latest version of tr87: tr87-cd924810 (downloaded: 2026-06-08 07:25:23.848054+00:00)
2026-07-31 15:26:28 | INFO | Found latest version of tr87: tr87-cd924810 (downloaded: 2026-06-08 07:25:23.848054+00:00)
2026-07-31 15:26:28 | INFO | Found latest version of tr87: tr87-cd924810 (downloaded: 2026-06-08 07:25:23.848054+00:00)
2026-07-31 15:26:28 | INFO | Found latest version of tr87: tr87-cd924810 (downloaded: 2026-06-08 07:25:23.848054+00:00)
2026-07-31 15:26:28 | INFO | Found latest version of tr87: tr87-cd924810 (downloaded: 2026-06-08 07:25:23.848054+00:00)
2026-07-31 15:26:28 | INFO | Found latest version of tr87: tr87-cd924810 (downloaded: 2026-06-08 07:25:23.848054+00:00)
2026-07-31 15:26:28 | INFO | Found latest version of tr87: tr87-cd924810 (downloaded: 2026-06-08 07:25:23.848054+00:00)
2026-07-31 15:26:28 | INFO | Found latest version of tr87: tr87-cd924810 (downloaded: 2026-06-08 07:25:23.848054+00:00)
2026-07-31 15:26:28 | INFO | Found latest version of tr87: tr87-cd924810 (downloaded: 2026-06-08 07:25:23.848054+00:00)
2026-07-31 15:26:28 | INFO | Found latest version of tr87: tr87-cd924810 (downloaded: 2026-06-08 07:25:23.848054+00:00)
2026-07-31 15:26:28 | INFO | Found latest version of tr87: tr87-cd924810 (downloaded: 2026-06-08 07:25:23.848054+00:00)
2026-07-31 15:26:28 | INFO | Found latest version of tr87: tr87-cd924810 (downloaded: 2026-06-08 07:25:23.848054+00:00)
2026-07-31 15:26:28 | INFO | Found latest version of tr87: tr87-cd924810 (downloaded: 2026-06-08 07:25:23.848054+00:00)
2026-07-31 15:26:28 | INFO | Found latest version of tr87: tr87-cd924810 (downloaded: 2026-06-08 07:25:23.848054+00:00)
2026-07-31 15:26:28 | INFO | Found latest version of tr87: tr87-cd924810 (downloaded: 2026-06-08 07:25:23.848054+00:00)
2026-07-31 15:26:28 | INFO | Found latest version of tr87: tr87-cd924810 (downloaded: 2026-06-08 07:25:23.848054+00:00)
2026-07-31 15:26:28 | INFO | Found latest version of tr87: tr87-cd924810 (downloaded: 2026-06-08 07:25:23.848054+00:00)
2026-07-31 15:26:28 | INFO | Found latest version of tr87: tr87-cd924810 (downloaded: 2026-06-08 07:25:23.848054+00:00)
2026-07-31 15:26:29 | INFO | Found latest version of tr87: tr87-cd924810 (downloaded: 2026-06-08 07:25:23.848054+00:00)
2026-07-31 15:26:29 | INFO | Found latest version of tr87: tr87-cd924810 (downloaded: 2026-06-08 07:25:23.848054+00:00)
2026-07-31 15:26:29 | INFO | Found latest version of tr87: tr87-cd924810 (downloaded: 2026-06-08 07:25:23.848054+00:00)
2026-07-31 15:26:29 | INFO | Found latest version of tr87: tr87-cd924810 (downloaded: 2026-06-08 07:25:23.848054+00:00)
2026-07-31 15:26:29 | INFO | Found latest version of tr87: tr87-cd924810 (downloaded: 2026-06-08 07:25:23.848054+00:00)
2026-07-31 15:26:29 | INFO | Found latest version of tr87: tr87-cd924810 (downloaded: 2026-06-08 07:25:23.848054+00:00)
2026-07-31 15:26:29 | INFO | Found latest version of tr87: tr87-cd924810 (downloaded: 2026-06-08 07:25:23.848054+00:00)
2026-07-31 15:26:29 | INFO | Found latest version of tr87: tr87-cd924810 (downloaded: 2026-06-08 07:25:23.848054+00:00)
2026-07-31 15:26:29 | INFO | Found latest version of tr87: tr87-cd924810 (downloaded: 2026-06-08 07:25:23.848054+00:00)
2026-07-31 15:26:29 | INFO | Found latest version of tr87: tr87-cd924810 (downloaded: 2026-06-08 07:25:23.848054+00:00)
2026-07-31 15:26:29 | INFO | Found latest version of tr87: tr87-cd924810 (downloaded: 2026-06-08 07:25:23.848054+00:00)
2026-07-31 15:26:29 | INFO | Found latest version of tr87: tr87-cd924810 (downloaded: 2026-06-08 07:25:23.848054+00:00)
2026-07-31 15:26:29 | INFO | Found latest version of tr87: tr87-cd924810 (downloaded: 2026-06-08 07:25:23.848054+00:00)
2026-07-31 15:26:29 | INFO | Found latest version of tr87: tr87-cd924810 (downloaded: 2026-06-08 07:25:23.848054+00:00)
2026-07-31 15:26:29 | INFO | Found latest version of tr87: tr87-cd924810 (downloaded: 2026-06-08 07:25:23.848054+00:00)
2026-07-31 15:26:29 | INFO | Found latest version of tr87: tr87-cd924810 (downloaded: 2026-06-08 07:25:23.848054+00:00)
2026-07-31 15:26:29 | INFO | Found latest version of tr87: tr87-cd924810 (downloaded: 2026-06-08 07:25:23.848054+00:00)
2026-07-31 15:26:29 | INFO | Found latest version of tr87: tr87-cd924810 (downloaded: 2026-06-08 07:25:23.848054+00:00)
2026-07-31 15:26:29 | INFO | Found latest version of tr87: tr87-cd924810 (downloaded: 2026-06-08 07:25:23.848054+00:00)
2026-07-31 15:26:29 | INFO | Found latest version of tr87: tr87-cd924810 (downloaded: 2026-06-08 07:25:23.848054+00:00)
2026-07-31 15:26:29 | INFO | Found latest version of tr87: tr87-cd924810 (downloaded: 2026-06-08 07:25:23.848054+00:00)
2026-07-31 15:26:29 | INFO | Found latest version of tr87: tr87-cd924810 (downloaded: 2026-06-08 07:25:23.848054+00:00)
2026-07-31 15:26:29 | INFO | Found latest version of tr87: tr87-cd924810 (downloaded: 2026-06-08 07:25:23.848054+00:00)
2026-07-31 15:26:29 | INFO | Found latest version of tr87: tr87-cd924810 (downloaded: 2026-06-08 07:25:23.848054+00:00)
2026-07-31 15:26:29 | INFO | Found latest version of tr87: tr87-cd924810 (downloaded: 2026-06-08 07:25:23.848054+00:00)
2026-07-31 15:26:29 | INFO | Found latest version of tr87: tr87-cd924810 (downloaded: 2026-06-08 07:25:23.848054+00:00)
2026-07-31 15:26:29 | INFO | Found latest version of tr87: tr87-cd924810 (downloaded: 2026-06-08 07:25:23.848054+00:00)
2026-07-31 15:26:32 | INFO | Found latest version of tr87: tr87-cd924810 (downloaded: 2026-06-08 07:25:23.848054+00:00)
2026-07-31 15:26:32 | INFO | Found latest version of tr87: tr87-cd924810 (downloaded: 2026-06-08 07:25:23.848054+00:00)
2026-07-31 15:26:32 | INFO | Found latest version of tr87: tr87-cd924810 (downloaded: 2026-06-08 07:25:23.848054+00:00)
2026-07-31 15:26:32 | INFO | Found latest version of tr87: tr87-cd924810 (downloaded: 2026-06-08 07:25:23.848054+00:00)
2026-07-31 15:26:32 | INFO | Found latest version of tr87: tr87-cd924810 (downloaded: 2026-06-08 07:25:23.848054+00:00)
2026-07-31 15:26:32 | INFO | Found latest version of tr87: tr87-cd924810 (downloaded: 2026-06-08 07:25:23.848054+00:00)
2026-07-31 15:26:32 | INFO | Found latest version of tr87: tr87-cd924810 (downloaded: 2026-06-08 07:25:23.848054+00:00)
2026-07-31 15:26:32 | INFO | Found latest version of tr87: tr87-cd924810 (downloaded: 2026-06-08 07:25:23.848054+00:00)
2026-07-31 15:26:32 | INFO | Found latest version of tr87: tr87-cd924810 (downloaded: 2026-06-08 07:25:23.848054+00:00)
2026-07-31 15:26:32 | INFO | Found latest version of tr87: tr87-cd924810 (downloaded: 2026-06-08 07:25:23.848054+00:00)
2026-07-31 15:26:32 | INFO | Found latest version of tr87: tr87-cd924810 (downloaded: 2026-06-08 07:25:23.848054+00:00)
2026-07-31 15:26:32 | INFO | Found latest version of tr87: tr87-cd924810 (downloaded: 2026-06-08 07:25:23.848054+00:00)
2026-07-31 15:26:32 | INFO | Found latest version of tr87: tr87-cd924810 (downloaded: 2026-06-08 07:25:23.848054+00:00)
2026-07-31 15:26:32 | INFO | Found latest version of tr87: tr87-cd924810 (downloaded: 2026-06-08 07:25:23.848054+00:00)
2026-07-31 15:26:32 | INFO | Found latest version of tr87: tr87-cd924810 (downloaded: 2026-06-08 07:25:23.848054+00:00)
2026-07-31 15:26:32 | INFO | Found latest version of tr87: tr87-cd924810 (downloaded: 2026-06-08 07:25:23.848054+00:00)
2026-07-31 15:26:32 | INFO | Found latest version of tr87: tr87-cd924810 (downloaded: 2026-06-08 07:25:23.848054+00:00)
2026-07-31 15:26:32 | INFO | Found latest version of tr87: tr87-cd924810 (downloaded: 2026-06-08 07:25:23.848054+00:00)
2026-07-31 15:26:32 | INFO | Found latest version of tr87: tr87-cd924810 (downloaded: 2026-06-08 07:25:23.848054+00:00)
2026-07-31 15:26:32 | INFO | Found latest version of tr87: tr87-cd924810 (downloaded: 2026-06-08 07:25:23.848054+00:00)
2026-07-31 15:26:32 | INFO | Found latest version of tr87: tr87-cd924810 (downloaded: 2026-06-08 07:25:23.848054+00:00)
2026-07-31 15:26:32 | INFO | Found latest version of tr87: tr87-cd924810 (downloaded: 2026-06-08 07:25:23.848054+00:00)
2026-07-31 15:26:32 | INFO | Found latest version of tr87: tr87-cd924810 (downloaded: 2026-06-08 07:25:23.848054+00:00)
2026-07-31 15:26:33 | INFO | Found latest version of tr87: tr87-cd924810 (downloaded: 2026-06-08 07:25:23.848054+00:00)
2026-07-31 15:26:33 | INFO | Found latest version of tr87: tr87-cd924810 (downloaded: 2026-06-08 07:25:23.848054+00:00)
2026-07-31 15:26:33 | INFO | Found latest version of tr87: tr87-cd924810 (downloaded: 2026-06-08 07:25:23.848054+00:00)
2026-07-31 15:26:33 | INFO | Found latest version of tr87: tr87-cd924810 (downloaded: 2026-06-08 07:25:23.848054+00:00)
2026-07-31 15:26:33 | INFO | Found latest version of tr87: tr87-cd924810 (downloaded: 2026-06-08 07:25:23.848054+00:00)
2026-07-31 15:26:33 | INFO | Found latest version of tr87: tr87-cd924810 (downloaded: 2026-06-08 07:25:23.848054+00:00)
2026-07-31 15:26:33 | INFO | Found latest version of tr87: tr87-cd924810 (downloaded: 2026-06-08 07:25:23.848054+00:00)
2026-07-31 15:26:33 | INFO | Found latest version of tr87: tr87-cd924810 (downloaded: 2026-06-08 07:25:23.848054+00:00)
2026-07-31 15:26:33 | INFO | Found latest version of tr87: tr87-cd924810 (downloaded: 2026-06-08 07:25:23.848054+00:00)
2026-07-31 15:26:33 | INFO | Found latest version of tr87: tr87-cd924810 (downloaded: 2026-06-08 07:25:23.848054+00:00)
2026-07-31 15:26:33 | INFO | Found latest version of tr87: tr87-cd924810 (downloaded: 2026-06-08 07:25:23.848054+00:00)
2026-07-31 15:26:33 | INFO | Found latest version of tr87: tr87-cd924810 (downloaded: 2026-06-08 07:25:23.848054+00:00)
2026-07-31 15:26:33 | INFO | Found latest version of tr87: tr87-cd924810 (downloaded: 2026-06-08 07:25:23.848054+00:00)
2026-07-31 15:26:33 | INFO | Found latest version of tr87: tr87-cd924810 (downloaded: 2026-06-08 07:25:23.848054+00:00)
2026-07-31 15:26:33 | INFO | Found latest version of tr87: tr87-cd924810 (downloaded: 2026-06-08 07:25:23.848054+00:00)
2026-07-31 15:26:33 | INFO | Found latest version of tr87: tr87-cd924810 (downloaded: 2026-06-08 07:25:23.848054+00:00)
2026-07-31 15:26:33 | INFO | Found latest version of tr87: tr87-cd924810 (downloaded: 2026-06-08 07:25:23.848054+00:00)
2026-07-31 15:26:33 | INFO | Found latest version of tr87: tr87-cd924810 (downloaded: 2026-06-08 07:25:23.848054+00:00)
2026-07-31 15:26:33 | INFO | Found latest version of tr87: tr87-cd924810 (downloaded: 2026-06-08 07:25:23.848054+00:00)
2026-07-31 15:26:33 | INFO | Found latest version of tr87: tr87-cd924810 (downloaded: 2026-06-08 07:25:23.848054+00:00)
2026-07-31 15:26:33 | INFO | Found latest version of tr87: tr87-cd924810 (downloaded: 2026-06-08 07:25:23.848054+00:00)
2026-07-31 15:26:33 | INFO | Found latest version of tr87: tr87-cd924810 (downloaded: 2026-06-08 07:25:23.848054+00:00)
2026-07-31 15:26:33 | INFO | Found latest version of tr87: tr87-cd924810 (downloaded: 2026-06-08 07:25:23.848054+00:00)
2026-07-31 15:26:33 | INFO | Found latest version of tr87: tr87-cd924810 (downloaded: 2026-06-08 07:25:23.848054+00:00)
2026-07-31 15:26:33 | INFO | Found latest version of tr87: tr87-cd924810 (downloaded: 2026-06-08 07:25:23.848054+00:00)
2026-07-31 15:26:33 | INFO | Found latest version of tr87: tr87-cd924810 (downloaded: 2026-06-08 07:25:23.848054+00:00)
2026-07-31 15:26:33 | INFO | Found latest version of tr87: tr87-cd924810 (downloaded: 2026-06-08 07:25:23.848054+00:00)
2026-07-31 15:26:33 | INFO | Found latest version of tr87: tr87-cd924810 (downloaded: 2026-06-08 07:25:23.848054+00:00)
2026-07-31 15:26:33 | INFO | Found latest version of tr87: tr87-cd924810 (downloaded: 2026-06-08 07:25:23.848054+00:00)
2026-07-31 15:26:33 | INFO | Found latest version of tr87: tr87-cd924810 (downloaded: 2026-06-08 07:25:23.848054+00:00)
2026-07-31 15:26:33 | INFO | Found latest version of tr87: tr87-cd924810 (downloaded: 2026-06-08 07:25:23.848054+00:00)
2026-07-31 15:26:33 | INFO | Found latest version of tr87: tr87-cd924810 (downloaded: 2026-06-08 07:25:23.848054+00:00)
2026-07-31 15:26:33 | INFO | Found latest version of tr87: tr87-cd924810 (downloaded: 2026-06-08 07:25:23.848054+00:00)
2026-07-31 15:26:33 | INFO | Found latest version of tr87: tr87-cd924810 (downloaded: 2026-06-08 07:25:23.848054+00:00)
2026-07-31 15:26:33 | INFO | Found latest version of tr87: tr87-cd924810 (downloaded: 2026-06-08 07:25:23.848054+00:00)
2026-07-31 15:26:33 | INFO | Found latest version of tr87: tr87-cd924810 (downloaded: 2026-06-08 07:25:23.848054+00:00)
2026-07-31 15:26:33 | INFO | Found latest version of tr87: tr87-cd924810 (downloaded: 2026-06-08 07:25:23.848054+00:00)
2026-07-31 15:26:33 | INFO | Found latest version of tr87: tr87-cd924810 (downloaded: 2026-06-08 07:25:23.848054+00:00)
2026-07-31 15:26:33 | INFO | Found latest version of tr87: tr87-cd924810 (downloaded: 2026-06-08 07:25:23.848054+00:00)
2026-07-31 15:26:33 | INFO | Found latest version of tr87: tr87-cd924810 (downloaded: 2026-06-08 07:25:23.848054+00:00)
2026-07-31 15:26:37 | INFO | Found latest version of tr87: tr87-cd924810 (downloaded: 2026-06-08 07:25:23.848054+00:00)
2026-07-31 15:26:37 | INFO | Found latest version of tr87: tr87-cd924810 (downloaded: 2026-06-08 07:25:23.848054+00:00)
2026-07-31 15:26:37 | INFO | Found latest version of tr87: tr87-cd924810 (downloaded: 2026-06-08 07:25:23.848054+00:00)
2026-07-31 15:26:37 | INFO | Found latest version of tr87: tr87-cd924810 (downloaded: 2026-06-08 07:25:23.848054+00:00)
2026-07-31 15:26:37 | INFO | Found latest version of tr87: tr87-cd924810 (downloaded: 2026-06-08 07:25:23.848054+00:00)
2026-07-31 15:26:37 | INFO | Found latest version of tr87: tr87-cd924810 (downloaded: 2026-06-08 07:25:23.848054+00:00)
2026-07-31 15:26:37 | INFO | Found latest version of tr87: tr87-cd924810 (downloaded: 2026-06-08 07:25:23.848054+00:00)
2026-07-31 15:26:37 | INFO | Found latest version of tr87: tr87-cd924810 (downloaded: 2026-06-08 07:25:23.848054+00:00)
2026-07-31 15:26:37 | INFO | Found latest version of tr87: tr87-cd924810 (downloaded: 2026-06-08 07:25:23.848054+00:00)
2026-07-31 15:26:37 | INFO | Found latest version of tr87: tr87-cd924810 (downloaded: 2026-06-08 07:25:23.848054+00:00)
2026-07-31 15:26:37 | INFO | Found latest version of tr87: tr87-cd924810 (downloaded: 2026-06-08 07:25:23.848054+00:00)
2026-07-31 15:26:37 | INFO | Found latest version of tr87: tr87-cd924810 (downloaded: 2026-06-08 07:25:23.848054+00:00)
2026-07-31 15:26:37 | INFO | Found latest version of tr87: tr87-cd924810 (downloaded: 2026-06-08 07:25:23.848054+00:00)
2026-07-31 15:26:37 | INFO | Found latest version of tr87: tr87-cd924810 (downloaded: 2026-06-08 07:25:23.848054+00:00)
2026-07-31 15:26:37 | INFO | Found latest version of tr87: tr87-cd924810 (downloaded: 2026-06-08 07:25:23.848054+00:00)
2026-07-31 15:26:37 | INFO | Found latest version of tr87: tr87-cd924810 (downloaded: 2026-06-08 07:25:23.848054+00:00)
2026-07-31 15:26:37 | INFO | Found latest version of tr87: tr87-cd924810 (downloaded: 2026-06-08 07:25:23.848054+00:00)
2026-07-31 15:26:37 | INFO | Found latest version of tr87: tr87-cd924810 (downloaded: 2026-06-08 07:25:23.848054+00:00)
2026-07-31 15:26:37 | INFO | Found latest version of tr87: tr87-cd924810 (downloaded: 2026-06-08 07:25:23.848054+00:00)
2026-07-31 15:26:37 | INFO | Found latest version of tr87: tr87-cd924810 (downloaded: 2026-06-08 07:25:23.848054+00:00)
2026-07-31 15:26:37 | INFO | Found latest version of tr87: tr87-cd924810 (downloaded: 2026-06-08 07:25:23.848054+00:00)
2026-07-31 15:26:37 | INFO | Found latest version of tr87: tr87-cd924810 (downloaded: 2026-06-08 07:25:23.848054+00:00)
2026-07-31 15:26:37 | INFO | Found latest version of tr87: tr87-cd924810 (downloaded: 2026-06-08 07:25:23.848054+00:00)
2026-07-31 15:26:37 | INFO | Found latest version of tr87: tr87-cd924810 (downloaded: 2026-06-08 07:25:23.848054+00:00)
2026-07-31 15:26:37 | INFO | Found latest version of tr87: tr87-cd924810 (downloaded: 2026-06-08 07:25:23.848054+00:00)
2026-07-31 15:26:37 | INFO | Found latest version of tr87: tr87-cd924810 (downloaded: 2026-06-08 07:25:23.848054+00:00)
2026-07-31 15:26:37 | INFO | Found latest version of tr87: tr87-cd924810 (downloaded: 2026-06-08 07:25:23.848054+00:00)
2026-07-31 15:26:37 | INFO | Found latest version of tr87: tr87-cd924810 (downloaded: 2026-06-08 07:25:23.848054+00:00)
2026-07-31 15:26:37 | INFO | Found latest version of tr87: tr87-cd924810 (downloaded: 2026-06-08 07:25:23.848054+00:00)
2026-07-31 15:26:37 | INFO | Found latest version of tr87: tr87-cd924810 (downloaded: 2026-06-08 07:25:23.848054+00:00)
2026-07-31 15:26:37 | INFO | Found latest version of tr87: tr87-cd924810 (downloaded: 2026-06-08 07:25:23.848054+00:00)
2026-07-31 15:26:37 | INFO | Found latest version of tr87: tr87-cd924810 (downloaded: 2026-06-08 07:25:23.848054+00:00)
2026-07-31 15:26:37 | INFO | Found latest version of tr87: tr87-cd924810 (downloaded: 2026-06-08 07:25:23.848054+00:00)
2026-07-31 15:26:37 | INFO | Found latest version of tr87: tr87-cd924810 (downloaded: 2026-06-08 07:25:23.848054+00:00)
2026-07-31 15:26:37 | INFO | Found latest version of tr87: tr87-cd924810 (downloaded: 2026-06-08 07:25:23.848054+00:00)
2026-07-31 15:26:37 | INFO | Found latest version of tr87: tr87-cd924810 (downloaded: 2026-06-08 07:25:23.848054+00:00)
2026-07-31 15:26:37 | INFO | Found latest version of tr87: tr87-cd924810 (downloaded: 2026-06-08 07:25:23.848054+00:00)
2026-07-31 15:26:37 | INFO | Found latest version of tr87: tr87-cd924810 (downloaded: 2026-06-08 07:25:23.848054+00:00)
2026-07-31 15:26:37 | INFO | Found latest version of tr87: tr87-cd924810 (downloaded: 2026-06-08 07:25:23.848054+00:00)
2026-07-31 15:26:37 | INFO | Found latest version of tr87: tr87-cd924810 (downloaded: 2026-06-08 07:25:23.848054+00:00)
2026-07-31 15:26:37 | INFO | Found latest version of tr87: tr87-cd924810 (downloaded: 2026-06-08 07:25:23.848054+00:00)
2026-07-31 15:26:37 | INFO | Found latest version of tr87: tr87-cd924810 (downloaded: 2026-06-08 07:25:23.848054+00:00)
2026-07-31 15:26:37 | INFO | Found latest version of tr87: tr87-cd924810 (downloaded: 2026-06-08 07:25:23.848054+00:00)
2026-07-31 15:26:37 | INFO | Found latest version of tr87: tr87-cd924810 (downloaded: 2026-06-08 07:25:23.848054+00:00)
2026-07-31 15:26:37 | INFO | Found latest version of tr87: tr87-cd924810 (downloaded: 2026-06-08 07:25:23.848054+00:00)
2026-07-31 15:26:37 | INFO | Found latest version of tr87: tr87-cd924810 (downloaded: 2026-06-08 07:25:23.848054+00:00)
2026-07-31 15:26:37 | INFO | Found latest version of tr87: tr87-cd924810 (downloaded: 2026-06-08 07:25:23.848054+00:00)
2026-07-31 15:26:37 | INFO | Found latest version of tr87: tr87-cd924810 (downloaded: 2026-06-08 07:25:23.848054+00:00)
2026-07-31 15:26:37 | INFO | Found latest version of tr87: tr87-cd924810 (downloaded: 2026-06-08 07:25:23.848054+00:00)
2026-07-31 15:26:37 | INFO | Found latest version of tr87: tr87-cd924810 (downloaded: 2026-06-08 07:25:23.848054+00:00)
2026-07-31 15:26:37 | INFO | Found latest version of tr87: tr87-cd924810 (downloaded: 2026-06-08 07:25:23.848054+00:00)
2026-07-31 15:26:37 | INFO | Found latest version of tr87: tr87-cd924810 (downloaded: 2026-06-08 07:25:23.848054+00:00)
2026-07-31 15:26:37 | INFO | Found latest version of tr87: tr87-cd924810 (downloaded: 2026-06-08 07:25:23.848054+00:00)
2026-07-31 15:26:37 | INFO | Found latest version of tr87: tr87-cd924810 (downloaded: 2026-06-08 07:25:23.848054+00:00)
2026-07-31 15:26:37 | INFO | Found latest version of tr87: tr87-cd924810 (downloaded: 2026-06-08 07:25:23.848054+00:00)
2026-07-31 15:26:37 | INFO | Found latest version of tr87: tr87-cd924810 (downloaded: 2026-06-08 07:25:23.848054+00:00)
2026-07-31 15:26:37 | INFO | Found latest version of tr87: tr87-cd924810 (downloaded: 2026-06-08 07:25:23.848054+00:00)
2026-07-31 15:26:37 | INFO | Found latest version of tr87: tr87-cd924810 (downloaded: 2026-06-08 07:25:23.848054+00:00)
2026-07-31 15:26:37 | INFO | Found latest version of tr87: tr87-cd924810 (downloaded: 2026-06-08 07:25:23.848054+00:00)
2026-07-31 15:26:37 | INFO | Found latest version of tr87: tr87-cd924810 (downloaded: 2026-06-08 07:25:23.848054+00:00)
2026-07-31 15:26:37 | INFO | Found latest version of tr87: tr87-cd924810 (downloaded: 2026-06-08 07:25:23.848054+00:00)
2026-07-31 15:26:37 | INFO | Found latest version of tr87: tr87-cd924810 (downloaded: 2026-06-08 07:25:23.848054+00:00)
2026-07-31 15:26:41 | INFO | Found latest version of tr87: tr87-cd924810 (downloaded: 2026-06-08 07:25:23.848054+00:00)
2026-07-31 15:26:41 | INFO | Found latest version of tr87: tr87-cd924810 (downloaded: 2026-06-08 07:25:23.848054+00:00)
2026-07-31 15:26:41 | INFO | Found latest version of tr87: tr87-cd924810 (downloaded: 2026-06-08 07:25:23.848054+00:00)
2026-07-31 15:26:41 | INFO | Found latest version of tr87: tr87-cd924810 (downloaded: 2026-06-08 07:25:23.848054+00:00)
2026-07-31 15:26:41 | INFO | Found latest version of tr87: tr87-cd924810 (downloaded: 2026-06-08 07:25:23.848054+00:00)
2026-07-31 15:26:41 | INFO | Found latest version of tr87: tr87-cd924810 (downloaded: 2026-06-08 07:25:23.848054+00:00)
2026-07-31 15:26:41 | INFO | Found latest version of tr87: tr87-cd924810 (downloaded: 2026-06-08 07:25:23.848054+00:00)
2026-07-31 15:26:41 | INFO | Found latest version of tr87: tr87-cd924810 (downloaded: 2026-06-08 07:25:23.848054+00:00)
2026-07-31 15:26:41 | INFO | Found latest version of tr87: tr87-cd924810 (downloaded: 2026-06-08 07:25:23.848054+00:00)
2026-07-31 15:26:41 | INFO | Found latest version of tr87: tr87-cd924810 (downloaded: 2026-06-08 07:25:23.848054+00:00)
2026-07-31 15:26:41 | INFO | Found latest version of tr87: tr87-cd924810 (downloaded: 2026-06-08 07:25:23.848054+00:00)
2026-07-31 15:26:41 | INFO | Found latest version of tr87: tr87-cd924810 (downloaded: 2026-06-08 07:25:23.848054+00:00)
2026-07-31 15:26:41 | INFO | Found latest version of tr87: tr87-cd924810 (downloaded: 2026-06-08 07:25:23.848054+00:00)
2026-07-31 15:26:41 | INFO | Found latest version of tr87: tr87-cd924810 (downloaded: 2026-06-08 07:25:23.848054+00:00)
2026-07-31 15:26:41 | INFO | Found latest version of tr87: tr87-cd924810 (downloaded: 2026-06-08 07:25:23.848054+00:00)
2026-07-31 15:26:41 | INFO | Found latest version of tr87: tr87-cd924810 (downloaded: 2026-06-08 07:25:23.848054+00:00)
2026-07-31 15:26:41 | INFO | Found latest version of tr87: tr87-cd924810 (downloaded: 2026-06-08 07:25:23.848054+00:00)
2026-07-31 15:26:41 | INFO | Found latest version of tr87: tr87-cd924810 (downloaded: 2026-06-08 07:25:23.848054+00:00)
2026-07-31 15:26:41 | INFO | Found latest version of tr87: tr87-cd924810 (downloaded: 2026-06-08 07:25:23.848054+00:00)
2026-07-31 15:26:41 | INFO | Found latest version of tr87: tr87-cd924810 (downloaded: 2026-06-08 07:25:23.848054+00:00)
2026-07-31 15:26:41 | INFO | Found latest version of tr87: tr87-cd924810 (downloaded: 2026-06-08 07:25:23.848054+00:00)
2026-07-31 15:26:41 | INFO | Found latest version of tr87: tr87-cd924810 (downloaded: 2026-06-08 07:25:23.848054+00:00)
2026-07-31 15:26:41 | INFO | Found latest version of tr87: tr87-cd924810 (downloaded: 2026-06-08 07:25:23.848054+00:00)
2026-07-31 15:26:41 | INFO | Found latest version of tr87: tr87-cd924810 (downloaded: 2026-06-08 07:25:23.848054+00:00)
2026-07-31 15:26:41 | INFO | Found latest version of tr87: tr87-cd924810 (downloaded: 2026-06-08 07:25:23.848054+00:00)
2026-07-31 15:26:41 | INFO | Found latest version of tr87: tr87-cd924810 (downloaded: 2026-06-08 07:25:23.848054+00:00)
2026-07-31 15:26:41 | INFO | Found latest version of tr87: tr87-cd924810 (downloaded: 2026-06-08 07:25:23.848054+00:00)
2026-07-31 15:26:41 | INFO | Found latest version of tr87: tr87-cd924810 (downloaded: 2026-06-08 07:25:23.848054+00:00)
2026-07-31 15:26:41 | INFO | Found latest version of tr87: tr87-cd924810 (downloaded: 2026-06-08 07:25:23.848054+00:00)
2026-07-31 15:26:41 | INFO | Found latest version of tr87: tr87-cd924810 (downloaded: 2026-06-08 07:25:23.848054+00:00)
2026-07-31 15:26:41 | INFO | Found latest version of tr87: tr87-cd924810 (downloaded: 2026-06-08 07:25:23.848054+00:00)
2026-07-31 15:26:41 | INFO | Found latest version of tr87: tr87-cd924810 (downloaded: 2026-06-08 07:25:23.848054+00:00)
2026-07-31 15:26:41 | INFO | Found latest version of tr87: tr87-cd924810 (downloaded: 2026-06-08 07:25:23.848054+00:00)
2026-07-31 15:26:41 | INFO | Found latest version of tr87: tr87-cd924810 (downloaded: 2026-06-08 07:25:23.848054+00:00)
2026-07-31 15:26:41 | INFO | Found latest version of tr87: tr87-cd924810 (downloaded: 2026-06-08 07:25:23.848054+00:00)
2026-07-31 15:26:41 | INFO | Found latest version of tr87: tr87-cd924810 (downloaded: 2026-06-08 07:25:23.848054+00:00)
2026-07-31 15:26:41 | INFO | Found latest version of tr87: tr87-cd924810 (downloaded: 2026-06-08 07:25:23.848054+00:00)
2026-07-31 15:26:41 | INFO | Found latest version of tr87: tr87-cd924810 (downloaded: 2026-06-08 07:25:23.848054+00:00)
2026-07-31 15:26:41 | INFO | Found latest version of tr87: tr87-cd924810 (downloaded: 2026-06-08 07:25:23.848054+00:00)
2026-07-31 15:26:41 | INFO | Found latest version of tr87: tr87-cd924810 (downloaded: 2026-06-08 07:25:23.848054+00:00)
2026-07-31 15:26:41 | INFO | Found latest version of tr87: tr87-cd924810 (downloaded: 2026-06-08 07:25:23.848054+00:00)
2026-07-31 15:26:41 | INFO | Found latest version of tr87: tr87-cd924810 (downloaded: 2026-06-08 07:25:23.848054+00:00)
2026-07-31 15:26:41 | INFO | Found latest version of tr87: tr87-cd924810 (downloaded: 2026-06-08 07:25:23.848054+00:00)
2026-07-31 15:26:41 | INFO | Found latest version of tr87: tr87-cd924810 (downloaded: 2026-06-08 07:25:23.848054+00:00)
2026-07-31 15:26:41 | INFO | Found latest version of tr87: tr87-cd924810 (downloaded: 2026-06-08 07:25:23.848054+00:00)
2026-07-31 15:26:41 | INFO | Found latest version of tr87: tr87-cd924810 (downloaded: 2026-06-08 07:25:23.848054+00:00)
2026-07-31 15:26:41 | INFO | Found latest version of tr87: tr87-cd924810 (downloaded: 2026-06-08 07:25:23.848054+00:00)
2026-07-31 15:26:41 | INFO | Found latest version of tr87: tr87-cd924810 (downloaded: 2026-06-08 07:25:23.848054+00:00)
2026-07-31 15:26:42 | INFO | Found latest version of tr87: tr87-cd924810 (downloaded: 2026-06-08 07:25:23.848054+00:00)
2026-07-31 15:26:42 | INFO | Found latest version of tr87: tr87-cd924810 (downloaded: 2026-06-08 07:25:23.848054+00:00)
2026-07-31 15:26:42 | INFO | Found latest version of tr87: tr87-cd924810 (downloaded: 2026-06-08 07:25:23.848054+00:00)
2026-07-31 15:26:42 | INFO | Found latest version of tr87: tr87-cd924810 (downloaded: 2026-06-08 07:25:23.848054+00:00)
2026-07-31 15:26:42 | INFO | Found latest version of tr87: tr87-cd924810 (downloaded: 2026-06-08 07:25:23.848054+00:00)
2026-07-31 15:26:42 | INFO | Found latest version of tr87: tr87-cd924810 (downloaded: 2026-06-08 07:25:23.848054+00:00)
2026-07-31 15:26:42 | INFO | Found latest version of tr87: tr87-cd924810 (downloaded: 2026-06-08 07:25:23.848054+00:00)
2026-07-31 15:26:42 | INFO | Found latest version of tr87: tr87-cd924810 (downloaded: 2026-06-08 07:25:23.848054+00:00)
2026-07-31 15:26:42 | INFO | Found latest version of tr87: tr87-cd924810 (downloaded: 2026-06-08 07:25:23.848054+00:00)
2026-07-31 15:26:42 | INFO | Found latest version of tr87: tr87-cd924810 (downloaded: 2026-06-08 07:25:23.848054+00:00)
2026-07-31 15:26:42 | INFO | Found latest version of tr87: tr87-cd924810 (downloaded: 2026-06-08 07:25:23.848054+00:00)
2026-07-31 15:26:42 | INFO | Found latest version of tr87: tr87-cd924810 (downloaded: 2026-06-08 07:25:23.848054+00:00)
2026-07-31 15:26:42 | INFO | Found latest version of tr87: tr87-cd924810 (downloaded: 2026-06-08 07:25:23.848054+00:00)
2026-07-31 15:26:42 | INFO | Found latest version of tr87: tr87-cd924810 (downloaded: 2026-06-08 07:25:23.848054+00:00)
2026-07-31 15:26:42 | INFO | Found latest version of tr87: tr87-cd924810 (downloaded: 2026-06-08 07:25:23.848054+00:00)
2026-07-31 15:26:45 | INFO | Found latest version of tr87: tr87-cd924810 (downloaded: 2026-06-08 07:25:23.848054+00:00)
2026-07-31 15:26:45 | INFO | Found latest version of tr87: tr87-cd924810 (downloaded: 2026-06-08 07:25:23.848054+00:00)
2026-07-31 15:26:45 | INFO | Found latest version of tr87: tr87-cd924810 (downloaded: 2026-06-08 07:25:23.848054+00:00)
2026-07-31 15:26:45 | INFO | Found latest version of tr87: tr87-cd924810 (downloaded: 2026-06-08 07:25:23.848054+00:00)
2026-07-31 15:26:45 | INFO | Found latest version of tr87: tr87-cd924810 (downloaded: 2026-06-08 07:25:23.848054+00:00)
2026-07-31 15:26:45 | INFO | Found latest version of tr87: tr87-cd924810 (downloaded: 2026-06-08 07:25:23.848054+00:00)
2026-07-31 15:26:45 | INFO | Found latest version of tr87: tr87-cd924810 (downloaded: 2026-06-08 07:25:23.848054+00:00)
2026-07-31 15:26:45 | INFO | Found latest version of tr87: tr87-cd924810 (downloaded: 2026-06-08 07:25:23.848054+00:00)
2026-07-31 15:26:45 | INFO | Found latest version of tr87: tr87-cd924810 (downloaded: 2026-06-08 07:25:23.848054+00:00)
2026-07-31 15:26:45 | INFO | Found latest version of tr87: tr87-cd924810 (downloaded: 2026-06-08 07:25:23.848054+00:00)
2026-07-31 15:26:45 | INFO | Found latest version of tr87: tr87-cd924810 (downloaded: 2026-06-08 07:25:23.848054+00:00)
2026-07-31 15:26:45 | INFO | Found latest version of tr87: tr87-cd924810 (downloaded: 2026-06-08 07:25:23.848054+00:00)
2026-07-31 15:26:45 | INFO | Found latest version of tr87: tr87-cd924810 (downloaded: 2026-06-08 07:25:23.848054+00:00)
2026-07-31 15:26:45 | INFO | Found latest version of tr87: tr87-cd924810 (downloaded: 2026-06-08 07:25:23.848054+00:00)
2026-07-31 15:26:46 | INFO | Found latest version of tr87: tr87-cd924810 (downloaded: 2026-06-08 07:25:23.848054+00:00)
2026-07-31 15:26:46 | INFO | Found latest version of tr87: tr87-cd924810 (downloaded: 2026-06-08 07:25:23.848054+00:00)
2026-07-31 15:26:46 | INFO | Found latest version of tr87: tr87-cd924810 (downloaded: 2026-06-08 07:25:23.848054+00:00)
2026-07-31 15:26:46 | INFO | Found latest version of tr87: tr87-cd924810 (downloaded: 2026-06-08 07:25:23.848054+00:00)
2026-07-31 15:26:46 | INFO | Found latest version of tr87: tr87-cd924810 (downloaded: 2026-06-08 07:25:23.848054+00:00)
2026-07-31 15:26:46 | INFO | Found latest version of tr87: tr87-cd924810 (downloaded: 2026-06-08 07:25:23.848054+00:00)
2026-07-31 15:26:46 | INFO | Found latest version of tr87: tr87-cd924810 (downloaded: 2026-06-08 07:25:23.848054+00:00)
2026-07-31 15:26:46 | INFO | Found latest version of tr87: tr87-cd924810 (downloaded: 2026-06-08 07:25:23.848054+00:00)
2026-07-31 15:26:46 | INFO | Found latest version of tr87: tr87-cd924810 (downloaded: 2026-06-08 07:25:23.848054+00:00)
2026-07-31 15:26:46 | INFO | Found latest version of tr87: tr87-cd924810 (downloaded: 2026-06-08 07:25:23.848054+00:00)
2026-07-31 15:26:46 | INFO | Found latest version of tr87: tr87-cd924810 (downloaded: 2026-06-08 07:25:23.848054+00:00)
2026-07-31 15:26:46 | INFO | Found latest version of tr87: tr87-cd924810 (downloaded: 2026-06-08 07:25:23.848054+00:00)
2026-07-31 15:26:46 | INFO | Found latest version of tr87: tr87-cd924810 (downloaded: 2026-06-08 07:25:23.848054+00:00)
2026-07-31 15:26:46 | INFO | Found latest version of tr87: tr87-cd924810 (downloaded: 2026-06-08 07:25:23.848054+00:00)
2026-07-31 15:26:46 | INFO | Found latest version of tr87: tr87-cd924810 (downloaded: 2026-06-08 07:25:23.848054+00:00)
2026-07-31 15:26:46 | INFO | Found latest version of tr87: tr87-cd924810 (downloaded: 2026-06-08 07:25:23.848054+00:00)
2026-07-31 15:26:46 | INFO | Found latest version of tr87: tr87-cd924810 (downloaded: 2026-06-08 07:25:23.848054+00:00)
2026-07-31 15:26:46 | INFO | Found latest version of tr87: tr87-cd924810 (downloaded: 2026-06-08 07:25:23.848054+00:00)
2026-07-31 15:26:46 | INFO | Found latest version of tr87: tr87-cd924810 (downloaded: 2026-06-08 07:25:23.848054+00:00)
2026-07-31 15:26:46 | INFO | Found latest version of tr87: tr87-cd924810 (downloaded: 2026-06-08 07:25:23.848054+00:00)
2026-07-31 15:26:46 | INFO | Found latest version of tr87: tr87-cd924810 (downloaded: 2026-06-08 07:25:23.848054+00:00)
2026-07-31 15:26:46 | INFO | Found latest version of tr87: tr87-cd924810 (downloaded: 2026-06-08 07:25:23.848054+00:00)
2026-07-31 15:26:46 | INFO | Found latest version of tr87: tr87-cd924810 (downloaded: 2026-06-08 07:25:23.848054+00:00)
2026-07-31 15:26:46 | INFO | Found latest version of tr87: tr87-cd924810 (downloaded: 2026-06-08 07:25:23.848054+00:00)
2026-07-31 15:26:46 | INFO | Found latest version of tr87: tr87-cd924810 (downloaded: 2026-06-08 07:25:23.848054+00:00)
2026-07-31 15:26:46 | INFO | Found latest version of tr87: tr87-cd924810 (downloaded: 2026-06-08 07:25:23.848054+00:00)
2026-07-31 15:26:46 | INFO | Found latest version of tr87: tr87-cd924810 (downloaded: 2026-06-08 07:25:23.848054+00:00)
2026-07-31 15:26:46 | INFO | Found latest version of tr87: tr87-cd924810 (downloaded: 2026-06-08 07:25:23.848054+00:00)
2026-07-31 15:26:46 | INFO | Found latest version of tr87: tr87-cd924810 (downloaded: 2026-06-08 07:25:23.848054+00:00)
2026-07-31 15:26:46 | INFO | Found latest version of tr87: tr87-cd924810 (downloaded: 2026-06-08 07:25:23.848054+00:00)
2026-07-31 15:26:46 | INFO | Found latest version of tr87: tr87-cd924810 (downloaded: 2026-06-08 07:25:23.848054+00:00)
2026-07-31 15:26:46 | INFO | Found latest version of tr87: tr87-cd924810 (downloaded: 2026-06-08 07:25:23.848054+00:00)
2026-07-31 15:26:46 | INFO | Found latest version of tr87: tr87-cd924810 (downloaded: 2026-06-08 07:25:23.848054+00:00)
2026-07-31 15:26:46 | INFO | Found latest version of tr87: tr87-cd924810 (downloaded: 2026-06-08 07:25:23.848054+00:00)
2026-07-31 15:26:46 | INFO | Found latest version of tr87: tr87-cd924810 (downloaded: 2026-06-08 07:25:23.848054+00:00)
2026-07-31 15:26:46 | INFO | Found latest version of tr87: tr87-cd924810 (downloaded: 2026-06-08 07:25:23.848054+00:00)
2026-07-31 15:26:46 | INFO | Found latest version of tr87: tr87-cd924810 (downloaded: 2026-06-08 07:25:23.848054+00:00)
2026-07-31 15:26:46 | INFO | Found latest version of tr87: tr87-cd924810 (downloaded: 2026-06-08 07:25:23.848054+00:00)
2026-07-31 15:26:46 | INFO | Found latest version of tr87: tr87-cd924810 (downloaded: 2026-06-08 07:25:23.848054+00:00)
2026-07-31 15:26:46 | INFO | Found latest version of tr87: tr87-cd924810 (downloaded: 2026-06-08 07:25:23.848054+00:00)
2026-07-31 15:26:46 | INFO | Found latest version of tr87: tr87-cd924810 (downloaded: 2026-06-08 07:25:23.848054+00:00)
2026-07-31 15:26:46 | INFO | Found latest version of tr87: tr87-cd924810 (downloaded: 2026-06-08 07:25:23.848054+00:00)
2026-07-31 15:26:46 | INFO | Found latest version of tr87: tr87-cd924810 (downloaded: 2026-06-08 07:25:23.848054+00:00)
2026-07-31 15:26:46 | INFO | Found latest version of tr87: tr87-cd924810 (downloaded: 2026-06-08 07:25:23.848054+00:00)
2026-07-31 15:26:46 | INFO | Found latest version of tr87: tr87-cd924810 (downloaded: 2026-06-08 07:25:23.848054+00:00)
2026-07-31 15:26:46 | INFO | Found latest version of tr87: tr87-cd924810 (downloaded: 2026-06-08 07:25:23.848054+00:00)
2026-07-31 15:26:46 | INFO | Found latest version of tr87: tr87-cd924810 (downloaded: 2026-06-08 07:25:23.848054+00:00)
2026-07-31 15:26:46 | INFO | Found latest version of tr87: tr87-cd924810 (downloaded: 2026-06-08 07:25:23.848054+00:00)
2026-07-31 15:26:50 | INFO | Found latest version of tr87: tr87-cd924810 (downloaded: 2026-06-08 07:25:23.848054+00:00)
2026-07-31 15:26:50 | INFO | Found latest version of tr87: tr87-cd924810 (downloaded: 2026-06-08 07:25:23.848054+00:00)
2026-07-31 15:26:50 | INFO | Found latest version of tr87: tr87-cd924810 (downloaded: 2026-06-08 07:25:23.848054+00:00)
2026-07-31 15:26:50 | INFO | Found latest version of tr87: tr87-cd924810 (downloaded: 2026-06-08 07:25:23.848054+00:00)
2026-07-31 15:26:50 | INFO | Found latest version of tr87: tr87-cd924810 (downloaded: 2026-06-08 07:25:23.848054+00:00)
2026-07-31 15:26:50 | INFO | Found latest version of tr87: tr87-cd924810 (downloaded: 2026-06-08 07:25:23.848054+00:00)
2026-07-31 15:26:50 | INFO | Found latest version of tr87: tr87-cd924810 (downloaded: 2026-06-08 07:25:23.848054+00:00)
2026-07-31 15:26:50 | INFO | Found latest version of tr87: tr87-cd924810 (downloaded: 2026-06-08 07:25:23.848054+00:00)
2026-07-31 15:26:50 | INFO | Found latest version of tr87: tr87-cd924810 (downloaded: 2026-06-08 07:25:23.848054+00:00)
2026-07-31 15:26:50 | INFO | Found latest version of tr87: tr87-cd924810 (downloaded: 2026-06-08 07:25:23.848054+00:00)
2026-07-31 15:26:50 | INFO | Found latest version of tr87: tr87-cd924810 (downloaded: 2026-06-08 07:25:23.848054+00:00)
2026-07-31 15:26:50 | INFO | Found latest version of tr87: tr87-cd924810 (downloaded: 2026-06-08 07:25:23.848054+00:00)
2026-07-31 15:26:50 | INFO | Found latest version of tr87: tr87-cd924810 (downloaded: 2026-06-08 07:25:23.848054+00:00)
2026-07-31 15:26:50 | INFO | Found latest version of tr87: tr87-cd924810 (downloaded: 2026-06-08 07:25:23.848054+00:00)
2026-07-31 15:26:50 | INFO | Found latest version of tr87: tr87-cd924810 (downloaded: 2026-06-08 07:25:23.848054+00:00)
2026-07-31 15:26:50 | INFO | Found latest version of tr87: tr87-cd924810 (downloaded: 2026-06-08 07:25:23.848054+00:00)
2026-07-31 15:26:50 | INFO | Found latest version of tr87: tr87-cd924810 (downloaded: 2026-06-08 07:25:23.848054+00:00)
2026-07-31 15:26:50 | INFO | Found latest version of tr87: tr87-cd924810 (downloaded: 2026-06-08 07:25:23.848054+00:00)
2026-07-31 15:26:50 | INFO | Found latest version of tr87: tr87-cd924810 (downloaded: 2026-06-08 07:25:23.848054+00:00)
2026-07-31 15:26:50 | INFO | Found latest version of tr87: tr87-cd924810 (downloaded: 2026-06-08 07:25:23.848054+00:00)
2026-07-31 15:26:50 | INFO | Found latest version of tr87: tr87-cd924810 (downloaded: 2026-06-08 07:25:23.848054+00:00)
2026-07-31 15:26:50 | INFO | Found latest version of tr87: tr87-cd924810 (downloaded: 2026-06-08 07:25:23.848054+00:00)
2026-07-31 15:26:50 | INFO | Found latest version of tr87: tr87-cd924810 (downloaded: 2026-06-08 07:25:23.848054+00:00)
2026-07-31 15:26:50 | INFO | Found latest version of tr87: tr87-cd924810 (downloaded: 2026-06-08 07:25:23.848054+00:00)
2026-07-31 15:26:50 | INFO | Found latest version of tr87: tr87-cd924810 (downloaded: 2026-06-08 07:25:23.848054+00:00)
2026-07-31 15:26:50 | INFO | Found latest version of tr87: tr87-cd924810 (downloaded: 2026-06-08 07:25:23.848054+00:00)
2026-07-31 15:26:50 | INFO | Found latest version of tr87: tr87-cd924810 (downloaded: 2026-06-08 07:25:23.848054+00:00)
2026-07-31 15:26:50 | INFO | Found latest version of tr87: tr87-cd924810 (downloaded: 2026-06-08 07:25:23.848054+00:00)
2026-07-31 15:26:50 | INFO | Found latest version of tr87: tr87-cd924810 (downloaded: 2026-06-08 07:25:23.848054+00:00)
2026-07-31 15:26:50 | INFO | Found latest version of tr87: tr87-cd924810 (downloaded: 2026-06-08 07:25:23.848054+00:00)
2026-07-31 15:26:50 | INFO | Found latest version of tr87: tr87-cd924810 (downloaded: 2026-06-08 07:25:23.848054+00:00)
2026-07-31 15:26:50 | INFO | Found latest version of tr87: tr87-cd924810 (downloaded: 2026-06-08 07:25:23.848054+00:00)
2026-07-31 15:26:50 | INFO | Found latest version of tr87: tr87-cd924810 (downloaded: 2026-06-08 07:25:23.848054+00:00)
2026-07-31 15:26:50 | INFO | Found latest version of tr87: tr87-cd924810 (downloaded: 2026-06-08 07:25:23.848054+00:00)
2026-07-31 15:26:50 | INFO | Found latest version of tr87: tr87-cd924810 (downloaded: 2026-06-08 07:25:23.848054+00:00)
2026-07-31 15:26:50 | INFO | Found latest version of tr87: tr87-cd924810 (downloaded: 2026-06-08 07:25:23.848054+00:00)
2026-07-31 15:26:50 | INFO | Found latest version of tr87: tr87-cd924810 (downloaded: 2026-06-08 07:25:23.848054+00:00)
2026-07-31 15:26:50 | INFO | Found latest version of tr87: tr87-cd924810 (downloaded: 2026-06-08 07:25:23.848054+00:00)
2026-07-31 15:26:50 | INFO | Found latest version of tr87: tr87-cd924810 (downloaded: 2026-06-08 07:25:23.848054+00:00)
2026-07-31 15:26:50 | INFO | Found latest version of tr87: tr87-cd924810 (downloaded: 2026-06-08 07:25:23.848054+00:00)
2026-07-31 15:26:50 | INFO | Found latest version of tr87: tr87-cd924810 (downloaded: 2026-06-08 07:25:23.848054+00:00)
2026-07-31 15:26:50 | INFO | Found latest version of tr87: tr87-cd924810 (downloaded: 2026-06-08 07:25:23.848054+00:00)
2026-07-31 15:26:50 | INFO | Found latest version of tr87: tr87-cd924810 (downloaded: 2026-06-08 07:25:23.848054+00:00)
2026-07-31 15:26:50 | INFO | Found latest version of tr87: tr87-cd924810 (downloaded: 2026-06-08 07:25:23.848054+00:00)
2026-07-31 15:26:50 | INFO | Found latest version of tr87: tr87-cd924810 (downloaded: 2026-06-08 07:25:23.848054+00:00)
2026-07-31 15:26:50 | INFO | Found latest version of tr87: tr87-cd924810 (downloaded: 2026-06-08 07:25:23.848054+00:00)
2026-07-31 15:26:50 | INFO | Found latest version of tr87: tr87-cd924810 (downloaded: 2026-06-08 07:25:23.848054+00:00)
2026-07-31 15:26:50 | INFO | Found latest version of tr87: tr87-cd924810 (downloaded: 2026-06-08 07:25:23.848054+00:00)
2026-07-31 15:26:50 | INFO | Found latest version of tr87: tr87-cd924810 (downloaded: 2026-06-08 07:25:23.848054+00:00)
2026-07-31 15:26:50 | INFO | Found latest version of tr87: tr87-cd924810 (downloaded: 2026-06-08 07:25:23.848054+00:00)
2026-07-31 15:26:50 | INFO | Found latest version of tr87: tr87-cd924810 (downloaded: 2026-06-08 07:25:23.848054+00:00)
2026-07-31 15:26:50 | INFO | Found latest version of tr87: tr87-cd924810 (downloaded: 2026-06-08 07:25:23.848054+00:00)
2026-07-31 15:26:50 | INFO | Found latest version of tr87: tr87-cd924810 (downloaded: 2026-06-08 07:25:23.848054+00:00)
2026-07-31 15:26:50 | INFO | Found latest version of tr87: tr87-cd924810 (downloaded: 2026-06-08 07:25:23.848054+00:00)
2026-07-31 15:26:50 | INFO | Found latest version of tr87: tr87-cd924810 (downloaded: 2026-06-08 07:25:23.848054+00:00)
2026-07-31 15:26:51 | INFO | Found latest version of tr87: tr87-cd924810 (downloaded: 2026-06-08 07:25:23.848054+00:00)
2026-07-31 15:26:51 | INFO | Found latest version of tr87: tr87-cd924810 (downloaded: 2026-06-08 07:25:23.848054+00:00)
2026-07-31 15:26:51 | INFO | Found latest version of tr87: tr87-cd924810 (downloaded: 2026-06-08 07:25:23.848054+00:00)
2026-07-31 15:26:51 | INFO | Found latest version of tr87: tr87-cd924810 (downloaded: 2026-06-08 07:25:23.848054+00:00)
2026-07-31 15:26:51 | INFO | Found latest version of tr87: tr87-cd924810 (downloaded: 2026-06-08 07:25:23.848054+00:00)
2026-07-31 15:26:51 | INFO | Found latest version of tr87: tr87-cd924810 (downloaded: 2026-06-08 07:25:23.848054+00:00)
2026-07-31 15:26:51 | INFO | Found latest version of tr87: tr87-cd924810 (downloaded: 2026-06-08 07:25:23.848054+00:00)
2026-07-31 15:26:51 | INFO | Found latest version of tr87: tr87-cd924810 (downloaded: 2026-06-08 07:25:23.848054+00:00)
2026-07-31 15:26:54 | INFO | Found latest version of tr87: tr87-cd924810 (downloaded: 2026-06-08 07:25:23.848054+00:00)
2026-07-31 15:26:54 | INFO | Found latest version of tr87: tr87-cd924810 (downloaded: 2026-06-08 07:25:23.848054+00:00)
2026-07-31 15:26:54 | INFO | Found latest version of tr87: tr87-cd924810 (downloaded: 2026-06-08 07:25:23.848054+00:00)
2026-07-31 15:26:54 | INFO | Found latest version of tr87: tr87-cd924810 (downloaded: 2026-06-08 07:25:23.848054+00:00)
2026-07-31 15:26:54 | INFO | Found latest version of tr87: tr87-cd924810 (downloaded: 2026-06-08 07:25:23.848054+00:00)
2026-07-31 15:26:54 | INFO | Found latest version of tr87: tr87-cd924810 (downloaded: 2026-06-08 07:25:23.848054+00:00)
2026-07-31 15:26:54 | INFO | Found latest version of tr87: tr87-cd924810 (downloaded: 2026-06-08 07:25:23.848054+00:00)
2026-07-31 15:26:54 | INFO | Found latest version of tr87: tr87-cd924810 (downloaded: 2026-06-08 07:25:23.848054+00:00)
2026-07-31 15:26:54 | INFO | Found latest version of tr87: tr87-cd924810 (downloaded: 2026-06-08 07:25:23.848054+00:00)
2026-07-31 15:26:55 | INFO | Found latest version of tr87: tr87-cd924810 (downloaded: 2026-06-08 07:25:23.848054+00:00)
2026-07-31 15:26:55 | INFO | Found latest version of tr87: tr87-cd924810 (downloaded: 2026-06-08 07:25:23.848054+00:00)
2026-07-31 15:26:55 | INFO | Found latest version of tr87: tr87-cd924810 (downloaded: 2026-06-08 07:25:23.848054+00:00)
2026-07-31 15:26:55 | INFO | Found latest version of tr87: tr87-cd924810 (downloaded: 2026-06-08 07:25:23.848054+00:00)
2026-07-31 15:26:55 | INFO | Found latest version of tr87: tr87-cd924810 (downloaded: 2026-06-08 07:25:23.848054+00:00)
2026-07-31 15:26:55 | INFO | Found latest version of tr87: tr87-cd924810 (downloaded: 2026-06-08 07:25:23.848054+00:00)
2026-07-31 15:26:55 | INFO | Found latest version of tr87: tr87-cd924810 (downloaded: 2026-06-08 07:25:23.848054+00:00)
2026-07-31 15:26:55 | INFO | Found latest version of tr87: tr87-cd924810 (downloaded: 2026-06-08 07:25:23.848054+00:00)
2026-07-31 15:26:55 | INFO | Found latest version of tr87: tr87-cd924810 (downloaded: 2026-06-08 07:25:23.848054+00:00)
2026-07-31 15:26:55 | INFO | Found latest version of tr87: tr87-cd924810 (downloaded: 2026-06-08 07:25:23.848054+00:00)
2026-07-31 15:26:55 | INFO | Found latest version of tr87: tr87-cd924810 (downloaded: 2026-06-08 07:25:23.848054+00:00)
2026-07-31 15:26:55 | INFO | Found latest version of tr87: tr87-cd924810 (downloaded: 2026-06-08 07:25:23.848054+00:00)
2026-07-31 15:26:55 | INFO | Found latest version of tr87: tr87-cd924810 (downloaded: 2026-06-08 07:25:23.848054+00:00)
2026-07-31 15:26:55 | INFO | Found latest version of tr87: tr87-cd924810 (downloaded: 2026-06-08 07:25:23.848054+00:00)
2026-07-31 15:26:55 | INFO | Found latest version of tr87: tr87-cd924810 (downloaded: 2026-06-08 07:25:23.848054+00:00)
2026-07-31 15:26:55 | INFO | Found latest version of tr87: tr87-cd924810 (downloaded: 2026-06-08 07:25:23.848054+00:00)
2026-07-31 15:26:55 | INFO | Found latest version of tr87: tr87-cd924810 (downloaded: 2026-06-08 07:25:23.848054+00:00)
2026-07-31 15:26:55 | INFO | Found latest version of tr87: tr87-cd924810 (downloaded: 2026-06-08 07:25:23.848054+00:00)
2026-07-31 15:26:55 | INFO | Found latest version of tr87: tr87-cd924810 (downloaded: 2026-06-08 07:25:23.848054+00:00)
2026-07-31 15:26:55 | INFO | Found latest version of tr87: tr87-cd924810 (downloaded: 2026-06-08 07:25:23.848054+00:00)
2026-07-31 15:26:55 | INFO | Found latest version of tr87: tr87-cd924810 (downloaded: 2026-06-08 07:25:23.848054+00:00)
2026-07-31 15:26:55 | INFO | Found latest version of tr87: tr87-cd924810 (downloaded: 2026-06-08 07:25:23.848054+00:00)
2026-07-31 15:26:55 | INFO | Found latest version of tr87: tr87-cd924810 (downloaded: 2026-06-08 07:25:23.848054+00:00)
2026-07-31 15:26:55 | INFO | Found latest version of tr87: tr87-cd924810 (downloaded: 2026-06-08 07:25:23.848054+00:00)
2026-07-31 15:26:55 | INFO | Found latest version of tr87: tr87-cd924810 (downloaded: 2026-06-08 07:25:23.848054+00:00)
2026-07-31 15:26:55 | INFO | Found latest version of tr87: tr87-cd924810 (downloaded: 2026-06-08 07:25:23.848054+00:00)
2026-07-31 15:26:55 | INFO | Found latest version of tr87: tr87-cd924810 (downloaded: 2026-06-08 07:25:23.848054+00:00)
2026-07-31 15:26:55 | INFO | Found latest version of tr87: tr87-cd924810 (downloaded: 2026-06-08 07:25:23.848054+00:00)
2026-07-31 15:26:55 | INFO | Found latest version of tr87: tr87-cd924810 (downloaded: 2026-06-08 07:25:23.848054+00:00)
2026-07-31 15:26:55 | INFO | Found latest version of tr87: tr87-cd924810 (downloaded: 2026-06-08 07:25:23.848054+00:00)
2026-07-31 15:26:55 | INFO | Found latest version of tr87: tr87-cd924810 (downloaded: 2026-06-08 07:25:23.848054+00:00)
2026-07-31 15:26:55 | INFO | Found latest version of tr87: tr87-cd924810 (downloaded: 2026-06-08 07:25:23.848054+00:00)
2026-07-31 15:26:55 | INFO | Found latest version of tr87: tr87-cd924810 (downloaded: 2026-06-08 07:25:23.848054+00:00)
2026-07-31 15:26:55 | INFO | Found latest version of tr87: tr87-cd924810 (downloaded: 2026-06-08 07:25:23.848054+00:00)
2026-07-31 15:26:55 | INFO | Found latest version of tr87: tr87-cd924810 (downloaded: 2026-06-08 07:25:23.848054+00:00)
2026-07-31 15:26:55 | INFO | Found latest version of tr87: tr87-cd924810 (downloaded: 2026-06-08 07:25:23.848054+00:00)
2026-07-31 15:26:55 | INFO | Found latest version of tr87: tr87-cd924810 (downloaded: 2026-06-08 07:25:23.848054+00:00)
2026-07-31 15:26:55 | INFO | Found latest version of tr87: tr87-cd924810 (downloaded: 2026-06-08 07:25:23.848054+00:00)
2026-07-31 15:26:55 | INFO | Found latest version of tr87: tr87-cd924810 (downloaded: 2026-06-08 07:25:23.848054+00:00)
2026-07-31 15:26:55 | INFO | Found latest version of tr87: tr87-cd924810 (downloaded: 2026-06-08 07:25:23.848054+00:00)
2026-07-31 15:26:55 | INFO | Found latest version of tr87: tr87-cd924810 (downloaded: 2026-06-08 07:25:23.848054+00:00)
2026-07-31 15:26:55 | INFO | Found latest version of tr87: tr87-cd924810 (downloaded: 2026-06-08 07:25:23.848054+00:00)
2026-07-31 15:26:55 | INFO | Found latest version of tr87: tr87-cd924810 (downloaded: 2026-06-08 07:25:23.848054+00:00)
2026-07-31 15:26:55 | INFO | Found latest version of tr87: tr87-cd924810 (downloaded: 2026-06-08 07:25:23.848054+00:00)
2026-07-31 15:26:55 | INFO | Found latest version of tr87: tr87-cd924810 (downloaded: 2026-06-08 07:25:23.848054+00:00)
2026-07-31 15:26:55 | INFO | Found latest version of tr87: tr87-cd924810 (downloaded: 2026-06-08 07:25:23.848054+00:00)
2026-07-31 15:26:55 | INFO | Found latest version of tr87: tr87-cd924810 (downloaded: 2026-06-08 07:25:23.848054+00:00)
2026-07-31 15:26:55 | INFO | Found latest version of tr87: tr87-cd924810 (downloaded: 2026-06-08 07:25:23.848054+00:00)
2026-07-31 15:26:55 | INFO | Found latest version of tr87: tr87-cd924810 (downloaded: 2026-06-08 07:25:23.848054+00:00)
2026-07-31 15:26:55 | INFO | Found latest version of tr87: tr87-cd924810 (downloaded: 2026-06-08 07:25:23.848054+00:00)
2026-07-31 15:26:55 | INFO | Found latest version of tr87: tr87-cd924810 (downloaded: 2026-06-08 07:25:23.848054+00:00)
2026-07-31 15:26:55 | INFO | Found latest version of tr87: tr87-cd924810 (downloaded: 2026-06-08 07:25:23.848054+00:00)
2026-07-31 15:26:55 | INFO | Found latest version of tr87: tr87-cd924810 (downloaded: 2026-06-08 07:25:23.848054+00:00)
2026-07-31 15:26:59 | INFO | Found latest version of tr87: tr87-cd924810 (downloaded: 2026-06-08 07:25:23.848054+00:00)
2026-07-31 15:26:59 | INFO | Found latest version of tr87: tr87-cd924810 (downloaded: 2026-06-08 07:25:23.848054+00:00)
2026-07-31 15:26:59 | INFO | Found latest version of tr87: tr87-cd924810 (downloaded: 2026-06-08 07:25:23.848054+00:00)
2026-07-31 15:26:59 | INFO | Found latest version of tr87: tr87-cd924810 (downloaded: 2026-06-08 07:25:23.848054+00:00)
2026-07-31 15:26:59 | INFO | Found latest version of tr87: tr87-cd924810 (downloaded: 2026-06-08 07:25:23.848054+00:00)
2026-07-31 15:26:59 | INFO | Found latest version of tr87: tr87-cd924810 (downloaded: 2026-06-08 07:25:23.848054+00:00)
2026-07-31 15:26:59 | INFO | Found latest version of tr87: tr87-cd924810 (downloaded: 2026-06-08 07:25:23.848054+00:00)
2026-07-31 15:26:59 | INFO | Found latest version of tr87: tr87-cd924810 (downloaded: 2026-06-08 07:25:23.848054+00:00)
2026-07-31 15:26:59 | INFO | Found latest version of tr87: tr87-cd924810 (downloaded: 2026-06-08 07:25:23.848054+00:00)
2026-07-31 15:26:59 | INFO | Found latest version of tr87: tr87-cd924810 (downloaded: 2026-06-08 07:25:23.848054+00:00)
2026-07-31 15:26:59 | INFO | Found latest version of tr87: tr87-cd924810 (downloaded: 2026-06-08 07:25:23.848054+00:00)
2026-07-31 15:26:59 | INFO | Found latest version of tr87: tr87-cd924810 (downloaded: 2026-06-08 07:25:23.848054+00:00)
2026-07-31 15:26:59 | INFO | Found latest version of tr87: tr87-cd924810 (downloaded: 2026-06-08 07:25:23.848054+00:00)
2026-07-31 15:26:59 | INFO | Found latest version of tr87: tr87-cd924810 (downloaded: 2026-06-08 07:25:23.848054+00:00)
2026-07-31 15:26:59 | INFO | Found latest version of tr87: tr87-cd924810 (downloaded: 2026-06-08 07:25:23.848054+00:00)
2026-07-31 15:26:59 | INFO | Found latest version of tr87: tr87-cd924810 (downloaded: 2026-06-08 07:25:23.848054+00:00)
2026-07-31 15:26:59 | INFO | Found latest version of tr87: tr87-cd924810 (downloaded: 2026-06-08 07:25:23.848054+00:00)
2026-07-31 15:26:59 | INFO | Found latest version of tr87: tr87-cd924810 (downloaded: 2026-06-08 07:25:23.848054+00:00)
2026-07-31 15:26:59 | INFO | Found latest version of tr87: tr87-cd924810 (downloaded: 2026-06-08 07:25:23.848054+00:00)
2026-07-31 15:26:59 | INFO | Found latest version of tr87: tr87-cd924810 (downloaded: 2026-06-08 07:25:23.848054+00:00)
2026-07-31 15:26:59 | INFO | Found latest version of tr87: tr87-cd924810 (downloaded: 2026-06-08 07:25:23.848054+00:00)
2026-07-31 15:26:59 | INFO | Found latest version of tr87: tr87-cd924810 (downloaded: 2026-06-08 07:25:23.848054+00:00)
2026-07-31 15:26:59 | INFO | Found latest version of tr87: tr87-cd924810 (downloaded: 2026-06-08 07:25:23.848054+00:00)
2026-07-31 15:26:59 | INFO | Found latest version of tr87: tr87-cd924810 (downloaded: 2026-06-08 07:25:23.848054+00:00)
2026-07-31 15:26:59 | INFO | Found latest version of tr87: tr87-cd924810 (downloaded: 2026-06-08 07:25:23.848054+00:00)
2026-07-31 15:26:59 | INFO | Found latest version of tr87: tr87-cd924810 (downloaded: 2026-06-08 07:25:23.848054+00:00)
2026-07-31 15:26:59 | INFO | Found latest version of tr87: tr87-cd924810 (downloaded: 2026-06-08 07:25:23.848054+00:00)
2026-07-31 15:26:59 | INFO | Found latest version of tr87: tr87-cd924810 (downloaded: 2026-06-08 07:25:23.848054+00:00)
2026-07-31 15:26:59 | INFO | Found latest version of tr87: tr87-cd924810 (downloaded: 2026-06-08 07:25:23.848054+00:00)
2026-07-31 15:26:59 | INFO | Found latest version of tr87: tr87-cd924810 (downloaded: 2026-06-08 07:25:23.848054+00:00)
2026-07-31 15:26:59 | INFO | Found latest version of tr87: tr87-cd924810 (downloaded: 2026-06-08 07:25:23.848054+00:00)
2026-07-31 15:26:59 | INFO | Found latest version of tr87: tr87-cd924810 (downloaded: 2026-06-08 07:25:23.848054+00:00)
2026-07-31 15:26:59 | INFO | Found latest version of tr87: tr87-cd924810 (downloaded: 2026-06-08 07:25:23.848054+00:00)
2026-07-31 15:26:59 | INFO | Found latest version of tr87: tr87-cd924810 (downloaded: 2026-06-08 07:25:23.848054+00:00)
2026-07-31 15:26:59 | INFO | Found latest version of tr87: tr87-cd924810 (downloaded: 2026-06-08 07:25:23.848054+00:00)
2026-07-31 15:26:59 | INFO | Found latest version of tr87: tr87-cd924810 (downloaded: 2026-06-08 07:25:23.848054+00:00)
2026-07-31 15:27:00 | INFO | Found latest version of tr87: tr87-cd924810 (downloaded: 2026-06-08 07:25:23.848054+00:00)
2026-07-31 15:27:00 | INFO | Found latest version of tr87: tr87-cd924810 (downloaded: 2026-06-08 07:25:23.848054+00:00)
2026-07-31 15:27:00 | INFO | Found latest version of tr87: tr87-cd924810 (downloaded: 2026-06-08 07:25:23.848054+00:00)
2026-07-31 15:27:00 | INFO | Found latest version of tr87: tr87-cd924810 (downloaded: 2026-06-08 07:25:23.848054+00:00)
2026-07-31 15:27:00 | INFO | Found latest version of tr87: tr87-cd924810 (downloaded: 2026-06-08 07:25:23.848054+00:00)
2026-07-31 15:27:00 | INFO | Found latest version of tr87: tr87-cd924810 (downloaded: 2026-06-08 07:25:23.848054+00:00)
2026-07-31 15:27:00 | INFO | Found latest version of tr87: tr87-cd924810 (downloaded: 2026-06-08 07:25:23.848054+00:00)
2026-07-31 15:27:00 | INFO | Found latest version of tr87: tr87-cd924810 (downloaded: 2026-06-08 07:25:23.848054+00:00)
2026-07-31 15:27:00 | INFO | Found latest version of tr87: tr87-cd924810 (downloaded: 2026-06-08 07:25:23.848054+00:00)
2026-07-31 15:27:00 | INFO | Found latest version of tr87: tr87-cd924810 (downloaded: 2026-06-08 07:25:23.848054+00:00)
2026-07-31 15:27:00 | INFO | Found latest version of tr87: tr87-cd924810 (downloaded: 2026-06-08 07:25:23.848054+00:00)
2026-07-31 15:27:00 | INFO | Found latest version of tr87: tr87-cd924810 (downloaded: 2026-06-08 07:25:23.848054+00:00)
2026-07-31 15:27:00 | INFO | Found latest version of tr87: tr87-cd924810 (downloaded: 2026-06-08 07:25:23.848054+00:00)
2026-07-31 15:27:00 | INFO | Found latest version of tr87: tr87-cd924810 (downloaded: 2026-06-08 07:25:23.848054+00:00)
2026-07-31 15:27:00 | INFO | Found latest version of tr87: tr87-cd924810 (downloaded: 2026-06-08 07:25:23.848054+00:00)
2026-07-31 15:27:00 | INFO | Found latest version of tr87: tr87-cd924810 (downloaded: 2026-06-08 07:25:23.848054+00:00)
2026-07-31 15:27:00 | INFO | Found latest version of tr87: tr87-cd924810 (downloaded: 2026-06-08 07:25:23.848054+00:00)
2026-07-31 15:27:00 | INFO | Found latest version of tr87: tr87-cd924810 (downloaded: 2026-06-08 07:25:23.848054+00:00)
2026-07-31 15:27:00 | INFO | Found latest version of tr87: tr87-cd924810 (downloaded: 2026-06-08 07:25:23.848054+00:00)
2026-07-31 15:27:00 | INFO | Found latest version of tr87: tr87-cd924810 (downloaded: 2026-06-08 07:25:23.848054+00:00)
2026-07-31 15:27:00 | INFO | Found latest version of tr87: tr87-cd924810 (downloaded: 2026-06-08 07:25:23.848054+00:00)
2026-07-31 15:27:00 | INFO | Found latest version of tr87: tr87-cd924810 (downloaded: 2026-06-08 07:25:23.848054+00:00)
2026-07-31 15:27:00 | INFO | Found latest version of tr87: tr87-cd924810 (downloaded: 2026-06-08 07:25:23.848054+00:00)
2026-07-31 15:27:00 | INFO | Found latest version of tr87: tr87-cd924810 (downloaded: 2026-06-08 07:25:23.848054+00:00)
2026-07-31 15:27:00 | INFO | Found latest version of tr87: tr87-cd924810 (downloaded: 2026-06-08 07:25:23.848054+00:00)
2026-07-31 15:27:00 | INFO | Found latest version of tr87: tr87-cd924810 (downloaded: 2026-06-08 07:25:23.848054+00:00)
2026-07-31 15:27:00 | INFO | Found latest version of tr87: tr87-cd924810 (downloaded: 2026-06-08 07:25:23.848054+00:00)
2026-07-31 15:27:04 | INFO | Found latest version of tr87: tr87-cd924810 (downloaded: 2026-06-08 07:25:23.848054+00:00)
2026-07-31 15:27:04 | INFO | Found latest version of tr87: tr87-cd924810 (downloaded: 2026-06-08 07:25:23.848054+00:00)
2026-07-31 15:27:04 | INFO | Found latest version of tr87: tr87-cd924810 (downloaded: 2026-06-08 07:25:23.848054+00:00)
2026-07-31 15:27:04 | INFO | Found latest version of tr87: tr87-cd924810 (downloaded: 2026-06-08 07:25:23.848054+00:00)
2026-07-31 15:27:04 | INFO | Found latest version of tr87: tr87-cd924810 (downloaded: 2026-06-08 07:25:23.848054+00:00)
2026-07-31 15:27:04 | INFO | Found latest version of tr87: tr87-cd924810 (downloaded: 2026-06-08 07:25:23.848054+00:00)
2026-07-31 15:27:04 | INFO | Found latest version of tr87: tr87-cd924810 (downloaded: 2026-06-08 07:25:23.848054+00:00)
2026-07-31 15:27:04 | INFO | Found latest version of tr87: tr87-cd924810 (downloaded: 2026-06-08 07:25:23.848054+00:00)
2026-07-31 15:27:04 | INFO | Found latest version of tr87: tr87-cd924810 (downloaded: 2026-06-08 07:25:23.848054+00:00)
2026-07-31 15:27:04 | INFO | Found latest version of tr87: tr87-cd924810 (downloaded: 2026-06-08 07:25:23.848054+00:00)
2026-07-31 15:27:04 | INFO | Found latest version of tr87: tr87-cd924810 (downloaded: 2026-06-08 07:25:23.848054+00:00)
2026-07-31 15:27:04 | INFO | Found latest version of tr87: tr87-cd924810 (downloaded: 2026-06-08 07:25:23.848054+00:00)
2026-07-31 15:27:04 | INFO | Found latest version of tr87: tr87-cd924810 (downloaded: 2026-06-08 07:25:23.848054+00:00)
2026-07-31 15:27:04 | INFO | Found latest version of tr87: tr87-cd924810 (downloaded: 2026-06-08 07:25:23.848054+00:00)
2026-07-31 15:27:04 | INFO | Found latest version of tr87: tr87-cd924810 (downloaded: 2026-06-08 07:25:23.848054+00:00)
2026-07-31 15:27:04 | INFO | Found latest version of tr87: tr87-cd924810 (downloaded: 2026-06-08 07:25:23.848054+00:00)
2026-07-31 15:27:04 | INFO | Found latest version of tr87: tr87-cd924810 (downloaded: 2026-06-08 07:25:23.848054+00:00)
2026-07-31 15:27:04 | INFO | Found latest version of tr87: tr87-cd924810 (downloaded: 2026-06-08 07:25:23.848054+00:00)
2026-07-31 15:27:04 | INFO | Found latest version of tr87: tr87-cd924810 (downloaded: 2026-06-08 07:25:23.848054+00:00)
2026-07-31 15:27:04 | INFO | Found latest version of tr87: tr87-cd924810 (downloaded: 2026-06-08 07:25:23.848054+00:00)
2026-07-31 15:27:04 | INFO | Found latest version of tr87: tr87-cd924810 (downloaded: 2026-06-08 07:25:23.848054+00:00)
2026-07-31 15:27:04 | INFO | Found latest version of tr87: tr87-cd924810 (downloaded: 2026-06-08 07:25:23.848054+00:00)
2026-07-31 15:27:04 | INFO | Found latest version of tr87: tr87-cd924810 (downloaded: 2026-06-08 07:25:23.848054+00:00)
2026-07-31 15:27:04 | INFO | Found latest version of tr87: tr87-cd924810 (downloaded: 2026-06-08 07:25:23.848054+00:00)
2026-07-31 15:27:04 | INFO | Found latest version of tr87: tr87-cd924810 (downloaded: 2026-06-08 07:25:23.848054+00:00)
2026-07-31 15:27:04 | INFO | Found latest version of tr87: tr87-cd924810 (downloaded: 2026-06-08 07:25:23.848054+00:00)
2026-07-31 15:27:04 | INFO | Found latest version of tr87: tr87-cd924810 (downloaded: 2026-06-08 07:25:23.848054+00:00)
2026-07-31 15:27:04 | INFO | Found latest version of tr87: tr87-cd924810 (downloaded: 2026-06-08 07:25:23.848054+00:00)
2026-07-31 15:27:04 | INFO | Found latest version of tr87: tr87-cd924810 (downloaded: 2026-06-08 07:25:23.848054+00:00)
2026-07-31 15:27:04 | INFO | Found latest version of tr87: tr87-cd924810 (downloaded: 2026-06-08 07:25:23.848054+00:00)
2026-07-31 15:27:04 | INFO | Found latest version of tr87: tr87-cd924810 (downloaded: 2026-06-08 07:25:23.848054+00:00)
2026-07-31 15:27:04 | INFO | Found latest version of tr87: tr87-cd924810 (downloaded: 2026-06-08 07:25:23.848054+00:00)
2026-07-31 15:27:04 | INFO | Found latest version of tr87: tr87-cd924810 (downloaded: 2026-06-08 07:25:23.848054+00:00)
2026-07-31 15:27:04 | INFO | Found latest version of tr87: tr87-cd924810 (downloaded: 2026-06-08 07:25:23.848054+00:00)
2026-07-31 15:27:04 | INFO | Found latest version of tr87: tr87-cd924810 (downloaded: 2026-06-08 07:25:23.848054+00:00)
2026-07-31 15:27:04 | INFO | Found latest version of tr87: tr87-cd924810 (downloaded: 2026-06-08 07:25:23.848054+00:00)
2026-07-31 15:27:04 | INFO | Found latest version of tr87: tr87-cd924810 (downloaded: 2026-06-08 07:25:23.848054+00:00)
2026-07-31 15:27:04 | INFO | Found latest version of tr87: tr87-cd924810 (downloaded: 2026-06-08 07:25:23.848054+00:00)
2026-07-31 15:27:04 | INFO | Found latest version of tr87: tr87-cd924810 (downloaded: 2026-06-08 07:25:23.848054+00:00)
2026-07-31 15:27:04 | INFO | Found latest version of tr87: tr87-cd924810 (downloaded: 2026-06-08 07:25:23.848054+00:00)
2026-07-31 15:27:04 | INFO | Found latest version of tr87: tr87-cd924810 (downloaded: 2026-06-08 07:25:23.848054+00:00)
2026-07-31 15:27:04 | INFO | Found latest version of tr87: tr87-cd924810 (downloaded: 2026-06-08 07:25:23.848054+00:00)
2026-07-31 15:27:04 | INFO | Found latest version of tr87: tr87-cd924810 (downloaded: 2026-06-08 07:25:23.848054+00:00)
2026-07-31 15:27:04 | INFO | Found latest version of tr87: tr87-cd924810 (downloaded: 2026-06-08 07:25:23.848054+00:00)
2026-07-31 15:27:04 | INFO | Found latest version of tr87: tr87-cd924810 (downloaded: 2026-06-08 07:25:23.848054+00:00)
2026-07-31 15:27:04 | INFO | Found latest version of tr87: tr87-cd924810 (downloaded: 2026-06-08 07:25:23.848054+00:00)
2026-07-31 15:27:04 | INFO | Found latest version of tr87: tr87-cd924810 (downloaded: 2026-06-08 07:25:23.848054+00:00)
2026-07-31 15:27:04 | INFO | Found latest version of tr87: tr87-cd924810 (downloaded: 2026-06-08 07:25:23.848054+00:00)
2026-07-31 15:27:04 | INFO | Found latest version of tr87: tr87-cd924810 (downloaded: 2026-06-08 07:25:23.848054+00:00)
2026-07-31 15:27:04 | INFO | Found latest version of tr87: tr87-cd924810 (downloaded: 2026-06-08 07:25:23.848054+00:00)
2026-07-31 15:27:04 | INFO | Found latest version of tr87: tr87-cd924810 (downloaded: 2026-06-08 07:25:23.848054+00:00)
2026-07-31 15:27:04 | INFO | Found latest version of tr87: tr87-cd924810 (downloaded: 2026-06-08 07:25:23.848054+00:00)
2026-07-31 15:27:04 | INFO | Found latest version of tr87: tr87-cd924810 (downloaded: 2026-06-08 07:25:23.848054+00:00)
2026-07-31 15:27:04 | INFO | Found latest version of tr87: tr87-cd924810 (downloaded: 2026-06-08 07:25:23.848054+00:00)
2026-07-31 15:27:04 | INFO | Found latest version of tr87: tr87-cd924810 (downloaded: 2026-06-08 07:25:23.848054+00:00)
2026-07-31 15:27:04 | INFO | Found latest version of tr87: tr87-cd924810 (downloaded: 2026-06-08 07:25:23.848054+00:00)
2026-07-31 15:27:04 | INFO | Found latest version of tr87: tr87-cd924810 (downloaded: 2026-06-08 07:25:23.848054+00:00)
2026-07-31 15:27:04 | INFO | Found latest version of tr87: tr87-cd924810 (downloaded: 2026-06-08 07:25:23.848054+00:00)
2026-07-31 15:27:04 | INFO | Found latest version of tr87: tr87-cd924810 (downloaded: 2026-06-08 07:25:23.848054+00:00)
2026-07-31 15:27:04 | INFO | Found latest version of tr87: tr87-cd924810 (downloaded: 2026-06-08 07:25:23.848054+00:00)
2026-07-31 15:27:04 | INFO | Found latest version of tr87: tr87-cd924810 (downloaded: 2026-06-08 07:25:23.848054+00:00)
2026-07-31 15:27:04 | INFO | Found latest version of tr87: tr87-cd924810 (downloaded: 2026-06-08 07:25:23.848054+00:00)
2026-07-31 15:27:08 | INFO | Found latest version of tr87: tr87-cd924810 (downloaded: 2026-06-08 07:25:23.848054+00:00)
2026-07-31 15:27:08 | INFO | Found latest version of tr87: tr87-cd924810 (downloaded: 2026-06-08 07:25:23.848054+00:00)
2026-07-31 15:27:08 | INFO | Found latest version of tr87: tr87-cd924810 (downloaded: 2026-06-08 07:25:23.848054+00:00)
2026-07-31 15:27:08 | INFO | Found latest version of tr87: tr87-cd924810 (downloaded: 2026-06-08 07:25:23.848054+00:00)
2026-07-31 15:27:08 | INFO | Found latest version of tr87: tr87-cd924810 (downloaded: 2026-06-08 07:25:23.848054+00:00)
2026-07-31 15:27:08 | INFO | Found latest version of tr87: tr87-cd924810 (downloaded: 2026-06-08 07:25:23.848054+00:00)
2026-07-31 15:27:08 | INFO | Found latest version of tr87: tr87-cd924810 (downloaded: 2026-06-08 07:25:23.848054+00:00)
2026-07-31 15:27:08 | INFO | Found latest version of tr87: tr87-cd924810 (downloaded: 2026-06-08 07:25:23.848054+00:00)
2026-07-31 15:27:08 | INFO | Found latest version of tr87: tr87-cd924810 (downloaded: 2026-06-08 07:25:23.848054+00:00)
2026-07-31 15:27:08 | INFO | Found latest version of tr87: tr87-cd924810 (downloaded: 2026-06-08 07:25:23.848054+00:00)
2026-07-31 15:27:08 | INFO | Found latest version of tr87: tr87-cd924810 (downloaded: 2026-06-08 07:25:23.848054+00:00)
2026-07-31 15:27:08 | INFO | Found latest version of tr87: tr87-cd924810 (downloaded: 2026-06-08 07:25:23.848054+00:00)
2026-07-31 15:27:08 | INFO | Found latest version of tr87: tr87-cd924810 (downloaded: 2026-06-08 07:25:23.848054+00:00)
2026-07-31 15:27:08 | INFO | Found latest version of tr87: tr87-cd924810 (downloaded: 2026-06-08 07:25:23.848054+00:00)
2026-07-31 15:27:08 | INFO | Found latest version of tr87: tr87-cd924810 (downloaded: 2026-06-08 07:25:23.848054+00:00)
2026-07-31 15:27:08 | INFO | Found latest version of tr87: tr87-cd924810 (downloaded: 2026-06-08 07:25:23.848054+00:00)
2026-07-31 15:27:08 | INFO | Found latest version of tr87: tr87-cd924810 (downloaded: 2026-06-08 07:25:23.848054+00:00)
2026-07-31 15:27:08 | INFO | Found latest version of tr87: tr87-cd924810 (downloaded: 2026-06-08 07:25:23.848054+00:00)
2026-07-31 15:27:09 | INFO | Found latest version of tr87: tr87-cd924810 (downloaded: 2026-06-08 07:25:23.848054+00:00)
2026-07-31 15:27:09 | INFO | Found latest version of tr87: tr87-cd924810 (downloaded: 2026-06-08 07:25:23.848054+00:00)
2026-07-31 15:27:09 | INFO | Found latest version of tr87: tr87-cd924810 (downloaded: 2026-06-08 07:25:23.848054+00:00)
2026-07-31 15:27:09 | INFO | Found latest version of tr87: tr87-cd924810 (downloaded: 2026-06-08 07:25:23.848054+00:00)
2026-07-31 15:27:09 | INFO | Found latest version of tr87: tr87-cd924810 (downloaded: 2026-06-08 07:25:23.848054+00:00)
2026-07-31 15:27:09 | INFO | Found latest version of tr87: tr87-cd924810 (downloaded: 2026-06-08 07:25:23.848054+00:00)
2026-07-31 15:27:09 | INFO | Found latest version of tr87: tr87-cd924810 (downloaded: 2026-06-08 07:25:23.848054+00:00)
2026-07-31 15:27:09 | INFO | Found latest version of tr87: tr87-cd924810 (downloaded: 2026-06-08 07:25:23.848054+00:00)
2026-07-31 15:27:09 | INFO | Found latest version of tr87: tr87-cd924810 (downloaded: 2026-06-08 07:25:23.848054+00:00)
2026-07-31 15:27:09 | INFO | Found latest version of tr87: tr87-cd924810 (downloaded: 2026-06-08 07:25:23.848054+00:00)
2026-07-31 15:27:09 | INFO | Found latest version of tr87: tr87-cd924810 (downloaded: 2026-06-08 07:25:23.848054+00:00)
2026-07-31 15:27:09 | INFO | Found latest version of tr87: tr87-cd924810 (downloaded: 2026-06-08 07:25:23.848054+00:00)
2026-07-31 15:27:09 | INFO | Found latest version of tr87: tr87-cd924810 (downloaded: 2026-06-08 07:25:23.848054+00:00)
2026-07-31 15:27:09 | INFO | Found latest version of tr87: tr87-cd924810 (downloaded: 2026-06-08 07:25:23.848054+00:00)
2026-07-31 15:27:09 | INFO | Found latest version of tr87: tr87-cd924810 (downloaded: 2026-06-08 07:25:23.848054+00:00)
2026-07-31 15:27:09 | INFO | Found latest version of tr87: tr87-cd924810 (downloaded: 2026-06-08 07:25:23.848054+00:00)
2026-07-31 15:27:09 | INFO | Found latest version of tr87: tr87-cd924810 (downloaded: 2026-06-08 07:25:23.848054+00:00)
2026-07-31 15:27:09 | INFO | Found latest version of tr87: tr87-cd924810 (downloaded: 2026-06-08 07:25:23.848054+00:00)
2026-07-31 15:27:09 | INFO | Found latest version of tr87: tr87-cd924810 (downloaded: 2026-06-08 07:25:23.848054+00:00)
2026-07-31 15:27:09 | INFO | Found latest version of tr87: tr87-cd924810 (downloaded: 2026-06-08 07:25:23.848054+00:00)
2026-07-31 15:27:09 | INFO | Found latest version of tr87: tr87-cd924810 (downloaded: 2026-06-08 07:25:23.848054+00:00)
2026-07-31 15:27:09 | INFO | Found latest version of tr87: tr87-cd924810 (downloaded: 2026-06-08 07:25:23.848054+00:00)
2026-07-31 15:27:09 | INFO | Found latest version of tr87: tr87-cd924810 (downloaded: 2026-06-08 07:25:23.848054+00:00)
2026-07-31 15:27:09 | INFO | Found latest version of tr87: tr87-cd924810 (downloaded: 2026-06-08 07:25:23.848054+00:00)
2026-07-31 15:27:09 | INFO | Found latest version of tr87: tr87-cd924810 (downloaded: 2026-06-08 07:25:23.848054+00:00)
2026-07-31 15:27:09 | INFO | Found latest version of tr87: tr87-cd924810 (downloaded: 2026-06-08 07:25:23.848054+00:00)
2026-07-31 15:27:09 | INFO | Found latest version of tr87: tr87-cd924810 (downloaded: 2026-06-08 07:25:23.848054+00:00)
2026-07-31 15:27:09 | INFO | Found latest version of tr87: tr87-cd924810 (downloaded: 2026-06-08 07:25:23.848054+00:00)
2026-07-31 15:27:09 | INFO | Found latest version of tr87: tr87-cd924810 (downloaded: 2026-06-08 07:25:23.848054+00:00)
2026-07-31 15:27:09 | INFO | Found latest version of tr87: tr87-cd924810 (downloaded: 2026-06-08 07:25:23.848054+00:00)
2026-07-31 15:27:09 | INFO | Found latest version of tr87: tr87-cd924810 (downloaded: 2026-06-08 07:25:23.848054+00:00)
2026-07-31 15:27:09 | INFO | Found latest version of tr87: tr87-cd924810 (downloaded: 2026-06-08 07:25:23.848054+00:00)
2026-07-31 15:27:09 | INFO | Found latest version of tr87: tr87-cd924810 (downloaded: 2026-06-08 07:25:23.848054+00:00)
2026-07-31 15:27:09 | INFO | Found latest version of tr87: tr87-cd924810 (downloaded: 2026-06-08 07:25:23.848054+00:00)
2026-07-31 15:27:09 | INFO | Found latest version of tr87: tr87-cd924810 (downloaded: 2026-06-08 07:25:23.848054+00:00)
2026-07-31 15:27:09 | INFO | Found latest version of tr87: tr87-cd924810 (downloaded: 2026-06-08 07:25:23.848054+00:00)
2026-07-31 15:27:09 | INFO | Found latest version of tr87: tr87-cd924810 (downloaded: 2026-06-08 07:25:23.848054+00:00)
2026-07-31 15:27:09 | INFO | Found latest version of tr87: tr87-cd924810 (downloaded: 2026-06-08 07:25:23.848054+00:00)
2026-07-31 15:27:09 | INFO | Found latest version of tr87: tr87-cd924810 (downloaded: 2026-06-08 07:25:23.848054+00:00)
2026-07-31 15:27:09 | INFO | Found latest version of tr87: tr87-cd924810 (downloaded: 2026-06-08 07:25:23.848054+00:00)
2026-07-31 15:27:09 | INFO | Found latest version of tr87: tr87-cd924810 (downloaded: 2026-06-08 07:25:23.848054+00:00)
2026-07-31 15:27:09 | INFO | Found latest version of tr87: tr87-cd924810 (downloaded: 2026-06-08 07:25:23.848054+00:00)
2026-07-31 15:27:09 | INFO | Found latest version of tr87: tr87-cd924810 (downloaded: 2026-06-08 07:25:23.848054+00:00)
2026-07-31 15:27:09 | INFO | Found latest version of tr87: tr87-cd924810 (downloaded: 2026-06-08 07:25:23.848054+00:00)
2026-07-31 15:27:09 | INFO | Found latest version of tr87: tr87-cd924810 (downloaded: 2026-06-08 07:25:23.848054+00:00)
2026-07-31 15:27:13 | INFO | Found latest version of tr87: tr87-cd924810 (downloaded: 2026-06-08 07:25:23.848054+00:00)
2026-07-31 15:27:13 | INFO | Found latest version of tr87: tr87-cd924810 (downloaded: 2026-06-08 07:25:23.848054+00:00)
2026-07-31 15:27:13 | INFO | Found latest version of tr87: tr87-cd924810 (downloaded: 2026-06-08 07:25:23.848054+00:00)
2026-07-31 15:27:13 | INFO | Found latest version of tr87: tr87-cd924810 (downloaded: 2026-06-08 07:25:23.848054+00:00)
2026-07-31 15:27:13 | INFO | Found latest version of tr87: tr87-cd924810 (downloaded: 2026-06-08 07:25:23.848054+00:00)
2026-07-31 15:27:13 | INFO | Found latest version of tr87: tr87-cd924810 (downloaded: 2026-06-08 07:25:23.848054+00:00)
2026-07-31 15:27:13 | INFO | Found latest version of tr87: tr87-cd924810 (downloaded: 2026-06-08 07:25:23.848054+00:00)
2026-07-31 15:27:13 | INFO | Found latest version of tr87: tr87-cd924810 (downloaded: 2026-06-08 07:25:23.848054+00:00)
2026-07-31 15:27:13 | INFO | Found latest version of tr87: tr87-cd924810 (downloaded: 2026-06-08 07:25:23.848054+00:00)
2026-07-31 15:27:13 | INFO | Found latest version of tr87: tr87-cd924810 (downloaded: 2026-06-08 07:25:23.848054+00:00)
2026-07-31 15:27:13 | INFO | Found latest version of tr87: tr87-cd924810 (downloaded: 2026-06-08 07:25:23.848054+00:00)
2026-07-31 15:27:13 | INFO | Found latest version of tr87: tr87-cd924810 (downloaded: 2026-06-08 07:25:23.848054+00:00)
2026-07-31 15:27:13 | INFO | Found latest version of tr87: tr87-cd924810 (downloaded: 2026-06-08 07:25:23.848054+00:00)
2026-07-31 15:27:13 | INFO | Found latest version of tr87: tr87-cd924810 (downloaded: 2026-06-08 07:25:23.848054+00:00)
2026-07-31 15:27:13 | INFO | Found latest version of tr87: tr87-cd924810 (downloaded: 2026-06-08 07:25:23.848054+00:00)
2026-07-31 15:27:13 | INFO | Found latest version of tr87: tr87-cd924810 (downloaded: 2026-06-08 07:25:23.848054+00:00)
2026-07-31 15:27:13 | INFO | Found latest version of tr87: tr87-cd924810 (downloaded: 2026-06-08 07:25:23.848054+00:00)
2026-07-31 15:27:13 | INFO | Found latest version of tr87: tr87-cd924810 (downloaded: 2026-06-08 07:25:23.848054+00:00)
2026-07-31 15:27:13 | INFO | Found latest version of tr87: tr87-cd924810 (downloaded: 2026-06-08 07:25:23.848054+00:00)
2026-07-31 15:27:13 | INFO | Found latest version of tr87: tr87-cd924810 (downloaded: 2026-06-08 07:25:23.848054+00:00)
2026-07-31 15:27:13 | INFO | Found latest version of tr87: tr87-cd924810 (downloaded: 2026-06-08 07:25:23.848054+00:00)
2026-07-31 15:27:13 | INFO | Found latest version of tr87: tr87-cd924810 (downloaded: 2026-06-08 07:25:23.848054+00:00)
2026-07-31 15:27:13 | INFO | Found latest version of tr87: tr87-cd924810 (downloaded: 2026-06-08 07:25:23.848054+00:00)
2026-07-31 15:27:13 | INFO | Found latest version of tr87: tr87-cd924810 (downloaded: 2026-06-08 07:25:23.848054+00:00)
2026-07-31 15:27:13 | INFO | Found latest version of tr87: tr87-cd924810 (downloaded: 2026-06-08 07:25:23.848054+00:00)
2026-07-31 15:27:13 | INFO | Found latest version of tr87: tr87-cd924810 (downloaded: 2026-06-08 07:25:23.848054+00:00)
2026-07-31 15:27:13 | INFO | Found latest version of tr87: tr87-cd924810 (downloaded: 2026-06-08 07:25:23.848054+00:00)
2026-07-31 15:27:13 | INFO | Found latest version of tr87: tr87-cd924810 (downloaded: 2026-06-08 07:25:23.848054+00:00)
2026-07-31 15:27:13 | INFO | Found latest version of tr87: tr87-cd924810 (downloaded: 2026-06-08 07:25:23.848054+00:00)
2026-07-31 15:27:13 | INFO | Found latest version of tr87: tr87-cd924810 (downloaded: 2026-06-08 07:25:23.848054+00:00)
2026-07-31 15:27:13 | INFO | Found latest version of tr87: tr87-cd924810 (downloaded: 2026-06-08 07:25:23.848054+00:00)
2026-07-31 15:27:14 | INFO | Found latest version of tr87: tr87-cd924810 (downloaded: 2026-06-08 07:25:23.848054+00:00)
2026-07-31 15:27:14 | INFO | Found latest version of tr87: tr87-cd924810 (downloaded: 2026-06-08 07:25:23.848054+00:00)
2026-07-31 15:27:14 | INFO | Found latest version of tr87: tr87-cd924810 (downloaded: 2026-06-08 07:25:23.848054+00:00)
2026-07-31 15:27:14 | INFO | Found latest version of tr87: tr87-cd924810 (downloaded: 2026-06-08 07:25:23.848054+00:00)
2026-07-31 15:27:14 | INFO | Found latest version of tr87: tr87-cd924810 (downloaded: 2026-06-08 07:25:23.848054+00:00)
2026-07-31 15:27:14 | INFO | Found latest version of tr87: tr87-cd924810 (downloaded: 2026-06-08 07:25:23.848054+00:00)
2026-07-31 15:27:14 | INFO | Found latest version of tr87: tr87-cd924810 (downloaded: 2026-06-08 07:25:23.848054+00:00)
2026-07-31 15:27:14 | INFO | Found latest version of tr87: tr87-cd924810 (downloaded: 2026-06-08 07:25:23.848054+00:00)
2026-07-31 15:27:14 | INFO | Found latest version of tr87: tr87-cd924810 (downloaded: 2026-06-08 07:25:23.848054+00:00)
2026-07-31 15:27:14 | INFO | Found latest version of tr87: tr87-cd924810 (downloaded: 2026-06-08 07:25:23.848054+00:00)
2026-07-31 15:27:14 | INFO | Found latest version of tr87: tr87-cd924810 (downloaded: 2026-06-08 07:25:23.848054+00:00)
2026-07-31 15:27:14 | INFO | Found latest version of tr87: tr87-cd924810 (downloaded: 2026-06-08 07:25:23.848054+00:00)
2026-07-31 15:27:14 | INFO | Found latest version of tr87: tr87-cd924810 (downloaded: 2026-06-08 07:25:23.848054+00:00)
2026-07-31 15:27:14 | INFO | Found latest version of tr87: tr87-cd924810 (downloaded: 2026-06-08 07:25:23.848054+00:00)
2026-07-31 15:27:14 | INFO | Found latest version of tr87: tr87-cd924810 (downloaded: 2026-06-08 07:25:23.848054+00:00)
2026-07-31 15:27:14 | INFO | Found latest version of tr87: tr87-cd924810 (downloaded: 2026-06-08 07:25:23.848054+00:00)
2026-07-31 15:27:14 | INFO | Found latest version of tr87: tr87-cd924810 (downloaded: 2026-06-08 07:25:23.848054+00:00)
2026-07-31 15:27:14 | INFO | Found latest version of tr87: tr87-cd924810 (downloaded: 2026-06-08 07:25:23.848054+00:00)
2026-07-31 15:27:14 | INFO | Found latest version of tr87: tr87-cd924810 (downloaded: 2026-06-08 07:25:23.848054+00:00)
2026-07-31 15:27:14 | INFO | Found latest version of tr87: tr87-cd924810 (downloaded: 2026-06-08 07:25:23.848054+00:00)
2026-07-31 15:27:14 | INFO | Found latest version of tr87: tr87-cd924810 (downloaded: 2026-06-08 07:25:23.848054+00:00)
2026-07-31 15:27:14 | INFO | Found latest version of tr87: tr87-cd924810 (downloaded: 2026-06-08 07:25:23.848054+00:00)
2026-07-31 15:27:14 | INFO | Found latest version of tr87: tr87-cd924810 (downloaded: 2026-06-08 07:25:23.848054+00:00)
2026-07-31 15:27:14 | INFO | Found latest version of tr87: tr87-cd924810 (downloaded: 2026-06-08 07:25:23.848054+00:00)
2026-07-31 15:27:14 | INFO | Found latest version of tr87: tr87-cd924810 (downloaded: 2026-06-08 07:25:23.848054+00:00)
2026-07-31 15:27:14 | INFO | Found latest version of tr87: tr87-cd924810 (downloaded: 2026-06-08 07:25:23.848054+00:00)
2026-07-31 15:27:14 | INFO | Found latest version of tr87: tr87-cd924810 (downloaded: 2026-06-08 07:25:23.848054+00:00)
2026-07-31 15:27:14 | INFO | Found latest version of tr87: tr87-cd924810 (downloaded: 2026-06-08 07:25:23.848054+00:00)
2026-07-31 15:27:14 | INFO | Found latest version of tr87: tr87-cd924810 (downloaded: 2026-06-08 07:25:23.848054+00:00)
2026-07-31 15:27:14 | INFO | Found latest version of tr87: tr87-cd924810 (downloaded: 2026-06-08 07:25:23.848054+00:00)
2026-07-31 15:27:14 | INFO | Found latest version of tr87: tr87-cd924810 (downloaded: 2026-06-08 07:25:23.848054+00:00)
2026-07-31 15:27:18 | INFO | Found latest version of tr87: tr87-cd924810 (downloaded: 2026-06-08 07:25:23.848054+00:00)
2026-07-31 15:27:18 | INFO | Found latest version of tr87: tr87-cd924810 (downloaded: 2026-06-08 07:25:23.848054+00:00)
2026-07-31 15:27:18 | INFO | Found latest version of tr87: tr87-cd924810 (downloaded: 2026-06-08 07:25:23.848054+00:00)
2026-07-31 15:27:18 | INFO | Found latest version of tr87: tr87-cd924810 (downloaded: 2026-06-08 07:25:23.848054+00:00)
2026-07-31 15:27:18 | INFO | Found latest version of tr87: tr87-cd924810 (downloaded: 2026-06-08 07:25:23.848054+00:00)
2026-07-31 15:27:18 | INFO | Found latest version of tr87: tr87-cd924810 (downloaded: 2026-06-08 07:25:23.848054+00:00)
2026-07-31 15:27:18 | INFO | Found latest version of tr87: tr87-cd924810 (downloaded: 2026-06-08 07:25:23.848054+00:00)
2026-07-31 15:27:18 | INFO | Found latest version of tr87: tr87-cd924810 (downloaded: 2026-06-08 07:25:23.848054+00:00)
2026-07-31 15:27:18 | INFO | Found latest version of tr87: tr87-cd924810 (downloaded: 2026-06-08 07:25:23.848054+00:00)
2026-07-31 15:27:18 | INFO | Found latest version of tr87: tr87-cd924810 (downloaded: 2026-06-08 07:25:23.848054+00:00)
2026-07-31 15:27:18 | INFO | Found latest version of tr87: tr87-cd924810 (downloaded: 2026-06-08 07:25:23.848054+00:00)
2026-07-31 15:27:18 | INFO | Found latest version of tr87: tr87-cd924810 (downloaded: 2026-06-08 07:25:23.848054+00:00)
2026-07-31 15:27:18 | INFO | Found latest version of tr87: tr87-cd924810 (downloaded: 2026-06-08 07:25:23.848054+00:00)
2026-07-31 15:27:18 | INFO | Found latest version of tr87: tr87-cd924810 (downloaded: 2026-06-08 07:25:23.848054+00:00)
2026-07-31 15:27:18 | INFO | Found latest version of tr87: tr87-cd924810 (downloaded: 2026-06-08 07:25:23.848054+00:00)
2026-07-31 15:27:18 | INFO | Found latest version of tr87: tr87-cd924810 (downloaded: 2026-06-08 07:25:23.848054+00:00)
2026-07-31 15:27:18 | INFO | Found latest version of tr87: tr87-cd924810 (downloaded: 2026-06-08 07:25:23.848054+00:00)
2026-07-31 15:27:18 | INFO | Found latest version of tr87: tr87-cd924810 (downloaded: 2026-06-08 07:25:23.848054+00:00)
2026-07-31 15:27:18 | INFO | Found latest version of tr87: tr87-cd924810 (downloaded: 2026-06-08 07:25:23.848054+00:00)
2026-07-31 15:27:18 | INFO | Found latest version of tr87: tr87-cd924810 (downloaded: 2026-06-08 07:25:23.848054+00:00)
2026-07-31 15:27:18 | INFO | Found latest version of tr87: tr87-cd924810 (downloaded: 2026-06-08 07:25:23.848054+00:00)
2026-07-31 15:27:18 | INFO | Found latest version of tr87: tr87-cd924810 (downloaded: 2026-06-08 07:25:23.848054+00:00)
2026-07-31 15:27:18 | INFO | Found latest version of tr87: tr87-cd924810 (downloaded: 2026-06-08 07:25:23.848054+00:00)
2026-07-31 15:27:18 | INFO | Found latest version of tr87: tr87-cd924810 (downloaded: 2026-06-08 07:25:23.848054+00:00)
2026-07-31 15:27:18 | INFO | Found latest version of tr87: tr87-cd924810 (downloaded: 2026-06-08 07:25:23.848054+00:00)
2026-07-31 15:27:18 | INFO | Found latest version of tr87: tr87-cd924810 (downloaded: 2026-06-08 07:25:23.848054+00:00)
2026-07-31 15:27:18 | INFO | Found latest version of tr87: tr87-cd924810 (downloaded: 2026-06-08 07:25:23.848054+00:00)
2026-07-31 15:27:18 | INFO | Found latest version of tr87: tr87-cd924810 (downloaded: 2026-06-08 07:25:23.848054+00:00)
2026-07-31 15:27:18 | INFO | Found latest version of tr87: tr87-cd924810 (downloaded: 2026-06-08 07:25:23.848054+00:00)
2026-07-31 15:27:18 | INFO | Found latest version of tr87: tr87-cd924810 (downloaded: 2026-06-08 07:25:23.848054+00:00)
2026-07-31 15:27:18 | INFO | Found latest version of tr87: tr87-cd924810 (downloaded: 2026-06-08 07:25:23.848054+00:00)
2026-07-31 15:27:18 | INFO | Found latest version of tr87: tr87-cd924810 (downloaded: 2026-06-08 07:25:23.848054+00:00)
2026-07-31 15:27:18 | INFO | Found latest version of tr87: tr87-cd924810 (downloaded: 2026-06-08 07:25:23.848054+00:00)
2026-07-31 15:27:18 | INFO | Found latest version of tr87: tr87-cd924810 (downloaded: 2026-06-08 07:25:23.848054+00:00)
2026-07-31 15:27:18 | INFO | Found latest version of tr87: tr87-cd924810 (downloaded: 2026-06-08 07:25:23.848054+00:00)
2026-07-31 15:27:18 | INFO | Found latest version of tr87: tr87-cd924810 (downloaded: 2026-06-08 07:25:23.848054+00:00)
2026-07-31 15:27:18 | INFO | Found latest version of tr87: tr87-cd924810 (downloaded: 2026-06-08 07:25:23.848054+00:00)
2026-07-31 15:27:18 | INFO | Found latest version of tr87: tr87-cd924810 (downloaded: 2026-06-08 07:25:23.848054+00:00)
2026-07-31 15:27:18 | INFO | Found latest version of tr87: tr87-cd924810 (downloaded: 2026-06-08 07:25:23.848054+00:00)
2026-07-31 15:27:19 | INFO | Found latest version of tr87: tr87-cd924810 (downloaded: 2026-06-08 07:25:23.848054+00:00)
2026-07-31 15:27:19 | INFO | Found latest version of tr87: tr87-cd924810 (downloaded: 2026-06-08 07:25:23.848054+00:00)
2026-07-31 15:27:19 | INFO | Found latest version of tr87: tr87-cd924810 (downloaded: 2026-06-08 07:25:23.848054+00:00)
2026-07-31 15:27:19 | INFO | Found latest version of tr87: tr87-cd924810 (downloaded: 2026-06-08 07:25:23.848054+00:00)
2026-07-31 15:27:19 | INFO | Found latest version of tr87: tr87-cd924810 (downloaded: 2026-06-08 07:25:23.848054+00:00)
2026-07-31 15:27:19 | INFO | Found latest version of tr87: tr87-cd924810 (downloaded: 2026-06-08 07:25:23.848054+00:00)
2026-07-31 15:27:19 | INFO | Found latest version of tr87: tr87-cd924810 (downloaded: 2026-06-08 07:25:23.848054+00:00)
2026-07-31 15:27:19 | INFO | Found latest version of tr87: tr87-cd924810 (downloaded: 2026-06-08 07:25:23.848054+00:00)
2026-07-31 15:27:19 | INFO | Found latest version of tr87: tr87-cd924810 (downloaded: 2026-06-08 07:25:23.848054+00:00)
2026-07-31 15:27:19 | INFO | Found latest version of tr87: tr87-cd924810 (downloaded: 2026-06-08 07:25:23.848054+00:00)
2026-07-31 15:27:19 | INFO | Found latest version of tr87: tr87-cd924810 (downloaded: 2026-06-08 07:25:23.848054+00:00)
2026-07-31 15:27:19 | INFO | Found latest version of tr87: tr87-cd924810 (downloaded: 2026-06-08 07:25:23.848054+00:00)
2026-07-31 15:27:19 | INFO | Found latest version of tr87: tr87-cd924810 (downloaded: 2026-06-08 07:25:23.848054+00:00)
2026-07-31 15:27:19 | INFO | Found latest version of tr87: tr87-cd924810 (downloaded: 2026-06-08 07:25:23.848054+00:00)
2026-07-31 15:27:19 | INFO | Found latest version of tr87: tr87-cd924810 (downloaded: 2026-06-08 07:25:23.848054+00:00)
2026-07-31 15:27:19 | INFO | Found latest version of tr87: tr87-cd924810 (downloaded: 2026-06-08 07:25:23.848054+00:00)
2026-07-31 15:27:19 | INFO | Found latest version of tr87: tr87-cd924810 (downloaded: 2026-06-08 07:25:23.848054+00:00)
2026-07-31 15:27:19 | INFO | Found latest version of tr87: tr87-cd924810 (downloaded: 2026-06-08 07:25:23.848054+00:00)
2026-07-31 15:27:19 | INFO | Found latest version of tr87: tr87-cd924810 (downloaded: 2026-06-08 07:25:23.848054+00:00)
2026-07-31 15:27:19 | INFO | Found latest version of tr87: tr87-cd924810 (downloaded: 2026-06-08 07:25:23.848054+00:00)
2026-07-31 15:27:19 | INFO | Found latest version of tr87: tr87-cd924810 (downloaded: 2026-06-08 07:25:23.848054+00:00)
2026-07-31 15:27:19 | INFO | Found latest version of tr87: tr87-cd924810 (downloaded: 2026-06-08 07:25:23.848054+00:00)
2026-07-31 15:27:19 | INFO | Found latest version of tr87: tr87-cd924810 (downloaded: 2026-06-08 07:25:23.848054+00:00)
2026-07-31 15:27:19 | INFO | Found latest version of tr87: tr87-cd924810 (downloaded: 2026-06-08 07:25:23.848054+00:00)
2026-07-31 15:27:23 | INFO | Found latest version of tr87: tr87-cd924810 (downloaded: 2026-06-08 07:25:23.848054+00:00)
2026-07-31 15:27:23 | INFO | Found latest version of tr87: tr87-cd924810 (downloaded: 2026-06-08 07:25:23.848054+00:00)
2026-07-31 15:27:23 | INFO | Found latest version of tr87: tr87-cd924810 (downloaded: 2026-06-08 07:25:23.848054+00:00)
2026-07-31 15:27:23 | INFO | Found latest version of tr87: tr87-cd924810 (downloaded: 2026-06-08 07:25:23.848054+00:00)
2026-07-31 15:27:23 | INFO | Found latest version of tr87: tr87-cd924810 (downloaded: 2026-06-08 07:25:23.848054+00:00)
2026-07-31 15:27:23 | INFO | Found latest version of tr87: tr87-cd924810 (downloaded: 2026-06-08 07:25:23.848054+00:00)
2026-07-31 15:27:23 | INFO | Found latest version of tr87: tr87-cd924810 (downloaded: 2026-06-08 07:25:23.848054+00:00)
2026-07-31 15:27:23 | INFO | Found latest version of tr87: tr87-cd924810 (downloaded: 2026-06-08 07:25:23.848054+00:00)
2026-07-31 15:27:23 | INFO | Found latest version of tr87: tr87-cd924810 (downloaded: 2026-06-08 07:25:23.848054+00:00)
2026-07-31 15:27:23 | INFO | Found latest version of tr87: tr87-cd924810 (downloaded: 2026-06-08 07:25:23.848054+00:00)
2026-07-31 15:27:23 | INFO | Found latest version of tr87: tr87-cd924810 (downloaded: 2026-06-08 07:25:23.848054+00:00)
2026-07-31 15:27:23 | INFO | Found latest version of tr87: tr87-cd924810 (downloaded: 2026-06-08 07:25:23.848054+00:00)
2026-07-31 15:27:23 | INFO | Found latest version of tr87: tr87-cd924810 (downloaded: 2026-06-08 07:25:23.848054+00:00)
2026-07-31 15:27:23 | INFO | Found latest version of tr87: tr87-cd924810 (downloaded: 2026-06-08 07:25:23.848054+00:00)
2026-07-31 15:27:23 | INFO | Found latest version of tr87: tr87-cd924810 (downloaded: 2026-06-08 07:25:23.848054+00:00)
2026-07-31 15:27:23 | INFO | Found latest version of tr87: tr87-cd924810 (downloaded: 2026-06-08 07:25:23.848054+00:00)
2026-07-31 15:27:23 | INFO | Found latest version of tr87: tr87-cd924810 (downloaded: 2026-06-08 07:25:23.848054+00:00)
2026-07-31 15:27:23 | INFO | Found latest version of tr87: tr87-cd924810 (downloaded: 2026-06-08 07:25:23.848054+00:00)
2026-07-31 15:27:23 | INFO | Found latest version of tr87: tr87-cd924810 (downloaded: 2026-06-08 07:25:23.848054+00:00)
2026-07-31 15:27:23 | INFO | Found latest version of tr87: tr87-cd924810 (downloaded: 2026-06-08 07:25:23.848054+00:00)
2026-07-31 15:27:23 | INFO | Found latest version of tr87: tr87-cd924810 (downloaded: 2026-06-08 07:25:23.848054+00:00)
2026-07-31 15:27:23 | INFO | Found latest version of tr87: tr87-cd924810 (downloaded: 2026-06-08 07:25:23.848054+00:00)
2026-07-31 15:27:23 | INFO | Found latest version of tr87: tr87-cd924810 (downloaded: 2026-06-08 07:25:23.848054+00:00)
2026-07-31 15:27:23 | INFO | Found latest version of tr87: tr87-cd924810 (downloaded: 2026-06-08 07:25:23.848054+00:00)
2026-07-31 15:27:23 | INFO | Found latest version of tr87: tr87-cd924810 (downloaded: 2026-06-08 07:25:23.848054+00:00)
2026-07-31 15:27:23 | INFO | Found latest version of tr87: tr87-cd924810 (downloaded: 2026-06-08 07:25:23.848054+00:00)
2026-07-31 15:27:23 | INFO | Found latest version of tr87: tr87-cd924810 (downloaded: 2026-06-08 07:25:23.848054+00:00)
2026-07-31 15:27:23 | INFO | Found latest version of tr87: tr87-cd924810 (downloaded: 2026-06-08 07:25:23.848054+00:00)
2026-07-31 15:27:23 | INFO | Found latest version of tr87: tr87-cd924810 (downloaded: 2026-06-08 07:25:23.848054+00:00)
2026-07-31 15:27:23 | INFO | Found latest version of tr87: tr87-cd924810 (downloaded: 2026-06-08 07:25:23.848054+00:00)
2026-07-31 15:27:23 | INFO | Found latest version of tr87: tr87-cd924810 (downloaded: 2026-06-08 07:25:23.848054+00:00)
2026-07-31 15:27:23 | INFO | Found latest version of tr87: tr87-cd924810 (downloaded: 2026-06-08 07:25:23.848054+00:00)
2026-07-31 15:27:23 | INFO | Found latest version of tr87: tr87-cd924810 (downloaded: 2026-06-08 07:25:23.848054+00:00)
2026-07-31 15:27:23 | INFO | Found latest version of tr87: tr87-cd924810 (downloaded: 2026-06-08 07:25:23.848054+00:00)
2026-07-31 15:27:23 | INFO | Found latest version of tr87: tr87-cd924810 (downloaded: 2026-06-08 07:25:23.848054+00:00)
2026-07-31 15:27:23 | INFO | Found latest version of tr87: tr87-cd924810 (downloaded: 2026-06-08 07:25:23.848054+00:00)
2026-07-31 15:27:23 | INFO | Found latest version of tr87: tr87-cd924810 (downloaded: 2026-06-08 07:25:23.848054+00:00)
2026-07-31 15:27:23 | INFO | Found latest version of tr87: tr87-cd924810 (downloaded: 2026-06-08 07:25:23.848054+00:00)
2026-07-31 15:27:23 | INFO | Found latest version of tr87: tr87-cd924810 (downloaded: 2026-06-08 07:25:23.848054+00:00)
2026-07-31 15:27:23 | INFO | Found latest version of tr87: tr87-cd924810 (downloaded: 2026-06-08 07:25:23.848054+00:00)
2026-07-31 15:27:23 | INFO | Found latest version of tr87: tr87-cd924810 (downloaded: 2026-06-08 07:25:23.848054+00:00)
2026-07-31 15:27:23 | INFO | Found latest version of tr87: tr87-cd924810 (downloaded: 2026-06-08 07:25:23.848054+00:00)
2026-07-31 15:27:23 | INFO | Found latest version of tr87: tr87-cd924810 (downloaded: 2026-06-08 07:25:23.848054+00:00)
2026-07-31 15:27:23 | INFO | Found latest version of tr87: tr87-cd924810 (downloaded: 2026-06-08 07:25:23.848054+00:00)
2026-07-31 15:27:24 | INFO | Found latest version of tr87: tr87-cd924810 (downloaded: 2026-06-08 07:25:23.848054+00:00)
2026-07-31 15:27:24 | INFO | Found latest version of tr87: tr87-cd924810 (downloaded: 2026-06-08 07:25:23.848054+00:00)
2026-07-31 15:27:24 | INFO | Found latest version of tr87: tr87-cd924810 (downloaded: 2026-06-08 07:25:23.848054+00:00)
2026-07-31 15:27:24 | INFO | Found latest version of tr87: tr87-cd924810 (downloaded: 2026-06-08 07:25:23.848054+00:00)
2026-07-31 15:27:24 | INFO | Found latest version of tr87: tr87-cd924810 (downloaded: 2026-06-08 07:25:23.848054+00:00)
2026-07-31 15:27:24 | INFO | Found latest version of tr87: tr87-cd924810 (downloaded: 2026-06-08 07:25:23.848054+00:00)
2026-07-31 15:27:24 | INFO | Found latest version of tr87: tr87-cd924810 (downloaded: 2026-06-08 07:25:23.848054+00:00)
2026-07-31 15:27:24 | INFO | Found latest version of tr87: tr87-cd924810 (downloaded: 2026-06-08 07:25:23.848054+00:00)
2026-07-31 15:27:24 | INFO | Found latest version of tr87: tr87-cd924810 (downloaded: 2026-06-08 07:25:23.848054+00:00)
2026-07-31 15:27:24 | INFO | Found latest version of tr87: tr87-cd924810 (downloaded: 2026-06-08 07:25:23.848054+00:00)
2026-07-31 15:27:24 | INFO | Found latest version of tr87: tr87-cd924810 (downloaded: 2026-06-08 07:25:23.848054+00:00)
2026-07-31 15:27:24 | INFO | Found latest version of tr87: tr87-cd924810 (downloaded: 2026-06-08 07:25:23.848054+00:00)
2026-07-31 15:27:24 | INFO | Found latest version of tr87: tr87-cd924810 (downloaded: 2026-06-08 07:25:23.848054+00:00)
2026-07-31 15:27:24 | INFO | Found latest version of tr87: tr87-cd924810 (downloaded: 2026-06-08 07:25:23.848054+00:00)
2026-07-31 15:27:24 | INFO | Found latest version of tr87: tr87-cd924810 (downloaded: 2026-06-08 07:25:23.848054+00:00)
2026-07-31 15:27:24 | INFO | Found latest version of tr87: tr87-cd924810 (downloaded: 2026-06-08 07:25:23.848054+00:00)
2026-07-31 15:27:24 | INFO | Found latest version of tr87: tr87-cd924810 (downloaded: 2026-06-08 07:25:23.848054+00:00)
2026-07-31 15:27:24 | INFO | Found latest version of tr87: tr87-cd924810 (downloaded: 2026-06-08 07:25:23.848054+00:00)
2026-07-31 15:27:28 | INFO | Found latest version of tr87: tr87-cd924810 (downloaded: 2026-06-08 07:25:23.848054+00:00)
2026-07-31 15:27:28 | INFO | Found latest version of tr87: tr87-cd924810 (downloaded: 2026-06-08 07:25:23.848054+00:00)
2026-07-31 15:27:28 | INFO | Found latest version of tr87: tr87-cd924810 (downloaded: 2026-06-08 07:25:23.848054+00:00)
2026-07-31 15:27:28 | INFO | Found latest version of tr87: tr87-cd924810 (downloaded: 2026-06-08 07:25:23.848054+00:00)
2026-07-31 15:27:28 | INFO | Found latest version of tr87: tr87-cd924810 (downloaded: 2026-06-08 07:25:23.848054+00:00)
2026-07-31 15:27:28 | INFO | Found latest version of tr87: tr87-cd924810 (downloaded: 2026-06-08 07:25:23.848054+00:00)
2026-07-31 15:27:28 | INFO | Found latest version of tr87: tr87-cd924810 (downloaded: 2026-06-08 07:25:23.848054+00:00)
2026-07-31 15:27:28 | INFO | Found latest version of tr87: tr87-cd924810 (downloaded: 2026-06-08 07:25:23.848054+00:00)
2026-07-31 15:27:28 | INFO | Found latest version of tr87: tr87-cd924810 (downloaded: 2026-06-08 07:25:23.848054+00:00)
2026-07-31 15:27:28 | INFO | Found latest version of tr87: tr87-cd924810 (downloaded: 2026-06-08 07:25:23.848054+00:00)
2026-07-31 15:27:28 | INFO | Found latest version of tr87: tr87-cd924810 (downloaded: 2026-06-08 07:25:23.848054+00:00)
2026-07-31 15:27:28 | INFO | Found latest version of tr87: tr87-cd924810 (downloaded: 2026-06-08 07:25:23.848054+00:00)
2026-07-31 15:27:28 | INFO | Found latest version of tr87: tr87-cd924810 (downloaded: 2026-06-08 07:25:23.848054+00:00)
2026-07-31 15:27:28 | INFO | Found latest version of tr87: tr87-cd924810 (downloaded: 2026-06-08 07:25:23.848054+00:00)
2026-07-31 15:27:28 | INFO | Found latest version of tr87: tr87-cd924810 (downloaded: 2026-06-08 07:25:23.848054+00:00)
2026-07-31 15:27:28 | INFO | Found latest version of tr87: tr87-cd924810 (downloaded: 2026-06-08 07:25:23.848054+00:00)
2026-07-31 15:27:28 | INFO | Found latest version of tr87: tr87-cd924810 (downloaded: 2026-06-08 07:25:23.848054+00:00)
2026-07-31 15:27:28 | INFO | Found latest version of tr87: tr87-cd924810 (downloaded: 2026-06-08 07:25:23.848054+00:00)
2026-07-31 15:27:28 | INFO | Found latest version of tr87: tr87-cd924810 (downloaded: 2026-06-08 07:25:23.848054+00:00)
2026-07-31 15:27:28 | INFO | Found latest version of tr87: tr87-cd924810 (downloaded: 2026-06-08 07:25:23.848054+00:00)
2026-07-31 15:27:28 | INFO | Found latest version of tr87: tr87-cd924810 (downloaded: 2026-06-08 07:25:23.848054+00:00)
2026-07-31 15:27:28 | INFO | Found latest version of tr87: tr87-cd924810 (downloaded: 2026-06-08 07:25:23.848054+00:00)
2026-07-31 15:27:28 | INFO | Found latest version of tr87: tr87-cd924810 (downloaded: 2026-06-08 07:25:23.848054+00:00)
2026-07-31 15:27:28 | INFO | Found latest version of tr87: tr87-cd924810 (downloaded: 2026-06-08 07:25:23.848054+00:00)
2026-07-31 15:27:28 | INFO | Found latest version of tr87: tr87-cd924810 (downloaded: 2026-06-08 07:25:23.848054+00:00)
2026-07-31 15:27:28 | INFO | Found latest version of tr87: tr87-cd924810 (downloaded: 2026-06-08 07:25:23.848054+00:00)
2026-07-31 15:27:28 | INFO | Found latest version of tr87: tr87-cd924810 (downloaded: 2026-06-08 07:25:23.848054+00:00)
2026-07-31 15:27:28 | INFO | Found latest version of tr87: tr87-cd924810 (downloaded: 2026-06-08 07:25:23.848054+00:00)
2026-07-31 15:27:28 | INFO | Found latest version of tr87: tr87-cd924810 (downloaded: 2026-06-08 07:25:23.848054+00:00)
2026-07-31 15:27:28 | INFO | Found latest version of tr87: tr87-cd924810 (downloaded: 2026-06-08 07:25:23.848054+00:00)
2026-07-31 15:27:28 | INFO | Found latest version of tr87: tr87-cd924810 (downloaded: 2026-06-08 07:25:23.848054+00:00)
2026-07-31 15:27:28 | INFO | Found latest version of tr87: tr87-cd924810 (downloaded: 2026-06-08 07:25:23.848054+00:00)
2026-07-31 15:27:28 | INFO | Found latest version of tr87: tr87-cd924810 (downloaded: 2026-06-08 07:25:23.848054+00:00)
2026-07-31 15:27:28 | INFO | Found latest version of tr87: tr87-cd924810 (downloaded: 2026-06-08 07:25:23.848054+00:00)
2026-07-31 15:27:28 | INFO | Found latest version of tr87: tr87-cd924810 (downloaded: 2026-06-08 07:25:23.848054+00:00)
2026-07-31 15:27:28 | INFO | Found latest version of tr87: tr87-cd924810 (downloaded: 2026-06-08 07:25:23.848054+00:00)
2026-07-31 15:27:28 | INFO | Found latest version of tr87: tr87-cd924810 (downloaded: 2026-06-08 07:25:23.848054+00:00)
2026-07-31 15:27:28 | INFO | Found latest version of tr87: tr87-cd924810 (downloaded: 2026-06-08 07:25:23.848054+00:00)
2026-07-31 15:27:28 | INFO | Found latest version of tr87: tr87-cd924810 (downloaded: 2026-06-08 07:25:23.848054+00:00)
2026-07-31 15:27:28 | INFO | Found latest version of tr87: tr87-cd924810 (downloaded: 2026-06-08 07:25:23.848054+00:00)
2026-07-31 15:27:28 | INFO | Found latest version of tr87: tr87-cd924810 (downloaded: 2026-06-08 07:25:23.848054+00:00)
2026-07-31 15:27:28 | INFO | Found latest version of tr87: tr87-cd924810 (downloaded: 2026-06-08 07:25:23.848054+00:00)
2026-07-31 15:27:28 | INFO | Found latest version of tr87: tr87-cd924810 (downloaded: 2026-06-08 07:25:23.848054+00:00)
2026-07-31 15:27:28 | INFO | Found latest version of tr87: tr87-cd924810 (downloaded: 2026-06-08 07:25:23.848054+00:00)
2026-07-31 15:27:28 | INFO | Found latest version of tr87: tr87-cd924810 (downloaded: 2026-06-08 07:25:23.848054+00:00)
2026-07-31 15:27:28 | INFO | Found latest version of tr87: tr87-cd924810 (downloaded: 2026-06-08 07:25:23.848054+00:00)
2026-07-31 15:27:28 | INFO | Found latest version of tr87: tr87-cd924810 (downloaded: 2026-06-08 07:25:23.848054+00:00)
2026-07-31 15:27:28 | INFO | Found latest version of tr87: tr87-cd924810 (downloaded: 2026-06-08 07:25:23.848054+00:00)
2026-07-31 15:27:28 | INFO | Found latest version of tr87: tr87-cd924810 (downloaded: 2026-06-08 07:25:23.848054+00:00)
2026-07-31 15:27:28 | INFO | Found latest version of tr87: tr87-cd924810 (downloaded: 2026-06-08 07:25:23.848054+00:00)
2026-07-31 15:27:28 | INFO | Found latest version of tr87: tr87-cd924810 (downloaded: 2026-06-08 07:25:23.848054+00:00)
2026-07-31 15:27:28 | INFO | Found latest version of tr87: tr87-cd924810 (downloaded: 2026-06-08 07:25:23.848054+00:00)
2026-07-31 15:27:28 | INFO | Found latest version of tr87: tr87-cd924810 (downloaded: 2026-06-08 07:25:23.848054+00:00)
2026-07-31 15:27:28 | INFO | Found latest version of tr87: tr87-cd924810 (downloaded: 2026-06-08 07:25:23.848054+00:00)
2026-07-31 15:27:28 | INFO | Found latest version of tr87: tr87-cd924810 (downloaded: 2026-06-08 07:25:23.848054+00:00)
2026-07-31 15:27:29 | INFO | Found latest version of tr87: tr87-cd924810 (downloaded: 2026-06-08 07:25:23.848054+00:00)
2026-07-31 15:27:29 | INFO | Found latest version of tr87: tr87-cd924810 (downloaded: 2026-06-08 07:25:23.848054+00:00)
2026-07-31 15:27:29 | INFO | Found latest version of tr87: tr87-cd924810 (downloaded: 2026-06-08 07:25:23.848054+00:00)
2026-07-31 15:27:29 | INFO | Found latest version of tr87: tr87-cd924810 (downloaded: 2026-06-08 07:25:23.848054+00:00)
2026-07-31 15:27:29 | INFO | Found latest version of tr87: tr87-cd924810 (downloaded: 2026-06-08 07:25:23.848054+00:00)
2026-07-31 15:27:29 | INFO | Found latest version of tr87: tr87-cd924810 (downloaded: 2026-06-08 07:25:23.848054+00:00)
2026-07-31 15:27:29 | INFO | Found latest version of tr87: tr87-cd924810 (downloaded: 2026-06-08 07:25:23.848054+00:00)
2026-07-31 15:27:29 | INFO | Found latest version of tr87: tr87-cd924810 (downloaded: 2026-06-08 07:25:23.848054+00:00)
2026-07-31 15:27:33 | INFO | Found latest version of tr87: tr87-cd924810 (downloaded: 2026-06-08 07:25:23.848054+00:00)
2026-07-31 15:27:33 | INFO | Found latest version of tr87: tr87-cd924810 (downloaded: 2026-06-08 07:25:23.848054+00:00)
2026-07-31 15:27:33 | INFO | Found latest version of tr87: tr87-cd924810 (downloaded: 2026-06-08 07:25:23.848054+00:00)
2026-07-31 15:27:33 | INFO | Found latest version of tr87: tr87-cd924810 (downloaded: 2026-06-08 07:25:23.848054+00:00)
2026-07-31 15:27:33 | INFO | Found latest version of tr87: tr87-cd924810 (downloaded: 2026-06-08 07:25:23.848054+00:00)
2026-07-31 15:27:33 | INFO | Found latest version of tr87: tr87-cd924810 (downloaded: 2026-06-08 07:25:23.848054+00:00)
2026-07-31 15:27:33 | INFO | Found latest version of tr87: tr87-cd924810 (downloaded: 2026-06-08 07:25:23.848054+00:00)
2026-07-31 15:27:33 | INFO | Found latest version of tr87: tr87-cd924810 (downloaded: 2026-06-08 07:25:23.848054+00:00)
2026-07-31 15:27:33 | INFO | Found latest version of tr87: tr87-cd924810 (downloaded: 2026-06-08 07:25:23.848054+00:00)
2026-07-31 15:27:33 | INFO | Found latest version of tr87: tr87-cd924810 (downloaded: 2026-06-08 07:25:23.848054+00:00)
2026-07-31 15:27:33 | INFO | Found latest version of tr87: tr87-cd924810 (downloaded: 2026-06-08 07:25:23.848054+00:00)
2026-07-31 15:27:33 | INFO | Found latest version of tr87: tr87-cd924810 (downloaded: 2026-06-08 07:25:23.848054+00:00)
2026-07-31 15:27:33 | INFO | Found latest version of tr87: tr87-cd924810 (downloaded: 2026-06-08 07:25:23.848054+00:00)
2026-07-31 15:27:33 | INFO | Found latest version of tr87: tr87-cd924810 (downloaded: 2026-06-08 07:25:23.848054+00:00)
2026-07-31 15:27:33 | INFO | Found latest version of tr87: tr87-cd924810 (downloaded: 2026-06-08 07:25:23.848054+00:00)
2026-07-31 15:27:33 | INFO | Found latest version of tr87: tr87-cd924810 (downloaded: 2026-06-08 07:25:23.848054+00:00)
2026-07-31 15:27:33 | INFO | Found latest version of tr87: tr87-cd924810 (downloaded: 2026-06-08 07:25:23.848054+00:00)
2026-07-31 15:27:33 | INFO | Found latest version of tr87: tr87-cd924810 (downloaded: 2026-06-08 07:25:23.848054+00:00)
2026-07-31 15:27:33 | INFO | Found latest version of tr87: tr87-cd924810 (downloaded: 2026-06-08 07:25:23.848054+00:00)
2026-07-31 15:27:33 | INFO | Found latest version of tr87: tr87-cd924810 (downloaded: 2026-06-08 07:25:23.848054+00:00)
2026-07-31 15:27:33 | INFO | Found latest version of tr87: tr87-cd924810 (downloaded: 2026-06-08 07:25:23.848054+00:00)
2026-07-31 15:27:33 | INFO | Found latest version of tr87: tr87-cd924810 (downloaded: 2026-06-08 07:25:23.848054+00:00)
2026-07-31 15:27:33 | INFO | Found latest version of tr87: tr87-cd924810 (downloaded: 2026-06-08 07:25:23.848054+00:00)
2026-07-31 15:27:33 | INFO | Found latest version of tr87: tr87-cd924810 (downloaded: 2026-06-08 07:25:23.848054+00:00)
2026-07-31 15:27:33 | INFO | Found latest version of tr87: tr87-cd924810 (downloaded: 2026-06-08 07:25:23.848054+00:00)
INFO:arc_agi.scorecard:Initialized ScorecardManager with idle_for=0:15:00 and max_open_for=3 days, 0:00:00
2026-07-31 15:27:33 | INFO | Created new scorecard: a28a84ac-27ed-4a28-8d90-2ae87ce9e135
2026-07-31 15:27:33 | INFO | Found latest version of tr87: tr87-cd924810 (downloaded: 2026-06-08 07:25:23.848054+00:00)
INFO:arc_agi.scorecard:Initialized ScorecardManager with idle_for=0:15:00 and max_open_for=3 days, 0:00:00
2026-07-31 15:27:33 | INFO | Created new scorecard: c080f7a2-e239-4da8-9bd2-e1990f724be0
2026-07-31 15:27:33 | INFO | Found latest version of tr87: tr87-cd924810 (downloaded: 2026-06-08 07:25:23.848054+00:00)
INFO:arc_agi.scorecard:Initialized ScorecardManager with idle_for=0:15:00 and max_open_for=3 days, 0:00:00
2026-07-31 15:27:33 | INFO | Created new scorecard: f5c8c942-15e3-4c13-93ef-8a9802f669ba
2026-07-31 15:27:33 | INFO | Found latest version of sp80: sp80-589a99af (downloaded: 2026-06-08 07:25:24.172393+00:00)
2026-07-31 15:27:33 | INFO | Successfully loaded game class Sp80 from /home/ianblenke/github.com/ianblenke/carnot/environment_files/sp80/589a99af/sp80.py
INFO:arc_agi.scorecard:Initialized ScorecardManager with idle_for=0:15:00 and max_open_for=3 days, 0:00:00
2026-07-31 15:27:33 | INFO | Created new scorecard: 7980547e-74e6-41d9-8e29-fad6e514bc8d
2026-07-31 15:27:33 | INFO | Found latest version of sp80: sp80-589a99af (downloaded: 2026-06-08 07:25:24.172393+00:00)
2026-07-31 15:27:33 | INFO | Found latest version of sp80: sp80-589a99af (downloaded: 2026-06-08 07:25:24.172393+00:00)
2026-07-31 15:27:33 | INFO | Found latest version of sp80: sp80-589a99af (downloaded: 2026-06-08 07:25:24.172393+00:00)
2026-07-31 15:27:33 | INFO | Found latest version of sp80: sp80-589a99af (downloaded: 2026-06-08 07:25:24.172393+00:00)
2026-07-31 15:27:33 | INFO | Found latest version of sp80: sp80-589a99af (downloaded: 2026-06-08 07:25:24.172393+00:00)
2026-07-31 15:27:33 | INFO | Found latest version of sp80: sp80-589a99af (downloaded: 2026-06-08 07:25:24.172393+00:00)
2026-07-31 15:27:33 | INFO | Found latest version of sp80: sp80-589a99af (downloaded: 2026-06-08 07:25:24.172393+00:00)
2026-07-31 15:27:33 | INFO | Found latest version of sp80: sp80-589a99af (downloaded: 2026-06-08 07:25:24.172393+00:00)
2026-07-31 15:27:33 | INFO | Found latest version of sp80: sp80-589a99af (downloaded: 2026-06-08 07:25:24.172393+00:00)
INFO:arc_agi.scorecard:Initialized ScorecardManager with idle_for=0:15:00 and max_open_for=3 days, 0:00:00
2026-07-31 15:27:33 | INFO | Created new scorecard: 03c9e563-78be-46f6-893b-d00f8400556e
2026-07-31 15:27:33 | INFO | Found latest version of sp80: sp80-589a99af (downloaded: 2026-06-08 07:25:24.172393+00:00)
INFO:arc_agi.scorecard:Initialized ScorecardManager with idle_for=0:15:00 and max_open_for=3 days, 0:00:00
2026-07-31 15:27:33 | INFO | Created new scorecard: bd3c2cdf-20b1-4efb-8bec-c2c8c2c684a6
2026-07-31 15:27:33 | INFO | Found latest version of sp80: sp80-589a99af (downloaded: 2026-06-08 07:25:24.172393+00:00)
INFO:arc_agi.scorecard:Initialized ScorecardManager with idle_for=0:15:00 and max_open_for=3 days, 0:00:00
2026-07-31 15:27:33 | INFO | Created new scorecard: 7bd2f174-4ae4-4caa-9ac5-68a3df3fa25b
2026-07-31 15:27:33 | INFO | Found latest version of sb26: sb26-7fbdac44 (downloaded: 2026-06-08 07:25:20.203481+00:00)
2026-07-31 15:27:33 | INFO | Successfully loaded game class Sb26 from /home/ianblenke/github.com/ianblenke/carnot/environment_files/sb26/7fbdac44/sb26.py
INFO:arc_agi.scorecard:Initialized ScorecardManager with idle_for=0:15:00 and max_open_for=3 days, 0:00:00
2026-07-31 15:27:33 | INFO | Created new scorecard: 17337c9b-df1b-4b7a-aa12-6ffc119a71a7
2026-07-31 15:27:33 | INFO | Found latest version of sb26: sb26-7fbdac44 (downloaded: 2026-06-08 07:25:20.203481+00:00)
2026-07-31 15:27:33 | INFO | Found latest version of sb26: sb26-7fbdac44 (downloaded: 2026-06-08 07:25:20.203481+00:00)
2026-07-31 15:27:33 | INFO | Found latest version of sb26: sb26-7fbdac44 (downloaded: 2026-06-08 07:25:20.203481+00:00)
2026-07-31 15:27:33 | INFO | Found latest version of sb26: sb26-7fbdac44 (downloaded: 2026-06-08 07:25:20.203481+00:00)
2026-07-31 15:27:33 | INFO | Found latest version of sb26: sb26-7fbdac44 (downloaded: 2026-06-08 07:25:20.203481+00:00)
2026-07-31 15:27:33 | INFO | Found latest version of sb26: sb26-7fbdac44 (downloaded: 2026-06-08 07:25:20.203481+00:00)
2026-07-31 15:27:33 | INFO | Found latest version of sb26: sb26-7fbdac44 (downloaded: 2026-06-08 07:25:20.203481+00:00)
2026-07-31 15:27:33 | INFO | Found latest version of sb26: sb26-7fbdac44 (downloaded: 2026-06-08 07:25:20.203481+00:00)
2026-07-31 15:27:33 | INFO | Found latest version of sb26: sb26-7fbdac44 (downloaded: 2026-06-08 07:25:20.203481+00:00)
2026-07-31 15:27:33 | INFO | Found latest version of sb26: sb26-7fbdac44 (downloaded: 2026-06-08 07:25:20.203481+00:00)
2026-07-31 15:27:33 | INFO | Found latest version of sb26: sb26-7fbdac44 (downloaded: 2026-06-08 07:25:20.203481+00:00)
2026-07-31 15:27:33 | INFO | Found latest version of sb26: sb26-7fbdac44 (downloaded: 2026-06-08 07:25:20.203481+00:00)
2026-07-31 15:27:33 | INFO | Found latest version of sb26: sb26-7fbdac44 (downloaded: 2026-06-08 07:25:20.203481+00:00)
2026-07-31 15:27:33 | INFO | Found latest version of sb26: sb26-7fbdac44 (downloaded: 2026-06-08 07:25:20.203481+00:00)
2026-07-31 15:27:33 | INFO | Found latest version of sb26: sb26-7fbdac44 (downloaded: 2026-06-08 07:25:20.203481+00:00)
2026-07-31 15:27:33 | INFO | Found latest version of sb26: sb26-7fbdac44 (downloaded: 2026-06-08 07:25:20.203481+00:00)
2026-07-31 15:27:33 | INFO | Found latest version of sb26: sb26-7fbdac44 (downloaded: 2026-06-08 07:25:20.203481+00:00)
2026-07-31 15:27:33 | INFO | Found latest version of sb26: sb26-7fbdac44 (downloaded: 2026-06-08 07:25:20.203481+00:00)
2026-07-31 15:27:33 | INFO | Found latest version of sb26: sb26-7fbdac44 (downloaded: 2026-06-08 07:25:20.203481+00:00)
INFO:arc_agi.scorecard:Initialized ScorecardManager with idle_for=0:15:00 and max_open_for=3 days, 0:00:00
2026-07-31 15:27:33 | INFO | Created new scorecard: a3e72b25-8084-44a1-b14b-31c1d39d5bc3
2026-07-31 15:27:33 | INFO | Found latest version of sb26: sb26-7fbdac44 (downloaded: 2026-06-08 07:25:20.203481+00:00)
INFO:arc_agi.scorecard:Initialized ScorecardManager with idle_for=0:15:00 and max_open_for=3 days, 0:00:00
2026-07-31 15:27:33 | INFO | Created new scorecard: ff142951-3909-469a-8877-1759c37d80d9
2026-07-31 15:27:33 | INFO | Found latest version of sb26: sb26-7fbdac44 (downloaded: 2026-06-08 07:25:20.203481+00:00)
INFO:arc_agi.scorecard:Initialized ScorecardManager with idle_for=0:15:00 and max_open_for=3 days, 0:00:00
2026-07-31 15:27:33 | INFO | Created new scorecard: cb151d43-ffc3-42be-8822-0041ccab85ff
2026-07-31 15:27:33 | INFO | Found latest version of re86: re86-8af5384d (downloaded: 2026-06-08 07:25:20.929610+00:00)
2026-07-31 15:27:34 | INFO | Successfully loaded game class Re86 from /home/ianblenke/github.com/ianblenke/carnot/environment_files/re86/8af5384d/re86.py
INFO:arc_agi.scorecard:Initialized ScorecardManager with idle_for=0:15:00 and max_open_for=3 days, 0:00:00
2026-07-31 15:27:34 | INFO | Created new scorecard: 8f1a0eaa-97c0-46c3-9d00-14934bb2d920
2026-07-31 15:27:34 | INFO | Found latest version of re86: re86-8af5384d (downloaded: 2026-06-08 07:25:20.929610+00:00)
2026-07-31 15:27:34 | INFO | Found latest version of re86: re86-8af5384d (downloaded: 2026-06-08 07:25:20.929610+00:00)
2026-07-31 15:27:34 | INFO | Found latest version of re86: re86-8af5384d (downloaded: 2026-06-08 07:25:20.929610+00:00)
2026-07-31 15:27:34 | INFO | Found latest version of re86: re86-8af5384d (downloaded: 2026-06-08 07:25:20.929610+00:00)
2026-07-31 15:27:34 | INFO | Found latest version of re86: re86-8af5384d (downloaded: 2026-06-08 07:25:20.929610+00:00)
2026-07-31 15:27:34 | INFO | Found latest version of re86: re86-8af5384d (downloaded: 2026-06-08 07:25:20.929610+00:00)
2026-07-31 15:27:34 | INFO | Found latest version of re86: re86-8af5384d (downloaded: 2026-06-08 07:25:20.929610+00:00)
2026-07-31 15:27:34 | INFO | Found latest version of re86: re86-8af5384d (downloaded: 2026-06-08 07:25:20.929610+00:00)
2026-07-31 15:27:34 | INFO | Found latest version of re86: re86-8af5384d (downloaded: 2026-06-08 07:25:20.929610+00:00)
2026-07-31 15:27:34 | INFO | Found latest version of re86: re86-8af5384d (downloaded: 2026-06-08 07:25:20.929610+00:00)
2026-07-31 15:27:34 | INFO | Found latest version of re86: re86-8af5384d (downloaded: 2026-06-08 07:25:20.929610+00:00)
2026-07-31 15:27:34 | INFO | Found latest version of re86: re86-8af5384d (downloaded: 2026-06-08 07:25:20.929610+00:00)
2026-07-31 15:27:34 | INFO | Found latest version of re86: re86-8af5384d (downloaded: 2026-06-08 07:25:20.929610+00:00)
2026-07-31 15:27:34 | INFO | Found latest version of re86: re86-8af5384d (downloaded: 2026-06-08 07:25:20.929610+00:00)
2026-07-31 15:27:34 | INFO | Found latest version of re86: re86-8af5384d (downloaded: 2026-06-08 07:25:20.929610+00:00)
2026-07-31 15:27:34 | INFO | Found latest version of re86: re86-8af5384d (downloaded: 2026-06-08 07:25:20.929610+00:00)
2026-07-31 15:27:34 | INFO | Found latest version of re86: re86-8af5384d (downloaded: 2026-06-08 07:25:20.929610+00:00)
2026-07-31 15:27:34 | INFO | Found latest version of re86: re86-8af5384d (downloaded: 2026-06-08 07:25:20.929610+00:00)
2026-07-31 15:27:34 | INFO | Found latest version of re86: re86-8af5384d (downloaded: 2026-06-08 07:25:20.929610+00:00)
2026-07-31 15:27:34 | INFO | Found latest version of re86: re86-8af5384d (downloaded: 2026-06-08 07:25:20.929610+00:00)
2026-07-31 15:27:34 | INFO | Found latest version of re86: re86-8af5384d (downloaded: 2026-06-08 07:25:20.929610+00:00)
2026-07-31 15:27:34 | INFO | Found latest version of re86: re86-8af5384d (downloaded: 2026-06-08 07:25:20.929610+00:00)
2026-07-31 15:27:34 | INFO | Found latest version of re86: re86-8af5384d (downloaded: 2026-06-08 07:25:20.929610+00:00)
2026-07-31 15:27:34 | INFO | Found latest version of re86: re86-8af5384d (downloaded: 2026-06-08 07:25:20.929610+00:00)
2026-07-31 15:27:34 | INFO | Found latest version of re86: re86-8af5384d (downloaded: 2026-06-08 07:25:20.929610+00:00)
2026-07-31 15:27:34 | INFO | Found latest version of re86: re86-8af5384d (downloaded: 2026-06-08 07:25:20.929610+00:00)
2026-07-31 15:27:34 | INFO | Found latest version of re86: re86-8af5384d (downloaded: 2026-06-08 07:25:20.929610+00:00)
2026-07-31 15:27:34 | INFO | Found latest version of re86: re86-8af5384d (downloaded: 2026-06-08 07:25:20.929610+00:00)
2026-07-31 15:27:34 | INFO | Found latest version of re86: re86-8af5384d (downloaded: 2026-06-08 07:25:20.929610+00:00)
2026-07-31 15:27:34 | INFO | Found latest version of re86: re86-8af5384d (downloaded: 2026-06-08 07:25:20.929610+00:00)
2026-07-31 15:27:34 | INFO | Found latest version of re86: re86-8af5384d (downloaded: 2026-06-08 07:25:20.929610+00:00)
2026-07-31 15:27:34 | INFO | Found latest version of re86: re86-8af5384d (downloaded: 2026-06-08 07:25:20.929610+00:00)
2026-07-31 15:27:34 | INFO | Found latest version of re86: re86-8af5384d (downloaded: 2026-06-08 07:25:20.929610+00:00)
2026-07-31 15:27:34 | INFO | Found latest version of re86: re86-8af5384d (downloaded: 2026-06-08 07:25:20.929610+00:00)
2026-07-31 15:27:34 | INFO | Found latest version of re86: re86-8af5384d (downloaded: 2026-06-08 07:25:20.929610+00:00)
2026-07-31 15:27:34 | INFO | Found latest version of re86: re86-8af5384d (downloaded: 2026-06-08 07:25:20.929610+00:00)
2026-07-31 15:27:34 | INFO | Found latest version of re86: re86-8af5384d (downloaded: 2026-06-08 07:25:20.929610+00:00)
2026-07-31 15:27:34 | INFO | Found latest version of re86: re86-8af5384d (downloaded: 2026-06-08 07:25:20.929610+00:00)
2026-07-31 15:27:34 | INFO | Found latest version of re86: re86-8af5384d (downloaded: 2026-06-08 07:25:20.929610+00:00)
2026-07-31 15:27:34 | INFO | Found latest version of re86: re86-8af5384d (downloaded: 2026-06-08 07:25:20.929610+00:00)
2026-07-31 15:27:34 | INFO | Found latest version of re86: re86-8af5384d (downloaded: 2026-06-08 07:25:20.929610+00:00)
INFO:arc_agi.scorecard:Initialized ScorecardManager with idle_for=0:15:00 and max_open_for=3 days, 0:00:00
2026-07-31 15:27:34 | INFO | Created new scorecard: 0190596b-a8bc-4a4f-8c05-4809881a6c7e
2026-07-31 15:27:34 | INFO | Found latest version of re86: re86-8af5384d (downloaded: 2026-06-08 07:25:20.929610+00:00)
INFO:arc_agi.scorecard:Initialized ScorecardManager with idle_for=0:15:00 and max_open_for=3 days, 0:00:00
2026-07-31 15:27:34 | INFO | Created new scorecard: 60be499d-9ebc-47b6-9e05-da7d1977b7b7
2026-07-31 15:27:34 | INFO | Found latest version of re86: re86-8af5384d (downloaded: 2026-06-08 07:25:20.929610+00:00)
INFO:arc_agi.scorecard:Initialized ScorecardManager with idle_for=0:15:00 and max_open_for=3 days, 0:00:00
2026-07-31 15:27:34 | INFO | Created new scorecard: 16859e24-c0cd-426d-a095-7f6b9ce65be5
2026-07-31 15:27:34 | INFO | Found latest version of g50t: g50t-5849a774 (downloaded: 2026-06-08 07:25:26.663660+00:00)
2026-07-31 15:27:34 | INFO | Successfully loaded game class G50t from /home/ianblenke/github.com/ianblenke/carnot/environment_files/g50t/5849a774/g50t.py
INFO:arc_agi.scorecard:Initialized ScorecardManager with idle_for=0:15:00 and max_open_for=3 days, 0:00:00
2026-07-31 15:27:34 | INFO | Created new scorecard: cc230283-fb40-4031-87e7-e532be8076ba
2026-07-31 15:27:34 | INFO | Found latest version of g50t: g50t-5849a774 (downloaded: 2026-06-08 07:25:26.663660+00:00)
INFO:arc_agi.scorecard:Initialized ScorecardManager with idle_for=0:15:00 and max_open_for=3 days, 0:00:00
2026-07-31 15:27:34 | INFO | Created new scorecard: 1742bfa6-ee7a-4098-aa16-38a5ffafcb42
2026-07-31 15:27:34 | INFO | Found latest version of g50t: g50t-5849a774 (downloaded: 2026-06-08 07:25:26.663660+00:00)
INFO:arc_agi.scorecard:Initialized ScorecardManager with idle_for=0:15:00 and max_open_for=3 days, 0:00:00
2026-07-31 15:27:34 | INFO | Created new scorecard: a7a5a60d-c92f-43ef-bfb1-bde860acb79c
2026-07-31 15:27:34 | INFO | Found latest version of r11l: r11l-495a7899 (downloaded: 2026-06-08 07:25:26.282968+00:00)
2026-07-31 15:27:34 | INFO | Successfully loaded game class R11l from /home/ianblenke/github.com/ianblenke/carnot/environment_files/r11l/495a7899/r11l.py
INFO:arc_agi.scorecard:Initialized ScorecardManager with idle_for=0:15:00 and max_open_for=3 days, 0:00:00
2026-07-31 15:27:34 | INFO | Created new scorecard: 8508bdf8-5715-4ae7-820f-40624ce42963
2026-07-31 15:27:34 | INFO | Found latest version of r11l: r11l-495a7899 (downloaded: 2026-06-08 07:25:26.282968+00:00)
2026-07-31 15:27:34 | INFO | Created new scorecard: fae46a22-4c36-49d4-aa6c-b8a9ec161b0d
2026-07-31 15:27:34 | INFO | Found latest version of r11l: r11l-495a7899 (downloaded: 2026-06-08 07:25:26.282968+00:00)
INFO:arc_agi.scorecard:Initialized ScorecardManager with idle_for=0:15:00 and max_open_for=3 days, 0:00:00
2026-07-31 15:27:34 | INFO | Created new scorecard: 741baf25-df40-4115-b088-73e38e61552f
2026-07-31 15:27:34 | INFO | Found latest version of r11l: r11l-495a7899 (downloaded: 2026-06-08 07:25:26.282968+00:00)
INFO:arc_agi.scorecard:Initialized ScorecardManager with idle_for=0:15:00 and max_open_for=3 days, 0:00:00
2026-07-31 15:27:34 | INFO | Created new scorecard: 303b925c-e16f-416a-b7a5-96bdb680a77c
2026-07-31 15:27:34 | INFO | Found latest version of r11l: r11l-495a7899 (downloaded: 2026-06-08 07:25:26.282968+00:00)
INFO:arc_agi.scorecard:Initialized ScorecardManager with idle_for=0:15:00 and max_open_for=3 days, 0:00:00
2026-07-31 15:27:34 | INFO | Created new scorecard: 25bf29c4-2747-4ea2-bdb5-aff0fd502fab
2026-07-31 15:27:34 | INFO | Found latest version of cd82: cd82-fb555c5d (downloaded: 2026-06-08 07:25:18.243395+00:00)
2026-07-31 15:27:34 | INFO | Successfully loaded game class Cd82 from /home/ianblenke/github.com/ianblenke/carnot/environment_files/cd82/fb555c5d/cd82.py
INFO:arc_agi.scorecard:Initialized ScorecardManager with idle_for=0:15:00 and max_open_for=3 days, 0:00:00
2026-07-31 15:27:34 | INFO | Created new scorecard: ecf7fbd5-3048-40ca-93c5-424410d73a7a
2026-07-31 15:27:34 | INFO | Found latest version of cd82: cd82-fb555c5d (downloaded: 2026-06-08 07:25:18.243395+00:00)
2026-07-31 15:27:34 | INFO | Found latest version of cd82: cd82-fb555c5d (downloaded: 2026-06-08 07:25:18.243395+00:00)
2026-07-31 15:27:34 | INFO | Found latest version of cd82: cd82-fb555c5d (downloaded: 2026-06-08 07:25:18.243395+00:00)
2026-07-31 15:27:34 | INFO | Found latest version of cd82: cd82-fb555c5d (downloaded: 2026-06-08 07:25:18.243395+00:00)
2026-07-31 15:27:34 | INFO | Found latest version of cd82: cd82-fb555c5d (downloaded: 2026-06-08 07:25:18.243395+00:00)
2026-07-31 15:27:34 | INFO | Found latest version of cd82: cd82-fb555c5d (downloaded: 2026-06-08 07:25:18.243395+00:00)
2026-07-31 15:27:34 | INFO | Found latest version of cd82: cd82-fb555c5d (downloaded: 2026-06-08 07:25:18.243395+00:00)
2026-07-31 15:27:34 | INFO | Found latest version of cd82: cd82-fb555c5d (downloaded: 2026-06-08 07:25:18.243395+00:00)
2026-07-31 15:27:34 | INFO | Found latest version of cd82: cd82-fb555c5d (downloaded: 2026-06-08 07:25:18.243395+00:00)
2026-07-31 15:27:34 | INFO | Found latest version of cd82: cd82-fb555c5d (downloaded: 2026-06-08 07:25:18.243395+00:00)
2026-07-31 15:27:34 | INFO | Found latest version of cd82: cd82-fb555c5d (downloaded: 2026-06-08 07:25:18.243395+00:00)
INFO:arc_agi.scorecard:Initialized ScorecardManager with idle_for=0:15:00 and max_open_for=3 days, 0:00:00
2026-07-31 15:27:34 | INFO | Created new scorecard: d971cdc0-09c8-46f7-8cf5-1516ead491ff
2026-07-31 15:27:34 | INFO | Found latest version of cd82: cd82-fb555c5d (downloaded: 2026-06-08 07:25:18.243395+00:00)
INFO:arc_agi.scorecard:Initialized ScorecardManager with idle_for=0:15:00 and max_open_for=3 days, 0:00:00
2026-07-31 15:27:34 | INFO | Created new scorecard: 2d6d2575-655f-4bb4-a131-2af1a84a5801
2026-07-31 15:27:34 | INFO | Found latest version of cd82: cd82-fb555c5d (downloaded: 2026-06-08 07:25:18.243395+00:00)
INFO:arc_agi.scorecard:Initialized ScorecardManager with idle_for=0:15:00 and max_open_for=3 days, 0:00:00
2026-07-31 15:27:34 | INFO | Created new scorecard: ac9f22fc-110d-43a0-a4e2-7fea73cc8ea3
2026-07-31 15:27:34 | INFO | Found latest version of ar25: ar25-0c556536 (downloaded: 2026-06-08 07:25:25.608502+00:00)
2026-07-31 15:27:34 | INFO | Successfully loaded game class Ar25 from /home/ianblenke/github.com/ianblenke/carnot/environment_files/ar25/0c556536/ar25.py
INFO:arc_agi.scorecard:Initialized ScorecardManager with idle_for=0:15:00 and max_open_for=3 days, 0:00:00
2026-07-31 15:27:34 | INFO | Created new scorecard: 733db7ab-111b-48a7-9497-98433453a320
2026-07-31 15:27:34 | INFO | Found latest version of ar25: ar25-0c556536 (downloaded: 2026-06-08 07:25:25.608502+00:00)
2026-07-31 15:27:34 | INFO | Found latest version of ar25: ar25-0c556536 (downloaded: 2026-06-08 07:25:25.608502+00:00)
2026-07-31 15:27:34 | INFO | Found latest version of ar25: ar25-0c556536 (downloaded: 2026-06-08 07:25:25.608502+00:00)
2026-07-31 15:27:34 | INFO | Found latest version of ar25: ar25-0c556536 (downloaded: 2026-06-08 07:25:25.608502+00:00)
2026-07-31 15:27:34 | INFO | Found latest version of ar25: ar25-0c556536 (downloaded: 2026-06-08 07:25:25.608502+00:00)
2026-07-31 15:27:34 | INFO | Found latest version of ar25: ar25-0c556536 (downloaded: 2026-06-08 07:25:25.608502+00:00)
2026-07-31 15:27:34 | INFO | Found latest version of ar25: ar25-0c556536 (downloaded: 2026-06-08 07:25:25.608502+00:00)
2026-07-31 15:27:34 | INFO | Found latest version of ar25: ar25-0c556536 (downloaded: 2026-06-08 07:25:25.608502+00:00)
2026-07-31 15:27:34 | INFO | Found latest version of ar25: ar25-0c556536 (downloaded: 2026-06-08 07:25:25.608502+00:00)
2026-07-31 15:27:34 | INFO | Found latest version of ar25: ar25-0c556536 (downloaded: 2026-06-08 07:25:25.608502+00:00)
2026-07-31 15:27:34 | INFO | Found latest version of ar25: ar25-0c556536 (downloaded: 2026-06-08 07:25:25.608502+00:00)
2026-07-31 15:27:34 | INFO | Found latest version of ar25: ar25-0c556536 (downloaded: 2026-06-08 07:25:25.608502+00:00)
2026-07-31 15:27:34 | INFO | Found latest version of ar25: ar25-0c556536 (downloaded: 2026-06-08 07:25:25.608502+00:00)
2026-07-31 15:27:34 | INFO | Found latest version of ar25: ar25-0c556536 (downloaded: 2026-06-08 07:25:25.608502+00:00)
2026-07-31 15:27:34 | INFO | Found latest version of ar25: ar25-0c556536 (downloaded: 2026-06-08 07:25:25.608502+00:00)
2026-07-31 15:27:34 | INFO | Found latest version of ar25: ar25-0c556536 (downloaded: 2026-06-08 07:25:25.608502+00:00)
2026-07-31 15:27:34 | INFO | Found latest version of ar25: ar25-0c556536 (downloaded: 2026-06-08 07:25:25.608502+00:00)
2026-07-31 15:27:34 | INFO | Found latest version of ar25: ar25-0c556536 (downloaded: 2026-06-08 07:25:25.608502+00:00)
2026-07-31 15:27:34 | INFO | Found latest version of ar25: ar25-0c556536 (downloaded: 2026-06-08 07:25:25.608502+00:00)
2026-07-31 15:27:34 | INFO | Found latest version of ar25: ar25-0c556536 (downloaded: 2026-06-08 07:25:25.608502+00:00)
2026-07-31 15:27:34 | INFO | Found latest version of ar25: ar25-0c556536 (downloaded: 2026-06-08 07:25:25.608502+00:00)
2026-07-31 15:27:34 | INFO | Found latest version of ar25: ar25-0c556536 (downloaded: 2026-06-08 07:25:25.608502+00:00)
2026-07-31 15:27:34 | INFO | Found latest version of ar25: ar25-0c556536 (downloaded: 2026-06-08 07:25:25.608502+00:00)
2026-07-31 15:27:34 | INFO | Found latest version of ar25: ar25-0c556536 (downloaded: 2026-06-08 07:25:25.608502+00:00)
2026-07-31 15:27:34 | INFO | Found latest version of ar25: ar25-0c556536 (downloaded: 2026-06-08 07:25:25.608502+00:00)
2026-07-31 15:27:35 | INFO | Found latest version of ar25: ar25-0c556536 (downloaded: 2026-06-08 07:25:25.608502+00:00)
2026-07-31 15:27:35 | INFO | Found latest version of ar25: ar25-0c556536 (downloaded: 2026-06-08 07:25:25.608502+00:00)
2026-07-31 15:27:35 | INFO | Found latest version of ar25: ar25-0c556536 (downloaded: 2026-06-08 07:25:25.608502+00:00)
2026-07-31 15:27:35 | INFO | Found latest version of ar25: ar25-0c556536 (downloaded: 2026-06-08 07:25:25.608502+00:00)
2026-07-31 15:27:35 | INFO | Found latest version of ar25: ar25-0c556536 (downloaded: 2026-06-08 07:25:25.608502+00:00)
2026-07-31 15:27:35 | INFO | Found latest version of ar25: ar25-0c556536 (downloaded: 2026-06-08 07:25:25.608502+00:00)
INFO:arc_agi.scorecard:Initialized ScorecardManager with idle_for=0:15:00 and max_open_for=3 days, 0:00:00
2026-07-31 15:27:35 | INFO | Created new scorecard: 1e25743e-617e-46f9-ab65-8cdd0e11d9df
2026-07-31 15:27:35 | INFO | Found latest version of ar25: ar25-0c556536 (downloaded: 2026-06-08 07:25:25.608502+00:00)
INFO:arc_agi.scorecard:Initialized ScorecardManager with idle_for=0:15:00 and max_open_for=3 days, 0:00:00
2026-07-31 15:27:35 | INFO | Created new scorecard: f281c5e6-25de-4acf-85fd-80bd7361f180
2026-07-31 15:27:35 | INFO | Found latest version of ar25: ar25-0c556536 (downloaded: 2026-06-08 07:25:25.608502+00:00)
INFO:arc_agi.scorecard:Initialized ScorecardManager with idle_for=0:15:00 and max_open_for=3 days, 0:00:00
2026-07-31 15:27:35 | INFO | Created new scorecard: 642b5a07-54c6-4f0e-b801-c066b42eb46b
2026-07-31 15:27:35 | INFO | Found latest version of lp85: lp85-305b61c3 (downloaded: 2026-06-08 07:25:24.478883+00:00)
2026-07-31 15:27:35 | INFO | Successfully loaded game class Lp85 from /home/ianblenke/github.com/ianblenke/carnot/environment_files/lp85/305b61c3/lp85.py
INFO:arc_agi.scorecard:Initialized ScorecardManager with idle_for=0:15:00 and max_open_for=3 days, 0:00:00
2026-07-31 15:27:35 | INFO | Created new scorecard: 7b979e53-08c0-410d-bbe5-bf35eb26b6ef
2026-07-31 15:27:35 | INFO | Found latest version of lp85: lp85-305b61c3 (downloaded: 2026-06-08 07:25:24.478883+00:00)
INFO:arc_agi.scorecard:Initialized ScorecardManager with idle_for=0:15:00 and max_open_for=3 days, 0:00:00
2026-07-31 15:27:35 | INFO | Created new scorecard: 4c40541e-1824-405e-9942-d021dcd2e50b
2026-07-31 15:27:35 | INFO | Found latest version of lp85: lp85-305b61c3 (downloaded: 2026-06-08 07:25:24.478883+00:00)
INFO:arc_agi.scorecard:Initialized ScorecardManager with idle_for=0:15:00 and max_open_for=3 days, 0:00:00
2026-07-31 15:27:35 | INFO | Created new scorecard: f68ffb78-5f31-461b-a67b-a858869e6473
2026-07-31 15:27:35 | INFO | Found latest version of sk48: sk48-d8078629 (downloaded: 2026-06-08 07:25:17.742140+00:00)
2026-07-31 15:27:35 | INFO | Successfully loaded game class Sk48 from /home/ianblenke/github.com/ianblenke/carnot/environment_files/sk48/d8078629/sk48.py
INFO:arc_agi.scorecard:Initialized ScorecardManager with idle_for=0:15:00 and max_open_for=3 days, 0:00:00
2026-07-31 15:27:35 | INFO | Created new scorecard: 386be30f-c5c9-4a7a-995a-59eaf190e004
2026-07-31 15:27:35 | INFO | Found latest version of sk48: sk48-d8078629 (downloaded: 2026-06-08 07:25:17.742140+00:00)
2026-07-31 15:27:35 | INFO | Found latest version of sk48: sk48-d8078629 (downloaded: 2026-06-08 07:25:17.742140+00:00)
2026-07-31 15:27:35 | INFO | Found latest version of sk48: sk48-d8078629 (downloaded: 2026-06-08 07:25:17.742140+00:00)
2026-07-31 15:27:35 | INFO | Found latest version of sk48: sk48-d8078629 (downloaded: 2026-06-08 07:25:17.742140+00:00)
2026-07-31 15:27:35 | INFO | Found latest version of sk48: sk48-d8078629 (downloaded: 2026-06-08 07:25:17.742140+00:00)
2026-07-31 15:27:35 | INFO | Found latest version of sk48: sk48-d8078629 (downloaded: 2026-06-08 07:25:17.742140+00:00)
2026-07-31 15:27:35 | INFO | Found latest version of sk48: sk48-d8078629 (downloaded: 2026-06-08 07:25:17.742140+00:00)
2026-07-31 15:27:35 | INFO | Found latest version of sk48: sk48-d8078629 (downloaded: 2026-06-08 07:25:17.742140+00:00)
2026-07-31 15:27:35 | INFO | Found latest version of sk48: sk48-d8078629 (downloaded: 2026-06-08 07:25:17.742140+00:00)
2026-07-31 15:27:35 | INFO | Found latest version of sk48: sk48-d8078629 (downloaded: 2026-06-08 07:25:17.742140+00:00)
2026-07-31 15:27:35 | INFO | Found latest version of sk48: sk48-d8078629 (downloaded: 2026-06-08 07:25:17.742140+00:00)
2026-07-31 15:27:35 | INFO | Found latest version of sk48: sk48-d8078629 (downloaded: 2026-06-08 07:25:17.742140+00:00)
2026-07-31 15:27:35 | INFO | Found latest version of sk48: sk48-d8078629 (downloaded: 2026-06-08 07:25:17.742140+00:00)
2026-07-31 15:27:35 | INFO | Found latest version of sk48: sk48-d8078629 (downloaded: 2026-06-08 07:25:17.742140+00:00)
2026-07-31 15:27:35 | INFO | Found latest version of sk48: sk48-d8078629 (downloaded: 2026-06-08 07:25:17.742140+00:00)
2026-07-31 15:27:35 | INFO | Found latest version of sk48: sk48-d8078629 (downloaded: 2026-06-08 07:25:17.742140+00:00)
2026-07-31 15:27:35 | INFO | Found latest version of sk48: sk48-d8078629 (downloaded: 2026-06-08 07:25:17.742140+00:00)
2026-07-31 15:27:35 | INFO | Found latest version of sk48: sk48-d8078629 (downloaded: 2026-06-08 07:25:17.742140+00:00)
2026-07-31 15:27:35 | INFO | Found latest version of sk48: sk48-d8078629 (downloaded: 2026-06-08 07:25:17.742140+00:00)
2026-07-31 15:27:35 | INFO | Found latest version of sk48: sk48-d8078629 (downloaded: 2026-06-08 07:25:17.742140+00:00)
2026-07-31 15:27:35 | INFO | Found latest version of sk48: sk48-d8078629 (downloaded: 2026-06-08 07:25:17.742140+00:00)
2026-07-31 15:27:35 | INFO | Found latest version of sk48: sk48-d8078629 (downloaded: 2026-06-08 07:25:17.742140+00:00)
2026-07-31 15:27:35 | INFO | Found latest version of sk48: sk48-d8078629 (downloaded: 2026-06-08 07:25:17.742140+00:00)
2026-07-31 15:27:35 | INFO | Found latest version of sk48: sk48-d8078629 (downloaded: 2026-06-08 07:25:17.742140+00:00)
2026-07-31 15:27:35 | INFO | Found latest version of sk48: sk48-d8078629 (downloaded: 2026-06-08 07:25:17.742140+00:00)
2026-07-31 15:27:35 | INFO | Found latest version of sk48: sk48-d8078629 (downloaded: 2026-06-08 07:25:17.742140+00:00)
2026-07-31 15:27:35 | INFO | Found latest version of sk48: sk48-d8078629 (downloaded: 2026-06-08 07:25:17.742140+00:00)
2026-07-31 15:27:35 | INFO | Found latest version of sk48: sk48-d8078629 (downloaded: 2026-06-08 07:25:17.742140+00:00)
2026-07-31 15:27:35 | INFO | Found latest version of sk48: sk48-d8078629 (downloaded: 2026-06-08 07:25:17.742140+00:00)
INFO:arc_agi.scorecard:Initialized ScorecardManager with idle_for=0:15:00 and max_open_for=3 days, 0:00:00
2026-07-31 15:27:35 | INFO | Created new scorecard: 5f3c582d-3617-4829-bc0d-fb630f55548f
2026-07-31 15:27:35 | INFO | Found latest version of sk48: sk48-d8078629 (downloaded: 2026-06-08 07:25:17.742140+00:00)
INFO:arc_agi.scorecard:Initialized ScorecardManager with idle_for=0:15:00 and max_open_for=3 days, 0:00:00
2026-07-31 15:27:35 | INFO | Created new scorecard: e8a0e67e-be92-49c7-a3ef-a82fb488b566
2026-07-31 15:27:35 | INFO | Found latest version of sk48: sk48-d8078629 (downloaded: 2026-06-08 07:25:17.742140+00:00)
INFO:arc_agi.scorecard:Initialized ScorecardManager with idle_for=0:15:00 and max_open_for=3 days, 0:00:00
2026-07-31 15:27:35 | INFO | Created new scorecard: d6ec38f6-87b4-465d-bdf7-897592b2b2bb
2026-07-31 15:27:35 | INFO | Found latest version of vc33: vc33-5430563c (downloaded: 2026-06-08 07:25:22.654179+00:00)
2026-07-31 15:27:35 | INFO | Successfully loaded game class Vc33 from /home/ianblenke/github.com/ianblenke/carnot/environment_files/vc33/5430563c/vc33.py
INFO:arc_agi.scorecard:Initialized ScorecardManager with idle_for=0:15:00 and max_open_for=3 days, 0:00:00
2026-07-31 15:27:35 | INFO | Created new scorecard: d427c45b-7192-479f-9660-ed8d2109ffcd
2026-07-31 15:27:35 | INFO | Found latest version of vc33: vc33-5430563c (downloaded: 2026-06-08 07:25:22.654179+00:00)
INFO:arc_agi.scorecard:Initialized ScorecardManager with idle_for=0:15:00 and max_open_for=3 days, 0:00:00
2026-07-31 15:27:35 | INFO | Created new scorecard: 2f84a6c5-3f84-444c-b80d-d95ba3d1354d
2026-07-31 15:27:35 | INFO | Found latest version of vc33: vc33-5430563c (downloaded: 2026-06-08 07:25:22.654179+00:00)
INFO:arc_agi.scorecard:Initialized ScorecardManager with idle_for=0:15:00 and max_open_for=3 days, 0:00:00
2026-07-31 15:27:35 | INFO | Created new scorecard: 8568ac6a-e864-481e-a413-bc511e7782e7
2026-07-31 15:27:35 | INFO | Found latest version of ft09: ft09-0d8bbf25 (downloaded: 2026-06-08 07:25:18.591622+00:00)
2026-07-31 15:27:35 | INFO | Successfully loaded game class Ft09 from /home/ianblenke/github.com/ianblenke/carnot/environment_files/ft09/0d8bbf25/ft09.py
INFO:arc_agi.scorecard:Initialized ScorecardManager with idle_for=0:15:00 and max_open_for=3 days, 0:00:00
2026-07-31 15:27:35 | INFO | Created new scorecard: a2662c63-27a7-47a7-94e7-e8b1e86da683
2026-07-31 15:27:35 | INFO | Found latest version of ft09: ft09-0d8bbf25 (downloaded: 2026-06-08 07:25:18.591622+00:00)
INFO:arc_agi.scorecard:Initialized ScorecardManager with idle_for=0:15:00 and max_open_for=3 days, 0:00:00
2026-07-31 15:27:35 | INFO | Created new scorecard: e5d38d13-3a3b-43fb-a7ff-ecc17bfc358e
2026-07-31 15:27:35 | INFO | Found latest version of ft09: ft09-0d8bbf25 (downloaded: 2026-06-08 07:25:18.591622+00:00)
[15:27:35] resume: 0/39 cells cached; 39 pending
[15:27:35]   launch: CUDA_VISIBLE_DEVICES=0 /home/ianblenke/.cache/llama.cpp-master/build/bin/llama-server -m /home/ianblenke/.cache/huggingface/hub/models--unsloth--gemma-4-31B-it-qat-GGUF/snapshots/43cc1aeb31adf47ec06a854507ce552cd9862e6f/gemma-4-31B-it-qat-UD-Q4_K_XL.gguf -ngl 999 -c 32768 --port 8982 --host 127.0.0.1 --cache-type-k q8_0 --cache-type-v q8_0 -fit off
[15:28:10]   healthy in 34.0s; residency=20428 MiB on GPU1; live=True
[15:28:10] RUN qat tu93 trial=0 (residency=20430 MiB, probe=0.23s)
[15:33:11]   -> induce_ok=True heldout=0.0 cell_recall=0.0 reason=True overran=False mem=True 300.72s
[15:33:12] RUN qat tu93 trial=1 (residency=20444 MiB, probe=0.98s)
[15:39:15]   -> induce_ok=True heldout=0.0 cell_recall=0.8679 reason=True overran=False mem=False 363.23s
[15:39:16] RUN qat tu93 trial=2 (residency=20444 MiB, probe=1.05s)
[15:44:48]   -> induce_ok=True heldout=0.0 cell_recall=0.8825 reason=True overran=False mem=True 332.29s
[15:44:49] RUN qat tr87 trial=0 (residency=20444 MiB, probe=1.0s)
[15:52:24]   -> induce_ok=True heldout=0.2727 cell_recall=0.3701 reason=True overran=False mem=True 455.13s
[15:52:26] RUN qat tr87 trial=1 (residency=20446 MiB, probe=1.13s)
[15:59:15]   -> induce_ok=True heldout=0.0909 cell_recall=0.3542 reason=True overran=False mem=True 409.09s
[15:59:16] RUN qat tr87 trial=2 (residency=20446 MiB, probe=1.08s)
INFO:arc_agi.scorecard:Initialized ScorecardManager with idle_for=0:15:00 and max_open_for=3 days, 0:00:00
2026-07-31 16:06:30 | INFO | Created new scorecard: f3990184-4be9-4968-823c-1e999083b27a
2026-07-31 16:06:30 | INFO | Found latest version of tr87: tr87-cd924810 (downloaded: 2026-06-08 07:25:23.848054+00:00)
[16:06:30]   -> induce_ok=True heldout=0.0 cell_recall=0.6252 reason=True overran=False mem=True 434.61s
[16:06:32] RUN qat sp80 trial=0 (residency=20446 MiB, probe=1.14s)
INFO:arc_agi.scorecard:Initialized ScorecardManager with idle_for=0:15:00 and max_open_for=3 days, 0:00:00
2026-07-31 16:11:19 | INFO | Created new scorecard: ebccb843-6c11-42df-b6df-7ee7ddfb3d2c
2026-07-31 16:11:19 | INFO | Found latest version of sp80: sp80-589a99af (downloaded: 2026-06-08 07:25:24.172393+00:00)
[16:11:19]   -> induce_ok=True heldout=1.0 cell_recall=1.0 reason=True overran=False mem=True 287.43s
[16:11:20] RUN qat sp80 trial=1 (residency=20446 MiB, probe=0.94s)
INFO:arc_agi.scorecard:Initialized ScorecardManager with idle_for=0:15:00 and max_open_for=3 days, 0:00:00
2026-07-31 16:16:35 | INFO | Created new scorecard: 3e9a87b5-4e99-420b-acc0-5990a0a9c99b
2026-07-31 16:16:35 | INFO | Found latest version of sp80: sp80-589a99af (downloaded: 2026-06-08 07:25:24.172393+00:00)
[16:16:35]   -> induce_ok=True heldout=1.0 cell_recall=1.0 reason=True overran=False mem=True 315.26s
[16:16:36] RUN qat sp80 trial=2 (residency=20446 MiB, probe=0.96s)
INFO:arc_agi.scorecard:Initialized ScorecardManager with idle_for=0:15:00 and max_open_for=3 days, 0:00:00
2026-07-31 16:22:23 | INFO | Created new scorecard: 2c44c743-a084-4cbf-b098-e9d8ce67ccaf
2026-07-31 16:22:23 | INFO | Found latest version of sp80: sp80-589a99af (downloaded: 2026-06-08 07:25:24.172393+00:00)
[16:22:23]   -> induce_ok=True heldout=1.0 cell_recall=1.0 reason=True overran=False mem=True 346.53s
[16:22:24] RUN qat sb26 trial=0 (residency=20446 MiB, probe=0.97s)
[16:27:39]   -> induce_ok=True heldout=0.375 cell_recall=0.7807 reason=True overran=False mem=True 315.36s
[16:27:40] RUN qat sb26 trial=1 (residency=20446 MiB, probe=0.95s)
[16:33:18]   -> induce_ok=True heldout=0.5 cell_recall=0.8113 reason=True overran=False mem=True 338.2s
[16:33:19] RUN qat sb26 trial=2 (residency=20446 MiB, probe=0.97s)
[16:38:02]   -> induce_ok=True heldout=1.0 cell_recall=1.0 reason=True overran=False mem=True 282.94s
[16:38:03] RUN qat re86 trial=0 (residency=20446 MiB, probe=0.94s)
[16:43:42]   -> induce_ok=True heldout=0.0 cell_recall=0.8893 reason=True overran=False mem=True 338.15s
[16:43:43] RUN qat re86 trial=1 (residency=20446 MiB, probe=1.08s)
INFO:arc_agi.scorecard:Initialized ScorecardManager with idle_for=0:15:00 and max_open_for=3 days, 0:00:00
2026-07-31 16:49:38 | INFO | Created new scorecard: f0e4491e-cd82-4190-a64d-45e9c5caa4c0
2026-07-31 16:49:38 | INFO | Found latest version of re86: re86-8af5384d (downloaded: 2026-06-08 07:25:20.929610+00:00)
[16:49:38]   -> induce_ok=True heldout=0.0 cell_recall=0.778 reason=True overran=False mem=True 355.77s
[16:49:40] RUN qat re86 trial=2 (residency=20446 MiB, probe=1.04s)
INFO:arc_agi.scorecard:Initialized ScorecardManager with idle_for=0:15:00 and max_open_for=3 days, 0:00:00
2026-07-31 16:56:03 | INFO | Created new scorecard: 7322304d-aad4-47c1-85a6-0fcacc509b25
2026-07-31 16:56:03 | INFO | Found latest version of re86: re86-8af5384d (downloaded: 2026-06-08 07:25:20.929610+00:00)
[16:56:03]   -> induce_ok=True heldout=0.0 cell_recall=0.9042 reason=True overran=False mem=True 383.55s
[16:56:04] RUN qat g50t trial=0 (residency=20446 MiB, probe=1.04s)
[17:01:12]   -> induce_ok=True heldout=0.0 cell_recall=0.4832 reason=True overran=False mem=True 308.23s
[17:01:14] RUN qat g50t trial=1 (residency=20446 MiB, probe=1.05s)
[17:07:21]   -> induce_ok=True heldout=0.0 cell_recall=0.0031 reason=True overran=False mem=True 367.4s
[17:07:22] RUN qat g50t trial=2 (residency=20446 MiB, probe=1.04s)
INFO:arc_agi.scorecard:Initialized ScorecardManager with idle_for=0:15:00 and max_open_for=3 days, 0:00:00
2026-07-31 17:12:56 | INFO | Created new scorecard: 3d99f054-479b-4391-875d-52f1e9ab96c8
2026-07-31 17:12:56 | INFO | Found latest version of g50t: g50t-5849a774 (downloaded: 2026-06-08 07:25:26.663660+00:00)
[17:12:56]   -> induce_ok=True heldout=0.0 cell_recall=0.2239 reason=True overran=False mem=False 333.95s
[17:12:57] RUN qat r11l trial=0 (residency=20446 MiB, probe=1.01s)
INFO:arc_agi.scorecard:Initialized ScorecardManager with idle_for=0:15:00 and max_open_for=3 days, 0:00:00
2026-07-31 17:21:35 | INFO | Created new scorecard: b8aee5d1-39aa-4d19-9963-fabbb23ef2f6
2026-07-31 17:21:35 | INFO | Found latest version of r11l: r11l-495a7899 (downloaded: 2026-06-08 07:25:26.282968+00:00)
[17:21:35]   -> induce_ok=True heldout=1.0 cell_recall=1.0 reason=True overran=False mem=True 518.19s
[17:21:36] RUN qat r11l trial=1 (residency=20446 MiB, probe=1.2s)
INFO:arc_agi.scorecard:Initialized ScorecardManager with idle_for=0:15:00 and max_open_for=3 days, 0:00:00
2026-07-31 17:28:44 | INFO | Created new scorecard: c67e3bad-a1c8-4a9b-90e5-894508747d72
2026-07-31 17:28:44 | INFO | Found latest version of r11l: r11l-495a7899 (downloaded: 2026-06-08 07:25:26.282968+00:00)
[17:28:44]   -> induce_ok=True heldout=0.0 cell_recall=0.8852 reason=True overran=False mem=True 427.99s
[17:28:46] RUN qat r11l trial=2 (residency=20446 MiB, probe=1.1s)
[17:34:08]   -> induce_ok=True heldout=0.0 cell_recall=0.0 reason=True overran=False mem=False 322.59s
[17:34:09] RUN qat cd82 trial=0 (residency=20446 MiB, probe=1.04s)
INFO:arc_agi.scorecard:Initialized ScorecardManager with idle_for=0:15:00 and max_open_for=3 days, 0:00:00
2026-07-31 17:40:30 | INFO | Created new scorecard: 1c81ca9e-ca1c-44ad-9ff7-7a2f2574c8d9
2026-07-31 17:40:30 | INFO | Found latest version of cd82: cd82-fb555c5d (downloaded: 2026-06-08 07:25:18.243395+00:00)
[17:40:30]   -> induce_ok=True heldout=0.0 cell_recall=0.0 reason=True overran=False mem=True 381.07s
[17:40:31] RUN qat cd82 trial=1 (residency=20446 MiB, probe=1.06s)
INFO:arc_agi.scorecard:Initialized ScorecardManager with idle_for=0:15:00 and max_open_for=3 days, 0:00:00
2026-07-31 17:46:33 | INFO | Created new scorecard: dc1e0f3f-f44a-4c4c-a503-5d0ea3f43ca7
2026-07-31 17:46:33 | INFO | Found latest version of cd82: cd82-fb555c5d (downloaded: 2026-06-08 07:25:18.243395+00:00)
[17:46:33]   -> induce_ok=True heldout=0.0 cell_recall=0.0 reason=True overran=False mem=False 361.24s
[17:46:34] RUN qat cd82 trial=2 (residency=20446 MiB, probe=1.01s)
[17:52:51]   -> induce_ok=True heldout=0.0 cell_recall=0.0 reason=True overran=False mem=True 377.52s
[17:52:52] RUN qat ar25 trial=0 (residency=20446 MiB, probe=1.02s)
INFO:arc_agi.scorecard:Initialized ScorecardManager with idle_for=0:15:00 and max_open_for=3 days, 0:00:00
2026-07-31 18:01:01 | INFO | Created new scorecard: 93f0147d-fd73-4d7b-83e4-daceb89a45ae
2026-07-31 18:01:01 | INFO | Found latest version of ar25: ar25-0c556536 (downloaded: 2026-06-08 07:25:25.608502+00:00)
[18:01:01]   -> induce_ok=True heldout=0.0 cell_recall=0.9449 reason=True overran=False mem=True 488.24s
[18:01:02] RUN qat ar25 trial=1 (residency=20446 MiB, probe=1.17s)
[18:07:43]   -> induce_ok=True heldout=0.0 cell_recall=1.0 reason=True overran=False mem=False 401.43s
[18:07:44] RUN qat ar25 trial=2 (residency=20446 MiB, probe=1.11s)
INFO:arc_agi.scorecard:Initialized ScorecardManager with idle_for=0:15:00 and max_open_for=3 days, 0:00:00
2026-07-31 18:14:53 | INFO | Created new scorecard: 925c1b63-0b5d-4b9b-b875-0e86f7e5fff0
2026-07-31 18:14:53 | INFO | Found latest version of ar25: ar25-0c556536 (downloaded: 2026-06-08 07:25:25.608502+00:00)
[18:14:53]   -> induce_ok=True heldout=0.0 cell_recall=0.9774 reason=True overran=False mem=True 428.33s
[18:14:54] RUN qat lp85 trial=0 (residency=20446 MiB, probe=1.07s)
[18:21:09]   -> induce_ok=True heldout=0.75 cell_recall=1.0 reason=True overran=False mem=True 374.74s
[18:21:10] RUN qat lp85 trial=1 (residency=20446 MiB, probe=1.22s)
[18:27:56]   -> induce_ok=True heldout=0.0 cell_recall=0.4539 reason=True overran=False mem=True 406.03s
[18:27:57] RUN qat lp85 trial=2 (residency=20446 MiB, probe=1.15s)
[18:37:18]   -> induce_ok=False heldout=None cell_recall=None reason=True overran=True mem=False 560.4s
[18:37:19] RUN qat sk48 trial=0 (residency=20446 MiB, probe=1.25s)
[18:43:48]   -> induce_ok=True heldout=0.1818 cell_recall=0.2595 reason=True overran=False mem=True 389.27s
[18:43:49] RUN qat sk48 trial=1 (residency=20446 MiB, probe=1.07s)
[18:48:23]   -> induce_ok=True heldout=0.0 cell_recall=0.1085 reason=True overran=False mem=True 273.39s
[18:48:24] RUN qat sk48 trial=2 (residency=20446 MiB, probe=0.93s)
[18:55:49]   -> induce_ok=True heldout=0.5455 cell_recall=0.5455 reason=True overran=False mem=True 445.13s
[18:55:50] RUN qat vc33 trial=0 (residency=20446 MiB, probe=1.05s)
INFO:arc_agi.scorecard:Initialized ScorecardManager with idle_for=0:15:00 and max_open_for=3 days, 0:00:00
2026-07-31 19:02:25 | INFO | Created new scorecard: e307287b-1c03-42f4-95cf-0cc27a7926de
2026-07-31 19:02:25 | INFO | Found latest version of vc33: vc33-5430563c (downloaded: 2026-06-08 07:25:22.654179+00:00)
[19:02:25]   -> induce_ok=True heldout=0.0 cell_recall=0.8927 reason=True overran=False mem=False 394.89s
[19:02:26] RUN qat vc33 trial=1 (residency=20446 MiB, probe=1.08s)
INFO:arc_agi.scorecard:Initialized ScorecardManager with idle_for=0:15:00 and max_open_for=3 days, 0:00:00
2026-07-31 19:07:08 | INFO | Created new scorecard: 63d86b48-cb6c-409e-9c02-c44f85a5865e
2026-07-31 19:07:08 | INFO | Found latest version of vc33: vc33-5430563c (downloaded: 2026-06-08 07:25:22.654179+00:00)
[19:07:08]   -> induce_ok=True heldout=0.0 cell_recall=0.9397 reason=True overran=False mem=True 281.97s
[19:07:09] RUN qat vc33 trial=2 (residency=20446 MiB, probe=0.99s)
[19:13:52]   -> induce_ok=True heldout=0.0 cell_recall=0.904 reason=True overran=False mem=True 402.92s
[19:13:53] RUN qat ft09 trial=0 (residency=20446 MiB, probe=1.07s)
[19:19:25]   -> induce_ok=True heldout=0.0 cell_recall=0.9474 reason=True overran=False mem=True 331.68s
[19:19:26] RUN qat ft09 trial=1 (residency=20446 MiB, probe=1.11s)
INFO:arc_agi.scorecard:Initialized ScorecardManager with idle_for=0:15:00 and max_open_for=3 days, 0:00:00
2026-07-31 19:23:59 | INFO | Created new scorecard: c6b477a4-47af-4dac-b077-54c1df188481
2026-07-31 19:23:59 | INFO | Found latest version of ft09: ft09-0d8bbf25 (downloaded: 2026-06-08 07:25:18.591622+00:00)
[19:23:59]   -> induce_ok=True heldout=1.0 cell_recall=1.0 reason=True overran=False mem=True 273.68s
[19:24:01] RUN qat ft09 trial=2 (residency=20446 MiB, probe=1.02s)
[19:31:52]   -> induce_ok=True heldout=0.0 cell_recall=0.9474 reason=True overran=False mem=False 471.71s
[19:31:53] ARM DONE status=complete completed=39/39 wedge=None
